# Cadless export: model
v 42.75 -1.04707e-14 55
v 42.75 0 61
v 42.75 0 61
v 42.6969 2.13091 61
v 42.5376 4.25653 61
v 42.2725 6.37156 61
v 41.9024 8.47075 61
v 41.4281 10.5489 61
v 40.8507 12.6008 61
v 40.1719 14.6214 61
v 39.3931 16.6056 61
v 38.5164 18.5485 61
v 37.544 20.4454 61
v 36.4782 22.2914 61
v 35.3217 24.0819 61
v 34.0774 25.8126 61
v 32.7484 27.4792 61
v 31.338 29.0774 61
v 29.8496 30.6033 61
v 28.2871 32.0531 61
v 26.6542 33.4233 61
v 24.955 34.7103 61
v 23.1939 35.9111 61
v 21.375 37.0226 61
v 19.503 38.042 61
v 17.5825 38.9669 61
v 15.6183 39.7949 61
v 13.6153 40.5239 61
v 11.5784 41.1522 61
v 9.51277 41.6782 61
v 7.42346 42.1005 61
v 5.31569 42.4182 61
v 3.19471 42.6305 61
v 1.06579 42.7367 61
v -1.06579 42.7367 61
v -3.19471 42.6305 61
v -5.31569 42.4182 61
v -7.42346 42.1005 61
v -9.51277 41.6782 61
v -11.5784 41.1522 61
v -13.6153 40.5239 61
v -15.6183 39.7949 61
v -17.5825 38.9669 61
v -19.503 38.042 61
v -21.375 37.0226 61
v -23.1939 35.9111 61
v -24.955 34.7103 61
v -26.6542 33.4233 61
v -28.2871 32.0531 61
v -29.8496 30.6033 61
v -31.338 29.0774 61
v -32.7484 27.4792 61
v -34.0774 25.8126 61
v -35.3217 24.0819 61
v -36.4782 22.2914 61
v -37.544 20.4454 61
v -38.5164 18.5485 61
v -39.3931 16.6056 61
v -40.1719 14.6214 61
v -40.8507 12.6008 61
v -41.4281 10.5489 61
v -41.9024 8.47075 61
v -42.2725 6.37156 61
v -42.5376 4.25653 61
v -42.6969 2.13091 61
v -42.75 -1.46643e-13 61
v -42.6969 -2.13091 61
v -42.5376 -4.25653 61
v -42.2725 -6.37156 61
v -41.9024 -8.47075 61
v -41.4281 -10.5489 61
v -40.8507 -12.6008 61
v -40.1719 -14.6214 61
v -39.3931 -16.6056 61
v -38.5164 -18.5485 61
v -37.544 -20.4454 61
v -36.4782 -22.2914 61
v -35.3217 -24.0819 61
v -34.0774 -25.8126 61
v -32.7484 -27.4792 61
v -31.338 -29.0774 61
v -29.8496 -30.6033 61
v -28.2871 -32.0531 61
v -26.6542 -33.4233 61
v -24.955 -34.7103 61
v -23.1939 -35.9111 61
v -21.375 -37.0226 61
v -19.503 -38.042 61
v -17.5825 -38.9669 61
v -15.6183 -39.7949 61
v -13.6153 -40.5239 61
v -11.5784 -41.1522 61
v -9.51277 -41.6782 61
v -7.42346 -42.1005 61
v -5.31569 -42.4182 61
v -3.19471 -42.6305 61
v -1.06579 -42.7367 61
v 1.06579 -42.7367 61
v 3.19471 -42.6305 61
v 5.31569 -42.4182 61
v 7.42346 -42.1005 61
v 9.51277 -41.6782 61
v 11.5784 -41.1522 61
v 13.6153 -40.5239 61
v 15.6183 -39.7949 61
v 17.5825 -38.9669 61
v 19.503 -38.042 61
v 21.375 -37.0226 61
v 23.1939 -35.9111 61
v 24.955 -34.7103 61
v 26.6542 -33.4233 61
v 28.2871 -32.0531 61
v 29.8496 -30.6033 61
v 31.338 -29.0774 61
v 32.7484 -27.4792 61
v 34.0774 -25.8126 61
v 35.3217 -24.0819 61
v 36.4782 -22.2914 61
v 37.544 -20.4454 61
v 38.5164 -18.5485 61
v 39.3931 -16.6056 61
v 40.1719 -14.6214 61
v 40.8507 -12.6008 61
v 41.4281 -10.5489 61
v 41.9024 -8.47075 61
v 42.2725 -6.37156 61
v 42.5376 -4.25653 61
v 42.6969 -2.13091 61
v 42.75 -1.04707e-14 55
v 42.6969 2.13091 55
v 42.5376 4.25653 55
v 42.2725 6.37156 55
v 41.9024 8.47075 55
v 41.4281 10.5489 55
v 40.8507 12.6008 55
v 40.1719 14.6214 55
v 39.3931 16.6056 55
v 38.5164 18.5485 55
v 37.544 20.4454 55
v 36.4782 22.2914 55
v 35.3217 24.0819 55
v 34.0774 25.8126 55
v 32.7484 27.4792 55
v 31.338 29.0774 55
v 29.8496 30.6033 55
v 28.2871 32.0531 55
v 26.6542 33.4233 55
v 24.955 34.7103 55
v 23.1939 35.9111 55
v 21.375 37.0226 55
v 19.503 38.042 55
v 17.5825 38.9669 55
v 15.6183 39.7949 55
v 13.6153 40.5239 55
v 11.5784 41.1522 55
v 9.51277 41.6782 55
v 7.42346 42.1005 55
v 5.31569 42.4182 55
v 3.19471 42.6305 55
v 1.06579 42.7367 55
v -1.06579 42.7367 55
v -3.19471 42.6305 55
v -5.31569 42.4182 55
v -7.42346 42.1005 55
v -9.51277 41.6782 55
v -11.5784 41.1522 55
v -13.6153 40.5239 55
v -15.6183 39.7949 55
v -17.5825 38.9669 55
v -19.503 38.042 55
v -21.375 37.0226 55
v -23.1939 35.9111 55
v -24.955 34.7103 55
v -26.6542 33.4233 55
v -28.2871 32.0531 55
v -29.8496 30.6033 55
v -31.338 29.0774 55
v -32.7484 27.4792 55
v -34.0774 25.8126 55
v -35.3217 24.0819 55
v -36.4782 22.2914 55
v -37.544 20.4454 55
v -38.5164 18.5485 55
v -39.3931 16.6056 55
v -40.1719 14.6214 55
v -40.8507 12.6008 55
v -41.4281 10.5489 55
v -41.9024 8.47075 55
v -42.2725 6.37156 55
v -42.5376 4.25653 55
v -42.6969 2.13091 55
v -42.75 -1.46643e-13 55
v -42.6969 -2.13091 55
v -42.5376 -4.25653 55
v -42.2725 -6.37156 55
v -41.9024 -8.47075 55
v -41.4281 -10.5489 55
v -40.8507 -12.6008 55
v -40.1719 -14.6214 55
v -39.3931 -16.6056 55
v -38.5164 -18.5485 55
v -37.544 -20.4454 55
v -36.4782 -22.2914 55
v -35.3217 -24.0819 55
v -34.0774 -25.8126 55
v -32.7484 -27.4792 55
v -31.338 -29.0774 55
v -29.8496 -30.6033 55
v -28.2871 -32.0531 55
v -26.6542 -33.4233 55
v -24.955 -34.7103 55
v -23.1939 -35.9111 55
v -21.375 -37.0226 55
v -19.503 -38.042 55
v -17.5825 -38.9669 55
v -15.6183 -39.7949 55
v -13.6153 -40.5239 55
v -11.5784 -41.1522 55
v -9.51277 -41.6782 55
v -7.42346 -42.1005 55
v -5.31569 -42.4182 55
v -3.19471 -42.6305 55
v -1.06579 -42.7367 55
v 1.06579 -42.7367 55
v 3.19471 -42.6305 55
v 5.31569 -42.4182 55
v 7.42346 -42.1005 55
v 9.51277 -41.6782 55
v 11.5784 -41.1522 55
v 13.6153 -40.5239 55
v 15.6183 -39.7949 55
v 17.5825 -38.9669 55
v 19.503 -38.042 55
v 21.375 -37.0226 55
v 23.1939 -35.9111 55
v 24.955 -34.7103 55
v 26.6542 -33.4233 55
v 28.2871 -32.0531 55
v 29.8496 -30.6033 55
v 31.338 -29.0774 55
v 32.7484 -27.4792 55
v 34.0774 -25.8126 55
v 35.3217 -24.0819 55
v 36.4782 -22.2914 55
v 37.544 -20.4454 55
v 38.5164 -18.5485 55
v 39.3931 -16.6056 55
v 40.1719 -14.6214 55
v 40.8507 -12.6008 55
v 41.4281 -10.5489 55
v 41.9024 -8.47075 55
v 42.2725 -6.37156 55
v 42.5376 -4.25653 55
v 42.6969 -2.13091 55
v 42.75 0 61
v 41.75 0 62
v 42.6969 2.13091 61
v 42.5376 4.25653 61
v 42.2725 6.37156 61
v 41.9024 8.47075 61
v 41.4281 10.5489 61
v 40.8507 12.6008 61
v 40.1719 14.6214 61
v 39.3931 16.6056 61
v 38.5164 18.5485 61
v 37.544 20.4454 61
v 36.4782 22.2914 61
v 35.3217 24.0819 61
v 34.0774 25.8126 61
v 32.7484 27.4792 61
v 31.338 29.0774 61
v 29.8496 30.6033 61
v 28.2871 32.0531 61
v 26.6542 33.4233 61
v 24.955 34.7103 61
v 23.1939 35.9111 61
v 21.375 37.0226 61
v 19.503 38.042 61
v 17.5825 38.9669 61
v 15.6183 39.7949 61
v 13.6153 40.5239 61
v 11.5784 41.1522 61
v 9.51277 41.6782 61
v 7.42346 42.1005 61
v 5.31569 42.4182 61
v 3.19471 42.6305 61
v 1.06579 42.7367 61
v -1.06579 42.7367 61
v -3.19471 42.6305 61
v -5.31569 42.4182 61
v -7.42346 42.1005 61
v -9.51277 41.6782 61
v -11.5784 41.1522 61
v -13.6153 40.5239 61
v -15.6183 39.7949 61
v -17.5825 38.9669 61
v -19.503 38.042 61
v -21.375 37.0226 61
v -23.1939 35.9111 61
v -24.955 34.7103 61
v -26.6542 33.4233 61
v -28.2871 32.0531 61
v -29.8496 30.6033 61
v -31.338 29.0774 61
v -32.7484 27.4792 61
v -34.0774 25.8126 61
v -35.3217 24.0819 61
v -36.4782 22.2914 61
v -37.544 20.4454 61
v -38.5164 18.5485 61
v -39.3931 16.6056 61
v -40.1719 14.6214 61
v -40.8507 12.6008 61
v -41.4281 10.5489 61
v -41.9024 8.47075 61
v -42.2725 6.37156 61
v -42.5376 4.25653 61
v -42.6969 2.13091 61
v -42.75 -1.46643e-13 61
v -42.6969 -2.13091 61
v -42.5376 -4.25653 61
v -42.2725 -6.37156 61
v -41.9024 -8.47075 61
v -41.4281 -10.5489 61
v -40.8507 -12.6008 61
v -40.1719 -14.6214 61
v -39.3931 -16.6056 61
v -38.5164 -18.5485 61
v -37.544 -20.4454 61
v -36.4782 -22.2914 61
v -35.3217 -24.0819 61
v -34.0774 -25.8126 61
v -32.7484 -27.4792 61
v -31.338 -29.0774 61
v -29.8496 -30.6033 61
v -28.2871 -32.0531 61
v -26.6542 -33.4233 61
v -24.955 -34.7103 61
v -23.1939 -35.9111 61
v -21.375 -37.0226 61
v -19.503 -38.042 61
v -17.5825 -38.9669 61
v -15.6183 -39.7949 61
v -13.6153 -40.5239 61
v -11.5784 -41.1522 61
v -9.51277 -41.6782 61
v -7.42346 -42.1005 61
v -5.31569 -42.4182 61
v -3.19471 -42.6305 61
v -1.06579 -42.7367 61
v 1.06579 -42.7367 61
v 3.19471 -42.6305 61
v 5.31569 -42.4182 61
v 7.42346 -42.1005 61
v 9.51277 -41.6782 61
v 11.5784 -41.1522 61
v 13.6153 -40.5239 61
v 15.6183 -39.7949 61
v 17.5825 -38.9669 61
v 19.503 -38.042 61
v 21.375 -37.0226 61
v 23.1939 -35.9111 61
v 24.955 -34.7103 61
v 26.6542 -33.4233 61
v 28.2871 -32.0531 61
v 29.8496 -30.6033 61
v 31.338 -29.0774 61
v 32.7484 -27.4792 61
v 34.0774 -25.8126 61
v 35.3217 -24.0819 61
v 36.4782 -22.2914 61
v 37.544 -20.4454 61
v 38.5164 -18.5485 61
v 39.3931 -16.6056 61
v 40.1719 -14.6214 61
v 40.8507 -12.6008 61
v 41.4281 -10.5489 61
v 41.9024 -8.47075 61
v 42.2725 -6.37156 61
v 42.5376 -4.25653 61
v 42.6969 -2.13091 61
v 42.75 0 61
v 41.75 0 62
v 41.6981 2.08107 62
v 41.5425 4.15696 62
v 41.2837 6.22251 62
v 40.9222 8.2726 62
v 40.459 10.3021 62
v 39.8952 12.306 62
v 39.2322 14.2793 62
v 38.4716 16.2172 62
v 37.6155 18.1146 62
v 36.6658 19.9671 62
v 35.6249 21.7699 62
v 34.4955 23.5186 62
v 33.2803 25.2088 62
v 31.9824 26.8364 62
v 30.6049 28.3972 62
v 29.1514 29.8874 62
v 27.6254 31.3034 62
v 26.0307 32.6415 62
v 24.3713 33.8984 62
v 22.6513 35.0711 62
v 20.875 36.1566 62
v 19.0468 37.1521 62
v 17.1712 38.0554 62
v 15.253 38.864 62
v 13.2968 39.576 62
v 11.3076 40.1896 62
v 9.29025 40.7032 62
v 7.24981 41.1157 62
v 5.19135 41.426 62
v 3.11998 41.6333 62
v 1.04086 41.737 62
v -1.04086 41.737 62
v -3.11998 41.6333 62
v -5.19135 41.426 62
v -7.24981 41.1157 62
v -9.29025 40.7032 62
v -11.3076 40.1896 62
v -13.2968 39.576 62
v -15.253 38.864 62
v -17.1712 38.0554 62
v -19.0468 37.1521 62
v -20.875 36.1566 62
v -22.6513 35.0711 62
v -24.3713 33.8984 62
v -26.0307 32.6415 62
v -27.6254 31.3034 62
v -29.1514 29.8874 62
v -30.6049 28.3972 62
v -31.9824 26.8364 62
v -33.2803 25.2088 62
v -34.4955 23.5186 62
v -35.6249 21.7699 62
v -36.6658 19.9671 62
v -37.6155 18.1146 62
v -38.4716 16.2172 62
v -39.2322 14.2793 62
v -39.8952 12.306 62
v -40.459 10.3021 62
v -40.9222 8.2726 62
v -41.2837 6.22251 62
v -41.5425 4.15696 62
v -41.6981 2.08107 62
v -41.75 -1.43213e-13 62
v -41.6981 -2.08107 62
v -41.5425 -4.15696 62
v -41.2837 -6.22251 62
v -40.9222 -8.2726 62
v -40.459 -10.3021 62
v -39.8952 -12.306 62
v -39.2322 -14.2793 62
v -38.4716 -16.2172 62
v -37.6155 -18.1146 62
v -36.6658 -19.9671 62
v -35.6249 -21.7699 62
v -34.4955 -23.5186 62
v -33.2803 -25.2088 62
v -31.9824 -26.8364 62
v -30.6049 -28.3972 62
v -29.1514 -29.8874 62
v -27.6254 -31.3034 62
v -26.0307 -32.6415 62
v -24.3713 -33.8984 62
v -22.6513 -35.0711 62
v -20.875 -36.1566 62
v -19.0468 -37.1521 62
v -17.1712 -38.0554 62
v -15.253 -38.864 62
v -13.2968 -39.576 62
v -11.3076 -40.1896 62
v -9.29025 -40.7032 62
v -7.24981 -41.1157 62
v -5.19135 -41.426 62
v -3.11998 -41.6333 62
v -1.04086 -41.737 62
v 1.04086 -41.737 62
v 3.11998 -41.6333 62
v 5.19135 -41.426 62
v 7.24981 -41.1157 62
v 9.29025 -40.7032 62
v 11.3076 -40.1896 62
v 13.2968 -39.576 62
v 15.253 -38.864 62
v 17.1712 -38.0554 62
v 19.0468 -37.1521 62
v 20.875 -36.1566 62
v 22.6513 -35.0711 62
v 24.3713 -33.8984 62
v 26.0307 -32.6415 62
v 27.6254 -31.3034 62
v 29.1514 -29.8874 62
v 30.6049 -28.3972 62
v 31.9824 -26.8364 62
v 33.2803 -25.2088 62
v 34.4955 -23.5186 62
v 35.6249 -21.7699 62
v 36.6658 -19.9671 62
v 37.6155 -18.1146 62
v 38.4716 -16.2172 62
v 39.2322 -14.2793 62
v 39.8952 -12.306 62
v 40.459 -10.3021 62
v 40.9222 -8.2726 62
v 41.2837 -6.22251 62
v 41.5425 -4.15696 62
v 41.6981 -2.08107 62
v 42.75 -1.04707e-14 55
v 42.6969 2.13091 55
v 42.5376 4.25653 55
v 42.2725 6.37156 55
v 41.9024 8.47075 55
v 41.4281 10.5489 55
v 40.8507 12.6008 55
v 40.1719 14.6214 55
v 39.3931 16.6056 55
v 38.5164 18.5485 55
v 37.544 20.4454 55
v 36.4782 22.2914 55
v 35.3217 24.0819 55
v 34.0774 25.8126 55
v 32.7484 27.4792 55
v 31.338 29.0774 55
v 29.8496 30.6033 55
v 28.2871 32.0531 55
v 26.6542 33.4233 55
v 24.955 34.7103 55
v 23.1939 35.9111 55
v 21.375 37.0226 55
v 19.503 38.042 55
v 17.5825 38.9669 55
v 15.6183 39.7949 55
v 13.6153 40.5239 55
v 11.5784 41.1522 55
v 9.51277 41.6782 55
v 7.42346 42.1005 55
v 5.31569 42.4182 55
v 3.19471 42.6305 55
v 1.06579 42.7367 55
v -1.06579 42.7367 55
v -3.19471 42.6305 55
v -5.31569 42.4182 55
v -7.42346 42.1005 55
v -9.51277 41.6782 55
v -11.5784 41.1522 55
v -13.6153 40.5239 55
v -15.6183 39.7949 55
v -17.5825 38.9669 55
v -19.503 38.042 55
v -21.375 37.0226 55
v -23.1939 35.9111 55
v -24.955 34.7103 55
v -26.6542 33.4233 55
v -28.2871 32.0531 55
v -29.8496 30.6033 55
v -31.338 29.0774 55
v -32.7484 27.4792 55
v -34.0774 25.8126 55
v -35.3217 24.0819 55
v -36.4782 22.2914 55
v -37.544 20.4454 55
v -38.5164 18.5485 55
v -39.3931 16.6056 55
v -40.1719 14.6214 55
v -40.8507 12.6008 55
v -41.4281 10.5489 55
v -41.9024 8.47075 55
v -42.2725 6.37156 55
v -42.5376 4.25653 55
v -42.6969 2.13091 55
v -42.75 -1.46643e-13 55
v -42.6969 -2.13091 55
v -42.5376 -4.25653 55
v -42.2725 -6.37156 55
v -41.9024 -8.47075 55
v -41.4281 -10.5489 55
v -40.8507 -12.6008 55
v -40.1719 -14.6214 55
v -39.3931 -16.6056 55
v -38.5164 -18.5485 55
v -37.544 -20.4454 55
v -36.4782 -22.2914 55
v -35.3217 -24.0819 55
v -34.0774 -25.8126 55
v -32.7484 -27.4792 55
v -31.338 -29.0774 55
v -29.8496 -30.6033 55
v -28.2871 -32.0531 55
v -26.6542 -33.4233 55
v -24.955 -34.7103 55
v -23.1939 -35.9111 55
v -21.375 -37.0226 55
v -19.503 -38.042 55
v -17.5825 -38.9669 55
v -15.6183 -39.7949 55
v -13.6153 -40.5239 55
v -11.5784 -41.1522 55
v -9.51277 -41.6782 55
v -7.42346 -42.1005 55
v -5.31569 -42.4182 55
v -3.19471 -42.6305 55
v -1.06579 -42.7367 55
v 1.06579 -42.7367 55
v 3.19471 -42.6305 55
v 5.31569 -42.4182 55
v 7.42346 -42.1005 55
v 9.51277 -41.6782 55
v 11.5784 -41.1522 55
v 13.6153 -40.5239 55
v 15.6183 -39.7949 55
v 17.5825 -38.9669 55
v 19.503 -38.042 55
v 21.375 -37.0226 55
v 23.1939 -35.9111 55
v 24.955 -34.7103 55
v 26.6542 -33.4233 55
v 28.2871 -32.0531 55
v 29.8496 -30.6033 55
v 31.338 -29.0774 55
v 32.7484 -27.4792 55
v 34.0774 -25.8126 55
v 35.3217 -24.0819 55
v 36.4782 -22.2914 55
v 37.544 -20.4454 55
v 38.5164 -18.5485 55
v 39.3931 -16.6056 55
v 40.1719 -14.6214 55
v 40.8507 -12.6008 55
v 41.4281 -10.5489 55
v 41.9024 -8.47075 55
v 42.2725 -6.37156 55
v 42.5376 -4.25653 55
v 42.6969 -2.13091 55
v 38.25 -9.36855e-15 55
v 38.2025 1.90661 55
v 38.0599 3.80847 55
v 37.8228 5.70087 55
v 37.4916 7.57909 55
v 37.0672 9.43847 55
v 36.5507 11.2744 55
v 35.9432 13.0823 55
v 35.2465 14.8576 55
v 34.4621 16.5961 55
v 33.592 18.2932 55
v 32.6384 19.9449 55
v 31.6036 21.547 55
v 30.4903 23.0955 55
v 29.3012 24.5866 55
v 28.0392 26.0166 55
v 26.7076 27.3819 55
v 25.3095 28.6791 55
v 23.8485 29.9051 55
v 22.3282 31.0566 55
v 20.7524 32.131 55
v 19.125 33.1255 55
v 17.4501 34.0376 55
v 15.7317 34.8651 55
v 13.9743 35.6059 55
v 12.1821 36.2582 55
v 10.3596 36.8204 55
v 8.51143 37.291 55
v 6.64204 37.6689 55
v 4.75615 37.9531 55
v 2.85843 38.143 55
v 0.953599 38.2381 55
v -0.953599 38.2381 55
v -2.85843 38.143 55
v -4.75615 37.9531 55
v -6.64204 37.6689 55
v -8.51143 37.291 55
v -10.3596 36.8204 55
v -12.1821 36.2582 55
v -13.9743 35.6059 55
v -15.7317 34.8651 55
v -17.4501 34.0376 55
v -19.125 33.1255 55
v -20.7524 32.131 55
v -22.3282 31.0566 55
v -23.8485 29.9051 55
v -25.3095 28.6791 55
v -26.7076 27.3819 55
v -28.0392 26.0166 55
v -29.3012 24.5866 55
v -30.4903 23.0955 55
v -31.6036 21.547 55
v -32.6384 19.9449 55
v -33.592 18.2932 55
v -34.4621 16.5961 55
v -35.2465 14.8576 55
v -35.9432 13.0823 55
v -36.5507 11.2744 55
v -37.0672 9.43847 55
v -37.4916 7.57909 55
v -37.8228 5.70087 55
v -38.0599 3.80847 55
v -38.2025 1.90661 55
v -38.25 -1.31207e-13 55
v -38.2025 -1.90661 55
v -38.0599 -3.80847 55
v -37.8228 -5.70087 55
v -37.4916 -7.57909 55
v -37.0672 -9.43847 55
v -36.5507 -11.2744 55
v -35.9432 -13.0823 55
v -35.2465 -14.8576 55
v -34.4621 -16.5961 55
v -33.592 -18.2932 55
v -32.6384 -19.9449 55
v -31.6036 -21.547 55
v -30.4903 -23.0955 55
v -29.3012 -24.5866 55
v -28.0392 -26.0166 55
v -26.7076 -27.3819 55
v -25.3095 -28.6791 55
v -23.8485 -29.9051 55
v -22.3282 -31.0566 55
v -20.7524 -32.131 55
v -19.125 -33.1255 55
v -17.4501 -34.0376 55
v -15.7317 -34.8651 55
v -13.9743 -35.6059 55
v -12.1821 -36.2582 55
v -10.3596 -36.8204 55
v -8.51143 -37.291 55
v -6.64204 -37.6689 55
v -4.75615 -37.9531 55
v -2.85843 -38.143 55
v -0.953599 -38.2381 55
v 0.953599 -38.2381 55
v 2.85843 -38.143 55
v 4.75615 -37.9531 55
v 6.64204 -37.6689 55
v 8.51143 -37.291 55
v 10.3596 -36.8204 55
v 12.1821 -36.2582 55
v 13.9743 -35.6059 55
v 15.7317 -34.8651 55
v 17.4501 -34.0376 55
v 19.125 -33.1255 55
v 20.7524 -32.131 55
v 22.3282 -31.0566 55
v 23.8485 -29.9051 55
v 25.3095 -28.6791 55
v 26.7076 -27.3819 55
v 28.0392 -26.0166 55
v 29.3012 -24.5866 55
v 30.4903 -23.0955 55
v 31.6036 -21.547 55
v 32.6384 -19.9449 55
v 33.592 -18.2932 55
v 34.4621 -16.5961 55
v 35.2465 -14.8576 55
v 35.9432 -13.0823 55
v 36.5507 -11.2744 55
v 37.0672 -9.43847 55
v 37.4916 -7.57909 55
v 37.8228 -5.70087 55
v 38.0599 -3.80847 55
v 38.2025 -1.90661 55
v 41.75 0 62
v 41.6981 2.08107 62
v 41.5425 4.15696 62
v 41.2837 6.22251 62
v 40.9222 8.2726 62
v 40.459 10.3021 62
v 39.8952 12.306 62
v 39.2322 14.2793 62
v 38.4716 16.2172 62
v 37.6155 18.1146 62
v 36.6658 19.9671 62
v 35.6249 21.7699 62
v 34.4955 23.5186 62
v 33.2803 25.2088 62
v 31.9824 26.8364 62
v 30.6049 28.3972 62
v 29.1514 29.8874 62
v 27.6254 31.3034 62
v 26.0307 32.6415 62
v 24.3713 33.8984 62
v 22.6513 35.0711 62
v 20.875 36.1566 62
v 19.0468 37.1521 62
v 17.1712 38.0554 62
v 15.253 38.864 62
v 13.2968 39.576 62
v 11.3076 40.1896 62
v 9.29025 40.7032 62
v 7.24981 41.1157 62
v 5.19135 41.426 62
v 3.11998 41.6333 62
v 1.04086 41.737 62
v -1.04086 41.737 62
v -3.11998 41.6333 62
v -5.19135 41.426 62
v -7.24981 41.1157 62
v -9.29025 40.7032 62
v -11.3076 40.1896 62
v -13.2968 39.576 62
v -15.253 38.864 62
v -17.1712 38.0554 62
v -19.0468 37.1521 62
v -20.875 36.1566 62
v -22.6513 35.0711 62
v -24.3713 33.8984 62
v -26.0307 32.6415 62
v -27.6254 31.3034 62
v -29.1514 29.8874 62
v -30.6049 28.3972 62
v -31.9824 26.8364 62
v -33.2803 25.2088 62
v -34.4955 23.5186 62
v -35.6249 21.7699 62
v -36.6658 19.9671 62
v -37.6155 18.1146 62
v -38.4716 16.2172 62
v -39.2322 14.2793 62
v -39.8952 12.306 62
v -40.459 10.3021 62
v -40.9222 8.2726 62
v -41.2837 6.22251 62
v -41.5425 4.15696 62
v -41.6981 2.08107 62
v -41.75 -1.43213e-13 62
v -41.6981 -2.08107 62
v -41.5425 -4.15696 62
v -41.2837 -6.22251 62
v -40.9222 -8.2726 62
v -40.459 -10.3021 62
v -39.8952 -12.306 62
v -39.2322 -14.2793 62
v -38.4716 -16.2172 62
v -37.6155 -18.1146 62
v -36.6658 -19.9671 62
v -35.6249 -21.7699 62
v -34.4955 -23.5186 62
v -33.2803 -25.2088 62
v -31.9824 -26.8364 62
v -30.6049 -28.3972 62
v -29.1514 -29.8874 62
v -27.6254 -31.3034 62
v -26.0307 -32.6415 62
v -24.3713 -33.8984 62
v -22.6513 -35.0711 62
v -20.875 -36.1566 62
v -19.0468 -37.1521 62
v -17.1712 -38.0554 62
v -15.253 -38.864 62
v -13.2968 -39.576 62
v -11.3076 -40.1896 62
v -9.29025 -40.7032 62
v -7.24981 -41.1157 62
v -5.19135 -41.426 62
v -3.11998 -41.6333 62
v -1.04086 -41.737 62
v 1.04086 -41.737 62
v 3.11998 -41.6333 62
v 5.19135 -41.426 62
v 7.24981 -41.1157 62
v 9.29025 -40.7032 62
v 11.3076 -40.1896 62
v 13.2968 -39.576 62
v 15.253 -38.864 62
v 17.1712 -38.0554 62
v 19.0468 -37.1521 62
v 20.875 -36.1566 62
v 22.6513 -35.0711 62
v 24.3713 -33.8984 62
v 26.0307 -32.6415 62
v 27.6254 -31.3034 62
v 29.1514 -29.8874 62
v 30.6049 -28.3972 62
v 31.9824 -26.8364 62
v 33.2803 -25.2088 62
v 34.4955 -23.5186 62
v 35.6249 -21.7699 62
v 36.6658 -19.9671 62
v 37.6155 -18.1146 62
v 38.4716 -16.2172 62
v 39.2322 -14.2793 62
v 39.8952 -12.306 62
v 40.459 -10.3021 62
v 40.9222 -8.2726 62
v 41.2837 -6.22251 62
v 41.5425 -4.15696 62
v 41.6981 -2.08107 62
v 38.25 -9.36855e-15 55
v 38.2025 1.90661 55
v 38.0599 3.80847 55
v 37.8228 5.70087 55
v 37.4916 7.57909 55
v 37.0672 9.43847 55
v 36.5507 11.2744 55
v 35.9432 13.0823 55
v 35.2465 14.8576 55
v 34.4621 16.5961 55
v 33.592 18.2932 55
v 32.6384 19.9449 55
v 31.6036 21.547 55
v 30.4903 23.0955 55
v 29.3012 24.5866 55
v 28.0392 26.0166 55
v 26.7076 27.3819 55
v 25.3095 28.6791 55
v 23.8485 29.9051 55
v 22.3282 31.0566 55
v 20.7524 32.131 55
v 19.125 33.1255 55
v 17.4501 34.0376 55
v 15.7317 34.8651 55
v 13.9743 35.6059 55
v 12.1821 36.2582 55
v 10.3596 36.8204 55
v 8.51143 37.291 55
v 6.64204 37.6689 55
v 4.75615 37.9531 55
v 2.85843 38.143 55
v 0.953599 38.2381 55
v -0.953599 38.2381 55
v -2.85843 38.143 55
v -4.75615 37.9531 55
v -6.64204 37.6689 55
v -8.51143 37.291 55
v -10.3596 36.8204 55
v -12.1821 36.2582 55
v -13.9743 35.6059 55
v -15.7317 34.8651 55
v -17.4501 34.0376 55
v -19.125 33.1255 55
v -20.7524 32.131 55
v -22.3282 31.0566 55
v -23.8485 29.9051 55
v -25.3095 28.6791 55
v -26.7076 27.3819 55
v -28.0392 26.0166 55
v -29.3012 24.5866 55
v -30.4903 23.0955 55
v -31.6036 21.547 55
v -32.6384 19.9449 55
v -33.592 18.2932 55
v -34.4621 16.5961 55
v -35.2465 14.8576 55
v -35.9432 13.0823 55
v -36.5507 11.2744 55
v -37.0672 9.43847 55
v -37.4916 7.57909 55
v -37.8228 5.70087 55
v -38.0599 3.80847 55
v -38.2025 1.90661 55
v -38.25 -1.31207e-13 55
v -38.2025 -1.90661 55
v -38.0599 -3.80847 55
v -37.8228 -5.70087 55
v -37.4916 -7.57909 55
v -37.0672 -9.43847 55
v -36.5507 -11.2744 55
v -35.9432 -13.0823 55
v -35.2465 -14.8576 55
v -34.4621 -16.5961 55
v -33.592 -18.2932 55
v -32.6384 -19.9449 55
v -31.6036 -21.547 55
v -30.4903 -23.0955 55
v -29.3012 -24.5866 55
v -28.0392 -26.0166 55
v -26.7076 -27.3819 55
v -25.3095 -28.6791 55
v -23.8485 -29.9051 55
v -22.3282 -31.0566 55
v -20.7524 -32.131 55
v -19.125 -33.1255 55
v -17.4501 -34.0376 55
v -15.7317 -34.8651 55
v -13.9743 -35.6059 55
v -12.1821 -36.2582 55
v -10.3596 -36.8204 55
v -8.51143 -37.291 55
v -6.64204 -37.6689 55
v -4.75615 -37.9531 55
v -2.85843 -38.143 55
v -0.953599 -38.2381 55
v 0.953599 -38.2381 55
v 2.85843 -38.143 55
v 4.75615 -37.9531 55
v 6.64204 -37.6689 55
v 8.51143 -37.291 55
v 10.3596 -36.8204 55
v 12.1821 -36.2582 55
v 13.9743 -35.6059 55
v 15.7317 -34.8651 55
v 17.4501 -34.0376 55
v 19.125 -33.1255 55
v 20.7524 -32.131 55
v 22.3282 -31.0566 55
v 23.8485 -29.9051 55
v 25.3095 -28.6791 55
v 26.7076 -27.3819 55
v 28.0392 -26.0166 55
v 29.3012 -24.5866 55
v 30.4903 -23.0955 55
v 31.6036 -21.547 55
v 32.6384 -19.9449 55
v 33.592 -18.2932 55
v 34.4621 -16.5961 55
v 35.2465 -14.8576 55
v 35.9432 -13.0823 55
v 36.5507 -11.2744 55
v 37.0672 -9.43847 55
v 37.4916 -7.57909 55
v 37.8228 -5.70087 55
v 38.0599 -3.80847 55
v 38.2025 -1.90661 55
v 38.25 -9.36855e-15 55
v 38.25 -9.36855e-15 52
v 38.2025 1.90661 52
v 38.0599 3.80847 52
v 37.8228 5.70087 52
v 37.4916 7.57909 52
v 37.0672 9.43847 52
v 36.5507 11.2744 52
v 35.9432 13.0823 52
v 35.2465 14.8576 52
v 34.4621 16.5961 52
v 33.592 18.2932 52
v 32.6384 19.9449 52
v 31.6036 21.547 52
v 30.4903 23.0955 52
v 29.3012 24.5866 52
v 28.0392 26.0166 52
v 26.7076 27.3819 52
v 25.3095 28.6791 52
v 23.8485 29.9051 52
v 22.3282 31.0566 52
v 20.7524 32.131 52
v 19.125 33.1255 52
v 17.4501 34.0376 52
v 15.7317 34.8651 52
v 13.9743 35.6059 52
v 12.1821 36.2582 52
v 10.3596 36.8204 52
v 8.51143 37.291 52
v 6.64204 37.6689 52
v 4.75615 37.9531 52
v 2.85843 38.143 52
v 0.953599 38.2381 52
v -0.953599 38.2381 52
v -2.85843 38.143 52
v -4.75615 37.9531 52
v -6.64204 37.6689 52
v -8.51143 37.291 52
v -10.3596 36.8204 52
v -12.1821 36.2582 52
v -13.9743 35.6059 52
v -15.7317 34.8651 52
v -17.4501 34.0376 52
v -19.125 33.1255 52
v -20.7524 32.131 52
v -22.3282 31.0566 52
v -23.8485 29.9051 52
v -25.3095 28.6791 52
v -26.7076 27.3819 52
v -28.0392 26.0166 52
v -29.3012 24.5866 52
v -30.4903 23.0955 52
v -31.6036 21.547 52
v -32.6384 19.9449 52
v -33.592 18.2932 52
v -34.4621 16.5961 52
v -35.2465 14.8576 52
v -35.9432 13.0823 52
v -36.5507 11.2744 52
v -37.0672 9.43847 52
v -37.4916 7.57909 52
v -37.8228 5.70087 52
v -38.0599 3.80847 52
v -38.2025 1.90661 52
v -38.25 -1.31207e-13 52
v -38.2025 -1.90661 52
v -38.0599 -3.80847 52
v -37.8228 -5.70087 52
v -37.4916 -7.57909 52
v -37.0672 -9.43847 52
v -36.5507 -11.2744 52
v -35.9432 -13.0823 52
v -35.2465 -14.8576 52
v -34.4621 -16.5961 52
v -33.592 -18.2932 52
v -32.6384 -19.9449 52
v -31.6036 -21.547 52
v -30.4903 -23.0955 52
v -29.3012 -24.5866 52
v -28.0392 -26.0166 52
v -26.7076 -27.3819 52
v -25.3095 -28.6791 52
v -23.8485 -29.9051 52
v -22.3282 -31.0566 52
v -20.7524 -32.131 52
v -19.125 -33.1255 52
v -17.4501 -34.0376 52
v -15.7317 -34.8651 52
v -13.9743 -35.6059 52
v -12.1821 -36.2582 52
v -10.3596 -36.8204 52
v -8.51143 -37.291 52
v -6.64204 -37.6689 52
v -4.75615 -37.9531 52
v -2.85843 -38.143 52
v -0.953599 -38.2381 52
v 0.953599 -38.2381 52
v 2.85843 -38.143 52
v 4.75615 -37.9531 52
v 6.64204 -37.6689 52
v 8.51143 -37.291 52
v 10.3596 -36.8204 52
v 12.1821 -36.2582 52
v 13.9743 -35.6059 52
v 15.7317 -34.8651 52
v 17.4501 -34.0376 52
v 19.125 -33.1255 52
v 20.7524 -32.131 52
v 22.3282 -31.0566 52
v 23.8485 -29.9051 52
v 25.3095 -28.6791 52
v 26.7076 -27.3819 52
v 28.0392 -26.0166 52
v 29.3012 -24.5866 52
v 30.4903 -23.0955 52
v 31.6036 -21.547 52
v 32.6384 -19.9449 52
v 33.592 -18.2932 52
v 34.4621 -16.5961 52
v 35.2465 -14.8576 52
v 35.9432 -13.0823 52
v 36.5507 -11.2744 52
v 37.0672 -9.43847 52
v 37.4916 -7.57909 52
v 37.8228 -5.70087 52
v 38.0599 -3.80847 52
v 38.2025 -1.90661 52
v 38.25 -9.36855e-15 52
v 42.75 -1.04707e-14 52
v 42.6969 2.13091 52
v 42.5376 4.25653 52
v 42.2725 6.37156 52
v 41.9024 8.47075 52
v 41.4281 10.5489 52
v 40.8507 12.6008 52
v 40.1719 14.6214 52
v 39.3931 16.6056 52
v 38.5164 18.5485 52
v 37.544 20.4454 52
v 36.4782 22.2914 52
v 35.3217 24.0819 52
v 34.0774 25.8126 52
v 32.7484 27.4792 52
v 31.338 29.0774 52
v 29.8496 30.6033 52
v 28.2871 32.0531 52
v 26.6542 33.4233 52
v 24.955 34.7103 52
v 23.1939 35.9111 52
v 21.375 37.0226 52
v 19.503 38.042 52
v 17.5825 38.9669 52
v 15.6183 39.7949 52
v 13.6153 40.5239 52
v 11.5784 41.1522 52
v 9.51277 41.6782 52
v 7.42346 42.1005 52
v 5.31569 42.4182 52
v 3.19471 42.6305 52
v 1.06579 42.7367 52
v -1.06579 42.7367 52
v -3.19471 42.6305 52
v -5.31569 42.4182 52
v -7.42346 42.1005 52
v -9.51277 41.6782 52
v -11.5784 41.1522 52
v -13.6153 40.5239 52
v -15.6183 39.7949 52
v -17.5825 38.9669 52
v -19.503 38.042 52
v -21.375 37.0226 52
v -23.1939 35.9111 52
v -24.955 34.7103 52
v -26.6542 33.4233 52
v -28.2871 32.0531 52
v -29.8496 30.6033 52
v -31.338 29.0774 52
v -32.7484 27.4792 52
v -34.0774 25.8126 52
v -35.3217 24.0819 52
v -36.4782 22.2914 52
v -37.544 20.4454 52
v -38.5164 18.5485 52
v -39.3931 16.6056 52
v -40.1719 14.6214 52
v -40.8507 12.6008 52
v -41.4281 10.5489 52
v -41.9024 8.47075 52
v -42.2725 6.37156 52
v -42.5376 4.25653 52
v -42.6969 2.13091 52
v -42.75 -1.46643e-13 52
v -42.6969 -2.13091 52
v -42.5376 -4.25653 52
v -42.2725 -6.37156 52
v -41.9024 -8.47075 52
v -41.4281 -10.5489 52
v -40.8507 -12.6008 52
v -40.1719 -14.6214 52
v -39.3931 -16.6056 52
v -38.5164 -18.5485 52
v -37.544 -20.4454 52
v -36.4782 -22.2914 52
v -35.3217 -24.0819 52
v -34.0774 -25.8126 52
v -32.7484 -27.4792 52
v -31.338 -29.0774 52
v -29.8496 -30.6033 52
v -28.2871 -32.0531 52
v -26.6542 -33.4233 52
v -24.955 -34.7103 52
v -23.1939 -35.9111 52
v -21.375 -37.0226 52
v -19.503 -38.042 52
v -17.5825 -38.9669 52
v -15.6183 -39.7949 52
v -13.6153 -40.5239 52
v -11.5784 -41.1522 52
v -9.51277 -41.6782 52
v -7.42346 -42.1005 52
v -5.31569 -42.4182 52
v -3.19471 -42.6305 52
v -1.06579 -42.7367 52
v 1.06579 -42.7367 52
v 3.19471 -42.6305 52
v 5.31569 -42.4182 52
v 7.42346 -42.1005 52
v 9.51277 -41.6782 52
v 11.5784 -41.1522 52
v 13.6153 -40.5239 52
v 15.6183 -39.7949 52
v 17.5825 -38.9669 52
v 19.503 -38.042 52
v 21.375 -37.0226 52
v 23.1939 -35.9111 52
v 24.955 -34.7103 52
v 26.6542 -33.4233 52
v 28.2871 -32.0531 52
v 29.8496 -30.6033 52
v 31.338 -29.0774 52
v 32.7484 -27.4792 52
v 34.0774 -25.8126 52
v 35.3217 -24.0819 52
v 36.4782 -22.2914 52
v 37.544 -20.4454 52
v 38.5164 -18.5485 52
v 39.3931 -16.6056 52
v 40.1719 -14.6214 52
v 40.8507 -12.6008 52
v 41.4281 -10.5489 52
v 41.9024 -8.47075 52
v 42.2725 -6.37156 52
v 42.5376 -4.25653 52
v 42.6969 -2.13091 52
v 38.25 -9.36855e-15 52
v 38.2025 1.90661 52
v 38.0599 3.80847 52
v 37.8228 5.70087 52
v 37.4916 7.57909 52
v 37.0672 9.43847 52
v 36.5507 11.2744 52
v 35.9432 13.0823 52
v 35.2465 14.8576 52
v 34.4621 16.5961 52
v 33.592 18.2932 52
v 32.6384 19.9449 52
v 31.6036 21.547 52
v 30.4903 23.0955 52
v 29.3012 24.5866 52
v 28.0392 26.0166 52
v 26.7076 27.3819 52
v 25.3095 28.6791 52
v 23.8485 29.9051 52
v 22.3282 31.0566 52
v 20.7524 32.131 52
v 19.125 33.1255 52
v 17.4501 34.0376 52
v 15.7317 34.8651 52
v 13.9743 35.6059 52
v 12.1821 36.2582 52
v 10.3596 36.8204 52
v 8.51143 37.291 52
v 6.64204 37.6689 52
v 4.75615 37.9531 52
v 2.85843 38.143 52
v 0.953599 38.2381 52
v -0.953599 38.2381 52
v -2.85843 38.143 52
v -4.75615 37.9531 52
v -6.64204 37.6689 52
v -8.51143 37.291 52
v -10.3596 36.8204 52
v -12.1821 36.2582 52
v -13.9743 35.6059 52
v -15.7317 34.8651 52
v -17.4501 34.0376 52
v -19.125 33.1255 52
v -20.7524 32.131 52
v -22.3282 31.0566 52
v -23.8485 29.9051 52
v -25.3095 28.6791 52
v -26.7076 27.3819 52
v -28.0392 26.0166 52
v -29.3012 24.5866 52
v -30.4903 23.0955 52
v -31.6036 21.547 52
v -32.6384 19.9449 52
v -33.592 18.2932 52
v -34.4621 16.5961 52
v -35.2465 14.8576 52
v -35.9432 13.0823 52
v -36.5507 11.2744 52
v -37.0672 9.43847 52
v -37.4916 7.57909 52
v -37.8228 5.70087 52
v -38.0599 3.80847 52
v -38.2025 1.90661 52
v -38.25 -1.31207e-13 52
v -38.2025 -1.90661 52
v -38.0599 -3.80847 52
v -37.8228 -5.70087 52
v -37.4916 -7.57909 52
v -37.0672 -9.43847 52
v -36.5507 -11.2744 52
v -35.9432 -13.0823 52
v -35.2465 -14.8576 52
v -34.4621 -16.5961 52
v -33.592 -18.2932 52
v -32.6384 -19.9449 52
v -31.6036 -21.547 52
v -30.4903 -23.0955 52
v -29.3012 -24.5866 52
v -28.0392 -26.0166 52
v -26.7076 -27.3819 52
v -25.3095 -28.6791 52
v -23.8485 -29.9051 52
v -22.3282 -31.0566 52
v -20.7524 -32.131 52
v -19.125 -33.1255 52
v -17.4501 -34.0376 52
v -15.7317 -34.8651 52
v -13.9743 -35.6059 52
v -12.1821 -36.2582 52
v -10.3596 -36.8204 52
v -8.51143 -37.291 52
v -6.64204 -37.6689 52
v -4.75615 -37.9531 52
v -2.85843 -38.143 52
v -0.953599 -38.2381 52
v 0.953599 -38.2381 52
v 2.85843 -38.143 52
v 4.75615 -37.9531 52
v 6.64204 -37.6689 52
v 8.51143 -37.291 52
v 10.3596 -36.8204 52
v 12.1821 -36.2582 52
v 13.9743 -35.6059 52
v 15.7317 -34.8651 52
v 17.4501 -34.0376 52
v 19.125 -33.1255 52
v 20.7524 -32.131 52
v 22.3282 -31.0566 52
v 23.8485 -29.9051 52
v 25.3095 -28.6791 52
v 26.7076 -27.3819 52
v 28.0392 -26.0166 52
v 29.3012 -24.5866 52
v 30.4903 -23.0955 52
v 31.6036 -21.547 52
v 32.6384 -19.9449 52
v 33.592 -18.2932 52
v 34.4621 -16.5961 52
v 35.2465 -14.8576 52
v 35.9432 -13.0823 52
v 36.5507 -11.2744 52
v 37.0672 -9.43847 52
v 37.4916 -7.57909 52
v 37.8228 -5.70087 52
v 38.0599 -3.80847 52
v 38.2025 -1.90661 52
v 42.75 -1.04707e-14 49
v 42.75 -1.04707e-14 52
v 42.75 -1.04707e-14 52
v 42.6969 2.13091 52
v 42.5376 4.25653 52
v 42.2725 6.37156 52
v 41.9024 8.47075 52
v 41.4281 10.5489 52
v 40.8507 12.6008 52
v 40.1719 14.6214 52
v 39.3931 16.6056 52
v 38.5164 18.5485 52
v 37.544 20.4454 52
v 36.4782 22.2914 52
v 35.3217 24.0819 52
v 34.0774 25.8126 52
v 32.7484 27.4792 52
v 31.338 29.0774 52
v 29.8496 30.6033 52
v 28.2871 32.0531 52
v 26.6542 33.4233 52
v 24.955 34.7103 52
v 23.1939 35.9111 52
v 21.375 37.0226 52
v 19.503 38.042 52
v 17.5825 38.9669 52
v 15.6183 39.7949 52
v 13.6153 40.5239 52
v 11.5784 41.1522 52
v 9.51277 41.6782 52
v 7.42346 42.1005 52
v 5.31569 42.4182 52
v 3.19471 42.6305 52
v 1.06579 42.7367 52
v -1.06579 42.7367 52
v -3.19471 42.6305 52
v -5.31569 42.4182 52
v -7.42346 42.1005 52
v -9.51277 41.6782 52
v -11.5784 41.1522 52
v -13.6153 40.5239 52
v -15.6183 39.7949 52
v -17.5825 38.9669 52
v -19.503 38.042 52
v -21.375 37.0226 52
v -23.1939 35.9111 52
v -24.955 34.7103 52
v -26.6542 33.4233 52
v -28.2871 32.0531 52
v -29.8496 30.6033 52
v -31.338 29.0774 52
v -32.7484 27.4792 52
v -34.0774 25.8126 52
v -35.3217 24.0819 52
v -36.4782 22.2914 52
v -37.544 20.4454 52
v -38.5164 18.5485 52
v -39.3931 16.6056 52
v -40.1719 14.6214 52
v -40.8507 12.6008 52
v -41.4281 10.5489 52
v -41.9024 8.47075 52
v -42.2725 6.37156 52
v -42.5376 4.25653 52
v -42.6969 2.13091 52
v -42.75 -1.46643e-13 52
v -42.6969 -2.13091 52
v -42.5376 -4.25653 52
v -42.2725 -6.37156 52
v -41.9024 -8.47075 52
v -41.4281 -10.5489 52
v -40.8507 -12.6008 52
v -40.1719 -14.6214 52
v -39.3931 -16.6056 52
v -38.5164 -18.5485 52
v -37.544 -20.4454 52
v -36.4782 -22.2914 52
v -35.3217 -24.0819 52
v -34.0774 -25.8126 52
v -32.7484 -27.4792 52
v -31.338 -29.0774 52
v -29.8496 -30.6033 52
v -28.2871 -32.0531 52
v -26.6542 -33.4233 52
v -24.955 -34.7103 52
v -23.1939 -35.9111 52
v -21.375 -37.0226 52
v -19.503 -38.042 52
v -17.5825 -38.9669 52
v -15.6183 -39.7949 52
v -13.6153 -40.5239 52
v -11.5784 -41.1522 52
v -9.51277 -41.6782 52
v -7.42346 -42.1005 52
v -5.31569 -42.4182 52
v -3.19471 -42.6305 52
v -1.06579 -42.7367 52
v 1.06579 -42.7367 52
v 3.19471 -42.6305 52
v 5.31569 -42.4182 52
v 7.42346 -42.1005 52
v 9.51277 -41.6782 52
v 11.5784 -41.1522 52
v 13.6153 -40.5239 52
v 15.6183 -39.7949 52
v 17.5825 -38.9669 52
v 19.503 -38.042 52
v 21.375 -37.0226 52
v 23.1939 -35.9111 52
v 24.955 -34.7103 52
v 26.6542 -33.4233 52
v 28.2871 -32.0531 52
v 29.8496 -30.6033 52
v 31.338 -29.0774 52
v 32.7484 -27.4792 52
v 34.0774 -25.8126 52
v 35.3217 -24.0819 52
v 36.4782 -22.2914 52
v 37.544 -20.4454 52
v 38.5164 -18.5485 52
v 39.3931 -16.6056 52
v 40.1719 -14.6214 52
v 40.8507 -12.6008 52
v 41.4281 -10.5489 52
v 41.9024 -8.47075 52
v 42.2725 -6.37156 52
v 42.5376 -4.25653 52
v 42.6969 -2.13091 52
v 42.75 -1.04707e-14 49
v 42.6969 2.13091 49
v 42.5376 4.25653 49
v 42.2725 6.37156 49
v 41.9024 8.47075 49
v 41.4281 10.5489 49
v 40.8507 12.6008 49
v 40.1719 14.6214 49
v 39.3931 16.6056 49
v 38.5164 18.5485 49
v 37.544 20.4454 49
v 36.4782 22.2914 49
v 35.3217 24.0819 49
v 34.0774 25.8126 49
v 32.7484 27.4792 49
v 31.338 29.0774 49
v 29.8496 30.6033 49
v 28.2871 32.0531 49
v 26.6542 33.4233 49
v 24.955 34.7103 49
v 23.1939 35.9111 49
v 21.375 37.0226 49
v 19.503 38.042 49
v 17.5825 38.9669 49
v 15.6183 39.7949 49
v 13.6153 40.5239 49
v 11.5784 41.1522 49
v 9.51277 41.6782 49
v 7.42346 42.1005 49
v 5.31569 42.4182 49
v 3.19471 42.6305 49
v 1.06579 42.7367 49
v -1.06579 42.7367 49
v -3.19471 42.6305 49
v -5.31569 42.4182 49
v -7.42346 42.1005 49
v -9.51277 41.6782 49
v -11.5784 41.1522 49
v -13.6153 40.5239 49
v -15.6183 39.7949 49
v -17.5825 38.9669 49
v -19.503 38.042 49
v -21.375 37.0226 49
v -23.1939 35.9111 49
v -24.955 34.7103 49
v -26.6542 33.4233 49
v -28.2871 32.0531 49
v -29.8496 30.6033 49
v -31.338 29.0774 49
v -32.7484 27.4792 49
v -34.0774 25.8126 49
v -35.3217 24.0819 49
v -36.4782 22.2914 49
v -37.544 20.4454 49
v -38.5164 18.5485 49
v -39.3931 16.6056 49
v -40.1719 14.6214 49
v -40.8507 12.6008 49
v -41.4281 10.5489 49
v -41.9024 8.47075 49
v -42.2725 6.37156 49
v -42.5376 4.25653 49
v -42.6969 2.13091 49
v -42.75 -1.46643e-13 49
v -42.6969 -2.13091 49
v -42.5376 -4.25653 49
v -42.2725 -6.37156 49
v -41.9024 -8.47075 49
v -41.4281 -10.5489 49
v -40.8507 -12.6008 49
v -40.1719 -14.6214 49
v -39.3931 -16.6056 49
v -38.5164 -18.5485 49
v -37.544 -20.4454 49
v -36.4782 -22.2914 49
v -35.3217 -24.0819 49
v -34.0774 -25.8126 49
v -32.7484 -27.4792 49
v -31.338 -29.0774 49
v -29.8496 -30.6033 49
v -28.2871 -32.0531 49
v -26.6542 -33.4233 49
v -24.955 -34.7103 49
v -23.1939 -35.9111 49
v -21.375 -37.0226 49
v -19.503 -38.042 49
v -17.5825 -38.9669 49
v -15.6183 -39.7949 49
v -13.6153 -40.5239 49
v -11.5784 -41.1522 49
v -9.51277 -41.6782 49
v -7.42346 -42.1005 49
v -5.31569 -42.4182 49
v -3.19471 -42.6305 49
v -1.06579 -42.7367 49
v 1.06579 -42.7367 49
v 3.19471 -42.6305 49
v 5.31569 -42.4182 49
v 7.42346 -42.1005 49
v 9.51277 -41.6782 49
v 11.5784 -41.1522 49
v 13.6153 -40.5239 49
v 15.6183 -39.7949 49
v 17.5825 -38.9669 49
v 19.503 -38.042 49
v 21.375 -37.0226 49
v 23.1939 -35.9111 49
v 24.955 -34.7103 49
v 26.6542 -33.4233 49
v 28.2871 -32.0531 49
v 29.8496 -30.6033 49
v 31.338 -29.0774 49
v 32.7484 -27.4792 49
v 34.0774 -25.8126 49
v 35.3217 -24.0819 49
v 36.4782 -22.2914 49
v 37.544 -20.4454 49
v 38.5164 -18.5485 49
v 39.3931 -16.6056 49
v 40.1719 -14.6214 49
v 40.8507 -12.6008 49
v 41.4281 -10.5489 49
v 41.9024 -8.47075 49
v 42.2725 -6.37156 49
v 42.5376 -4.25653 49
v 42.6969 -2.13091 49
v 42.75 -1.04707e-14 49
v 42.6969 2.13091 49
v 42.5376 4.25653 49
v 42.2725 6.37156 49
v 41.9024 8.47075 49
v 41.4281 10.5489 49
v 40.8507 12.6008 49
v 40.1719 14.6214 49
v 39.3931 16.6056 49
v 38.5164 18.5485 49
v 37.544 20.4454 49
v 36.4782 22.2914 49
v 35.3217 24.0819 49
v 34.0774 25.8126 49
v 32.7484 27.4792 49
v 31.338 29.0774 49
v 29.8496 30.6033 49
v 28.2871 32.0531 49
v 26.6542 33.4233 49
v 24.955 34.7103 49
v 23.1939 35.9111 49
v 21.375 37.0226 49
v 19.503 38.042 49
v 17.5825 38.9669 49
v 15.6183 39.7949 49
v 13.6153 40.5239 49
v 11.5784 41.1522 49
v 9.51277 41.6782 49
v 7.42346 42.1005 49
v 5.31569 42.4182 49
v 3.19471 42.6305 49
v 1.06579 42.7367 49
v -1.06579 42.7367 49
v -3.19471 42.6305 49
v -5.31569 42.4182 49
v -7.42346 42.1005 49
v -9.51277 41.6782 49
v -11.5784 41.1522 49
v -13.6153 40.5239 49
v -15.6183 39.7949 49
v -17.5825 38.9669 49
v -19.503 38.042 49
v -21.375 37.0226 49
v -23.1939 35.9111 49
v -24.955 34.7103 49
v -26.6542 33.4233 49
v -28.2871 32.0531 49
v -29.8496 30.6033 49
v -31.338 29.0774 49
v -32.7484 27.4792 49
v -34.0774 25.8126 49
v -35.3217 24.0819 49
v -36.4782 22.2914 49
v -37.544 20.4454 49
v -38.5164 18.5485 49
v -39.3931 16.6056 49
v -40.1719 14.6214 49
v -40.8507 12.6008 49
v -41.4281 10.5489 49
v -41.9024 8.47075 49
v -42.2725 6.37156 49
v -42.5376 4.25653 49
v -42.6969 2.13091 49
v -42.75 -1.46643e-13 49
v -42.6969 -2.13091 49
v -42.5376 -4.25653 49
v -42.2725 -6.37156 49
v -41.9024 -8.47075 49
v -41.4281 -10.5489 49
v -40.8507 -12.6008 49
v -40.1719 -14.6214 49
v -39.3931 -16.6056 49
v -38.5164 -18.5485 49
v -37.544 -20.4454 49
v -36.4782 -22.2914 49
v -35.3217 -24.0819 49
v -34.0774 -25.8126 49
v -32.7484 -27.4792 49
v -31.338 -29.0774 49
v -29.8496 -30.6033 49
v -28.2871 -32.0531 49
v -26.6542 -33.4233 49
v -24.955 -34.7103 49
v -23.1939 -35.9111 49
v -21.375 -37.0226 49
v -19.503 -38.042 49
v -17.5825 -38.9669 49
v -15.6183 -39.7949 49
v -13.6153 -40.5239 49
v -11.5784 -41.1522 49
v -9.51277 -41.6782 49
v -7.42346 -42.1005 49
v -5.31569 -42.4182 49
v -3.19471 -42.6305 49
v -1.06579 -42.7367 49
v 1.06579 -42.7367 49
v 3.19471 -42.6305 49
v 5.31569 -42.4182 49
v 7.42346 -42.1005 49
v 9.51277 -41.6782 49
v 11.5784 -41.1522 49
v 13.6153 -40.5239 49
v 15.6183 -39.7949 49
v 17.5825 -38.9669 49
v 19.503 -38.042 49
v 21.375 -37.0226 49
v 23.1939 -35.9111 49
v 24.955 -34.7103 49
v 26.6542 -33.4233 49
v 28.2871 -32.0531 49
v 29.8496 -30.6033 49
v 31.338 -29.0774 49
v 32.7484 -27.4792 49
v 34.0774 -25.8126 49
v 35.3217 -24.0819 49
v 36.4782 -22.2914 49
v 37.544 -20.4454 49
v 38.5164 -18.5485 49
v 39.3931 -16.6056 49
v 40.1719 -14.6214 49
v 40.8507 -12.6008 49
v 41.4281 -10.5489 49
v 41.9024 -8.47075 49
v 42.2725 -6.37156 49
v 42.5376 -4.25653 49
v 42.6969 -2.13091 49
v 38.25 -9.36855e-15 49
v 38.2025 1.90661 49
v 38.0599 3.80847 49
v 37.8228 5.70087 49
v 37.4916 7.57909 49
v 37.0672 9.43847 49
v 36.5507 11.2744 49
v 35.9432 13.0823 49
v 35.2465 14.8576 49
v 34.4621 16.5961 49
v 33.592 18.2932 49
v 32.6384 19.9449 49
v 31.6036 21.547 49
v 30.4903 23.0955 49
v 29.3012 24.5866 49
v 28.0392 26.0166 49
v 26.7076 27.3819 49
v 25.3095 28.6791 49
v 23.8485 29.9051 49
v 22.3282 31.0566 49
v 20.7524 32.131 49
v 19.125 33.1255 49
v 17.4501 34.0376 49
v 15.7317 34.8651 49
v 13.9743 35.6059 49
v 12.1821 36.2582 49
v 10.3596 36.8204 49
v 8.51143 37.291 49
v 6.64204 37.6689 49
v 4.75615 37.9531 49
v 2.85843 38.143 49
v 0.953599 38.2381 49
v -0.953599 38.2381 49
v -2.85843 38.143 49
v -4.75615 37.9531 49
v -6.64204 37.6689 49
v -8.51143 37.291 49
v -10.3596 36.8204 49
v -12.1821 36.2582 49
v -13.9743 35.6059 49
v -15.7317 34.8651 49
v -17.4501 34.0376 49
v -19.125 33.1255 49
v -20.7524 32.131 49
v -22.3282 31.0566 49
v -23.8485 29.9051 49
v -25.3095 28.6791 49
v -26.7076 27.3819 49
v -28.0392 26.0166 49
v -29.3012 24.5866 49
v -30.4903 23.0955 49
v -31.6036 21.547 49
v -32.6384 19.9449 49
v -33.592 18.2932 49
v -34.4621 16.5961 49
v -35.2465 14.8576 49
v -35.9432 13.0823 49
v -36.5507 11.2744 49
v -37.0672 9.43847 49
v -37.4916 7.57909 49
v -37.8228 5.70087 49
v -38.0599 3.80847 49
v -38.2025 1.90661 49
v -38.25 -1.31207e-13 49
v -38.2025 -1.90661 49
v -38.0599 -3.80847 49
v -37.8228 -5.70087 49
v -37.4916 -7.57909 49
v -37.0672 -9.43847 49
v -36.5507 -11.2744 49
v -35.9432 -13.0823 49
v -35.2465 -14.8576 49
v -34.4621 -16.5961 49
v -33.592 -18.2932 49
v -32.6384 -19.9449 49
v -31.6036 -21.547 49
v -30.4903 -23.0955 49
v -29.3012 -24.5866 49
v -28.0392 -26.0166 49
v -26.7076 -27.3819 49
v -25.3095 -28.6791 49
v -23.8485 -29.9051 49
v -22.3282 -31.0566 49
v -20.7524 -32.131 49
v -19.125 -33.1255 49
v -17.4501 -34.0376 49
v -15.7317 -34.8651 49
v -13.9743 -35.6059 49
v -12.1821 -36.2582 49
v -10.3596 -36.8204 49
v -8.51143 -37.291 49
v -6.64204 -37.6689 49
v -4.75615 -37.9531 49
v -2.85843 -38.143 49
v -0.953599 -38.2381 49
v 0.953599 -38.2381 49
v 2.85843 -38.143 49
v 4.75615 -37.9531 49
v 6.64204 -37.6689 49
v 8.51143 -37.291 49
v 10.3596 -36.8204 49
v 12.1821 -36.2582 49
v 13.9743 -35.6059 49
v 15.7317 -34.8651 49
v 17.4501 -34.0376 49
v 19.125 -33.1255 49
v 20.7524 -32.131 49
v 22.3282 -31.0566 49
v 23.8485 -29.9051 49
v 25.3095 -28.6791 49
v 26.7076 -27.3819 49
v 28.0392 -26.0166 49
v 29.3012 -24.5866 49
v 30.4903 -23.0955 49
v 31.6036 -21.547 49
v 32.6384 -19.9449 49
v 33.592 -18.2932 49
v 34.4621 -16.5961 49
v 35.2465 -14.8576 49
v 35.9432 -13.0823 49
v 36.5507 -11.2744 49
v 37.0672 -9.43847 49
v 37.4916 -7.57909 49
v 37.8228 -5.70087 49
v 38.0599 -3.80847 49
v 38.2025 -1.90661 49
v 38.25 -9.36855e-15 49
v 38.2025 1.90661 49
v 38.0599 3.80847 49
v 37.8228 5.70087 49
v 37.4916 7.57909 49
v 37.0672 9.43847 49
v 36.5507 11.2744 49
v 35.9432 13.0823 49
v 35.2465 14.8576 49
v 34.4621 16.5961 49
v 33.592 18.2932 49
v 32.6384 19.9449 49
v 31.6036 21.547 49
v 30.4903 23.0955 49
v 29.3012 24.5866 49
v 28.0392 26.0166 49
v 26.7076 27.3819 49
v 25.3095 28.6791 49
v 23.8485 29.9051 49
v 22.3282 31.0566 49
v 20.7524 32.131 49
v 19.125 33.1255 49
v 17.4501 34.0376 49
v 15.7317 34.8651 49
v 13.9743 35.6059 49
v 12.1821 36.2582 49
v 10.3596 36.8204 49
v 8.51143 37.291 49
v 6.64204 37.6689 49
v 4.75615 37.9531 49
v 2.85843 38.143 49
v 0.953599 38.2381 49
v -0.953599 38.2381 49
v -2.85843 38.143 49
v -4.75615 37.9531 49
v -6.64204 37.6689 49
v -8.51143 37.291 49
v -10.3596 36.8204 49
v -12.1821 36.2582 49
v -13.9743 35.6059 49
v -15.7317 34.8651 49
v -17.4501 34.0376 49
v -19.125 33.1255 49
v -20.7524 32.131 49
v -22.3282 31.0566 49
v -23.8485 29.9051 49
v -25.3095 28.6791 49
v -26.7076 27.3819 49
v -28.0392 26.0166 49
v -29.3012 24.5866 49
v -30.4903 23.0955 49
v -31.6036 21.547 49
v -32.6384 19.9449 49
v -33.592 18.2932 49
v -34.4621 16.5961 49
v -35.2465 14.8576 49
v -35.9432 13.0823 49
v -36.5507 11.2744 49
v -37.0672 9.43847 49
v -37.4916 7.57909 49
v -37.8228 5.70087 49
v -38.0599 3.80847 49
v -38.2025 1.90661 49
v -38.25 -1.31207e-13 49
v -38.2025 -1.90661 49
v -38.0599 -3.80847 49
v -37.8228 -5.70087 49
v -37.4916 -7.57909 49
v -37.0672 -9.43847 49
v -36.5507 -11.2744 49
v -35.9432 -13.0823 49
v -35.2465 -14.8576 49
v -34.4621 -16.5961 49
v -33.592 -18.2932 49
v -32.6384 -19.9449 49
v -31.6036 -21.547 49
v -30.4903 -23.0955 49
v -29.3012 -24.5866 49
v -28.0392 -26.0166 49
v -26.7076 -27.3819 49
v -25.3095 -28.6791 49
v -23.8485 -29.9051 49
v -22.3282 -31.0566 49
v -20.7524 -32.131 49
v -19.125 -33.1255 49
v -17.4501 -34.0376 49
v -15.7317 -34.8651 49
v -13.9743 -35.6059 49
v -12.1821 -36.2582 49
v -10.3596 -36.8204 49
v -8.51143 -37.291 49
v -6.64204 -37.6689 49
v -4.75615 -37.9531 49
v -2.85843 -38.143 49
v -0.953599 -38.2381 49
v 0.953599 -38.2381 49
v 2.85843 -38.143 49
v 4.75615 -37.9531 49
v 6.64204 -37.6689 49
v 8.51143 -37.291 49
v 10.3596 -36.8204 49
v 12.1821 -36.2582 49
v 13.9743 -35.6059 49
v 15.7317 -34.8651 49
v 17.4501 -34.0376 49
v 19.125 -33.1255 49
v 20.7524 -32.131 49
v 22.3282 -31.0566 49
v 23.8485 -29.9051 49
v 25.3095 -28.6791 49
v 26.7076 -27.3819 49
v 28.0392 -26.0166 49
v 29.3012 -24.5866 49
v 30.4903 -23.0955 49
v 31.6036 -21.547 49
v 32.6384 -19.9449 49
v 33.592 -18.2932 49
v 34.4621 -16.5961 49
v 35.2465 -14.8576 49
v 35.9432 -13.0823 49
v 36.5507 -11.2744 49
v 37.0672 -9.43847 49
v 37.4916 -7.57909 49
v 37.8228 -5.70087 49
v 38.0599 -3.80847 49
v 38.2025 -1.90661 49
v 38.25 -9.36855e-15 49
v 38.25 -9.36855e-15 46
v 38.2025 1.90661 46
v 38.0599 3.80847 46
v 37.8228 5.70087 46
v 37.4916 7.57909 46
v 37.0672 9.43847 46
v 36.5507 11.2744 46
v 35.9432 13.0823 46
v 35.2465 14.8576 46
v 34.4621 16.5961 46
v 33.592 18.2932 46
v 32.6384 19.9449 46
v 31.6036 21.547 46
v 30.4903 23.0955 46
v 29.3012 24.5866 46
v 28.0392 26.0166 46
v 26.7076 27.3819 46
v 25.3095 28.6791 46
v 23.8485 29.9051 46
v 22.3282 31.0566 46
v 20.7524 32.131 46
v 19.125 33.1255 46
v 17.4501 34.0376 46
v 15.7317 34.8651 46
v 13.9743 35.6059 46
v 12.1821 36.2582 46
v 10.3596 36.8204 46
v 8.51143 37.291 46
v 6.64204 37.6689 46
v 4.75615 37.9531 46
v 2.85843 38.143 46
v 0.953599 38.2381 46
v -0.953599 38.2381 46
v -2.85843 38.143 46
v -4.75615 37.9531 46
v -6.64204 37.6689 46
v -8.51143 37.291 46
v -10.3596 36.8204 46
v -12.1821 36.2582 46
v -13.9743 35.6059 46
v -15.7317 34.8651 46
v -17.4501 34.0376 46
v -19.125 33.1255 46
v -20.7524 32.131 46
v -22.3282 31.0566 46
v -23.8485 29.9051 46
v -25.3095 28.6791 46
v -26.7076 27.3819 46
v -28.0392 26.0166 46
v -29.3012 24.5866 46
v -30.4903 23.0955 46
v -31.6036 21.547 46
v -32.6384 19.9449 46
v -33.592 18.2932 46
v -34.4621 16.5961 46
v -35.2465 14.8576 46
v -35.9432 13.0823 46
v -36.5507 11.2744 46
v -37.0672 9.43847 46
v -37.4916 7.57909 46
v -37.8228 5.70087 46
v -38.0599 3.80847 46
v -38.2025 1.90661 46
v -38.25 -1.31207e-13 46
v -38.2025 -1.90661 46
v -38.0599 -3.80847 46
v -37.8228 -5.70087 46
v -37.4916 -7.57909 46
v -37.0672 -9.43847 46
v -36.5507 -11.2744 46
v -35.9432 -13.0823 46
v -35.2465 -14.8576 46
v -34.4621 -16.5961 46
v -33.592 -18.2932 46
v -32.6384 -19.9449 46
v -31.6036 -21.547 46
v -30.4903 -23.0955 46
v -29.3012 -24.5866 46
v -28.0392 -26.0166 46
v -26.7076 -27.3819 46
v -25.3095 -28.6791 46
v -23.8485 -29.9051 46
v -22.3282 -31.0566 46
v -20.7524 -32.131 46
v -19.125 -33.1255 46
v -17.4501 -34.0376 46
v -15.7317 -34.8651 46
v -13.9743 -35.6059 46
v -12.1821 -36.2582 46
v -10.3596 -36.8204 46
v -8.51143 -37.291 46
v -6.64204 -37.6689 46
v -4.75615 -37.9531 46
v -2.85843 -38.143 46
v -0.953599 -38.2381 46
v 0.953599 -38.2381 46
v 2.85843 -38.143 46
v 4.75615 -37.9531 46
v 6.64204 -37.6689 46
v 8.51143 -37.291 46
v 10.3596 -36.8204 46
v 12.1821 -36.2582 46
v 13.9743 -35.6059 46
v 15.7317 -34.8651 46
v 17.4501 -34.0376 46
v 19.125 -33.1255 46
v 20.7524 -32.131 46
v 22.3282 -31.0566 46
v 23.8485 -29.9051 46
v 25.3095 -28.6791 46
v 26.7076 -27.3819 46
v 28.0392 -26.0166 46
v 29.3012 -24.5866 46
v 30.4903 -23.0955 46
v 31.6036 -21.547 46
v 32.6384 -19.9449 46
v 33.592 -18.2932 46
v 34.4621 -16.5961 46
v 35.2465 -14.8576 46
v 35.9432 -13.0823 46
v 36.5507 -11.2744 46
v 37.0672 -9.43847 46
v 37.4916 -7.57909 46
v 37.8228 -5.70087 46
v 38.0599 -3.80847 46
v 38.2025 -1.90661 46
v 38.25 -9.36855e-15 46
v 42.75 -1.04707e-14 46
v 42.6969 2.13091 46
v 42.5376 4.25653 46
v 42.2725 6.37156 46
v 41.9024 8.47075 46
v 41.4281 10.5489 46
v 40.8507 12.6008 46
v 40.1719 14.6214 46
v 39.3931 16.6056 46
v 38.5164 18.5485 46
v 37.544 20.4454 46
v 36.4782 22.2914 46
v 35.3217 24.0819 46
v 34.0774 25.8126 46
v 32.7484 27.4792 46
v 31.338 29.0774 46
v 29.8496 30.6033 46
v 28.2871 32.0531 46
v 26.6542 33.4233 46
v 24.955 34.7103 46
v 23.1939 35.9111 46
v 21.375 37.0226 46
v 19.503 38.042 46
v 17.5825 38.9669 46
v 15.6183 39.7949 46
v 13.6153 40.5239 46
v 11.5784 41.1522 46
v 9.51277 41.6782 46
v 7.42346 42.1005 46
v 5.31569 42.4182 46
v 3.19471 42.6305 46
v 1.06579 42.7367 46
v -1.06579 42.7367 46
v -3.19471 42.6305 46
v -5.31569 42.4182 46
v -7.42346 42.1005 46
v -9.51277 41.6782 46
v -11.5784 41.1522 46
v -13.6153 40.5239 46
v -15.6183 39.7949 46
v -17.5825 38.9669 46
v -19.503 38.042 46
v -21.375 37.0226 46
v -23.1939 35.9111 46
v -24.955 34.7103 46
v -26.6542 33.4233 46
v -28.2871 32.0531 46
v -29.8496 30.6033 46
v -31.338 29.0774 46
v -32.7484 27.4792 46
v -34.0774 25.8126 46
v -35.3217 24.0819 46
v -36.4782 22.2914 46
v -37.544 20.4454 46
v -38.5164 18.5485 46
v -39.3931 16.6056 46
v -40.1719 14.6214 46
v -40.8507 12.6008 46
v -41.4281 10.5489 46
v -41.9024 8.47075 46
v -42.2725 6.37156 46
v -42.5376 4.25653 46
v -42.6969 2.13091 46
v -42.75 -1.46643e-13 46
v -42.6969 -2.13091 46
v -42.5376 -4.25653 46
v -42.2725 -6.37156 46
v -41.9024 -8.47075 46
v -41.4281 -10.5489 46
v -40.8507 -12.6008 46
v -40.1719 -14.6214 46
v -39.3931 -16.6056 46
v -38.5164 -18.5485 46
v -37.544 -20.4454 46
v -36.4782 -22.2914 46
v -35.3217 -24.0819 46
v -34.0774 -25.8126 46
v -32.7484 -27.4792 46
v -31.338 -29.0774 46
v -29.8496 -30.6033 46
v -28.2871 -32.0531 46
v -26.6542 -33.4233 46
v -24.955 -34.7103 46
v -23.1939 -35.9111 46
v -21.375 -37.0226 46
v -19.503 -38.042 46
v -17.5825 -38.9669 46
v -15.6183 -39.7949 46
v -13.6153 -40.5239 46
v -11.5784 -41.1522 46
v -9.51277 -41.6782 46
v -7.42346 -42.1005 46
v -5.31569 -42.4182 46
v -3.19471 -42.6305 46
v -1.06579 -42.7367 46
v 1.06579 -42.7367 46
v 3.19471 -42.6305 46
v 5.31569 -42.4182 46
v 7.42346 -42.1005 46
v 9.51277 -41.6782 46
v 11.5784 -41.1522 46
v 13.6153 -40.5239 46
v 15.6183 -39.7949 46
v 17.5825 -38.9669 46
v 19.503 -38.042 46
v 21.375 -37.0226 46
v 23.1939 -35.9111 46
v 24.955 -34.7103 46
v 26.6542 -33.4233 46
v 28.2871 -32.0531 46
v 29.8496 -30.6033 46
v 31.338 -29.0774 46
v 32.7484 -27.4792 46
v 34.0774 -25.8126 46
v 35.3217 -24.0819 46
v 36.4782 -22.2914 46
v 37.544 -20.4454 46
v 38.5164 -18.5485 46
v 39.3931 -16.6056 46
v 40.1719 -14.6214 46
v 40.8507 -12.6008 46
v 41.4281 -10.5489 46
v 41.9024 -8.47075 46
v 42.2725 -6.37156 46
v 42.5376 -4.25653 46
v 42.6969 -2.13091 46
v 38.25 -9.36855e-15 46
v 38.2025 1.90661 46
v 38.0599 3.80847 46
v 37.8228 5.70087 46
v 37.4916 7.57909 46
v 37.0672 9.43847 46
v 36.5507 11.2744 46
v 35.9432 13.0823 46
v 35.2465 14.8576 46
v 34.4621 16.5961 46
v 33.592 18.2932 46
v 32.6384 19.9449 46
v 31.6036 21.547 46
v 30.4903 23.0955 46
v 29.3012 24.5866 46
v 28.0392 26.0166 46
v 26.7076 27.3819 46
v 25.3095 28.6791 46
v 23.8485 29.9051 46
v 22.3282 31.0566 46
v 20.7524 32.131 46
v 19.125 33.1255 46
v 17.4501 34.0376 46
v 15.7317 34.8651 46
v 13.9743 35.6059 46
v 12.1821 36.2582 46
v 10.3596 36.8204 46
v 8.51143 37.291 46
v 6.64204 37.6689 46
v 4.75615 37.9531 46
v 2.85843 38.143 46
v 0.953599 38.2381 46
v -0.953599 38.2381 46
v -2.85843 38.143 46
v -4.75615 37.9531 46
v -6.64204 37.6689 46
v -8.51143 37.291 46
v -10.3596 36.8204 46
v -12.1821 36.2582 46
v -13.9743 35.6059 46
v -15.7317 34.8651 46
v -17.4501 34.0376 46
v -19.125 33.1255 46
v -20.7524 32.131 46
v -22.3282 31.0566 46
v -23.8485 29.9051 46
v -25.3095 28.6791 46
v -26.7076 27.3819 46
v -28.0392 26.0166 46
v -29.3012 24.5866 46
v -30.4903 23.0955 46
v -31.6036 21.547 46
v -32.6384 19.9449 46
v -33.592 18.2932 46
v -34.4621 16.5961 46
v -35.2465 14.8576 46
v -35.9432 13.0823 46
v -36.5507 11.2744 46
v -37.0672 9.43847 46
v -37.4916 7.57909 46
v -37.8228 5.70087 46
v -38.0599 3.80847 46
v -38.2025 1.90661 46
v -38.25 -1.31207e-13 46
v -38.2025 -1.90661 46
v -38.0599 -3.80847 46
v -37.8228 -5.70087 46
v -37.4916 -7.57909 46
v -37.0672 -9.43847 46
v -36.5507 -11.2744 46
v -35.9432 -13.0823 46
v -35.2465 -14.8576 46
v -34.4621 -16.5961 46
v -33.592 -18.2932 46
v -32.6384 -19.9449 46
v -31.6036 -21.547 46
v -30.4903 -23.0955 46
v -29.3012 -24.5866 46
v -28.0392 -26.0166 46
v -26.7076 -27.3819 46
v -25.3095 -28.6791 46
v -23.8485 -29.9051 46
v -22.3282 -31.0566 46
v -20.7524 -32.131 46
v -19.125 -33.1255 46
v -17.4501 -34.0376 46
v -15.7317 -34.8651 46
v -13.9743 -35.6059 46
v -12.1821 -36.2582 46
v -10.3596 -36.8204 46
v -8.51143 -37.291 46
v -6.64204 -37.6689 46
v -4.75615 -37.9531 46
v -2.85843 -38.143 46
v -0.953599 -38.2381 46
v 0.953599 -38.2381 46
v 2.85843 -38.143 46
v 4.75615 -37.9531 46
v 6.64204 -37.6689 46
v 8.51143 -37.291 46
v 10.3596 -36.8204 46
v 12.1821 -36.2582 46
v 13.9743 -35.6059 46
v 15.7317 -34.8651 46
v 17.4501 -34.0376 46
v 19.125 -33.1255 46
v 20.7524 -32.131 46
v 22.3282 -31.0566 46
v 23.8485 -29.9051 46
v 25.3095 -28.6791 46
v 26.7076 -27.3819 46
v 28.0392 -26.0166 46
v 29.3012 -24.5866 46
v 30.4903 -23.0955 46
v 31.6036 -21.547 46
v 32.6384 -19.9449 46
v 33.592 -18.2932 46
v 34.4621 -16.5961 46
v 35.2465 -14.8576 46
v 35.9432 -13.0823 46
v 36.5507 -11.2744 46
v 37.0672 -9.43847 46
v 37.4916 -7.57909 46
v 37.8228 -5.70087 46
v 38.0599 -3.80847 46
v 38.2025 -1.90661 46
v 42.75 -1.04707e-14 43
v 42.75 -1.04707e-14 46
v 42.75 -1.04707e-14 46
v 42.6969 2.13091 46
v 42.5376 4.25653 46
v 42.2725 6.37156 46
v 41.9024 8.47075 46
v 41.4281 10.5489 46
v 40.8507 12.6008 46
v 40.1719 14.6214 46
v 39.3931 16.6056 46
v 38.5164 18.5485 46
v 37.544 20.4454 46
v 36.4782 22.2914 46
v 35.3217 24.0819 46
v 34.0774 25.8126 46
v 32.7484 27.4792 46
v 31.338 29.0774 46
v 29.8496 30.6033 46
v 28.2871 32.0531 46
v 26.6542 33.4233 46
v 24.955 34.7103 46
v 23.1939 35.9111 46
v 21.375 37.0226 46
v 19.503 38.042 46
v 17.5825 38.9669 46
v 15.6183 39.7949 46
v 13.6153 40.5239 46
v 11.5784 41.1522 46
v 9.51277 41.6782 46
v 7.42346 42.1005 46
v 5.31569 42.4182 46
v 3.19471 42.6305 46
v 1.06579 42.7367 46
v -1.06579 42.7367 46
v -3.19471 42.6305 46
v -5.31569 42.4182 46
v -7.42346 42.1005 46
v -9.51277 41.6782 46
v -11.5784 41.1522 46
v -13.6153 40.5239 46
v -15.6183 39.7949 46
v -17.5825 38.9669 46
v -19.503 38.042 46
v -21.375 37.0226 46
v -23.1939 35.9111 46
v -24.955 34.7103 46
v -26.6542 33.4233 46
v -28.2871 32.0531 46
v -29.8496 30.6033 46
v -31.338 29.0774 46
v -32.7484 27.4792 46
v -34.0774 25.8126 46
v -35.3217 24.0819 46
v -36.4782 22.2914 46
v -37.544 20.4454 46
v -38.5164 18.5485 46
v -39.3931 16.6056 46
v -40.1719 14.6214 46
v -40.8507 12.6008 46
v -41.4281 10.5489 46
v -41.9024 8.47075 46
v -42.2725 6.37156 46
v -42.5376 4.25653 46
v -42.6969 2.13091 46
v -42.75 -1.46643e-13 46
v -42.6969 -2.13091 46
v -42.5376 -4.25653 46
v -42.2725 -6.37156 46
v -41.9024 -8.47075 46
v -41.4281 -10.5489 46
v -40.8507 -12.6008 46
v -40.1719 -14.6214 46
v -39.3931 -16.6056 46
v -38.5164 -18.5485 46
v -37.544 -20.4454 46
v -36.4782 -22.2914 46
v -35.3217 -24.0819 46
v -34.0774 -25.8126 46
v -32.7484 -27.4792 46
v -31.338 -29.0774 46
v -29.8496 -30.6033 46
v -28.2871 -32.0531 46
v -26.6542 -33.4233 46
v -24.955 -34.7103 46
v -23.1939 -35.9111 46
v -21.375 -37.0226 46
v -19.503 -38.042 46
v -17.5825 -38.9669 46
v -15.6183 -39.7949 46
v -13.6153 -40.5239 46
v -11.5784 -41.1522 46
v -9.51277 -41.6782 46
v -7.42346 -42.1005 46
v -5.31569 -42.4182 46
v -3.19471 -42.6305 46
v -1.06579 -42.7367 46
v 1.06579 -42.7367 46
v 3.19471 -42.6305 46
v 5.31569 -42.4182 46
v 7.42346 -42.1005 46
v 9.51277 -41.6782 46
v 11.5784 -41.1522 46
v 13.6153 -40.5239 46
v 15.6183 -39.7949 46
v 17.5825 -38.9669 46
v 19.503 -38.042 46
v 21.375 -37.0226 46
v 23.1939 -35.9111 46
v 24.955 -34.7103 46
v 26.6542 -33.4233 46
v 28.2871 -32.0531 46
v 29.8496 -30.6033 46
v 31.338 -29.0774 46
v 32.7484 -27.4792 46
v 34.0774 -25.8126 46
v 35.3217 -24.0819 46
v 36.4782 -22.2914 46
v 37.544 -20.4454 46
v 38.5164 -18.5485 46
v 39.3931 -16.6056 46
v 40.1719 -14.6214 46
v 40.8507 -12.6008 46
v 41.4281 -10.5489 46
v 41.9024 -8.47075 46
v 42.2725 -6.37156 46
v 42.5376 -4.25653 46
v 42.6969 -2.13091 46
v 42.75 -1.04707e-14 43
v 42.6969 2.13091 43
v 42.5376 4.25653 43
v 42.2725 6.37156 43
v 41.9024 8.47075 43
v 41.4281 10.5489 43
v 40.8507 12.6008 43
v 40.1719 14.6214 43
v 39.3931 16.6056 43
v 38.5164 18.5485 43
v 37.544 20.4454 43
v 36.4782 22.2914 43
v 35.3217 24.0819 43
v 34.0774 25.8126 43
v 32.7484 27.4792 43
v 31.338 29.0774 43
v 29.8496 30.6033 43
v 28.2871 32.0531 43
v 26.6542 33.4233 43
v 24.955 34.7103 43
v 23.1939 35.9111 43
v 21.375 37.0226 43
v 19.503 38.042 43
v 17.5825 38.9669 43
v 15.6183 39.7949 43
v 13.6153 40.5239 43
v 11.5784 41.1522 43
v 9.51277 41.6782 43
v 7.42346 42.1005 43
v 5.31569 42.4182 43
v 3.19471 42.6305 43
v 1.06579 42.7367 43
v -1.06579 42.7367 43
v -3.19471 42.6305 43
v -5.31569 42.4182 43
v -7.42346 42.1005 43
v -9.51277 41.6782 43
v -11.5784 41.1522 43
v -13.6153 40.5239 43
v -15.6183 39.7949 43
v -17.5825 38.9669 43
v -19.503 38.042 43
v -21.375 37.0226 43
v -23.1939 35.9111 43
v -24.955 34.7103 43
v -26.6542 33.4233 43
v -28.2871 32.0531 43
v -29.8496 30.6033 43
v -31.338 29.0774 43
v -32.7484 27.4792 43
v -34.0774 25.8126 43
v -35.3217 24.0819 43
v -36.4782 22.2914 43
v -37.544 20.4454 43
v -38.5164 18.5485 43
v -39.3931 16.6056 43
v -40.1719 14.6214 43
v -40.8507 12.6008 43
v -41.4281 10.5489 43
v -41.9024 8.47075 43
v -42.2725 6.37156 43
v -42.5376 4.25653 43
v -42.6969 2.13091 43
v -42.75 -1.46643e-13 43
v -42.6969 -2.13091 43
v -42.5376 -4.25653 43
v -42.2725 -6.37156 43
v -41.9024 -8.47075 43
v -41.4281 -10.5489 43
v -40.8507 -12.6008 43
v -40.1719 -14.6214 43
v -39.3931 -16.6056 43
v -38.5164 -18.5485 43
v -37.544 -20.4454 43
v -36.4782 -22.2914 43
v -35.3217 -24.0819 43
v -34.0774 -25.8126 43
v -32.7484 -27.4792 43
v -31.338 -29.0774 43
v -29.8496 -30.6033 43
v -28.2871 -32.0531 43
v -26.6542 -33.4233 43
v -24.955 -34.7103 43
v -23.1939 -35.9111 43
v -21.375 -37.0226 43
v -19.503 -38.042 43
v -17.5825 -38.9669 43
v -15.6183 -39.7949 43
v -13.6153 -40.5239 43
v -11.5784 -41.1522 43
v -9.51277 -41.6782 43
v -7.42346 -42.1005 43
v -5.31569 -42.4182 43
v -3.19471 -42.6305 43
v -1.06579 -42.7367 43
v 1.06579 -42.7367 43
v 3.19471 -42.6305 43
v 5.31569 -42.4182 43
v 7.42346 -42.1005 43
v 9.51277 -41.6782 43
v 11.5784 -41.1522 43
v 13.6153 -40.5239 43
v 15.6183 -39.7949 43
v 17.5825 -38.9669 43
v 19.503 -38.042 43
v 21.375 -37.0226 43
v 23.1939 -35.9111 43
v 24.955 -34.7103 43
v 26.6542 -33.4233 43
v 28.2871 -32.0531 43
v 29.8496 -30.6033 43
v 31.338 -29.0774 43
v 32.7484 -27.4792 43
v 34.0774 -25.8126 43
v 35.3217 -24.0819 43
v 36.4782 -22.2914 43
v 37.544 -20.4454 43
v 38.5164 -18.5485 43
v 39.3931 -16.6056 43
v 40.1719 -14.6214 43
v 40.8507 -12.6008 43
v 41.4281 -10.5489 43
v 41.9024 -8.47075 43
v 42.2725 -6.37156 43
v 42.5376 -4.25653 43
v 42.6969 -2.13091 43
v 42.75 -1.04707e-14 43
v 42.6969 2.13091 43
v 42.5376 4.25653 43
v 42.2725 6.37156 43
v 41.9024 8.47075 43
v 41.4281 10.5489 43
v 40.8507 12.6008 43
v 40.1719 14.6214 43
v 39.3931 16.6056 43
v 38.5164 18.5485 43
v 37.544 20.4454 43
v 36.4782 22.2914 43
v 35.3217 24.0819 43
v 34.0774 25.8126 43
v 32.7484 27.4792 43
v 31.338 29.0774 43
v 29.8496 30.6033 43
v 28.2871 32.0531 43
v 26.6542 33.4233 43
v 24.955 34.7103 43
v 23.1939 35.9111 43
v 21.375 37.0226 43
v 19.503 38.042 43
v 17.5825 38.9669 43
v 15.6183 39.7949 43
v 13.6153 40.5239 43
v 11.5784 41.1522 43
v 9.51277 41.6782 43
v 7.42346 42.1005 43
v 5.31569 42.4182 43
v 3.19471 42.6305 43
v 1.06579 42.7367 43
v -1.06579 42.7367 43
v -3.19471 42.6305 43
v -5.31569 42.4182 43
v -7.42346 42.1005 43
v -9.51277 41.6782 43
v -11.5784 41.1522 43
v -13.6153 40.5239 43
v -15.6183 39.7949 43
v -17.5825 38.9669 43
v -19.503 38.042 43
v -21.375 37.0226 43
v -23.1939 35.9111 43
v -24.955 34.7103 43
v -26.6542 33.4233 43
v -28.2871 32.0531 43
v -29.8496 30.6033 43
v -31.338 29.0774 43
v -32.7484 27.4792 43
v -34.0774 25.8126 43
v -35.3217 24.0819 43
v -36.4782 22.2914 43
v -37.544 20.4454 43
v -38.5164 18.5485 43
v -39.3931 16.6056 43
v -40.1719 14.6214 43
v -40.8507 12.6008 43
v -41.4281 10.5489 43
v -41.9024 8.47075 43
v -42.2725 6.37156 43
v -42.5376 4.25653 43
v -42.6969 2.13091 43
v -42.75 -1.46643e-13 43
v -42.6969 -2.13091 43
v -42.5376 -4.25653 43
v -42.2725 -6.37156 43
v -41.9024 -8.47075 43
v -41.4281 -10.5489 43
v -40.8507 -12.6008 43
v -40.1719 -14.6214 43
v -39.3931 -16.6056 43
v -38.5164 -18.5485 43
v -37.544 -20.4454 43
v -36.4782 -22.2914 43
v -35.3217 -24.0819 43
v -34.0774 -25.8126 43
v -32.7484 -27.4792 43
v -31.338 -29.0774 43
v -29.8496 -30.6033 43
v -28.2871 -32.0531 43
v -26.6542 -33.4233 43
v -24.955 -34.7103 43
v -23.1939 -35.9111 43
v -21.375 -37.0226 43
v -19.503 -38.042 43
v -17.5825 -38.9669 43
v -15.6183 -39.7949 43
v -13.6153 -40.5239 43
v -11.5784 -41.1522 43
v -9.51277 -41.6782 43
v -7.42346 -42.1005 43
v -5.31569 -42.4182 43
v -3.19471 -42.6305 43
v -1.06579 -42.7367 43
v 1.06579 -42.7367 43
v 3.19471 -42.6305 43
v 5.31569 -42.4182 43
v 7.42346 -42.1005 43
v 9.51277 -41.6782 43
v 11.5784 -41.1522 43
v 13.6153 -40.5239 43
v 15.6183 -39.7949 43
v 17.5825 -38.9669 43
v 19.503 -38.042 43
v 21.375 -37.0226 43
v 23.1939 -35.9111 43
v 24.955 -34.7103 43
v 26.6542 -33.4233 43
v 28.2871 -32.0531 43
v 29.8496 -30.6033 43
v 31.338 -29.0774 43
v 32.7484 -27.4792 43
v 34.0774 -25.8126 43
v 35.3217 -24.0819 43
v 36.4782 -22.2914 43
v 37.544 -20.4454 43
v 38.5164 -18.5485 43
v 39.3931 -16.6056 43
v 40.1719 -14.6214 43
v 40.8507 -12.6008 43
v 41.4281 -10.5489 43
v 41.9024 -8.47075 43
v 42.2725 -6.37156 43
v 42.5376 -4.25653 43
v 42.6969 -2.13091 43
v 38.25 -9.36855e-15 43
v 38.2025 1.90661 43
v 38.0599 3.80847 43
v 37.8228 5.70087 43
v 37.4916 7.57909 43
v 37.0672 9.43847 43
v 36.5507 11.2744 43
v 35.9432 13.0823 43
v 35.2465 14.8576 43
v 34.4621 16.5961 43
v 33.592 18.2932 43
v 32.6384 19.9449 43
v 31.6036 21.547 43
v 30.4903 23.0955 43
v 29.3012 24.5866 43
v 28.0392 26.0166 43
v 26.7076 27.3819 43
v 25.3095 28.6791 43
v 23.8485 29.9051 43
v 22.3282 31.0566 43
v 20.7524 32.131 43
v 19.125 33.1255 43
v 17.4501 34.0376 43
v 15.7317 34.8651 43
v 13.9743 35.6059 43
v 12.1821 36.2582 43
v 10.3596 36.8204 43
v 8.51143 37.291 43
v 6.64204 37.6689 43
v 4.75615 37.9531 43
v 2.85843 38.143 43
v 0.953599 38.2381 43
v -0.953599 38.2381 43
v -2.85843 38.143 43
v -4.75615 37.9531 43
v -6.64204 37.6689 43
v -8.51143 37.291 43
v -10.3596 36.8204 43
v -12.1821 36.2582 43
v -13.9743 35.6059 43
v -15.7317 34.8651 43
v -17.4501 34.0376 43
v -19.125 33.1255 43
v -20.7524 32.131 43
v -22.3282 31.0566 43
v -23.8485 29.9051 43
v -25.3095 28.6791 43
v -26.7076 27.3819 43
v -28.0392 26.0166 43
v -29.3012 24.5866 43
v -30.4903 23.0955 43
v -31.6036 21.547 43
v -32.6384 19.9449 43
v -33.592 18.2932 43
v -34.4621 16.5961 43
v -35.2465 14.8576 43
v -35.9432 13.0823 43
v -36.5507 11.2744 43
v -37.0672 9.43847 43
v -37.4916 7.57909 43
v -37.8228 5.70087 43
v -38.0599 3.80847 43
v -38.2025 1.90661 43
v -38.25 -1.31207e-13 43
v -38.2025 -1.90661 43
v -38.0599 -3.80847 43
v -37.8228 -5.70087 43
v -37.4916 -7.57909 43
v -37.0672 -9.43847 43
v -36.5507 -11.2744 43
v -35.9432 -13.0823 43
v -35.2465 -14.8576 43
v -34.4621 -16.5961 43
v -33.592 -18.2932 43
v -32.6384 -19.9449 43
v -31.6036 -21.547 43
v -30.4903 -23.0955 43
v -29.3012 -24.5866 43
v -28.0392 -26.0166 43
v -26.7076 -27.3819 43
v -25.3095 -28.6791 43
v -23.8485 -29.9051 43
v -22.3282 -31.0566 43
v -20.7524 -32.131 43
v -19.125 -33.1255 43
v -17.4501 -34.0376 43
v -15.7317 -34.8651 43
v -13.9743 -35.6059 43
v -12.1821 -36.2582 43
v -10.3596 -36.8204 43
v -8.51143 -37.291 43
v -6.64204 -37.6689 43
v -4.75615 -37.9531 43
v -2.85843 -38.143 43
v -0.953599 -38.2381 43
v 0.953599 -38.2381 43
v 2.85843 -38.143 43
v 4.75615 -37.9531 43
v 6.64204 -37.6689 43
v 8.51143 -37.291 43
v 10.3596 -36.8204 43
v 12.1821 -36.2582 43
v 13.9743 -35.6059 43
v 15.7317 -34.8651 43
v 17.4501 -34.0376 43
v 19.125 -33.1255 43
v 20.7524 -32.131 43
v 22.3282 -31.0566 43
v 23.8485 -29.9051 43
v 25.3095 -28.6791 43
v 26.7076 -27.3819 43
v 28.0392 -26.0166 43
v 29.3012 -24.5866 43
v 30.4903 -23.0955 43
v 31.6036 -21.547 43
v 32.6384 -19.9449 43
v 33.592 -18.2932 43
v 34.4621 -16.5961 43
v 35.2465 -14.8576 43
v 35.9432 -13.0823 43
v 36.5507 -11.2744 43
v 37.0672 -9.43847 43
v 37.4916 -7.57909 43
v 37.8228 -5.70087 43
v 38.0599 -3.80847 43
v 38.2025 -1.90661 43
v 38.25 -9.36855e-15 43
v 38.2025 1.90661 43
v 38.0599 3.80847 43
v 37.8228 5.70087 43
v 37.4916 7.57909 43
v 37.0672 9.43847 43
v 36.5507 11.2744 43
v 35.9432 13.0823 43
v 35.2465 14.8576 43
v 34.4621 16.5961 43
v 33.592 18.2932 43
v 32.6384 19.9449 43
v 31.6036 21.547 43
v 30.4903 23.0955 43
v 29.3012 24.5866 43
v 28.0392 26.0166 43
v 26.7076 27.3819 43
v 25.3095 28.6791 43
v 23.8485 29.9051 43
v 22.3282 31.0566 43
v 20.7524 32.131 43
v 19.125 33.1255 43
v 17.4501 34.0376 43
v 15.7317 34.8651 43
v 13.9743 35.6059 43
v 12.1821 36.2582 43
v 10.3596 36.8204 43
v 8.51143 37.291 43
v 6.64204 37.6689 43
v 4.75615 37.9531 43
v 2.85843 38.143 43
v 0.953599 38.2381 43
v -0.953599 38.2381 43
v -2.85843 38.143 43
v -4.75615 37.9531 43
v -6.64204 37.6689 43
v -8.51143 37.291 43
v -10.3596 36.8204 43
v -12.1821 36.2582 43
v -13.9743 35.6059 43
v -15.7317 34.8651 43
v -17.4501 34.0376 43
v -19.125 33.1255 43
v -20.7524 32.131 43
v -22.3282 31.0566 43
v -23.8485 29.9051 43
v -25.3095 28.6791 43
v -26.7076 27.3819 43
v -28.0392 26.0166 43
v -29.3012 24.5866 43
v -30.4903 23.0955 43
v -31.6036 21.547 43
v -32.6384 19.9449 43
v -33.592 18.2932 43
v -34.4621 16.5961 43
v -35.2465 14.8576 43
v -35.9432 13.0823 43
v -36.5507 11.2744 43
v -37.0672 9.43847 43
v -37.4916 7.57909 43
v -37.8228 5.70087 43
v -38.0599 3.80847 43
v -38.2025 1.90661 43
v -38.25 -1.31207e-13 43
v -38.2025 -1.90661 43
v -38.0599 -3.80847 43
v -37.8228 -5.70087 43
v -37.4916 -7.57909 43
v -37.0672 -9.43847 43
v -36.5507 -11.2744 43
v -35.9432 -13.0823 43
v -35.2465 -14.8576 43
v -34.4621 -16.5961 43
v -33.592 -18.2932 43
v -32.6384 -19.9449 43
v -31.6036 -21.547 43
v -30.4903 -23.0955 43
v -29.3012 -24.5866 43
v -28.0392 -26.0166 43
v -26.7076 -27.3819 43
v -25.3095 -28.6791 43
v -23.8485 -29.9051 43
v -22.3282 -31.0566 43
v -20.7524 -32.131 43
v -19.125 -33.1255 43
v -17.4501 -34.0376 43
v -15.7317 -34.8651 43
v -13.9743 -35.6059 43
v -12.1821 -36.2582 43
v -10.3596 -36.8204 43
v -8.51143 -37.291 43
v -6.64204 -37.6689 43
v -4.75615 -37.9531 43
v -2.85843 -38.143 43
v -0.953599 -38.2381 43
v 0.953599 -38.2381 43
v 2.85843 -38.143 43
v 4.75615 -37.9531 43
v 6.64204 -37.6689 43
v 8.51143 -37.291 43
v 10.3596 -36.8204 43
v 12.1821 -36.2582 43
v 13.9743 -35.6059 43
v 15.7317 -34.8651 43
v 17.4501 -34.0376 43
v 19.125 -33.1255 43
v 20.7524 -32.131 43
v 22.3282 -31.0566 43
v 23.8485 -29.9051 43
v 25.3095 -28.6791 43
v 26.7076 -27.3819 43
v 28.0392 -26.0166 43
v 29.3012 -24.5866 43
v 30.4903 -23.0955 43
v 31.6036 -21.547 43
v 32.6384 -19.9449 43
v 33.592 -18.2932 43
v 34.4621 -16.5961 43
v 35.2465 -14.8576 43
v 35.9432 -13.0823 43
v 36.5507 -11.2744 43
v 37.0672 -9.43847 43
v 37.4916 -7.57909 43
v 37.8228 -5.70087 43
v 38.0599 -3.80847 43
v 38.2025 -1.90661 43
v 38.25 -9.36855e-15 43
v 38.25 -9.36855e-15 40
v 38.2025 1.90661 40
v 38.0599 3.80847 40
v 37.8228 5.70087 40
v 37.4916 7.57909 40
v 37.0672 9.43847 40
v 36.5507 11.2744 40
v 35.9432 13.0823 40
v 35.2465 14.8576 40
v 34.4621 16.5961 40
v 33.592 18.2932 40
v 32.6384 19.9449 40
v 31.6036 21.547 40
v 30.4903 23.0955 40
v 29.3012 24.5866 40
v 28.0392 26.0166 40
v 26.7076 27.3819 40
v 25.3095 28.6791 40
v 23.8485 29.9051 40
v 22.3282 31.0566 40
v 20.7524 32.131 40
v 19.125 33.1255 40
v 17.4501 34.0376 40
v 15.7317 34.8651 40
v 13.9743 35.6059 40
v 12.1821 36.2582 40
v 10.3596 36.8204 40
v 8.51143 37.291 40
v 6.64204 37.6689 40
v 4.75615 37.9531 40
v 2.85843 38.143 40
v 0.953599 38.2381 40
v -0.953599 38.2381 40
v -2.85843 38.143 40
v -4.75615 37.9531 40
v -6.64204 37.6689 40
v -8.51143 37.291 40
v -10.3596 36.8204 40
v -12.1821 36.2582 40
v -13.9743 35.6059 40
v -15.7317 34.8651 40
v -17.4501 34.0376 40
v -19.125 33.1255 40
v -20.7524 32.131 40
v -22.3282 31.0566 40
v -23.8485 29.9051 40
v -25.3095 28.6791 40
v -26.7076 27.3819 40
v -28.0392 26.0166 40
v -29.3012 24.5866 40
v -30.4903 23.0955 40
v -31.6036 21.547 40
v -32.6384 19.9449 40
v -33.592 18.2932 40
v -34.4621 16.5961 40
v -35.2465 14.8576 40
v -35.9432 13.0823 40
v -36.5507 11.2744 40
v -37.0672 9.43847 40
v -37.4916 7.57909 40
v -37.8228 5.70087 40
v -38.0599 3.80847 40
v -38.2025 1.90661 40
v -38.25 -1.31207e-13 40
v -38.2025 -1.90661 40
v -38.0599 -3.80847 40
v -37.8228 -5.70087 40
v -37.4916 -7.57909 40
v -37.0672 -9.43847 40
v -36.5507 -11.2744 40
v -35.9432 -13.0823 40
v -35.2465 -14.8576 40
v -34.4621 -16.5961 40
v -33.592 -18.2932 40
v -32.6384 -19.9449 40
v -31.6036 -21.547 40
v -30.4903 -23.0955 40
v -29.3012 -24.5866 40
v -28.0392 -26.0166 40
v -26.7076 -27.3819 40
v -25.3095 -28.6791 40
v -23.8485 -29.9051 40
v -22.3282 -31.0566 40
v -20.7524 -32.131 40
v -19.125 -33.1255 40
v -17.4501 -34.0376 40
v -15.7317 -34.8651 40
v -13.9743 -35.6059 40
v -12.1821 -36.2582 40
v -10.3596 -36.8204 40
v -8.51143 -37.291 40
v -6.64204 -37.6689 40
v -4.75615 -37.9531 40
v -2.85843 -38.143 40
v -0.953599 -38.2381 40
v 0.953599 -38.2381 40
v 2.85843 -38.143 40
v 4.75615 -37.9531 40
v 6.64204 -37.6689 40
v 8.51143 -37.291 40
v 10.3596 -36.8204 40
v 12.1821 -36.2582 40
v 13.9743 -35.6059 40
v 15.7317 -34.8651 40
v 17.4501 -34.0376 40
v 19.125 -33.1255 40
v 20.7524 -32.131 40
v 22.3282 -31.0566 40
v 23.8485 -29.9051 40
v 25.3095 -28.6791 40
v 26.7076 -27.3819 40
v 28.0392 -26.0166 40
v 29.3012 -24.5866 40
v 30.4903 -23.0955 40
v 31.6036 -21.547 40
v 32.6384 -19.9449 40
v 33.592 -18.2932 40
v 34.4621 -16.5961 40
v 35.2465 -14.8576 40
v 35.9432 -13.0823 40
v 36.5507 -11.2744 40
v 37.0672 -9.43847 40
v 37.4916 -7.57909 40
v 37.8228 -5.70087 40
v 38.0599 -3.80847 40
v 38.2025 -1.90661 40
v 38.25 -9.36855e-15 40
v 42.75 -1.04707e-14 40
v 42.6969 2.13091 40
v 42.5376 4.25653 40
v 42.2725 6.37156 40
v 41.9024 8.47075 40
v 41.4281 10.5489 40
v 40.8507 12.6008 40
v 40.1719 14.6214 40
v 39.3931 16.6056 40
v 38.5164 18.5485 40
v 37.544 20.4454 40
v 36.4782 22.2914 40
v 35.3217 24.0819 40
v 34.0774 25.8126 40
v 32.7484 27.4792 40
v 31.338 29.0774 40
v 29.8496 30.6033 40
v 28.2871 32.0531 40
v 26.6542 33.4233 40
v 24.955 34.7103 40
v 23.1939 35.9111 40
v 21.375 37.0226 40
v 19.503 38.042 40
v 17.5825 38.9669 40
v 15.6183 39.7949 40
v 13.6153 40.5239 40
v 11.5784 41.1522 40
v 9.51277 41.6782 40
v 7.42346 42.1005 40
v 5.31569 42.4182 40
v 3.19471 42.6305 40
v 1.06579 42.7367 40
v -1.06579 42.7367 40
v -3.19471 42.6305 40
v -5.31569 42.4182 40
v -7.42346 42.1005 40
v -9.51277 41.6782 40
v -11.5784 41.1522 40
v -13.6153 40.5239 40
v -15.6183 39.7949 40
v -17.5825 38.9669 40
v -19.503 38.042 40
v -21.375 37.0226 40
v -23.1939 35.9111 40
v -24.955 34.7103 40
v -26.6542 33.4233 40
v -28.2871 32.0531 40
v -29.8496 30.6033 40
v -31.338 29.0774 40
v -32.7484 27.4792 40
v -34.0774 25.8126 40
v -35.3217 24.0819 40
v -36.4782 22.2914 40
v -37.544 20.4454 40
v -38.5164 18.5485 40
v -39.3931 16.6056 40
v -40.1719 14.6214 40
v -40.8507 12.6008 40
v -41.4281 10.5489 40
v -41.9024 8.47075 40
v -42.2725 6.37156 40
v -42.5376 4.25653 40
v -42.6969 2.13091 40
v -42.75 -1.46643e-13 40
v -42.6969 -2.13091 40
v -42.5376 -4.25653 40
v -42.2725 -6.37156 40
v -41.9024 -8.47075 40
v -41.4281 -10.5489 40
v -40.8507 -12.6008 40
v -40.1719 -14.6214 40
v -39.3931 -16.6056 40
v -38.5164 -18.5485 40
v -37.544 -20.4454 40
v -36.4782 -22.2914 40
v -35.3217 -24.0819 40
v -34.0774 -25.8126 40
v -32.7484 -27.4792 40
v -31.338 -29.0774 40
v -29.8496 -30.6033 40
v -28.2871 -32.0531 40
v -26.6542 -33.4233 40
v -24.955 -34.7103 40
v -23.1939 -35.9111 40
v -21.375 -37.0226 40
v -19.503 -38.042 40
v -17.5825 -38.9669 40
v -15.6183 -39.7949 40
v -13.6153 -40.5239 40
v -11.5784 -41.1522 40
v -9.51277 -41.6782 40
v -7.42346 -42.1005 40
v -5.31569 -42.4182 40
v -3.19471 -42.6305 40
v -1.06579 -42.7367 40
v 1.06579 -42.7367 40
v 3.19471 -42.6305 40
v 5.31569 -42.4182 40
v 7.42346 -42.1005 40
v 9.51277 -41.6782 40
v 11.5784 -41.1522 40
v 13.6153 -40.5239 40
v 15.6183 -39.7949 40
v 17.5825 -38.9669 40
v 19.503 -38.042 40
v 21.375 -37.0226 40
v 23.1939 -35.9111 40
v 24.955 -34.7103 40
v 26.6542 -33.4233 40
v 28.2871 -32.0531 40
v 29.8496 -30.6033 40
v 31.338 -29.0774 40
v 32.7484 -27.4792 40
v 34.0774 -25.8126 40
v 35.3217 -24.0819 40
v 36.4782 -22.2914 40
v 37.544 -20.4454 40
v 38.5164 -18.5485 40
v 39.3931 -16.6056 40
v 40.1719 -14.6214 40
v 40.8507 -12.6008 40
v 41.4281 -10.5489 40
v 41.9024 -8.47075 40
v 42.2725 -6.37156 40
v 42.5376 -4.25653 40
v 42.6969 -2.13091 40
v 38.25 -9.36855e-15 40
v 38.2025 1.90661 40
v 38.0599 3.80847 40
v 37.8228 5.70087 40
v 37.4916 7.57909 40
v 37.0672 9.43847 40
v 36.5507 11.2744 40
v 35.9432 13.0823 40
v 35.2465 14.8576 40
v 34.4621 16.5961 40
v 33.592 18.2932 40
v 32.6384 19.9449 40
v 31.6036 21.547 40
v 30.4903 23.0955 40
v 29.3012 24.5866 40
v 28.0392 26.0166 40
v 26.7076 27.3819 40
v 25.3095 28.6791 40
v 23.8485 29.9051 40
v 22.3282 31.0566 40
v 20.7524 32.131 40
v 19.125 33.1255 40
v 17.4501 34.0376 40
v 15.7317 34.8651 40
v 13.9743 35.6059 40
v 12.1821 36.2582 40
v 10.3596 36.8204 40
v 8.51143 37.291 40
v 6.64204 37.6689 40
v 4.75615 37.9531 40
v 2.85843 38.143 40
v 0.953599 38.2381 40
v -0.953599 38.2381 40
v -2.85843 38.143 40
v -4.75615 37.9531 40
v -6.64204 37.6689 40
v -8.51143 37.291 40
v -10.3596 36.8204 40
v -12.1821 36.2582 40
v -13.9743 35.6059 40
v -15.7317 34.8651 40
v -17.4501 34.0376 40
v -19.125 33.1255 40
v -20.7524 32.131 40
v -22.3282 31.0566 40
v -23.8485 29.9051 40
v -25.3095 28.6791 40
v -26.7076 27.3819 40
v -28.0392 26.0166 40
v -29.3012 24.5866 40
v -30.4903 23.0955 40
v -31.6036 21.547 40
v -32.6384 19.9449 40
v -33.592 18.2932 40
v -34.4621 16.5961 40
v -35.2465 14.8576 40
v -35.9432 13.0823 40
v -36.5507 11.2744 40
v -37.0672 9.43847 40
v -37.4916 7.57909 40
v -37.8228 5.70087 40
v -38.0599 3.80847 40
v -38.2025 1.90661 40
v -38.25 -1.31207e-13 40
v -38.2025 -1.90661 40
v -38.0599 -3.80847 40
v -37.8228 -5.70087 40
v -37.4916 -7.57909 40
v -37.0672 -9.43847 40
v -36.5507 -11.2744 40
v -35.9432 -13.0823 40
v -35.2465 -14.8576 40
v -34.4621 -16.5961 40
v -33.592 -18.2932 40
v -32.6384 -19.9449 40
v -31.6036 -21.547 40
v -30.4903 -23.0955 40
v -29.3012 -24.5866 40
v -28.0392 -26.0166 40
v -26.7076 -27.3819 40
v -25.3095 -28.6791 40
v -23.8485 -29.9051 40
v -22.3282 -31.0566 40
v -20.7524 -32.131 40
v -19.125 -33.1255 40
v -17.4501 -34.0376 40
v -15.7317 -34.8651 40
v -13.9743 -35.6059 40
v -12.1821 -36.2582 40
v -10.3596 -36.8204 40
v -8.51143 -37.291 40
v -6.64204 -37.6689 40
v -4.75615 -37.9531 40
v -2.85843 -38.143 40
v -0.953599 -38.2381 40
v 0.953599 -38.2381 40
v 2.85843 -38.143 40
v 4.75615 -37.9531 40
v 6.64204 -37.6689 40
v 8.51143 -37.291 40
v 10.3596 -36.8204 40
v 12.1821 -36.2582 40
v 13.9743 -35.6059 40
v 15.7317 -34.8651 40
v 17.4501 -34.0376 40
v 19.125 -33.1255 40
v 20.7524 -32.131 40
v 22.3282 -31.0566 40
v 23.8485 -29.9051 40
v 25.3095 -28.6791 40
v 26.7076 -27.3819 40
v 28.0392 -26.0166 40
v 29.3012 -24.5866 40
v 30.4903 -23.0955 40
v 31.6036 -21.547 40
v 32.6384 -19.9449 40
v 33.592 -18.2932 40
v 34.4621 -16.5961 40
v 35.2465 -14.8576 40
v 35.9432 -13.0823 40
v 36.5507 -11.2744 40
v 37.0672 -9.43847 40
v 37.4916 -7.57909 40
v 37.8228 -5.70087 40
v 38.0599 -3.80847 40
v 38.2025 -1.90661 40
v 42.75 -1.04707e-14 0
v 42.75 -1.04707e-14 40
v 42.75 -1.04707e-14 40
v 42.6969 2.13091 40
v 42.5376 4.25653 40
v 42.2725 6.37156 40
v 41.9024 8.47075 40
v 41.4281 10.5489 40
v 40.8507 12.6008 40
v 40.1719 14.6214 40
v 39.3931 16.6056 40
v 38.5164 18.5485 40
v 37.544 20.4454 40
v 36.4782 22.2914 40
v 35.3217 24.0819 40
v 34.0774 25.8126 40
v 32.7484 27.4792 40
v 31.338 29.0774 40
v 29.8496 30.6033 40
v 28.2871 32.0531 40
v 26.6542 33.4233 40
v 24.955 34.7103 40
v 23.1939 35.9111 40
v 21.375 37.0226 40
v 19.503 38.042 40
v 17.5825 38.9669 40
v 15.6183 39.7949 40
v 13.6153 40.5239 40
v 11.5784 41.1522 40
v 9.51277 41.6782 40
v 7.42346 42.1005 40
v 5.31569 42.4182 40
v 3.19471 42.6305 40
v 1.06579 42.7367 40
v -1.06579 42.7367 40
v -3.19471 42.6305 40
v -5.31569 42.4182 40
v -7.42346 42.1005 40
v -9.51277 41.6782 40
v -11.5784 41.1522 40
v -13.6153 40.5239 40
v -15.6183 39.7949 40
v -17.5825 38.9669 40
v -19.503 38.042 40
v -21.375 37.0226 40
v -23.1939 35.9111 40
v -24.955 34.7103 40
v -26.6542 33.4233 40
v -28.2871 32.0531 40
v -29.8496 30.6033 40
v -31.338 29.0774 40
v -32.7484 27.4792 40
v -34.0774 25.8126 40
v -35.3217 24.0819 40
v -36.4782 22.2914 40
v -37.544 20.4454 40
v -38.5164 18.5485 40
v -39.3931 16.6056 40
v -40.1719 14.6214 40
v -40.8507 12.6008 40
v -41.4281 10.5489 40
v -41.9024 8.47075 40
v -42.2725 6.37156 40
v -42.5376 4.25653 40
v -42.6969 2.13091 40
v -42.75 -1.46643e-13 40
v -42.6969 -2.13091 40
v -42.5376 -4.25653 40
v -42.2725 -6.37156 40
v -41.9024 -8.47075 40
v -41.4281 -10.5489 40
v -40.8507 -12.6008 40
v -40.1719 -14.6214 40
v -39.3931 -16.6056 40
v -38.5164 -18.5485 40
v -37.544 -20.4454 40
v -36.4782 -22.2914 40
v -35.3217 -24.0819 40
v -34.0774 -25.8126 40
v -32.7484 -27.4792 40
v -31.338 -29.0774 40
v -29.8496 -30.6033 40
v -28.2871 -32.0531 40
v -26.6542 -33.4233 40
v -24.955 -34.7103 40
v -23.1939 -35.9111 40
v -21.375 -37.0226 40
v -19.503 -38.042 40
v -17.5825 -38.9669 40
v -15.6183 -39.7949 40
v -13.6153 -40.5239 40
v -11.5784 -41.1522 40
v -9.51277 -41.6782 40
v -7.42346 -42.1005 40
v -5.31569 -42.4182 40
v -3.19471 -42.6305 40
v -1.06579 -42.7367 40
v 1.06579 -42.7367 40
v 3.19471 -42.6305 40
v 5.31569 -42.4182 40
v 7.42346 -42.1005 40
v 9.51277 -41.6782 40
v 11.5784 -41.1522 40
v 13.6153 -40.5239 40
v 15.6183 -39.7949 40
v 17.5825 -38.9669 40
v 19.503 -38.042 40
v 21.375 -37.0226 40
v 23.1939 -35.9111 40
v 24.955 -34.7103 40
v 26.6542 -33.4233 40
v 28.2871 -32.0531 40
v 29.8496 -30.6033 40
v 31.338 -29.0774 40
v 32.7484 -27.4792 40
v 34.0774 -25.8126 40
v 35.3217 -24.0819 40
v 36.4782 -22.2914 40
v 37.544 -20.4454 40
v 38.5164 -18.5485 40
v 39.3931 -16.6056 40
v 40.1719 -14.6214 40
v 40.8507 -12.6008 40
v 41.4281 -10.5489 40
v 41.9024 -8.47075 40
v 42.2725 -6.37156 40
v 42.5376 -4.25653 40
v 42.6969 -2.13091 40
v 42.75 -1.04707e-14 0
v 42.6969 2.13091 0
v 42.5376 4.25653 0
v 42.2725 6.37156 0
v 41.9024 8.47075 0
v 41.4281 10.5489 0
v 40.8507 12.6008 0
v 40.1719 14.6214 0
v 39.3931 16.6056 0
v 38.5164 18.5485 0
v 37.544 20.4454 0
v 36.4782 22.2914 0
v 35.3217 24.0819 0
v 34.0774 25.8126 0
v 32.7484 27.4792 0
v 31.338 29.0774 0
v 29.8496 30.6033 0
v 28.2871 32.0531 0
v 26.6542 33.4233 0
v 24.955 34.7103 0
v 23.1939 35.9111 0
v 21.375 37.0226 0
v 19.503 38.042 0
v 17.5825 38.9669 0
v 15.6183 39.7949 0
v 13.6153 40.5239 0
v 11.5784 41.1522 0
v 9.51277 41.6782 0
v 7.42346 42.1005 0
v 5.31569 42.4182 0
v 3.19471 42.6305 0
v 1.06579 42.7367 0
v -1.06579 42.7367 0
v -3.19471 42.6305 0
v -5.31569 42.4182 0
v -7.42346 42.1005 0
v -9.51277 41.6782 0
v -11.5784 41.1522 0
v -13.6153 40.5239 0
v -15.6183 39.7949 0
v -17.5825 38.9669 0
v -19.503 38.042 0
v -21.375 37.0226 0
v -23.1939 35.9111 0
v -24.955 34.7103 0
v -26.6542 33.4233 0
v -28.2871 32.0531 0
v -29.8496 30.6033 0
v -31.338 29.0774 0
v -32.7484 27.4792 0
v -34.0774 25.8126 0
v -35.3217 24.0819 0
v -36.4782 22.2914 0
v -37.544 20.4454 0
v -38.5164 18.5485 0
v -39.3931 16.6056 0
v -40.1719 14.6214 0
v -40.8507 12.6008 0
v -41.4281 10.5489 0
v -41.9024 8.47075 0
v -42.2725 6.37156 0
v -42.5376 4.25653 0
v -42.6969 2.13091 0
v -42.75 -1.46643e-13 0
v -42.6969 -2.13091 0
v -42.5376 -4.25653 0
v -42.2725 -6.37156 0
v -41.9024 -8.47075 0
v -41.4281 -10.5489 0
v -40.8507 -12.6008 0
v -40.1719 -14.6214 0
v -39.3931 -16.6056 0
v -38.5164 -18.5485 0
v -37.544 -20.4454 0
v -36.4782 -22.2914 0
v -35.3217 -24.0819 0
v -34.0774 -25.8126 0
v -32.7484 -27.4792 0
v -31.338 -29.0774 0
v -29.8496 -30.6033 0
v -28.2871 -32.0531 0
v -26.6542 -33.4233 0
v -24.955 -34.7103 0
v -23.1939 -35.9111 0
v -21.375 -37.0226 0
v -19.503 -38.042 0
v -17.5825 -38.9669 0
v -15.6183 -39.7949 0
v -13.6153 -40.5239 0
v -11.5784 -41.1522 0
v -9.51277 -41.6782 0
v -7.42346 -42.1005 0
v -5.31569 -42.4182 0
v -3.19471 -42.6305 0
v -1.06579 -42.7367 0
v 1.06579 -42.7367 0
v 3.19471 -42.6305 0
v 5.31569 -42.4182 0
v 7.42346 -42.1005 0
v 9.51277 -41.6782 0
v 11.5784 -41.1522 0
v 13.6153 -40.5239 0
v 15.6183 -39.7949 0
v 17.5825 -38.9669 0
v 19.503 -38.042 0
v 21.375 -37.0226 0
v 23.1939 -35.9111 0
v 24.955 -34.7103 0
v 26.6542 -33.4233 0
v 28.2871 -32.0531 0
v 29.8496 -30.6033 0
v 31.338 -29.0774 0
v 32.7484 -27.4792 0
v 34.0774 -25.8126 0
v 35.3217 -24.0819 0
v 36.4782 -22.2914 0
v 37.544 -20.4454 0
v 38.5164 -18.5485 0
v 39.3931 -16.6056 0
v 40.1719 -14.6214 0
v 40.8507 -12.6008 0
v 41.4281 -10.5489 0
v 41.9024 -8.47075 0
v 42.2725 -6.37156 0
v 42.5376 -4.25653 0
v 42.6969 -2.13091 0
v 11 -41.3106 24
v 10.9919 -41.3127 24.4213
v 10.9677 -41.3191 24.8422
v 10.9273 -41.3298 25.2622
v 10.8708 -41.3448 25.6812
v 10.7979 -41.3638 26.0988
v 10.7087 -41.387 26.5145
v 10.6031 -41.4142 26.9281
v 10.4809 -41.4453 27.3392
v 10.3421 -41.4802 27.7473
v 10.1863 -41.5187 28.152
v 10.0135 -41.5607 28.5529
v 9.82354 -41.606 28.9496
v 9.61612 -41.6544 29.3414
v 9.39106 -41.7058 29.7278
v 9.14812 -41.7597 30.1083
v 8.88693 -41.8161 30.4825
v 8.60688 -41.8746 30.8499
v 8.30766 -41.935 31.2099
v 7.98902 -41.9969 31.5615
v 7.65071 -42.0598 31.9036
v 7.29253 -42.1234 32.2352
v 6.91429 -42.1871 32.5553
v 6.51584 -42.2505 32.8625
v 6.09707 -42.313 33.1556
v 5.65791 -42.3739 33.4333
v 5.19834 -42.4328 33.6942
v 4.71841 -42.4888 33.9366
v 4.26913 -42.5363 34.1378
v 3.85084 -42.5762 34.3039
v 3.41948 -42.613 34.455
v 2.97549 -42.6463 34.5899
v 2.52032 -42.6756 34.7074
v 2.05566 -42.7005 34.8062
v 1.58324 -42.7207 34.8855
v 1.10485 -42.7357 34.9444
v 0.622268 -42.7455 34.9824
v 0.137335 -42.7498 34.9991
v -0.348119 -42.7486 34.9945
v -0.832254 -42.7419 34.9685
v -1.31324 -42.7298 34.9213
v -1.78926 -42.7125 34.8535
v -2.25852 -42.6903 34.7656
v -2.71927 -42.6634 34.6586
v -3.16979 -42.6323 34.5334
v -3.60842 -42.5974 34.3913
v -4.03412 -42.5592 34.2336
v -4.44669 -42.5181 34.0612
v -4.84601 -42.4744 33.875
v -5.23202 -42.4286 33.6761
v -5.60465 -42.381 33.4651
v -5.96389 -42.332 33.2429
v -6.30975 -42.2818 33.0104
v -6.64225 -42.2308 32.7682
v -6.96143 -42.1794 32.5169
v -7.26737 -42.1278 32.2574
v -7.56014 -42.0762 31.9903
v -7.83983 -42.025 31.716
v -8.10656 -41.9744 31.4353
v -8.36044 -41.9245 31.1486
v -8.6016 -41.8757 30.8566
v -8.83019 -41.8281 30.5596
v -9.04634 -41.7819 30.2581
v -9.25034 -41.7372 29.9524
v -9.44251 -41.6941 29.6426
v -9.62299 -41.6529 29.329
v -9.79189 -41.6135 29.0119
v -9.94934 -41.5761 28.6915
v -10.0954 -41.5409 28.3683
v -10.2303 -41.5079 28.0424
v -10.354 -41.4772 27.714
v -10.4667 -41.4489 27.3835
v -10.5684 -41.4231 27.051
v -10.6592 -41.3998 26.7167
v -10.7392 -41.3791 26.3809
v -10.8085 -41.3611 26.0438
v -10.867 -41.3458 25.7056
v -10.9148 -41.3332 25.3663
v -10.952 -41.3233 25.0263
v -10.9786 -41.3163 24.6857
v -10.9946 -41.312 24.3447
v -11 -41.3106 24.0034
v -10.9948 -41.3119 23.6621
v -10.979 -41.3161 23.3211
v -10.9527 -41.3231 22.9805
v -10.9157 -41.3329 22.6405
v -10.868 -41.3455 22.3013
v -10.8097 -41.3608 21.963
v -10.7407 -41.3787 21.6258
v -10.661 -41.3994 21.29
v -10.5704 -41.4226 20.9558
v -10.4689 -41.4483 20.6232
v -10.3564 -41.4766 20.2926
v -10.2329 -41.5072 19.9642
v -10.0983 -41.5402 19.6383
v -9.9524 -41.5754 19.3149
v -9.79518 -41.6127 18.9946
v -9.62651 -41.652 18.6774
v -9.44627 -41.6933 18.3637
v -9.25433 -41.7363 18.0538
v -9.05058 -41.781 17.748
v -8.83467 -41.8272 17.4465
v -8.60634 -41.8747 17.1494
v -8.36543 -41.9235 16.8572
v -8.1118 -41.9733 16.5704
v -7.84533 -42.024 16.2896
v -7.5659 -42.0752 16.0152
v -7.2734 -42.1267 15.7479
v -6.96773 -42.1784 15.4882
v -6.64881 -42.2298 15.2368
v -6.31658 -42.2808 14.9944
v -5.97099 -42.331 14.7616
v -5.61202 -42.38 14.5393
v -5.23965 -42.4277 14.3281
v -4.85392 -42.4735 14.1289
v -4.45486 -42.5173 13.9425
v -4.04256 -42.5584 13.7698
v -3.61712 -42.5967 13.6117
v -3.17874 -42.6317 13.4693
v -2.72844 -42.6628 13.3438
v -2.26788 -42.6898 13.2363
v -1.79877 -42.7121 13.1481
v -1.32287 -42.7295 13.0798
v -0.841967 -42.7417 13.0323
v -0.357876 -42.7485 13.0058
v 0.12757 -42.7498 13.0007
v 0.612533 -42.7456 13.0171
v 1.09518 -42.736 13.0547
v 1.57368 -42.721 13.1131
v 2.04623 -42.701 13.192
v 2.51107 -42.6762 13.2904
v 2.96644 -42.647 13.4075
v 3.41068 -42.6137 13.5421
v 3.84231 -42.577 13.6929
v 4.26091 -42.5371 13.8588
v 4.66634 -42.4946 14.0388
v 5.0585 -42.4497 14.2321
v 5.43733 -42.4028 14.4378
v 5.80277 -42.3543 14.6551
v 6.15482 -42.3046 14.8831
v 6.4935 -42.254 15.1211
v 6.81882 -42.2027 15.3684
v 7.13084 -42.1511 15.6244
v 7.42964 -42.0994 15.8882
v 7.71529 -42.048 16.1594
v 7.98789 -41.9971 16.4374
v 8.24756 -41.9469 16.7214
v 8.49442 -41.8976 17.0111
v 8.7286 -41.8494 17.3059
v 8.95025 -41.8026 17.6052
v 9.15972 -41.7572 17.9091
v 9.3573 -41.7133 18.2172
v 9.5431 -41.6712 18.5292
v 9.71727 -41.631 18.8449
v 9.87993 -41.5927 19.164
v 10.0312 -41.5564 19.4861
v 10.1711 -41.5224 19.8109
v 10.2999 -41.4907 20.1384
v 10.4175 -41.4613 20.468
v 10.5242 -41.4343 20.7998
v 10.6199 -41.4099 21.1334
v 10.7048 -41.388 21.4686
v 10.7788 -41.3688 21.8052
v 10.8421 -41.3523 22.1431
v 10.8948 -41.3384 22.482
v 10.9367 -41.3274 22.8218
v 10.9681 -41.3191 23.1623
v 10.9888 -41.3135 23.5032
v 10.9972 -41.3113 23.7516
v 11 41.3106 24
v 10.9919 41.3127 24.4213
v 10.9677 41.3191 24.8422
v 10.9273 41.3298 25.2622
v 10.8708 41.3448 25.6812
v 10.7979 41.3638 26.0988
v 10.7087 41.387 26.5145
v 10.6031 41.4142 26.9281
v 10.4809 41.4453 27.3392
v 10.3421 41.4802 27.7473
v 10.1863 41.5187 28.152
v 10.0135 41.5607 28.5529
v 9.82354 41.606 28.9496
v 9.61612 41.6544 29.3414
v 9.39106 41.7058 29.7278
v 9.14812 41.7597 30.1083
v 8.88693 41.8161 30.4825
v 8.60688 41.8746 30.8499
v 8.30766 41.935 31.2099
v 7.98902 41.9969 31.5615
v 7.65071 42.0598 31.9036
v 7.29253 42.1234 32.2352
v 6.91429 42.1871 32.5553
v 6.51584 42.2505 32.8625
v 6.09707 42.313 33.1556
v 5.65791 42.3739 33.4333
v 5.19834 42.4328 33.6942
v 4.71841 42.4888 33.9366
v 4.26913 42.5363 34.1378
v 3.85084 42.5762 34.3039
v 3.41948 42.613 34.455
v 2.97549 42.6463 34.5899
v 2.52032 42.6756 34.7074
v 2.05566 42.7005 34.8062
v 1.58324 42.7207 34.8855
v 1.10485 42.7357 34.9444
v 0.622268 42.7455 34.9824
v 0.137335 42.7498 34.9991
v -0.348119 42.7486 34.9945
v -0.832254 42.7419 34.9685
v -1.31324 42.7298 34.9213
v -1.78926 42.7125 34.8535
v -2.25852 42.6903 34.7656
v -2.71927 42.6634 34.6586
v -3.16979 42.6323 34.5334
v -3.60842 42.5974 34.3913
v -4.03412 42.5592 34.2336
v -4.44669 42.5181 34.0612
v -4.84601 42.4744 33.875
v -5.23202 42.4286 33.6761
v -5.60465 42.381 33.4651
v -5.96389 42.332 33.2429
v -6.30975 42.2818 33.0104
v -6.64225 42.2308 32.7682
v -6.96143 42.1794 32.5169
v -7.26737 42.1278 32.2574
v -7.56014 42.0762 31.9903
v -7.83983 42.025 31.716
v -8.10656 41.9744 31.4353
v -8.36044 41.9245 31.1486
v -8.6016 41.8757 30.8566
v -8.83019 41.8281 30.5596
v -9.04634 41.7819 30.2581
v -9.25034 41.7372 29.9524
v -9.44251 41.6941 29.6426
v -9.62299 41.6529 29.329
v -9.79189 41.6135 29.0119
v -9.94934 41.5761 28.6915
v -10.0954 41.5409 28.3683
v -10.2303 41.5079 28.0424
v -10.354 41.4772 27.714
v -10.4667 41.4489 27.3835
v -10.5684 41.4231 27.051
v -10.6592 41.3998 26.7167
v -10.7392 41.3791 26.3809
v -10.8085 41.3611 26.0438
v -10.867 41.3458 25.7056
v -10.9148 41.3332 25.3663
v -10.952 41.3233 25.0263
v -10.9786 41.3163 24.6857
v -10.9946 41.312 24.3447
v -11 41.3106 24.0034
v -10.9948 41.3119 23.6621
v -10.979 41.3161 23.3211
v -10.9527 41.3231 22.9805
v -10.9157 41.3329 22.6405
v -10.868 41.3455 22.3013
v -10.8097 41.3608 21.963
v -10.7407 41.3787 21.6258
v -10.661 41.3994 21.29
v -10.5704 41.4226 20.9558
v -10.4689 41.4483 20.6232
v -10.3564 41.4766 20.2926
v -10.2329 41.5072 19.9642
v -10.0983 41.5402 19.6383
v -9.9524 41.5754 19.3149
v -9.79518 41.6127 18.9946
v -9.62651 41.652 18.6774
v -9.44627 41.6933 18.3637
v -9.25433 41.7363 18.0538
v -9.05058 41.781 17.748
v -8.83467 41.8272 17.4465
v -8.60634 41.8747 17.1494
v -8.36542 41.9235 16.8572
v -8.1118 41.9733 16.5704
v -7.84533 42.024 16.2896
v -7.5659 42.0752 16.0152
v -7.2734 42.1267 15.7479
v -6.96773 42.1784 15.4882
v -6.64881 42.2298 15.2368
v -6.31658 42.2808 14.9944
v -5.97099 42.331 14.7616
v -5.61202 42.38 14.5393
v -5.23965 42.4277 14.3281
v -4.85392 42.4735 14.1289
v -4.45486 42.5173 13.9425
v -4.04256 42.5584 13.7698
v -3.61712 42.5967 13.6117
v -3.17874 42.6317 13.4693
v -2.72844 42.6628 13.3438
v -2.26788 42.6898 13.2363
v -1.79877 42.7121 13.1481
v -1.32287 42.7295 13.0798
v -0.841967 42.7417 13.0323
v -0.357876 42.7485 13.0058
v 0.12757 42.7498 13.0007
v 0.612533 42.7456 13.0171
v 1.09518 42.736 13.0547
v 1.57368 42.721 13.1131
v 2.04623 42.701 13.192
v 2.51107 42.6762 13.2904
v 2.96644 42.647 13.4075
v 3.41068 42.6137 13.5421
v 3.84231 42.577 13.6929
v 4.26091 42.5371 13.8588
v 4.66634 42.4946 14.0388
v 5.0585 42.4497 14.2321
v 5.43733 42.4028 14.4378
v 5.80277 42.3543 14.6551
v 6.15482 42.3046 14.8831
v 6.4935 42.254 15.1211
v 6.81882 42.2027 15.3684
v 7.13084 42.1511 15.6244
v 7.42964 42.0994 15.8882
v 7.71529 42.048 16.1594
v 7.98789 41.9971 16.4374
v 8.24756 41.9469 16.7214
v 8.49442 41.8976 17.0111
v 8.7286 41.8494 17.3059
v 8.95025 41.8026 17.6052
v 9.15972 41.7572 17.9091
v 9.3573 41.7133 18.2172
v 9.5431 41.6712 18.5292
v 9.71727 41.631 18.8449
v 9.87993 41.5927 19.164
v 10.0312 41.5564 19.4861
v 10.1711 41.5224 19.8109
v 10.2999 41.4907 20.1384
v 10.4175 41.4613 20.468
v 10.5242 41.4343 20.7998
v 10.6199 41.4099 21.1334
v 10.7048 41.388 21.4686
v 10.7788 41.3688 21.8052
v 10.8421 41.3523 22.1431
v 10.8948 41.3384 22.482
v 10.9367 41.3274 22.8218
v 10.9681 41.3191 23.1623
v 10.9888 41.3135 23.5032
v 10.9972 41.3113 23.7516
v 42.75 -1.04707e-14 0
v 42.6969 2.13091 0
v 42.5376 4.25653 0
v 42.2725 6.37156 0
v 41.9024 8.47075 0
v 41.4281 10.5489 0
v 40.8507 12.6008 0
v 40.1719 14.6214 0
v 39.3931 16.6056 0
v 38.5164 18.5485 0
v 37.544 20.4454 0
v 36.4782 22.2914 0
v 35.3217 24.0819 0
v 34.0774 25.8126 0
v 32.7484 27.4792 0
v 31.338 29.0774 0
v 29.8496 30.6033 0
v 28.2871 32.0531 0
v 26.6542 33.4233 0
v 24.955 34.7103 0
v 23.1939 35.9111 0
v 21.375 37.0226 0
v 19.503 38.042 0
v 17.5825 38.9669 0
v 15.6183 39.7949 0
v 13.6153 40.5239 0
v 11.5784 41.1522 0
v 9.51277 41.6782 0
v 7.42346 42.1005 0
v 5.31569 42.4182 0
v 3.19471 42.6305 0
v 1.06579 42.7367 0
v -1.06579 42.7367 0
v -3.19471 42.6305 0
v -5.31569 42.4182 0
v -7.42346 42.1005 0
v -9.51277 41.6782 0
v -11.5784 41.1522 0
v -13.6153 40.5239 0
v -15.6183 39.7949 0
v -17.5825 38.9669 0
v -19.503 38.042 0
v -21.375 37.0226 0
v -23.1939 35.9111 0
v -24.955 34.7103 0
v -26.6542 33.4233 0
v -28.2871 32.0531 0
v -29.8496 30.6033 0
v -31.338 29.0774 0
v -32.7484 27.4792 0
v -34.0774 25.8126 0
v -35.3217 24.0819 0
v -36.4782 22.2914 0
v -37.544 20.4454 0
v -38.5164 18.5485 0
v -39.3931 16.6056 0
v -40.1719 14.6214 0
v -40.8507 12.6008 0
v -41.4281 10.5489 0
v -41.9024 8.47075 0
v -42.2725 6.37156 0
v -42.5376 4.25653 0
v -42.6969 2.13091 0
v -42.75 -1.46643e-13 0
v -42.6969 -2.13091 0
v -42.5376 -4.25653 0
v -42.2725 -6.37156 0
v -41.9024 -8.47075 0
v -41.4281 -10.5489 0
v -40.8507 -12.6008 0
v -40.1719 -14.6214 0
v -39.3931 -16.6056 0
v -38.5164 -18.5485 0
v -37.544 -20.4454 0
v -36.4782 -22.2914 0
v -35.3217 -24.0819 0
v -34.0774 -25.8126 0
v -32.7484 -27.4792 0
v -31.338 -29.0774 0
v -29.8496 -30.6033 0
v -28.2871 -32.0531 0
v -26.6542 -33.4233 0
v -24.955 -34.7103 0
v -23.1939 -35.9111 0
v -21.375 -37.0226 0
v -19.503 -38.042 0
v -17.5825 -38.9669 0
v -15.6183 -39.7949 0
v -13.6153 -40.5239 0
v -11.5784 -41.1522 0
v -9.51277 -41.6782 0
v -7.42346 -42.1005 0
v -5.31569 -42.4182 0
v -3.19471 -42.6305 0
v -1.06579 -42.7367 0
v 1.06579 -42.7367 0
v 3.19471 -42.6305 0
v 5.31569 -42.4182 0
v 7.42346 -42.1005 0
v 9.51277 -41.6782 0
v 11.5784 -41.1522 0
v 13.6153 -40.5239 0
v 15.6183 -39.7949 0
v 17.5825 -38.9669 0
v 19.503 -38.042 0
v 21.375 -37.0226 0
v 23.1939 -35.9111 0
v 24.955 -34.7103 0
v 26.6542 -33.4233 0
v 28.2871 -32.0531 0
v 29.8496 -30.6033 0
v 31.338 -29.0774 0
v 32.7484 -27.4792 0
v 34.0774 -25.8126 0
v 35.3217 -24.0819 0
v 36.4782 -22.2914 0
v 37.544 -20.4454 0
v 38.5164 -18.5485 0
v 39.3931 -16.6056 0
v 40.1719 -14.6214 0
v 40.8507 -12.6008 0
v 41.4281 -10.5489 0
v 41.9024 -8.47075 0
v 42.2725 -6.37156 0
v 42.5376 -4.25653 0
v 42.6969 -2.13091 0
v 36.75 -9.00115e-15 0
v 36.7043 1.83184 0
v 36.5674 3.65912 0
v 36.3395 5.4773 0
v 36.0213 7.28187 0
v 35.6136 9.06833 0
v 35.1173 10.8323 0
v 34.5337 12.5692 0
v 33.8643 14.275 0
v 33.1106 15.9452 0
v 32.2746 17.5758 0
v 31.3584 19.1627 0
v 30.3643 20.702 0
v 29.2946 22.1898 0
v 28.1521 23.6224 0
v 26.9397 24.9963 0
v 25.6602 26.3081 0
v 24.317 27.5545 0
v 22.9133 28.7323 0
v 21.4526 29.8387 0
v 19.9386 30.871 0
v 18.375 31.8264 0
v 16.7657 32.7028 0
v 15.1148 33.4978 0
v 13.4263 34.2096 0
v 11.7044 34.8363 0
v 9.95339 35.3764 0
v 8.17764 35.8286 0
v 6.38157 36.1917 0
v 4.56963 36.4648 0
v 2.74633 36.6472 0
v 0.916203 36.7386 0
v -0.916203 36.7386 0
v -2.74633 36.6472 0
v -4.56963 36.4648 0
v -6.38157 36.1917 0
v -8.17764 35.8286 0
v -9.95339 35.3764 0
v -11.7044 34.8363 0
v -13.4263 34.2096 0
v -15.1148 33.4978 0
v -16.7657 32.7028 0
v -18.375 31.8264 0
v -19.9386 30.871 0
v -21.4526 29.8387 0
v -22.9133 28.7323 0
v -24.317 27.5545 0
v -25.6602 26.3081 0
v -26.9397 24.9963 0
v -28.1521 23.6224 0
v -29.2946 22.1898 0
v -30.3643 20.702 0
v -31.3584 19.1627 0
v -32.2746 17.5758 0
v -33.1106 15.9452 0
v -33.8643 14.275 0
v -34.5337 12.5692 0
v -35.1173 10.8323 0
v -35.6136 9.06833 0
v -36.0213 7.28187 0
v -36.3395 5.4773 0
v -36.5674 3.65912 0
v -36.7043 1.83184 0
v -36.75 -1.26062e-13 0
v -36.7043 -1.83184 0
v -36.5674 -3.65912 0
v -36.3395 -5.4773 0
v -36.0213 -7.28187 0
v -35.6136 -9.06833 0
v -35.1173 -10.8323 0
v -34.5337 -12.5692 0
v -33.8643 -14.275 0
v -33.1106 -15.9452 0
v -32.2746 -17.5758 0
v -31.3584 -19.1627 0
v -30.3643 -20.702 0
v -29.2946 -22.1898 0
v -28.1521 -23.6224 0
v -26.9397 -24.9963 0
v -25.6602 -26.3081 0
v -24.317 -27.5545 0
v -22.9133 -28.7323 0
v -21.4526 -29.8387 0
v -19.9386 -30.871 0
v -18.375 -31.8264 0
v -16.7657 -32.7028 0
v -15.1148 -33.4978 0
v -13.4263 -34.2096 0
v -11.7044 -34.8363 0
v -9.95339 -35.3764 0
v -8.17764 -35.8286 0
v -6.38157 -36.1917 0
v -4.56963 -36.4648 0
v -2.74633 -36.6472 0
v -0.916203 -36.7386 0
v 0.916203 -36.7386 0
v 2.74633 -36.6472 0
v 4.56963 -36.4648 0
v 6.38157 -36.1917 0
v 8.17764 -35.8286 0
v 9.95339 -35.3764 0
v 11.7044 -34.8363 0
v 13.4263 -34.2096 0
v 15.1148 -33.4978 0
v 16.7657 -32.7028 0
v 18.375 -31.8264 0
v 19.9386 -30.871 0
v 21.4526 -29.8387 0
v 22.9133 -28.7323 0
v 24.317 -27.5545 0
v 25.6602 -26.3081 0
v 26.9397 -24.9963 0
v 28.1521 -23.6224 0
v 29.2946 -22.1898 0
v 30.3643 -20.702 0
v 31.3584 -19.1627 0
v 32.2746 -17.5758 0
v 33.1106 -15.9452 0
v 33.8643 -14.275 0
v 34.5337 -12.5692 0
v 35.1173 -10.8323 0
v 35.6136 -9.06833 0
v 36.0213 -7.28187 0
v 36.3395 -5.4773 0
v 36.5674 -3.65912 0
v 36.7043 -1.83184 0
v 11 -41.3106 24
v 10.9919 -41.3127 24.4213
v 10.9677 -41.3191 24.8422
v 10.9273 -41.3298 25.2622
v 10.8708 -41.3448 25.6812
v 10.7979 -41.3638 26.0988
v 10.7087 -41.387 26.5145
v 10.6031 -41.4142 26.9281
v 10.4809 -41.4453 27.3392
v 10.3421 -41.4802 27.7473
v 10.1863 -41.5187 28.152
v 10.0135 -41.5607 28.5529
v 9.82354 -41.606 28.9496
v 9.61612 -41.6544 29.3414
v 9.39106 -41.7058 29.7278
v 9.14812 -41.7597 30.1083
v 8.88693 -41.8161 30.4825
v 8.60688 -41.8746 30.8499
v 8.30766 -41.935 31.2099
v 7.98902 -41.9969 31.5615
v 7.65071 -42.0598 31.9036
v 7.29253 -42.1234 32.2352
v 6.91429 -42.1871 32.5553
v 6.51584 -42.2505 32.8625
v 6.09707 -42.313 33.1556
v 5.65791 -42.3739 33.4333
v 5.19834 -42.4328 33.6942
v 4.71841 -42.4888 33.9366
v 4.26913 -42.5363 34.1378
v 3.85084 -42.5762 34.3039
v 3.41948 -42.613 34.455
v 2.97549 -42.6463 34.5899
v 2.52032 -42.6756 34.7074
v 2.05566 -42.7005 34.8062
v 1.58324 -42.7207 34.8855
v 1.10485 -42.7357 34.9444
v 0.622268 -42.7455 34.9824
v 0.137335 -42.7498 34.9991
v -0.348119 -42.7486 34.9945
v -0.832254 -42.7419 34.9685
v -1.31324 -42.7298 34.9213
v -1.78926 -42.7125 34.8535
v -2.25852 -42.6903 34.7656
v -2.71927 -42.6634 34.6586
v -3.16979 -42.6323 34.5334
v -3.60842 -42.5974 34.3913
v -4.03412 -42.5592 34.2336
v -4.44669 -42.5181 34.0612
v -4.84601 -42.4744 33.875
v -5.23202 -42.4286 33.6761
v -5.60465 -42.381 33.4651
v -5.96389 -42.332 33.2429
v -6.30975 -42.2818 33.0104
v -6.64225 -42.2308 32.7682
v -6.96143 -42.1794 32.5169
v -7.26737 -42.1278 32.2574
v -7.56014 -42.0762 31.9903
v -7.83983 -42.025 31.716
v -8.10656 -41.9744 31.4353
v -8.36044 -41.9245 31.1486
v -8.6016 -41.8757 30.8566
v -8.83019 -41.8281 30.5596
v -9.04634 -41.7819 30.2581
v -9.25034 -41.7372 29.9524
v -9.44251 -41.6941 29.6426
v -9.62299 -41.6529 29.329
v -9.79189 -41.6135 29.0119
v -9.94934 -41.5761 28.6915
v -10.0954 -41.5409 28.3683
v -10.2303 -41.5079 28.0424
v -10.354 -41.4772 27.714
v -10.4667 -41.4489 27.3835
v -10.5684 -41.4231 27.051
v -10.6592 -41.3998 26.7167
v -10.7392 -41.3791 26.3809
v -10.8085 -41.3611 26.0438
v -10.867 -41.3458 25.7056
v -10.9148 -41.3332 25.3663
v -10.952 -41.3233 25.0263
v -10.9786 -41.3163 24.6857
v -10.9946 -41.312 24.3447
v -11 -41.3106 24.0034
v -10.9948 -41.3119 23.6621
v -10.979 -41.3161 23.3211
v -10.9527 -41.3231 22.9805
v -10.9157 -41.3329 22.6405
v -10.868 -41.3455 22.3013
v -10.8097 -41.3608 21.963
v -10.7407 -41.3787 21.6258
v -10.661 -41.3994 21.29
v -10.5704 -41.4226 20.9558
v -10.4689 -41.4483 20.6232
v -10.3564 -41.4766 20.2926
v -10.2329 -41.5072 19.9642
v -10.0983 -41.5402 19.6383
v -9.9524 -41.5754 19.3149
v -9.79518 -41.6127 18.9946
v -9.62651 -41.652 18.6774
v -9.44627 -41.6933 18.3637
v -9.25433 -41.7363 18.0538
v -9.05058 -41.781 17.748
v -8.83467 -41.8272 17.4465
v -8.60634 -41.8747 17.1494
v -8.36543 -41.9235 16.8572
v -8.1118 -41.9733 16.5704
v -7.84533 -42.024 16.2896
v -7.5659 -42.0752 16.0152
v -7.2734 -42.1267 15.7479
v -6.96773 -42.1784 15.4882
v -6.64881 -42.2298 15.2368
v -6.31658 -42.2808 14.9944
v -5.97099 -42.331 14.7616
v -5.61202 -42.38 14.5393
v -5.23965 -42.4277 14.3281
v -4.85392 -42.4735 14.1289
v -4.45486 -42.5173 13.9425
v -4.04256 -42.5584 13.7698
v -3.61712 -42.5967 13.6117
v -3.17874 -42.6317 13.4693
v -2.72844 -42.6628 13.3438
v -2.26788 -42.6898 13.2363
v -1.79877 -42.7121 13.1481
v -1.32287 -42.7295 13.0798
v -0.841967 -42.7417 13.0323
v -0.357876 -42.7485 13.0058
v 0.12757 -42.7498 13.0007
v 0.612533 -42.7456 13.0171
v 1.09518 -42.736 13.0547
v 1.57368 -42.721 13.1131
v 2.04623 -42.701 13.192
v 2.51107 -42.6762 13.2904
v 2.96644 -42.647 13.4075
v 3.41068 -42.6137 13.5421
v 3.84231 -42.577 13.6929
v 4.26091 -42.5371 13.8588
v 4.66634 -42.4946 14.0388
v 5.0585 -42.4497 14.2321
v 5.43733 -42.4028 14.4378
v 5.80277 -42.3543 14.6551
v 6.15482 -42.3046 14.8831
v 6.4935 -42.254 15.1211
v 6.81882 -42.2027 15.3684
v 7.13084 -42.1511 15.6244
v 7.42964 -42.0994 15.8882
v 7.71529 -42.048 16.1594
v 7.98789 -41.9971 16.4374
v 8.24756 -41.9469 16.7214
v 8.49442 -41.8976 17.0111
v 8.7286 -41.8494 17.3059
v 8.95025 -41.8026 17.6052
v 9.15972 -41.7572 17.9091
v 9.3573 -41.7133 18.2172
v 9.5431 -41.6712 18.5292
v 9.71727 -41.631 18.8449
v 9.87993 -41.5927 19.164
v 10.0312 -41.5564 19.4861
v 10.1711 -41.5224 19.8109
v 10.2999 -41.4907 20.1384
v 10.4175 -41.4613 20.468
v 10.5242 -41.4343 20.7998
v 10.6199 -41.4099 21.1334
v 10.7048 -41.388 21.4686
v 10.7788 -41.3688 21.8052
v 10.8421 -41.3523 22.1431
v 10.8948 -41.3384 22.482
v 10.9367 -41.3274 22.8218
v 10.9681 -41.3191 23.1623
v 10.9888 -41.3135 23.5032
v 10.9972 -41.3113 23.7516
v 11 -41.3106 24
v 11 -14 24
v 10.9863 -14 24.5483
v 10.9453 -14 25.0952
v 10.8771 -14 25.6395
v 10.7819 -14 26.1796
v 10.6599 -14 26.7143
v 10.5113 -14 27.2423
v 10.3366 -14 27.7622
v 10.1362 -14 28.2728
v 9.91066 -14 28.7727
v 9.66044 -14 29.2608
v 9.3862 -14 29.7358
v 9.08863 -14 30.1965
v 8.76846 -14 30.6418
v 8.42649 -14 31.0707
v 8.06357 -14 31.4819
v 7.6806 -14 31.8745
v 7.27854 -14 32.2476
v 6.85839 -14 32.6001
v 6.42118 -14 32.9313
v 5.96801 -14 33.2403
v 5.5 -14 33.5263
v 5.01832 -14 33.7886
v 4.52416 -14 34.0266
v 4.01875 -14 34.2396
v 3.50335 -14 34.4272
v 2.97925 -14 34.5889
v 2.44773 -14 34.7242
v 1.91013 -14 34.8329
v 1.36778 -14 34.9146
v 0.822031 -14 34.9692
v 0.274238 -14 34.9966
v -0.274238 -14 34.9966
v -0.822031 -14 34.9692
v -1.36778 -14 34.9146
v -1.91013 -14 34.8329
v -2.44773 -14 34.7242
v -2.97925 -14 34.5889
v -3.50335 -14 34.4272
v -4.01875 -14 34.2396
v -4.52416 -14 34.0266
v -5.01832 -14 33.7886
v -5.5 -14 33.5263
v -5.96801 -14 33.2403
v -6.42118 -14 32.9313
v -6.85839 -14 32.6001
v -7.27854 -14 32.2476
v -7.6806 -14 31.8745
v -8.06357 -14 31.4819
v -8.42649 -14 31.0707
v -8.76846 -14 30.6418
v -9.08863 -14 30.1965
v -9.3862 -14 29.7358
v -9.66044 -14 29.2608
v -9.91066 -14 28.7727
v -10.1362 -14 28.2728
v -10.3366 -14 27.7622
v -10.5113 -14 27.2423
v -10.6599 -14 26.7143
v -10.7819 -14 26.1796
v -10.8771 -14 25.6395
v -10.9453 -14 25.0952
v -10.9863 -14 24.5483
v -11 -14 24
v -10.9863 -14 23.4517
v -10.9453 -14 22.9048
v -10.8771 -14 22.3605
v -10.7819 -14 21.8204
v -10.6599 -14 21.2857
v -10.5113 -14 20.7577
v -10.3366 -14 20.2378
v -10.1362 -14 19.7272
v -9.91066 -14 19.2273
v -9.66044 -14 18.7392
v -9.3862 -14 18.2642
v -9.08863 -14 17.8035
v -8.76846 -14 17.3582
v -8.42649 -14 16.9293
v -8.06357 -14 16.5181
v -7.6806 -14 16.1255
v -7.27854 -14 15.7524
v -6.85839 -14 15.3999
v -6.42118 -14 15.0687
v -5.96801 -14 14.7597
v -5.5 -14 14.4737
v -5.01832 -14 14.2114
v -4.52416 -14 13.9734
v -4.01875 -14 13.7604
v -3.50335 -14 13.5728
v -2.97925 -14 13.4111
v -2.44773 -14 13.2758
v -1.91013 -14 13.1671
v -1.36778 -14 13.0854
v -0.822031 -14 13.0308
v -0.274238 -14 13.0034
v 0.274238 -14 13.0034
v 0.822031 -14 13.0308
v 1.36778 -14 13.0854
v 1.91013 -14 13.1671
v 2.44773 -14 13.2758
v 2.97925 -14 13.4111
v 3.50335 -14 13.5728
v 4.01875 -14 13.7604
v 4.52416 -14 13.9734
v 5.01832 -14 14.2114
v 5.5 -14 14.4737
v 5.96801 -14 14.7597
v 6.42118 -14 15.0687
v 6.85839 -14 15.3999
v 7.27854 -14 15.7524
v 7.6806 -14 16.1255
v 8.06357 -14 16.5181
v 8.42649 -14 16.9293
v 8.76846 -14 17.3582
v 9.08863 -14 17.8035
v 9.3862 -14 18.2642
v 9.66044 -14 18.7392
v 9.91066 -14 19.2273
v 10.1362 -14 19.7272
v 10.3366 -14 20.2378
v 10.5113 -14 20.7577
v 10.6599 -14 21.2857
v 10.7819 -14 21.8204
v 10.8771 -14 22.3605
v 10.9453 -14 22.9048
v 10.9863 -14 23.4517
v 11 -14 24
v 11 14 24
v 10.9863 14 24.5483
v 10.9453 14 25.0952
v 10.8771 14 25.6395
v 10.7819 14 26.1796
v 10.6599 14 26.7143
v 10.5113 14 27.2423
v 10.3366 14 27.7622
v 10.1362 14 28.2728
v 9.91066 14 28.7727
v 9.66044 14 29.2608
v 9.3862 14 29.7358
v 9.08863 14 30.1965
v 8.76846 14 30.6418
v 8.42649 14 31.0707
v 8.06357 14 31.4819
v 7.6806 14 31.8745
v 7.27854 14 32.2476
v 6.85839 14 32.6001
v 6.42118 14 32.9313
v 5.96801 14 33.2403
v 5.5 14 33.5263
v 5.01832 14 33.7886
v 4.52416 14 34.0266
v 4.01875 14 34.2396
v 3.50335 14 34.4272
v 2.97925 14 34.5889
v 2.44773 14 34.7242
v 1.91013 14 34.8329
v 1.36778 14 34.9146
v 0.822031 14 34.9692
v 0.274238 14 34.9966
v -0.274238 14 34.9966
v -0.822031 14 34.9692
v -1.36778 14 34.9146
v -1.91013 14 34.8329
v -2.44773 14 34.7242
v -2.97925 14 34.5889
v -3.50335 14 34.4272
v -4.01875 14 34.2396
v -4.52416 14 34.0266
v -5.01832 14 33.7886
v -5.5 14 33.5263
v -5.96801 14 33.2403
v -6.42118 14 32.9313
v -6.85839 14 32.6001
v -7.27854 14 32.2476
v -7.6806 14 31.8745
v -8.06357 14 31.4819
v -8.42649 14 31.0707
v -8.76846 14 30.6418
v -9.08863 14 30.1965
v -9.3862 14 29.7358
v -9.66044 14 29.2608
v -9.91066 14 28.7727
v -10.1362 14 28.2728
v -10.3366 14 27.7622
v -10.5113 14 27.2423
v -10.6599 14 26.7143
v -10.7819 14 26.1796
v -10.8771 14 25.6395
v -10.9453 14 25.0952
v -10.9863 14 24.5483
v -11 14 24
v -10.9863 14 23.4517
v -10.9453 14 22.9048
v -10.8771 14 22.3605
v -10.7819 14 21.8204
v -10.6599 14 21.2857
v -10.5113 14 20.7577
v -10.3366 14 20.2378
v -10.1362 14 19.7272
v -9.91066 14 19.2273
v -9.66044 14 18.7392
v -9.3862 14 18.2642
v -9.08863 14 17.8035
v -8.76846 14 17.3582
v -8.42649 14 16.9293
v -8.06357 14 16.5181
v -7.6806 14 16.1255
v -7.27854 14 15.7524
v -6.85839 14 15.3999
v -6.42118 14 15.0687
v -5.96801 14 14.7597
v -5.5 14 14.4737
v -5.01832 14 14.2114
v -4.52416 14 13.9734
v -4.01875 14 13.7604
v -3.50335 14 13.5728
v -2.97925 14 13.4111
v -2.44773 14 13.2758
v -1.91013 14 13.1671
v -1.36778 14 13.0854
v -0.822031 14 13.0308
v -0.274238 14 13.0034
v 0.274238 14 13.0034
v 0.822031 14 13.0308
v 1.36778 14 13.0854
v 1.91013 14 13.1671
v 2.44773 14 13.2758
v 2.97925 14 13.4111
v 3.50335 14 13.5728
v 4.01875 14 13.7604
v 4.52416 14 13.9734
v 5.01832 14 14.2114
v 5.5 14 14.4737
v 5.96801 14 14.7597
v 6.42118 14 15.0687
v 6.85839 14 15.3999
v 7.27854 14 15.7524
v 7.6806 14 16.1255
v 8.06357 14 16.5181
v 8.42649 14 16.9293
v 8.76846 14 17.3582
v 9.08863 14 17.8035
v 9.3862 14 18.2642
v 9.66044 14 18.7392
v 9.91066 14 19.2273
v 10.1362 14 19.7272
v 10.3366 14 20.2378
v 10.5113 14 20.7577
v 10.6599 14 21.2857
v 10.7819 14 21.8204
v 10.8771 14 22.3605
v 10.9453 14 22.9048
v 10.9863 14 23.4517
v 11 14 24
v 11 41.3106 24
v 10.9919 41.3127 24.4213
v 10.9677 41.3191 24.8422
v 10.9273 41.3298 25.2622
v 10.8708 41.3448 25.6812
v 10.7979 41.3638 26.0988
v 10.7087 41.387 26.5145
v 10.6031 41.4142 26.9281
v 10.4809 41.4453 27.3392
v 10.3421 41.4802 27.7473
v 10.1863 41.5187 28.152
v 10.0135 41.5607 28.5529
v 9.82354 41.606 28.9496
v 9.61612 41.6544 29.3414
v 9.39106 41.7058 29.7278
v 9.14812 41.7597 30.1083
v 8.88693 41.8161 30.4825
v 8.60688 41.8746 30.8499
v 8.30766 41.935 31.2099
v 7.98902 41.9969 31.5615
v 7.65071 42.0598 31.9036
v 7.29253 42.1234 32.2352
v 6.91429 42.1871 32.5553
v 6.51584 42.2505 32.8625
v 6.09707 42.313 33.1556
v 5.65791 42.3739 33.4333
v 5.19834 42.4328 33.6942
v 4.71841 42.4888 33.9366
v 4.26913 42.5363 34.1378
v 3.85084 42.5762 34.3039
v 3.41948 42.613 34.455
v 2.97549 42.6463 34.5899
v 2.52032 42.6756 34.7074
v 2.05566 42.7005 34.8062
v 1.58324 42.7207 34.8855
v 1.10485 42.7357 34.9444
v 0.622268 42.7455 34.9824
v 0.137335 42.7498 34.9991
v -0.348119 42.7486 34.9945
v -0.832254 42.7419 34.9685
v -1.31324 42.7298 34.9213
v -1.78926 42.7125 34.8535
v -2.25852 42.6903 34.7656
v -2.71927 42.6634 34.6586
v -3.16979 42.6323 34.5334
v -3.60842 42.5974 34.3913
v -4.03412 42.5592 34.2336
v -4.44669 42.5181 34.0612
v -4.84601 42.4744 33.875
v -5.23202 42.4286 33.6761
v -5.60465 42.381 33.4651
v -5.96389 42.332 33.2429
v -6.30975 42.2818 33.0104
v -6.64225 42.2308 32.7682
v -6.96143 42.1794 32.5169
v -7.26737 42.1278 32.2574
v -7.56014 42.0762 31.9903
v -7.83983 42.025 31.716
v -8.10656 41.9744 31.4353
v -8.36044 41.9245 31.1486
v -8.6016 41.8757 30.8566
v -8.83019 41.8281 30.5596
v -9.04634 41.7819 30.2581
v -9.25034 41.7372 29.9524
v -9.44251 41.6941 29.6426
v -9.62299 41.6529 29.329
v -9.79189 41.6135 29.0119
v -9.94934 41.5761 28.6915
v -10.0954 41.5409 28.3683
v -10.2303 41.5079 28.0424
v -10.354 41.4772 27.714
v -10.4667 41.4489 27.3835
v -10.5684 41.4231 27.051
v -10.6592 41.3998 26.7167
v -10.7392 41.3791 26.3809
v -10.8085 41.3611 26.0438
v -10.867 41.3458 25.7056
v -10.9148 41.3332 25.3663
v -10.952 41.3233 25.0263
v -10.9786 41.3163 24.6857
v -10.9946 41.312 24.3447
v -11 41.3106 24.0034
v -10.9948 41.3119 23.6621
v -10.979 41.3161 23.3211
v -10.9527 41.3231 22.9805
v -10.9157 41.3329 22.6405
v -10.868 41.3455 22.3013
v -10.8097 41.3608 21.963
v -10.7407 41.3787 21.6258
v -10.661 41.3994 21.29
v -10.5704 41.4226 20.9558
v -10.4689 41.4483 20.6232
v -10.3564 41.4766 20.2926
v -10.2329 41.5072 19.9642
v -10.0983 41.5402 19.6383
v -9.9524 41.5754 19.3149
v -9.79518 41.6127 18.9946
v -9.62651 41.652 18.6774
v -9.44627 41.6933 18.3637
v -9.25433 41.7363 18.0538
v -9.05058 41.781 17.748
v -8.83467 41.8272 17.4465
v -8.60634 41.8747 17.1494
v -8.36542 41.9235 16.8572
v -8.1118 41.9733 16.5704
v -7.84533 42.024 16.2896
v -7.5659 42.0752 16.0152
v -7.2734 42.1267 15.7479
v -6.96773 42.1784 15.4882
v -6.64881 42.2298 15.2368
v -6.31658 42.2808 14.9944
v -5.97099 42.331 14.7616
v -5.61202 42.38 14.5393
v -5.23965 42.4277 14.3281
v -4.85392 42.4735 14.1289
v -4.45486 42.5173 13.9425
v -4.04256 42.5584 13.7698
v -3.61712 42.5967 13.6117
v -3.17874 42.6317 13.4693
v -2.72844 42.6628 13.3438
v -2.26788 42.6898 13.2363
v -1.79877 42.7121 13.1481
v -1.32287 42.7295 13.0798
v -0.841967 42.7417 13.0323
v -0.357876 42.7485 13.0058
v 0.12757 42.7498 13.0007
v 0.612533 42.7456 13.0171
v 1.09518 42.736 13.0547
v 1.57368 42.721 13.1131
v 2.04623 42.701 13.192
v 2.51107 42.6762 13.2904
v 2.96644 42.647 13.4075
v 3.41068 42.6137 13.5421
v 3.84231 42.577 13.6929
v 4.26091 42.5371 13.8588
v 4.66634 42.4946 14.0388
v 5.0585 42.4497 14.2321
v 5.43733 42.4028 14.4378
v 5.80277 42.3543 14.6551
v 6.15482 42.3046 14.8831
v 6.4935 42.254 15.1211
v 6.81882 42.2027 15.3684
v 7.13084 42.1511 15.6244
v 7.42964 42.0994 15.8882
v 7.71529 42.048 16.1594
v 7.98789 41.9971 16.4374
v 8.24756 41.9469 16.7214
v 8.49442 41.8976 17.0111
v 8.7286 41.8494 17.3059
v 8.95025 41.8026 17.6052
v 9.15972 41.7572 17.9091
v 9.3573 41.7133 18.2172
v 9.5431 41.6712 18.5292
v 9.71727 41.631 18.8449
v 9.87993 41.5927 19.164
v 10.0312 41.5564 19.4861
v 10.1711 41.5224 19.8109
v 10.2999 41.4907 20.1384
v 10.4175 41.4613 20.468
v 10.5242 41.4343 20.7998
v 10.6199 41.4099 21.1334
v 10.7048 41.388 21.4686
v 10.7788 41.3688 21.8052
v 10.8421 41.3523 22.1431
v 10.8948 41.3384 22.482
v 10.9367 41.3274 22.8218
v 10.9681 41.3191 23.1623
v 10.9888 41.3135 23.5032
v 10.9972 41.3113 23.7516
v 11 41.3106 24
v 36.75 -9.00115e-15 0
v 36.75 -9.00115e-15 50
v 36.7043 1.83184 0
v 36.5674 3.65912 0
v 36.3395 5.4773 0
v 36.0213 7.28187 0
v 35.6136 9.06833 0
v 35.1173 10.8323 0
v 34.5337 12.5692 0
v 33.8643 14.275 0
v 33.1106 15.9452 0
v 32.2746 17.5758 0
v 31.3584 19.1627 0
v 30.3643 20.702 0
v 29.2946 22.1898 0
v 28.1521 23.6224 0
v 26.9397 24.9963 0
v 25.6602 26.3081 0
v 24.317 27.5545 0
v 22.9133 28.7323 0
v 21.4526 29.8387 0
v 19.9386 30.871 0
v 18.375 31.8264 0
v 16.7657 32.7028 0
v 15.1148 33.4978 0
v 13.4263 34.2096 0
v 11.7044 34.8363 0
v 9.95339 35.3764 0
v 8.17764 35.8286 0
v 6.38157 36.1917 0
v 4.56963 36.4648 0
v 2.74633 36.6472 0
v 0.916203 36.7386 0
v -0.916203 36.7386 0
v -2.74633 36.6472 0
v -4.56963 36.4648 0
v -6.38157 36.1917 0
v -8.17764 35.8286 0
v -9.95339 35.3764 0
v -11.7044 34.8363 0
v -13.4263 34.2096 0
v -15.1148 33.4978 0
v -16.7657 32.7028 0
v -18.375 31.8264 0
v -19.9386 30.871 0
v -21.4526 29.8387 0
v -22.9133 28.7323 0
v -24.317 27.5545 0
v -25.6602 26.3081 0
v -26.9397 24.9963 0
v -28.1521 23.6224 0
v -29.2946 22.1898 0
v -30.3643 20.702 0
v -31.3584 19.1627 0
v -32.2746 17.5758 0
v -33.1106 15.9452 0
v -33.8643 14.275 0
v -34.5337 12.5692 0
v -35.1173 10.8323 0
v -35.6136 9.06833 0
v -36.0213 7.28187 0
v -36.3395 5.4773 0
v -36.5674 3.65912 0
v -36.7043 1.83184 0
v -36.75 -1.26062e-13 0
v -36.7043 -1.83184 0
v -36.5674 -3.65912 0
v -36.3395 -5.4773 0
v -36.0213 -7.28187 0
v -35.6136 -9.06833 0
v -35.1173 -10.8323 0
v -34.5337 -12.5692 0
v -33.8643 -14.275 0
v -33.1106 -15.9452 0
v -32.2746 -17.5758 0
v -31.3584 -19.1627 0
v -30.3643 -20.702 0
v -29.2946 -22.1898 0
v -28.1521 -23.6224 0
v -26.9397 -24.9963 0
v -25.6602 -26.3081 0
v -24.317 -27.5545 0
v -22.9133 -28.7323 0
v -21.4526 -29.8387 0
v -19.9386 -30.871 0
v -18.375 -31.8264 0
v -16.7657 -32.7028 0
v -15.1148 -33.4978 0
v -13.4263 -34.2096 0
v -11.7044 -34.8363 0
v -9.95339 -35.3764 0
v -8.17764 -35.8286 0
v -6.38157 -36.1917 0
v -4.56963 -36.4648 0
v -2.74633 -36.6472 0
v -0.916203 -36.7386 0
v 0.916203 -36.7386 0
v 2.74633 -36.6472 0
v 4.56963 -36.4648 0
v 6.38157 -36.1917 0
v 8.17764 -35.8286 0
v 9.95339 -35.3764 0
v 11.7044 -34.8363 0
v 13.4263 -34.2096 0
v 15.1148 -33.4978 0
v 16.7657 -32.7028 0
v 18.375 -31.8264 0
v 19.9386 -30.871 0
v 21.4526 -29.8387 0
v 22.9133 -28.7323 0
v 24.317 -27.5545 0
v 25.6602 -26.3081 0
v 26.9397 -24.9963 0
v 28.1521 -23.6224 0
v 29.2946 -22.1898 0
v 30.3643 -20.702 0
v 31.3584 -19.1627 0
v 32.2746 -17.5758 0
v 33.1106 -15.9452 0
v 33.8643 -14.275 0
v 34.5337 -12.5692 0
v 35.1173 -10.8323 0
v 35.6136 -9.06833 0
v 36.0213 -7.28187 0
v 36.3395 -5.4773 0
v 36.5674 -3.65912 0
v 36.7043 -1.83184 0
v 36.75 -9.00115e-15 0
v 36.75 -9.00115e-15 50
v 36.7043 1.83184 50
v 36.5674 3.65912 50
v 36.3395 5.4773 50
v 36.0213 7.28187 50
v 35.6136 9.06833 50
v 35.1173 10.8323 50
v 34.5337 12.5692 50
v 33.8643 14.275 50
v 33.1106 15.9452 50
v 32.2746 17.5758 50
v 31.3584 19.1627 50
v 30.3643 20.702 50
v 29.2946 22.1898 50
v 28.1521 23.6224 50
v 26.9397 24.9963 50
v 25.6602 26.3081 50
v 24.317 27.5545 50
v 22.9133 28.7323 50
v 21.4526 29.8387 50
v 19.9386 30.871 50
v 18.375 31.8264 50
v 16.7657 32.7028 50
v 15.1148 33.4978 50
v 13.4263 34.2096 50
v 11.7044 34.8363 50
v 9.95339 35.3764 50
v 8.17764 35.8286 50
v 6.38157 36.1917 50
v 4.56963 36.4648 50
v 2.74633 36.6472 50
v 0.916203 36.7386 50
v -0.916203 36.7386 50
v -2.74633 36.6472 50
v -4.56963 36.4648 50
v -6.38157 36.1917 50
v -8.17764 35.8286 50
v -9.95339 35.3764 50
v -11.7044 34.8363 50
v -13.4263 34.2096 50
v -15.1148 33.4978 50
v -16.7657 32.7028 50
v -18.375 31.8264 50
v -19.9386 30.871 50
v -21.4526 29.8387 50
v -22.9133 28.7323 50
v -24.317 27.5545 50
v -25.6602 26.3081 50
v -26.9397 24.9963 50
v -28.1521 23.6224 50
v -29.2946 22.1898 50
v -30.3643 20.702 50
v -31.3584 19.1627 50
v -32.2746 17.5758 50
v -33.1106 15.9452 50
v -33.8643 14.275 50
v -34.5337 12.5692 50
v -35.1173 10.8323 50
v -35.6136 9.06833 50
v -36.0213 7.28187 50
v -36.3395 5.4773 50
v -36.5674 3.65912 50
v -36.7043 1.83184 50
v -36.75 -1.26062e-13 50
v -36.7043 -1.83184 50
v -36.5674 -3.65912 50
v -36.3395 -5.4773 50
v -36.0213 -7.28187 50
v -35.6136 -9.06833 50
v -35.1173 -10.8323 50
v -34.5337 -12.5692 50
v -33.8643 -14.275 50
v -33.1106 -15.9452 50
v -32.2746 -17.5758 50
v -31.3584 -19.1627 50
v -30.3643 -20.702 50
v -29.2946 -22.1898 50
v -28.1521 -23.6224 50
v -26.9397 -24.9963 50
v -25.6602 -26.3081 50
v -24.317 -27.5545 50
v -22.9133 -28.7323 50
v -21.4526 -29.8387 50
v -19.9386 -30.871 50
v -18.375 -31.8264 50
v -16.7657 -32.7028 50
v -15.1148 -33.4978 50
v -13.4263 -34.2096 50
v -11.7044 -34.8363 50
v -9.95339 -35.3764 50
v -8.17764 -35.8286 50
v -6.38157 -36.1917 50
v -4.56963 -36.4648 50
v -2.74633 -36.6472 50
v -0.916203 -36.7386 50
v 0.916203 -36.7386 50
v 2.74633 -36.6472 50
v 4.56963 -36.4648 50
v 6.38157 -36.1917 50
v 8.17764 -35.8286 50
v 9.95339 -35.3764 50
v 11.7044 -34.8363 50
v 13.4263 -34.2096 50
v 15.1148 -33.4978 50
v 16.7657 -32.7028 50
v 18.375 -31.8264 50
v 19.9386 -30.871 50
v 21.4526 -29.8387 50
v 22.9133 -28.7323 50
v 24.317 -27.5545 50
v 25.6602 -26.3081 50
v 26.9397 -24.9963 50
v 28.1521 -23.6224 50
v 29.2946 -22.1898 50
v 30.3643 -20.702 50
v 31.3584 -19.1627 50
v 32.2746 -17.5758 50
v 33.1106 -15.9452 50
v 33.8643 -14.275 50
v 34.5337 -12.5692 50
v 35.1173 -10.8323 50
v 35.6136 -9.06833 50
v 36.0213 -7.28187 50
v 36.3395 -5.4773 50
v 36.5674 -3.65912 50
v 36.7043 -1.83184 50
v 16 33.0842 24
v 15.984 33.0919 24.715
v 15.9361 33.115 25.429
v 15.8561 33.1534 26.1408
v 15.7442 33.2067 26.8495
v 15.6003 33.2745 27.5541
v 15.4242 33.3565 28.2536
v 15.2161 33.4519 28.9468
v 14.9758 33.5602 29.6326
v 14.7031 33.6806 30.3101
v 14.3979 33.8122 30.9786
v 14.0598 33.9542 31.6369
v 13.6884 34.1056 32.2842
v 13.2834 34.2654 32.9192
v 12.8442 34.4324 33.5408
v 12.3704 34.6054 34.1476
v 11.8612 34.7833 34.7384
v 11.3158 34.9645 35.3116
v 10.7334 35.1476 35.8656
v 10.1769 35.3128 36.3463
v 9.6493 35.4606 36.7629
v 9.09584 35.6066 37.163
v 8.51614 35.7497 37.5453
v 7.91001 35.8886 37.908
v 7.27733 36.0223 38.2492
v 6.61796 36.1492 38.5672
v 5.93186 36.2681 38.8598
v 5.2203 36.3773 39.1244
v 4.55945 36.4661 39.3366
v 3.9492 36.5372 39.505
v 3.32529 36.5992 39.6506
v 2.68891 36.6515 39.7724
v 2.04224 36.6932 39.8691
v 1.3877 36.7238 39.9397
v 0.727707 36.7428 39.9834
v 0.0647027 36.7499 39.9999
v -0.5984 36.7451 39.9888
v -1.25863 36.7284 39.9504
v -1.91378 36.7001 39.8851
v -2.56165 36.6606 39.7936
v -3.20009 36.6104 39.6767
v -3.82698 36.5502 39.5356
v -4.44026 36.4808 39.3715
v -5.03842 36.403 39.186
v -5.62096 36.3176 38.9801
v -6.18725 36.2254 38.7553
v -6.73672 36.1273 38.5126
v -7.26885 36.024 38.2536
v -7.7835 35.9163 37.9792
v -8.28071 35.8049 37.6905
v -8.76055 35.6905 37.3885
v -9.22311 35.5738 37.0742
v -9.66852 35.4554 36.7483
v -10.097 35.3357 36.4117
v -10.5088 35.2155 36.0651
v -10.9041 35.0951 35.709
v -11.2833 34.975 35.3441
v -11.6465 34.8557 34.9708
v -11.9942 34.7376 34.5896
v -12.3265 34.6211 34.2009
v -12.6435 34.5066 33.8052
v -12.9454 34.3945 33.403
v -13.2324 34.2851 32.9946
v -13.5047 34.1787 32.5804
v -13.7623 34.0758 32.1607
v -14.0055 33.9766 31.736
v -14.2344 33.8813 31.3064
v -14.4489 33.7904 30.8723
v -14.6494 33.704 30.4338
v -14.8359 33.6223 29.9914
v -15.0084 33.5457 29.5452
v -15.167 33.4742 29.0953
v -15.3118 33.4083 28.6421
v -15.4427 33.3479 28.186
v -15.5598 33.2935 27.7272
v -15.6631 33.245 27.266
v -15.7526 33.2027 26.8028
v -15.8283 33.1667 26.3379
v -15.8902 33.1371 25.8715
v -15.9383 33.1139 25.404
v -15.9726 33.0974 24.9355
v -15.9932 33.0875 24.4665
v -16 33.0842 23.9971
v -15.993 33.0875 23.5277
v -15.9723 33.0976 23.0587
v -15.9378 33.1142 22.5902
v -15.8895 33.1374 22.1227
v -15.8274 33.1671 21.6563
v -15.7516 33.2032 21.1914
v -15.6619 33.2456 20.7282
v -15.5585 33.2941 20.2671
v -15.4412 33.3487 19.8083
v -15.3101 33.409 19.3522
v -15.1651 33.4751 18.899
v -15.0063 33.5466 18.4492
v -14.8335 33.6233 18.0028
v -14.6468 33.7051 17.5602
v -14.446 33.7916 17.1216
v -14.2311 33.8827 16.6873
v -14.0019 33.9781 16.2575
v -13.7584 34.0774 15.8326
v -13.5004 34.1804 15.4128
v -13.2278 34.2868 14.9986
v -12.9405 34.3963 14.5902
v -12.6383 34.5085 14.1881
v -12.3211 34.623 13.7926
v -11.9886 34.7396 13.404
v -11.6406 34.8577 13.0229
v -11.2768 34.9771 12.6495
v -10.8971 35.0972 12.2845
v -10.5012 35.2177 11.9284
v -10.0888 35.3381 11.5816
v -9.65972 35.4578 11.245
v -9.21366 35.5763 10.9192
v -8.75042 35.693 10.6048
v -8.26986 35.8074 10.3029
v -7.77191 35.9188 10.0144
v -7.25651 36.0265 9.74016
v -6.7236 36.1297 9.48128
v -6.17303 36.2278 9.23878
v -5.6054 36.32 9.01402
v -5.02153 36.4053 8.80842
v -4.42229 36.483 8.62329
v -3.80863 36.5521 8.45991
v -3.18152 36.612 8.31951
v -2.54234 36.662 8.20328
v -1.89343 36.7012 8.11243
v -1.23718 36.7292 8.0479
v -0.57604 36.7455 8.01037
v 0.0875437 36.7499 8.00024
v 0.750433 36.7423 8.01761
v 1.40993 36.7229 8.06224
v 2.06384 36.692 8.13367
v 2.70996 36.6499 8.23117
v 3.34616 36.5973 8.35381
v 3.97032 36.5349 8.50043
v 4.58039 36.4634 8.66964
v 5.17519 36.3838 8.86007
v 5.75422 36.2967 9.07053
v 6.31686 36.203 9.29975
v 6.86252 36.1036 9.54643
v 7.39076 35.9992 9.80927
v 7.90151 35.8905 10.0872
v 8.39483 35.7783 10.3792
v 8.87078 35.6633 10.6842
v 9.32947 35.5461 11.0015
v 9.77102 35.4272 11.3301
v 10.1957 35.3074 11.6692
v 10.6037 35.187 12.0183
v 10.9954 35.0666 12.3767
v 11.3709 34.9466 12.7437
v 11.7305 34.8275 13.1191
v 12.0747 34.7097 13.5022
v 12.4034 34.5936 13.8928
v 12.7169 34.4796 14.2902
v 13.0154 34.368 14.6941
v 13.299 34.2593 15.1041
v 13.5678 34.1537 15.5197
v 13.8221 34.0516 15.9408
v 14.0619 33.9533 16.3669
v 14.2873 33.859 16.7978
v 14.4986 33.7691 17.2331
v 14.6958 33.6838 17.6727
v 14.8789 33.6033 18.1162
v 15.0481 33.5279 18.5635
v 15.2034 33.4577 19.0144
v 15.3449 33.3931 19.4685
v 15.4725 33.3341 19.9255
v 15.5863 33.2811 20.3851
v 15.6862 33.2341 20.8469
v 15.7724 33.1933 21.3107
v 15.8447 33.1588 21.7762
v 15.9032 33.1308 22.2431
v 15.948 33.1093 22.7111
v 15.979 33.0943 23.1799
v 15.9947 33.0867 23.5898
v 16 -33.0842 24
v 15.984 -33.0919 24.715
v 15.9361 -33.115 25.429
v 15.8561 -33.1534 26.1408
v 15.7442 -33.2067 26.8495
v 15.6003 -33.2745 27.5541
v 15.4242 -33.3565 28.2536
v 15.2161 -33.4519 28.9468
v 14.9758 -33.5602 29.6326
v 14.7031 -33.6806 30.3101
v 14.3979 -33.8122 30.9786
v 14.0598 -33.9542 31.6369
v 13.6884 -34.1056 32.2842
v 13.2834 -34.2654 32.9192
v 12.8442 -34.4324 33.5408
v 12.3704 -34.6054 34.1476
v 11.8612 -34.7833 34.7384
v 11.3158 -34.9645 35.3116
v 10.7334 -35.1476 35.8656
v 10.1769 -35.3128 36.3463
v 9.6493 -35.4606 36.7629
v 9.09584 -35.6066 37.163
v 8.51614 -35.7497 37.5453
v 7.91001 -35.8886 37.908
v 7.27733 -36.0223 38.2492
v 6.61796 -36.1492 38.5672
v 5.93186 -36.2681 38.8598
v 5.2203 -36.3773 39.1244
v 4.55945 -36.4661 39.3366
v 3.9492 -36.5372 39.505
v 3.32529 -36.5992 39.6506
v 2.68891 -36.6515 39.7724
v 2.04224 -36.6932 39.8691
v 1.3877 -36.7238 39.9397
v 0.727707 -36.7428 39.9834
v 0.0647027 -36.7499 39.9999
v -0.5984 -36.7451 39.9888
v -1.25863 -36.7284 39.9504
v -1.91378 -36.7001 39.8851
v -2.56165 -36.6606 39.7936
v -3.20009 -36.6104 39.6767
v -3.82698 -36.5502 39.5356
v -4.44026 -36.4808 39.3715
v -5.03842 -36.403 39.186
v -5.62096 -36.3176 38.9801
v -6.18725 -36.2254 38.7553
v -6.73672 -36.1273 38.5126
v -7.26885 -36.024 38.2536
v -7.7835 -35.9163 37.9792
v -8.28071 -35.8049 37.6905
v -8.76055 -35.6905 37.3885
v -9.22311 -35.5738 37.0742
v -9.66852 -35.4554 36.7483
v -10.097 -35.3357 36.4117
v -10.5088 -35.2155 36.0651
v -10.9041 -35.0951 35.709
v -11.2833 -34.975 35.3441
v -11.6465 -34.8557 34.9708
v -11.9942 -34.7376 34.5896
v -12.3265 -34.6211 34.2009
v -12.6435 -34.5066 33.8052
v -12.9454 -34.3945 33.403
v -13.2324 -34.2851 32.9946
v -13.5047 -34.1787 32.5804
v -13.7623 -34.0758 32.1607
v -14.0055 -33.9766 31.736
v -14.2344 -33.8813 31.3064
v -14.4489 -33.7904 30.8723
v -14.6494 -33.704 30.4338
v -14.8359 -33.6223 29.9914
v -15.0084 -33.5457 29.5452
v -15.167 -33.4742 29.0953
v -15.3118 -33.4083 28.6421
v -15.4427 -33.3479 28.186
v -15.5598 -33.2935 27.7272
v -15.6631 -33.245 27.266
v -15.7526 -33.2027 26.8028
v -15.8283 -33.1667 26.3379
v -15.8902 -33.1371 25.8715
v -15.9383 -33.1139 25.404
v -15.9726 -33.0974 24.9355
v -15.9932 -33.0875 24.4665
v -16 -33.0842 23.9971
v -15.993 -33.0875 23.5277
v -15.9723 -33.0976 23.0587
v -15.9378 -33.1142 22.5902
v -15.8895 -33.1374 22.1227
v -15.8274 -33.1671 21.6563
v -15.7516 -33.2032 21.1914
v -15.6619 -33.2456 20.7282
v -15.5585 -33.2941 20.2671
v -15.4412 -33.3487 19.8083
v -15.3101 -33.409 19.3522
v -15.1651 -33.4751 18.899
v -15.0063 -33.5466 18.4492
v -14.8335 -33.6233 18.0028
v -14.6468 -33.7051 17.5602
v -14.446 -33.7916 17.1216
v -14.2311 -33.8827 16.6873
v -14.0019 -33.9781 16.2575
v -13.7584 -34.0774 15.8326
v -13.5004 -34.1804 15.4128
v -13.2278 -34.2868 14.9986
v -12.9405 -34.3963 14.5902
v -12.6383 -34.5085 14.1881
v -12.3211 -34.623 13.7926
v -11.9886 -34.7396 13.404
v -11.6406 -34.8577 13.0229
v -11.2768 -34.9771 12.6495
v -10.8971 -35.0972 12.2845
v -10.5012 -35.2177 11.9284
v -10.0888 -35.3381 11.5816
v -9.65972 -35.4578 11.245
v -9.21366 -35.5763 10.9192
v -8.75042 -35.693 10.6048
v -8.26986 -35.8074 10.3029
v -7.77191 -35.9188 10.0144
v -7.25651 -36.0265 9.74016
v -6.7236 -36.1297 9.48128
v -6.17303 -36.2278 9.23878
v -5.6054 -36.32 9.01402
v -5.02153 -36.4053 8.80842
v -4.42229 -36.483 8.62329
v -3.80863 -36.5521 8.45991
v -3.18152 -36.612 8.31951
v -2.54234 -36.662 8.20328
v -1.89343 -36.7012 8.11243
v -1.23718 -36.7292 8.0479
v -0.57604 -36.7455 8.01037
v 0.0875439 -36.7499 8.00024
v 0.750434 -36.7423 8.01761
v 1.40993 -36.7229 8.06224
v 2.06384 -36.692 8.13367
v 2.70996 -36.6499 8.23117
v 3.34616 -36.5973 8.35381
v 3.97032 -36.5349 8.50043
v 4.58039 -36.4634 8.66964
v 5.17519 -36.3838 8.86007
v 5.75422 -36.2967 9.07053
v 6.31686 -36.203 9.29975
v 6.86252 -36.1036 9.54643
v 7.39076 -35.9992 9.80927
v 7.90151 -35.8905 10.0872
v 8.39483 -35.7783 10.3792
v 8.87078 -35.6633 10.6842
v 9.32947 -35.5461 11.0015
v 9.77102 -35.4272 11.3301
v 10.1957 -35.3074 11.6692
v 10.6037 -35.187 12.0183
v 10.9954 -35.0666 12.3767
v 11.3709 -34.9466 12.7437
v 11.7305 -34.8275 13.1191
v 12.0747 -34.7097 13.5022
v 12.4034 -34.5936 13.8928
v 12.7169 -34.4796 14.2902
v 13.0154 -34.368 14.6941
v 13.299 -34.2593 15.1041
v 13.5678 -34.1537 15.5197
v 13.8221 -34.0516 15.9408
v 14.0619 -33.9533 16.3669
v 14.2873 -33.859 16.7978
v 14.4986 -33.7691 17.2331
v 14.6958 -33.6838 17.6727
v 14.8789 -33.6033 18.1162
v 15.0481 -33.5279 18.5635
v 15.2034 -33.4577 19.0144
v 15.3449 -33.3931 19.4685
v 15.4725 -33.3341 19.9255
v 15.5863 -33.2811 20.3851
v 15.6862 -33.2341 20.8469
v 15.7724 -33.1933 21.3107
v 15.8447 -33.1588 21.7762
v 15.9032 -33.1308 22.2431
v 15.948 -33.1093 22.7111
v 15.979 -33.0943 23.1799
v 15.9947 -33.0867 23.5898
v 16 -14 24
v 15.9801 -14 24.7975
v 15.9205 -14 25.5931
v 15.8213 -14 26.3847
v 15.6828 -14 27.1703
v 15.5052 -14 27.9481
v 15.2892 -14 28.7161
v 15.0351 -14 29.4723
v 14.7436 -14 30.215
v 14.4155 -14 30.9421
v 14.0515 -14 31.6521
v 13.6527 -14 32.343
v 13.2198 -14 33.0131
v 12.7541 -14 33.6609
v 12.2567 -14 34.2846
v 11.7288 -14 34.8828
v 11.1718 -14 35.4539
v 10.587 -14 35.9965
v 9.97584 -14 36.5093
v 9.3399 -14 36.991
v 8.68074 -14 37.4404
v 8 -14 37.8564
v 7.29937 -14 38.2379
v 6.58059 -14 38.5841
v 5.84546 -14 38.894
v 5.09579 -14 39.1668
v 4.33345 -14 39.402
v 3.56033 -14 39.5988
v 2.77837 -14 39.7569
v 1.9895 -14 39.8758
v 1.19568 -14 39.9553
v 0.398891 -14 39.995
v -0.398891 -14 39.995
v -1.19568 -14 39.9553
v -1.9895 -14 39.8758
v -2.77837 -14 39.7569
v -3.56033 -14 39.5988
v -4.33345 -14 39.402
v -5.09579 -14 39.1668
v -5.84546 -14 38.894
v -6.58059 -14 38.5841
v -7.29937 -14 38.2379
v -8 -14 37.8564
v -8.68074 -14 37.4404
v -9.3399 -14 36.991
v -9.97584 -14 36.5093
v -10.587 -14 35.9965
v -11.1718 -14 35.4539
v -11.7288 -14 34.8828
v -12.2567 -14 34.2846
v -12.7541 -14 33.6609
v -13.2198 -14 33.0131
v -13.6527 -14 32.343
v -14.0515 -14 31.6521
v -14.4155 -14 30.9421
v -14.7436 -14 30.215
v -15.0351 -14 29.4723
v -15.2892 -14 28.7161
v -15.5052 -14 27.9481
v -15.6828 -14 27.1703
v -15.8213 -14 26.3847
v -15.9205 -14 25.5931
v -15.9801 -14 24.7975
v -16 -14 24
v -15.9801 -14 23.2025
v -15.9205 -14 22.4069
v -15.8213 -14 21.6153
v -15.6828 -14 20.8297
v -15.5052 -14 20.0519
v -15.2892 -14 19.2839
v -15.0351 -14 18.5277
v -14.7436 -14 17.785
v -14.4155 -14 17.0579
v -14.0515 -14 16.3479
v -13.6527 -14 15.657
v -13.2198 -14 14.9869
v -12.7541 -14 14.3391
v -12.2567 -14 13.7154
v -11.7288 -14 13.1172
v -11.1718 -14 12.5461
v -10.587 -14 12.0035
v -9.97584 -14 11.4907
v -9.3399 -14 11.009
v -8.68074 -14 10.5596
v -8 -14 10.1436
v -7.29937 -14 9.76205
v -6.58059 -14 9.41591
v -5.84546 -14 9.10602
v -5.09579 -14 8.83316
v -4.33345 -14 8.59801
v -3.56033 -14 8.40115
v -2.77837 -14 8.24308
v -1.9895 -14 8.12417
v -1.19568 -14 8.04474
v -0.398891 -14 8.00497
v 0.398891 -14 8.00497
v 1.19568 -14 8.04474
v 1.9895 -14 8.12417
v 2.77837 -14 8.24308
v 3.56033 -14 8.40115
v 4.33345 -14 8.59801
v 5.09579 -14 8.83316
v 5.84546 -14 9.10602
v 6.58059 -14 9.41591
v 7.29937 -14 9.76205
v 8 -14 10.1436
v 8.68074 -14 10.5596
v 9.3399 -14 11.009
v 9.97584 -14 11.4907
v 10.587 -14 12.0035
v 11.1718 -14 12.5461
v 11.7288 -14 13.1172
v 12.2567 -14 13.7154
v 12.7541 -14 14.3391
v 13.2198 -14 14.9869
v 13.6527 -14 15.657
v 14.0515 -14 16.3479
v 14.4155 -14 17.0579
v 14.7436 -14 17.785
v 15.0351 -14 18.5277
v 15.2892 -14 19.2839
v 15.5052 -14 20.0519
v 15.6828 -14 20.8297
v 15.8213 -14 21.6153
v 15.9205 -14 22.4069
v 15.9801 -14 23.2025
v 11 -14 24
v 10.9863 -14 24.5483
v 10.9453 -14 25.0952
v 10.8771 -14 25.6395
v 10.7819 -14 26.1796
v 10.6599 -14 26.7143
v 10.5113 -14 27.2423
v 10.3366 -14 27.7622
v 10.1362 -14 28.2728
v 9.91066 -14 28.7727
v 9.66044 -14 29.2608
v 9.3862 -14 29.7358
v 9.08863 -14 30.1965
v 8.76846 -14 30.6418
v 8.42649 -14 31.0707
v 8.06357 -14 31.4819
v 7.6806 -14 31.8745
v 7.27854 -14 32.2476
v 6.85839 -14 32.6001
v 6.42118 -14 32.9313
v 5.96801 -14 33.2403
v 5.5 -14 33.5263
v 5.01832 -14 33.7886
v 4.52416 -14 34.0266
v 4.01875 -14 34.2396
v 3.50335 -14 34.4272
v 2.97925 -14 34.5889
v 2.44773 -14 34.7242
v 1.91013 -14 34.8329
v 1.36778 -14 34.9146
v 0.822031 -14 34.9692
v 0.274238 -14 34.9966
v -0.274238 -14 34.9966
v -0.822031 -14 34.9692
v -1.36778 -14 34.9146
v -1.91013 -14 34.8329
v -2.44773 -14 34.7242
v -2.97925 -14 34.5889
v -3.50335 -14 34.4272
v -4.01875 -14 34.2396
v -4.52416 -14 34.0266
v -5.01832 -14 33.7886
v -5.5 -14 33.5263
v -5.96801 -14 33.2403
v -6.42118 -14 32.9313
v -6.85839 -14 32.6001
v -7.27854 -14 32.2476
v -7.6806 -14 31.8745
v -8.06357 -14 31.4819
v -8.42649 -14 31.0707
v -8.76846 -14 30.6418
v -9.08863 -14 30.1965
v -9.3862 -14 29.7358
v -9.66044 -14 29.2608
v -9.91066 -14 28.7727
v -10.1362 -14 28.2728
v -10.3366 -14 27.7622
v -10.5113 -14 27.2423
v -10.6599 -14 26.7143
v -10.7819 -14 26.1796
v -10.8771 -14 25.6395
v -10.9453 -14 25.0952
v -10.9863 -14 24.5483
v -11 -14 24
v -10.9863 -14 23.4517
v -10.9453 -14 22.9048
v -10.8771 -14 22.3605
v -10.7819 -14 21.8204
v -10.6599 -14 21.2857
v -10.5113 -14 20.7577
v -10.3366 -14 20.2378
v -10.1362 -14 19.7272
v -9.91066 -14 19.2273
v -9.66044 -14 18.7392
v -9.3862 -14 18.2642
v -9.08863 -14 17.8035
v -8.76846 -14 17.3582
v -8.42649 -14 16.9293
v -8.06357 -14 16.5181
v -7.6806 -14 16.1255
v -7.27854 -14 15.7524
v -6.85839 -14 15.3999
v -6.42118 -14 15.0687
v -5.96801 -14 14.7597
v -5.5 -14 14.4737
v -5.01832 -14 14.2114
v -4.52416 -14 13.9734
v -4.01875 -14 13.7604
v -3.50335 -14 13.5728
v -2.97925 -14 13.4111
v -2.44773 -14 13.2758
v -1.91013 -14 13.1671
v -1.36778 -14 13.0854
v -0.822031 -14 13.0308
v -0.274238 -14 13.0034
v 0.274238 -14 13.0034
v 0.822031 -14 13.0308
v 1.36778 -14 13.0854
v 1.91013 -14 13.1671
v 2.44773 -14 13.2758
v 2.97925 -14 13.4111
v 3.50335 -14 13.5728
v 4.01875 -14 13.7604
v 4.52416 -14 13.9734
v 5.01832 -14 14.2114
v 5.5 -14 14.4737
v 5.96801 -14 14.7597
v 6.42118 -14 15.0687
v 6.85839 -14 15.3999
v 7.27854 -14 15.7524
v 7.6806 -14 16.1255
v 8.06357 -14 16.5181
v 8.42649 -14 16.9293
v 8.76846 -14 17.3582
v 9.08863 -14 17.8035
v 9.3862 -14 18.2642
v 9.66044 -14 18.7392
v 9.91066 -14 19.2273
v 10.1362 -14 19.7272
v 10.3366 -14 20.2378
v 10.5113 -14 20.7577
v 10.6599 -14 21.2857
v 10.7819 -14 21.8204
v 10.8771 -14 22.3605
v 10.9453 -14 22.9048
v 10.9863 -14 23.4517
v 16 14 24
v 15.9801 14 24.7975
v 15.9205 14 25.5931
v 15.8213 14 26.3847
v 15.6828 14 27.1703
v 15.5052 14 27.9481
v 15.2892 14 28.7161
v 15.0351 14 29.4723
v 14.7436 14 30.215
v 14.4155 14 30.9421
v 14.0515 14 31.6521
v 13.6527 14 32.343
v 13.2198 14 33.0131
v 12.7541 14 33.6609
v 12.2567 14 34.2846
v 11.7288 14 34.8828
v 11.1718 14 35.4539
v 10.587 14 35.9965
v 9.97584 14 36.5093
v 9.3399 14 36.991
v 8.68074 14 37.4404
v 8 14 37.8564
v 7.29937 14 38.2379
v 6.58059 14 38.5841
v 5.84546 14 38.894
v 5.09579 14 39.1668
v 4.33345 14 39.402
v 3.56033 14 39.5988
v 2.77837 14 39.7569
v 1.9895 14 39.8758
v 1.19568 14 39.9553
v 0.398891 14 39.995
v -0.398891 14 39.995
v -1.19568 14 39.9553
v -1.9895 14 39.8758
v -2.77837 14 39.7569
v -3.56033 14 39.5988
v -4.33345 14 39.402
v -5.09579 14 39.1668
v -5.84546 14 38.894
v -6.58059 14 38.5841
v -7.29937 14 38.2379
v -8 14 37.8564
v -8.68074 14 37.4404
v -9.3399 14 36.991
v -9.97584 14 36.5093
v -10.587 14 35.9965
v -11.1718 14 35.4539
v -11.7288 14 34.8828
v -12.2567 14 34.2846
v -12.7541 14 33.6609
v -13.2198 14 33.0131
v -13.6527 14 32.343
v -14.0515 14 31.6521
v -14.4155 14 30.9421
v -14.7436 14 30.215
v -15.0351 14 29.4723
v -15.2892 14 28.7161
v -15.5052 14 27.9481
v -15.6828 14 27.1703
v -15.8213 14 26.3847
v -15.9205 14 25.5931
v -15.9801 14 24.7975
v -16 14 24
v -15.9801 14 23.2025
v -15.9205 14 22.4069
v -15.8213 14 21.6153
v -15.6828 14 20.8297
v -15.5052 14 20.0519
v -15.2892 14 19.2839
v -15.0351 14 18.5277
v -14.7436 14 17.785
v -14.4155 14 17.0579
v -14.0515 14 16.3479
v -13.6527 14 15.657
v -13.2198 14 14.9869
v -12.7541 14 14.3391
v -12.2567 14 13.7154
v -11.7288 14 13.1172
v -11.1718 14 12.5461
v -10.587 14 12.0035
v -9.97584 14 11.4907
v -9.3399 14 11.009
v -8.68074 14 10.5596
v -8 14 10.1436
v -7.29937 14 9.76205
v -6.58059 14 9.41591
v -5.84546 14 9.10602
v -5.09579 14 8.83316
v -4.33345 14 8.59801
v -3.56033 14 8.40115
v -2.77837 14 8.24308
v -1.9895 14 8.12417
v -1.19568 14 8.04474
v -0.398891 14 8.00497
v 0.398891 14 8.00497
v 1.19568 14 8.04474
v 1.9895 14 8.12417
v 2.77837 14 8.24308
v 3.56033 14 8.40115
v 4.33345 14 8.59801
v 5.09579 14 8.83316
v 5.84546 14 9.10602
v 6.58059 14 9.41591
v 7.29937 14 9.76205
v 8 14 10.1436
v 8.68074 14 10.5596
v 9.3399 14 11.009
v 9.97584 14 11.4907
v 10.587 14 12.0035
v 11.1718 14 12.5461
v 11.7288 14 13.1172
v 12.2567 14 13.7154
v 12.7541 14 14.3391
v 13.2198 14 14.9869
v 13.6527 14 15.657
v 14.0515 14 16.3479
v 14.4155 14 17.0579
v 14.7436 14 17.785
v 15.0351 14 18.5277
v 15.2892 14 19.2839
v 15.5052 14 20.0519
v 15.6828 14 20.8297
v 15.8213 14 21.6153
v 15.9205 14 22.4069
v 15.9801 14 23.2025
v 11 14 24
v 10.9863 14 24.5483
v 10.9453 14 25.0952
v 10.8771 14 25.6395
v 10.7819 14 26.1796
v 10.6599 14 26.7143
v 10.5113 14 27.2423
v 10.3366 14 27.7622
v 10.1362 14 28.2728
v 9.91066 14 28.7727
v 9.66044 14 29.2608
v 9.3862 14 29.7358
v 9.08863 14 30.1965
v 8.76846 14 30.6418
v 8.42649 14 31.0707
v 8.06357 14 31.4819
v 7.6806 14 31.8745
v 7.27854 14 32.2476
v 6.85839 14 32.6001
v 6.42118 14 32.9313
v 5.96801 14 33.2403
v 5.5 14 33.5263
v 5.01832 14 33.7886
v 4.52416 14 34.0266
v 4.01875 14 34.2396
v 3.50335 14 34.4272
v 2.97925 14 34.5889
v 2.44773 14 34.7242
v 1.91013 14 34.8329
v 1.36778 14 34.9146
v 0.822031 14 34.9692
v 0.274238 14 34.9966
v -0.274238 14 34.9966
v -0.822031 14 34.9692
v -1.36778 14 34.9146
v -1.91013 14 34.8329
v -2.44773 14 34.7242
v -2.97925 14 34.5889
v -3.50335 14 34.4272
v -4.01875 14 34.2396
v -4.52416 14 34.0266
v -5.01832 14 33.7886
v -5.5 14 33.5263
v -5.96801 14 33.2403
v -6.42118 14 32.9313
v -6.85839 14 32.6001
v -7.27854 14 32.2476
v -7.6806 14 31.8745
v -8.06357 14 31.4819
v -8.42649 14 31.0707
v -8.76846 14 30.6418
v -9.08863 14 30.1965
v -9.3862 14 29.7358
v -9.66044 14 29.2608
v -9.91066 14 28.7727
v -10.1362 14 28.2728
v -10.3366 14 27.7622
v -10.5113 14 27.2423
v -10.6599 14 26.7143
v -10.7819 14 26.1796
v -10.8771 14 25.6395
v -10.9453 14 25.0952
v -10.9863 14 24.5483
v -11 14 24
v -10.9863 14 23.4517
v -10.9453 14 22.9048
v -10.8771 14 22.3605
v -10.7819 14 21.8204
v -10.6599 14 21.2857
v -10.5113 14 20.7577
v -10.3366 14 20.2378
v -10.1362 14 19.7272
v -9.91066 14 19.2273
v -9.66044 14 18.7392
v -9.3862 14 18.2642
v -9.08863 14 17.8035
v -8.76846 14 17.3582
v -8.42649 14 16.9293
v -8.06357 14 16.5181
v -7.6806 14 16.1255
v -7.27854 14 15.7524
v -6.85839 14 15.3999
v -6.42118 14 15.0687
v -5.96801 14 14.7597
v -5.5 14 14.4737
v -5.01832 14 14.2114
v -4.52416 14 13.9734
v -4.01875 14 13.7604
v -3.50335 14 13.5728
v -2.97925 14 13.4111
v -2.44773 14 13.2758
v -1.91013 14 13.1671
v -1.36778 14 13.0854
v -0.822031 14 13.0308
v -0.274238 14 13.0034
v 0.274238 14 13.0034
v 0.822031 14 13.0308
v 1.36778 14 13.0854
v 1.91013 14 13.1671
v 2.44773 14 13.2758
v 2.97925 14 13.4111
v 3.50335 14 13.5728
v 4.01875 14 13.7604
v 4.52416 14 13.9734
v 5.01832 14 14.2114
v 5.5 14 14.4737
v 5.96801 14 14.7597
v 6.42118 14 15.0687
v 6.85839 14 15.3999
v 7.27854 14 15.7524
v 7.6806 14 16.1255
v 8.06357 14 16.5181
v 8.42649 14 16.9293
v 8.76846 14 17.3582
v 9.08863 14 17.8035
v 9.3862 14 18.2642
v 9.66044 14 18.7392
v 9.91066 14 19.2273
v 10.1362 14 19.7272
v 10.3366 14 20.2378
v 10.5113 14 20.7577
v 10.6599 14 21.2857
v 10.7819 14 21.8204
v 10.8771 14 22.3605
v 10.9453 14 22.9048
v 10.9863 14 23.4517
v 36.75 -9.00115e-15 50
v 36.7043 1.83184 50
v 36.5674 3.65912 50
v 36.3395 5.4773 50
v 36.0213 7.28187 50
v 35.6136 9.06833 50
v 35.1173 10.8323 50
v 34.5337 12.5692 50
v 33.8643 14.275 50
v 33.1106 15.9452 50
v 32.2746 17.5758 50
v 31.3584 19.1627 50
v 30.3643 20.702 50
v 29.2946 22.1898 50
v 28.1521 23.6224 50
v 26.9397 24.9963 50
v 25.6602 26.3081 50
v 24.317 27.5545 50
v 22.9133 28.7323 50
v 21.4526 29.8387 50
v 19.9386 30.871 50
v 18.375 31.8264 50
v 16.7657 32.7028 50
v 15.1148 33.4978 50
v 13.4263 34.2096 50
v 11.7044 34.8363 50
v 9.95339 35.3764 50
v 8.17764 35.8286 50
v 6.38157 36.1917 50
v 4.56963 36.4648 50
v 2.74633 36.6472 50
v 0.916203 36.7386 50
v -0.916203 36.7386 50
v -2.74633 36.6472 50
v -4.56963 36.4648 50
v -6.38157 36.1917 50
v -8.17764 35.8286 50
v -9.95339 35.3764 50
v -11.7044 34.8363 50
v -13.4263 34.2096 50
v -15.1148 33.4978 50
v -16.7657 32.7028 50
v -18.375 31.8264 50
v -19.9386 30.871 50
v -21.4526 29.8387 50
v -22.9133 28.7323 50
v -24.317 27.5545 50
v -25.6602 26.3081 50
v -26.9397 24.9963 50
v -28.1521 23.6224 50
v -29.2946 22.1898 50
v -30.3643 20.702 50
v -31.3584 19.1627 50
v -32.2746 17.5758 50
v -33.1106 15.9452 50
v -33.8643 14.275 50
v -34.5337 12.5692 50
v -35.1173 10.8323 50
v -35.6136 9.06833 50
v -36.0213 7.28187 50
v -36.3395 5.4773 50
v -36.5674 3.65912 50
v -36.7043 1.83184 50
v -36.75 -1.26062e-13 50
v -36.7043 -1.83184 50
v -36.5674 -3.65912 50
v -36.3395 -5.4773 50
v -36.0213 -7.28187 50
v -35.6136 -9.06833 50
v -35.1173 -10.8323 50
v -34.5337 -12.5692 50
v -33.8643 -14.275 50
v -33.1106 -15.9452 50
v -32.2746 -17.5758 50
v -31.3584 -19.1627 50
v -30.3643 -20.702 50
v -29.2946 -22.1898 50
v -28.1521 -23.6224 50
v -26.9397 -24.9963 50
v -25.6602 -26.3081 50
v -24.317 -27.5545 50
v -22.9133 -28.7323 50
v -21.4526 -29.8387 50
v -19.9386 -30.871 50
v -18.375 -31.8264 50
v -16.7657 -32.7028 50
v -15.1148 -33.4978 50
v -13.4263 -34.2096 50
v -11.7044 -34.8363 50
v -9.95339 -35.3764 50
v -8.17764 -35.8286 50
v -6.38157 -36.1917 50
v -4.56963 -36.4648 50
v -2.74633 -36.6472 50
v -0.916203 -36.7386 50
v 0.916203 -36.7386 50
v 2.74633 -36.6472 50
v 4.56963 -36.4648 50
v 6.38157 -36.1917 50
v 8.17764 -35.8286 50
v 9.95339 -35.3764 50
v 11.7044 -34.8363 50
v 13.4263 -34.2096 50
v 15.1148 -33.4978 50
v 16.7657 -32.7028 50
v 18.375 -31.8264 50
v 19.9386 -30.871 50
v 21.4526 -29.8387 50
v 22.9133 -28.7323 50
v 24.317 -27.5545 50
v 25.6602 -26.3081 50
v 26.9397 -24.9963 50
v 28.1521 -23.6224 50
v 29.2946 -22.1898 50
v 30.3643 -20.702 50
v 31.3584 -19.1627 50
v 32.2746 -17.5758 50
v 33.1106 -15.9452 50
v 33.8643 -14.275 50
v 34.5337 -12.5692 50
v 35.1173 -10.8323 50
v 35.6136 -9.06833 50
v 36.0213 -7.28187 50
v 36.3395 -5.4773 50
v 36.5674 -3.65912 50
v 36.7043 -1.83184 50
v 16 33.0842 24
v 16 14 24
v 16 14 24
v 15.9801 14 24.7975
v 15.9205 14 25.5931
v 15.8213 14 26.3847
v 15.6828 14 27.1703
v 15.5052 14 27.9481
v 15.2892 14 28.7161
v 15.0351 14 29.4723
v 14.7436 14 30.215
v 14.4155 14 30.9421
v 14.0515 14 31.6521
v 13.6527 14 32.343
v 13.2198 14 33.0131
v 12.7541 14 33.6609
v 12.2567 14 34.2846
v 11.7288 14 34.8828
v 11.1718 14 35.4539
v 10.587 14 35.9965
v 9.97584 14 36.5093
v 9.3399 14 36.991
v 8.68074 14 37.4404
v 8 14 37.8564
v 7.29937 14 38.2379
v 6.58059 14 38.5841
v 5.84546 14 38.894
v 5.09579 14 39.1668
v 4.33345 14 39.402
v 3.56033 14 39.5988
v 2.77837 14 39.7569
v 1.9895 14 39.8758
v 1.19568 14 39.9553
v 0.398891 14 39.995
v -0.398891 14 39.995
v -1.19568 14 39.9553
v -1.9895 14 39.8758
v -2.77837 14 39.7569
v -3.56033 14 39.5988
v -4.33345 14 39.402
v -5.09579 14 39.1668
v -5.84546 14 38.894
v -6.58059 14 38.5841
v -7.29937 14 38.2379
v -8 14 37.8564
v -8.68074 14 37.4404
v -9.3399 14 36.991
v -9.97584 14 36.5093
v -10.587 14 35.9965
v -11.1718 14 35.4539
v -11.7288 14 34.8828
v -12.2567 14 34.2846
v -12.7541 14 33.6609
v -13.2198 14 33.0131
v -13.6527 14 32.343
v -14.0515 14 31.6521
v -14.4155 14 30.9421
v -14.7436 14 30.215
v -15.0351 14 29.4723
v -15.2892 14 28.7161
v -15.5052 14 27.9481
v -15.6828 14 27.1703
v -15.8213 14 26.3847
v -15.9205 14 25.5931
v -15.9801 14 24.7975
v -16 14 24
v -15.9801 14 23.2025
v -15.9205 14 22.4069
v -15.8213 14 21.6153
v -15.6828 14 20.8297
v -15.5052 14 20.0519
v -15.2892 14 19.2839
v -15.0351 14 18.5277
v -14.7436 14 17.785
v -14.4155 14 17.0579
v -14.0515 14 16.3479
v -13.6527 14 15.657
v -13.2198 14 14.9869
v -12.7541 14 14.3391
v -12.2567 14 13.7154
v -11.7288 14 13.1172
v -11.1718 14 12.5461
v -10.587 14 12.0035
v -9.97584 14 11.4907
v -9.3399 14 11.009
v -8.68074 14 10.5596
v -8 14 10.1436
v -7.29937 14 9.76205
v -6.58059 14 9.41591
v -5.84546 14 9.10602
v -5.09579 14 8.83316
v -4.33345 14 8.59801
v -3.56033 14 8.40115
v -2.77837 14 8.24308
v -1.9895 14 8.12417
v -1.19568 14 8.04474
v -0.398891 14 8.00497
v 0.398891 14 8.00497
v 1.19568 14 8.04474
v 1.9895 14 8.12417
v 2.77837 14 8.24308
v 3.56033 14 8.40115
v 4.33345 14 8.59801
v 5.09579 14 8.83316
v 5.84546 14 9.10602
v 6.58059 14 9.41591
v 7.29937 14 9.76205
v 8 14 10.1436
v 8.68074 14 10.5596
v 9.3399 14 11.009
v 9.97584 14 11.4907
v 10.587 14 12.0035
v 11.1718 14 12.5461
v 11.7288 14 13.1172
v 12.2567 14 13.7154
v 12.7541 14 14.3391
v 13.2198 14 14.9869
v 13.6527 14 15.657
v 14.0515 14 16.3479
v 14.4155 14 17.0579
v 14.7436 14 17.785
v 15.0351 14 18.5277
v 15.2892 14 19.2839
v 15.5052 14 20.0519
v 15.6828 14 20.8297
v 15.8213 14 21.6153
v 15.9205 14 22.4069
v 15.9801 14 23.2025
v 16 33.0842 24
v 15.984 33.0919 24.715
v 15.9361 33.115 25.429
v 15.8561 33.1534 26.1408
v 15.7442 33.2067 26.8495
v 15.6003 33.2745 27.5541
v 15.4242 33.3565 28.2536
v 15.2161 33.4519 28.9468
v 14.9758 33.5602 29.6326
v 14.7031 33.6806 30.3101
v 14.3979 33.8122 30.9786
v 14.0598 33.9542 31.6369
v 13.6884 34.1056 32.2842
v 13.2834 34.2654 32.9192
v 12.8442 34.4324 33.5408
v 12.3704 34.6054 34.1476
v 11.8612 34.7833 34.7384
v 11.3158 34.9645 35.3116
v 10.7334 35.1476 35.8656
v 10.1769 35.3128 36.3463
v 9.6493 35.4606 36.7629
v 9.09584 35.6066 37.163
v 8.51614 35.7497 37.5453
v 7.91001 35.8886 37.908
v 7.27733 36.0223 38.2492
v 6.61796 36.1492 38.5672
v 5.93186 36.2681 38.8598
v 5.2203 36.3773 39.1244
v 4.55945 36.4661 39.3366
v 3.9492 36.5372 39.505
v 3.32529 36.5992 39.6506
v 2.68891 36.6515 39.7724
v 2.04224 36.6932 39.8691
v 1.3877 36.7238 39.9397
v 0.727707 36.7428 39.9834
v 0.0647027 36.7499 39.9999
v -0.5984 36.7451 39.9888
v -1.25863 36.7284 39.9504
v -1.91378 36.7001 39.8851
v -2.56165 36.6606 39.7936
v -3.20009 36.6104 39.6767
v -3.82698 36.5502 39.5356
v -4.44026 36.4808 39.3715
v -5.03842 36.403 39.186
v -5.62096 36.3176 38.9801
v -6.18725 36.2254 38.7553
v -6.73672 36.1273 38.5126
v -7.26885 36.024 38.2536
v -7.7835 35.9163 37.9792
v -8.28071 35.8049 37.6905
v -8.76055 35.6905 37.3885
v -9.22311 35.5738 37.0742
v -9.66852 35.4554 36.7483
v -10.097 35.3357 36.4117
v -10.5088 35.2155 36.0651
v -10.9041 35.0951 35.709
v -11.2833 34.975 35.3441
v -11.6465 34.8557 34.9708
v -11.9942 34.7376 34.5896
v -12.3265 34.6211 34.2009
v -12.6435 34.5066 33.8052
v -12.9454 34.3945 33.403
v -13.2324 34.2851 32.9946
v -13.5047 34.1787 32.5804
v -13.7623 34.0758 32.1607
v -14.0055 33.9766 31.736
v -14.2344 33.8813 31.3064
v -14.4489 33.7904 30.8723
v -14.6494 33.704 30.4338
v -14.8359 33.6223 29.9914
v -15.0084 33.5457 29.5452
v -15.167 33.4742 29.0953
v -15.3118 33.4083 28.6421
v -15.4427 33.3479 28.186
v -15.5598 33.2935 27.7272
v -15.6631 33.245 27.266
v -15.7526 33.2027 26.8028
v -15.8283 33.1667 26.3379
v -15.8902 33.1371 25.8715
v -15.9383 33.1139 25.404
v -15.9726 33.0974 24.9355
v -15.9932 33.0875 24.4665
v -16 33.0842 23.9971
v -15.993 33.0875 23.5277
v -15.9723 33.0976 23.0587
v -15.9378 33.1142 22.5902
v -15.8895 33.1374 22.1227
v -15.8274 33.1671 21.6563
v -15.7516 33.2032 21.1914
v -15.6619 33.2456 20.7282
v -15.5585 33.2941 20.2671
v -15.4412 33.3487 19.8083
v -15.3101 33.409 19.3522
v -15.1651 33.4751 18.899
v -15.0063 33.5466 18.4492
v -14.8335 33.6233 18.0028
v -14.6468 33.7051 17.5602
v -14.446 33.7916 17.1216
v -14.2311 33.8827 16.6873
v -14.0019 33.9781 16.2575
v -13.7584 34.0774 15.8326
v -13.5004 34.1804 15.4128
v -13.2278 34.2868 14.9986
v -12.9405 34.3963 14.5902
v -12.6383 34.5085 14.1881
v -12.3211 34.623 13.7926
v -11.9886 34.7396 13.404
v -11.6406 34.8577 13.0229
v -11.2768 34.9771 12.6495
v -10.8971 35.0972 12.2845
v -10.5012 35.2177 11.9284
v -10.0888 35.3381 11.5816
v -9.65972 35.4578 11.245
v -9.21366 35.5763 10.9192
v -8.75042 35.693 10.6048
v -8.26986 35.8074 10.3029
v -7.77191 35.9188 10.0144
v -7.25651 36.0265 9.74016
v -6.7236 36.1297 9.48128
v -6.17303 36.2278 9.23878
v -5.6054 36.32 9.01402
v -5.02153 36.4053 8.80842
v -4.42229 36.483 8.62329
v -3.80863 36.5521 8.45991
v -3.18152 36.612 8.31951
v -2.54234 36.662 8.20328
v -1.89343 36.7012 8.11243
v -1.23718 36.7292 8.0479
v -0.57604 36.7455 8.01037
v 0.0875437 36.7499 8.00024
v 0.750433 36.7423 8.01761
v 1.40993 36.7229 8.06224
v 2.06384 36.692 8.13367
v 2.70996 36.6499 8.23117
v 3.34616 36.5973 8.35381
v 3.97032 36.5349 8.50043
v 4.58039 36.4634 8.66964
v 5.17519 36.3838 8.86007
v 5.75422 36.2967 9.07053
v 6.31686 36.203 9.29975
v 6.86252 36.1036 9.54643
v 7.39076 35.9992 9.80927
v 7.90151 35.8905 10.0872
v 8.39483 35.7783 10.3792
v 8.87078 35.6633 10.6842
v 9.32947 35.5461 11.0015
v 9.77102 35.4272 11.3301
v 10.1957 35.3074 11.6692
v 10.6037 35.187 12.0183
v 10.9954 35.0666 12.3767
v 11.3709 34.9466 12.7437
v 11.7305 34.8275 13.1191
v 12.0747 34.7097 13.5022
v 12.4034 34.5936 13.8928
v 12.7169 34.4796 14.2902
v 13.0154 34.368 14.6941
v 13.299 34.2593 15.1041
v 13.5678 34.1537 15.5197
v 13.8221 34.0516 15.9408
v 14.0619 33.9533 16.3669
v 14.2873 33.859 16.7978
v 14.4986 33.7691 17.2331
v 14.6958 33.6838 17.6727
v 14.8789 33.6033 18.1162
v 15.0481 33.5279 18.5635
v 15.2034 33.4577 19.0144
v 15.3449 33.3931 19.4685
v 15.4725 33.3341 19.9255
v 15.5863 33.2811 20.3851
v 15.6862 33.2341 20.8469
v 15.7724 33.1933 21.3107
v 15.8447 33.1588 21.7762
v 15.9032 33.1308 22.2431
v 15.948 33.1093 22.7111
v 15.979 33.0943 23.1799
v 15.9947 33.0867 23.5898
v 16 -33.0842 24
v 15.984 -33.0919 24.715
v 15.9361 -33.115 25.429
v 15.8561 -33.1534 26.1408
v 15.7442 -33.2067 26.8495
v 15.6003 -33.2745 27.5541
v 15.4242 -33.3565 28.2536
v 15.2161 -33.4519 28.9468
v 14.9758 -33.5602 29.6326
v 14.7031 -33.6806 30.3101
v 14.3979 -33.8122 30.9786
v 14.0598 -33.9542 31.6369
v 13.6884 -34.1056 32.2842
v 13.2834 -34.2654 32.9192
v 12.8442 -34.4324 33.5408
v 12.3704 -34.6054 34.1476
v 11.8612 -34.7833 34.7384
v 11.3158 -34.9645 35.3116
v 10.7334 -35.1476 35.8656
v 10.1769 -35.3128 36.3463
v 9.6493 -35.4606 36.7629
v 9.09584 -35.6066 37.163
v 8.51614 -35.7497 37.5453
v 7.91001 -35.8886 37.908
v 7.27733 -36.0223 38.2492
v 6.61796 -36.1492 38.5672
v 5.93186 -36.2681 38.8598
v 5.2203 -36.3773 39.1244
v 4.55945 -36.4661 39.3366
v 3.9492 -36.5372 39.505
v 3.32529 -36.5992 39.6506
v 2.68891 -36.6515 39.7724
v 2.04224 -36.6932 39.8691
v 1.3877 -36.7238 39.9397
v 0.727707 -36.7428 39.9834
v 0.0647027 -36.7499 39.9999
v -0.5984 -36.7451 39.9888
v -1.25863 -36.7284 39.9504
v -1.91378 -36.7001 39.8851
v -2.56165 -36.6606 39.7936
v -3.20009 -36.6104 39.6767
v -3.82698 -36.5502 39.5356
v -4.44026 -36.4808 39.3715
v -5.03842 -36.403 39.186
v -5.62096 -36.3176 38.9801
v -6.18725 -36.2254 38.7553
v -6.73672 -36.1273 38.5126
v -7.26885 -36.024 38.2536
v -7.7835 -35.9163 37.9792
v -8.28071 -35.8049 37.6905
v -8.76055 -35.6905 37.3885
v -9.22311 -35.5738 37.0742
v -9.66852 -35.4554 36.7483
v -10.097 -35.3357 36.4117
v -10.5088 -35.2155 36.0651
v -10.9041 -35.0951 35.709
v -11.2833 -34.975 35.3441
v -11.6465 -34.8557 34.9708
v -11.9942 -34.7376 34.5896
v -12.3265 -34.6211 34.2009
v -12.6435 -34.5066 33.8052
v -12.9454 -34.3945 33.403
v -13.2324 -34.2851 32.9946
v -13.5047 -34.1787 32.5804
v -13.7623 -34.0758 32.1607
v -14.0055 -33.9766 31.736
v -14.2344 -33.8813 31.3064
v -14.4489 -33.7904 30.8723
v -14.6494 -33.704 30.4338
v -14.8359 -33.6223 29.9914
v -15.0084 -33.5457 29.5452
v -15.167 -33.4742 29.0953
v -15.3118 -33.4083 28.6421
v -15.4427 -33.3479 28.186
v -15.5598 -33.2935 27.7272
v -15.6631 -33.245 27.266
v -15.7526 -33.2027 26.8028
v -15.8283 -33.1667 26.3379
v -15.8902 -33.1371 25.8715
v -15.9383 -33.1139 25.404
v -15.9726 -33.0974 24.9355
v -15.9932 -33.0875 24.4665
v -16 -33.0842 23.9971
v -15.993 -33.0875 23.5277
v -15.9723 -33.0976 23.0587
v -15.9378 -33.1142 22.5902
v -15.8895 -33.1374 22.1227
v -15.8274 -33.1671 21.6563
v -15.7516 -33.2032 21.1914
v -15.6619 -33.2456 20.7282
v -15.5585 -33.2941 20.2671
v -15.4412 -33.3487 19.8083
v -15.3101 -33.409 19.3522
v -15.1651 -33.4751 18.899
v -15.0063 -33.5466 18.4492
v -14.8335 -33.6233 18.0028
v -14.6468 -33.7051 17.5602
v -14.446 -33.7916 17.1216
v -14.2311 -33.8827 16.6873
v -14.0019 -33.9781 16.2575
v -13.7584 -34.0774 15.8326
v -13.5004 -34.1804 15.4128
v -13.2278 -34.2868 14.9986
v -12.9405 -34.3963 14.5902
v -12.6383 -34.5085 14.1881
v -12.3211 -34.623 13.7926
v -11.9886 -34.7396 13.404
v -11.6406 -34.8577 13.0229
v -11.2768 -34.9771 12.6495
v -10.8971 -35.0972 12.2845
v -10.5012 -35.2177 11.9284
v -10.0888 -35.3381 11.5816
v -9.65972 -35.4578 11.245
v -9.21366 -35.5763 10.9192
v -8.75042 -35.693 10.6048
v -8.26986 -35.8074 10.3029
v -7.77191 -35.9188 10.0144
v -7.25651 -36.0265 9.74016
v -6.7236 -36.1297 9.48128
v -6.17303 -36.2278 9.23878
v -5.6054 -36.32 9.01402
v -5.02153 -36.4053 8.80842
v -4.42229 -36.483 8.62329
v -3.80863 -36.5521 8.45991
v -3.18152 -36.612 8.31951
v -2.54234 -36.662 8.20328
v -1.89343 -36.7012 8.11243
v -1.23718 -36.7292 8.0479
v -0.57604 -36.7455 8.01037
v 0.0875439 -36.7499 8.00024
v 0.750434 -36.7423 8.01761
v 1.40993 -36.7229 8.06224
v 2.06384 -36.692 8.13367
v 2.70996 -36.6499 8.23117
v 3.34616 -36.5973 8.35381
v 3.97032 -36.5349 8.50043
v 4.58039 -36.4634 8.66964
v 5.17519 -36.3838 8.86007
v 5.75422 -36.2967 9.07053
v 6.31686 -36.203 9.29975
v 6.86252 -36.1036 9.54643
v 7.39076 -35.9992 9.80927
v 7.90151 -35.8905 10.0872
v 8.39483 -35.7783 10.3792
v 8.87078 -35.6633 10.6842
v 9.32947 -35.5461 11.0015
v 9.77102 -35.4272 11.3301
v 10.1957 -35.3074 11.6692
v 10.6037 -35.187 12.0183
v 10.9954 -35.0666 12.3767
v 11.3709 -34.9466 12.7437
v 11.7305 -34.8275 13.1191
v 12.0747 -34.7097 13.5022
v 12.4034 -34.5936 13.8928
v 12.7169 -34.4796 14.2902
v 13.0154 -34.368 14.6941
v 13.299 -34.2593 15.1041
v 13.5678 -34.1537 15.5197
v 13.8221 -34.0516 15.9408
v 14.0619 -33.9533 16.3669
v 14.2873 -33.859 16.7978
v 14.4986 -33.7691 17.2331
v 14.6958 -33.6838 17.6727
v 14.8789 -33.6033 18.1162
v 15.0481 -33.5279 18.5635
v 15.2034 -33.4577 19.0144
v 15.3449 -33.3931 19.4685
v 15.4725 -33.3341 19.9255
v 15.5863 -33.2811 20.3851
v 15.6862 -33.2341 20.8469
v 15.7724 -33.1933 21.3107
v 15.8447 -33.1588 21.7762
v 15.9032 -33.1308 22.2431
v 15.948 -33.1093 22.7111
v 15.979 -33.0943 23.1799
v 15.9947 -33.0867 23.5898
v 16 -33.0842 24
v 16 -14 24
v 15.9801 -14 24.7975
v 15.9205 -14 25.5931
v 15.8213 -14 26.3847
v 15.6828 -14 27.1703
v 15.5052 -14 27.9481
v 15.2892 -14 28.7161
v 15.0351 -14 29.4723
v 14.7436 -14 30.215
v 14.4155 -14 30.9421
v 14.0515 -14 31.6521
v 13.6527 -14 32.343
v 13.2198 -14 33.0131
v 12.7541 -14 33.6609
v 12.2567 -14 34.2846
v 11.7288 -14 34.8828
v 11.1718 -14 35.4539
v 10.587 -14 35.9965
v 9.97584 -14 36.5093
v 9.3399 -14 36.991
v 8.68074 -14 37.4404
v 8 -14 37.8564
v 7.29937 -14 38.2379
v 6.58059 -14 38.5841
v 5.84546 -14 38.894
v 5.09579 -14 39.1668
v 4.33345 -14 39.402
v 3.56033 -14 39.5988
v 2.77837 -14 39.7569
v 1.9895 -14 39.8758
v 1.19568 -14 39.9553
v 0.398891 -14 39.995
v -0.398891 -14 39.995
v -1.19568 -14 39.9553
v -1.9895 -14 39.8758
v -2.77837 -14 39.7569
v -3.56033 -14 39.5988
v -4.33345 -14 39.402
v -5.09579 -14 39.1668
v -5.84546 -14 38.894
v -6.58059 -14 38.5841
v -7.29937 -14 38.2379
v -8 -14 37.8564
v -8.68074 -14 37.4404
v -9.3399 -14 36.991
v -9.97584 -14 36.5093
v -10.587 -14 35.9965
v -11.1718 -14 35.4539
v -11.7288 -14 34.8828
v -12.2567 -14 34.2846
v -12.7541 -14 33.6609
v -13.2198 -14 33.0131
v -13.6527 -14 32.343
v -14.0515 -14 31.6521
v -14.4155 -14 30.9421
v -14.7436 -14 30.215
v -15.0351 -14 29.4723
v -15.2892 -14 28.7161
v -15.5052 -14 27.9481
v -15.6828 -14 27.1703
v -15.8213 -14 26.3847
v -15.9205 -14 25.5931
v -15.9801 -14 24.7975
v -16 -14 24
v -15.9801 -14 23.2025
v -15.9205 -14 22.4069
v -15.8213 -14 21.6153
v -15.6828 -14 20.8297
v -15.5052 -14 20.0519
v -15.2892 -14 19.2839
v -15.0351 -14 18.5277
v -14.7436 -14 17.785
v -14.4155 -14 17.0579
v -14.0515 -14 16.3479
v -13.6527 -14 15.657
v -13.2198 -14 14.9869
v -12.7541 -14 14.3391
v -12.2567 -14 13.7154
v -11.7288 -14 13.1172
v -11.1718 -14 12.5461
v -10.587 -14 12.0035
v -9.97584 -14 11.4907
v -9.3399 -14 11.009
v -8.68074 -14 10.5596
v -8 -14 10.1436
v -7.29937 -14 9.76205
v -6.58059 -14 9.41591
v -5.84546 -14 9.10602
v -5.09579 -14 8.83316
v -4.33345 -14 8.59801
v -3.56033 -14 8.40115
v -2.77837 -14 8.24308
v -1.9895 -14 8.12417
v -1.19568 -14 8.04474
v -0.398891 -14 8.00497
v 0.398891 -14 8.00497
v 1.19568 -14 8.04474
v 1.9895 -14 8.12417
v 2.77837 -14 8.24308
v 3.56033 -14 8.40115
v 4.33345 -14 8.59801
v 5.09579 -14 8.83316
v 5.84546 -14 9.10602
v 6.58059 -14 9.41591
v 7.29937 -14 9.76205
v 8 -14 10.1436
v 8.68074 -14 10.5596
v 9.3399 -14 11.009
v 9.97584 -14 11.4907
v 10.587 -14 12.0035
v 11.1718 -14 12.5461
v 11.7288 -14 13.1172
v 12.2567 -14 13.7154
v 12.7541 -14 14.3391
v 13.2198 -14 14.9869
v 13.6527 -14 15.657
v 14.0515 -14 16.3479
v 14.4155 -14 17.0579
v 14.7436 -14 17.785
v 15.0351 -14 18.5277
v 15.2892 -14 19.2839
v 15.5052 -14 20.0519
v 15.6828 -14 20.8297
v 15.8213 -14 21.6153
v 15.9205 -14 22.4069
v 15.9801 -14 23.2025
v 16 -14 24
v 10.95 -42 24
v 10.9364 -42 24.5458
v 10.8956 -42 25.0903
v 10.8277 -42 25.632
v 10.7329 -42 26.1697
v 10.6114 -42 26.702
v 10.4635 -42 27.2276
v 10.2896 -42 27.7451
v 10.0902 -42 28.2534
v 9.86561 -42 28.751
v 9.61653 -42 29.2369
v 9.34354 -42 29.7097
v 9.04731 -42 30.1684
v 8.7286 -42 30.6117
v 8.38819 -42 31.0385
v 8.02692 -42 31.4479
v 7.64569 -42 31.8387
v 7.24546 -42 32.2101
v 6.82721 -42 32.5611
v 6.39199 -42 32.8907
v 5.94088 -42 33.1983
v 5.475 -42 33.483
v 4.99551 -42 33.7441
v 4.50359 -42 33.981
v 4.00048 -42 34.1931
v 3.48743 -42 34.3798
v 2.9657 -42 34.5407
v 2.4366 -42 34.6755
v 1.90145 -42 34.7836
v 1.36156 -42 34.865
v 0.818295 -42 34.9194
v 0.272991 -42 34.9466
v -0.272991 -42 34.9466
v -0.818295 -42 34.9194
v -1.36156 -42 34.865
v -1.90145 -42 34.7836
v -2.4366 -42 34.6755
v -2.9657 -42 34.5407
v -3.48743 -42 34.3798
v -4.00048 -42 34.1931
v -4.50359 -42 33.981
v -4.99551 -42 33.7441
v -5.475 -42 33.483
v -5.94088 -42 33.1983
v -6.39199 -42 32.8907
v -6.82721 -42 32.5611
v -7.24546 -42 32.2101
v -7.64569 -42 31.8387
v -8.02692 -42 31.4479
v -8.38819 -42 31.0385
v -8.7286 -42 30.6117
v -9.04731 -42 30.1684
v -9.34354 -42 29.7097
v -9.61653 -42 29.2369
v -9.86561 -42 28.751
v -10.0902 -42 28.2534
v -10.2896 -42 27.7451
v -10.4635 -42 27.2276
v -10.6114 -42 26.702
v -10.7329 -42 26.1697
v -10.8277 -42 25.632
v -10.8956 -42 25.0903
v -10.9364 -42 24.5458
v -10.95 -42 24
v -10.9364 -42 23.4542
v -10.8956 -42 22.9097
v -10.8277 -42 22.368
v -10.7329 -42 21.8303
v -10.6114 -42 21.298
v -10.4635 -42 20.7724
v -10.2896 -42 20.2549
v -10.0902 -42 19.7466
v -9.86561 -42 19.249
v -9.61653 -42 18.7631
v -9.34354 -42 18.2903
v -9.04731 -42 17.8316
v -8.7286 -42 17.3883
v -8.38819 -42 16.9615
v -8.02692 -42 16.5521
v -7.64569 -42 16.1613
v -7.24546 -42 15.7899
v -6.82721 -42 15.4389
v -6.39199 -42 15.1093
v -5.94088 -42 14.8017
v -5.475 -42 14.517
v -4.99551 -42 14.2559
v -4.50359 -42 14.019
v -4.00048 -42 13.8069
v -3.48743 -42 13.6202
v -2.9657 -42 13.4593
v -2.4366 -42 13.3245
v -1.90145 -42 13.2164
v -1.36156 -42 13.135
v -0.818295 -42 13.0806
v -0.272991 -42 13.0534
v 0.272991 -42 13.0534
v 0.818295 -42 13.0806
v 1.36156 -42 13.135
v 1.90145 -42 13.2164
v 2.4366 -42 13.3245
v 2.9657 -42 13.4593
v 3.48743 -42 13.6202
v 4.00048 -42 13.8069
v 4.50359 -42 14.019
v 4.99551 -42 14.2559
v 5.475 -42 14.517
v 5.94088 -42 14.8017
v 6.39199 -42 15.1093
v 6.82721 -42 15.4389
v 7.24546 -42 15.7899
v 7.64569 -42 16.1613
v 8.02692 -42 16.5521
v 8.38819 -42 16.9615
v 8.7286 -42 17.3883
v 9.04731 -42 17.8316
v 9.34354 -42 18.2903
v 9.61653 -42 18.7631
v 9.86561 -42 19.249
v 10.0902 -42 19.7466
v 10.2896 -42 20.2549
v 10.4635 -42 20.7724
v 10.6114 -42 21.298
v 10.7329 -42 21.8303
v 10.8277 -42 22.368
v 10.8956 -42 22.9097
v 10.9364 -42 23.4542
v 10.95 -42 24
v 10.95 42 24
v 10.9364 42 24.5458
v 10.8956 42 25.0903
v 10.8277 42 25.632
v 10.7329 42 26.1697
v 10.6114 42 26.702
v 10.4635 42 27.2276
v 10.2896 42 27.7451
v 10.0902 42 28.2534
v 9.86561 42 28.751
v 9.61653 42 29.2369
v 9.34354 42 29.7097
v 9.04731 42 30.1684
v 8.7286 42 30.6117
v 8.38819 42 31.0385
v 8.02692 42 31.4479
v 7.64569 42 31.8387
v 7.24546 42 32.2101
v 6.82721 42 32.5611
v 6.39199 42 32.8907
v 5.94088 42 33.1983
v 5.475 42 33.483
v 4.99551 42 33.7441
v 4.50359 42 33.981
v 4.00048 42 34.1931
v 3.48743 42 34.3798
v 2.9657 42 34.5407
v 2.4366 42 34.6755
v 1.90145 42 34.7836
v 1.36156 42 34.865
v 0.818295 42 34.9194
v 0.272991 42 34.9466
v -0.272991 42 34.9466
v -0.818295 42 34.9194
v -1.36156 42 34.865
v -1.90145 42 34.7836
v -2.4366 42 34.6755
v -2.9657 42 34.5407
v -3.48743 42 34.3798
v -4.00048 42 34.1931
v -4.50359 42 33.981
v -4.99551 42 33.7441
v -5.475 42 33.483
v -5.94088 42 33.1983
v -6.39199 42 32.8907
v -6.82721 42 32.5611
v -7.24546 42 32.2101
v -7.64569 42 31.8387
v -8.02692 42 31.4479
v -8.38819 42 31.0385
v -8.7286 42 30.6117
v -9.04731 42 30.1684
v -9.34354 42 29.7097
v -9.61653 42 29.2369
v -9.86561 42 28.751
v -10.0902 42 28.2534
v -10.2896 42 27.7451
v -10.4635 42 27.2276
v -10.6114 42 26.702
v -10.7329 42 26.1697
v -10.8277 42 25.632
v -10.8956 42 25.0903
v -10.9364 42 24.5458
v -10.95 42 24
v -10.9364 42 23.4542
v -10.8956 42 22.9097
v -10.8277 42 22.368
v -10.7329 42 21.8303
v -10.6114 42 21.298
v -10.4635 42 20.7724
v -10.2896 42 20.2549
v -10.0902 42 19.7466
v -9.86561 42 19.249
v -9.61653 42 18.7631
v -9.34354 42 18.2903
v -9.04731 42 17.8316
v -8.7286 42 17.3883
v -8.38819 42 16.9615
v -8.02692 42 16.5521
v -7.64569 42 16.1613
v -7.24546 42 15.7899
v -6.82721 42 15.4389
v -6.39199 42 15.1093
v -5.94088 42 14.8017
v -5.475 42 14.517
v -4.99551 42 14.2559
v -4.50359 42 14.019
v -4.00048 42 13.8069
v -3.48743 42 13.6202
v -2.9657 42 13.4593
v -2.4366 42 13.3245
v -1.90145 42 13.2164
v -1.36156 42 13.135
v -0.818295 42 13.0806
v -0.272991 42 13.0534
v 0.272991 42 13.0534
v 0.818295 42 13.0806
v 1.36156 42 13.135
v 1.90145 42 13.2164
v 2.4366 42 13.3245
v 2.9657 42 13.4593
v 3.48743 42 13.6202
v 4.00048 42 13.8069
v 4.50359 42 14.019
v 4.99551 42 14.2559
v 5.475 42 14.517
v 5.94088 42 14.8017
v 6.39199 42 15.1093
v 6.82721 42 15.4389
v 7.24546 42 15.7899
v 7.64569 42 16.1613
v 8.02692 42 16.5521
v 8.38819 42 16.9615
v 8.7286 42 17.3883
v 9.04731 42 17.8316
v 9.34354 42 18.2903
v 9.61653 42 18.7631
v 9.86561 42 19.249
v 10.0902 42 19.7466
v 10.2896 42 20.2549
v 10.4635 42 20.7724
v 10.6114 42 21.298
v 10.7329 42 21.8303
v 10.8277 42 22.368
v 10.8956 42 22.9097
v 10.9364 42 23.4542
v 10.95 42 24
v 10.95 -42 24
v 10.9364 -42 24.5458
v 10.8956 -42 25.0903
v 10.8277 -42 25.632
v 10.7329 -42 26.1697
v 10.6114 -42 26.702
v 10.4635 -42 27.2276
v 10.2896 -42 27.7451
v 10.0902 -42 28.2534
v 9.86561 -42 28.751
v 9.61653 -42 29.2369
v 9.34354 -42 29.7097
v 9.04731 -42 30.1684
v 8.7286 -42 30.6117
v 8.38819 -42 31.0385
v 8.02692 -42 31.4479
v 7.64569 -42 31.8387
v 7.24546 -42 32.2101
v 6.82721 -42 32.5611
v 6.39199 -42 32.8907
v 5.94088 -42 33.1983
v 5.475 -42 33.483
v 4.99551 -42 33.7441
v 4.50359 -42 33.981
v 4.00048 -42 34.1931
v 3.48743 -42 34.3798
v 2.9657 -42 34.5407
v 2.4366 -42 34.6755
v 1.90145 -42 34.7836
v 1.36156 -42 34.865
v 0.818295 -42 34.9194
v 0.272991 -42 34.9466
v -0.272991 -42 34.9466
v -0.818295 -42 34.9194
v -1.36156 -42 34.865
v -1.90145 -42 34.7836
v -2.4366 -42 34.6755
v -2.9657 -42 34.5407
v -3.48743 -42 34.3798
v -4.00048 -42 34.1931
v -4.50359 -42 33.981
v -4.99551 -42 33.7441
v -5.475 -42 33.483
v -5.94088 -42 33.1983
v -6.39199 -42 32.8907
v -6.82721 -42 32.5611
v -7.24546 -42 32.2101
v -7.64569 -42 31.8387
v -8.02692 -42 31.4479
v -8.38819 -42 31.0385
v -8.7286 -42 30.6117
v -9.04731 -42 30.1684
v -9.34354 -42 29.7097
v -9.61653 -42 29.2369
v -9.86561 -42 28.751
v -10.0902 -42 28.2534
v -10.2896 -42 27.7451
v -10.4635 -42 27.2276
v -10.6114 -42 26.702
v -10.7329 -42 26.1697
v -10.8277 -42 25.632
v -10.8956 -42 25.0903
v -10.9364 -42 24.5458
v -10.95 -42 24
v -10.9364 -42 23.4542
v -10.8956 -42 22.9097
v -10.8277 -42 22.368
v -10.7329 -42 21.8303
v -10.6114 -42 21.298
v -10.4635 -42 20.7724
v -10.2896 -42 20.2549
v -10.0902 -42 19.7466
v -9.86561 -42 19.249
v -9.61653 -42 18.7631
v -9.34354 -42 18.2903
v -9.04731 -42 17.8316
v -8.7286 -42 17.3883
v -8.38819 -42 16.9615
v -8.02692 -42 16.5521
v -7.64569 -42 16.1613
v -7.24546 -42 15.7899
v -6.82721 -42 15.4389
v -6.39199 -42 15.1093
v -5.94088 -42 14.8017
v -5.475 -42 14.517
v -4.99551 -42 14.2559
v -4.50359 -42 14.019
v -4.00048 -42 13.8069
v -3.48743 -42 13.6202
v -2.9657 -42 13.4593
v -2.4366 -42 13.3245
v -1.90145 -42 13.2164
v -1.36156 -42 13.135
v -0.818295 -42 13.0806
v -0.272991 -42 13.0534
v 0.272991 -42 13.0534
v 0.818295 -42 13.0806
v 1.36156 -42 13.135
v 1.90145 -42 13.2164
v 2.4366 -42 13.3245
v 2.9657 -42 13.4593
v 3.48743 -42 13.6202
v 4.00048 -42 13.8069
v 4.50359 -42 14.019
v 4.99551 -42 14.2559
v 5.475 -42 14.517
v 5.94088 -42 14.8017
v 6.39199 -42 15.1093
v 6.82721 -42 15.4389
v 7.24546 -42 15.7899
v 7.64569 -42 16.1613
v 8.02692 -42 16.5521
v 8.38819 -42 16.9615
v 8.7286 -42 17.3883
v 9.04731 -42 17.8316
v 9.34354 -42 18.2903
v 9.61653 -42 18.7631
v 9.86561 -42 19.249
v 10.0902 -42 19.7466
v 10.2896 -42 20.2549
v 10.4635 -42 20.7724
v 10.6114 -42 21.298
v 10.7329 -42 21.8303
v 10.8277 -42 22.368
v 10.8956 -42 22.9097
v 10.9364 -42 23.4542
v 10.95 42 24
v 10.9364 42 24.5458
v 10.8956 42 25.0903
v 10.8277 42 25.632
v 10.7329 42 26.1697
v 10.6114 42 26.702
v 10.4635 42 27.2276
v 10.2896 42 27.7451
v 10.0902 42 28.2534
v 9.86561 42 28.751
v 9.61653 42 29.2369
v 9.34354 42 29.7097
v 9.04731 42 30.1684
v 8.7286 42 30.6117
v 8.38819 42 31.0385
v 8.02692 42 31.4479
v 7.64569 42 31.8387
v 7.24546 42 32.2101
v 6.82721 42 32.5611
v 6.39199 42 32.8907
v 5.94088 42 33.1983
v 5.475 42 33.483
v 4.99551 42 33.7441
v 4.50359 42 33.981
v 4.00048 42 34.1931
v 3.48743 42 34.3798
v 2.9657 42 34.5407
v 2.4366 42 34.6755
v 1.90145 42 34.7836
v 1.36156 42 34.865
v 0.818295 42 34.9194
v 0.272991 42 34.9466
v -0.272991 42 34.9466
v -0.818295 42 34.9194
v -1.36156 42 34.865
v -1.90145 42 34.7836
v -2.4366 42 34.6755
v -2.9657 42 34.5407
v -3.48743 42 34.3798
v -4.00048 42 34.1931
v -4.50359 42 33.981
v -4.99551 42 33.7441
v -5.475 42 33.483
v -5.94088 42 33.1983
v -6.39199 42 32.8907
v -6.82721 42 32.5611
v -7.24546 42 32.2101
v -7.64569 42 31.8387
v -8.02692 42 31.4479
v -8.38819 42 31.0385
v -8.7286 42 30.6117
v -9.04731 42 30.1684
v -9.34354 42 29.7097
v -9.61653 42 29.2369
v -9.86561 42 28.751
v -10.0902 42 28.2534
v -10.2896 42 27.7451
v -10.4635 42 27.2276
v -10.6114 42 26.702
v -10.7329 42 26.1697
v -10.8277 42 25.632
v -10.8956 42 25.0903
v -10.9364 42 24.5458
v -10.95 42 24
v -10.9364 42 23.4542
v -10.8956 42 22.9097
v -10.8277 42 22.368
v -10.7329 42 21.8303
v -10.6114 42 21.298
v -10.4635 42 20.7724
v -10.2896 42 20.2549
v -10.0902 42 19.7466
v -9.86561 42 19.249
v -9.61653 42 18.7631
v -9.34354 42 18.2903
v -9.04731 42 17.8316
v -8.7286 42 17.3883
v -8.38819 42 16.9615
v -8.02692 42 16.5521
v -7.64569 42 16.1613
v -7.24546 42 15.7899
v -6.82721 42 15.4389
v -6.39199 42 15.1093
v -5.94088 42 14.8017
v -5.475 42 14.517
v -4.99551 42 14.2559
v -4.50359 42 14.019
v -4.00048 42 13.8069
v -3.48743 42 13.6202
v -2.9657 42 13.4593
v -2.4366 42 13.3245
v -1.90145 42 13.2164
v -1.36156 42 13.135
v -0.818295 42 13.0806
v -0.272991 42 13.0534
v 0.272991 42 13.0534
v 0.818295 42 13.0806
v 1.36156 42 13.135
v 1.90145 42 13.2164
v 2.4366 42 13.3245
v 2.9657 42 13.4593
v 3.48743 42 13.6202
v 4.00048 42 13.8069
v 4.50359 42 14.019
v 4.99551 42 14.2559
v 5.475 42 14.517
v 5.94088 42 14.8017
v 6.39199 42 15.1093
v 6.82721 42 15.4389
v 7.24546 42 15.7899
v 7.64569 42 16.1613
v 8.02692 42 16.5521
v 8.38819 42 16.9615
v 8.7286 42 17.3883
v 9.04731 42 17.8316
v 9.34354 42 18.2903
v 9.61653 42 18.7631
v 9.86561 42 19.249
v 10.0902 42 19.7466
v 10.2896 42 20.2549
v 10.4635 42 20.7724
v 10.6114 42 21.298
v 10.7329 42 21.8303
v 10.8277 42 22.368
v 10.8956 42 22.9097
v 10.9364 42 23.4542
f 4 3 129
f 4 129 130
f 5 130 131
f 5 131 132
f 5 4 130
f 6 132 133
f 6 5 132
f 7 133 134
f 7 6 133
f 8 134 135
f 8 7 134
f 9 135 136
f 9 8 135
f 10 9 136
f 11 136 137
f 11 137 138
f 11 10 136
f 12 11 138
f 13 138 139
f 13 12 138
f 14 13 139
f 14 139 140
f 15 14 140
f 15 140 141
f 15 141 142
f 16 15 142
f 17 16 142
f 17 142 143
f 18 17 143
f 18 143 144
f 19 18 144
f 19 144 145
f 20 19 145
f 20 145 146
f 21 20 146
f 21 146 147
f 22 21 147
f 22 147 148
f 23 22 148
f 23 148 149
f 24 23 149
f 24 149 150
f 25 24 150
f 25 150 151
f 25 151 152
f 26 25 152
f 27 152 153
f 27 153 154
f 27 26 152
f 28 27 154
f 29 154 155
f 29 28 154
f 30 155 156
f 30 156 157
f 30 29 155
f 31 30 157
f 32 157 158
f 32 31 157
f 33 158 159
f 33 159 160
f 33 32 158
f 34 33 160
f 35 160 161
f 35 161 162
f 35 34 160
f 36 35 162
f 37 162 163
f 37 163 164
f 37 36 162
f 38 37 164
f 39 38 164
f 39 164 165
f 40 39 165
f 40 165 166
f 41 40 166
f 41 166 167
f 42 41 167
f 42 167 168
f 43 42 168
f 43 168 169
f 44 43 169
f 44 169 170
f 45 44 170
f 45 170 171
f 45 171 172
f 46 45 172
f 47 46 172
f 47 172 173
f 47 173 174
f 48 47 174
f 48 174 175
f 49 48 175
f 49 175 176
f 50 49 176
f 51 50 176
f 51 176 177
f 52 51 177
f 52 177 178
f 53 52 178
f 53 178 179
f 54 53 179
f 54 179 180
f 55 54 180
f 55 180 181
f 56 55 181
f 56 181 182
f 57 56 182
f 57 182 183
f 58 57 183
f 58 183 184
f 59 58 184
f 59 184 185
f 59 185 186
f 60 186 187
f 60 59 186
f 61 60 187
f 62 187 188
f 62 188 189
f 62 61 187
f 63 189 190
f 63 62 189
f 64 63 190
f 65 64 190
f 65 190 191
f 66 65 191
f 66 191 192
f 67 66 192
f 67 192 193
f 68 67 193
f 68 193 194
f 69 68 194
f 69 194 195
f 70 69 195
f 70 195 196
f 71 70 196
f 71 196 197
f 72 71 197
f 72 197 198
f 73 72 198
f 73 198 199
f 74 73 199
f 74 199 200
f 75 74 200
f 75 200 201
f 76 75 201
f 76 201 202
f 77 202 203
f 77 76 202
f 78 203 204
f 78 77 203
f 79 204 205
f 79 78 204
f 80 205 206
f 80 79 205
f 81 206 207
f 81 80 206
f 82 207 208
f 82 81 207
f 83 208 209
f 83 82 208
f 84 209 210
f 84 210 211
f 84 83 209
f 85 84 211
f 86 211 212
f 86 85 211
f 87 212 213
f 87 213 214
f 87 86 212
f 88 214 215
f 88 87 214
f 89 88 215
f 90 215 216
f 90 89 215
f 91 90 216
f 91 216 217
f 92 91 217
f 92 217 218
f 93 92 218
f 93 218 219
f 94 93 219
f 94 219 220
f 95 220 221
f 95 221 222
f 95 94 220
f 96 222 223
f 96 95 222
f 97 96 223
f 98 223 224
f 98 97 223
f 99 224 225
f 99 98 224
f 100 225 226
f 100 99 225
f 101 226 227
f 101 227 228
f 101 100 226
f 102 101 228
f 103 228 229
f 103 102 228
f 104 229 230
f 104 103 229
f 105 230 231
f 105 104 230
f 106 231 232
f 106 105 231
f 107 232 233
f 107 106 232
f 108 233 234
f 108 107 233
f 109 234 235
f 109 108 234
f 110 235 236
f 110 236 237
f 110 109 235
f 111 110 237
f 112 237 238
f 112 238 239
f 112 111 237
f 113 112 239
f 114 239 240
f 114 113 239
f 115 114 240
f 115 240 241
f 116 115 241
f 116 241 242
f 117 116 242
f 117 242 243
f 118 117 243
f 118 243 244
f 119 118 244
f 119 244 245
f 120 119 245
f 120 245 246
f 121 120 246
f 121 246 247
f 122 121 247
f 122 247 248
f 123 122 248
f 123 248 249
f 124 123 249
f 124 249 250
f 125 124 250
f 125 250 251
f 126 125 251
f 126 251 252
f 127 252 253
f 127 126 252
f 128 253 254
f 128 127 253
f 2 128 254
f 2 254 1
f 384 256 255
f 384 255 257
f 385 257 258
f 385 384 257
f 259 385 258
f 386 385 259
f 387 259 260
f 387 386 259
f 261 387 260
f 388 387 261
f 262 388 261
f 389 388 262
f 390 262 263
f 390 389 262
f 391 263 264
f 391 390 263
f 392 264 265
f 392 391 264
f 393 265 266
f 393 392 265
f 394 266 267
f 394 393 266
f 395 394 267
f 395 267 268
f 396 395 268
f 396 268 269
f 397 396 269
f 397 269 270
f 271 397 270
f 398 397 271
f 272 398 271
f 399 398 272
f 400 272 273
f 400 399 272
f 401 273 274
f 401 400 273
f 402 274 275
f 402 401 274
f 403 275 276
f 403 402 275
f 277 403 276
f 404 403 277
f 405 277 278
f 405 404 277
f 279 405 278
f 406 405 279
f 407 279 280
f 407 406 279
f 408 280 281
f 408 407 280
f 409 281 282
f 409 408 281
f 410 282 283
f 410 409 282
f 284 410 283
f 411 410 284
f 412 284 285
f 412 411 284
f 413 285 286
f 413 412 285
f 414 286 287
f 414 413 286
f 288 414 287
f 415 414 288
f 416 288 289
f 416 415 288
f 417 289 290
f 417 416 289
f 418 290 291
f 418 417 290
f 292 418 291
f 419 418 292
f 293 419 292
f 420 419 293
f 421 420 293
f 421 293 294
f 422 421 294
f 422 294 295
f 423 422 295
f 423 295 296
f 424 423 296
f 424 296 297
f 425 424 297
f 425 297 298
f 426 425 298
f 426 298 299
f 427 426 299
f 427 299 300
f 428 427 300
f 428 300 301
f 302 428 301
f 429 428 302
f 430 429 302
f 430 302 303
f 431 430 303
f 431 303 304
f 432 431 304
f 432 304 305
f 306 432 305
f 433 432 306
f 434 306 307
f 434 433 306
f 308 434 307
f 435 434 308
f 436 308 309
f 436 435 308
f 437 309 310
f 437 436 309
f 438 310 311
f 438 437 310
f 439 311 312
f 439 438 311
f 440 312 313
f 440 439 312
f 441 313 314
f 441 440 313
f 442 314 315
f 442 441 314
f 443 315 316
f 443 442 315
f 317 443 316
f 444 443 317
f 445 444 317
f 445 317 318
f 446 445 318
f 446 318 319
f 447 446 319
f 447 319 320
f 448 447 320
f 448 320 321
f 449 448 321
f 449 321 322
f 450 449 322
f 450 322 323
f 451 450 323
f 451 323 324
f 325 451 324
f 452 451 325
f 326 452 325
f 453 452 326
f 454 453 326
f 454 326 327
f 455 454 327
f 455 327 328
f 456 455 328
f 456 328 329
f 457 456 329
f 457 329 330
f 331 457 330
f 458 457 331
f 459 458 331
f 459 331 332
f 460 459 332
f 460 332 333
f 461 460 333
f 461 333 334
f 462 461 334
f 462 334 335
f 463 462 335
f 463 335 336
f 337 463 336
f 464 463 337
f 465 464 337
f 465 337 338
f 466 338 339
f 466 465 338
f 340 466 339
f 467 466 340
f 468 340 341
f 468 467 340
f 469 341 342
f 469 468 341
f 470 469 342
f 470 342 343
f 344 470 343
f 471 470 344
f 472 471 344
f 472 344 345
f 473 472 345
f 473 345 346
f 474 473 346
f 474 346 347
f 475 474 347
f 475 347 348
f 349 475 348
f 476 475 349
f 477 476 349
f 477 349 350
f 478 477 350
f 478 350 351
f 479 478 351
f 479 351 352
f 353 479 352
f 480 479 353
f 481 480 353
f 481 353 354
f 482 481 354
f 482 354 355
f 483 355 356
f 483 482 355
f 484 356 357
f 484 483 356
f 485 357 358
f 485 484 357
f 486 358 359
f 486 485 358
f 487 359 360
f 487 486 359
f 488 360 361
f 488 487 360
f 489 361 362
f 489 488 361
f 363 489 362
f 490 489 363
f 491 363 364
f 491 490 363
f 492 364 365
f 492 491 364
f 493 365 366
f 493 492 365
f 494 366 367
f 494 493 366
f 495 367 368
f 495 494 367
f 496 495 368
f 496 368 369
f 497 496 369
f 497 369 370
f 371 497 370
f 498 497 371
f 372 498 371
f 499 498 372
f 500 372 373
f 500 499 372
f 501 373 374
f 501 500 373
f 502 374 375
f 502 501 374
f 503 375 376
f 503 502 375
f 504 376 377
f 504 503 376
f 505 377 378
f 505 504 377
f 379 505 378
f 506 505 379
f 507 379 380
f 507 506 379
f 381 507 380
f 508 507 381
f 383 381 382
f 383 508 381
f 714 588 587
f 714 589 588
f 713 714 587
f 715 589 714
f 712 587 586
f 712 713 587
f 716 589 715
f 716 590 589
f 711 586 585
f 711 712 586
f 717 591 590
f 717 590 716
f 710 711 585
f 710 584 583
f 710 585 584
f 718 591 717
f 718 592 591
f 709 710 583
f 719 592 718
f 719 593 592
f 708 582 581
f 708 583 582
f 708 709 583
f 720 593 719
f 720 594 593
f 707 708 581
f 707 581 580
f 721 595 594
f 721 594 720
f 706 707 580
f 722 595 721
f 722 596 595
f 722 597 596
f 705 706 580
f 705 579 578
f 705 580 579
f 723 597 722
f 704 705 578
f 724 597 723
f 724 598 597
f 703 704 578
f 703 578 577
f 725 598 724
f 725 599 598
f 702 703 577
f 702 576 575
f 702 577 576
f 726 599 725
f 726 600 599
f 726 601 600
f 701 702 575
f 727 601 726
f 700 701 575
f 700 574 573
f 700 575 574
f 728 601 727
f 728 602 601
f 699 700 573
f 729 602 728
f 729 603 602
f 729 604 603
f 698 573 572
f 698 699 573
f 730 604 729
f 697 698 572
f 697 571 570
f 697 572 571
f 731 604 730
f 731 605 604
f 696 697 570
f 732 606 605
f 732 605 731
f 695 570 569
f 695 696 570
f 733 606 732
f 733 607 606
f 694 569 568
f 694 695 569
f 734 607 733
f 734 608 607
f 693 694 568
f 693 568 567
f 735 608 734
f 735 609 608
f 692 693 567
f 692 566 565
f 692 567 566
f 736 610 609
f 736 609 735
f 691 692 565
f 737 611 610
f 737 610 736
f 690 691 565
f 690 565 564
f 738 612 611
f 738 611 737
f 689 690 564
f 689 564 563
f 739 613 612
f 739 612 738
f 688 563 562
f 688 689 563
f 740 614 613
f 740 613 739
f 687 562 561
f 687 688 562
f 741 615 614
f 741 614 740
f 686 687 561
f 686 561 560
f 742 616 615
f 742 615 741
f 685 560 559
f 685 686 560
f 743 617 616
f 743 616 742
f 684 559 558
f 684 685 559
f 618 617 743
f 744 618 743
f 683 558 557
f 683 684 558
f 745 619 618
f 745 618 744
f 556 682 683
f 556 683 557
f 620 745 746
f 620 619 745
f 555 682 556
f 555 681 682
f 747 620 746
f 621 620 747
f 554 681 555
f 554 680 681
f 622 621 747
f 622 747 748
f 553 680 554
f 553 679 680
f 749 622 748
f 623 622 749
f 678 679 553
f 552 678 553
f 677 678 552
f 624 623 749
f 624 749 750
f 551 677 552
f 625 624 750
f 625 750 751
f 550 677 551
f 550 676 677
f 626 751 752
f 626 625 751
f 549 676 550
f 549 675 676
f 627 752 753
f 627 626 752
f 548 675 549
f 548 673 674
f 548 674 675
f 628 753 754
f 628 627 753
f 547 673 548
f 629 754 755
f 629 755 756
f 629 628 754
f 546 672 673
f 546 673 547
f 630 629 756
f 545 671 672
f 545 672 546
f 631 756 757
f 631 757 758
f 631 630 756
f 544 670 671
f 544 671 545
f 632 631 758
f 543 668 669
f 543 669 670
f 543 670 544
f 633 632 758
f 633 758 759
f 633 759 760
f 542 668 543
f 634 633 760
f 541 668 542
f 541 667 668
f 509 635 636
f 509 634 760
f 509 760 635
f 540 667 541
f 540 666 667
f 510 509 636
f 539 666 540
f 539 665 666
f 511 636 637
f 511 637 638
f 511 510 636
f 538 664 665
f 538 665 539
f 512 511 638
f 537 662 663
f 537 663 664
f 537 664 538
f 513 638 639
f 513 639 640
f 513 512 638
f 536 662 537
f 536 661 662
f 514 513 640
f 535 661 536
f 515 640 641
f 515 514 640
f 534 660 661
f 534 661 535
f 516 641 642
f 516 515 641
f 533 660 534
f 533 659 660
f 517 642 643
f 517 516 642
f 532 659 533
f 532 658 659
f 518 517 643
f 518 643 644
f 531 658 532
f 531 656 657
f 531 657 658
f 519 518 644
f 519 644 645
f 519 645 646
f 530 656 531
f 530 655 656
f 520 519 646
f 529 655 530
f 521 520 646
f 521 646 647
f 521 647 648
f 528 654 655
f 528 655 529
f 522 521 648
f 527 654 528
f 527 653 654
f 523 522 648
f 523 648 649
f 526 652 653
f 526 653 527
f 524 649 650
f 524 650 651
f 524 523 649
f 525 652 526
f 525 524 651
f 525 651 652
f 842 840 841
f 837 838 839
f 837 839 840
f 835 840 842
f 835 837 840
f 835 836 837
f 835 842 843
f 845 835 843
f 845 843 844
f 846 835 845
f 833 834 835
f 831 832 833
f 849 846 847
f 849 847 848
f 850 835 846
f 850 833 835
f 850 846 849
f 850 831 833
f 829 830 831
f 829 831 850
f 852 850 851
f 854 852 853
f 825 826 827
f 825 827 828
f 856 829 850
f 856 850 852
f 856 852 854
f 856 854 855
f 823 824 825
f 823 828 829
f 823 825 828
f 858 856 857
f 859 856 858
f 820 821 822
f 820 822 823
f 863 861 862
f 863 859 860
f 863 860 861
f 816 817 818
f 865 859 863
f 865 863 864
f 865 856 859
f 814 815 816
f 813 820 823
f 813 816 818
f 813 814 816
f 813 818 819
f 813 819 820
f 867 865 866
f 869 867 868
f 869 856 865
f 869 865 867
f 870 856 869
f 809 810 811
f 809 811 812
f 871 856 870
f 807 808 809
f 807 809 812
f 806 807 812
f 874 871 872
f 874 872 873
f 875 871 874
f 804 805 806
f 876 871 875
f 802 803 804
f 802 806 812
f 802 804 806
f 878 876 877
f 878 856 871
f 878 871 876
f 801 812 813
f 801 802 812
f 879 856 878
f 881 879 880
f 798 799 800
f 798 800 801
f 797 801 813
f 797 798 801
f 883 881 882
f 883 879 881
f 795 796 797
f 885 883 884
f 886 883 885
f 762 883 886
f 762 886 761
f 762 879 883
f 762 856 879
f 762 829 856
f 762 823 829
f 791 792 793
f 789 790 791
f 765 762 763
f 765 763 764
f 788 789 791
f 787 791 793
f 787 788 791
f 768 823 762
f 768 765 766
f 768 766 767
f 768 813 823
f 768 762 765
f 768 797 813
f 785 786 787
f 785 793 794
f 785 794 795
f 785 787 793
f 783 784 785
f 782 783 785
f 774 769 770
f 774 770 771
f 774 771 772
f 774 772 773
f 775 768 769
f 775 769 774
f 778 779 780
f 778 780 781
f 778 781 782
f 776 795 797
f 776 797 768
f 776 785 795
f 776 782 785
f 776 768 775
f 777 782 776
f 777 778 782
f 888 887 1014
f 888 1014 1015
f 889 1015 1016
f 889 1016 1017
f 889 888 1015
f 890 889 1017
f 891 1017 1018
f 891 1018 1019
f 891 890 1017
f 892 1019 1020
f 892 891 1019
f 893 892 1020
f 894 1020 1021
f 894 893 1020
f 895 1021 1022
f 895 1022 1023
f 895 894 1021
f 896 895 1023
f 897 1023 1024
f 897 896 1023
f 898 897 1024
f 898 1024 1025
f 899 898 1025
f 899 1025 1026
f 900 899 1026
f 900 1026 1027
f 901 900 1027
f 901 1027 1028
f 902 901 1028
f 902 1028 1029
f 903 902 1029
f 903 1029 1030
f 904 903 1030
f 904 1030 1031
f 905 904 1031
f 905 1031 1032
f 906 905 1032
f 906 1032 1033
f 907 906 1033
f 907 1033 1034
f 908 907 1034
f 908 1034 1035
f 909 908 1035
f 909 1035 1036
f 909 1036 1037
f 910 909 1037
f 911 1037 1038
f 911 1038 1039
f 911 910 1037
f 912 911 1039
f 913 1039 1040
f 913 912 1039
f 914 1040 1041
f 914 1041 1042
f 914 913 1040
f 915 914 1042
f 916 1042 1043
f 916 915 1042
f 917 1043 1044
f 917 1044 1045
f 917 916 1043
f 918 917 1045
f 919 1045 1046
f 919 1046 1047
f 919 918 1045
f 920 919 1047
f 921 1047 1048
f 921 1048 1049
f 921 920 1047
f 922 921 1049
f 923 922 1049
f 923 1049 1050
f 924 923 1050
f 924 1050 1051
f 925 924 1051
f 925 1051 1052
f 926 925 1052
f 926 1052 1053
f 927 926 1053
f 927 1053 1054
f 928 927 1054
f 928 1054 1055
f 929 928 1055
f 929 1055 1056
f 929 1056 1057
f 930 929 1057
f 931 930 1057
f 931 1057 1058
f 931 1058 1059
f 932 931 1059
f 932 1059 1060
f 933 932 1060
f 933 1060 1061
f 934 933 1061
f 935 934 1061
f 935 1061 1062
f 936 935 1062
f 936 1062 1063
f 937 936 1063
f 937 1063 1064
f 938 937 1064
f 938 1064 1065
f 939 938 1065
f 939 1065 1066
f 940 939 1066
f 940 1066 1067
f 941 940 1067
f 941 1067 1068
f 942 941 1068
f 942 1068 1069
f 943 942 1069
f 943 1069 1070
f 943 1070 1071
f 944 1071 1072
f 944 943 1071
f 945 944 1072
f 946 1072 1073
f 946 1073 1074
f 946 945 1072
f 947 1074 1075
f 947 946 1074
f 948 947 1075
f 949 948 1075
f 949 1075 1076
f 950 949 1076
f 950 1076 1077
f 951 950 1077
f 951 1077 1078
f 952 951 1078
f 952 1078 1079
f 953 952 1079
f 953 1079 1080
f 954 953 1080
f 954 1080 1081
f 955 954 1081
f 955 1081 1082
f 956 955 1082
f 956 1082 1083
f 957 956 1083
f 957 1083 1084
f 958 957 1084
f 958 1084 1085
f 959 958 1085
f 959 1085 1086
f 960 959 1086
f 960 1086 1087
f 961 960 1087
f 961 1087 1088
f 962 1088 1089
f 962 961 1088
f 963 1089 1090
f 963 962 1089
f 964 1090 1091
f 964 963 1090
f 965 1091 1092
f 965 964 1091
f 966 1092 1093
f 966 965 1092
f 967 1093 1094
f 967 966 1093
f 968 1094 1095
f 968 1095 1096
f 968 967 1094
f 969 968 1096
f 970 1096 1097
f 970 969 1096
f 971 1097 1098
f 971 1098 1099
f 971 970 1097
f 972 1099 1100
f 972 971 1099
f 973 972 1100
f 974 1100 1101
f 974 973 1100
f 975 974 1101
f 975 1101 1102
f 976 975 1102
f 976 1102 1103
f 977 976 1103
f 977 1103 1104
f 978 977 1104
f 978 1104 1105
f 979 1105 1106
f 979 1106 1107
f 979 978 1105
f 980 1107 1108
f 980 979 1107
f 981 980 1108
f 982 1108 1109
f 982 981 1108
f 983 1109 1110
f 983 982 1109
f 984 1110 1111
f 984 983 1110
f 985 1111 1112
f 985 1112 1113
f 985 984 1111
f 986 985 1113
f 987 1113 1114
f 987 986 1113
f 988 1114 1115
f 988 987 1114
f 989 1115 1116
f 989 988 1115
f 990 1116 1117
f 990 989 1116
f 991 1117 1118
f 991 990 1117
f 992 1118 1119
f 992 991 1118
f 993 1119 1120
f 993 992 1119
f 994 1120 1121
f 994 1121 1122
f 994 993 1120
f 995 994 1122
f 996 1122 1123
f 996 1123 1124
f 996 995 1122
f 997 996 1124
f 998 1124 1125
f 998 997 1124
f 999 998 1125
f 999 1125 1126
f 1000 999 1126
f 1000 1126 1127
f 1001 1000 1127
f 1001 1127 1128
f 1002 1001 1128
f 1002 1128 1129
f 1003 1002 1129
f 1003 1129 1130
f 1004 1003 1130
f 1004 1130 1131
f 1005 1004 1131
f 1005 1131 1132
f 1006 1005 1132
f 1006 1132 1133
f 1007 1006 1133
f 1007 1133 1134
f 1008 1007 1134
f 1008 1134 1135
f 1009 1008 1135
f 1009 1135 1136
f 1010 1009 1136
f 1010 1136 1137
f 1011 1137 1138
f 1011 1010 1137
f 1012 1011 1138
f 1012 1138 1139
f 1013 1139 1140
f 1013 1012 1139
f 1346 1219 1220
f 1346 1220 1221
f 1345 1219 1346
f 1347 1346 1221
f 1344 1218 1219
f 1344 1219 1345
f 1348 1347 1221
f 1348 1221 1222
f 1343 1217 1218
f 1343 1218 1344
f 1349 1222 1223
f 1349 1348 1222
f 1342 1217 1343
f 1342 1215 1216
f 1342 1216 1217
f 1350 1349 1223
f 1350 1223 1224
f 1341 1215 1342
f 1351 1350 1224
f 1351 1224 1225
f 1340 1213 1214
f 1340 1214 1215
f 1340 1215 1341
f 1352 1351 1225
f 1352 1225 1226
f 1339 1213 1340
f 1339 1212 1213
f 1353 1226 1227
f 1353 1352 1226
f 1338 1212 1339
f 1354 1353 1227
f 1354 1227 1228
f 1354 1228 1229
f 1337 1212 1338
f 1337 1210 1211
f 1337 1211 1212
f 1355 1354 1229
f 1336 1210 1337
f 1356 1355 1229
f 1356 1229 1230
f 1335 1210 1336
f 1335 1209 1210
f 1357 1356 1230
f 1357 1230 1231
f 1334 1209 1335
f 1334 1207 1208
f 1334 1208 1209
f 1358 1357 1231
f 1358 1231 1232
f 1358 1232 1233
f 1333 1207 1334
f 1359 1358 1233
f 1332 1207 1333
f 1332 1205 1206
f 1332 1206 1207
f 1360 1359 1233
f 1360 1233 1234
f 1331 1205 1332
f 1361 1360 1234
f 1361 1234 1235
f 1361 1235 1236
f 1330 1204 1205
f 1330 1205 1331
f 1362 1361 1236
f 1329 1204 1330
f 1329 1202 1203
f 1329 1203 1204
f 1363 1362 1236
f 1363 1236 1237
f 1328 1202 1329
f 1364 1237 1238
f 1364 1363 1237
f 1327 1201 1202
f 1327 1202 1328
f 1365 1364 1238
f 1365 1238 1239
f 1326 1200 1201
f 1326 1201 1327
f 1366 1365 1239
f 1366 1239 1240
f 1325 1200 1326
f 1325 1199 1200
f 1367 1366 1240
f 1367 1240 1241
f 1324 1199 1325
f 1324 1197 1198
f 1324 1198 1199
f 1368 1241 1242
f 1368 1367 1241
f 1323 1197 1324
f 1369 1242 1243
f 1369 1368 1242
f 1322 1197 1323
f 1322 1196 1197
f 1370 1243 1244
f 1370 1369 1243
f 1321 1196 1322
f 1321 1195 1196
f 1371 1244 1245
f 1371 1370 1244
f 1320 1194 1195
f 1320 1195 1321
f 1372 1245 1246
f 1372 1371 1245
f 1319 1193 1194
f 1319 1194 1320
f 1373 1246 1247
f 1373 1372 1246
f 1318 1193 1319
f 1318 1192 1193
f 1374 1247 1248
f 1374 1373 1247
f 1317 1191 1192
f 1317 1192 1318
f 1375 1248 1249
f 1375 1374 1248
f 1316 1190 1191
f 1316 1191 1317
f 1250 1375 1249
f 1376 1375 1250
f 1315 1189 1190
f 1315 1190 1316
f 1377 1250 1251
f 1377 1376 1250
f 1188 1315 1314
f 1188 1189 1315
f 1252 1378 1377
f 1252 1377 1251
f 1187 1188 1314
f 1187 1314 1313
f 1379 1378 1252
f 1253 1379 1252
f 1186 1187 1313
f 1186 1313 1312
f 1254 1379 1253
f 1254 1380 1379
f 1185 1186 1312
f 1185 1312 1311
f 1381 1380 1254
f 1255 1381 1254
f 1310 1185 1311
f 1184 1185 1310
f 1309 1184 1310
f 1256 1381 1255
f 1256 1382 1381
f 1183 1184 1309
f 1257 1382 1256
f 1257 1383 1382
f 1182 1183 1309
f 1182 1309 1308
f 1258 1384 1383
f 1258 1383 1257
f 1181 1182 1308
f 1181 1308 1307
f 1259 1385 1384
f 1259 1384 1258
f 1180 1181 1307
f 1180 1306 1305
f 1180 1307 1306
f 1260 1386 1385
f 1260 1385 1259
f 1179 1180 1305
f 1261 1387 1386
f 1261 1388 1387
f 1261 1386 1260
f 1178 1305 1304
f 1178 1179 1305
f 1262 1388 1261
f 1177 1304 1303
f 1177 1178 1304
f 1263 1389 1388
f 1263 1390 1389
f 1263 1388 1262
f 1176 1303 1302
f 1176 1177 1303
f 1264 1390 1263
f 1175 1301 1300
f 1175 1302 1301
f 1175 1176 1302
f 1265 1390 1264
f 1265 1391 1390
f 1265 1392 1391
f 1174 1175 1300
f 1266 1392 1265
f 1173 1174 1300
f 1173 1300 1299
f 1141 1268 1267
f 1141 1392 1266
f 1141 1267 1392
f 1172 1173 1299
f 1172 1299 1298
f 1142 1268 1141
f 1171 1172 1298
f 1171 1298 1297
f 1143 1269 1268
f 1143 1270 1269
f 1143 1268 1142
f 1170 1297 1296
f 1170 1171 1297
f 1144 1270 1143
f 1169 1295 1294
f 1169 1296 1295
f 1169 1170 1296
f 1145 1271 1270
f 1145 1272 1271
f 1145 1270 1144
f 1168 1169 1294
f 1168 1294 1293
f 1146 1272 1145
f 1167 1168 1293
f 1147 1273 1272
f 1147 1272 1146
f 1166 1293 1292
f 1166 1167 1293
f 1148 1274 1273
f 1148 1273 1147
f 1165 1166 1292
f 1165 1292 1291
f 1149 1275 1274
f 1149 1274 1148
f 1164 1165 1291
f 1164 1291 1290
f 1150 1275 1149
f 1150 1276 1275
f 1163 1164 1290
f 1163 1289 1288
f 1163 1290 1289
f 1151 1276 1150
f 1151 1277 1276
f 1151 1278 1277
f 1162 1163 1288
f 1162 1288 1287
f 1152 1278 1151
f 1161 1162 1287
f 1153 1278 1152
f 1153 1279 1278
f 1153 1280 1279
f 1160 1287 1286
f 1160 1161 1287
f 1154 1280 1153
f 1159 1160 1286
f 1159 1286 1285
f 1155 1280 1154
f 1155 1281 1280
f 1158 1285 1284
f 1158 1159 1285
f 1156 1282 1281
f 1156 1283 1282
f 1156 1281 1155
f 1157 1158 1284
f 1157 1283 1156
f 1157 1284 1283
f 1396 1395 1521
f 1396 1521 1522
f 1397 1522 1523
f 1397 1523 1524
f 1397 1396 1522
f 1398 1397 1524
f 1399 1524 1525
f 1399 1525 1526
f 1399 1398 1524
f 1400 1526 1527
f 1400 1399 1526
f 1401 1400 1527
f 1402 1527 1528
f 1402 1401 1527
f 1403 1528 1529
f 1403 1529 1530
f 1403 1402 1528
f 1404 1403 1530
f 1405 1530 1531
f 1405 1404 1530
f 1406 1405 1531
f 1406 1531 1532
f 1407 1406 1532
f 1407 1532 1533
f 1408 1407 1533
f 1408 1533 1534
f 1409 1408 1534
f 1409 1534 1535
f 1410 1409 1535
f 1410 1535 1536
f 1411 1410 1536
f 1411 1536 1537
f 1412 1411 1537
f 1412 1537 1538
f 1413 1412 1538
f 1413 1538 1539
f 1414 1413 1539
f 1414 1539 1540
f 1415 1414 1540
f 1415 1540 1541
f 1416 1415 1541
f 1416 1541 1542
f 1417 1416 1542
f 1417 1542 1543
f 1417 1543 1544
f 1418 1417 1544
f 1419 1544 1545
f 1419 1545 1546
f 1419 1418 1544
f 1420 1419 1546
f 1421 1546 1547
f 1421 1420 1546
f 1422 1547 1548
f 1422 1548 1549
f 1422 1421 1547
f 1423 1422 1549
f 1424 1549 1550
f 1424 1423 1549
f 1425 1550 1551
f 1425 1551 1552
f 1425 1424 1550
f 1426 1425 1552
f 1427 1552 1553
f 1427 1553 1554
f 1427 1426 1552
f 1428 1427 1554
f 1429 1554 1555
f 1429 1555 1556
f 1429 1428 1554
f 1430 1429 1556
f 1431 1430 1556
f 1431 1556 1557
f 1432 1431 1557
f 1432 1557 1558
f 1433 1432 1558
f 1433 1558 1559
f 1434 1433 1559
f 1434 1559 1560
f 1435 1434 1560
f 1435 1560 1561
f 1436 1435 1561
f 1436 1561 1562
f 1437 1436 1562
f 1437 1562 1563
f 1437 1563 1564
f 1438 1437 1564
f 1439 1438 1564
f 1439 1564 1565
f 1439 1565 1566
f 1440 1439 1566
f 1440 1566 1567
f 1441 1440 1567
f 1441 1567 1568
f 1442 1441 1568
f 1443 1442 1568
f 1443 1568 1569
f 1444 1443 1569
f 1444 1569 1570
f 1445 1444 1570
f 1445 1570 1571
f 1446 1445 1571
f 1446 1571 1572
f 1447 1446 1572
f 1447 1572 1573
f 1448 1447 1573
f 1448 1573 1574
f 1449 1448 1574
f 1449 1574 1575
f 1450 1449 1575
f 1450 1575 1576
f 1451 1450 1576
f 1451 1576 1577
f 1451 1577 1578
f 1452 1578 1579
f 1452 1451 1578
f 1453 1452 1579
f 1454 1579 1580
f 1454 1580 1581
f 1454 1453 1579
f 1455 1581 1582
f 1455 1454 1581
f 1456 1455 1582
f 1457 1456 1582
f 1457 1582 1583
f 1458 1457 1583
f 1458 1583 1584
f 1459 1458 1584
f 1459 1584 1585
f 1460 1459 1585
f 1460 1585 1586
f 1461 1460 1586
f 1461 1586 1587
f 1462 1461 1587
f 1462 1587 1588
f 1463 1462 1588
f 1463 1588 1589
f 1464 1463 1589
f 1464 1589 1590
f 1465 1464 1590
f 1465 1590 1591
f 1466 1465 1591
f 1466 1591 1592
f 1467 1466 1592
f 1467 1592 1593
f 1468 1467 1593
f 1468 1593 1594
f 1469 1594 1595
f 1469 1468 1594
f 1470 1595 1596
f 1470 1469 1595
f 1471 1596 1597
f 1471 1470 1596
f 1472 1597 1598
f 1472 1471 1597
f 1473 1598 1599
f 1473 1472 1598
f 1474 1599 1600
f 1474 1473 1599
f 1475 1600 1601
f 1475 1474 1600
f 1476 1601 1602
f 1476 1602 1603
f 1476 1475 1601
f 1477 1476 1603
f 1478 1603 1604
f 1478 1477 1603
f 1479 1604 1605
f 1479 1605 1606
f 1479 1478 1604
f 1480 1606 1607
f 1480 1479 1606
f 1481 1480 1607
f 1482 1607 1608
f 1482 1481 1607
f 1483 1482 1608
f 1483 1608 1609
f 1484 1483 1609
f 1484 1609 1610
f 1485 1484 1610
f 1485 1610 1611
f 1486 1485 1611
f 1486 1611 1612
f 1487 1612 1613
f 1487 1613 1614
f 1487 1486 1612
f 1488 1614 1615
f 1488 1487 1614
f 1489 1488 1615
f 1490 1615 1616
f 1490 1489 1615
f 1491 1616 1617
f 1491 1490 1616
f 1492 1617 1618
f 1492 1491 1617
f 1493 1618 1619
f 1493 1619 1620
f 1493 1492 1618
f 1494 1493 1620
f 1495 1620 1621
f 1495 1494 1620
f 1496 1621 1622
f 1496 1495 1621
f 1497 1622 1623
f 1497 1496 1622
f 1498 1623 1624
f 1498 1497 1623
f 1499 1624 1625
f 1499 1498 1624
f 1500 1625 1626
f 1500 1499 1625
f 1501 1626 1627
f 1501 1500 1626
f 1502 1627 1628
f 1502 1628 1629
f 1502 1501 1627
f 1503 1502 1629
f 1504 1629 1630
f 1504 1630 1631
f 1504 1503 1629
f 1505 1504 1631
f 1506 1631 1632
f 1506 1505 1631
f 1507 1506 1632
f 1507 1632 1633
f 1508 1507 1633
f 1508 1633 1634
f 1509 1508 1634
f 1509 1634 1635
f 1510 1509 1635
f 1510 1635 1636
f 1511 1510 1636
f 1511 1636 1637
f 1512 1511 1637
f 1512 1637 1638
f 1513 1512 1638
f 1513 1638 1639
f 1514 1513 1639
f 1514 1639 1640
f 1515 1514 1640
f 1515 1640 1641
f 1516 1515 1641
f 1516 1641 1642
f 1517 1516 1642
f 1517 1642 1643
f 1518 1517 1643
f 1518 1643 1644
f 1519 1644 1645
f 1519 1518 1644
f 1520 1645 1646
f 1520 1519 1645
f 1394 1520 1646
f 1394 1646 1393
f 1852 1726 1725
f 1852 1727 1726
f 1851 1852 1725
f 1853 1727 1852
f 1850 1725 1724
f 1850 1851 1725
f 1854 1727 1853
f 1854 1728 1727
f 1849 1724 1723
f 1849 1850 1724
f 1855 1729 1728
f 1855 1728 1854
f 1848 1849 1723
f 1848 1722 1721
f 1848 1723 1722
f 1856 1729 1855
f 1856 1730 1729
f 1847 1848 1721
f 1857 1730 1856
f 1857 1731 1730
f 1846 1720 1719
f 1846 1721 1720
f 1846 1847 1721
f 1858 1731 1857
f 1858 1732 1731
f 1845 1846 1719
f 1845 1719 1718
f 1859 1733 1732
f 1859 1732 1858
f 1844 1845 1718
f 1860 1733 1859
f 1860 1734 1733
f 1860 1735 1734
f 1843 1844 1718
f 1843 1717 1716
f 1843 1718 1717
f 1861 1735 1860
f 1842 1843 1716
f 1862 1735 1861
f 1862 1736 1735
f 1841 1842 1716
f 1841 1716 1715
f 1863 1736 1862
f 1863 1737 1736
f 1840 1841 1715
f 1840 1714 1713
f 1840 1715 1714
f 1864 1737 1863
f 1864 1738 1737
f 1864 1739 1738
f 1839 1840 1713
f 1865 1739 1864
f 1838 1839 1713
f 1838 1712 1711
f 1838 1713 1712
f 1866 1739 1865
f 1866 1740 1739
f 1837 1838 1711
f 1867 1740 1866
f 1867 1741 1740
f 1867 1742 1741
f 1836 1711 1710
f 1836 1837 1711
f 1868 1742 1867
f 1835 1836 1710
f 1835 1709 1708
f 1835 1710 1709
f 1869 1742 1868
f 1869 1743 1742
f 1834 1835 1708
f 1870 1744 1743
f 1870 1743 1869
f 1833 1708 1707
f 1833 1834 1708
f 1871 1744 1870
f 1871 1745 1744
f 1832 1707 1706
f 1832 1833 1707
f 1872 1745 1871
f 1872 1746 1745
f 1831 1832 1706
f 1831 1706 1705
f 1873 1746 1872
f 1873 1747 1746
f 1830 1831 1705
f 1830 1704 1703
f 1830 1705 1704
f 1874 1748 1747
f 1874 1747 1873
f 1829 1830 1703
f 1875 1749 1748
f 1875 1748 1874
f 1828 1829 1703
f 1828 1703 1702
f 1876 1750 1749
f 1876 1749 1875
f 1827 1828 1702
f 1827 1702 1701
f 1877 1751 1750
f 1877 1750 1876
f 1826 1701 1700
f 1826 1827 1701
f 1878 1752 1751
f 1878 1751 1877
f 1825 1700 1699
f 1825 1826 1700
f 1879 1753 1752
f 1879 1752 1878
f 1824 1825 1699
f 1824 1699 1698
f 1880 1754 1753
f 1880 1753 1879
f 1823 1698 1697
f 1823 1824 1698
f 1881 1755 1754
f 1881 1754 1880
f 1822 1697 1696
f 1822 1823 1697
f 1756 1755 1881
f 1882 1756 1881
f 1821 1696 1695
f 1821 1822 1696
f 1883 1757 1756
f 1883 1756 1882
f 1694 1820 1821
f 1694 1821 1695
f 1758 1883 1884
f 1758 1757 1883
f 1693 1820 1694
f 1693 1819 1820
f 1885 1758 1884
f 1759 1758 1885
f 1692 1819 1693
f 1692 1818 1819
f 1760 1759 1885
f 1760 1885 1886
f 1691 1818 1692
f 1691 1817 1818
f 1887 1760 1886
f 1761 1760 1887
f 1816 1817 1691
f 1690 1816 1691
f 1815 1816 1690
f 1762 1761 1887
f 1762 1887 1888
f 1689 1815 1690
f 1763 1762 1888
f 1763 1888 1889
f 1688 1815 1689
f 1688 1814 1815
f 1764 1889 1890
f 1764 1763 1889
f 1687 1814 1688
f 1687 1813 1814
f 1765 1890 1891
f 1765 1764 1890
f 1686 1813 1687
f 1686 1811 1812
f 1686 1812 1813
f 1766 1891 1892
f 1766 1765 1891
f 1685 1811 1686
f 1767 1892 1893
f 1767 1893 1894
f 1767 1766 1892
f 1684 1810 1811
f 1684 1811 1685
f 1768 1767 1894
f 1683 1809 1810
f 1683 1810 1684
f 1769 1894 1895
f 1769 1895 1896
f 1769 1768 1894
f 1682 1808 1809
f 1682 1809 1683
f 1770 1769 1896
f 1681 1806 1807
f 1681 1807 1808
f 1681 1808 1682
f 1771 1770 1896
f 1771 1896 1897
f 1771 1897 1898
f 1680 1806 1681
f 1772 1771 1898
f 1679 1806 1680
f 1679 1805 1806
f 1647 1773 1774
f 1647 1772 1898
f 1647 1898 1773
f 1678 1805 1679
f 1678 1804 1805
f 1648 1647 1774
f 1677 1804 1678
f 1677 1803 1804
f 1649 1774 1775
f 1649 1775 1776
f 1649 1648 1774
f 1676 1802 1803
f 1676 1803 1677
f 1650 1649 1776
f 1675 1800 1801
f 1675 1801 1802
f 1675 1802 1676
f 1651 1776 1777
f 1651 1777 1778
f 1651 1650 1776
f 1674 1800 1675
f 1674 1799 1800
f 1652 1651 1778
f 1673 1799 1674
f 1653 1778 1779
f 1653 1652 1778
f 1672 1798 1799
f 1672 1799 1673
f 1654 1779 1780
f 1654 1653 1779
f 1671 1798 1672
f 1671 1797 1798
f 1655 1780 1781
f 1655 1654 1780
f 1670 1797 1671
f 1670 1796 1797
f 1656 1655 1781
f 1656 1781 1782
f 1669 1796 1670
f 1669 1794 1795
f 1669 1795 1796
f 1657 1656 1782
f 1657 1782 1783
f 1657 1783 1784
f 1668 1794 1669
f 1668 1793 1794
f 1658 1657 1784
f 1667 1793 1668
f 1659 1658 1784
f 1659 1784 1785
f 1659 1785 1786
f 1666 1792 1793
f 1666 1793 1667
f 1660 1659 1786
f 1665 1792 1666
f 1665 1791 1792
f 1661 1660 1786
f 1661 1786 1787
f 1664 1790 1791
f 1664 1791 1665
f 1662 1787 1788
f 1662 1788 1789
f 1662 1661 1787
f 1663 1790 1664
f 1663 1662 1789
f 1663 1789 1790
f 1900 1899 2026
f 1900 2026 2027
f 1901 2027 2028
f 1901 2028 2029
f 1901 1900 2027
f 1902 1901 2029
f 1903 2029 2030
f 1903 2030 2031
f 1903 1902 2029
f 1904 2031 2032
f 1904 1903 2031
f 1905 1904 2032
f 1906 2032 2033
f 1906 1905 2032
f 1907 2033 2034
f 1907 2034 2035
f 1907 1906 2033
f 1908 1907 2035
f 1909 2035 2036
f 1909 1908 2035
f 1910 1909 2036
f 1910 2036 2037
f 1911 1910 2037
f 1911 2037 2038
f 1912 1911 2038
f 1912 2038 2039
f 1913 1912 2039
f 1913 2039 2040
f 1914 1913 2040
f 1914 2040 2041
f 1915 1914 2041
f 1915 2041 2042
f 1916 1915 2042
f 1916 2042 2043
f 1917 1916 2043
f 1917 2043 2044
f 1918 1917 2044
f 1918 2044 2045
f 1919 1918 2045
f 1919 2045 2046
f 1920 1919 2046
f 1920 2046 2047
f 1921 1920 2047
f 1921 2047 2048
f 1921 2048 2049
f 1922 1921 2049
f 1923 2049 2050
f 1923 2050 2051
f 1923 1922 2049
f 1924 1923 2051
f 1925 2051 2052
f 1925 1924 2051
f 1926 2052 2053
f 1926 2053 2054
f 1926 1925 2052
f 1927 1926 2054
f 1928 2054 2055
f 1928 1927 2054
f 1929 2055 2056
f 1929 2056 2057
f 1929 1928 2055
f 1930 1929 2057
f 1931 2057 2058
f 1931 2058 2059
f 1931 1930 2057
f 1932 1931 2059
f 1933 2059 2060
f 1933 2060 2061
f 1933 1932 2059
f 1934 1933 2061
f 1935 1934 2061
f 1935 2061 2062
f 1936 1935 2062
f 1936 2062 2063
f 1937 1936 2063
f 1937 2063 2064
f 1938 1937 2064
f 1938 2064 2065
f 1939 1938 2065
f 1939 2065 2066
f 1940 1939 2066
f 1940 2066 2067
f 1941 1940 2067
f 1941 2067 2068
f 1941 2068 2069
f 1942 1941 2069
f 1943 1942 2069
f 1943 2069 2070
f 1943 2070 2071
f 1944 1943 2071
f 1944 2071 2072
f 1945 1944 2072
f 1945 2072 2073
f 1946 1945 2073
f 1947 1946 2073
f 1947 2073 2074
f 1948 1947 2074
f 1948 2074 2075
f 1949 1948 2075
f 1949 2075 2076
f 1950 1949 2076
f 1950 2076 2077
f 1951 1950 2077
f 1951 2077 2078
f 1952 1951 2078
f 1952 2078 2079
f 1953 1952 2079
f 1953 2079 2080
f 1954 1953 2080
f 1954 2080 2081
f 1955 1954 2081
f 1955 2081 2082
f 1955 2082 2083
f 1956 2083 2084
f 1956 1955 2083
f 1957 1956 2084
f 1958 2084 2085
f 1958 2085 2086
f 1958 1957 2084
f 1959 2086 2087
f 1959 1958 2086
f 1960 1959 2087
f 1961 1960 2087
f 1961 2087 2088
f 1962 1961 2088
f 1962 2088 2089
f 1963 1962 2089
f 1963 2089 2090
f 1964 1963 2090
f 1964 2090 2091
f 1965 1964 2091
f 1965 2091 2092
f 1966 1965 2092
f 1966 2092 2093
f 1967 1966 2093
f 1967 2093 2094
f 1968 1967 2094
f 1968 2094 2095
f 1969 1968 2095
f 1969 2095 2096
f 1970 1969 2096
f 1970 2096 2097
f 1971 1970 2097
f 1971 2097 2098
f 1972 1971 2098
f 1972 2098 2099
f 1973 1972 2099
f 1973 2099 2100
f 1974 2100 2101
f 1974 1973 2100
f 1975 2101 2102
f 1975 1974 2101
f 1976 2102 2103
f 1976 1975 2102
f 1977 2103 2104
f 1977 1976 2103
f 1978 2104 2105
f 1978 1977 2104
f 1979 2105 2106
f 1979 1978 2105
f 1980 2106 2107
f 1980 2107 2108
f 1980 1979 2106
f 1981 1980 2108
f 1982 2108 2109
f 1982 1981 2108
f 1983 2109 2110
f 1983 2110 2111
f 1983 1982 2109
f 1984 2111 2112
f 1984 1983 2111
f 1985 1984 2112
f 1986 2112 2113
f 1986 1985 2112
f 1987 1986 2113
f 1987 2113 2114
f 1988 1987 2114
f 1988 2114 2115
f 1989 1988 2115
f 1989 2115 2116
f 1990 1989 2116
f 1990 2116 2117
f 1991 2117 2118
f 1991 2118 2119
f 1991 1990 2117
f 1992 2119 2120
f 1992 1991 2119
f 1993 1992 2120
f 1994 2120 2121
f 1994 1993 2120
f 1995 2121 2122
f 1995 1994 2121
f 1996 2122 2123
f 1996 1995 2122
f 1997 2123 2124
f 1997 2124 2125
f 1997 1996 2123
f 1998 1997 2125
f 1999 2125 2126
f 1999 1998 2125
f 2000 2126 2127
f 2000 1999 2126
f 2001 2127 2128
f 2001 2000 2127
f 2002 2128 2129
f 2002 2001 2128
f 2003 2129 2130
f 2003 2002 2129
f 2004 2130 2131
f 2004 2003 2130
f 2005 2131 2132
f 2005 2004 2131
f 2006 2132 2133
f 2006 2133 2134
f 2006 2005 2132
f 2007 2006 2134
f 2008 2134 2135
f 2008 2135 2136
f 2008 2007 2134
f 2009 2008 2136
f 2010 2136 2137
f 2010 2009 2136
f 2011 2010 2137
f 2011 2137 2138
f 2012 2011 2138
f 2012 2138 2139
f 2013 2012 2139
f 2013 2139 2140
f 2014 2013 2140
f 2014 2140 2141
f 2015 2014 2141
f 2015 2141 2142
f 2016 2015 2142
f 2016 2142 2143
f 2017 2016 2143
f 2017 2143 2144
f 2018 2017 2144
f 2018 2144 2145
f 2019 2018 2145
f 2019 2145 2146
f 2020 2019 2146
f 2020 2146 2147
f 2021 2020 2147
f 2021 2147 2148
f 2022 2021 2148
f 2022 2148 2149
f 2023 2149 2150
f 2023 2022 2149
f 2024 2023 2150
f 2024 2150 2151
f 2025 2151 2152
f 2025 2024 2151
f 2358 2231 2232
f 2358 2232 2233
f 2357 2231 2358
f 2359 2358 2233
f 2356 2230 2231
f 2356 2231 2357
f 2360 2359 2233
f 2360 2233 2234
f 2355 2229 2230
f 2355 2230 2356
f 2361 2234 2235
f 2361 2360 2234
f 2354 2229 2355
f 2354 2227 2228
f 2354 2228 2229
f 2362 2361 2235
f 2362 2235 2236
f 2353 2227 2354
f 2363 2362 2236
f 2363 2236 2237
f 2352 2225 2226
f 2352 2226 2227
f 2352 2227 2353
f 2364 2363 2237
f 2364 2237 2238
f 2351 2225 2352
f 2351 2224 2225
f 2365 2238 2239
f 2365 2364 2238
f 2350 2224 2351
f 2366 2365 2239
f 2366 2239 2240
f 2366 2240 2241
f 2349 2224 2350
f 2349 2222 2223
f 2349 2223 2224
f 2367 2366 2241
f 2348 2222 2349
f 2368 2367 2241
f 2368 2241 2242
f 2347 2222 2348
f 2347 2221 2222
f 2369 2368 2242
f 2369 2242 2243
f 2346 2221 2347
f 2346 2219 2220
f 2346 2220 2221
f 2370 2369 2243
f 2370 2243 2244
f 2370 2244 2245
f 2345 2219 2346
f 2371 2370 2245
f 2344 2219 2345
f 2344 2217 2218
f 2344 2218 2219
f 2372 2371 2245
f 2372 2245 2246
f 2343 2217 2344
f 2373 2372 2246
f 2373 2246 2247
f 2373 2247 2248
f 2342 2216 2217
f 2342 2217 2343
f 2374 2373 2248
f 2341 2216 2342
f 2341 2214 2215
f 2341 2215 2216
f 2375 2374 2248
f 2375 2248 2249
f 2340 2214 2341
f 2376 2249 2250
f 2376 2375 2249
f 2339 2213 2214
f 2339 2214 2340
f 2377 2376 2250
f 2377 2250 2251
f 2338 2212 2213
f 2338 2213 2339
f 2378 2377 2251
f 2378 2251 2252
f 2337 2212 2338
f 2337 2211 2212
f 2379 2378 2252
f 2379 2252 2253
f 2336 2211 2337
f 2336 2209 2210
f 2336 2210 2211
f 2380 2253 2254
f 2380 2379 2253
f 2335 2209 2336
f 2381 2254 2255
f 2381 2380 2254
f 2334 2209 2335
f 2334 2208 2209
f 2382 2255 2256
f 2382 2381 2255
f 2333 2208 2334
f 2333 2207 2208
f 2383 2256 2257
f 2383 2382 2256
f 2332 2206 2207
f 2332 2207 2333
f 2384 2257 2258
f 2384 2383 2257
f 2331 2205 2206
f 2331 2206 2332
f 2385 2258 2259
f 2385 2384 2258
f 2330 2205 2331
f 2330 2204 2205
f 2386 2259 2260
f 2386 2385 2259
f 2329 2203 2204
f 2329 2204 2330
f 2387 2260 2261
f 2387 2386 2260
f 2328 2202 2203
f 2328 2203 2329
f 2262 2387 2261
f 2388 2387 2262
f 2327 2201 2202
f 2327 2202 2328
f 2389 2262 2263
f 2389 2388 2262
f 2200 2327 2326
f 2200 2201 2327
f 2264 2390 2389
f 2264 2389 2263
f 2199 2200 2326
f 2199 2326 2325
f 2391 2390 2264
f 2265 2391 2264
f 2198 2199 2325
f 2198 2325 2324
f 2266 2391 2265
f 2266 2392 2391
f 2197 2198 2324
f 2197 2324 2323
f 2393 2392 2266
f 2267 2393 2266
f 2322 2197 2323
f 2196 2197 2322
f 2321 2196 2322
f 2268 2393 2267
f 2268 2394 2393
f 2195 2196 2321
f 2269 2394 2268
f 2269 2395 2394
f 2194 2195 2321
f 2194 2321 2320
f 2270 2396 2395
f 2270 2395 2269
f 2193 2194 2320
f 2193 2320 2319
f 2271 2397 2396
f 2271 2396 2270
f 2192 2193 2319
f 2192 2318 2317
f 2192 2319 2318
f 2272 2398 2397
f 2272 2397 2271
f 2191 2192 2317
f 2273 2399 2398
f 2273 2400 2399
f 2273 2398 2272
f 2190 2317 2316
f 2190 2191 2317
f 2274 2400 2273
f 2189 2316 2315
f 2189 2190 2316
f 2275 2401 2400
f 2275 2402 2401
f 2275 2400 2274
f 2188 2315 2314
f 2188 2189 2315
f 2276 2402 2275
f 2187 2313 2312
f 2187 2314 2313
f 2187 2188 2314
f 2277 2402 2276
f 2277 2403 2402
f 2277 2404 2403
f 2186 2187 2312
f 2278 2404 2277
f 2185 2186 2312
f 2185 2312 2311
f 2153 2280 2279
f 2153 2404 2278
f 2153 2279 2404
f 2184 2185 2311
f 2184 2311 2310
f 2154 2280 2153
f 2183 2184 2310
f 2183 2310 2309
f 2155 2281 2280
f 2155 2282 2281
f 2155 2280 2154
f 2182 2309 2308
f 2182 2183 2309
f 2156 2282 2155
f 2181 2307 2306
f 2181 2308 2307
f 2181 2182 2308
f 2157 2283 2282
f 2157 2284 2283
f 2157 2282 2156
f 2180 2181 2306
f 2180 2306 2305
f 2158 2284 2157
f 2179 2180 2305
f 2159 2285 2284
f 2159 2284 2158
f 2178 2305 2304
f 2178 2179 2305
f 2160 2286 2285
f 2160 2285 2159
f 2177 2178 2304
f 2177 2304 2303
f 2161 2287 2286
f 2161 2286 2160
f 2176 2177 2303
f 2176 2303 2302
f 2162 2287 2161
f 2162 2288 2287
f 2175 2176 2302
f 2175 2301 2300
f 2175 2302 2301
f 2163 2288 2162
f 2163 2289 2288
f 2163 2290 2289
f 2174 2175 2300
f 2174 2300 2299
f 2164 2290 2163
f 2173 2174 2299
f 2165 2290 2164
f 2165 2291 2290
f 2165 2292 2291
f 2172 2299 2298
f 2172 2173 2299
f 2166 2292 2165
f 2171 2172 2298
f 2171 2298 2297
f 2167 2292 2166
f 2167 2293 2292
f 2170 2297 2296
f 2170 2171 2297
f 2168 2294 2293
f 2168 2295 2294
f 2168 2293 2167
f 2169 2170 2296
f 2169 2295 2168
f 2169 2296 2295
f 2408 2407 2533
f 2408 2533 2534
f 2409 2534 2535
f 2409 2535 2536
f 2409 2408 2534
f 2410 2409 2536
f 2411 2536 2537
f 2411 2537 2538
f 2411 2410 2536
f 2412 2538 2539
f 2412 2411 2538
f 2413 2412 2539
f 2414 2539 2540
f 2414 2413 2539
f 2415 2540 2541
f 2415 2541 2542
f 2415 2414 2540
f 2416 2415 2542
f 2417 2542 2543
f 2417 2416 2542
f 2418 2417 2543
f 2418 2543 2544
f 2419 2418 2544
f 2419 2544 2545
f 2420 2419 2545
f 2420 2545 2546
f 2421 2420 2546
f 2421 2546 2547
f 2422 2421 2547
f 2422 2547 2548
f 2423 2422 2548
f 2423 2548 2549
f 2424 2423 2549
f 2424 2549 2550
f 2425 2424 2550
f 2425 2550 2551
f 2426 2425 2551
f 2426 2551 2552
f 2427 2426 2552
f 2427 2552 2553
f 2428 2427 2553
f 2428 2553 2554
f 2429 2428 2554
f 2429 2554 2555
f 2429 2555 2556
f 2430 2429 2556
f 2431 2556 2557
f 2431 2557 2558
f 2431 2430 2556
f 2432 2431 2558
f 2433 2558 2559
f 2433 2432 2558
f 2434 2559 2560
f 2434 2560 2561
f 2434 2433 2559
f 2435 2434 2561
f 2436 2561 2562
f 2436 2435 2561
f 2437 2562 2563
f 2437 2563 2564
f 2437 2436 2562
f 2438 2437 2564
f 2439 2564 2565
f 2439 2565 2566
f 2439 2438 2564
f 2440 2439 2566
f 2441 2566 2567
f 2441 2567 2568
f 2441 2440 2566
f 2442 2441 2568
f 2443 2442 2568
f 2443 2568 2569
f 2444 2443 2569
f 2444 2569 2570
f 2445 2444 2570
f 2445 2570 2571
f 2446 2445 2571
f 2446 2571 2572
f 2447 2446 2572
f 2447 2572 2573
f 2448 2447 2573
f 2448 2573 2574
f 2449 2448 2574
f 2449 2574 2575
f 2449 2575 2576
f 2450 2449 2576
f 2451 2450 2576
f 2451 2576 2577
f 2451 2577 2578
f 2452 2451 2578
f 2452 2578 2579
f 2453 2452 2579
f 2453 2579 2580
f 2454 2453 2580
f 2455 2454 2580
f 2455 2580 2581
f 2456 2455 2581
f 2456 2581 2582
f 2457 2456 2582
f 2457 2582 2583
f 2458 2457 2583
f 2458 2583 2584
f 2459 2458 2584
f 2459 2584 2585
f 2460 2459 2585
f 2460 2585 2586
f 2461 2460 2586
f 2461 2586 2587
f 2462 2461 2587
f 2462 2587 2588
f 2463 2462 2588
f 2463 2588 2589
f 2463 2589 2590
f 2464 2590 2591
f 2464 2463 2590
f 2465 2464 2591
f 2466 2591 2592
f 2466 2592 2593
f 2466 2465 2591
f 2467 2593 2594
f 2467 2466 2593
f 2468 2467 2594
f 2469 2468 2594
f 2469 2594 2595
f 2470 2469 2595
f 2470 2595 2596
f 2471 2470 2596
f 2471 2596 2597
f 2472 2471 2597
f 2472 2597 2598
f 2473 2472 2598
f 2473 2598 2599
f 2474 2473 2599
f 2474 2599 2600
f 2475 2474 2600
f 2475 2600 2601
f 2476 2475 2601
f 2476 2601 2602
f 2477 2476 2602
f 2477 2602 2603
f 2478 2477 2603
f 2478 2603 2604
f 2479 2478 2604
f 2479 2604 2605
f 2480 2479 2605
f 2480 2605 2606
f 2481 2606 2607
f 2481 2480 2606
f 2482 2607 2608
f 2482 2481 2607
f 2483 2608 2609
f 2483 2482 2608
f 2484 2609 2610
f 2484 2483 2609
f 2485 2610 2611
f 2485 2484 2610
f 2486 2611 2612
f 2486 2485 2611
f 2487 2612 2613
f 2487 2486 2612
f 2488 2613 2614
f 2488 2614 2615
f 2488 2487 2613
f 2489 2488 2615
f 2490 2615 2616
f 2490 2489 2615
f 2491 2616 2617
f 2491 2617 2618
f 2491 2490 2616
f 2492 2618 2619
f 2492 2491 2618
f 2493 2492 2619
f 2494 2619 2620
f 2494 2493 2619
f 2495 2494 2620
f 2495 2620 2621
f 2496 2495 2621
f 2496 2621 2622
f 2497 2496 2622
f 2497 2622 2623
f 2498 2497 2623
f 2498 2623 2624
f 2499 2624 2625
f 2499 2625 2626
f 2499 2498 2624
f 2500 2626 2627
f 2500 2499 2626
f 2501 2500 2627
f 2502 2627 2628
f 2502 2501 2627
f 2503 2628 2629
f 2503 2502 2628
f 2504 2629 2630
f 2504 2503 2629
f 2505 2630 2631
f 2505 2631 2632
f 2505 2504 2630
f 2506 2505 2632
f 2507 2632 2633
f 2507 2506 2632
f 2508 2633 2634
f 2508 2507 2633
f 2509 2634 2635
f 2509 2508 2634
f 2510 2635 2636
f 2510 2509 2635
f 2511 2636 2637
f 2511 2510 2636
f 2512 2637 2638
f 2512 2511 2637
f 2513 2638 2639
f 2513 2512 2638
f 2514 2639 2640
f 2514 2640 2641
f 2514 2513 2639
f 2515 2514 2641
f 2516 2641 2642
f 2516 2642 2643
f 2516 2515 2641
f 2517 2516 2643
f 2518 2643 2644
f 2518 2517 2643
f 2519 2518 2644
f 2519 2644 2645
f 2520 2519 2645
f 2520 2645 2646
f 2521 2520 2646
f 2521 2646 2647
f 2522 2521 2647
f 2522 2647 2648
f 2523 2522 2648
f 2523 2648 2649
f 2524 2523 2649
f 2524 2649 2650
f 2525 2524 2650
f 2525 2650 2651
f 2526 2525 2651
f 2526 2651 2652
f 2527 2526 2652
f 2527 2652 2653
f 2528 2527 2653
f 2528 2653 2654
f 2529 2528 2654
f 2529 2654 2655
f 2530 2529 2655
f 2530 2655 2656
f 2531 2656 2657
f 2531 2530 2656
f 2532 2657 2658
f 2532 2531 2657
f 2406 2532 2658
f 2406 2658 2405
f 2864 2738 2737
f 2864 2739 2738
f 2863 2864 2737
f 2865 2739 2864
f 2862 2737 2736
f 2862 2863 2737
f 2866 2739 2865
f 2866 2740 2739
f 2861 2736 2735
f 2861 2862 2736
f 2867 2741 2740
f 2867 2740 2866
f 2860 2861 2735
f 2860 2734 2733
f 2860 2735 2734
f 2868 2741 2867
f 2868 2742 2741
f 2859 2860 2733
f 2869 2742 2868
f 2869 2743 2742
f 2858 2732 2731
f 2858 2733 2732
f 2858 2859 2733
f 2870 2743 2869
f 2870 2744 2743
f 2857 2858 2731
f 2857 2731 2730
f 2871 2745 2744
f 2871 2744 2870
f 2856 2857 2730
f 2872 2745 2871
f 2872 2746 2745
f 2872 2747 2746
f 2855 2856 2730
f 2855 2729 2728
f 2855 2730 2729
f 2873 2747 2872
f 2854 2855 2728
f 2874 2747 2873
f 2874 2748 2747
f 2853 2854 2728
f 2853 2728 2727
f 2875 2748 2874
f 2875 2749 2748
f 2852 2853 2727
f 2852 2726 2725
f 2852 2727 2726
f 2876 2749 2875
f 2876 2750 2749
f 2876 2751 2750
f 2851 2852 2725
f 2877 2751 2876
f 2850 2851 2725
f 2850 2724 2723
f 2850 2725 2724
f 2878 2751 2877
f 2878 2752 2751
f 2849 2850 2723
f 2879 2752 2878
f 2879 2753 2752
f 2879 2754 2753
f 2848 2723 2722
f 2848 2849 2723
f 2880 2754 2879
f 2847 2848 2722
f 2847 2721 2720
f 2847 2722 2721
f 2881 2754 2880
f 2881 2755 2754
f 2846 2847 2720
f 2882 2756 2755
f 2882 2755 2881
f 2845 2720 2719
f 2845 2846 2720
f 2883 2756 2882
f 2883 2757 2756
f 2844 2719 2718
f 2844 2845 2719
f 2884 2757 2883
f 2884 2758 2757
f 2843 2844 2718
f 2843 2718 2717
f 2885 2758 2884
f 2885 2759 2758
f 2842 2843 2717
f 2842 2716 2715
f 2842 2717 2716
f 2886 2760 2759
f 2886 2759 2885
f 2841 2842 2715
f 2887 2761 2760
f 2887 2760 2886
f 2840 2841 2715
f 2840 2715 2714
f 2888 2762 2761
f 2888 2761 2887
f 2839 2840 2714
f 2839 2714 2713
f 2889 2763 2762
f 2889 2762 2888
f 2838 2713 2712
f 2838 2839 2713
f 2890 2764 2763
f 2890 2763 2889
f 2837 2712 2711
f 2837 2838 2712
f 2891 2765 2764
f 2891 2764 2890
f 2836 2837 2711
f 2836 2711 2710
f 2892 2766 2765
f 2892 2765 2891
f 2835 2710 2709
f 2835 2836 2710
f 2893 2767 2766
f 2893 2766 2892
f 2834 2709 2708
f 2834 2835 2709
f 2768 2767 2893
f 2894 2768 2893
f 2833 2708 2707
f 2833 2834 2708
f 2895 2769 2768
f 2895 2768 2894
f 2706 2832 2833
f 2706 2833 2707
f 2770 2895 2896
f 2770 2769 2895
f 2705 2832 2706
f 2705 2831 2832
f 2897 2770 2896
f 2771 2770 2897
f 2704 2831 2705
f 2704 2830 2831
f 2772 2771 2897
f 2772 2897 2898
f 2703 2830 2704
f 2703 2829 2830
f 2899 2772 2898
f 2773 2772 2899
f 2828 2829 2703
f 2702 2828 2703
f 2827 2828 2702
f 2774 2773 2899
f 2774 2899 2900
f 2701 2827 2702
f 2775 2774 2900
f 2775 2900 2901
f 2700 2827 2701
f 2700 2826 2827
f 2776 2901 2902
f 2776 2775 2901
f 2699 2826 2700
f 2699 2825 2826
f 2777 2902 2903
f 2777 2776 2902
f 2698 2825 2699
f 2698 2823 2824
f 2698 2824 2825
f 2778 2903 2904
f 2778 2777 2903
f 2697 2823 2698
f 2779 2904 2905
f 2779 2905 2906
f 2779 2778 2904
f 2696 2822 2823
f 2696 2823 2697
f 2780 2779 2906
f 2695 2821 2822
f 2695 2822 2696
f 2781 2906 2907
f 2781 2907 2908
f 2781 2780 2906
f 2694 2820 2821
f 2694 2821 2695
f 2782 2781 2908
f 2693 2818 2819
f 2693 2819 2820
f 2693 2820 2694
f 2783 2782 2908
f 2783 2908 2909
f 2783 2909 2910
f 2692 2818 2693
f 2784 2783 2910
f 2691 2818 2692
f 2691 2817 2818
f 2659 2785 2786
f 2659 2784 2910
f 2659 2910 2785
f 2690 2817 2691
f 2690 2816 2817
f 2660 2659 2786
f 2689 2816 2690
f 2689 2815 2816
f 2661 2786 2787
f 2661 2787 2788
f 2661 2660 2786
f 2688 2814 2815
f 2688 2815 2689
f 2662 2661 2788
f 2687 2812 2813
f 2687 2813 2814
f 2687 2814 2688
f 2663 2788 2789
f 2663 2789 2790
f 2663 2662 2788
f 2686 2812 2687
f 2686 2811 2812
f 2664 2663 2790
f 2685 2811 2686
f 2665 2790 2791
f 2665 2664 2790
f 2684 2810 2811
f 2684 2811 2685
f 2666 2791 2792
f 2666 2665 2791
f 2683 2810 2684
f 2683 2809 2810
f 2667 2792 2793
f 2667 2666 2792
f 2682 2809 2683
f 2682 2808 2809
f 2668 2667 2793
f 2668 2793 2794
f 2681 2808 2682
f 2681 2806 2807
f 2681 2807 2808
f 2669 2668 2794
f 2669 2794 2795
f 2669 2795 2796
f 2680 2806 2681
f 2680 2805 2806
f 2670 2669 2796
f 2679 2805 2680
f 2671 2670 2796
f 2671 2796 2797
f 2671 2797 2798
f 2678 2804 2805
f 2678 2805 2679
f 2672 2671 2798
f 2677 2804 2678
f 2677 2803 2804
f 2673 2672 2798
f 2673 2798 2799
f 2676 2802 2803
f 2676 2803 2677
f 2674 2799 2800
f 2674 2800 2801
f 2674 2673 2799
f 2675 2802 2676
f 2675 2674 2801
f 2675 2801 2802
f 2912 2911 3038
f 2912 3038 3039
f 2913 3039 3040
f 2913 3040 3041
f 2913 2912 3039
f 2914 2913 3041
f 2915 3041 3042
f 2915 3042 3043
f 2915 2914 3041
f 2916 3043 3044
f 2916 2915 3043
f 2917 2916 3044
f 2918 3044 3045
f 2918 2917 3044
f 2919 3045 3046
f 2919 3046 3047
f 2919 2918 3045
f 2920 2919 3047
f 2921 3047 3048
f 2921 2920 3047
f 2922 2921 3048
f 2922 3048 3049
f 2923 2922 3049
f 2923 3049 3050
f 2924 2923 3050
f 2924 3050 3051
f 2925 2924 3051
f 2925 3051 3052
f 2926 2925 3052
f 2926 3052 3053
f 2927 2926 3053
f 2927 3053 3054
f 2928 2927 3054
f 2928 3054 3055
f 2929 2928 3055
f 2929 3055 3056
f 2930 2929 3056
f 2930 3056 3057
f 2931 2930 3057
f 2931 3057 3058
f 2932 2931 3058
f 2932 3058 3059
f 2933 2932 3059
f 2933 3059 3060
f 2933 3060 3061
f 2934 2933 3061
f 2935 3061 3062
f 2935 3062 3063
f 2935 2934 3061
f 2936 2935 3063
f 2937 3063 3064
f 2937 2936 3063
f 2938 3064 3065
f 2938 3065 3066
f 2938 2937 3064
f 2939 2938 3066
f 2940 3066 3067
f 2940 2939 3066
f 2941 3067 3068
f 2941 3068 3069
f 2941 2940 3067
f 2942 2941 3069
f 2943 3069 3070
f 2943 3070 3071
f 2943 2942 3069
f 2944 2943 3071
f 2945 3071 3072
f 2945 3072 3073
f 2945 2944 3071
f 2946 2945 3073
f 2947 2946 3073
f 2947 3073 3074
f 2948 2947 3074
f 2948 3074 3075
f 2949 2948 3075
f 2949 3075 3076
f 2950 2949 3076
f 2950 3076 3077
f 2951 2950 3077
f 2951 3077 3078
f 2952 2951 3078
f 2952 3078 3079
f 2953 2952 3079
f 2953 3079 3080
f 2953 3080 3081
f 2954 2953 3081
f 2955 2954 3081
f 2955 3081 3082
f 2955 3082 3083
f 2956 2955 3083
f 2956 3083 3084
f 2957 2956 3084
f 2957 3084 3085
f 2958 2957 3085
f 2959 2958 3085
f 2959 3085 3086
f 2960 2959 3086
f 2960 3086 3087
f 2961 2960 3087
f 2961 3087 3088
f 2962 2961 3088
f 2962 3088 3089
f 2963 2962 3089
f 2963 3089 3090
f 2964 2963 3090
f 2964 3090 3091
f 2965 2964 3091
f 2965 3091 3092
f 2966 2965 3092
f 2966 3092 3093
f 2967 2966 3093
f 2967 3093 3094
f 2967 3094 3095
f 2968 3095 3096
f 2968 2967 3095
f 2969 2968 3096
f 2970 3096 3097
f 2970 3097 3098
f 2970 2969 3096
f 2971 3098 3099
f 2971 2970 3098
f 2972 2971 3099
f 2973 2972 3099
f 2973 3099 3100
f 2974 2973 3100
f 2974 3100 3101
f 2975 2974 3101
f 2975 3101 3102
f 2976 2975 3102
f 2976 3102 3103
f 2977 2976 3103
f 2977 3103 3104
f 2978 2977 3104
f 2978 3104 3105
f 2979 2978 3105
f 2979 3105 3106
f 2980 2979 3106
f 2980 3106 3107
f 2981 2980 3107
f 2981 3107 3108
f 2982 2981 3108
f 2982 3108 3109
f 2983 2982 3109
f 2983 3109 3110
f 2984 2983 3110
f 2984 3110 3111
f 2985 2984 3111
f 2985 3111 3112
f 2986 3112 3113
f 2986 2985 3112
f 2987 3113 3114
f 2987 2986 3113
f 2988 3114 3115
f 2988 2987 3114
f 2989 3115 3116
f 2989 2988 3115
f 2990 3116 3117
f 2990 2989 3116
f 2991 3117 3118
f 2991 2990 3117
f 2992 3118 3119
f 2992 3119 3120
f 2992 2991 3118
f 2993 2992 3120
f 2994 3120 3121
f 2994 2993 3120
f 2995 3121 3122
f 2995 3122 3123
f 2995 2994 3121
f 2996 3123 3124
f 2996 2995 3123
f 2997 2996 3124
f 2998 3124 3125
f 2998 2997 3124
f 2999 2998 3125
f 2999 3125 3126
f 3000 2999 3126
f 3000 3126 3127
f 3001 3000 3127
f 3001 3127 3128
f 3002 3001 3128
f 3002 3128 3129
f 3003 3129 3130
f 3003 3130 3131
f 3003 3002 3129
f 3004 3131 3132
f 3004 3003 3131
f 3005 3004 3132
f 3006 3132 3133
f 3006 3005 3132
f 3007 3133 3134
f 3007 3006 3133
f 3008 3134 3135
f 3008 3007 3134
f 3009 3135 3136
f 3009 3136 3137
f 3009 3008 3135
f 3010 3009 3137
f 3011 3137 3138
f 3011 3010 3137
f 3012 3138 3139
f 3012 3011 3138
f 3013 3139 3140
f 3013 3012 3139
f 3014 3140 3141
f 3014 3013 3140
f 3015 3141 3142
f 3015 3014 3141
f 3016 3142 3143
f 3016 3015 3142
f 3017 3143 3144
f 3017 3016 3143
f 3018 3144 3145
f 3018 3145 3146
f 3018 3017 3144
f 3019 3018 3146
f 3020 3146 3147
f 3020 3147 3148
f 3020 3019 3146
f 3021 3020 3148
f 3022 3148 3149
f 3022 3021 3148
f 3023 3022 3149
f 3023 3149 3150
f 3024 3023 3150
f 3024 3150 3151
f 3025 3024 3151
f 3025 3151 3152
f 3026 3025 3152
f 3026 3152 3153
f 3027 3026 3153
f 3027 3153 3154
f 3028 3027 3154
f 3028 3154 3155
f 3029 3028 3155
f 3029 3155 3156
f 3030 3029 3156
f 3030 3156 3157
f 3031 3030 3157
f 3031 3157 3158
f 3032 3031 3158
f 3032 3158 3159
f 3033 3032 3159
f 3033 3159 3160
f 3034 3033 3160
f 3034 3160 3161
f 3035 3161 3162
f 3035 3034 3161
f 3036 3035 3162
f 3036 3162 3163
f 3037 3163 3164
f 3037 3036 3163
f 3370 3243 3244
f 3370 3244 3245
f 3369 3243 3370
f 3371 3370 3245
f 3368 3242 3243
f 3368 3243 3369
f 3372 3371 3245
f 3372 3245 3246
f 3367 3241 3242
f 3367 3242 3368
f 3373 3246 3247
f 3373 3372 3246
f 3366 3241 3367
f 3366 3239 3240
f 3366 3240 3241
f 3374 3373 3247
f 3374 3247 3248
f 3365 3239 3366
f 3375 3374 3248
f 3375 3248 3249
f 3364 3237 3238
f 3364 3238 3239
f 3364 3239 3365
f 3376 3375 3249
f 3376 3249 3250
f 3363 3237 3364
f 3363 3236 3237
f 3377 3250 3251
f 3377 3376 3250
f 3362 3236 3363
f 3378 3377 3251
f 3378 3251 3252
f 3378 3252 3253
f 3361 3236 3362
f 3361 3234 3235
f 3361 3235 3236
f 3379 3378 3253
f 3360 3234 3361
f 3380 3379 3253
f 3380 3253 3254
f 3359 3234 3360
f 3359 3233 3234
f 3381 3380 3254
f 3381 3254 3255
f 3358 3233 3359
f 3358 3231 3232
f 3358 3232 3233
f 3382 3381 3255
f 3382 3255 3256
f 3382 3256 3257
f 3357 3231 3358
f 3383 3382 3257
f 3356 3231 3357
f 3356 3229 3230
f 3356 3230 3231
f 3384 3383 3257
f 3384 3257 3258
f 3355 3229 3356
f 3385 3384 3258
f 3385 3258 3259
f 3385 3259 3260
f 3354 3228 3229
f 3354 3229 3355
f 3386 3385 3260
f 3353 3228 3354
f 3353 3226 3227
f 3353 3227 3228
f 3387 3386 3260
f 3387 3260 3261
f 3352 3226 3353
f 3388 3261 3262
f 3388 3387 3261
f 3351 3225 3226
f 3351 3226 3352
f 3389 3388 3262
f 3389 3262 3263
f 3350 3224 3225
f 3350 3225 3351
f 3390 3389 3263
f 3390 3263 3264
f 3349 3224 3350
f 3349 3223 3224
f 3391 3390 3264
f 3391 3264 3265
f 3348 3223 3349
f 3348 3221 3222
f 3348 3222 3223
f 3392 3265 3266
f 3392 3391 3265
f 3347 3221 3348
f 3393 3266 3267
f 3393 3392 3266
f 3346 3221 3347
f 3346 3220 3221
f 3394 3267 3268
f 3394 3393 3267
f 3345 3220 3346
f 3345 3219 3220
f 3395 3268 3269
f 3395 3394 3268
f 3344 3218 3219
f 3344 3219 3345
f 3396 3269 3270
f 3396 3395 3269
f 3343 3217 3218
f 3343 3218 3344
f 3397 3270 3271
f 3397 3396 3270
f 3342 3217 3343
f 3342 3216 3217
f 3398 3271 3272
f 3398 3397 3271
f 3341 3215 3216
f 3341 3216 3342
f 3399 3272 3273
f 3399 3398 3272
f 3340 3214 3215
f 3340 3215 3341
f 3274 3399 3273
f 3400 3399 3274
f 3339 3213 3214
f 3339 3214 3340
f 3401 3274 3275
f 3401 3400 3274
f 3212 3339 3338
f 3212 3213 3339
f 3276 3402 3401
f 3276 3401 3275
f 3211 3212 3338
f 3211 3338 3337
f 3403 3402 3276
f 3277 3403 3276
f 3210 3211 3337
f 3210 3337 3336
f 3278 3403 3277
f 3278 3404 3403
f 3209 3210 3336
f 3209 3336 3335
f 3405 3404 3278
f 3279 3405 3278
f 3334 3209 3335
f 3208 3209 3334
f 3333 3208 3334
f 3280 3405 3279
f 3280 3406 3405
f 3207 3208 3333
f 3281 3406 3280
f 3281 3407 3406
f 3206 3207 3333
f 3206 3333 3332
f 3282 3408 3407
f 3282 3407 3281
f 3205 3206 3332
f 3205 3332 3331
f 3283 3409 3408
f 3283 3408 3282
f 3204 3205 3331
f 3204 3330 3329
f 3204 3331 3330
f 3284 3410 3409
f 3284 3409 3283
f 3203 3204 3329
f 3285 3411 3410
f 3285 3412 3411
f 3285 3410 3284
f 3202 3329 3328
f 3202 3203 3329
f 3286 3412 3285
f 3201 3328 3327
f 3201 3202 3328
f 3287 3413 3412
f 3287 3414 3413
f 3287 3412 3286
f 3200 3327 3326
f 3200 3201 3327
f 3288 3414 3287
f 3199 3325 3324
f 3199 3326 3325
f 3199 3200 3326
f 3289 3414 3288
f 3289 3415 3414
f 3289 3416 3415
f 3198 3199 3324
f 3290 3416 3289
f 3197 3198 3324
f 3197 3324 3323
f 3165 3292 3291
f 3165 3416 3290
f 3165 3291 3416
f 3196 3197 3323
f 3196 3323 3322
f 3166 3292 3165
f 3195 3196 3322
f 3195 3322 3321
f 3167 3293 3292
f 3167 3294 3293
f 3167 3292 3166
f 3194 3321 3320
f 3194 3195 3321
f 3168 3294 3167
f 3193 3319 3318
f 3193 3320 3319
f 3193 3194 3320
f 3169 3295 3294
f 3169 3296 3295
f 3169 3294 3168
f 3192 3193 3318
f 3192 3318 3317
f 3170 3296 3169
f 3191 3192 3317
f 3171 3297 3296
f 3171 3296 3170
f 3190 3317 3316
f 3190 3191 3317
f 3172 3298 3297
f 3172 3297 3171
f 3189 3190 3316
f 3189 3316 3315
f 3173 3299 3298
f 3173 3298 3172
f 3188 3189 3315
f 3188 3315 3314
f 3174 3299 3173
f 3174 3300 3299
f 3187 3188 3314
f 3187 3313 3312
f 3187 3314 3313
f 3175 3300 3174
f 3175 3301 3300
f 3175 3302 3301
f 3186 3187 3312
f 3186 3312 3311
f 3176 3302 3175
f 3185 3186 3311
f 3177 3302 3176
f 3177 3303 3302
f 3177 3304 3303
f 3184 3311 3310
f 3184 3185 3311
f 3178 3304 3177
f 3183 3184 3310
f 3183 3310 3309
f 3179 3304 3178
f 3179 3305 3304
f 3182 3309 3308
f 3182 3183 3309
f 3180 3306 3305
f 3180 3307 3306
f 3180 3305 3179
f 3181 3182 3308
f 3181 3307 3180
f 3181 3308 3307
f 3419 3545 3546
f 3420 3419 3546
f 3421 3420 3546
f 3421 3546 3547
f 3421 3547 3548
f 3422 3421 3548
f 3423 3422 3548
f 3423 3548 3549
f 3423 3549 3550
f 3424 3423 3550
f 3425 3424 3550
f 3425 3550 3551
f 3426 3425 3551
f 3426 3551 3552
f 3426 3552 3553
f 3427 3426 3553
f 3428 3427 3553
f 3428 3553 3554
f 3428 3554 3555
f 3429 3428 3555
f 3430 3429 3555
f 3430 3555 3556
f 3430 3556 3557
f 3431 3430 3557
f 3432 3557 3558
f 3432 3431 3557
f 3433 3558 3559
f 3433 3559 3560
f 3433 3432 3558
f 3434 3560 3561
f 3434 3433 3560
f 3435 3434 3561
f 3436 3561 3562
f 3436 3435 3561
f 3437 3562 3563
f 3437 3436 3562
f 3438 3563 3564
f 3438 3437 3563
f 3439 3564 3565
f 3439 3438 3564
f 3440 3565 3566
f 3440 3439 3565
f 3441 3566 3567
f 3441 3440 3566
f 3442 3567 3568
f 3442 3441 3567
f 3443 3568 3569
f 3443 3442 3568
f 3444 3569 3570
f 3444 3443 3569
f 4006 3571 4005
f 4004 4005 3571
f 4007 3571 4006
f 4007 3570 3571
f 4003 4004 3571
f 4008 3444 3570
f 4008 3570 4007
f 4002 4003 3571
f 3840 3444 4008
f 4001 4002 3571
f 3841 3444 3840
f 4000 4001 3571
f 3999 4000 3571
f 3998 3999 3571
f 3997 3998 3571
f 3996 3997 3571
f 3996 3571 3572
f 3995 3996 3572
f 3994 3995 3572
f 3993 3994 3572
f 3992 3993 3572
f 3991 3992 3572
f 3445 3444 3841
f 3445 3841 3842
f 3445 3842 3843
f 3445 3843 3844
f 3445 3844 3845
f 3445 3845 3846
f 3445 3846 3847
f 3445 3847 3848
f 3445 3848 3849
f 3990 3991 3572
f 3989 3990 3572
f 3988 3989 3572
f 3987 3988 3572
f 3986 3572 3573
f 3986 3987 3572
f 3985 3986 3573
f 3984 3985 3573
f 3983 3984 3573
f 3982 3983 3573
f 3446 3849 3850
f 3446 3850 3851
f 3446 3851 3852
f 3446 3852 3853
f 3446 3853 3854
f 3446 3445 3849
f 3446 3854 3855
f 3446 3855 3856
f 3446 3856 3857
f 3981 3982 3573
f 3858 3446 3857
f 3980 3981 3573
f 3979 3573 3574
f 3979 3980 3573
f 3978 3979 3574
f 3977 3978 3574
f 3976 3977 3574
f 3447 3858 3859
f 3447 3859 3860
f 3447 3860 3861
f 3447 3861 3862
f 3447 3446 3858
f 3975 3976 3574
f 3863 3447 3862
f 3974 3975 3574
f 3974 3574 3575
f 3864 3447 3863
f 3973 3974 3575
f 3972 3973 3575
f 3971 3972 3575
f 3970 3971 3575
f 3448 3447 3864
f 3448 3864 3865
f 3448 3865 3866
f 3448 3866 3867
f 3969 3970 3575
f 3969 3575 3576
f 3868 3448 3867
f 3968 3969 3576
f 3967 3968 3576
f 3966 3967 3576
f 3449 3448 3868
f 3449 3868 3869
f 3449 3869 3870
f 3449 3870 3871
f 3872 3449 3871
f 3965 3576 3577
f 3965 3966 3576
f 3873 3449 3872
f 3964 3965 3577
f 3963 3964 3577
f 3962 3963 3577
f 3961 3962 3577
f 3450 3873 3874
f 3450 3874 3875
f 3450 3875 3876
f 3450 3449 3873
f 3877 3450 3876
f 3960 3577 3578
f 3960 3961 3577
f 3959 3960 3578
f 3958 3959 3578
f 3957 3958 3578
f 3451 3877 3878
f 3451 3878 3879
f 3451 3879 3880
f 3451 3450 3877
f 3881 3451 3880
f 3956 3957 3578
f 3956 3578 3579
f 3955 3956 3579
f 3882 3451 3881
f 3954 3955 3579
f 3953 3954 3579
f 3952 3953 3579
f 3452 3451 3882
f 3452 3882 3883
f 3452 3883 3884
f 3452 3884 3885
f 3951 3952 3579
f 3886 3452 3885
f 3950 3951 3579
f 3950 3579 3580
f 3949 3950 3580
f 3948 3949 3580
f 3947 3948 3580
f 3946 3947 3580
f 3453 3452 3886
f 3453 3886 3887
f 3453 3887 3888
f 3453 3888 3889
f 3453 3889 3890
f 3453 3890 3891
f 3945 3946 3580
f 3892 3453 3891
f 3944 3945 3580
f 3943 3580 3581
f 3943 3944 3580
f 3942 3943 3581
f 3941 3942 3581
f 3940 3941 3581
f 3939 3940 3581
f 3938 3939 3581
f 3937 3938 3581
f 3454 3453 3892
f 3454 3892 3893
f 3454 3893 3894
f 3454 3894 3895
f 3454 3895 3896
f 3454 3896 3897
f 3454 3897 3898
f 3899 3454 3898
f 3936 3937 3581
f 3935 3936 3581
f 3934 3935 3581
f 3933 3934 3581
f 3933 3581 3582
f 3932 3933 3582
f 3931 3932 3582
f 3930 3931 3582
f 3929 3930 3582
f 3928 3929 3582
f 3927 3928 3582
f 3926 3927 3582
f 3925 3926 3582
f 3924 3925 3582
f 3923 3924 3582
f 3583 3922 3923
f 3583 3923 3582
f 3455 3899 3900
f 3455 3900 3901
f 3455 3901 3902
f 3455 3902 3903
f 3455 3903 3904
f 3455 3904 3905
f 3455 3905 3906
f 3455 3906 3907
f 3455 3907 3908
f 3455 3908 3909
f 3455 3454 3899
f 3456 3455 3909
f 3456 3909 3910
f 3456 3910 3911
f 3456 3911 3912
f 3456 3912 3913
f 3456 3913 3914
f 3456 3914 3915
f 3456 3915 3916
f 3456 3916 3917
f 3456 3917 3918
f 3456 3918 3919
f 3456 3919 3920
f 3457 3921 3922
f 3457 3922 3583
f 3457 3583 3584
f 3457 3456 3920
f 3457 3920 3921
f 3458 3457 3584
f 3459 3584 3585
f 3459 3458 3584
f 3460 3585 3586
f 3460 3459 3585
f 3461 3586 3587
f 3461 3460 3586
f 3462 3587 3588
f 3462 3461 3587
f 3463 3462 3588
f 3463 3588 3589
f 3464 3463 3589
f 3464 3589 3590
f 3464 3590 3591
f 3465 3464 3591
f 3466 3465 3591
f 3466 3591 3592
f 3467 3466 3592
f 3467 3592 3593
f 3468 3467 3593
f 3468 3593 3594
f 3469 3468 3594
f 3469 3594 3595
f 3469 3595 3596
f 3470 3469 3596
f 3471 3470 3596
f 3471 3596 3597
f 3471 3597 3598
f 3472 3471 3598
f 3473 3472 3598
f 3473 3598 3599
f 3474 3473 3599
f 3474 3599 3600
f 3475 3474 3600
f 3475 3600 3601
f 3476 3475 3601
f 3476 3601 3602
f 3476 3602 3603
f 3477 3476 3603
f 3478 3477 3603
f 3478 3603 3604
f 3479 3478 3604
f 3479 3604 3605
f 3479 3605 3606
f 3480 3479 3606
f 3480 3606 3607
f 3481 3480 3607
f 3481 3607 3608
f 3482 3481 3608
f 3482 3608 3609
f 3483 3482 3609
f 3484 3483 3609
f 3484 3609 3610
f 3484 3610 3611
f 3485 3484 3611
f 3485 3611 3612
f 3486 3485 3612
f 3487 3612 3613
f 3487 3486 3612
f 3488 3487 3613
f 3488 3613 3614
f 3488 3614 3615
f 3489 3488 3615
f 3490 3489 3615
f 3490 3615 3616
f 3491 3490 3616
f 3491 3616 3617
f 3492 3491 3617
f 3492 3617 3618
f 3493 3618 3619
f 3493 3492 3618
f 3494 3619 3620
f 3494 3493 3619
f 3495 3620 3621
f 3495 3494 3620
f 3496 3621 3622
f 3496 3495 3621
f 3497 3622 3623
f 3497 3496 3622
f 3498 3623 3624
f 3498 3497 3623
f 3499 3624 3625
f 3499 3498 3624
f 3500 3625 3626
f 3500 3499 3625
f 3501 3626 3627
f 3501 3500 3626
f 3502 3627 3628
f 3502 3628 3629
f 3502 3501 3627
f 3503 3502 3629
f 3504 3629 3630
f 3504 3503 3629
f 3505 3630 3631
f 3505 3631 3632
f 3505 3504 3630
f 3506 3505 3632
f 3507 3632 3633
f 3507 3506 3632
f 3756 3755 3634
f 3754 3633 3634
f 3754 3634 3755
f 3757 3756 3634
f 3753 3507 3633
f 3753 3633 3754
f 3758 3757 3634
f 3752 3507 3753
f 3759 3758 3634
f 3751 3507 3752
f 3760 3759 3634
f 3761 3760 3634
f 3762 3761 3634
f 3763 3762 3634
f 3764 3763 3634
f 3764 3634 3635
f 3765 3764 3635
f 3766 3765 3635
f 3767 3766 3635
f 3768 3767 3635
f 3769 3768 3635
f 3508 3742 3741
f 3508 3743 3742
f 3508 3744 3743
f 3508 3745 3744
f 3508 3746 3745
f 3508 3747 3746
f 3508 3748 3747
f 3508 3749 3748
f 3508 3750 3749
f 3508 3751 3750
f 3508 3507 3751
f 3770 3769 3635
f 3740 3508 3741
f 3771 3770 3635
f 3772 3771 3635
f 3773 3772 3635
f 3774 3635 3636
f 3774 3773 3635
f 3775 3774 3636
f 3776 3775 3636
f 3777 3776 3636
f 3778 3777 3636
f 3779 3778 3636
f 3509 3732 3731
f 3509 3733 3732
f 3509 3734 3733
f 3509 3735 3734
f 3509 3736 3735
f 3509 3737 3736
f 3509 3738 3737
f 3509 3739 3738
f 3509 3740 3739
f 3509 3508 3740
f 3730 3509 3731
f 3780 3779 3636
f 3781 3636 3637
f 3781 3780 3636
f 3782 3781 3637
f 3783 3782 3637
f 3784 3783 3637
f 3785 3784 3637
f 3510 3726 3725
f 3510 3727 3726
f 3510 3728 3727
f 3510 3729 3728
f 3510 3730 3729
f 3510 3509 3730
f 3724 3510 3725
f 3786 3785 3637
f 3723 3510 3724
f 3787 3637 3638
f 3787 3786 3637
f 3788 3787 3638
f 3789 3788 3638
f 3790 3789 3638
f 3511 3720 3719
f 3511 3721 3720
f 3511 3722 3721
f 3511 3723 3722
f 3511 3510 3723
f 3791 3638 3639
f 3791 3790 3638
f 3718 3511 3719
f 3792 3791 3639
f 3717 3511 3718
f 3793 3792 3639
f 3794 3793 3639
f 3795 3794 3639
f 3512 3511 3717
f 3512 3715 3714
f 3512 3716 3715
f 3512 3717 3716
f 3713 3512 3714
f 3796 3639 3640
f 3796 3795 3639
f 3797 3796 3640
f 3798 3797 3640
f 3799 3798 3640
f 3513 3512 3713
f 3513 3711 3710
f 3513 3712 3711
f 3513 3713 3712
f 3709 3513 3710
f 3800 3640 3641
f 3800 3799 3640
f 3708 3513 3709
f 3801 3800 3641
f 3802 3801 3641
f 3803 3802 3641
f 3804 3803 3641
f 3514 3706 3705
f 3514 3513 3708
f 3514 3707 3706
f 3514 3708 3707
f 3805 3641 3642
f 3805 3804 3641
f 3704 3514 3705
f 3806 3805 3642
f 3807 3806 3642
f 3808 3807 3642
f 3809 3808 3642
f 3515 3514 3704
f 3515 3702 3701
f 3515 3703 3702
f 3515 3704 3703
f 3700 3515 3701
f 3810 3809 3642
f 3810 3642 3643
f 3699 3515 3700
f 3811 3810 3643
f 3812 3811 3643
f 3813 3812 3643
f 3814 3813 3643
f 3815 3814 3643
f 3516 3515 3699
f 3516 3697 3696
f 3516 3698 3697
f 3516 3699 3698
f 3695 3516 3696
f 3816 3815 3643
f 3817 3643 3644
f 3817 3816 3643
f 3818 3817 3644
f 3819 3818 3644
f 3820 3819 3644
f 3821 3820 3644
f 3822 3821 3644
f 3823 3822 3644
f 3517 3516 3695
f 3517 3690 3689
f 3517 3691 3690
f 3517 3692 3691
f 3517 3693 3692
f 3517 3694 3693
f 3517 3695 3694
f 3824 3823 3644
f 3825 3824 3644
f 3826 3825 3644
f 3827 3644 3645
f 3827 3826 3644
f 3828 3827 3645
f 3829 3828 3645
f 3830 3829 3645
f 3831 3830 3645
f 3832 3831 3645
f 3833 3832 3645
f 3834 3833 3645
f 3835 3834 3645
f 3836 3835 3645
f 3837 3836 3645
f 3838 3837 3645
f 3646 3839 3838
f 3646 3838 3645
f 3518 3681 3680
f 3518 3682 3681
f 3518 3683 3682
f 3518 3684 3683
f 3518 3685 3684
f 3518 3686 3685
f 3518 3687 3686
f 3518 3688 3687
f 3518 3689 3688
f 3518 3517 3689
f 3519 3518 3680
f 3519 3673 3672
f 3519 3674 3673
f 3519 3675 3674
f 3519 3676 3675
f 3519 3677 3676
f 3519 3678 3677
f 3519 3679 3678
f 3519 3680 3679
f 3520 3671 3839
f 3520 3839 3646
f 3520 3672 3671
f 3520 3519 3672
f 3521 3646 3647
f 3521 3647 3648
f 3521 3520 3646
f 3522 3648 3649
f 3522 3521 3648
f 3523 3649 3650
f 3523 3522 3649
f 3524 3523 3650
f 3525 3650 3651
f 3525 3524 3650
f 3526 3651 3652
f 3526 3525 3651
f 3527 3652 3653
f 3527 3526 3652
f 3528 3653 3654
f 3528 3527 3653
f 3529 3654 3655
f 3529 3528 3654
f 3530 3655 3656
f 3530 3656 3657
f 3530 3529 3655
f 3531 3530 3657
f 3532 3531 3657
f 3532 3657 3658
f 3532 3658 3659
f 3533 3532 3659
f 3534 3533 3659
f 3534 3659 3660
f 3535 3534 3660
f 3535 3660 3661
f 3535 3661 3662
f 3536 3535 3662
f 3537 3536 3662
f 3537 3662 3663
f 3538 3537 3663
f 3538 3663 3664
f 3538 3664 3665
f 3539 3538 3665
f 3540 3539 3665
f 3540 3665 3666
f 3541 3540 3666
f 3541 3666 3667
f 3542 3541 3667
f 3542 3667 3668
f 3543 3668 3669
f 3543 3542 3668
f 3544 3669 3670
f 3544 3543 3669
f 3418 3544 3670
f 3418 3670 3417
f 4214 4088 4087
f 4213 4214 4087
f 4215 4088 4214
f 4215 4089 4088
f 4212 4213 4087
f 4212 4086 4085
f 4212 4087 4086
f 4216 4090 4089
f 4216 4089 4215
f 4211 4212 4085
f 4217 4090 4216
f 4217 4091 4090
f 4217 4092 4091
f 4210 4084 4083
f 4210 4085 4084
f 4210 4211 4085
f 4218 4092 4217
f 4209 4210 4083
f 4219 4092 4218
f 4219 4093 4092
f 4208 4209 4083
f 4208 4083 4082
f 4220 4093 4219
f 4220 4094 4093
f 4220 4095 4094
f 4207 4208 4082
f 4207 4082 4081
f 4221 4095 4220
f 4221 4096 4095
f 4206 4207 4081
f 4206 4081 4080
f 4222 4096 4221
f 4222 4097 4096
f 4205 4206 4080
f 4205 4080 4079
f 4223 4097 4222
f 4204 4205 4079
f 4204 4078 4077
f 4204 4079 4078
f 4224 4097 4223
f 4224 4098 4097
f 4203 4204 4077
f 4225 4098 4224
f 4225 4099 4098
f 4202 4203 4077
f 4202 4077 4076
f 4226 4099 4225
f 4226 4100 4099
f 4226 4101 4100
f 4201 4202 4076
f 4201 4076 4075
f 4227 4101 4226
f 4200 4201 4075
f 4200 4075 4074
f 4228 4101 4227
f 4228 4102 4101
f 4199 4200 4074
f 4199 4074 4073
f 4229 4102 4228
f 4229 4103 4102
f 4198 4073 4072
f 4198 4199 4073
f 4230 4103 4229
f 4230 4104 4103
f 4230 4105 4104
f 4197 4071 4070
f 4197 4072 4071
f 4197 4198 4072
f 4231 4105 4230
f 4231 4106 4105
f 4196 4197 4070
f 4232 4106 4231
f 4195 4196 4070
f 4195 4070 4069
f 4233 4106 4232
f 4233 4107 4106
f 4233 4108 4107
f 4194 4195 4069
f 4194 4069 4068
f 4234 4108 4233
f 4193 4194 4068
f 4193 4067 4066
f 4193 4068 4067
f 4235 4110 4109
f 4235 4108 4234
f 4235 4109 4108
f 4192 4193 4066
f 4236 4110 4235
f 4191 4192 4066
f 4191 4066 4065
f 4237 4111 4110
f 4237 4112 4111
f 4237 4110 4236
f 4190 4191 4065
f 4190 4065 4064
f 4238 4112 4237
f 4189 4190 4064
f 4189 4064 4063
f 4239 4113 4112
f 4239 4112 4238
f 4188 4063 4062
f 4188 4189 4063
f 4240 4114 4113
f 4240 4113 4239
f 4115 4114 4240
f 4187 4062 4061
f 4187 4188 4062
f 4241 4115 4240
f 4186 4061 4060
f 4186 4187 4061
f 4242 4116 4115
f 4242 4115 4241
f 4185 4060 4059
f 4185 4186 4060
f 4243 4117 4116
f 4243 4116 4242
f 4184 4059 4058
f 4184 4185 4059
f 4244 4118 4117
f 4244 4117 4243
f 4183 4058 4057
f 4183 4184 4058
f 4245 4119 4118
f 4245 4118 4244
f 4056 4182 4183
f 4056 4183 4057
f 4246 4119 4245
f 4120 4119 4246
f 4181 4182 4056
f 4055 4181 4056
f 4247 4120 4246
f 4121 4120 4247
f 4054 4181 4055
f 4054 4180 4181
f 4122 4121 4247
f 4122 4247 4248
f 4249 4122 4248
f 4053 4180 4054
f 4053 4179 4180
f 4178 4179 4053
f 4123 4122 4249
f 4052 4178 4053
f 4177 4178 4052
f 4124 4123 4249
f 4124 4249 4250
f 4051 4177 4052
f 4125 4250 4251
f 4125 4124 4250
f 4050 4177 4051
f 4050 4176 4177
f 4126 4125 4251
f 4126 4251 4252
f 4049 4176 4050
f 4049 4174 4175
f 4049 4175 4176
f 4127 4252 4253
f 4127 4253 4254
f 4127 4126 4252
f 4048 4174 4049
f 4128 4127 4254
f 4128 4254 4255
f 4047 4172 4173
f 4047 4173 4174
f 4047 4174 4048
f 4129 4128 4255
f 4046 4172 4047
f 4130 4255 4256
f 4130 4256 4257
f 4130 4129 4255
f 4045 4171 4172
f 4045 4172 4046
f 4131 4130 4257
f 4044 4171 4045
f 4044 4170 4171
f 4132 4131 4257
f 4132 4257 4258
f 4132 4258 4259
f 4043 4170 4044
f 4043 4169 4170
f 4133 4132 4259
f 4042 4169 4043
f 4042 4168 4169
f 4134 4133 4259
f 4134 4259 4260
f 4041 4168 4042
f 4041 4167 4168
f 4009 4134 4260
f 4009 4260 4135
f 4040 4167 4041
f 4040 4166 4167
f 4010 4135 4136
f 4010 4009 4135
f 4039 4166 4040
f 4039 4165 4166
f 4011 4136 4137
f 4011 4137 4138
f 4011 4010 4136
f 4038 4163 4164
f 4038 4164 4165
f 4038 4165 4039
f 4012 4011 4138
f 4037 4163 4038
f 4013 4138 4139
f 4013 4139 4140
f 4013 4012 4138
f 4036 4162 4163
f 4036 4163 4037
f 4014 4013 4140
f 4035 4160 4161
f 4035 4161 4162
f 4035 4162 4036
f 4015 4014 4140
f 4015 4140 4141
f 4015 4141 4142
f 4034 4160 4035
f 4016 4015 4142
f 4033 4159 4160
f 4033 4160 4034
f 4017 4142 4143
f 4017 4016 4142
f 4032 4159 4033
f 4032 4157 4158
f 4032 4158 4159
f 4018 4143 4144
f 4018 4017 4143
f 4031 4157 4032
f 4019 4018 4144
f 4019 4144 4145
f 4019 4145 4146
f 4030 4157 4031
f 4030 4156 4157
f 4020 4019 4146
f 4029 4156 4030
f 4029 4154 4155
f 4029 4155 4156
f 4021 4146 4147
f 4021 4020 4146
f 4028 4154 4029
f 4022 4021 4147
f 4022 4147 4148
f 4027 4154 4028
f 4027 4153 4154
f 4023 4148 4149
f 4023 4149 4150
f 4023 4022 4148
f 4026 4151 4152
f 4026 4152 4153
f 4026 4153 4027
f 4024 4150 4151
f 4024 4023 4150
f 4025 4151 4026
f 4025 4024 4151
f 4262 4431 4261
f 4262 4432 4431
f 4263 4432 4262
f 4263 4433 4432
f 4264 4433 4263
f 4264 4434 4433
f 4265 4434 4264
f 4266 4434 4265
f 4266 4435 4434
f 4267 4435 4266
f 4267 4436 4435
f 4268 4436 4267
f 4268 4437 4436
f 4269 4437 4268
f 4269 4438 4437
f 4270 4438 4269
f 4271 4438 4270
f 4271 4439 4438
f 4272 4439 4271
f 4272 4440 4439
f 4273 4440 4272
f 4273 4441 4440
f 4274 4441 4273
f 4274 4442 4441
f 4275 4442 4274
f 4276 4442 4275
f 4276 4443 4442
f 4277 4443 4276
f 4277 4444 4443
f 4278 4444 4277
f 4278 4445 4444
f 4279 4445 4278
f 4279 4446 4445
f 4280 4446 4279
f 4280 4447 4446
f 4281 4447 4280
f 4281 4448 4447
f 4282 4448 4281
f 4283 4448 4282
f 4283 4449 4448
f 4284 4449 4283
f 4284 4450 4449
f 4285 4450 4284
f 4285 4451 4450
f 4286 4452 4451
f 4286 4451 4285
f 4287 4453 4452
f 4287 4452 4286
f 4288 4454 4453
f 4288 4453 4287
f 4289 4454 4288
f 4289 4455 4454
f 4290 4455 4289
f 4290 4456 4455
f 4291 4456 4290
f 4291 4457 4456
f 4292 4457 4291
f 4293 4457 4292
f 4293 4458 4457
f 4294 4458 4293
f 4294 4459 4458
f 4295 4459 4294
f 4295 4460 4459
f 4296 4460 4295
f 4296 4461 4460
f 4297 4461 4296
f 4297 4462 4461
f 4298 4463 4462
f 4298 4462 4297
f 4299 4464 4463
f 4299 4463 4298
f 4300 4464 4299
f 4301 4465 4464
f 4301 4464 4300
f 4302 4466 4465
f 4302 4465 4301
f 4303 4467 4466
f 4303 4466 4302
f 4304 4468 4467
f 4304 4467 4303
f 4305 4469 4468
f 4305 4468 4304
f 4306 4470 4469
f 4306 4469 4305
f 4307 4470 4306
f 4308 4471 4470
f 4308 4470 4307
f 4309 4472 4471
f 4309 4471 4308
f 4310 4473 4472
f 4310 4472 4309
f 4311 4474 4473
f 4311 4473 4310
f 4312 4474 4311
f 4313 4475 4474
f 4313 4474 4312
f 4314 4476 4475
f 4314 4475 4313
f 4315 4477 4476
f 4315 4476 4314
f 4316 4477 4315
f 4317 4477 4316
f 4317 4478 4477
f 4318 4478 4317
f 4318 4479 4478
f 4319 4479 4318
f 4320 4479 4319
f 4320 4480 4479
f 4321 4481 4480
f 4321 4480 4320
f 4322 4482 4481
f 4322 4481 4321
f 4323 4482 4322
f 4324 4483 4482
f 4324 4482 4323
f 4325 4484 4483
f 4325 4483 4324
f 4326 4484 4325
f 4327 4485 4484
f 4327 4484 4326
f 4328 4485 4327
f 4329 4486 4485
f 4329 4485 4328
f 4330 4487 4486
f 4330 4486 4329
f 4331 4487 4330
f 4332 4488 4487
f 4332 4487 4331
f 4333 4489 4488
f 4333 4488 4332
f 4334 4489 4333
f 4335 4490 4489
f 4335 4489 4334
f 4336 4491 4490
f 4336 4490 4335
f 4337 4491 4336
f 4338 4492 4491
f 4338 4491 4337
f 4339 4492 4338
f 4340 4493 4492
f 4340 4492 4339
f 4341 4494 4493
f 4341 4493 4340
f 4342 4494 4341
f 4343 4495 4494
f 4343 4494 4342
f 4344 4496 4495
f 4344 4495 4343
f 4345 4496 4344
f 4346 4497 4496
f 4346 4496 4345
f 4347 4497 4346
f 4348 4497 4347
f 4348 4498 4497
f 4349 4498 4348
f 4349 4499 4498
f 4350 4499 4349
f 4351 4499 4350
f 4351 4500 4499
f 4352 4500 4351
f 4352 4501 4500
f 4353 4501 4352
f 4354 4501 4353
f 4354 4502 4501
f 4355 4502 4354
f 4355 4503 4502
f 4356 4503 4355
f 4357 4503 4356
f 4357 4504 4503
f 4358 4504 4357
f 4359 4504 4358
f 4359 4505 4504
f 4360 4506 4505
f 4360 4505 4359
f 4361 4506 4360
f 4362 4507 4506
f 4362 4506 4361
f 4363 4507 4362
f 4363 4508 4507
f 4364 4509 4508
f 4364 4508 4363
f 4365 4509 4364
f 4366 4510 4509
f 4366 4509 4365
f 4367 4511 4510
f 4367 4510 4366
f 4368 4511 4367
f 4369 4512 4511
f 4369 4511 4368
f 4370 4513 4512
f 4370 4512 4369
f 4371 4514 4513
f 4371 4513 4370
f 4372 4514 4371
f 4373 4515 4514
f 4373 4514 4372
f 4374 4516 4515
f 4374 4515 4373
f 4375 4517 4516
f 4375 4516 4374
f 4376 4518 4517
f 4376 4517 4375
f 4377 4518 4376
f 4378 4518 4377
f 4378 4519 4518
f 4379 4519 4378
f 4379 4520 4519
f 4380 4520 4379
f 4380 4521 4520
f 4381 4521 4380
f 4381 4522 4521
f 4382 4522 4381
f 4382 4523 4522
f 4383 4523 4382
f 4383 4524 4523
f 4384 4524 4383
f 4385 4524 4384
f 4385 4525 4524
f 4386 4525 4385
f 4386 4526 4525
f 4387 4526 4386
f 4387 4527 4526
f 4388 4527 4387
f 4388 4528 4527
f 4389 4528 4388
f 4389 4529 4528
f 4390 4529 4389
f 4390 4530 4529
f 4391 4530 4390
f 4391 4531 4530
f 4392 4531 4391
f 4393 4531 4392
f 4393 4532 4531
f 4394 4532 4393
f 4394 4533 4532
f 4395 4533 4394
f 4395 4534 4533
f 4396 4534 4395
f 4396 4535 4534
f 4397 4535 4396
f 4398 4536 4535
f 4398 4535 4397
f 4399 4537 4536
f 4399 4536 4398
f 4400 4538 4537
f 4400 4537 4399
f 4401 4539 4538
f 4401 4538 4400
f 4402 4539 4401
f 4403 4540 4539
f 4403 4539 4402
f 4404 4541 4540
f 4404 4540 4403
f 4405 4541 4404
f 4406 4541 4405
f 4406 4542 4541
f 4407 4542 4406
f 4407 4543 4542
f 4408 4543 4407
f 4408 4544 4543
f 4409 4544 4408
f 4410 4544 4409
f 4410 4545 4544
f 4411 4545 4410
f 4411 4546 4545
f 4412 4546 4411
f 4413 4546 4412
f 4413 4547 4546
f 4414 4547 4413
f 4414 4548 4547
f 4415 4548 4414
f 4416 4548 4415
f 4416 4549 4548
f 4417 4549 4416
f 4418 4549 4417
f 4418 4550 4549
f 4419 4550 4418
f 4419 4551 4550
f 4420 4551 4419
f 4421 4551 4420
f 4421 4552 4551
f 4422 4552 4421
f 4422 4553 4552
f 4423 4553 4422
f 4424 4553 4423
f 4424 4554 4553
f 4425 4554 4424
f 4425 4555 4554
f 4426 4555 4425
f 4427 4555 4426
f 4427 4556 4555
f 4428 4556 4427
f 4429 4556 4428
f 4429 4557 4556
f 4430 4557 4429
f 4558 4686 4685
f 4559 4686 4558
f 4559 4687 4686
f 4560 4687 4559
f 4560 4688 4687
f 4561 4688 4560
f 4561 4689 4688
f 4561 4690 4689
f 4562 4690 4561
f 4562 4691 4690
f 4563 4691 4562
f 4563 4692 4691
f 4564 4692 4563
f 4564 4693 4692
f 4565 4693 4564
f 4565 4694 4693
f 4565 4695 4694
f 4566 4696 4695
f 4566 4695 4565
f 4567 4697 4696
f 4567 4696 4566
f 4568 4698 4697
f 4568 4697 4567
f 4569 4699 4698
f 4569 4700 4699
f 4569 4698 4568
f 4570 4701 4700
f 4570 4700 4569
f 4571 4702 4701
f 4571 4701 4570
f 4572 4703 4702
f 4572 4702 4571
f 4573 4704 4703
f 4573 4703 4572
f 4574 4705 4704
f 4574 4704 4573
f 4575 4706 4705
f 4575 4707 4706
f 4575 4705 4574
f 4576 4708 4707
f 4576 4707 4575
f 4577 4709 4708
f 4577 4708 4576
f 4578 4710 4709
f 4578 4709 4577
f 4579 4711 4710
f 4579 4710 4578
f 4580 4712 4711
f 4580 4711 4579
f 4581 4713 4712
f 4581 4712 4580
f 4582 4713 4581
f 4582 4714 4713
f 4583 4714 4582
f 4583 4715 4714
f 4584 4715 4583
f 4584 4716 4715
f 4584 4717 4716
f 4585 4717 4584
f 4585 4718 4717
f 4586 4718 4585
f 4586 4719 4718
f 4587 4719 4586
f 4587 4720 4719
f 4588 4720 4587
f 4588 4721 4720
f 4589 4721 4588
f 4589 4722 4721
f 4590 4722 4589
f 4590 4723 4722
f 4591 4723 4590
f 4591 4724 4723
f 4591 4725 4724
f 4592 4725 4591
f 4592 4726 4725
f 4593 4726 4592
f 4593 4727 4726
f 4594 4727 4593
f 4594 4728 4727
f 4595 4728 4594
f 4595 4729 4728
f 4596 4729 4595
f 4596 4730 4729
f 4597 4730 4596
f 4597 4731 4730
f 4597 4732 4731
f 4598 4733 4732
f 4598 4732 4597
f 4599 4734 4733
f 4599 4733 4598
f 4600 4734 4599
f 4600 4735 4734
f 4601 4736 4735
f 4601 4737 4736
f 4601 4735 4600
f 4602 4738 4737
f 4602 4737 4601
f 4603 4739 4738
f 4603 4738 4602
f 4604 4740 4739
f 4604 4741 4740
f 4604 4739 4603
f 4605 4741 4604
f 4605 4742 4741
f 4606 4742 4605
f 4606 4743 4742
f 4606 4744 4743
f 4607 4744 4606
f 4607 4745 4744
f 4608 4745 4607
f 4608 4746 4745
f 4609 4746 4608
f 4609 4747 4746
f 4609 4748 4747
f 4610 4748 4609
f 4610 4749 4748
f 4611 4749 4610
f 4611 4750 4749
f 4611 4751 4750
f 4612 4751 4611
f 4612 4752 4751
f 4612 4753 4752
f 4613 4753 4612
f 4613 4754 4753
f 4614 4754 4613
f 4614 4755 4754
f 4614 4756 4755
f 4615 4756 4614
f 4615 4757 4756
f 4616 4757 4615
f 4616 4758 4757
f 4616 4759 4758
f 4617 4760 4759
f 4617 4759 4616
f 4618 4761 4760
f 4618 4762 4761
f 4618 4760 4617
f 4619 4763 4762
f 4619 4764 4763
f 4619 4762 4618
f 4620 4765 4764
f 4620 4764 4619
f 4621 4766 4765
f 4621 4767 4766
f 4621 4765 4620
f 4622 4768 4767
f 4622 4767 4621
f 4623 4769 4768
f 4623 4770 4769
f 4623 4768 4622
f 4624 4770 4623
f 4624 4771 4770
f 4624 4772 4771
f 4625 4772 4624
f 4625 4773 4772
f 4626 4773 4625
f 4626 4774 4773
f 4626 4775 4774
f 4627 4775 4626
f 4627 4776 4775
f 4628 4777 4776
f 4628 4776 4627
f 4628 4778 4777
f 4629 4779 4778
f 4629 4778 4628
f 4630 4780 4779
f 4630 4781 4780
f 4630 4779 4629
f 4631 4782 4781
f 4631 4783 4782
f 4631 4781 4630
f 4632 4784 4783
f 4632 4783 4631
f 4633 4784 4632
f 4633 4785 4784
f 4633 4786 4785
f 4634 4787 4786
f 4634 4786 4633
f 4635 4788 4787
f 4635 4787 4634
f 4636 4789 4788
f 4636 4790 4789
f 4636 4788 4635
f 4637 4790 4636
f 4637 4791 4790
f 4638 4792 4791
f 4638 4793 4792
f 4638 4791 4637
f 4639 4794 4793
f 4639 4793 4638
f 4640 4795 4794
f 4640 4794 4639
f 4641 4796 4795
f 4641 4797 4796
f 4641 4795 4640
f 4642 4798 4797
f 4642 4797 4641
f 4643 4799 4798
f 4643 4798 4642
f 4644 4800 4799
f 4644 4799 4643
f 4645 4800 4644
f 4645 4801 4800
f 4645 4802 4801
f 4646 4802 4645
f 4646 4803 4802
f 4647 4804 4803
f 4647 4803 4646
f 4648 4804 4647
f 4648 4805 4804
f 4649 4805 4648
f 4649 4806 4805
f 4650 4806 4649
f 4650 4807 4806
f 4651 4807 4650
f 4651 4808 4807
f 4651 4809 4808
f 4652 4809 4651
f 4652 4810 4809
f 4653 4810 4652
f 4653 4811 4810
f 4654 4811 4653
f 4654 4812 4811
f 4655 4812 4654
f 4655 4813 4812
f 4656 4813 4655
f 4656 4814 4813
f 4657 4814 4656
f 4657 4815 4814
f 4658 4815 4657
f 4658 4816 4815
f 4658 4817 4816
f 4659 4818 4817
f 4659 4817 4658
f 4660 4819 4818
f 4660 4818 4659
f 4661 4820 4819
f 4661 4819 4660
f 4662 4821 4820
f 4662 4822 4821
f 4662 4820 4661
f 4663 4823 4822
f 4663 4822 4662
f 4664 4824 4823
f 4664 4823 4663
f 4665 4825 4824
f 4665 4824 4664
f 4666 4826 4825
f 4666 4827 4826
f 4666 4825 4665
f 4667 4828 4827
f 4667 4827 4666
f 4668 4829 4828
f 4668 4830 4829
f 4668 4828 4667
f 4669 4830 4668
f 4669 4831 4830
f 4670 4831 4669
f 4670 4832 4831
f 4671 4832 4670
f 4671 4833 4832
f 4671 4834 4833
f 4672 4834 4671
f 4672 4835 4834
f 4673 4835 4672
f 4673 4836 4835
f 4673 4837 4836
f 4674 4837 4673
f 4674 4838 4837
f 4675 4838 4674
f 4675 4839 4838
f 4675 4840 4839
f 4676 4840 4675
f 4676 4841 4840
f 4676 4842 4841
f 4677 4842 4676
f 4677 4843 4842
f 4678 4843 4677
f 4678 4844 4843
f 4678 4845 4844
f 4679 4845 4678
f 4679 4846 4845
f 4680 4846 4679
f 4680 4847 4846
f 4680 4848 4847
f 4681 4848 4680
f 4681 4849 4848
f 4682 4849 4681
f 4682 4850 4849
f 4682 4851 4850
f 4683 4851 4682
f 4683 4852 4851
f 4683 4853 4852
f 4684 4853 4683
f 4684 4854 4853
f 4984 4855 4856
f 4984 4857 4855
f 4984 4858 4857
f 4985 4859 4858
f 4985 4858 4984
f 4986 4860 4859
f 4986 4859 4985
f 4987 4860 4986
f 4988 4861 4860
f 4988 4862 4861
f 4988 4860 4987
f 4989 4863 4862
f 4989 4862 4988
f 4990 4863 4989
f 4991 4864 4863
f 4991 4863 4990
f 4992 4865 4864
f 4992 4866 4865
f 4992 4864 4991
f 4993 4866 4992
f 4994 4867 4866
f 4994 4866 4993
f 4995 4868 4867
f 4995 4869 4868
f 4995 4867 4994
f 4996 4869 4995
f 4997 4870 4869
f 4997 4869 4996
f 4998 4871 4870
f 4998 4870 4997
f 4999 4872 4871
f 4999 4871 4998
f 5000 4873 4872
f 5000 4872 4999
f 5001 4874 4873
f 5001 4873 5000
f 5002 4875 4874
f 5002 4874 5001
f 5003 4876 4875
f 5003 4875 5002
f 5004 4877 4876
f 5004 4876 5003
f 5283 5282 4878
f 5284 5283 4878
f 5281 4878 5282
f 5109 4878 4877
f 5109 4877 5004
f 5109 5284 4878
f 5280 4878 5281
f 5279 4878 5280
f 5278 4878 5279
f 5278 4879 4878
f 5277 4879 5278
f 5276 4879 5277
f 5275 4879 5276
f 5274 4879 5275
f 5273 4879 5274
f 5272 4879 5273
f 5271 4879 5272
f 5005 5109 5004
f 5005 5110 5109
f 5005 5111 5110
f 5005 5112 5111
f 5005 5113 5112
f 5005 5114 5113
f 5270 4879 5271
f 5269 4879 5270
f 5268 4880 4879
f 5268 4879 5269
f 5267 4880 5268
f 5266 4880 5267
f 5265 4880 5266
f 5264 4880 5265
f 5263 4880 5264
f 5006 5114 5005
f 5006 5115 5114
f 5006 5116 5115
f 5006 5117 5116
f 5006 5118 5117
f 5006 5119 5118
f 5006 5120 5119
f 5262 4881 4880
f 5262 4880 5263
f 5261 4881 5262
f 5260 4881 5261
f 5259 4881 5260
f 5258 4881 5259
f 5007 5121 5120
f 5007 5122 5121
f 5007 5123 5122
f 5007 5124 5123
f 5007 5120 5006
f 5257 4882 4881
f 5257 4881 5258
f 5256 4882 5257
f 5255 4882 5256
f 5254 4882 5255
f 5008 5125 5124
f 5008 5126 5125
f 5008 5127 5126
f 5008 5124 5007
f 5253 4883 4882
f 5253 4882 5254
f 5252 4883 5253
f 5251 4883 5252
f 5250 4883 5251
f 4884 4883 5250
f 5009 5127 5008
f 5009 5128 5127
f 5009 5129 5128
f 5009 5130 5129
f 5249 4884 5250
f 5248 4884 5249
f 5247 4884 5248
f 5010 5130 5009
f 5010 5131 5130
f 5010 5132 5131
f 5246 4885 4884
f 5246 4884 5247
f 5133 5132 5010
f 5245 4885 5246
f 5244 4885 5245
f 5011 5133 5010
f 5011 5134 5133
f 5011 5135 5134
f 5243 4886 4885
f 5243 4885 5244
f 5136 5135 5011
f 5242 4886 5243
f 5241 4886 5242
f 4887 4886 5241
f 5012 5136 5011
f 5012 5137 5136
f 5012 5138 5137
f 5240 4887 5241
f 5239 4887 5240
f 5238 4887 5239
f 4888 4887 5238
f 5013 5138 5012
f 5013 5139 5138
f 5013 5140 5139
f 5013 5141 5140
f 5237 4888 5238
f 5236 4888 5237
f 5235 4888 5236
f 4889 4888 5235
f 5014 5142 5141
f 5014 5143 5142
f 5014 5141 5013
f 5144 5143 5014
f 5234 4889 5235
f 5233 4889 5234
f 5232 4889 5233
f 4890 4889 5232
f 5015 5144 5014
f 5015 5145 5144
f 5015 5146 5145
f 5147 5146 5015
f 5231 4890 5232
f 5230 4890 5231
f 5229 4890 5230
f 4891 4890 5229
f 5016 5148 5147
f 5016 5149 5148
f 5016 5147 5015
f 5150 5149 5016
f 5228 4891 5229
f 5227 4891 5228
f 5226 4891 5227
f 4892 4891 5226
f 5017 5150 5016
f 5017 5151 5150
f 5017 5152 5151
f 5153 5152 5017
f 5225 4892 5226
f 5224 4892 5225
f 5223 4892 5224
f 5018 5153 5017
f 5018 5154 5153
f 5018 5155 5154
f 5222 4893 4892
f 5222 4892 5223
f 5156 5155 5018
f 5221 4893 5222
f 5220 4893 5221
f 5219 4893 5220
f 5019 5158 5157
f 5019 5159 5158
f 5019 5156 5018
f 5019 5157 5156
f 5218 4894 4893
f 5218 4893 5219
f 5160 5159 5019
f 5217 4894 5218
f 5216 4894 5217
f 5215 4894 5216
f 5214 4894 5215
f 5020 5161 5160
f 5020 5162 5161
f 5020 5163 5162
f 5020 5164 5163
f 5020 5160 5019
f 5213 4895 4894
f 5213 4894 5214
f 5212 4895 5213
f 5211 4895 5212
f 5210 4895 5211
f 5209 4895 5210
f 5208 4895 5209
f 5021 5165 5164
f 5021 5166 5165
f 5021 5167 5166
f 5021 5168 5167
f 5021 5169 5168
f 5021 5164 5020
f 5207 4895 5208
f 5207 4896 4895
f 5206 4896 5207
f 5205 4896 5206
f 5204 4896 5205
f 5203 4896 5204
f 5202 4896 5203
f 5201 4896 5202
f 5200 4896 5201
f 5022 5170 5169
f 5022 5171 5170
f 5022 5172 5171
f 5022 5173 5172
f 5022 5174 5173
f 5022 5175 5174
f 5022 5169 5021
f 5199 4896 5200
f 5198 4897 4896
f 5198 4896 5199
f 5197 4897 5198
f 5196 4897 5197
f 5195 4897 5196
f 5194 4897 5195
f 5193 4897 5194
f 5192 4897 5193
f 5191 4897 5192
f 4898 4897 5191
f 5023 5176 5175
f 5023 5177 5176
f 5023 5178 5177
f 5023 5179 5178
f 5023 5180 5179
f 5023 5181 5180
f 5023 5182 5181
f 5023 5183 5182
f 5023 5184 5183
f 5023 5175 5022
f 5024 5185 5184
f 5024 5186 5185
f 5024 5187 5186
f 5024 5188 5187
f 5024 5189 5188
f 5024 5190 5189
f 5024 5191 5190
f 5024 5184 5023
f 5025 5191 5024
f 5025 4898 5191
f 5026 4898 5025
f 5026 4899 4898
f 5027 4899 5026
f 5027 4900 4899
f 5027 4901 4900
f 5028 4901 5027
f 5029 4901 5028
f 5029 4902 4901
f 5030 4902 5029
f 5030 4903 4902
f 5030 4904 4903
f 5031 4904 5030
f 5032 4904 5031
f 5032 4905 4904
f 5032 4906 4905
f 5033 4906 5032
f 5034 4907 4906
f 5034 4906 5033
f 5035 4908 4907
f 5035 4909 4908
f 5035 4907 5034
f 5036 4909 5035
f 5037 4910 4909
f 5037 4911 4910
f 5037 4909 5036
f 5038 4911 5037
f 5039 4912 4911
f 5039 4913 4912
f 5039 4911 5038
f 5040 4913 5039
f 5041 4914 4913
f 5041 4915 4914
f 5041 4913 5040
f 5042 4916 4915
f 5042 4915 5041
f 5043 4917 4916
f 5043 4916 5042
f 5044 4917 5043
f 5045 4917 5044
f 5045 4918 4917
f 5046 4918 5045
f 5046 4919 4918
f 5047 4919 5046
f 5047 4920 4919
f 5048 4920 5047
f 5048 4921 4920
f 5049 4921 5048
f 5049 4922 4921
f 5050 4922 5049
f 5050 4923 4922
f 5051 4923 5050
f 5051 4924 4923
f 5052 4924 5051
f 5052 4925 4924
f 5053 4925 5052
f 5053 4926 4925
f 5054 4926 5053
f 5054 4927 4926
f 5055 4927 5054
f 5055 4928 4927
f 5056 4928 5055
f 5056 4929 4928
f 5057 4929 5056
f 5057 4930 4929
f 5057 4931 4930
f 5058 4931 5057
f 5058 4932 4931
f 5059 4932 5058
f 5060 4932 5059
f 5060 4933 4932
f 5061 4933 5060
f 5061 4934 4933
f 5062 4934 5061
f 5062 4935 4934
f 5062 4936 4935
f 5063 4936 5062
f 5064 4936 5063
f 5064 4937 4936
f 5065 4937 5064
f 5065 4938 4937
f 5065 4939 4938
f 5066 4939 5065
f 5067 4940 4939
f 5067 4939 5066
f 5370 4941 5369
f 5368 5369 4941
f 5371 4941 5370
f 5367 4941 4940
f 5367 4940 5067
f 5367 5368 4941
f 5372 4941 5371
f 5373 4941 5372
f 5374 4941 5373
f 5374 4942 4941
f 5375 4942 5374
f 5376 4942 5375
f 5377 4942 5376
f 5378 4942 5377
f 5379 4942 5378
f 5380 4942 5379
f 5381 4942 5380
f 5068 5360 5361
f 5068 5361 5362
f 5068 5362 5363
f 5068 5367 5067
f 5068 5363 5364
f 5068 5364 5365
f 5068 5365 5366
f 5068 5366 5367
f 5382 4942 5381
f 5383 4942 5382
f 5383 4943 4942
f 5384 4943 5383
f 5385 4943 5384
f 5386 4943 5385
f 5387 4943 5386
f 5388 4943 5387
f 5069 5359 5360
f 5069 5360 5068
f 5069 5351 5352
f 5069 5352 5353
f 5069 5353 5354
f 5069 5354 5355
f 5069 5355 5356
f 5069 5356 5357
f 5069 5357 5358
f 5069 5358 5359
f 5389 4943 5388
f 5389 4944 4943
f 5390 4944 5389
f 5391 4944 5390
f 5392 4944 5391
f 5393 4944 5392
f 5394 4944 5393
f 4945 4944 5394
f 5070 5351 5069
f 5070 5345 5346
f 5070 5346 5347
f 5070 5347 5348
f 5070 5348 5349
f 5070 5349 5350
f 5070 5350 5351
f 5395 4945 5394
f 5396 4945 5395
f 5397 4945 5396
f 5398 4945 5397
f 4946 4945 5398
f 5071 5340 5341
f 5071 5341 5342
f 5071 5342 5343
f 5071 5343 5344
f 5071 5344 5345
f 5071 5345 5070
f 5399 4946 5398
f 5400 4946 5399
f 5401 4946 5400
f 5402 4946 5401
f 4947 4946 5402
f 5072 5340 5071
f 5072 5336 5337
f 5072 5337 5338
f 5072 5338 5339
f 5072 5339 5340
f 5403 4947 5402
f 5404 4947 5403
f 5405 4947 5404
f 4948 4947 5405
f 5073 5336 5072
f 5073 5333 5334
f 5073 5334 5335
f 5073 5335 5336
f 5332 5333 5073
f 5406 4948 5405
f 5407 4948 5406
f 5408 4948 5407
f 4949 4948 5408
f 5074 5332 5073
f 5074 5329 5330
f 5074 5330 5331
f 5074 5331 5332
f 5409 4949 5408
f 5410 4949 5409
f 5411 4949 5410
f 4950 4949 5411
f 5075 5326 5327
f 5075 5327 5328
f 5075 5328 5329
f 5075 5329 5074
f 5412 4950 5411
f 5413 4950 5412
f 5414 4950 5413
f 4951 4950 5414
f 5076 5324 5325
f 5076 5325 5326
f 5076 5326 5075
f 5323 5324 5076
f 5415 4951 5414
f 5416 4951 5415
f 5417 4951 5416
f 4952 4951 5417
f 5077 5321 5322
f 5077 5322 5323
f 5077 5323 5076
f 5320 5321 5077
f 5418 4952 5417
f 5419 4952 5418
f 4953 4952 5419
f 5078 5320 5077
f 5078 5318 5319
f 5078 5319 5320
f 5420 4953 5419
f 5317 5318 5078
f 5421 4953 5420
f 5422 4953 5421
f 4954 4953 5422
f 5079 5317 5078
f 5079 5315 5316
f 5079 5316 5317
f 5423 4954 5422
f 5314 5315 5079
f 5424 4954 5423
f 5425 4954 5424
f 5426 4954 5425
f 4955 4954 5426
f 5080 5314 5079
f 5080 5312 5313
f 5080 5313 5314
f 5427 4955 5426
f 5428 4955 5427
f 5429 4955 5428
f 4956 4955 5429
f 5081 5312 5080
f 5081 5310 5311
f 5081 5311 5312
f 5309 5310 5081
f 5430 4956 5429
f 5431 4956 5430
f 5432 4956 5431
f 5433 4956 5432
f 4957 4956 5433
f 5082 5307 5308
f 5082 5308 5309
f 5082 5309 5081
f 5306 5307 5082
f 5434 4957 5433
f 5435 4957 5434
f 5436 4957 5435
f 5437 4957 5436
f 5438 4957 5437
f 4958 4957 5438
f 5083 5306 5082
f 5083 5303 5304
f 5083 5304 5305
f 5083 5305 5306
f 5439 4958 5438
f 5440 4958 5439
f 5441 4958 5440
f 5442 4958 5441
f 5443 4958 5442
f 5084 5303 5083
f 5084 5300 5301
f 5084 5301 5302
f 5084 5302 5303
f 5444 4959 4958
f 5444 4958 5443
f 5445 4959 5444
f 5446 4959 5445
f 5447 4959 5446
f 5448 4959 5447
f 5449 4959 5448
f 5450 4959 5449
f 5451 4959 5450
f 5085 5300 5084
f 5085 5296 5297
f 5085 5297 5298
f 5085 5298 5299
f 5085 5299 5300
f 5452 4959 5451
f 5453 4959 5452
f 5454 4960 4959
f 5454 4959 5453
f 5455 4960 5454
f 5456 4960 5455
f 5457 4960 5456
f 5458 4960 5457
f 5459 4960 5458
f 5460 4960 5459
f 5285 4960 5460
f 4961 4960 5285
f 5086 5290 5291
f 5086 5291 5292
f 5086 5292 5293
f 5086 5293 5294
f 5086 5294 5295
f 5086 5295 5296
f 5086 5296 5085
f 5087 5285 5286
f 5087 5286 5287
f 5087 5287 5288
f 5087 5288 5289
f 5087 5289 5290
f 5087 5290 5086
f 5088 4961 5285
f 5088 5285 5087
f 5089 4961 5088
f 5089 4962 4961
f 5090 4962 5089
f 5090 4963 4962
f 5091 4964 4963
f 5091 4965 4964
f 5091 4963 5090
f 5092 4965 5091
f 5093 4966 4965
f 5093 4965 5092
f 5094 4967 4966
f 5094 4966 5093
f 5095 4968 4967
f 5095 4969 4968
f 5095 4967 5094
f 5096 4969 5095
f 5097 4970 4969
f 5097 4971 4970
f 5097 4969 5096
f 5098 4971 5097
f 5099 4972 4971
f 5099 4971 5098
f 5100 4973 4972
f 5100 4972 5099
f 5101 4974 4973
f 5101 4973 5100
f 5102 4975 4974
f 5102 4974 5101
f 5103 4976 4975
f 5103 4977 4976
f 5103 4975 5102
f 5104 4977 5103
f 5105 4978 4977
f 5105 4977 5104
f 5106 4979 4978
f 5106 4978 5105
f 5107 4980 4979
f 5107 4979 5106
f 5108 4981 4980
f 5108 4980 5107
f 4983 4981 5108
f 4983 4982 4981
f 5665 5540 5539
f 5665 5666 5540
f 5667 5541 5540
f 5667 5540 5666
f 5664 5665 5539
f 5664 5538 5537
f 5664 5539 5538
f 5668 5541 5667
f 5668 5542 5541
f 5663 5664 5537
f 5663 5537 5536
f 5669 5542 5668
f 5669 5543 5542
f 5662 5663 5536
f 5662 5536 5535
f 5670 5543 5669
f 5670 5544 5543
f 5661 5662 5535
f 5671 5544 5670
f 5671 5545 5544
f 5660 5661 5535
f 5660 5534 5533
f 5660 5535 5534
f 5672 5545 5671
f 5672 5546 5545
f 5659 5660 5533
f 5673 5546 5672
f 5673 5547 5546
f 5658 5533 5532
f 5658 5659 5533
f 5674 5547 5673
f 5674 5548 5547
f 5674 5549 5548
f 5657 5658 5532
f 5657 5532 5531
f 5675 5549 5674
f 5656 5657 5531
f 5656 5530 5529
f 5656 5531 5530
f 5676 5549 5675
f 5676 5550 5549
f 5676 5551 5550
f 5655 5656 5529
f 5677 5551 5676
f 5654 5529 5528
f 5654 5655 5529
f 5678 5551 5677
f 5678 5552 5551
f 5678 5553 5552
f 5653 5528 5527
f 5653 5654 5528
f 5679 5553 5678
f 5679 5554 5553
f 5652 5653 5527
f 5652 5526 5525
f 5652 5527 5526
f 5680 5554 5679
f 5680 5555 5554
f 5651 5652 5525
f 5651 5525 5524
f 5681 5555 5680
f 5650 5651 5524
f 5682 5555 5681
f 5682 5556 5555
f 5649 5523 5522
f 5649 5524 5523
f 5649 5650 5524
f 5683 5557 5556
f 5683 5558 5557
f 5683 5556 5682
f 5648 5522 5521
f 5648 5649 5522
f 5684 5558 5683
f 5647 5648 5521
f 5685 5558 5684
f 5685 5559 5558
f 5646 5647 5521
f 5646 5521 5520
f 5686 5559 5685
f 5686 5560 5559
f 5645 5646 5520
f 5645 5519 5518
f 5645 5520 5519
f 5687 5560 5686
f 5687 5561 5560
f 5644 5645 5518
f 5688 5562 5561
f 5688 5561 5687
f 5643 5518 5517
f 5643 5644 5518
f 5689 5563 5562
f 5689 5564 5563
f 5689 5562 5688
f 5642 5643 5517
f 5642 5517 5516
f 5690 5565 5564
f 5690 5564 5689
f 5641 5642 5516
f 5641 5516 5515
f 5691 5565 5690
f 5640 5515 5514
f 5640 5641 5515
f 5692 5566 5565
f 5692 5565 5691
f 5639 5514 5513
f 5639 5640 5514
f 5693 5567 5566
f 5693 5566 5692
f 5638 5512 5511
f 5638 5513 5512
f 5638 5639 5513
f 5694 5568 5567
f 5694 5567 5693
f 5637 5638 5511
f 5695 5569 5568
f 5695 5568 5694
f 5570 5569 5695
f 5636 5511 5510
f 5636 5637 5511
f 5696 5570 5695
f 5635 5510 5509
f 5635 5636 5510
f 5697 5571 5570
f 5697 5570 5696
f 5508 5634 5635
f 5508 5635 5509
f 5698 5571 5697
f 5572 5571 5698
f 5507 5634 5508
f 5507 5633 5634
f 5632 5633 5507
f 5573 5572 5698
f 5573 5698 5699
f 5700 5573 5699
f 5506 5632 5507
f 5574 5573 5700
f 5505 5632 5506
f 5505 5631 5632
f 5575 5574 5700
f 5575 5700 5701
f 5504 5631 5505
f 5504 5630 5631
f 5576 5701 5702
f 5576 5575 5701
f 5503 5630 5504
f 5503 5629 5630
f 5577 5576 5702
f 5577 5702 5703
f 5577 5703 5704
f 5502 5629 5503
f 5502 5628 5629
f 5578 5577 5704
f 5501 5627 5628
f 5501 5628 5502
f 5579 5578 5704
f 5579 5704 5705
f 5579 5705 5706
f 5500 5625 5626
f 5500 5626 5627
f 5500 5627 5501
f 5580 5706 5707
f 5580 5579 5706
f 5499 5625 5500
f 5581 5580 5707
f 5498 5623 5624
f 5498 5624 5625
f 5498 5625 5499
f 5582 5707 5708
f 5582 5581 5707
f 5497 5623 5498
f 5583 5582 5708
f 5583 5708 5709
f 5583 5709 5710
f 5496 5623 5497
f 5496 5621 5622
f 5496 5622 5623
f 5584 5710 5711
f 5584 5583 5710
f 5495 5621 5496
f 5495 5620 5621
f 5585 5584 5711
f 5494 5620 5495
f 5586 5711 5712
f 5586 5585 5711
f 5493 5620 5494
f 5493 5619 5620
f 5461 5586 5712
f 5461 5712 5587
f 5492 5617 5618
f 5492 5618 5619
f 5492 5619 5493
f 5462 5587 5588
f 5462 5588 5589
f 5462 5461 5587
f 5491 5616 5617
f 5491 5617 5492
f 5463 5589 5590
f 5463 5462 5589
f 5490 5616 5491
f 5464 5463 5590
f 5489 5614 5615
f 5489 5615 5616
f 5489 5616 5490
f 5465 5590 5591
f 5465 5464 5590
f 5488 5614 5489
f 5466 5591 5592
f 5466 5465 5591
f 5487 5614 5488
f 5487 5613 5614
f 5467 5592 5593
f 5467 5466 5592
f 5486 5613 5487
f 5486 5612 5613
f 5468 5593 5594
f 5468 5594 5595
f 5468 5467 5593
f 5485 5612 5486
f 5485 5610 5611
f 5485 5611 5612
f 5469 5468 5595
f 5484 5610 5485
f 5470 5595 5596
f 5470 5469 5595
f 5483 5610 5484
f 5483 5609 5610
f 5471 5596 5597
f 5471 5470 5596
f 5482 5609 5483
f 5482 5607 5608
f 5482 5608 5609
f 5472 5471 5597
f 5472 5597 5598
f 5472 5598 5599
f 5481 5607 5482
f 5473 5472 5599
f 5480 5607 5481
f 5480 5606 5607
f 5474 5473 5599
f 5474 5599 5600
f 5474 5600 5601
f 5479 5606 5480
f 5479 5605 5606
f 5475 5474 5601
f 5478 5604 5605
f 5478 5605 5479
f 5476 5601 5602
f 5476 5475 5601
f 5477 5602 5603
f 5477 5603 5604
f 5477 5604 5478
f 5477 5476 5602
f 5917 5791 5792
f 5917 5792 5918
f 5919 5792 5793
f 5919 5918 5792
f 5916 5791 5917
f 5916 5790 5791
f 5920 5919 5793
f 5920 5793 5794
f 5915 5790 5916
f 5915 5789 5790
f 5921 5920 5794
f 5921 5794 5795
f 5914 5789 5915
f 5914 5787 5788
f 5914 5788 5789
f 5922 5921 5795
f 5922 5795 5796
f 5913 5787 5914
f 5923 5796 5797
f 5923 5922 5796
f 5912 5785 5786
f 5912 5786 5787
f 5912 5787 5913
f 5924 5923 5797
f 5924 5797 5798
f 5911 5785 5912
f 5925 5924 5798
f 5925 5798 5799
f 5910 5785 5911
f 5910 5784 5785
f 5926 5925 5799
f 5926 5799 5800
f 5926 5800 5801
f 5909 5784 5910
f 5909 5783 5784
f 5927 5926 5801
f 5908 5783 5909
f 5908 5782 5783
f 5928 5927 5801
f 5928 5801 5802
f 5907 5782 5908
f 5907 5781 5782
f 5929 5928 5802
f 5929 5802 5803
f 5906 5780 5781
f 5906 5781 5907
f 5930 5803 5804
f 5930 5929 5803
f 5905 5780 5906
f 5905 5779 5780
f 5931 5930 5804
f 5931 5804 5805
f 5931 5805 5806
f 5904 5779 5905
f 5904 5778 5779
f 5932 5931 5806
f 5932 5806 5807
f 5903 5777 5778
f 5903 5778 5904
f 5933 5932 5807
f 5902 5776 5777
f 5902 5777 5903
f 5934 5933 5807
f 5934 5807 5808
f 5901 5775 5776
f 5901 5776 5902
f 5935 5808 5809
f 5935 5809 5810
f 5935 5934 5808
f 5900 5775 5901
f 5900 5773 5774
f 5900 5774 5775
f 5936 5935 5810
f 5899 5773 5900
f 5937 5936 5810
f 5937 5810 5811
f 5898 5773 5899
f 5898 5772 5773
f 5938 5937 5811
f 5938 5811 5812
f 5897 5772 5898
f 5897 5771 5772
f 5939 5938 5812
f 5939 5812 5813
f 5896 5770 5771
f 5896 5771 5897
f 5940 5813 5814
f 5940 5939 5813
f 5895 5770 5896
f 5895 5769 5770
f 5941 5814 5815
f 5941 5940 5814
f 5894 5769 5895
f 5894 5768 5769
f 5942 5815 5816
f 5942 5941 5815
f 5893 5768 5894
f 5893 5767 5768
f 5943 5816 5817
f 5943 5942 5816
f 5892 5766 5767
f 5892 5767 5893
f 5944 5817 5818
f 5944 5943 5817
f 5891 5765 5766
f 5891 5766 5892
f 5945 5818 5819
f 5945 5944 5818
f 5890 5764 5765
f 5890 5765 5891
f 5946 5819 5820
f 5946 5820 5821
f 5946 5945 5819
f 5889 5763 5764
f 5889 5764 5890
f 5947 5946 5821
f 5888 5762 5763
f 5888 5763 5889
f 5948 5821 5822
f 5948 5947 5821
f 5887 5761 5762
f 5887 5762 5888
f 5949 5822 5823
f 5949 5948 5822
f 5760 5887 5886
f 5760 5761 5887
f 5950 5949 5823
f 5824 5950 5823
f 5759 5760 5886
f 5759 5886 5885
f 5884 5759 5885
f 5825 5950 5824
f 5825 5951 5950
f 5758 5759 5884
f 5758 5884 5883
f 5826 5951 5825
f 5826 5952 5951
f 5757 5758 5883
f 5757 5883 5882
f 5827 5952 5826
f 5827 5953 5952
f 5756 5757 5882
f 5828 5954 5953
f 5828 5953 5827
f 5755 5756 5882
f 5755 5882 5881
f 5829 5954 5828
f 5829 5955 5954
f 5829 5956 5955
f 5754 5755 5881
f 5754 5881 5880
f 5830 5956 5829
f 5830 5957 5956
f 5753 5880 5879
f 5753 5754 5880
f 5831 5958 5957
f 5831 5957 5830
f 5752 5878 5877
f 5752 5879 5878
f 5752 5753 5879
f 5832 5958 5831
f 5751 5752 5877
f 5833 5959 5958
f 5833 5958 5832
f 5750 5876 5875
f 5750 5877 5876
f 5750 5751 5877
f 5834 5960 5959
f 5834 5959 5833
f 5749 5750 5875
f 5835 5960 5834
f 5835 5961 5960
f 5748 5874 5873
f 5748 5875 5874
f 5748 5749 5875
f 5836 5962 5961
f 5836 5963 5962
f 5836 5961 5835
f 5747 5748 5873
f 5837 5963 5836
f 5746 5747 5873
f 5746 5872 5871
f 5746 5873 5872
f 5838 5963 5837
f 5838 5964 5963
f 5745 5746 5871
f 5713 5839 5964
f 5713 5964 5838
f 5744 5870 5869
f 5744 5871 5870
f 5744 5745 5871
f 5714 5840 5839
f 5714 5839 5713
f 5743 5744 5869
f 5715 5841 5840
f 5715 5840 5714
f 5742 5869 5868
f 5742 5743 5869
f 5716 5842 5841
f 5716 5841 5715
f 5741 5867 5866
f 5741 5868 5867
f 5741 5742 5868
f 5717 5843 5842
f 5717 5842 5716
f 5740 5741 5866
f 5718 5844 5843
f 5718 5845 5844
f 5718 5843 5717
f 5739 5865 5864
f 5739 5866 5865
f 5739 5740 5866
f 5719 5846 5845
f 5719 5845 5718
f 5738 5739 5864
f 5720 5846 5719
f 5737 5738 5864
f 5737 5863 5862
f 5737 5864 5863
f 5721 5846 5720
f 5721 5847 5846
f 5736 5737 5862
f 5722 5848 5847
f 5722 5847 5721
f 5735 5736 5862
f 5735 5861 5860
f 5735 5862 5861
f 5723 5849 5848
f 5723 5850 5849
f 5723 5848 5722
f 5734 5735 5860
f 5724 5851 5850
f 5724 5850 5723
f 5733 5734 5860
f 5733 5860 5859
f 5725 5851 5724
f 5732 5733 5859
f 5732 5858 5857
f 5732 5859 5858
f 5726 5851 5725
f 5726 5852 5851
f 5731 5732 5857
f 5727 5852 5726
f 5727 5853 5852
f 5730 5731 5857
f 5730 5857 5856
f 5728 5854 5853
f 5728 5853 5727
f 5729 5855 5854
f 5729 5856 5855
f 5729 5854 5728
f 5729 5730 5856
f 6041 6043 6042
f 6048 6046 6045
f 6048 6047 6046
f 6039 6043 6041
f 6039 6041 6040
f 6049 6048 6045
f 6049 6045 6044
f 6037 6043 6039
f 6037 6039 6038
f 6037 6044 6043
f 6052 6051 6050
f 6035 6044 6037
f 6035 6049 6044
f 6035 6037 6036
f 6053 6052 6050
f 6054 6053 6050
f 6054 6050 6049
f 6033 6049 6035
f 6033 6035 6034
f 6056 6055 6054
f 6057 6054 6049
f 6057 6056 6054
f 6030 6032 6031
f 6030 6033 6032
f 6028 6030 6029
f 6060 6059 6058
f 6027 6033 6030
f 6027 6030 6028
f 6024 6026 6025
f 6024 6027 6026
f 6064 6063 6062
f 6023 6027 6024
f 6065 6064 6062
f 6065 6058 6057
f 6065 6060 6058
f 6065 6061 6060
f 6065 6062 6061
f 6021 6023 6022
f 6067 6066 6065
f 6020 6023 6021
f 6019 6027 6023
f 6019 6023 6020
f 6019 6049 6033
f 6019 6033 6027
f 6069 6068 6067
f 6069 6065 6057
f 6069 6067 6065
f 6017 6019 6018
f 6072 6071 6070
f 6073 6070 6069
f 6073 6072 6070
f 6074 6073 6069
f 6013 6015 6014
f 6013 6016 6015
f 6076 6075 6074
f 6076 6074 6069
f 6011 6013 6012
f 6010 6013 6011
f 6009 6013 6010
f 6079 6078 6077
f 6080 6079 6077
f 6007 6019 6017
f 6007 6009 6008
f 6007 6016 6013
f 6007 6017 6016
f 6007 6013 6009
f 6081 6080 6077
f 6083 6082 6081
f 6083 6081 6077
f 6004 6049 6019
f 6004 6006 6005
f 6004 6007 6006
f 6004 6019 6007
f 6004 6057 6049
f 6084 6083 6077
f 6087 6086 6085
f 6088 6087 6085
f 5999 6001 6000
f 6089 6088 6085
f 5998 6001 5999
f 5998 6002 6001
f 6090 6085 6084
f 6090 6084 6077
f 6090 6089 6085
f 5997 6003 6002
f 5997 6002 5998
f 5968 5966 5965
f 5968 5967 5966
f 5993 5995 5994
f 5993 5996 5995
f 5969 5968 5965
f 5969 5965 6090
f 5992 5996 5993
f 5992 5997 5996
f 5991 5997 5992
f 5971 5970 5969
f 5971 6077 6076
f 5971 6090 6077
f 5971 5969 6090
f 5971 6076 6069
f 5973 5972 5971
f 5988 5990 5989
f 5988 5991 5990
f 5975 5974 5973
f 5985 5987 5986
f 5985 5988 5987
f 5977 6069 6057
f 5977 5976 5975
f 5977 5973 5971
f 5977 5971 6069
f 5977 5975 5973
f 5983 5985 5984
f 5983 5997 5991
f 5983 5988 5985
f 5983 5991 5988
f 5980 5979 5978
f 5981 5978 5977
f 5981 6003 5997
f 5981 5983 5982
f 5981 6004 6003
f 5981 5997 5983
f 5981 5977 6057
f 5981 5980 5978
f 5981 6057 6004
f 6093 6219 6220
f 6094 6093 6220
f 6094 6220 6221
f 6095 6094 6221
f 6095 6221 6222
f 6096 6095 6222
f 6096 6222 6223
f 6097 6096 6223
f 6097 6223 6224
f 6098 6097 6224
f 6098 6224 6225
f 6099 6098 6225
f 6099 6225 6226
f 6100 6226 6227
f 6100 6099 6226
f 6101 6227 6228
f 6101 6100 6227
f 6102 6228 6229
f 6102 6101 6228
f 6103 6229 6230
f 6103 6230 6231
f 6103 6102 6229
f 6104 6231 6232
f 6104 6103 6231
f 6105 6232 6233
f 6105 6104 6232
f 6106 6233 6234
f 6106 6105 6233
f 6107 6234 6235
f 6107 6106 6234
f 6108 6235 6236
f 6108 6107 6235
f 6109 6236 6237
f 6109 6108 6236
f 6110 6237 6238
f 6110 6109 6237
f 6111 6238 6239
f 6111 6110 6238
f 6112 6239 6240
f 6112 6111 6239
f 6113 6240 6241
f 6113 6112 6240
f 6114 6241 6242
f 6114 6113 6241
f 6115 6242 6243
f 6115 6114 6242
f 6116 6243 6244
f 6116 6244 6245
f 6116 6115 6243
f 6117 6116 6245
f 6117 6245 6246
f 6118 6117 6246
f 6118 6246 6247
f 6119 6118 6247
f 6119 6247 6248
f 6120 6119 6248
f 6120 6248 6249
f 6121 6120 6249
f 6121 6249 6250
f 6122 6121 6250
f 6122 6250 6251
f 6122 6251 6252
f 6123 6122 6252
f 6123 6252 6253
f 6124 6123 6253
f 6124 6253 6254
f 6125 6124 6254
f 6125 6254 6255
f 6126 6125 6255
f 6126 6255 6256
f 6126 6256 6257
f 6127 6126 6257
f 6127 6257 6258
f 6128 6127 6258
f 6128 6258 6259
f 6129 6128 6259
f 6129 6259 6260
f 6130 6129 6260
f 6130 6260 6261
f 6131 6130 6261
f 6131 6261 6262
f 6131 6262 6263
f 6132 6263 6264
f 6132 6131 6263
f 6133 6264 6265
f 6133 6132 6264
f 6134 6265 6266
f 6134 6266 6267
f 6134 6133 6265
f 6135 6267 6268
f 6135 6134 6267
f 6136 6268 6269
f 6136 6269 6270
f 6136 6135 6268
f 6137 6270 6271
f 6137 6136 6270
f 6138 6137 6271
f 6138 6271 6272
f 6139 6138 6272
f 6139 6272 6273
f 6139 6273 6274
f 6140 6139 6274
f 6140 6274 6275
f 6141 6140 6275
f 6141 6275 6276
f 6141 6276 6277
f 6142 6141 6277
f 6142 6277 6278
f 6142 6278 6279
f 6143 6142 6279
f 6143 6279 6280
f 6144 6143 6280
f 6144 6280 6281
f 6144 6281 6282
f 6145 6144 6282
f 6145 6282 6283
f 6146 6145 6283
f 6146 6283 6284
f 6146 6284 6285
f 6147 6146 6285
f 6147 6285 6286
f 6147 6286 6287
f 6148 6147 6287
f 6148 6287 6288
f 6149 6148 6288
f 6149 6288 6289
f 6149 6289 6290
f 6150 6149 6290
f 6150 6290 6291
f 6150 6291 6292
f 6151 6292 6293
f 6151 6150 6292
f 6152 6293 6294
f 6152 6294 6295
f 6152 6151 6293
f 6153 6295 6296
f 6153 6296 6297
f 6153 6152 6295
f 6154 6297 6298
f 6154 6153 6297
f 6155 6298 6299
f 6155 6299 6300
f 6155 6154 6298
f 6156 6300 6301
f 6156 6301 6302
f 6156 6155 6300
f 6157 6302 6303
f 6157 6303 6304
f 6157 6156 6302
f 6158 6157 6304
f 6158 6304 6305
f 6159 6305 6306
f 6159 6306 6307
f 6159 6158 6305
f 6160 6307 6308
f 6160 6159 6307
f 6160 6308 6309
f 6161 6160 6309
f 6161 6309 6310
f 6162 6310 6311
f 6162 6311 6312
f 6162 6161 6310
f 6163 6162 6312
f 6163 6312 6313
f 6163 6313 6314
f 6164 6314 6315
f 6164 6163 6314
f 6165 6164 6315
f 6165 6315 6316
f 6165 6316 6317
f 6166 6317 6318
f 6166 6318 6319
f 6166 6165 6317
f 6167 6319 6320
f 6167 6166 6319
f 6168 6320 6321
f 6168 6321 6322
f 6168 6167 6320
f 6169 6322 6323
f 6169 6168 6322
f 6170 6323 6324
f 6170 6324 6325
f 6170 6169 6323
f 6171 6170 6325
f 6171 6325 6326
f 6172 6326 6327
f 6172 6327 6328
f 6172 6171 6326
f 6173 6328 6329
f 6173 6329 6330
f 6173 6172 6328
f 6174 6330 6331
f 6174 6173 6330
f 6175 6331 6332
f 6175 6174 6331
f 6176 6332 6333
f 6176 6333 6334
f 6176 6175 6332
f 6177 6176 6334
f 6177 6334 6335
f 6178 6177 6335
f 6178 6335 6336
f 6178 6336 6337
f 6179 6178 6337
f 6179 6337 6338
f 6180 6179 6338
f 6180 6338 6339
f 6181 6180 6339
f 6181 6339 6340
f 6181 6340 6341
f 6182 6181 6341
f 6182 6341 6342
f 6183 6182 6342
f 6183 6342 6343
f 6184 6183 6343
f 6184 6343 6344
f 6185 6184 6344
f 6185 6344 6345
f 6186 6185 6345
f 6186 6345 6346
f 6186 6346 6347
f 6187 6186 6347
f 6187 6347 6348
f 6188 6187 6348
f 6188 6348 6349
f 6189 6349 6350
f 6189 6188 6349
f 6190 6350 6351
f 6190 6351 6352
f 6190 6189 6350
f 6191 6352 6353
f 6191 6190 6352
f 6192 6353 6354
f 6192 6191 6353
f 6193 6354 6355
f 6193 6192 6354
f 6194 6355 6356
f 6194 6356 6357
f 6194 6193 6355
f 6195 6357 6358
f 6195 6194 6357
f 6196 6358 6359
f 6196 6195 6358
f 6197 6359 6360
f 6197 6360 6361
f 6197 6196 6359
f 6198 6361 6362
f 6198 6197 6361
f 6199 6198 6362
f 6199 6362 6363
f 6200 6199 6363
f 6200 6363 6364
f 6200 6364 6365
f 6201 6200 6365
f 6201 6365 6366
f 6202 6201 6366
f 6202 6366 6367
f 6202 6367 6368
f 6203 6202 6368
f 6203 6368 6369
f 6204 6203 6369
f 6204 6369 6370
f 6204 6370 6371
f 6205 6204 6371
f 6205 6371 6372
f 6206 6205 6372
f 6206 6372 6373
f 6206 6373 6374
f 6207 6206 6374
f 6207 6374 6375
f 6207 6375 6376
f 6208 6207 6376
f 6208 6376 6377
f 6209 6208 6377
f 6209 6377 6378
f 6209 6378 6379
f 6210 6209 6379
f 6210 6379 6380
f 6211 6210 6380
f 6211 6380 6381
f 6211 6381 6382
f 6212 6211 6382
f 6212 6382 6383
f 6212 6383 6384
f 6213 6212 6384
f 6213 6384 6385
f 6214 6213 6385
f 6214 6385 6386
f 6214 6386 6387
f 6215 6214 6387
f 6215 6387 6388
f 6215 6388 6389
f 6216 6215 6389
f 6216 6389 6390
f 6216 6390 6391
f 6217 6216 6391
f 6217 6391 6392
f 6218 6393 6394
f 6218 6217 6392
f 6218 6392 6393
f 6092 6394 6091
f 6092 6218 6394
f 6396 6395 6572
f 6396 6572 6573
f 6397 6396 6573
f 6397 6573 6574
f 6398 6397 6574
f 6398 6574 6575
f 6399 6398 6575
f 6399 6575 6576
f 6400 6399 6576
f 6400 6576 6577
f 6401 6400 6577
f 6401 6577 6578
f 6402 6401 6578
f 6402 6578 6579
f 6403 6402 6579
f 6403 6579 6580
f 6404 6403 6580
f 6404 6580 6581
f 6405 6404 6581
f 6405 6581 6582
f 6406 6405 6582
f 6407 6406 6582
f 6407 6582 6583
f 6408 6407 6583
f 6408 6583 6584
f 6409 6408 6584
f 6409 6584 6585
f 6410 6409 6585
f 6410 6585 6586
f 6411 6410 6586
f 6411 6586 6587
f 6412 6411 6587
f 6412 6587 6588
f 6413 6412 6588
f 6413 6588 6589
f 6414 6413 6589
f 6414 6589 6590
f 6415 6414 6590
f 6415 6590 6591
f 6416 6415 6591
f 6416 6591 6592
f 6417 6416 6592
f 6417 6592 6593
f 6418 6417 6593
f 6418 6593 6594
f 6419 6594 6595
f 6419 6418 6594
f 6420 6419 6595
f 6421 6420 6595
f 6421 6595 6596
f 6422 6596 6597
f 6422 6421 6596
f 6423 6597 6598
f 6423 6422 6597
f 6424 6598 6599
f 6424 6423 6598
f 6425 6599 6600
f 6425 6424 6599
f 6426 6600 6601
f 6426 6425 6600
f 6427 6426 6601
f 6428 6601 6602
f 6428 6427 6601
f 6429 6602 6603
f 6429 6428 6602
f 6430 6603 6604
f 6430 6429 6603
f 6431 6604 6605
f 6431 6430 6604
f 6432 6431 6605
f 6433 6605 6606
f 6433 6432 6605
f 6434 6606 6607
f 6434 6433 6606
f 6435 6607 6608
f 6435 6434 6607
f 6436 6608 6609
f 6436 6435 6608
f 6437 6609 6610
f 6437 6436 6609
f 6438 6437 6610
f 6439 6610 6611
f 6439 6438 6610
f 6440 6611 6612
f 6440 6439 6611
f 6441 6612 6613
f 6441 6440 6612
f 6442 6441 6613
f 6443 6613 6614
f 6443 6442 6613
f 6444 6614 6615
f 6444 6443 6614
f 6445 6444 6615
f 6446 6615 6616
f 6446 6445 6615
f 6447 6616 6617
f 6447 6446 6616
f 6448 6447 6617
f 6448 6617 6618
f 6449 6448 6618
f 6450 6449 6618
f 6450 6618 6619
f 6451 6450 6619
f 6451 6619 6620
f 6452 6451 6620
f 6453 6452 6620
f 6453 6620 6621
f 6454 6453 6621
f 6455 6621 6622
f 6455 6454 6621
f 6456 6622 6623
f 6456 6455 6622
f 6457 6456 6623
f 6458 6623 6624
f 6458 6457 6623
f 6459 6624 6625
f 6459 6458 6624
f 6460 6459 6625
f 6461 6625 6626
f 6461 6460 6625
f 6462 6461 6626
f 6463 6626 6627
f 6463 6462 6626
f 6464 6627 6628
f 6464 6463 6627
f 6465 6464 6628
f 6466 6628 6629
f 6466 6465 6628
f 6467 6466 6629
f 6468 6629 6630
f 6468 6467 6629
f 6469 6630 6631
f 6469 6468 6630
f 6470 6469 6631
f 6471 6631 6632
f 6471 6470 6631
f 6472 6471 6632
f 6473 6632 6633
f 6473 6472 6632
f 6474 6633 6634
f 6474 6473 6633
f 6475 6474 6634
f 6476 6634 6635
f 6476 6475 6634
f 6477 6476 6635
f 6478 6635 6636
f 6478 6477 6635
f 6479 6478 6636
f 6480 6479 6636
f 6480 6636 6637
f 6481 6480 6637
f 6481 6637 6638
f 6482 6481 6638
f 6483 6482 6638
f 6483 6638 6639
f 6484 6483 6639
f 6485 6484 6639
f 6485 6639 6640
f 6486 6485 6640
f 6486 6640 6641
f 6487 6486 6641
f 6488 6487 6641
f 6488 6641 6642
f 6489 6488 6642
f 6490 6489 6642
f 6490 6642 6643
f 6491 6490 6643
f 6491 6643 6644
f 6492 6491 6644
f 6493 6492 6644
f 6493 6644 6645
f 6494 6493 6645
f 6495 6645 6646
f 6495 6494 6645
f 6496 6646 6647
f 6496 6495 6646
f 6497 6496 6647
f 6498 6647 6648
f 6498 6497 6647
f 6499 6648 6649
f 6499 6498 6648
f 6500 6499 6649
f 6501 6649 6650
f 6501 6500 6649
f 6502 6650 6651
f 6502 6501 6650
f 6503 6502 6651
f 6504 6651 6652
f 6504 6503 6651
f 6505 6504 6652
f 6506 6652 6653
f 6506 6505 6652
f 6507 6653 6654
f 6507 6506 6653
f 6508 6654 6655
f 6508 6507 6654
f 6509 6508 6655
f 6510 6509 6655
f 6510 6655 6656
f 6511 6510 6656
f 6511 6656 6657
f 6512 6511 6657
f 6513 6512 6657
f 6513 6657 6658
f 6514 6513 6658
f 6514 6658 6659
f 6515 6514 6659
f 6515 6659 6660
f 6516 6515 6660
f 6517 6516 6660
f 6517 6660 6661
f 6518 6517 6661
f 6518 6661 6662
f 6519 6518 6662
f 6519 6662 6663
f 6520 6519 6663
f 6520 6663 6664
f 6521 6520 6664
f 6521 6664 6665
f 6522 6521 6665
f 6523 6522 6665
f 6523 6665 6666
f 6524 6523 6666
f 6524 6666 6667
f 6525 6524 6667
f 6525 6667 6668
f 6526 6525 6668
f 6526 6668 6669
f 6527 6526 6669
f 6528 6527 6669
f 6528 6669 6670
f 6529 6528 6670
f 6529 6670 6671
f 6530 6529 6671
f 6530 6671 6672
f 6531 6672 6673
f 6531 6530 6672
f 6532 6531 6673
f 6533 6532 6673
f 6533 6673 6674
f 6534 6674 6675
f 6534 6533 6674
f 6535 6675 6676
f 6535 6534 6675
f 6536 6535 6676
f 6537 6676 6677
f 6537 6536 6676
f 6538 6677 6678
f 6538 6537 6677
f 6539 6538 6678
f 6539 6678 6679
f 6540 6539 6679
f 6541 6540 6679
f 6541 6679 6680
f 6542 6541 6680
f 6542 6680 6681
f 6543 6542 6681
f 6544 6543 6681
f 6544 6681 6682
f 6545 6544 6682
f 6545 6682 6683
f 6546 6545 6683
f 6547 6546 6683
f 6547 6683 6684
f 6548 6547 6684
f 6548 6684 6685
f 6549 6548 6685
f 6550 6549 6685
f 6550 6685 6686
f 6551 6550 6686
f 6552 6551 6686
f 6552 6686 6687
f 6553 6552 6687
f 6553 6687 6688
f 6554 6553 6688
f 6555 6554 6688
f 6555 6688 6689
f 6556 6555 6689
f 6556 6689 6690
f 6557 6556 6690
f 6558 6557 6690
f 6558 6690 6691
f 6559 6558 6691
f 6560 6559 6691
f 6560 6691 6692
f 6561 6560 6692
f 6561 6692 6693
f 6562 6561 6693
f 6563 6562 6693
f 6563 6693 6694
f 6564 6563 6694
f 6565 6564 6694
f 6565 6694 6695
f 6566 6565 6695
f 6567 6566 6695
f 6567 6695 6696
f 6568 6567 6696
f 6568 6696 6697
f 6569 6568 6697
f 6570 6697 6698
f 6570 6569 6697
f 6571 6570 6698
f 6700 6699 6826
f 6700 6826 6827
f 6701 6827 6828
f 6701 6700 6827
f 6702 6828 6829
f 6702 6701 6828
f 6703 6829 6830
f 6703 6702 6829
f 6704 6830 6831
f 6704 6703 6830
f 6705 6831 6832
f 6705 6832 6833
f 6705 6704 6831
f 6706 6833 6834
f 6706 6705 6833
f 6707 6706 6834
f 6708 6834 6835
f 6708 6835 6836
f 6708 6707 6834
f 6709 6836 6837
f 6709 6708 6836
f 6710 6709 6837
f 6711 6710 6837
f 6711 6837 6838
f 6711 6838 6839
f 6712 6711 6839
f 6713 6712 6839
f 6713 6839 6840
f 6714 6713 6840
f 6714 6840 6841
f 6714 6841 6842
f 6715 6714 6842
f 6716 6715 6842
f 6716 6842 6843
f 6717 6716 6843
f 6717 6843 6844
f 6718 6717 6844
f 6718 6844 6845
f 6719 6718 6845
f 6719 6845 6846
f 6720 6719 6846
f 6720 6846 6847
f 6721 6720 6847
f 6721 6847 6848
f 6722 6848 6849
f 6722 6721 6848
f 6723 6849 6850
f 6723 6722 6849
f 6724 6850 6851
f 6724 6723 6850
f 6725 6851 6852
f 6725 6724 6851
f 6726 6852 6853
f 6726 6725 6852
f 6727 6853 6854
f 6727 6726 6853
f 6728 6854 6855
f 6728 6727 6854
f 6729 6855 6856
f 6729 6728 6855
f 6730 6856 6857
f 6730 6729 6856
f 6731 6857 6858
f 6731 6730 6857
f 6732 6858 6859
f 6732 6731 6858
f 6733 6859 6860
f 6733 6732 6859
f 6734 6860 6861
f 6734 6733 6860
f 6735 6861 6862
f 6735 6862 6863
f 6735 6734 6861
f 6736 6735 6863
f 6737 6736 6863
f 6737 6863 6864
f 6738 6737 6864
f 6738 6864 6865
f 6738 6865 6866
f 6739 6738 6866
f 6739 6866 6867
f 6740 6739 6867
f 6741 6740 6867
f 6741 6867 6868
f 6742 6741 6868
f 6742 6868 6869
f 6743 6742 6869
f 6743 6869 6870
f 6744 6743 6870
f 6744 6870 6871
f 6745 6744 6871
f 6745 6871 6872
f 6746 6745 6872
f 6746 6872 6873
f 6746 6873 6874
f 6747 6746 6874
f 6748 6747 6874
f 6748 6874 6875
f 6749 6748 6875
f 6749 6875 6876
f 6750 6749 6876
f 6750 6876 6877
f 6751 6750 6877
f 6751 6877 6878
f 6752 6751 6878
f 6752 6878 6879
f 6753 6752 6879
f 6753 6879 6880
f 6753 6880 6881
f 6754 6753 6881
f 6755 6754 6881
f 6755 6881 6882
f 6755 6882 6883
f 6756 6883 6884
f 6756 6755 6883
f 6757 6756 6884
f 6758 6884 6885
f 6758 6757 6884
f 6759 6885 6886
f 6759 6886 6887
f 6759 6758 6885
f 6760 6759 6887
f 6761 6760 6887
f 6761 6887 6888
f 6762 6761 6888
f 6762 6888 6889
f 6763 6762 6889
f 6763 6889 6890
f 6764 6763 6890
f 6764 6890 6891
f 6765 6764 6891
f 6765 6891 6892
f 6766 6765 6892
f 6766 6892 6893
f 6767 6766 6893
f 6767 6893 6894
f 6768 6767 6894
f 6768 6894 6895
f 6768 6895 6896
f 6769 6768 6896
f 6770 6769 6896
f 6770 6896 6897
f 6771 6770 6897
f 6771 6897 6898
f 6772 6771 6898
f 6772 6898 6899
f 6773 6772 6899
f 6773 6899 6900
f 6774 6900 6901
f 6774 6773 6900
f 6775 6901 6902
f 6775 6902 6903
f 6775 6774 6901
f 6776 6775 6903
f 6777 6903 6904
f 6777 6904 6905
f 6777 6776 6903
f 6778 6777 6905
f 6779 6905 6906
f 6779 6778 6905
f 6780 6906 6907
f 6780 6779 6906
f 6781 6907 6908
f 6781 6908 6909
f 6781 6780 6907
f 6782 6781 6909
f 6783 6909 6910
f 6783 6782 6909
f 6784 6910 6911
f 6784 6783 6910
f 6785 6911 6912
f 6785 6912 6913
f 6785 6784 6911
f 6786 6785 6913
f 6787 6786 6913
f 6787 6913 6914
f 6787 6914 6915
f 6788 6787 6915
f 6789 6788 6915
f 6789 6915 6916
f 6789 6916 6917
f 6790 6789 6917
f 6791 6917 6918
f 6791 6918 6919
f 6791 6790 6917
f 6792 6791 6919
f 6793 6919 6920
f 6793 6792 6919
f 6794 6920 6921
f 6794 6793 6920
f 6795 6921 6922
f 6795 6922 6923
f 6795 6794 6921
f 6796 6795 6923
f 6797 6923 6924
f 6797 6796 6923
f 6798 6924 6925
f 6798 6925 6926
f 6798 6797 6924
f 6799 6926 6927
f 6799 6798 6926
f 6800 6799 6927
f 6801 6927 6928
f 6801 6928 6929
f 6801 6800 6927
f 6802 6801 6929
f 6803 6929 6930
f 6803 6802 6929
f 6804 6930 6931
f 6804 6931 6932
f 6804 6803 6930
f 6805 6804 6932
f 6806 6932 6933
f 6806 6933 6934
f 6806 6805 6932
f 6807 6934 6935
f 6807 6806 6934
f 6808 6935 6936
f 6808 6807 6935
f 6809 6808 6936
f 6810 6936 6937
f 6810 6809 6936
f 6811 6810 6937
f 6811 6937 6938
f 6811 6938 6939
f 6812 6811 6939
f 6813 6939 6940
f 6813 6940 6941
f 6813 6812 6939
f 6814 6813 6941
f 6814 6941 6942
f 6815 6814 6942
f 6816 6815 6942
f 6816 6942 6943
f 6817 6816 6943
f 6817 6943 6944
f 6817 6944 6945
f 6818 6817 6945
f 6819 6818 6945
f 6819 6945 6946
f 6820 6819 6946
f 6820 6946 6947
f 6820 6947 6948
f 6821 6820 6948
f 6822 6821 6948
f 6822 6948 6949
f 6823 6822 6949
f 6823 6949 6950
f 6823 6950 6951
f 6824 6823 6951
f 6825 6951 6952
f 6825 6824 6951
f 7035 7032 7033
f 7035 7033 7034
f 7036 7032 7035
f 7036 7031 7032
f 7026 7031 7036
f 7026 7027 7028
f 7026 7028 7029
f 7026 7029 7030
f 7026 7030 7031
f 7038 7026 7036
f 7038 7036 7037
f 7025 7026 7038
f 7040 7038 7039
f 7041 7038 7040
f 7043 7038 7041
f 7043 7041 7042
f 7020 7021 7022
f 7020 7022 7023
f 7020 7023 7024
f 7020 7024 7025
f 7045 7025 7038
f 7045 7038 7043
f 7045 7020 7025
f 7045 7043 7044
f 7046 7020 7045
f 7016 7017 7018
f 7016 7018 7019
f 7016 7019 7020
f 7016 7020 7046
f 7049 7047 7048
f 7051 7049 7050
f 7051 7047 7049
f 7012 7013 7014
f 7012 7014 7015
f 7012 7015 7016
f 7011 7012 7016
f 7053 7047 7051
f 7053 7046 7047
f 7053 7051 7052
f 7054 7046 7053
f 7009 7010 7011
f 7009 7011 7016
f 7056 7054 7055
f 7007 7009 7016
f 7007 7008 7009
f 7007 7016 7046
f 7057 7054 7056
f 7005 7006 7007
f 7061 7057 7058
f 7061 7058 7059
f 7061 7059 7060
f 7061 7054 7057
f 7061 7046 7054
f 7002 7003 7004
f 7063 7061 7062
f 7063 7046 7061
f 7000 7002 7004
f 7000 7001 7002
f 7064 7046 7063
f 6999 7000 7004
f 6997 6998 6999
f 6997 6999 7004
f 7068 7066 7067
f 6995 6996 6997
f 7069 7064 7065
f 7069 7065 7066
f 7069 7046 7064
f 7069 7066 7068
f 7072 7070 7071
f 7073 7069 7070
f 7073 7007 7046
f 7073 7046 7069
f 7073 7070 7072
f 6990 6991 6992
f 6990 6992 6993
f 6989 6990 6993
f 6989 6993 6994
f 6989 6994 6995
f 6989 6997 7004
f 6989 6995 6997
f 7075 7073 7074
f 7076 7073 7075
f 7077 7073 7076
f 6953 7073 7077
f 6953 7077 7078
f 6984 6985 6986
f 6984 6986 6987
f 6984 6987 6988
f 6983 6984 6988
f 6983 6988 6989
f 6955 6953 6954
f 6980 6981 6982
f 6979 6982 6983
f 6979 6980 6982
f 6959 6955 6956
f 6959 6956 6957
f 6959 6957 6958
f 6959 7073 6953
f 6959 6953 6955
f 6959 7005 7007
f 6959 7004 7005
f 6959 7007 7073
f 6977 6978 6979
f 6962 6959 6960
f 6962 6960 6961
f 6974 6975 6976
f 6974 6976 6977
f 6974 6977 6979
f 6964 6962 6963
f 6965 6962 6964
f 6971 6972 6973
f 6967 6965 6966
f 6967 7004 6959
f 6967 6959 6962
f 6967 6962 6965
f 6970 6973 6974
f 6970 6983 6989
f 6970 6979 6983
f 6970 6971 6973
f 6970 6974 6979
f 6970 6989 7004
f 6969 6967 6968
f 6969 7004 6967
f 6969 6970 7004
f 7161 7159 7158
f 7161 7160 7159
f 7162 7161 7158
f 7162 7158 7157
f 7152 7162 7157
f 7152 7154 7153
f 7152 7155 7154
f 7152 7156 7155
f 7152 7157 7156
f 7164 7162 7152
f 7164 7163 7162
f 7151 7164 7152
f 7166 7165 7164
f 7167 7166 7164
f 7169 7167 7164
f 7169 7168 7167
f 7146 7148 7147
f 7146 7149 7148
f 7146 7150 7149
f 7146 7151 7150
f 7171 7164 7151
f 7171 7169 7164
f 7171 7151 7146
f 7171 7170 7169
f 7172 7171 7146
f 7142 7144 7143
f 7142 7145 7144
f 7142 7146 7145
f 7142 7172 7146
f 7175 7174 7173
f 7177 7176 7175
f 7177 7175 7173
f 7138 7140 7139
f 7138 7141 7140
f 7138 7142 7141
f 7137 7142 7138
f 7179 7177 7173
f 7179 7173 7172
f 7179 7178 7177
f 7180 7179 7172
f 7135 7137 7136
f 7135 7142 7137
f 7182 7181 7180
f 7133 7142 7135
f 7133 7135 7134
f 7133 7172 7142
f 7183 7182 7180
f 7131 7133 7132
f 7187 7184 7183
f 7187 7185 7184
f 7187 7186 7185
f 7187 7183 7180
f 7187 7180 7172
f 7128 7130 7129
f 7189 7188 7187
f 7189 7187 7172
f 7126 7130 7128
f 7126 7128 7127
f 7190 7189 7172
f 7125 7130 7126
f 7123 7125 7124
f 7123 7130 7125
f 7194 7193 7192
f 7121 7123 7122
f 7195 7191 7190
f 7195 7192 7191
f 7195 7190 7172
f 7195 7194 7192
f 7198 7197 7196
f 7199 7196 7195
f 7199 7172 7133
f 7199 7195 7172
f 7199 7198 7196
f 7116 7118 7117
f 7116 7119 7118
f 7115 7119 7116
f 7115 7120 7119
f 7115 7121 7120
f 7115 7130 7123
f 7115 7123 7121
f 7201 7200 7199
f 7202 7201 7199
f 7203 7202 7199
f 7079 7203 7199
f 7079 7204 7203
f 7110 7112 7111
f 7110 7113 7112
f 7110 7114 7113
f 7109 7114 7110
f 7109 7115 7114
f 7081 7080 7079
f 7106 7108 7107
f 7105 7109 7108
f 7105 7108 7106
f 7085 7082 7081
f 7085 7083 7082
f 7085 7084 7083
f 7085 7079 7199
f 7085 7081 7079
f 7085 7133 7131
f 7085 7131 7130
f 7085 7199 7133
f 7103 7105 7104
f 7088 7086 7085
f 7088 7087 7086
f 7100 7102 7101
f 7100 7103 7102
f 7100 7105 7103
f 7090 7089 7088
f 7091 7090 7088
f 7097 7099 7098
f 7093 7092 7091
f 7093 7085 7130
f 7093 7088 7085
f 7093 7091 7088
f 7096 7100 7099
f 7096 7115 7109
f 7096 7109 7105
f 7096 7099 7097
f 7096 7105 7100
f 7096 7130 7115
f 7095 7094 7093
f 7095 7093 7130
f 7095 7130 7096
