ISO-10303-21;
HEADER;
FILE_DESCRIPTION(('Open CASCADE Model'),'2;1');
FILE_NAME('Open CASCADE Shape Model','2026-07-28T13:38:19',('Author'),(
    'Open CASCADE'),'Open CASCADE STEP processor 7.9','build123d',
  'Unknown');
FILE_SCHEMA(('AUTOMOTIVE_DESIGN { 1 0 10303 214 1 1 1 1 }'));
ENDSEC;
DATA;
#1 = APPLICATION_PROTOCOL_DEFINITION('international standard',
  'automotive_design',2000,#2);
#2 = APPLICATION_CONTEXT(
  'core data for automotive mechanical design processes');
#3 = SHAPE_DEFINITION_REPRESENTATION(#4,#10);
#4 = PRODUCT_DEFINITION_SHAPE('','',#5);
#5 = PRODUCT_DEFINITION('design','',#6,#9);
#6 = PRODUCT_DEFINITION_FORMATION('','',#7);
#7 = PRODUCT('COMPOUND','COMPOUND','',(#8));
#8 = PRODUCT_CONTEXT('',#2,'mechanical');
#9 = PRODUCT_DEFINITION_CONTEXT('part definition',#2,'design');
#10 = SHAPE_REPRESENTATION('',(#11,#15,#19),#23);
#11 = AXIS2_PLACEMENT_3D('',#12,#13,#14);
#12 = CARTESIAN_POINT('',(0.,0.,0.));
#13 = DIRECTION('',(0.,0.,1.));
#14 = DIRECTION('',(1.,0.,-0.));
#15 = AXIS2_PLACEMENT_3D('',#16,#17,#18);
#16 = CARTESIAN_POINT('',(0.,0.,0.));
#17 = DIRECTION('',(0.,0.,1.));
#18 = DIRECTION('',(1.,0.,-0.));
#19 = AXIS2_PLACEMENT_3D('',#20,#21,#22);
#20 = CARTESIAN_POINT('',(0.,42.,24.));
#21 = DIRECTION('',(0.,-1.,1.110223024625E-16));
#22 = DIRECTION('',(1.,0.,0.));
#23 = ( GEOMETRIC_REPRESENTATION_CONTEXT(3) 
GLOBAL_UNCERTAINTY_ASSIGNED_CONTEXT((#27)) GLOBAL_UNIT_ASSIGNED_CONTEXT(
(#24,#25,#26)) REPRESENTATION_CONTEXT('Context #1',
  '3D Context with UNIT and UNCERTAINTY') );
#24 = ( LENGTH_UNIT() NAMED_UNIT(*) SI_UNIT(.MILLI.,.METRE.) );
#25 = ( NAMED_UNIT(*) PLANE_ANGLE_UNIT() SI_UNIT($,.RADIAN.) );
#26 = ( NAMED_UNIT(*) SI_UNIT($,.STERADIAN.) SOLID_ANGLE_UNIT() );
#27 = UNCERTAINTY_MEASURE_WITH_UNIT(LENGTH_MEASURE(1.E-07),#24,
  'distance_accuracy_value','confusion accuracy');
#28 = PRODUCT_RELATED_PRODUCT_CATEGORY('part',$,(#7));
#29 = SHAPE_DEFINITION_REPRESENTATION(#30,#36);
#30 = PRODUCT_DEFINITION_SHAPE('','',#31);
#31 = PRODUCT_DEFINITION('design','',#32,#35);
#32 = PRODUCT_DEFINITION_FORMATION('','',#33);
#33 = PRODUCT('SOLID','SOLID','',(#34));
#34 = PRODUCT_CONTEXT('',#2,'mechanical');
#35 = PRODUCT_DEFINITION_CONTEXT('part definition',#2,'design');
#36 = ADVANCED_BREP_SHAPE_REPRESENTATION('',(#11,#37),#2290);
#37 = MANIFOLD_SOLID_BREP('',#38);
#38 = CLOSED_SHELL('',(#39,#127,#180,#215,#219,#274,#309,#364,#399,#454,
    #489,#544,#579,#634,#669,#1198,#1233,#1288,#1343,#2172,#2202,#2232,
    #2236,#2263));
#39 = ADVANCED_FACE('',(#40),#54,.T.);
#40 = FACE_BOUND('',#41,.T.);
#41 = EDGE_LOOP('',(#42,#72,#99,#100));
#42 = ORIENTED_EDGE('',*,*,#43,.T.);
#43 = EDGE_CURVE('',#44,#46,#48,.T.);
#44 = VERTEX_POINT('',#45);
#45 = CARTESIAN_POINT('',(42.75,-1.047073013271E-14,55.));
#46 = VERTEX_POINT('',#47);
#47 = CARTESIAN_POINT('',(42.75,0.,61.));
#48 = SEAM_CURVE('',#49,(#53,#65),.PCURVE_S1.);
#49 = LINE('',#50,#51);
#50 = CARTESIAN_POINT('',(42.75,-1.047073013271E-14,0.));
#51 = VECTOR('',#52,1.);
#52 = DIRECTION('',(0.,0.,1.));
#53 = PCURVE('',#54,#59);
#54 = CYLINDRICAL_SURFACE('',#55,42.75);
#55 = AXIS2_PLACEMENT_3D('',#56,#57,#58);
#56 = CARTESIAN_POINT('',(0.,0.,0.));
#57 = DIRECTION('',(0.,0.,1.));
#58 = DIRECTION('',(1.,0.,-0.));
#59 = DEFINITIONAL_REPRESENTATION('',(#60),#64);
#60 = LINE('',#61,#62);
#61 = CARTESIAN_POINT('',(6.28318530718,-0.));
#62 = VECTOR('',#63,1.);
#63 = DIRECTION('',(0.,1.));
#64 = ( GEOMETRIC_REPRESENTATION_CONTEXT(2) 
PARAMETRIC_REPRESENTATION_CONTEXT() REPRESENTATION_CONTEXT('2D SPACE',''
  ) );
#65 = PCURVE('',#54,#66);
#66 = DEFINITIONAL_REPRESENTATION('',(#67),#71);
#67 = LINE('',#68,#69);
#68 = CARTESIAN_POINT('',(0.,-0.));
#69 = VECTOR('',#70,1.);
#70 = DIRECTION('',(0.,1.));
#71 = ( GEOMETRIC_REPRESENTATION_CONTEXT(2) 
PARAMETRIC_REPRESENTATION_CONTEXT() REPRESENTATION_CONTEXT('2D SPACE',''
  ) );
#72 = ORIENTED_EDGE('',*,*,#73,.F.);
#73 = EDGE_CURVE('',#46,#46,#74,.T.);
#74 = SURFACE_CURVE('',#75,(#80,#87),.PCURVE_S1.);
#75 = CIRCLE('',#76,42.75);
#76 = AXIS2_PLACEMENT_3D('',#77,#78,#79);
#77 = CARTESIAN_POINT('',(0.,0.,61.));
#78 = DIRECTION('',(0.,0.,1.));
#79 = DIRECTION('',(1.,0.,-0.));
#80 = PCURVE('',#54,#81);
#81 = DEFINITIONAL_REPRESENTATION('',(#82),#86);
#82 = LINE('',#83,#84);
#83 = CARTESIAN_POINT('',(0.,61.));
#84 = VECTOR('',#85,1.);
#85 = DIRECTION('',(1.,0.));
#86 = ( GEOMETRIC_REPRESENTATION_CONTEXT(2) 
PARAMETRIC_REPRESENTATION_CONTEXT() REPRESENTATION_CONTEXT('2D SPACE',''
  ) );
#87 = PCURVE('',#88,#93);
#88 = CONICAL_SURFACE('',#89,42.75,0.785398163397);
#89 = AXIS2_PLACEMENT_3D('',#90,#91,#92);
#90 = CARTESIAN_POINT('',(0.,0.,61.));
#91 = DIRECTION('',(-0.,-0.,-1.));
#92 = DIRECTION('',(1.,0.,0.));
#93 = DEFINITIONAL_REPRESENTATION('',(#94),#98);
#94 = LINE('',#95,#96);
#95 = CARTESIAN_POINT('',(-0.,-0.));
#96 = VECTOR('',#97,1.);
#97 = DIRECTION('',(-1.,-0.));
#98 = ( GEOMETRIC_REPRESENTATION_CONTEXT(2) 
PARAMETRIC_REPRESENTATION_CONTEXT() REPRESENTATION_CONTEXT('2D SPACE',''
  ) );
#99 = ORIENTED_EDGE('',*,*,#43,.F.);
#100 = ORIENTED_EDGE('',*,*,#101,.T.);
#101 = EDGE_CURVE('',#44,#44,#102,.T.);
#102 = SURFACE_CURVE('',#103,(#108,#115),.PCURVE_S1.);
#103 = CIRCLE('',#104,42.75);
#104 = AXIS2_PLACEMENT_3D('',#105,#106,#107);
#105 = CARTESIAN_POINT('',(0.,0.,55.));
#106 = DIRECTION('',(0.,0.,1.));
#107 = DIRECTION('',(1.,0.,-0.));
#108 = PCURVE('',#54,#109);
#109 = DEFINITIONAL_REPRESENTATION('',(#110),#114);
#110 = LINE('',#111,#112);
#111 = CARTESIAN_POINT('',(0.,55.));
#112 = VECTOR('',#113,1.);
#113 = DIRECTION('',(1.,0.));
#114 = ( GEOMETRIC_REPRESENTATION_CONTEXT(2) 
PARAMETRIC_REPRESENTATION_CONTEXT() REPRESENTATION_CONTEXT('2D SPACE',''
  ) );
#115 = PCURVE('',#116,#121);
#116 = PLANE('',#117);
#117 = AXIS2_PLACEMENT_3D('',#118,#119,#120);
#118 = CARTESIAN_POINT('',(0.,0.,55.));
#119 = DIRECTION('',(0.,0.,1.));
#120 = DIRECTION('',(1.,0.,-0.));
#121 = DEFINITIONAL_REPRESENTATION('',(#122),#126);
#122 = CIRCLE('',#123,42.75);
#123 = AXIS2_PLACEMENT_2D('',#124,#125);
#124 = CARTESIAN_POINT('',(0.,0.));
#125 = DIRECTION('',(1.,0.));
#126 = ( GEOMETRIC_REPRESENTATION_CONTEXT(2) 
PARAMETRIC_REPRESENTATION_CONTEXT() REPRESENTATION_CONTEXT('2D SPACE',''
  ) );
#127 = ADVANCED_FACE('',(#128),#88,.T.);
#128 = FACE_BOUND('',#129,.T.);
#129 = EDGE_LOOP('',(#130,#151,#152,#153));
#130 = ORIENTED_EDGE('',*,*,#131,.F.);
#131 = EDGE_CURVE('',#46,#132,#134,.T.);
#132 = VERTEX_POINT('',#133);
#133 = CARTESIAN_POINT('',(41.75,0.,62.));
#134 = SEAM_CURVE('',#135,(#139,#145),.PCURVE_S1.);
#135 = LINE('',#136,#137);
#136 = CARTESIAN_POINT('',(42.75,0.,61.));
#137 = VECTOR('',#138,1.);
#138 = DIRECTION('',(-0.707106781187,0.,0.707106781187));
#139 = PCURVE('',#88,#140);
#140 = DEFINITIONAL_REPRESENTATION('',(#141),#144);
#141 = B_SPLINE_CURVE_WITH_KNOTS('',1,(#142,#143),.UNSPECIFIED.,.F.,.F.,
  (2,2),(0.,1.414213562373),.PIECEWISE_BEZIER_KNOTS.);
#142 = CARTESIAN_POINT('',(0.,0.));
#143 = CARTESIAN_POINT('',(0.,-1.));
#144 = ( GEOMETRIC_REPRESENTATION_CONTEXT(2) 
PARAMETRIC_REPRESENTATION_CONTEXT() REPRESENTATION_CONTEXT('2D SPACE',''
  ) );
#145 = PCURVE('',#88,#146);
#146 = DEFINITIONAL_REPRESENTATION('',(#147),#150);
#147 = B_SPLINE_CURVE_WITH_KNOTS('',1,(#148,#149),.UNSPECIFIED.,.F.,.F.,
  (2,2),(0.,1.414213562373),.PIECEWISE_BEZIER_KNOTS.);
#148 = CARTESIAN_POINT('',(-6.28318530718,0.));
#149 = CARTESIAN_POINT('',(-6.28318530718,-1.));
#150 = ( GEOMETRIC_REPRESENTATION_CONTEXT(2) 
PARAMETRIC_REPRESENTATION_CONTEXT() REPRESENTATION_CONTEXT('2D SPACE',''
  ) );
#151 = ORIENTED_EDGE('',*,*,#73,.T.);
#152 = ORIENTED_EDGE('',*,*,#131,.T.);
#153 = ORIENTED_EDGE('',*,*,#154,.F.);
#154 = EDGE_CURVE('',#132,#132,#155,.T.);
#155 = SURFACE_CURVE('',#156,(#161,#168),.PCURVE_S1.);
#156 = CIRCLE('',#157,41.75);
#157 = AXIS2_PLACEMENT_3D('',#158,#159,#160);
#158 = CARTESIAN_POINT('',(0.,0.,62.));
#159 = DIRECTION('',(0.,0.,1.));
#160 = DIRECTION('',(1.,0.,-0.));
#161 = PCURVE('',#88,#162);
#162 = DEFINITIONAL_REPRESENTATION('',(#163),#167);
#163 = LINE('',#164,#165);
#164 = CARTESIAN_POINT('',(-0.,-1.));
#165 = VECTOR('',#166,1.);
#166 = DIRECTION('',(-1.,-0.));
#167 = ( GEOMETRIC_REPRESENTATION_CONTEXT(2) 
PARAMETRIC_REPRESENTATION_CONTEXT() REPRESENTATION_CONTEXT('2D SPACE',''
  ) );
#168 = PCURVE('',#169,#174);
#169 = PLANE('',#170);
#170 = AXIS2_PLACEMENT_3D('',#171,#172,#173);
#171 = CARTESIAN_POINT('',(0.,0.,62.));
#172 = DIRECTION('',(0.,0.,1.));
#173 = DIRECTION('',(1.,0.,-0.));
#174 = DEFINITIONAL_REPRESENTATION('',(#175),#179);
#175 = CIRCLE('',#176,41.75);
#176 = AXIS2_PLACEMENT_2D('',#177,#178);
#177 = CARTESIAN_POINT('',(0.,0.));
#178 = DIRECTION('',(1.,0.));
#179 = ( GEOMETRIC_REPRESENTATION_CONTEXT(2) 
PARAMETRIC_REPRESENTATION_CONTEXT() REPRESENTATION_CONTEXT('2D SPACE',''
  ) );
#180 = ADVANCED_FACE('',(#181,#184),#116,.F.);
#181 = FACE_BOUND('',#182,.F.);
#182 = EDGE_LOOP('',(#183));
#183 = ORIENTED_EDGE('',*,*,#101,.T.);
#184 = FACE_BOUND('',#185,.F.);
#185 = EDGE_LOOP('',(#186));
#186 = ORIENTED_EDGE('',*,*,#187,.F.);
#187 = EDGE_CURVE('',#188,#188,#190,.T.);
#188 = VERTEX_POINT('',#189);
#189 = CARTESIAN_POINT('',(38.25,-9.368548013477E-15,55.));
#190 = SURFACE_CURVE('',#191,(#196,#203),.PCURVE_S1.);
#191 = CIRCLE('',#192,38.25);
#192 = AXIS2_PLACEMENT_3D('',#193,#194,#195);
#193 = CARTESIAN_POINT('',(0.,0.,55.));
#194 = DIRECTION('',(0.,0.,1.));
#195 = DIRECTION('',(1.,0.,-0.));
#196 = PCURVE('',#116,#197);
#197 = DEFINITIONAL_REPRESENTATION('',(#198),#202);
#198 = CIRCLE('',#199,38.25);
#199 = AXIS2_PLACEMENT_2D('',#200,#201);
#200 = CARTESIAN_POINT('',(0.,0.));
#201 = DIRECTION('',(1.,0.));
#202 = ( GEOMETRIC_REPRESENTATION_CONTEXT(2) 
PARAMETRIC_REPRESENTATION_CONTEXT() REPRESENTATION_CONTEXT('2D SPACE',''
  ) );
#203 = PCURVE('',#204,#209);
#204 = CYLINDRICAL_SURFACE('',#205,38.25);
#205 = AXIS2_PLACEMENT_3D('',#206,#207,#208);
#206 = CARTESIAN_POINT('',(0.,0.,52.));
#207 = DIRECTION('',(0.,0.,1.));
#208 = DIRECTION('',(1.,0.,-0.));
#209 = DEFINITIONAL_REPRESENTATION('',(#210),#214);
#210 = LINE('',#211,#212);
#211 = CARTESIAN_POINT('',(0.,3.));
#212 = VECTOR('',#213,1.);
#213 = DIRECTION('',(1.,0.));
#214 = ( GEOMETRIC_REPRESENTATION_CONTEXT(2) 
PARAMETRIC_REPRESENTATION_CONTEXT() REPRESENTATION_CONTEXT('2D SPACE',''
  ) );
#215 = ADVANCED_FACE('',(#216),#169,.T.);
#216 = FACE_BOUND('',#217,.T.);
#217 = EDGE_LOOP('',(#218));
#218 = ORIENTED_EDGE('',*,*,#154,.T.);
#219 = ADVANCED_FACE('',(#220),#204,.T.);
#220 = FACE_BOUND('',#221,.T.);
#221 = EDGE_LOOP('',(#222,#223,#246,#273));
#222 = ORIENTED_EDGE('',*,*,#187,.F.);
#223 = ORIENTED_EDGE('',*,*,#224,.F.);
#224 = EDGE_CURVE('',#225,#188,#227,.T.);
#225 = VERTEX_POINT('',#226);
#226 = CARTESIAN_POINT('',(38.25,-9.368548013477E-15,52.));
#227 = SEAM_CURVE('',#228,(#232,#239),.PCURVE_S1.);
#228 = LINE('',#229,#230);
#229 = CARTESIAN_POINT('',(38.25,-9.368548013477E-15,52.));
#230 = VECTOR('',#231,1.);
#231 = DIRECTION('',(0.,0.,1.));
#232 = PCURVE('',#204,#233);
#233 = DEFINITIONAL_REPRESENTATION('',(#234),#238);
#234 = LINE('',#235,#236);
#235 = CARTESIAN_POINT('',(6.28318530718,-0.));
#236 = VECTOR('',#237,1.);
#237 = DIRECTION('',(0.,1.));
#238 = ( GEOMETRIC_REPRESENTATION_CONTEXT(2) 
PARAMETRIC_REPRESENTATION_CONTEXT() REPRESENTATION_CONTEXT('2D SPACE',''
  ) );
#239 = PCURVE('',#204,#240);
#240 = DEFINITIONAL_REPRESENTATION('',(#241),#245);
#241 = LINE('',#242,#243);
#242 = CARTESIAN_POINT('',(0.,-0.));
#243 = VECTOR('',#244,1.);
#244 = DIRECTION('',(0.,1.));
#245 = ( GEOMETRIC_REPRESENTATION_CONTEXT(2) 
PARAMETRIC_REPRESENTATION_CONTEXT() REPRESENTATION_CONTEXT('2D SPACE',''
  ) );
#246 = ORIENTED_EDGE('',*,*,#247,.T.);
#247 = EDGE_CURVE('',#225,#225,#248,.T.);
#248 = SURFACE_CURVE('',#249,(#254,#261),.PCURVE_S1.);
#249 = CIRCLE('',#250,38.25);
#250 = AXIS2_PLACEMENT_3D('',#251,#252,#253);
#251 = CARTESIAN_POINT('',(0.,0.,52.));
#252 = DIRECTION('',(0.,0.,1.));
#253 = DIRECTION('',(1.,0.,-0.));
#254 = PCURVE('',#204,#255);
#255 = DEFINITIONAL_REPRESENTATION('',(#256),#260);
#256 = LINE('',#257,#258);
#257 = CARTESIAN_POINT('',(0.,0.));
#258 = VECTOR('',#259,1.);
#259 = DIRECTION('',(1.,0.));
#260 = ( GEOMETRIC_REPRESENTATION_CONTEXT(2) 
PARAMETRIC_REPRESENTATION_CONTEXT() REPRESENTATION_CONTEXT('2D SPACE',''
  ) );
#261 = PCURVE('',#262,#267);
#262 = PLANE('',#263);
#263 = AXIS2_PLACEMENT_3D('',#264,#265,#266);
#264 = CARTESIAN_POINT('',(0.,0.,52.));
#265 = DIRECTION('',(0.,0.,1.));
#266 = DIRECTION('',(1.,0.,-0.));
#267 = DEFINITIONAL_REPRESENTATION('',(#268),#272);
#268 = CIRCLE('',#269,38.25);
#269 = AXIS2_PLACEMENT_2D('',#270,#271);
#270 = CARTESIAN_POINT('',(0.,0.));
#271 = DIRECTION('',(1.,0.));
#272 = ( GEOMETRIC_REPRESENTATION_CONTEXT(2) 
PARAMETRIC_REPRESENTATION_CONTEXT() REPRESENTATION_CONTEXT('2D SPACE',''
  ) );
#273 = ORIENTED_EDGE('',*,*,#224,.T.);
#274 = ADVANCED_FACE('',(#275,#306),#262,.T.);
#275 = FACE_BOUND('',#276,.T.);
#276 = EDGE_LOOP('',(#277));
#277 = ORIENTED_EDGE('',*,*,#278,.T.);
#278 = EDGE_CURVE('',#279,#279,#281,.T.);
#279 = VERTEX_POINT('',#280);
#280 = CARTESIAN_POINT('',(42.75,-1.047073013271E-14,52.));
#281 = SURFACE_CURVE('',#282,(#287,#294),.PCURVE_S1.);
#282 = CIRCLE('',#283,42.75);
#283 = AXIS2_PLACEMENT_3D('',#284,#285,#286);
#284 = CARTESIAN_POINT('',(0.,0.,52.));
#285 = DIRECTION('',(0.,0.,1.));
#286 = DIRECTION('',(1.,0.,-0.));
#287 = PCURVE('',#262,#288);
#288 = DEFINITIONAL_REPRESENTATION('',(#289),#293);
#289 = CIRCLE('',#290,42.75);
#290 = AXIS2_PLACEMENT_2D('',#291,#292);
#291 = CARTESIAN_POINT('',(0.,0.));
#292 = DIRECTION('',(1.,0.));
#293 = ( GEOMETRIC_REPRESENTATION_CONTEXT(2) 
PARAMETRIC_REPRESENTATION_CONTEXT() REPRESENTATION_CONTEXT('2D SPACE',''
  ) );
#294 = PCURVE('',#295,#300);
#295 = CYLINDRICAL_SURFACE('',#296,42.75);
#296 = AXIS2_PLACEMENT_3D('',#297,#298,#299);
#297 = CARTESIAN_POINT('',(0.,0.,0.));
#298 = DIRECTION('',(0.,0.,1.));
#299 = DIRECTION('',(1.,0.,-0.));
#300 = DEFINITIONAL_REPRESENTATION('',(#301),#305);
#301 = LINE('',#302,#303);
#302 = CARTESIAN_POINT('',(0.,52.));
#303 = VECTOR('',#304,1.);
#304 = DIRECTION('',(1.,0.));
#305 = ( GEOMETRIC_REPRESENTATION_CONTEXT(2) 
PARAMETRIC_REPRESENTATION_CONTEXT() REPRESENTATION_CONTEXT('2D SPACE',''
  ) );
#306 = FACE_BOUND('',#307,.T.);
#307 = EDGE_LOOP('',(#308));
#308 = ORIENTED_EDGE('',*,*,#247,.F.);
#309 = ADVANCED_FACE('',(#310),#295,.T.);
#310 = FACE_BOUND('',#311,.T.);
#311 = EDGE_LOOP('',(#312,#335,#336,#337));
#312 = ORIENTED_EDGE('',*,*,#313,.T.);
#313 = EDGE_CURVE('',#314,#279,#316,.T.);
#314 = VERTEX_POINT('',#315);
#315 = CARTESIAN_POINT('',(42.75,-1.047073013271E-14,49.));
#316 = SEAM_CURVE('',#317,(#321,#328),.PCURVE_S1.);
#317 = LINE('',#318,#319);
#318 = CARTESIAN_POINT('',(42.75,-1.047073013271E-14,0.));
#319 = VECTOR('',#320,1.);
#320 = DIRECTION('',(0.,0.,1.));
#321 = PCURVE('',#295,#322);
#322 = DEFINITIONAL_REPRESENTATION('',(#323),#327);
#323 = LINE('',#324,#325);
#324 = CARTESIAN_POINT('',(6.28318530718,-0.));
#325 = VECTOR('',#326,1.);
#326 = DIRECTION('',(0.,1.));
#327 = ( GEOMETRIC_REPRESENTATION_CONTEXT(2) 
PARAMETRIC_REPRESENTATION_CONTEXT() REPRESENTATION_CONTEXT('2D SPACE',''
  ) );
#328 = PCURVE('',#295,#329);
#329 = DEFINITIONAL_REPRESENTATION('',(#330),#334);
#330 = LINE('',#331,#332);
#331 = CARTESIAN_POINT('',(0.,-0.));
#332 = VECTOR('',#333,1.);
#333 = DIRECTION('',(0.,1.));
#334 = ( GEOMETRIC_REPRESENTATION_CONTEXT(2) 
PARAMETRIC_REPRESENTATION_CONTEXT() REPRESENTATION_CONTEXT('2D SPACE',''
  ) );
#335 = ORIENTED_EDGE('',*,*,#278,.F.);
#336 = ORIENTED_EDGE('',*,*,#313,.F.);
#337 = ORIENTED_EDGE('',*,*,#338,.T.);
#338 = EDGE_CURVE('',#314,#314,#339,.T.);
#339 = SURFACE_CURVE('',#340,(#345,#352),.PCURVE_S1.);
#340 = CIRCLE('',#341,42.75);
#341 = AXIS2_PLACEMENT_3D('',#342,#343,#344);
#342 = CARTESIAN_POINT('',(0.,0.,49.));
#343 = DIRECTION('',(0.,0.,1.));
#344 = DIRECTION('',(1.,0.,-0.));
#345 = PCURVE('',#295,#346);
#346 = DEFINITIONAL_REPRESENTATION('',(#347),#351);
#347 = LINE('',#348,#349);
#348 = CARTESIAN_POINT('',(0.,49.));
#349 = VECTOR('',#350,1.);
#350 = DIRECTION('',(1.,0.));
#351 = ( GEOMETRIC_REPRESENTATION_CONTEXT(2) 
PARAMETRIC_REPRESENTATION_CONTEXT() REPRESENTATION_CONTEXT('2D SPACE',''
  ) );
#352 = PCURVE('',#353,#358);
#353 = PLANE('',#354);
#354 = AXIS2_PLACEMENT_3D('',#355,#356,#357);
#355 = CARTESIAN_POINT('',(0.,0.,49.));
#356 = DIRECTION('',(0.,0.,1.));
#357 = DIRECTION('',(1.,0.,-0.));
#358 = DEFINITIONAL_REPRESENTATION('',(#359),#363);
#359 = CIRCLE('',#360,42.75);
#360 = AXIS2_PLACEMENT_2D('',#361,#362);
#361 = CARTESIAN_POINT('',(0.,0.));
#362 = DIRECTION('',(1.,0.));
#363 = ( GEOMETRIC_REPRESENTATION_CONTEXT(2) 
PARAMETRIC_REPRESENTATION_CONTEXT() REPRESENTATION_CONTEXT('2D SPACE',''
  ) );
#364 = ADVANCED_FACE('',(#365,#368),#353,.F.);
#365 = FACE_BOUND('',#366,.F.);
#366 = EDGE_LOOP('',(#367));
#367 = ORIENTED_EDGE('',*,*,#338,.T.);
#368 = FACE_BOUND('',#369,.F.);
#369 = EDGE_LOOP('',(#370));
#370 = ORIENTED_EDGE('',*,*,#371,.F.);
#371 = EDGE_CURVE('',#372,#372,#374,.T.);
#372 = VERTEX_POINT('',#373);
#373 = CARTESIAN_POINT('',(38.25,-9.368548013477E-15,49.));
#374 = SURFACE_CURVE('',#375,(#380,#387),.PCURVE_S1.);
#375 = CIRCLE('',#376,38.25);
#376 = AXIS2_PLACEMENT_3D('',#377,#378,#379);
#377 = CARTESIAN_POINT('',(0.,0.,49.));
#378 = DIRECTION('',(0.,0.,1.));
#379 = DIRECTION('',(1.,0.,-0.));
#380 = PCURVE('',#353,#381);
#381 = DEFINITIONAL_REPRESENTATION('',(#382),#386);
#382 = CIRCLE('',#383,38.25);
#383 = AXIS2_PLACEMENT_2D('',#384,#385);
#384 = CARTESIAN_POINT('',(0.,0.));
#385 = DIRECTION('',(1.,0.));
#386 = ( GEOMETRIC_REPRESENTATION_CONTEXT(2) 
PARAMETRIC_REPRESENTATION_CONTEXT() REPRESENTATION_CONTEXT('2D SPACE',''
  ) );
#387 = PCURVE('',#388,#393);
#388 = CYLINDRICAL_SURFACE('',#389,38.25);
#389 = AXIS2_PLACEMENT_3D('',#390,#391,#392);
#390 = CARTESIAN_POINT('',(0.,0.,46.));
#391 = DIRECTION('',(0.,0.,1.));
#392 = DIRECTION('',(1.,0.,-0.));
#393 = DEFINITIONAL_REPRESENTATION('',(#394),#398);
#394 = LINE('',#395,#396);
#395 = CARTESIAN_POINT('',(0.,3.));
#396 = VECTOR('',#397,1.);
#397 = DIRECTION('',(1.,0.));
#398 = ( GEOMETRIC_REPRESENTATION_CONTEXT(2) 
PARAMETRIC_REPRESENTATION_CONTEXT() REPRESENTATION_CONTEXT('2D SPACE',''
  ) );
#399 = ADVANCED_FACE('',(#400),#388,.T.);
#400 = FACE_BOUND('',#401,.T.);
#401 = EDGE_LOOP('',(#402,#403,#426,#453));
#402 = ORIENTED_EDGE('',*,*,#371,.F.);
#403 = ORIENTED_EDGE('',*,*,#404,.F.);
#404 = EDGE_CURVE('',#405,#372,#407,.T.);
#405 = VERTEX_POINT('',#406);
#406 = CARTESIAN_POINT('',(38.25,-9.368548013477E-15,46.));
#407 = SEAM_CURVE('',#408,(#412,#419),.PCURVE_S1.);
#408 = LINE('',#409,#410);
#409 = CARTESIAN_POINT('',(38.25,-9.368548013477E-15,46.));
#410 = VECTOR('',#411,1.);
#411 = DIRECTION('',(0.,0.,1.));
#412 = PCURVE('',#388,#413);
#413 = DEFINITIONAL_REPRESENTATION('',(#414),#418);
#414 = LINE('',#415,#416);
#415 = CARTESIAN_POINT('',(6.28318530718,-0.));
#416 = VECTOR('',#417,1.);
#417 = DIRECTION('',(0.,1.));
#418 = ( GEOMETRIC_REPRESENTATION_CONTEXT(2) 
PARAMETRIC_REPRESENTATION_CONTEXT() REPRESENTATION_CONTEXT('2D SPACE',''
  ) );
#419 = PCURVE('',#388,#420);
#420 = DEFINITIONAL_REPRESENTATION('',(#421),#425);
#421 = LINE('',#422,#423);
#422 = CARTESIAN_POINT('',(0.,-0.));
#423 = VECTOR('',#424,1.);
#424 = DIRECTION('',(0.,1.));
#425 = ( GEOMETRIC_REPRESENTATION_CONTEXT(2) 
PARAMETRIC_REPRESENTATION_CONTEXT() REPRESENTATION_CONTEXT('2D SPACE',''
  ) );
#426 = ORIENTED_EDGE('',*,*,#427,.T.);
#427 = EDGE_CURVE('',#405,#405,#428,.T.);
#428 = SURFACE_CURVE('',#429,(#434,#441),.PCURVE_S1.);
#429 = CIRCLE('',#430,38.25);
#430 = AXIS2_PLACEMENT_3D('',#431,#432,#433);
#431 = CARTESIAN_POINT('',(0.,0.,46.));
#432 = DIRECTION('',(0.,0.,1.));
#433 = DIRECTION('',(1.,0.,-0.));
#434 = PCURVE('',#388,#435);
#435 = DEFINITIONAL_REPRESENTATION('',(#436),#440);
#436 = LINE('',#437,#438);
#437 = CARTESIAN_POINT('',(0.,0.));
#438 = VECTOR('',#439,1.);
#439 = DIRECTION('',(1.,0.));
#440 = ( GEOMETRIC_REPRESENTATION_CONTEXT(2) 
PARAMETRIC_REPRESENTATION_CONTEXT() REPRESENTATION_CONTEXT('2D SPACE',''
  ) );
#441 = PCURVE('',#442,#447);
#442 = PLANE('',#443);
#443 = AXIS2_PLACEMENT_3D('',#444,#445,#446);
#444 = CARTESIAN_POINT('',(0.,0.,46.));
#445 = DIRECTION('',(0.,0.,1.));
#446 = DIRECTION('',(1.,0.,-0.));
#447 = DEFINITIONAL_REPRESENTATION('',(#448),#452);
#448 = CIRCLE('',#449,38.25);
#449 = AXIS2_PLACEMENT_2D('',#450,#451);
#450 = CARTESIAN_POINT('',(0.,0.));
#451 = DIRECTION('',(1.,0.));
#452 = ( GEOMETRIC_REPRESENTATION_CONTEXT(2) 
PARAMETRIC_REPRESENTATION_CONTEXT() REPRESENTATION_CONTEXT('2D SPACE',''
  ) );
#453 = ORIENTED_EDGE('',*,*,#404,.T.);
#454 = ADVANCED_FACE('',(#455,#486),#442,.T.);
#455 = FACE_BOUND('',#456,.T.);
#456 = EDGE_LOOP('',(#457));
#457 = ORIENTED_EDGE('',*,*,#458,.T.);
#458 = EDGE_CURVE('',#459,#459,#461,.T.);
#459 = VERTEX_POINT('',#460);
#460 = CARTESIAN_POINT('',(42.75,-1.047073013271E-14,46.));
#461 = SURFACE_CURVE('',#462,(#467,#474),.PCURVE_S1.);
#462 = CIRCLE('',#463,42.75);
#463 = AXIS2_PLACEMENT_3D('',#464,#465,#466);
#464 = CARTESIAN_POINT('',(0.,0.,46.));
#465 = DIRECTION('',(0.,0.,1.));
#466 = DIRECTION('',(1.,0.,-0.));
#467 = PCURVE('',#442,#468);
#468 = DEFINITIONAL_REPRESENTATION('',(#469),#473);
#469 = CIRCLE('',#470,42.75);
#470 = AXIS2_PLACEMENT_2D('',#471,#472);
#471 = CARTESIAN_POINT('',(0.,0.));
#472 = DIRECTION('',(1.,0.));
#473 = ( GEOMETRIC_REPRESENTATION_CONTEXT(2) 
PARAMETRIC_REPRESENTATION_CONTEXT() REPRESENTATION_CONTEXT('2D SPACE',''
  ) );
#474 = PCURVE('',#475,#480);
#475 = CYLINDRICAL_SURFACE('',#476,42.75);
#476 = AXIS2_PLACEMENT_3D('',#477,#478,#479);
#477 = CARTESIAN_POINT('',(0.,0.,0.));
#478 = DIRECTION('',(0.,0.,1.));
#479 = DIRECTION('',(1.,0.,-0.));
#480 = DEFINITIONAL_REPRESENTATION('',(#481),#485);
#481 = LINE('',#482,#483);
#482 = CARTESIAN_POINT('',(0.,46.));
#483 = VECTOR('',#484,1.);
#484 = DIRECTION('',(1.,0.));
#485 = ( GEOMETRIC_REPRESENTATION_CONTEXT(2) 
PARAMETRIC_REPRESENTATION_CONTEXT() REPRESENTATION_CONTEXT('2D SPACE',''
  ) );
#486 = FACE_BOUND('',#487,.T.);
#487 = EDGE_LOOP('',(#488));
#488 = ORIENTED_EDGE('',*,*,#427,.F.);
#489 = ADVANCED_FACE('',(#490),#475,.T.);
#490 = FACE_BOUND('',#491,.T.);
#491 = EDGE_LOOP('',(#492,#515,#516,#517));
#492 = ORIENTED_EDGE('',*,*,#493,.T.);
#493 = EDGE_CURVE('',#494,#459,#496,.T.);
#494 = VERTEX_POINT('',#495);
#495 = CARTESIAN_POINT('',(42.75,-1.047073013271E-14,43.));
#496 = SEAM_CURVE('',#497,(#501,#508),.PCURVE_S1.);
#497 = LINE('',#498,#499);
#498 = CARTESIAN_POINT('',(42.75,-1.047073013271E-14,0.));
#499 = VECTOR('',#500,1.);
#500 = DIRECTION('',(0.,0.,1.));
#501 = PCURVE('',#475,#502);
#502 = DEFINITIONAL_REPRESENTATION('',(#503),#507);
#503 = LINE('',#504,#505);
#504 = CARTESIAN_POINT('',(6.28318530718,-0.));
#505 = VECTOR('',#506,1.);
#506 = DIRECTION('',(0.,1.));
#507 = ( GEOMETRIC_REPRESENTATION_CONTEXT(2) 
PARAMETRIC_REPRESENTATION_CONTEXT() REPRESENTATION_CONTEXT('2D SPACE',''
  ) );
#508 = PCURVE('',#475,#509);
#509 = DEFINITIONAL_REPRESENTATION('',(#510),#514);
#510 = LINE('',#511,#512);
#511 = CARTESIAN_POINT('',(0.,-0.));
#512 = VECTOR('',#513,1.);
#513 = DIRECTION('',(0.,1.));
#514 = ( GEOMETRIC_REPRESENTATION_CONTEXT(2) 
PARAMETRIC_REPRESENTATION_CONTEXT() REPRESENTATION_CONTEXT('2D SPACE',''
  ) );
#515 = ORIENTED_EDGE('',*,*,#458,.F.);
#516 = ORIENTED_EDGE('',*,*,#493,.F.);
#517 = ORIENTED_EDGE('',*,*,#518,.T.);
#518 = EDGE_CURVE('',#494,#494,#519,.T.);
#519 = SURFACE_CURVE('',#520,(#525,#532),.PCURVE_S1.);
#520 = CIRCLE('',#521,42.75);
#521 = AXIS2_PLACEMENT_3D('',#522,#523,#524);
#522 = CARTESIAN_POINT('',(0.,0.,43.));
#523 = DIRECTION('',(0.,0.,1.));
#524 = DIRECTION('',(1.,0.,-0.));
#525 = PCURVE('',#475,#526);
#526 = DEFINITIONAL_REPRESENTATION('',(#527),#531);
#527 = LINE('',#528,#529);
#528 = CARTESIAN_POINT('',(0.,43.));
#529 = VECTOR('',#530,1.);
#530 = DIRECTION('',(1.,0.));
#531 = ( GEOMETRIC_REPRESENTATION_CONTEXT(2) 
PARAMETRIC_REPRESENTATION_CONTEXT() REPRESENTATION_CONTEXT('2D SPACE',''
  ) );
#532 = PCURVE('',#533,#538);
#533 = PLANE('',#534);
#534 = AXIS2_PLACEMENT_3D('',#535,#536,#537);
#535 = CARTESIAN_POINT('',(0.,0.,43.));
#536 = DIRECTION('',(0.,0.,1.));
#537 = DIRECTION('',(1.,0.,-0.));
#538 = DEFINITIONAL_REPRESENTATION('',(#539),#543);
#539 = CIRCLE('',#540,42.75);
#540 = AXIS2_PLACEMENT_2D('',#541,#542);
#541 = CARTESIAN_POINT('',(0.,0.));
#542 = DIRECTION('',(1.,0.));
#543 = ( GEOMETRIC_REPRESENTATION_CONTEXT(2) 
PARAMETRIC_REPRESENTATION_CONTEXT() REPRESENTATION_CONTEXT('2D SPACE',''
  ) );
#544 = ADVANCED_FACE('',(#545,#548),#533,.F.);
#545 = FACE_BOUND('',#546,.F.);
#546 = EDGE_LOOP('',(#547));
#547 = ORIENTED_EDGE('',*,*,#518,.T.);
#548 = FACE_BOUND('',#549,.F.);
#549 = EDGE_LOOP('',(#550));
#550 = ORIENTED_EDGE('',*,*,#551,.F.);
#551 = EDGE_CURVE('',#552,#552,#554,.T.);
#552 = VERTEX_POINT('',#553);
#553 = CARTESIAN_POINT('',(38.25,-9.368548013477E-15,43.));
#554 = SURFACE_CURVE('',#555,(#560,#567),.PCURVE_S1.);
#555 = CIRCLE('',#556,38.25);
#556 = AXIS2_PLACEMENT_3D('',#557,#558,#559);
#557 = CARTESIAN_POINT('',(0.,0.,43.));
#558 = DIRECTION('',(0.,0.,1.));
#559 = DIRECTION('',(1.,0.,-0.));
#560 = PCURVE('',#533,#561);
#561 = DEFINITIONAL_REPRESENTATION('',(#562),#566);
#562 = CIRCLE('',#563,38.25);
#563 = AXIS2_PLACEMENT_2D('',#564,#565);
#564 = CARTESIAN_POINT('',(0.,0.));
#565 = DIRECTION('',(1.,0.));
#566 = ( GEOMETRIC_REPRESENTATION_CONTEXT(2) 
PARAMETRIC_REPRESENTATION_CONTEXT() REPRESENTATION_CONTEXT('2D SPACE',''
  ) );
#567 = PCURVE('',#568,#573);
#568 = CYLINDRICAL_SURFACE('',#569,38.25);
#569 = AXIS2_PLACEMENT_3D('',#570,#571,#572);
#570 = CARTESIAN_POINT('',(0.,0.,40.));
#571 = DIRECTION('',(0.,0.,1.));
#572 = DIRECTION('',(1.,0.,-0.));
#573 = DEFINITIONAL_REPRESENTATION('',(#574),#578);
#574 = LINE('',#575,#576);
#575 = CARTESIAN_POINT('',(0.,3.));
#576 = VECTOR('',#577,1.);
#577 = DIRECTION('',(1.,0.));
#578 = ( GEOMETRIC_REPRESENTATION_CONTEXT(2) 
PARAMETRIC_REPRESENTATION_CONTEXT() REPRESENTATION_CONTEXT('2D SPACE',''
  ) );
#579 = ADVANCED_FACE('',(#580),#568,.T.);
#580 = FACE_BOUND('',#581,.T.);
#581 = EDGE_LOOP('',(#582,#583,#606,#633));
#582 = ORIENTED_EDGE('',*,*,#551,.F.);
#583 = ORIENTED_EDGE('',*,*,#584,.F.);
#584 = EDGE_CURVE('',#585,#552,#587,.T.);
#585 = VERTEX_POINT('',#586);
#586 = CARTESIAN_POINT('',(38.25,-9.368548013477E-15,40.));
#587 = SEAM_CURVE('',#588,(#592,#599),.PCURVE_S1.);
#588 = LINE('',#589,#590);
#589 = CARTESIAN_POINT('',(38.25,-9.368548013477E-15,40.));
#590 = VECTOR('',#591,1.);
#591 = DIRECTION('',(0.,0.,1.));
#592 = PCURVE('',#568,#593);
#593 = DEFINITIONAL_REPRESENTATION('',(#594),#598);
#594 = LINE('',#595,#596);
#595 = CARTESIAN_POINT('',(6.28318530718,-0.));
#596 = VECTOR('',#597,1.);
#597 = DIRECTION('',(0.,1.));
#598 = ( GEOMETRIC_REPRESENTATION_CONTEXT(2) 
PARAMETRIC_REPRESENTATION_CONTEXT() REPRESENTATION_CONTEXT('2D SPACE',''
  ) );
#599 = PCURVE('',#568,#600);
#600 = DEFINITIONAL_REPRESENTATION('',(#601),#605);
#601 = LINE('',#602,#603);
#602 = CARTESIAN_POINT('',(0.,-0.));
#603 = VECTOR('',#604,1.);
#604 = DIRECTION('',(0.,1.));
#605 = ( GEOMETRIC_REPRESENTATION_CONTEXT(2) 
PARAMETRIC_REPRESENTATION_CONTEXT() REPRESENTATION_CONTEXT('2D SPACE',''
  ) );
#606 = ORIENTED_EDGE('',*,*,#607,.T.);
#607 = EDGE_CURVE('',#585,#585,#608,.T.);
#608 = SURFACE_CURVE('',#609,(#614,#621),.PCURVE_S1.);
#609 = CIRCLE('',#610,38.25);
#610 = AXIS2_PLACEMENT_3D('',#611,#612,#613);
#611 = CARTESIAN_POINT('',(0.,0.,40.));
#612 = DIRECTION('',(0.,0.,1.));
#613 = DIRECTION('',(1.,0.,-0.));
#614 = PCURVE('',#568,#615);
#615 = DEFINITIONAL_REPRESENTATION('',(#616),#620);
#616 = LINE('',#617,#618);
#617 = CARTESIAN_POINT('',(0.,0.));
#618 = VECTOR('',#619,1.);
#619 = DIRECTION('',(1.,0.));
#620 = ( GEOMETRIC_REPRESENTATION_CONTEXT(2) 
PARAMETRIC_REPRESENTATION_CONTEXT() REPRESENTATION_CONTEXT('2D SPACE',''
  ) );
#621 = PCURVE('',#622,#627);
#622 = PLANE('',#623);
#623 = AXIS2_PLACEMENT_3D('',#624,#625,#626);
#624 = CARTESIAN_POINT('',(0.,0.,40.));
#625 = DIRECTION('',(0.,0.,1.));
#626 = DIRECTION('',(1.,0.,-0.));
#627 = DEFINITIONAL_REPRESENTATION('',(#628),#632);
#628 = CIRCLE('',#629,38.25);
#629 = AXIS2_PLACEMENT_2D('',#630,#631);
#630 = CARTESIAN_POINT('',(0.,0.));
#631 = DIRECTION('',(1.,0.));
#632 = ( GEOMETRIC_REPRESENTATION_CONTEXT(2) 
PARAMETRIC_REPRESENTATION_CONTEXT() REPRESENTATION_CONTEXT('2D SPACE',''
  ) );
#633 = ORIENTED_EDGE('',*,*,#584,.T.);
#634 = ADVANCED_FACE('',(#635,#666),#622,.T.);
#635 = FACE_BOUND('',#636,.T.);
#636 = EDGE_LOOP('',(#637));
#637 = ORIENTED_EDGE('',*,*,#638,.T.);
#638 = EDGE_CURVE('',#639,#639,#641,.T.);
#639 = VERTEX_POINT('',#640);
#640 = CARTESIAN_POINT('',(42.75,-1.047073013271E-14,40.));
#641 = SURFACE_CURVE('',#642,(#647,#654),.PCURVE_S1.);
#642 = CIRCLE('',#643,42.75);
#643 = AXIS2_PLACEMENT_3D('',#644,#645,#646);
#644 = CARTESIAN_POINT('',(0.,0.,40.));
#645 = DIRECTION('',(0.,0.,1.));
#646 = DIRECTION('',(1.,0.,-0.));
#647 = PCURVE('',#622,#648);
#648 = DEFINITIONAL_REPRESENTATION('',(#649),#653);
#649 = CIRCLE('',#650,42.75);
#650 = AXIS2_PLACEMENT_2D('',#651,#652);
#651 = CARTESIAN_POINT('',(0.,0.));
#652 = DIRECTION('',(1.,0.));
#653 = ( GEOMETRIC_REPRESENTATION_CONTEXT(2) 
PARAMETRIC_REPRESENTATION_CONTEXT() REPRESENTATION_CONTEXT('2D SPACE',''
  ) );
#654 = PCURVE('',#655,#660);
#655 = CYLINDRICAL_SURFACE('',#656,42.75);
#656 = AXIS2_PLACEMENT_3D('',#657,#658,#659);
#657 = CARTESIAN_POINT('',(0.,0.,0.));
#658 = DIRECTION('',(0.,0.,1.));
#659 = DIRECTION('',(1.,0.,-0.));
#660 = DEFINITIONAL_REPRESENTATION('',(#661),#665);
#661 = LINE('',#662,#663);
#662 = CARTESIAN_POINT('',(0.,40.));
#663 = VECTOR('',#664,1.);
#664 = DIRECTION('',(1.,0.));
#665 = ( GEOMETRIC_REPRESENTATION_CONTEXT(2) 
PARAMETRIC_REPRESENTATION_CONTEXT() REPRESENTATION_CONTEXT('2D SPACE',''
  ) );
#666 = FACE_BOUND('',#667,.T.);
#667 = EDGE_LOOP('',(#668));
#668 = ORIENTED_EDGE('',*,*,#607,.F.);
#669 = ADVANCED_FACE('',(#670,#724,#961),#655,.T.);
#670 = FACE_BOUND('',#671,.T.);
#671 = EDGE_LOOP('',(#672,#695,#696,#697));
#672 = ORIENTED_EDGE('',*,*,#673,.T.);
#673 = EDGE_CURVE('',#674,#639,#676,.T.);
#674 = VERTEX_POINT('',#675);
#675 = CARTESIAN_POINT('',(42.75,-1.047073013271E-14,0.));
#676 = SEAM_CURVE('',#677,(#681,#688),.PCURVE_S1.);
#677 = LINE('',#678,#679);
#678 = CARTESIAN_POINT('',(42.75,-1.047073013271E-14,0.));
#679 = VECTOR('',#680,1.);
#680 = DIRECTION('',(0.,0.,1.));
#681 = PCURVE('',#655,#682);
#682 = DEFINITIONAL_REPRESENTATION('',(#683),#687);
#683 = LINE('',#684,#685);
#684 = CARTESIAN_POINT('',(6.28318530718,-0.));
#685 = VECTOR('',#686,1.);
#686 = DIRECTION('',(0.,1.));
#687 = ( GEOMETRIC_REPRESENTATION_CONTEXT(2) 
PARAMETRIC_REPRESENTATION_CONTEXT() REPRESENTATION_CONTEXT('2D SPACE',''
  ) );
#688 = PCURVE('',#655,#689);
#689 = DEFINITIONAL_REPRESENTATION('',(#690),#694);
#690 = LINE('',#691,#692);
#691 = CARTESIAN_POINT('',(0.,-0.));
#692 = VECTOR('',#693,1.);
#693 = DIRECTION('',(0.,1.));
#694 = ( GEOMETRIC_REPRESENTATION_CONTEXT(2) 
PARAMETRIC_REPRESENTATION_CONTEXT() REPRESENTATION_CONTEXT('2D SPACE',''
  ) );
#695 = ORIENTED_EDGE('',*,*,#638,.F.);
#696 = ORIENTED_EDGE('',*,*,#673,.F.);
#697 = ORIENTED_EDGE('',*,*,#698,.T.);
#698 = EDGE_CURVE('',#674,#674,#699,.T.);
#699 = SURFACE_CURVE('',#700,(#705,#712),.PCURVE_S1.);
#700 = CIRCLE('',#701,42.75);
#701 = AXIS2_PLACEMENT_3D('',#702,#703,#704);
#702 = CARTESIAN_POINT('',(0.,0.,0.));
#703 = DIRECTION('',(0.,0.,1.));
#704 = DIRECTION('',(1.,0.,-0.));
#705 = PCURVE('',#655,#706);
#706 = DEFINITIONAL_REPRESENTATION('',(#707),#711);
#707 = LINE('',#708,#709);
#708 = CARTESIAN_POINT('',(0.,0.));
#709 = VECTOR('',#710,1.);
#710 = DIRECTION('',(1.,0.));
#711 = ( GEOMETRIC_REPRESENTATION_CONTEXT(2) 
PARAMETRIC_REPRESENTATION_CONTEXT() REPRESENTATION_CONTEXT('2D SPACE',''
  ) );
#712 = PCURVE('',#713,#718);
#713 = PLANE('',#714);
#714 = AXIS2_PLACEMENT_3D('',#715,#716,#717);
#715 = CARTESIAN_POINT('',(0.,0.,0.));
#716 = DIRECTION('',(0.,0.,1.));
#717 = DIRECTION('',(1.,0.,-0.));
#718 = DEFINITIONAL_REPRESENTATION('',(#719),#723);
#719 = CIRCLE('',#720,42.75);
#720 = AXIS2_PLACEMENT_2D('',#721,#722);
#721 = CARTESIAN_POINT('',(0.,0.));
#722 = DIRECTION('',(1.,0.));
#723 = ( GEOMETRIC_REPRESENTATION_CONTEXT(2) 
PARAMETRIC_REPRESENTATION_CONTEXT() REPRESENTATION_CONTEXT('2D SPACE',''
  ) );
#724 = FACE_BOUND('',#725,.T.);
#725 = EDGE_LOOP('',(#726));
#726 = ORIENTED_EDGE('',*,*,#727,.F.);
#727 = EDGE_CURVE('',#728,#728,#730,.T.);
#728 = VERTEX_POINT('',#729);
#729 = CARTESIAN_POINT('',(11.,-41.31056160354,24.));
#730 = SURFACE_CURVE('',#731,(#804,#880),.PCURVE_S1.);
#731 = B_SPLINE_CURVE_WITH_KNOTS('',8,(#732,#733,#734,#735,#736,#737,
    #738,#739,#740,#741,#742,#743,#744,#745,#746,#747,#748,#749,#750,
    #751,#752,#753,#754,#755,#756,#757,#758,#759,#760,#761,#762,#763,
    #764,#765,#766,#767,#768,#769,#770,#771,#772,#773,#774,#775,#776,
    #777,#778,#779,#780,#781,#782,#783,#784,#785,#786,#787,#788,#789,
    #790,#791,#792,#793,#794,#795,#796,#797,#798,#799,#800,#801,#802,
    #803),.UNSPECIFIED.,.T.,.F.,(9,7,7,7,7,7,7,7,7,7,9),(0.,
    0.108076742786,0.207420340905,0.292606799943,0.391950398465,
    0.500026763396,0.60810329176,0.707446692783,0.792632982813,
    0.888172419352,1.),.UNSPECIFIED.);
#732 = CARTESIAN_POINT('',(11.,-41.31056160354,24.));
#733 = CARTESIAN_POINT('',(11.,-41.31056160354,24.8065684622));
#734 = CARTESIAN_POINT('',(10.932410824118,-41.32855898643,
    25.612553781563));
#735 = CARTESIAN_POINT('',(10.797399177022,-41.36450920852,
    26.414631913794));
#736 = CARTESIAN_POINT('',(10.594381618454,-41.41790485893,
    27.209339297777));
#737 = CARTESIAN_POINT('',(10.322106431866,-41.48776040094,
    27.992841389255));
#738 = CARTESIAN_POINT('',(9.97873007013,-41.57253066949,28.760636142271
    ));
#739 = CARTESIAN_POINT('',(9.561900174588,-41.66997854083,
    29.507179260134));
#740 = CARTESIAN_POINT('',(8.615654509232,-41.87538738551,30.88561950769
    ));
#741 = CARTESIAN_POINT('',(8.096326914955,-41.98223780423,31.52442622535
    ));
#742 = CARTESIAN_POINT('',(7.508464762613,-42.09513547232,
    32.135171061088));
#743 = CARTESIAN_POINT('',(6.849901609176,-42.21086703818,32.70987929478
    ));
#744 = CARTESIAN_POINT('',(6.119022349386,-42.32534426486,
    33.239064431764));
#745 = CARTESIAN_POINT('',(5.31505870982,-42.43353327613,33.711539127387
    ));
#746 = CARTESIAN_POINT('',(4.438567622089,-42.52955535111,
    34.114095856247));
#747 = CARTESIAN_POINT('',(2.68085970875,-42.67362570171,34.702579616383
    ));
#748 = CARTESIAN_POINT('',(1.81756907926,-42.72660579307,34.911385789531
    ));
#749 = CARTESIAN_POINT('',(0.918098801375,-42.7609056116,35.042489852962
    ));
#750 = CARTESIAN_POINT('',(-6.627587367802E-12,-42.77280573911,
    35.087149057701));
#751 = CARTESIAN_POINT('',(-0.918098801368,-42.7609056116,
    35.042489852962));
#752 = CARTESIAN_POINT('',(-1.817569079257,-42.72660579307,
    34.911385789532));
#753 = CARTESIAN_POINT('',(-2.680859708751,-42.67362570171,
    34.702579616382));
#754 = CARTESIAN_POINT('',(-4.438567625923,-42.52955535079,
    34.114095854964));
#755 = CARTESIAN_POINT('',(-5.315058699443,-42.43353327722,
    33.711539132525));
#756 = CARTESIAN_POINT('',(-6.11902235909,-42.32534426357,
    33.239064424889));
#757 = CARTESIAN_POINT('',(-6.849901610614,-42.21086703823,
    32.709879295705));
#758 = CARTESIAN_POINT('',(-7.508464752841,-42.09513547361,
    32.135171067912));
#759 = CARTESIAN_POINT('',(-8.096326922182,-41.98223780303,
    31.524426218178));
#760 = CARTESIAN_POINT('',(-8.615654507435,-41.8753873859,
    30.885619510307));
#761 = CARTESIAN_POINT('',(-9.561898450779,-41.66997891503,
    29.507181771288));
#762 = CARTESIAN_POINT('',(-9.978729758659,-41.5725307852,
    28.760637574997));
#763 = CARTESIAN_POINT('',(-10.32210739944,-41.48776017141,
    27.992840201232));
#764 = CARTESIAN_POINT('',(-10.59438283104,-41.41790453748,
    27.209336034819));
#765 = CARTESIAN_POINT('',(-10.79739991878,-41.36450901288,
    26.414628102952));
#766 = CARTESIAN_POINT('',(-10.93241103029,-41.32855893094,
    25.612550877491));
#767 = CARTESIAN_POINT('',(-11.,-41.31056160354,24.806567242508));
#768 = CARTESIAN_POINT('',(-11.,-41.31056160354,23.1934315378));
#769 = CARTESIAN_POINT('',(-10.93241082411,-41.32855898643,
    22.387446218437));
#770 = CARTESIAN_POINT('',(-10.79739917702,-41.36450920852,
    21.585368086207));
#771 = CARTESIAN_POINT('',(-10.59438161845,-41.41790485893,
    20.790660702223));
#772 = CARTESIAN_POINT('',(-10.32210643186,-41.48776040094,
    20.007158610744));
#773 = CARTESIAN_POINT('',(-9.978730070129,-41.57253066949,
    19.23936385773));
#774 = CARTESIAN_POINT('',(-9.561900174588,-41.66997854083,
    18.492820739866));
#775 = CARTESIAN_POINT('',(-8.615654509232,-41.87538738551,
    17.114380492309));
#776 = CARTESIAN_POINT('',(-8.096326914956,-41.98223780423,
    16.475573774651));
#777 = CARTESIAN_POINT('',(-7.508464762613,-42.09513547232,
    15.864828938912));
#778 = CARTESIAN_POINT('',(-6.849901609175,-42.21086703818,
    15.290120705219));
#779 = CARTESIAN_POINT('',(-6.119022349386,-42.32534426486,
    14.760935568236));
#780 = CARTESIAN_POINT('',(-5.315058709821,-42.43353327613,
    14.288460872614));
#781 = CARTESIAN_POINT('',(-4.438567622088,-42.52955535111,
    13.885904143752));
#782 = CARTESIAN_POINT('',(-2.680859708751,-42.67362570171,
    13.297420383618));
#783 = CARTESIAN_POINT('',(-1.817569079258,-42.72660579307,
    13.088614210468));
#784 = CARTESIAN_POINT('',(-0.91809880137,-42.7609056116,12.957510147038
    ));
#785 = CARTESIAN_POINT('',(-1.692868067948E-12,-42.77280573911,
    12.912850942299));
#786 = CARTESIAN_POINT('',(0.918098801372,-42.7609056116,12.957510147037
    ));
#787 = CARTESIAN_POINT('',(1.817569079259,-42.72660579307,
    13.088614210469));
#788 = CARTESIAN_POINT('',(2.68085970875,-42.67362570171,13.297420383618
    ));
#789 = CARTESIAN_POINT('',(4.402333569791,-42.53252527152,
    13.873772918093));
#790 = CARTESIAN_POINT('',(5.248036589392,-42.44084334544,
    14.257825232559));
#791 = CARTESIAN_POINT('',(6.026870028206,-42.337657439,14.707225578302)
  );
#792 = CARTESIAN_POINT('',(6.738132865353,-42.22822374505,
    15.210106911547));
#793 = CARTESIAN_POINT('',(7.382336354816,-42.11709597598,
    15.756324152017));
#794 = CARTESIAN_POINT('',(7.960777882494,-42.00802814797,
    16.337168258658));
#795 = CARTESIAN_POINT('',(8.47525977544,-41.90401780333,16.945187980642
    ));
#796 = CARTESIAN_POINT('',(9.457731657349,-41.69421211307,
    18.310194754572));
#797 = CARTESIAN_POINT('',(9.905237954513,-41.59062417606,
    19.078235497248));
#798 = CARTESIAN_POINT('',(10.273568471255,-41.50019664316,
    19.870060271093));
#799 = CARTESIAN_POINT('',(10.565427626109,-41.4255164351,
    20.679353498554));
#800 = CARTESIAN_POINT('',(10.782947780103,-41.36835726113,
    21.501056518366));
#801 = CARTESIAN_POINT('',(10.927580585002,-41.32984516346,
    22.330911945336));
#802 = CARTESIAN_POINT('',(11.,-41.31056160354,23.165107191577));
#803 = CARTESIAN_POINT('',(11.,-41.31056160354,24.));
#804 = PCURVE('',#655,#805);
#805 = DEFINITIONAL_REPRESENTATION('',(#806),#879);
#806 = B_SPLINE_CURVE_WITH_KNOTS('',8,(#807,#808,#809,#810,#811,#812,
    #813,#814,#815,#816,#817,#818,#819,#820,#821,#822,#823,#824,#825,
    #826,#827,#828,#829,#830,#831,#832,#833,#834,#835,#836,#837,#838,
    #839,#840,#841,#842,#843,#844,#845,#846,#847,#848,#849,#850,#851,
    #852,#853,#854,#855,#856,#857,#858,#859,#860,#861,#862,#863,#864,
    #865,#866,#867,#868,#869,#870,#871,#872,#873,#874,#875,#876,#877,
    #878),.UNSPECIFIED.,.T.,.F.,(9,7,7,7,7,7,7,7,7,7,9),(0.,
    0.108076742786,0.207420340905,0.292606799943,0.391950398465,
    0.500026763396,0.60810329176,0.707446692783,0.792632982813,
    0.888172419352,1.),.UNSPECIFIED.);
#807 = CARTESIAN_POINT('',(4.972626355439,24.));
#808 = CARTESIAN_POINT('',(4.972626355439,24.8065684622));
#809 = CARTESIAN_POINT('',(4.970990232948,25.612553781563));
#810 = CARTESIAN_POINT('',(4.967722017774,26.414631913794));
#811 = CARTESIAN_POINT('',(4.962811593927,27.209339297777));
#812 = CARTESIAN_POINT('',(4.956236569594,27.992841389254));
#813 = CARTESIAN_POINT('',(4.947964033733,28.760636142271));
#814 = CARTESIAN_POINT('',(4.937951983165,29.507179260134));
#815 = CARTESIAN_POINT('',(4.91530206808,30.88561950769));
#816 = CARTESIAN_POINT('',(4.902900315998,31.52442622535));
#817 = CARTESIAN_POINT('',(4.888899986801,32.135171061088));
#818 = CARTESIAN_POINT('',(4.873263104279,32.70987929478));
#819 = CARTESIAN_POINT('',(4.855964931318,33.239064431764));
#820 = CARTESIAN_POINT('',(4.836998158767,33.711539127387));
#821 = CARTESIAN_POINT('',(4.816380487441,34.114095856247));
#822 = CARTESIAN_POINT('',(4.775126630468,34.702579616383));
#823 = CARTESIAN_POINT('',(4.754898955022,34.911385789531));
#824 = CARTESIAN_POINT('',(4.733852950327,35.042489852963));
#825 = CARTESIAN_POINT('',(4.712388980384,35.0871490577));
#826 = CARTESIAN_POINT('',(4.690925010442,35.042489852962));
#827 = CARTESIAN_POINT('',(4.669879005748,34.911385789532));
#828 = CARTESIAN_POINT('',(4.649651330301,34.702579616382));
#829 = CARTESIAN_POINT('',(4.608397473238,34.114095854964));
#830 = CARTESIAN_POINT('',(4.587779802247,33.711539132525));
#831 = CARTESIAN_POINT('',(4.568813029222,33.239064424889));
#832 = CARTESIAN_POINT('',(4.551514856457,32.709879295705));
#833 = CARTESIAN_POINT('',(4.5358779742,32.135171067912));
#834 = CARTESIAN_POINT('',(4.5218776446,31.524426218178));
#835 = CARTESIAN_POINT('',(4.509475892732,30.885619510307));
#836 = CARTESIAN_POINT('',(4.486826018866,29.507181771288));
#837 = CARTESIAN_POINT('',(4.476813934735,28.760637574997));
#838 = CARTESIAN_POINT('',(4.468541367927,27.992840201232));
#839 = CARTESIAN_POINT('',(4.46196633751,27.209336034819));
#840 = CARTESIAN_POINT('',(4.457055925038,26.414628102952));
#841 = CARTESIAN_POINT('',(4.453787722832,25.612550877492));
#842 = CARTESIAN_POINT('',(4.452151605331,24.806567242508));
#843 = CARTESIAN_POINT('',(4.452151605331,23.1934315378));
#844 = CARTESIAN_POINT('',(4.453787727822,22.387446218437));
#845 = CARTESIAN_POINT('',(4.457055942995,21.585368086207));
#846 = CARTESIAN_POINT('',(4.461966366843,20.790660702223));
#847 = CARTESIAN_POINT('',(4.468541391176,20.007158610744));
#848 = CARTESIAN_POINT('',(4.476813927036,19.23936385773));
#849 = CARTESIAN_POINT('',(4.486825977604,18.492820739866));
#850 = CARTESIAN_POINT('',(4.509475892689,17.114380492309));
#851 = CARTESIAN_POINT('',(4.521877644771,16.475573774651));
#852 = CARTESIAN_POINT('',(4.535877973969,15.864828938912));
#853 = CARTESIAN_POINT('',(4.55151485649,15.290120705219));
#854 = CARTESIAN_POINT('',(4.568813029452,14.760935568236));
#855 = CARTESIAN_POINT('',(4.587779802002,14.288460872614));
#856 = CARTESIAN_POINT('',(4.608397473328,13.885904143752));
#857 = CARTESIAN_POINT('',(4.649651330301,13.297420383618));
#858 = CARTESIAN_POINT('',(4.669879005748,13.088614210468));
#859 = CARTESIAN_POINT('',(4.690925010442,12.957510147038));
#860 = CARTESIAN_POINT('',(4.712388980385,12.912850942299));
#861 = CARTESIAN_POINT('',(4.733852950327,12.957510147037));
#862 = CARTESIAN_POINT('',(4.754898955022,13.088614210469));
#863 = CARTESIAN_POINT('',(4.775126630468,13.297420383618));
#864 = CARTESIAN_POINT('',(4.815530064911,13.873772918093));
#865 = CARTESIAN_POINT('',(4.835421662562,14.257825232559));
#866 = CARTESIAN_POINT('',(4.853791146142,14.707225578302));
#867 = CARTESIAN_POINT('',(4.870618313064,15.210106911547));
#868 = CARTESIAN_POINT('',(4.885906013674,15.756324152017));
#869 = CARTESIAN_POINT('',(4.899673178305,16.337168258658));
#870 = CARTESIAN_POINT('',(4.911950586975,16.945187980642));
#871 = CARTESIAN_POINT('',(4.935450564107,18.310194754572));
#872 = CARTESIAN_POINT('',(4.946193770245,19.078235497248));
#873 = CARTESIAN_POINT('',(4.955064554092,19.870060271093));
#874 = CARTESIAN_POINT('',(4.962111300352,20.679353498554));
#875 = CARTESIAN_POINT('',(4.967372193489,21.501056518366));
#876 = CARTESIAN_POINT('',(4.970873308205,22.330911945336));
#877 = CARTESIAN_POINT('',(4.972626355439,23.165107191577));
#878 = CARTESIAN_POINT('',(4.972626355439,24.));
#879 = ( GEOMETRIC_REPRESENTATION_CONTEXT(2) 
PARAMETRIC_REPRESENTATION_CONTEXT() REPRESENTATION_CONTEXT('2D SPACE',''
  ) );
#880 = PCURVE('',#881,#886);
#881 = CYLINDRICAL_SURFACE('',#882,11.);
#882 = AXIS2_PLACEMENT_3D('',#883,#884,#885);
#883 = CARTESIAN_POINT('',(0.,50.,24.));
#884 = DIRECTION('',(0.,-1.,1.110223024625E-16));
#885 = DIRECTION('',(1.,0.,0.));
#886 = DEFINITIONAL_REPRESENTATION('',(#887),#960);
#887 = B_SPLINE_CURVE_WITH_KNOTS('',8,(#888,#889,#890,#891,#892,#893,
    #894,#895,#896,#897,#898,#899,#900,#901,#902,#903,#904,#905,#906,
    #907,#908,#909,#910,#911,#912,#913,#914,#915,#916,#917,#918,#919,
    #920,#921,#922,#923,#924,#925,#926,#927,#928,#929,#930,#931,#932,
    #933,#934,#935,#936,#937,#938,#939,#940,#941,#942,#943,#944,#945,
    #946,#947,#948,#949,#950,#951,#952,#953,#954,#955,#956,#957,#958,
    #959),.UNSPECIFIED.,.F.,.F.,(9,7,7,7,7,7,7,7,7,7,9),(0.,
    0.108076742786,0.207420340905,0.292606799943,0.391950398465,
    0.500026763396,0.60810329176,0.707446692783,0.792632982813,
    0.888172419352,1.),.UNSPECIFIED.);
#888 = CARTESIAN_POINT('',(0.,91.310561603542));
#889 = CARTESIAN_POINT('',(7.332440565454E-02,91.310561603542));
#890 = CARTESIAN_POINT('',(0.146595761932,91.328558986435));
#891 = CARTESIAN_POINT('',(0.220112810394,91.364509208524));
#892 = CARTESIAN_POINT('',(0.294157326623,91.417904858936));
#893 = CARTESIAN_POINT('',(0.36901544627,91.48776040094));
#894 = CARTESIAN_POINT('',(0.444984550023,91.572530669494));
#895 = CARTESIAN_POINT('',(0.522383193984,91.669978540833));
#896 = CARTESIAN_POINT('',(0.674380322472,91.87538738551));
#897 = CARTESIAN_POINT('',(0.748977552124,91.982237804237));
#898 = CARTESIAN_POINT('',(0.825586097846,92.095135472327));
#899 = CARTESIAN_POINT('',(0.904427941641,92.210867038187));
#900 = CARTESIAN_POINT('',(0.985748615554,92.325344264865));
#901 = CARTESIAN_POINT('',(1.069828590824,92.433533276134));
#902 = CARTESIAN_POINT('',(1.157005962634,92.529555351112));
#903 = CARTESIAN_POINT('',(1.3255154774,92.673625701713));
#904 = CARTESIAN_POINT('',(1.40596278556,92.726605793078));
#905 = CARTESIAN_POINT('',(1.488003428522,92.760905611601));
#906 = CARTESIAN_POINT('',(1.570796326795,92.772805739119));
#907 = CARTESIAN_POINT('',(1.653589225068,92.760905611601));
#908 = CARTESIAN_POINT('',(1.73562986803,92.726605793078));
#909 = CARTESIAN_POINT('',(1.81607717619,92.673625701712));
#910 = CARTESIAN_POINT('',(1.984586691323,92.529555350798));
#911 = CARTESIAN_POINT('',(2.071764061684,92.433533277222));
#912 = CARTESIAN_POINT('',(2.15584403916,92.325344263572));
#913 = CARTESIAN_POINT('',(2.237164712005,92.210867038237));
#914 = CARTESIAN_POINT('',(2.316006554617,92.095135473616));
#915 = CARTESIAN_POINT('',(2.392615102424,91.982237803038));
#916 = CARTESIAN_POINT('',(2.46721233083,91.8753873859));
#917 = CARTESIAN_POINT('',(2.619209182707,91.669978915033));
#918 = CARTESIAN_POINT('',(2.696607979937,91.572530785209));
#919 = CARTESIAN_POINT('',(2.772577338889,91.487760171415));
#920 = CARTESIAN_POINT('',(2.847435636807,91.417904537485));
#921 = CARTESIAN_POINT('',(2.921480192762,91.364509012889));
#922 = CARTESIAN_POINT('',(2.994997155527,91.328558930941));
#923 = CARTESIAN_POINT('',(3.068268358816,91.310561603542));
#924 = CARTESIAN_POINT('',(3.214917059244,91.310561603542));
#925 = CARTESIAN_POINT('',(3.288188415522,91.328558986435));
#926 = CARTESIAN_POINT('',(3.361705463983,91.364509208524));
#927 = CARTESIAN_POINT('',(3.435749980212,91.417904858936));
#928 = CARTESIAN_POINT('',(3.51060809986,91.48776040094));
#929 = CARTESIAN_POINT('',(3.586577203613,91.572530669494));
#930 = CARTESIAN_POINT('',(3.663975847574,91.669978540833));
#931 = CARTESIAN_POINT('',(3.815972976061,91.87538738551));
#932 = CARTESIAN_POINT('',(3.890570205714,91.982237804237));
#933 = CARTESIAN_POINT('',(3.967178751436,92.095135472327));
#934 = CARTESIAN_POINT('',(4.046020595231,92.210867038187));
#935 = CARTESIAN_POINT('',(4.127341269144,92.325344264864));
#936 = CARTESIAN_POINT('',(4.211421244414,92.433533276134));
#937 = CARTESIAN_POINT('',(4.298598616224,92.529555351112));
#938 = CARTESIAN_POINT('',(4.46710813099,92.673625701712));
#939 = CARTESIAN_POINT('',(4.54755543915,92.726605793078));
#940 = CARTESIAN_POINT('',(4.629596082111,92.760905611601));
#941 = CARTESIAN_POINT('',(4.712388980386,92.772805739119));
#942 = CARTESIAN_POINT('',(4.795181878657,92.760905611601));
#943 = CARTESIAN_POINT('',(4.87722252162,92.726605793078));
#944 = CARTESIAN_POINT('',(4.957669829779,92.673625701713));
#945 = CARTESIAN_POINT('',(5.122705626003,92.532525271529));
#946 = CARTESIAN_POINT('',(5.206694764826,92.440843345449));
#947 = CARTESIAN_POINT('',(5.287816846458,92.337657439006));
#948 = CARTESIAN_POINT('',(5.366365558004,92.228223745055));
#949 = CARTESIAN_POINT('',(5.442587429812,92.11709597598));
#950 = CARTESIAN_POINT('',(5.516696814029,92.008028147977));
#951 = CARTESIAN_POINT('',(5.588881536327,91.904017803339));
#952 = CARTESIAN_POINT('',(5.741773614389,91.694212113079));
#953 = CARTESIAN_POINT('',(5.822208665097,91.590624176065));
#954 = CARTESIAN_POINT('',(5.901047752994,91.500196643165));
#955 = CARTESIAN_POINT('',(5.978648044074,91.425516435106));
#956 = CARTESIAN_POINT('',(6.055342239328,91.368357261136));
#957 = CARTESIAN_POINT('',(6.131450079338,91.329845163465));
#958 = CARTESIAN_POINT('',(6.207285960959,91.310561603542));
#959 = CARTESIAN_POINT('',(6.28318530718,91.310561603542));
#960 = ( GEOMETRIC_REPRESENTATION_CONTEXT(2) 
PARAMETRIC_REPRESENTATION_CONTEXT() REPRESENTATION_CONTEXT('2D SPACE',''
  ) );
#961 = FACE_BOUND('',#962,.T.);
#962 = EDGE_LOOP('',(#963));
#963 = ORIENTED_EDGE('',*,*,#964,.T.);
#964 = EDGE_CURVE('',#965,#965,#967,.T.);
#965 = VERTEX_POINT('',#966);
#966 = CARTESIAN_POINT('',(11.,41.310561603542,24.));
#967 = SURFACE_CURVE('',#968,(#1041,#1117),.PCURVE_S1.);
#968 = B_SPLINE_CURVE_WITH_KNOTS('',8,(#969,#970,#971,#972,#973,#974,
    #975,#976,#977,#978,#979,#980,#981,#982,#983,#984,#985,#986,#987,
    #988,#989,#990,#991,#992,#993,#994,#995,#996,#997,#998,#999,#1000,
    #1001,#1002,#1003,#1004,#1005,#1006,#1007,#1008,#1009,#1010,#1011,
    #1012,#1013,#1014,#1015,#1016,#1017,#1018,#1019,#1020,#1021,#1022,
    #1023,#1024,#1025,#1026,#1027,#1028,#1029,#1030,#1031,#1032,#1033,
    #1034,#1035,#1036,#1037,#1038,#1039,#1040),.UNSPECIFIED.,.T.,.F.,(9,
    7,7,7,7,7,7,7,7,7,9),(0.,0.108076742912,0.207420341114,
    0.292606799661,0.39195039824,0.500026763233,0.608103291659,
    0.70744669274,0.792632982819,0.888172419379,1.),.UNSPECIFIED.);
#969 = CARTESIAN_POINT('',(11.,41.310561603542,24.));
#970 = CARTESIAN_POINT('',(11.,41.310561603542,24.806568462199));
#971 = CARTESIAN_POINT('',(10.932410824119,41.328558986435,
    25.612553781566));
#972 = CARTESIAN_POINT('',(10.797399177021,41.364509208523,
    26.41463191379));
#973 = CARTESIAN_POINT('',(10.594381618454,41.417904858936,
    27.209339297776));
#974 = CARTESIAN_POINT('',(10.322106431868,41.48776040094,
    27.992841389259));
#975 = CARTESIAN_POINT('',(9.978730070128,41.572530669494,
    28.760636142269));
#976 = CARTESIAN_POINT('',(9.561900174588,41.669978540833,
    29.507179260133));
#977 = CARTESIAN_POINT('',(8.615654509384,41.875387385477,
    30.885619507469));
#978 = CARTESIAN_POINT('',(8.096326915036,41.982237804223,
    31.524426225312));
#979 = CARTESIAN_POINT('',(7.508464762519,42.09513547235,32.135171061226
    ));
#980 = CARTESIAN_POINT('',(6.849901608982,42.21086703822,32.709879294928
    ));
#981 = CARTESIAN_POINT('',(6.119022349267,42.325344264874,
    33.239064431792));
#982 = CARTESIAN_POINT('',(5.315058709912,42.433533276113,
    33.711539127299));
#983 = CARTESIAN_POINT('',(4.438567622336,42.529555351092,
    34.114095856165));
#984 = CARTESIAN_POINT('',(2.680859713901,42.67362570129,34.702579614658
    ));
#985 = CARTESIAN_POINT('',(1.817569063409,42.726605794619,
    34.911385795819));
#986 = CARTESIAN_POINT('',(0.918098818811,42.760905608754,
    35.042489841332));
#987 = CARTESIAN_POINT('',(3.637978807092E-12,42.772805742538,
    35.087149071677));
#988 = CARTESIAN_POINT('',(-0.91809881882,42.760905608753,
    35.042489841328));
#989 = CARTESIAN_POINT('',(-1.817569063398,42.72660579462,
    34.911385795823));
#990 = CARTESIAN_POINT('',(-2.680859713906,42.67362570129,
    34.702579614656));
#991 = CARTESIAN_POINT('',(-4.438567625924,42.529555350798,
    34.114095854963));
#992 = CARTESIAN_POINT('',(-5.315058699442,42.433533277222,
    33.711539132526));
#993 = CARTESIAN_POINT('',(-6.11902235909,42.325344263571,
    33.239064424887));
#994 = CARTESIAN_POINT('',(-6.849901610613,42.210867038237,
    32.709879295706));
#995 = CARTESIAN_POINT('',(-7.50846475284,42.095135473616,
    32.135171067915));
#996 = CARTESIAN_POINT('',(-8.096326922184,41.982237803037,
    31.524426218175));
#997 = CARTESIAN_POINT('',(-8.615654507435,41.8753873859,30.885619510308
    ));
#998 = CARTESIAN_POINT('',(-9.561898450778,41.669978915033,
    29.507181771289));
#999 = CARTESIAN_POINT('',(-9.97872975866,41.572530785209,
    28.760637574995));
#1000 = CARTESIAN_POINT('',(-10.32210739944,41.487760171415,
    27.992840201233));
#1001 = CARTESIAN_POINT('',(-10.59438283104,41.417904537485,
    27.20933603482));
#1002 = CARTESIAN_POINT('',(-10.79739991878,41.364509012889,
    26.414628102952));
#1003 = CARTESIAN_POINT('',(-10.93241103029,41.328558930941,
    25.612550877493));
#1004 = CARTESIAN_POINT('',(-11.,41.310561603542,24.806567242508));
#1005 = CARTESIAN_POINT('',(-11.,41.310561603542,23.193431537801));
#1006 = CARTESIAN_POINT('',(-10.93241082411,41.328558986435,
    22.387446218434));
#1007 = CARTESIAN_POINT('',(-10.79739917702,41.364509208523,
    21.58536808621));
#1008 = CARTESIAN_POINT('',(-10.59438161845,41.417904858936,
    20.790660702223));
#1009 = CARTESIAN_POINT('',(-10.32210643186,41.48776040094,
    20.007158610741));
#1010 = CARTESIAN_POINT('',(-9.97873007013,41.572530669493,
    19.239363857732));
#1011 = CARTESIAN_POINT('',(-9.561900174588,41.669978540833,
    18.492820739866));
#1012 = CARTESIAN_POINT('',(-8.615654509232,41.87538738551,
    17.114380492309));
#1013 = CARTESIAN_POINT('',(-8.096326914955,41.982237804237,
    16.475573774651));
#1014 = CARTESIAN_POINT('',(-7.508464762613,42.095135472327,
    15.864828938912));
#1015 = CARTESIAN_POINT('',(-6.849901609175,42.210867038187,
    15.290120705219));
#1016 = CARTESIAN_POINT('',(-6.119022349386,42.325344264865,
    14.760935568236));
#1017 = CARTESIAN_POINT('',(-5.315058709822,42.433533276134,
    14.288460872614));
#1018 = CARTESIAN_POINT('',(-4.438567622087,42.529555351112,
    13.885904143752));
#1019 = CARTESIAN_POINT('',(-2.68085970875,42.673625701713,
    13.297420383617));
#1020 = CARTESIAN_POINT('',(-1.817569079265,42.726605793077,
    13.08861421047));
#1021 = CARTESIAN_POINT('',(-0.918098801358,42.760905611602,
    12.957510147035));
#1022 = CARTESIAN_POINT('',(-1.253219750197E-11,42.772805739118,
    12.912850942302));
#1023 = CARTESIAN_POINT('',(0.918098801378,42.760905611602,
    12.957510147037));
#1024 = CARTESIAN_POINT('',(1.817569079256,42.726605793078,
    13.088614210468));
#1025 = CARTESIAN_POINT('',(2.680859708751,42.673625701712,
    13.297420383618));
#1026 = CARTESIAN_POINT('',(4.40233356946,42.532525271556,
    13.873772917982));
#1027 = CARTESIAN_POINT('',(5.248036589273,42.440843345475,
    14.257825232447));
#1028 = CARTESIAN_POINT('',(6.026870028364,42.337657438993,
    14.707225578339));
#1029 = CARTESIAN_POINT('',(6.738132865611,42.228223745011,
    15.21010691174));
#1030 = CARTESIAN_POINT('',(7.382336354944,42.117095975949,
    15.756324152196));
#1031 = CARTESIAN_POINT('',(7.960777882386,42.008028147995,
    16.337168258607));
#1032 = CARTESIAN_POINT('',(8.475259775234,41.904017803383,
    16.945187980356));
#1033 = CARTESIAN_POINT('',(9.45773165735,41.694212113079,
    18.310194754575));
#1034 = CARTESIAN_POINT('',(9.905237954509,41.590624176066,
    19.078235497245));
#1035 = CARTESIAN_POINT('',(10.273568471257,41.500196643165,
    19.870060271092));
#1036 = CARTESIAN_POINT('',(10.56542762611,41.425516435106,
    20.679353498558));
#1037 = CARTESIAN_POINT('',(10.782947780101,41.368357261136,
    21.501056518367));
#1038 = CARTESIAN_POINT('',(10.927580585003,41.329845163465,
    22.330911945333));
#1039 = CARTESIAN_POINT('',(11.,41.310561603542,23.165107191579));
#1040 = CARTESIAN_POINT('',(11.,41.310561603542,24.));
#1041 = PCURVE('',#655,#1042);
#1042 = DEFINITIONAL_REPRESENTATION('',(#1043),#1116);
#1043 = B_SPLINE_CURVE_WITH_KNOTS('',8,(#1044,#1045,#1046,#1047,#1048,
    #1049,#1050,#1051,#1052,#1053,#1054,#1055,#1056,#1057,#1058,#1059,
    #1060,#1061,#1062,#1063,#1064,#1065,#1066,#1067,#1068,#1069,#1070,
    #1071,#1072,#1073,#1074,#1075,#1076,#1077,#1078,#1079,#1080,#1081,
    #1082,#1083,#1084,#1085,#1086,#1087,#1088,#1089,#1090,#1091,#1092,
    #1093,#1094,#1095,#1096,#1097,#1098,#1099,#1100,#1101,#1102,#1103,
    #1104,#1105,#1106,#1107,#1108,#1109,#1110,#1111,#1112,#1113,#1114,
    #1115),.UNSPECIFIED.,.T.,.F.,(9,7,7,7,7,7,7,7,7,7,9),(0.,
    0.108076742912,0.207420341114,0.292606799661,0.39195039824,
    0.500026763233,0.608103291659,0.70744669274,0.792632982819,
    0.888172419379,1.),.UNSPECIFIED.);
#1044 = CARTESIAN_POINT('',(1.310558951741,24.));
#1045 = CARTESIAN_POINT('',(1.310558951741,24.806568462199));
#1046 = CARTESIAN_POINT('',(1.312195074232,25.612553781566));
#1047 = CARTESIAN_POINT('',(1.315463289405,26.41463191379));
#1048 = CARTESIAN_POINT('',(1.320373713253,27.209339297777));
#1049 = CARTESIAN_POINT('',(1.326948737586,27.992841389259));
#1050 = CARTESIAN_POINT('',(1.335221273446,28.760636142269));
#1051 = CARTESIAN_POINT('',(1.345233324014,29.507179260133));
#1052 = CARTESIAN_POINT('',(1.367883239096,30.885619507469));
#1053 = CARTESIAN_POINT('',(1.38028499118,31.524426225312));
#1054 = CARTESIAN_POINT('',(1.394285320381,32.135171061226));
#1055 = CARTESIAN_POINT('',(1.409922202905,32.709879294928));
#1056 = CARTESIAN_POINT('',(1.427220375865,33.239064431792));
#1057 = CARTESIAN_POINT('',(1.44618714841,33.711539127299));
#1058 = CARTESIAN_POINT('',(1.466804819732,34.114095856165));
#1059 = CARTESIAN_POINT('',(1.508058676591,34.702579614658));
#1060 = CARTESIAN_POINT('',(1.52828635253,34.911385795819));
#1061 = CARTESIAN_POINT('',(1.549332356443,35.042489841331));
#1062 = CARTESIAN_POINT('',(1.570796326795,35.087149071679));
#1063 = CARTESIAN_POINT('',(1.592260297147,35.042489841327));
#1064 = CARTESIAN_POINT('',(1.61330630106,34.911385795823));
#1065 = CARTESIAN_POINT('',(1.633533976999,34.702579614656));
#1066 = CARTESIAN_POINT('',(1.674787833942,34.114095854963));
#1067 = CARTESIAN_POINT('',(1.695405504933,33.711539132526));
#1068 = CARTESIAN_POINT('',(1.714372277957,33.239064424887));
#1069 = CARTESIAN_POINT('',(1.731670450723,32.709879295706));
#1070 = CARTESIAN_POINT('',(1.74730733298,32.135171067915));
#1071 = CARTESIAN_POINT('',(1.76130766258,31.524426218175));
#1072 = CARTESIAN_POINT('',(1.773709414447,30.885619510308));
#1073 = CARTESIAN_POINT('',(1.796359288313,29.507181771289));
#1074 = CARTESIAN_POINT('',(1.806371372445,28.760637574995));
#1075 = CARTESIAN_POINT('',(1.814643939252,27.992840201233));
#1076 = CARTESIAN_POINT('',(1.82121896967,27.20933603482));
#1077 = CARTESIAN_POINT('',(1.826129382142,26.414628102951));
#1078 = CARTESIAN_POINT('',(1.829397584347,25.612550877493));
#1079 = CARTESIAN_POINT('',(1.831033701849,24.806567242508));
#1080 = CARTESIAN_POINT('',(1.831033701849,23.193431537801));
#1081 = CARTESIAN_POINT('',(1.829397579358,22.387446218434));
#1082 = CARTESIAN_POINT('',(1.826129364185,21.585368086211));
#1083 = CARTESIAN_POINT('',(1.821218940337,20.790660702223));
#1084 = CARTESIAN_POINT('',(1.814643916004,20.007158610741));
#1085 = CARTESIAN_POINT('',(1.806371380143,19.239363857732));
#1086 = CARTESIAN_POINT('',(1.796359329575,18.492820739866));
#1087 = CARTESIAN_POINT('',(1.77370941449,17.114380492309));
#1088 = CARTESIAN_POINT('',(1.761307662408,16.475573774651));
#1089 = CARTESIAN_POINT('',(1.747307333211,15.864828938912));
#1090 = CARTESIAN_POINT('',(1.73167045069,15.290120705219));
#1091 = CARTESIAN_POINT('',(1.714372277728,14.760935568236));
#1092 = CARTESIAN_POINT('',(1.695405505177,14.288460872614));
#1093 = CARTESIAN_POINT('',(1.674787833852,13.885904143752));
#1094 = CARTESIAN_POINT('',(1.633533976878,13.297420383617));
#1095 = CARTESIAN_POINT('',(1.613306301432,13.08861421047));
#1096 = CARTESIAN_POINT('',(1.592260296737,12.957510147035));
#1097 = CARTESIAN_POINT('',(1.570796326795,12.912850942302));
#1098 = CARTESIAN_POINT('',(1.549332356852,12.957510147037));
#1099 = CARTESIAN_POINT('',(1.528286352158,13.088614210468));
#1100 = CARTESIAN_POINT('',(1.508058676712,13.297420383618));
#1101 = CARTESIAN_POINT('',(1.467655242276,13.873772917982));
#1102 = CARTESIAN_POINT('',(1.44776364462,14.257825232447));
#1103 = CARTESIAN_POINT('',(1.429394161033,14.707225578339));
#1104 = CARTESIAN_POINT('',(1.412566994109,15.21010691174));
#1105 = CARTESIAN_POINT('',(1.397279293503,15.756324152196));
#1106 = CARTESIAN_POINT('',(1.383512128877,16.337168258607));
#1107 = CARTESIAN_POINT('',(1.37123472021,16.945187980356));
#1108 = CARTESIAN_POINT('',(1.347734743072,18.310194754575));
#1109 = CARTESIAN_POINT('',(1.336991536935,19.078235497245));
#1110 = CARTESIAN_POINT('',(1.328120753087,19.870060271092));
#1111 = CARTESIAN_POINT('',(1.321074006828,20.679353498558));
#1112 = CARTESIAN_POINT('',(1.31581311369,21.501056518366));
#1113 = CARTESIAN_POINT('',(1.312311998974,22.330911945333));
#1114 = CARTESIAN_POINT('',(1.310558951741,23.165107191579));
#1115 = CARTESIAN_POINT('',(1.310558951741,24.));
#1116 = ( GEOMETRIC_REPRESENTATION_CONTEXT(2) 
PARAMETRIC_REPRESENTATION_CONTEXT() REPRESENTATION_CONTEXT('2D SPACE',''
  ) );
#1117 = PCURVE('',#1118,#1123);
#1118 = CYLINDRICAL_SURFACE('',#1119,11.);
#1119 = AXIS2_PLACEMENT_3D('',#1120,#1121,#1122);
#1120 = CARTESIAN_POINT('',(0.,50.,24.));
#1121 = DIRECTION('',(0.,-1.,1.110223024625E-16));
#1122 = DIRECTION('',(1.,0.,0.));
#1123 = DEFINITIONAL_REPRESENTATION('',(#1124),#1197);
#1124 = B_SPLINE_CURVE_WITH_KNOTS('',8,(#1125,#1126,#1127,#1128,#1129,
    #1130,#1131,#1132,#1133,#1134,#1135,#1136,#1137,#1138,#1139,#1140,
    #1141,#1142,#1143,#1144,#1145,#1146,#1147,#1148,#1149,#1150,#1151,
    #1152,#1153,#1154,#1155,#1156,#1157,#1158,#1159,#1160,#1161,#1162,
    #1163,#1164,#1165,#1166,#1167,#1168,#1169,#1170,#1171,#1172,#1173,
    #1174,#1175,#1176,#1177,#1178,#1179,#1180,#1181,#1182,#1183,#1184,
    #1185,#1186,#1187,#1188,#1189,#1190,#1191,#1192,#1193,#1194,#1195,
    #1196),.UNSPECIFIED.,.F.,.F.,(9,7,7,7,7,7,7,7,7,7,9),(0.,
    0.108076742912,0.207420341114,0.292606799661,0.39195039824,
    0.500026763233,0.608103291659,0.70744669274,0.792632982819,
    0.888172419379,1.),.UNSPECIFIED.);
#1125 = CARTESIAN_POINT('',(0.,8.689438396458));
#1126 = CARTESIAN_POINT('',(7.332440565449E-02,8.689438396458));
#1127 = CARTESIAN_POINT('',(0.146595761932,8.671441013565));
#1128 = CARTESIAN_POINT('',(0.220112810393,8.635490791477));
#1129 = CARTESIAN_POINT('',(0.294157326622,8.582095141064));
#1130 = CARTESIAN_POINT('',(0.36901544627,8.51223959906));
#1131 = CARTESIAN_POINT('',(0.444984550023,8.427469330506));
#1132 = CARTESIAN_POINT('',(0.522383193984,8.330021459167));
#1133 = CARTESIAN_POINT('',(0.674380322447,8.124612614523));
#1134 = CARTESIAN_POINT('',(0.748977552117,8.017762195777));
#1135 = CARTESIAN_POINT('',(0.825586097861,7.90486452765));
#1136 = CARTESIAN_POINT('',(0.904427941663,7.78913296178));
#1137 = CARTESIAN_POINT('',(0.985748615564,7.674655735126));
#1138 = CARTESIAN_POINT('',(1.069828590813,7.566466723887));
#1139 = CARTESIAN_POINT('',(1.157005962611,7.470444648908));
#1140 = CARTESIAN_POINT('',(1.325515476906,7.32637429871));
#1141 = CARTESIAN_POINT('',(1.405962787067,7.273394205381));
#1142 = CARTESIAN_POINT('',(1.488003426871,7.239094391247));
#1143 = CARTESIAN_POINT('',(1.570796326794,7.227194257461));
#1144 = CARTESIAN_POINT('',(1.65358922672,7.239094391247));
#1145 = CARTESIAN_POINT('',(1.735629866522,7.27339420538));
#1146 = CARTESIAN_POINT('',(1.816077176684,7.32637429871));
#1147 = CARTESIAN_POINT('',(1.984586691323,7.470444649202));
#1148 = CARTESIAN_POINT('',(2.071764061685,7.566466722778));
#1149 = CARTESIAN_POINT('',(2.15584403916,7.674655736429));
#1150 = CARTESIAN_POINT('',(2.237164712005,7.789132961763));
#1151 = CARTESIAN_POINT('',(2.316006554617,7.904864526384));
#1152 = CARTESIAN_POINT('',(2.392615102424,8.017762196963));
#1153 = CARTESIAN_POINT('',(2.467212330829,8.1246126141));
#1154 = CARTESIAN_POINT('',(2.619209182707,8.330021084967));
#1155 = CARTESIAN_POINT('',(2.696607979937,8.427469214791));
#1156 = CARTESIAN_POINT('',(2.772577338889,8.512239828585));
#1157 = CARTESIAN_POINT('',(2.847435636807,8.582095462515));
#1158 = CARTESIAN_POINT('',(2.921480192762,8.635490987111));
#1159 = CARTESIAN_POINT('',(2.994997155526,8.671441069059));
#1160 = CARTESIAN_POINT('',(3.068268358816,8.689438396458));
#1161 = CARTESIAN_POINT('',(3.214917059244,8.689438396458));
#1162 = CARTESIAN_POINT('',(3.288188415522,8.671441013565));
#1163 = CARTESIAN_POINT('',(3.361705463983,8.635490791477));
#1164 = CARTESIAN_POINT('',(3.435749980212,8.582095141064));
#1165 = CARTESIAN_POINT('',(3.51060809986,8.51223959906));
#1166 = CARTESIAN_POINT('',(3.586577203612,8.427469330507));
#1167 = CARTESIAN_POINT('',(3.663975847574,8.330021459167));
#1168 = CARTESIAN_POINT('',(3.815972976061,8.12461261449));
#1169 = CARTESIAN_POINT('',(3.890570205714,8.017762195763));
#1170 = CARTESIAN_POINT('',(3.967178751436,7.904864527673));
#1171 = CARTESIAN_POINT('',(4.046020595231,7.789132961813));
#1172 = CARTESIAN_POINT('',(4.127341269144,7.674655735135));
#1173 = CARTESIAN_POINT('',(4.211421244413,7.566466723866));
#1174 = CARTESIAN_POINT('',(4.298598616224,7.470444648888));
#1175 = CARTESIAN_POINT('',(4.46710813099,7.326374298287));
#1176 = CARTESIAN_POINT('',(4.547555439149,7.273394206923));
#1177 = CARTESIAN_POINT('',(4.629596082114,7.239094388398));
#1178 = CARTESIAN_POINT('',(4.712388980382,7.227194260881));
#1179 = CARTESIAN_POINT('',(4.795181878659,7.239094388399));
#1180 = CARTESIAN_POINT('',(4.877222521619,7.273394206922));
#1181 = CARTESIAN_POINT('',(4.95766982978,7.326374298288));
#1182 = CARTESIAN_POINT('',(5.122705625971,7.467474728444));
#1183 = CARTESIAN_POINT('',(5.206694764813,7.559156654525));
#1184 = CARTESIAN_POINT('',(5.287816846472,7.662342561007));
#1185 = CARTESIAN_POINT('',(5.366365558032,7.771776254989));
#1186 = CARTESIAN_POINT('',(5.442587429831,7.882904024051));
#1187 = CARTESIAN_POINT('',(5.516696814019,7.991971852005));
#1188 = CARTESIAN_POINT('',(5.588881536295,8.095982196617));
#1189 = CARTESIAN_POINT('',(5.741773614389,8.305787886921));
#1190 = CARTESIAN_POINT('',(5.822208665097,8.409375823934));
#1191 = CARTESIAN_POINT('',(5.901047752994,8.499803356835));
#1192 = CARTESIAN_POINT('',(5.978648044074,8.574483564894));
#1193 = CARTESIAN_POINT('',(6.055342239328,8.631642738864));
#1194 = CARTESIAN_POINT('',(6.131450079338,8.670154836535));
#1195 = CARTESIAN_POINT('',(6.207285960959,8.689438396458));
#1196 = CARTESIAN_POINT('',(6.28318530718,8.689438396458));
#1197 = ( GEOMETRIC_REPRESENTATION_CONTEXT(2) 
PARAMETRIC_REPRESENTATION_CONTEXT() REPRESENTATION_CONTEXT('2D SPACE',''
  ) );
#1198 = ADVANCED_FACE('',(#1199,#1202),#713,.F.);
#1199 = FACE_BOUND('',#1200,.F.);
#1200 = EDGE_LOOP('',(#1201));
#1201 = ORIENTED_EDGE('',*,*,#698,.T.);
#1202 = FACE_BOUND('',#1203,.F.);
#1203 = EDGE_LOOP('',(#1204));
#1204 = ORIENTED_EDGE('',*,*,#1205,.F.);
#1205 = EDGE_CURVE('',#1206,#1206,#1208,.T.);
#1206 = VERTEX_POINT('',#1207);
#1207 = CARTESIAN_POINT('',(36.75,-9.001153973733E-15,0.));
#1208 = SURFACE_CURVE('',#1209,(#1214,#1221),.PCURVE_S1.);
#1209 = CIRCLE('',#1210,36.75);
#1210 = AXIS2_PLACEMENT_3D('',#1211,#1212,#1213);
#1211 = CARTESIAN_POINT('',(0.,0.,0.));
#1212 = DIRECTION('',(0.,0.,1.));
#1213 = DIRECTION('',(1.,0.,-0.));
#1214 = PCURVE('',#713,#1215);
#1215 = DEFINITIONAL_REPRESENTATION('',(#1216),#1220);
#1216 = CIRCLE('',#1217,36.75);
#1217 = AXIS2_PLACEMENT_2D('',#1218,#1219);
#1218 = CARTESIAN_POINT('',(0.,0.));
#1219 = DIRECTION('',(1.,0.));
#1220 = ( GEOMETRIC_REPRESENTATION_CONTEXT(2) 
PARAMETRIC_REPRESENTATION_CONTEXT() REPRESENTATION_CONTEXT('2D SPACE',''
  ) );
#1221 = PCURVE('',#1222,#1227);
#1222 = CYLINDRICAL_SURFACE('',#1223,36.75);
#1223 = AXIS2_PLACEMENT_3D('',#1224,#1225,#1226);
#1224 = CARTESIAN_POINT('',(0.,0.,-1.));
#1225 = DIRECTION('',(0.,0.,1.));
#1226 = DIRECTION('',(1.,0.,-0.));
#1227 = DEFINITIONAL_REPRESENTATION('',(#1228),#1232);
#1228 = LINE('',#1229,#1230);
#1229 = CARTESIAN_POINT('',(0.,1.));
#1230 = VECTOR('',#1231,1.);
#1231 = DIRECTION('',(1.,0.));
#1232 = ( GEOMETRIC_REPRESENTATION_CONTEXT(2) 
PARAMETRIC_REPRESENTATION_CONTEXT() REPRESENTATION_CONTEXT('2D SPACE',''
  ) );
#1233 = ADVANCED_FACE('',(#1234),#881,.F.);
#1234 = FACE_BOUND('',#1235,.F.);
#1235 = EDGE_LOOP('',(#1236,#1237,#1260,#1287));
#1236 = ORIENTED_EDGE('',*,*,#727,.F.);
#1237 = ORIENTED_EDGE('',*,*,#1238,.F.);
#1238 = EDGE_CURVE('',#1239,#728,#1241,.T.);
#1239 = VERTEX_POINT('',#1240);
#1240 = CARTESIAN_POINT('',(11.,-14.,24.));
#1241 = SEAM_CURVE('',#1242,(#1246,#1253),.PCURVE_S1.);
#1242 = LINE('',#1243,#1244);
#1243 = CARTESIAN_POINT('',(11.,50.,24.));
#1244 = VECTOR('',#1245,1.);
#1245 = DIRECTION('',(0.,-1.,1.110223024625E-16));
#1246 = PCURVE('',#881,#1247);
#1247 = DEFINITIONAL_REPRESENTATION('',(#1248),#1252);
#1248 = LINE('',#1249,#1250);
#1249 = CARTESIAN_POINT('',(6.28318530718,-0.));
#1250 = VECTOR('',#1251,1.);
#1251 = DIRECTION('',(0.,1.));
#1252 = ( GEOMETRIC_REPRESENTATION_CONTEXT(2) 
PARAMETRIC_REPRESENTATION_CONTEXT() REPRESENTATION_CONTEXT('2D SPACE',''
  ) );
#1253 = PCURVE('',#881,#1254);
#1254 = DEFINITIONAL_REPRESENTATION('',(#1255),#1259);
#1255 = LINE('',#1256,#1257);
#1256 = CARTESIAN_POINT('',(0.,-0.));
#1257 = VECTOR('',#1258,1.);
#1258 = DIRECTION('',(0.,1.));
#1259 = ( GEOMETRIC_REPRESENTATION_CONTEXT(2) 
PARAMETRIC_REPRESENTATION_CONTEXT() REPRESENTATION_CONTEXT('2D SPACE',''
  ) );
#1260 = ORIENTED_EDGE('',*,*,#1261,.T.);
#1261 = EDGE_CURVE('',#1239,#1239,#1262,.T.);
#1262 = SURFACE_CURVE('',#1263,(#1268,#1275),.PCURVE_S1.);
#1263 = CIRCLE('',#1264,11.);
#1264 = AXIS2_PLACEMENT_3D('',#1265,#1266,#1267);
#1265 = CARTESIAN_POINT('',(0.,-14.,24.));
#1266 = DIRECTION('',(0.,-1.,1.110223024625E-16));
#1267 = DIRECTION('',(1.,0.,0.));
#1268 = PCURVE('',#881,#1269);
#1269 = DEFINITIONAL_REPRESENTATION('',(#1270),#1274);
#1270 = LINE('',#1271,#1272);
#1271 = CARTESIAN_POINT('',(0.,64.));
#1272 = VECTOR('',#1273,1.);
#1273 = DIRECTION('',(1.,0.));
#1274 = ( GEOMETRIC_REPRESENTATION_CONTEXT(2) 
PARAMETRIC_REPRESENTATION_CONTEXT() REPRESENTATION_CONTEXT('2D SPACE',''
  ) );
#1275 = PCURVE('',#1276,#1281);
#1276 = PLANE('',#1277);
#1277 = AXIS2_PLACEMENT_3D('',#1278,#1279,#1280);
#1278 = CARTESIAN_POINT('',(0.,-14.,24.));
#1279 = DIRECTION('',(0.,-1.,1.110223024625E-16));
#1280 = DIRECTION('',(1.,0.,0.));
#1281 = DEFINITIONAL_REPRESENTATION('',(#1282),#1286);
#1282 = CIRCLE('',#1283,11.);
#1283 = AXIS2_PLACEMENT_2D('',#1284,#1285);
#1284 = CARTESIAN_POINT('',(0.,0.));
#1285 = DIRECTION('',(1.,0.));
#1286 = ( GEOMETRIC_REPRESENTATION_CONTEXT(2) 
PARAMETRIC_REPRESENTATION_CONTEXT() REPRESENTATION_CONTEXT('2D SPACE',''
  ) );
#1287 = ORIENTED_EDGE('',*,*,#1238,.T.);
#1288 = ADVANCED_FACE('',(#1289),#1118,.F.);
#1289 = FACE_BOUND('',#1290,.F.);
#1290 = EDGE_LOOP('',(#1291,#1320,#1341,#1342));
#1291 = ORIENTED_EDGE('',*,*,#1292,.F.);
#1292 = EDGE_CURVE('',#1293,#1293,#1295,.T.);
#1293 = VERTEX_POINT('',#1294);
#1294 = CARTESIAN_POINT('',(11.,14.,24.));
#1295 = SURFACE_CURVE('',#1296,(#1301,#1308),.PCURVE_S1.);
#1296 = CIRCLE('',#1297,11.);
#1297 = AXIS2_PLACEMENT_3D('',#1298,#1299,#1300);
#1298 = CARTESIAN_POINT('',(0.,14.,24.));
#1299 = DIRECTION('',(0.,-1.,1.110223024625E-16));
#1300 = DIRECTION('',(1.,0.,0.));
#1301 = PCURVE('',#1118,#1302);
#1302 = DEFINITIONAL_REPRESENTATION('',(#1303),#1307);
#1303 = LINE('',#1304,#1305);
#1304 = CARTESIAN_POINT('',(0.,36.));
#1305 = VECTOR('',#1306,1.);
#1306 = DIRECTION('',(1.,0.));
#1307 = ( GEOMETRIC_REPRESENTATION_CONTEXT(2) 
PARAMETRIC_REPRESENTATION_CONTEXT() REPRESENTATION_CONTEXT('2D SPACE',''
  ) );
#1308 = PCURVE('',#1309,#1314);
#1309 = PLANE('',#1310);
#1310 = AXIS2_PLACEMENT_3D('',#1311,#1312,#1313);
#1311 = CARTESIAN_POINT('',(0.,14.,24.));
#1312 = DIRECTION('',(0.,-1.,1.110223024625E-16));
#1313 = DIRECTION('',(1.,0.,0.));
#1314 = DEFINITIONAL_REPRESENTATION('',(#1315),#1319);
#1315 = CIRCLE('',#1316,11.);
#1316 = AXIS2_PLACEMENT_2D('',#1317,#1318);
#1317 = CARTESIAN_POINT('',(0.,-7.105427357601E-15));
#1318 = DIRECTION('',(1.,0.));
#1319 = ( GEOMETRIC_REPRESENTATION_CONTEXT(2) 
PARAMETRIC_REPRESENTATION_CONTEXT() REPRESENTATION_CONTEXT('2D SPACE',''
  ) );
#1320 = ORIENTED_EDGE('',*,*,#1321,.F.);
#1321 = EDGE_CURVE('',#965,#1293,#1322,.T.);
#1322 = SEAM_CURVE('',#1323,(#1327,#1334),.PCURVE_S1.);
#1323 = LINE('',#1324,#1325);
#1324 = CARTESIAN_POINT('',(11.,50.,24.));
#1325 = VECTOR('',#1326,1.);
#1326 = DIRECTION('',(0.,-1.,1.110223024625E-16));
#1327 = PCURVE('',#1118,#1328);
#1328 = DEFINITIONAL_REPRESENTATION('',(#1329),#1333);
#1329 = LINE('',#1330,#1331);
#1330 = CARTESIAN_POINT('',(6.28318530718,-0.));
#1331 = VECTOR('',#1332,1.);
#1332 = DIRECTION('',(0.,1.));
#1333 = ( GEOMETRIC_REPRESENTATION_CONTEXT(2) 
PARAMETRIC_REPRESENTATION_CONTEXT() REPRESENTATION_CONTEXT('2D SPACE',''
  ) );
#1334 = PCURVE('',#1118,#1335);
#1335 = DEFINITIONAL_REPRESENTATION('',(#1336),#1340);
#1336 = LINE('',#1337,#1338);
#1337 = CARTESIAN_POINT('',(0.,-0.));
#1338 = VECTOR('',#1339,1.);
#1339 = DIRECTION('',(0.,1.));
#1340 = ( GEOMETRIC_REPRESENTATION_CONTEXT(2) 
PARAMETRIC_REPRESENTATION_CONTEXT() REPRESENTATION_CONTEXT('2D SPACE',''
  ) );
#1341 = ORIENTED_EDGE('',*,*,#964,.T.);
#1342 = ORIENTED_EDGE('',*,*,#1321,.T.);
#1343 = ADVANCED_FACE('',(#1344,#1398,#1785),#1222,.F.);
#1344 = FACE_BOUND('',#1345,.F.);
#1345 = EDGE_LOOP('',(#1346,#1369,#1370,#1371));
#1346 = ORIENTED_EDGE('',*,*,#1347,.F.);
#1347 = EDGE_CURVE('',#1206,#1348,#1350,.T.);
#1348 = VERTEX_POINT('',#1349);
#1349 = CARTESIAN_POINT('',(36.75,-9.001153973733E-15,50.));
#1350 = SEAM_CURVE('',#1351,(#1355,#1362),.PCURVE_S1.);
#1351 = LINE('',#1352,#1353);
#1352 = CARTESIAN_POINT('',(36.75,-9.001153973733E-15,-1.));
#1353 = VECTOR('',#1354,1.);
#1354 = DIRECTION('',(0.,0.,1.));
#1355 = PCURVE('',#1222,#1356);
#1356 = DEFINITIONAL_REPRESENTATION('',(#1357),#1361);
#1357 = LINE('',#1358,#1359);
#1358 = CARTESIAN_POINT('',(0.,-0.));
#1359 = VECTOR('',#1360,1.);
#1360 = DIRECTION('',(0.,1.));
#1361 = ( GEOMETRIC_REPRESENTATION_CONTEXT(2) 
PARAMETRIC_REPRESENTATION_CONTEXT() REPRESENTATION_CONTEXT('2D SPACE',''
  ) );
#1362 = PCURVE('',#1222,#1363);
#1363 = DEFINITIONAL_REPRESENTATION('',(#1364),#1368);
#1364 = LINE('',#1365,#1366);
#1365 = CARTESIAN_POINT('',(6.28318530718,-0.));
#1366 = VECTOR('',#1367,1.);
#1367 = DIRECTION('',(0.,1.));
#1368 = ( GEOMETRIC_REPRESENTATION_CONTEXT(2) 
PARAMETRIC_REPRESENTATION_CONTEXT() REPRESENTATION_CONTEXT('2D SPACE',''
  ) );
#1369 = ORIENTED_EDGE('',*,*,#1205,.T.);
#1370 = ORIENTED_EDGE('',*,*,#1347,.T.);
#1371 = ORIENTED_EDGE('',*,*,#1372,.F.);
#1372 = EDGE_CURVE('',#1348,#1348,#1373,.T.);
#1373 = SURFACE_CURVE('',#1374,(#1379,#1386),.PCURVE_S1.);
#1374 = CIRCLE('',#1375,36.75);
#1375 = AXIS2_PLACEMENT_3D('',#1376,#1377,#1378);
#1376 = CARTESIAN_POINT('',(0.,0.,50.));
#1377 = DIRECTION('',(0.,0.,1.));
#1378 = DIRECTION('',(1.,0.,-0.));
#1379 = PCURVE('',#1222,#1380);
#1380 = DEFINITIONAL_REPRESENTATION('',(#1381),#1385);
#1381 = LINE('',#1382,#1383);
#1382 = CARTESIAN_POINT('',(0.,51.));
#1383 = VECTOR('',#1384,1.);
#1384 = DIRECTION('',(1.,0.));
#1385 = ( GEOMETRIC_REPRESENTATION_CONTEXT(2) 
PARAMETRIC_REPRESENTATION_CONTEXT() REPRESENTATION_CONTEXT('2D SPACE',''
  ) );
#1386 = PCURVE('',#1387,#1392);
#1387 = PLANE('',#1388);
#1388 = AXIS2_PLACEMENT_3D('',#1389,#1390,#1391);
#1389 = CARTESIAN_POINT('',(0.,0.,50.));
#1390 = DIRECTION('',(0.,0.,1.));
#1391 = DIRECTION('',(1.,0.,-0.));
#1392 = DEFINITIONAL_REPRESENTATION('',(#1393),#1397);
#1393 = CIRCLE('',#1394,36.75);
#1394 = AXIS2_PLACEMENT_2D('',#1395,#1396);
#1395 = CARTESIAN_POINT('',(0.,0.));
#1396 = DIRECTION('',(1.,0.));
#1397 = ( GEOMETRIC_REPRESENTATION_CONTEXT(2) 
PARAMETRIC_REPRESENTATION_CONTEXT() REPRESENTATION_CONTEXT('2D SPACE',''
  ) );
#1398 = FACE_BOUND('',#1399,.F.);
#1399 = EDGE_LOOP('',(#1400));
#1400 = ORIENTED_EDGE('',*,*,#1401,.T.);
#1401 = EDGE_CURVE('',#1402,#1402,#1404,.T.);
#1402 = VERTEX_POINT('',#1403);
#1403 = CARTESIAN_POINT('',(16.,33.084172953242,24.));
#1404 = SURFACE_CURVE('',#1405,(#1528,#1654),.PCURVE_S1.);
#1405 = B_SPLINE_CURVE_WITH_KNOTS('',6,(#1406,#1407,#1408,#1409,#1410,
    #1411,#1412,#1413,#1414,#1415,#1416,#1417,#1418,#1419,#1420,#1421,
    #1422,#1423,#1424,#1425,#1426,#1427,#1428,#1429,#1430,#1431,#1432,
    #1433,#1434,#1435,#1436,#1437,#1438,#1439,#1440,#1441,#1442,#1443,
    #1444,#1445,#1446,#1447,#1448,#1449,#1450,#1451,#1452,#1453,#1454,
    #1455,#1456,#1457,#1458,#1459,#1460,#1461,#1462,#1463,#1464,#1465,
    #1466,#1467,#1468,#1469,#1470,#1471,#1472,#1473,#1474,#1475,#1476,
    #1477,#1478,#1479,#1480,#1481,#1482,#1483,#1484,#1485,#1486,#1487,
    #1488,#1489,#1490,#1491,#1492,#1493,#1494,#1495,#1496,#1497,#1498,
    #1499,#1500,#1501,#1502,#1503,#1504,#1505,#1506,#1507,#1508,#1509,
    #1510,#1511,#1512,#1513,#1514,#1515,#1516,#1517,#1518,#1519,#1520,
    #1521,#1522,#1523,#1524,#1525,#1526,#1527),.UNSPECIFIED.,.T.,.F.,(7,
    5,5,5,5,5,5,5,5,5,5,5,5,5,5,5,5,5,5,5,5,5,5,5,7),(0.,
    5.630987235705E-02,0.119743697075,0.161181737799,0.190521805338,
    0.224572222075,0.250034115453,0.287313090789,0.310609583739,
    0.339333230382,0.362251007741,0.444052617596,0.500092570886,
    0.556381596749,0.619791937602,0.661214637519,0.690543843049,
    0.724581653931,0.750034121007,0.787299295222,0.810587163539,
    0.839300176354,0.862209469155,0.943980794064,1.),.UNSPECIFIED.);
#1406 = CARTESIAN_POINT('',(16.,33.084172953242,24.));
#1407 = CARTESIAN_POINT('',(16.,33.084172953242,24.825968087868));
#1408 = CARTESIAN_POINT('',(15.948833282806,33.108917937755,
    25.65173394641));
#1409 = CARTESIAN_POINT('',(15.846546627036,33.15838530507,
    26.474586554966));
#1410 = CARTESIAN_POINT('',(15.693080095439,33.231871705004,
    27.291792282567));
#1411 = CARTESIAN_POINT('',(15.488286784014,33.327987903522,
    28.100485305825));
#1412 = CARTESIAN_POINT('',(14.94329615137,33.576197536381,
    29.795472460526));
#1413 = CARTESIAN_POINT('',(14.589358334331,33.733783431888,
    30.678290668617));
#1414 = CARTESIAN_POINT('',(14.16959023468,33.914743990572,
    31.543037294139));
#1415 = CARTESIAN_POINT('',(13.682674500417,34.115622353051,
    32.386147334783));
#1416 = CARTESIAN_POINT('',(13.126795677694,34.332117033415,
    33.20304530783));
#1417 = CARTESIAN_POINT('',(12.09024978403,34.70703176187,
    34.500302476337));
#1418 = CARTESIAN_POINT('',(11.650201051587,34.859608493375,
    34.999309231369));
#1419 = CARTESIAN_POINT('',(11.178823734403,35.015220442936,
    35.483314268301));
#1420 = CARTESIAN_POINT('',(10.675157353242,35.172261867726,
    35.950497813088));
#1421 = CARTESIAN_POINT('',(10.138221738195,35.32886700295,
    36.398554332391));
#1422 = CARTESIAN_POINT('',(9.162731754753,35.591884665442,
    37.126266295044));
#1423 = CARTESIAN_POINT('',(8.74112214958,35.699629524816,
    37.416970493879));
#1424 = CARTESIAN_POINT('',(8.302076747524,35.805277423868,
    37.695579171574));
#1425 = CARTESIAN_POINT('',(7.8454582052,35.907937583152,37.960832576106
    ));
#1426 = CARTESIAN_POINT('',(7.371195259287,36.006648604294,
    38.211345239892));
#1427 = CARTESIAN_POINT('',(6.308400431446,36.209174626787,
    38.717469337748));
#1428 = CARTESIAN_POINT('',(5.712993860097,36.311408734789,
    38.967800569671));
#1429 = CARTESIAN_POINT('',(5.094636924927,36.405132046984,
    39.193311312669));
#1430 = CARTESIAN_POINT('',(4.455169609002,36.488452853138,
    39.391025708531));
#1431 = CARTESIAN_POINT('',(3.796673405253,36.559636450706,
    39.558253236127));
#1432 = CARTESIAN_POINT('',(2.616529458673,36.660238215785,
    39.79299846239));
#1433 = CARTESIAN_POINT('',(2.102595899472,36.695633630586,
    39.874959596299));
#1434 = CARTESIAN_POINT('',(1.581768675126,36.722680410878,
    39.937252526129));
#1435 = CARTESIAN_POINT('',(1.056239423611,36.740889102981,
    39.979072191065));
#1436 = CARTESIAN_POINT('',(0.528237457326,36.75,40.));
#1437 = CARTESIAN_POINT('',(-0.773396968179,36.75,40.));
#1438 = CARTESIAN_POINT('',(-1.545376570243,36.730468800783,
    39.955139178235));
#1439 = CARTESIAN_POINT('',(-2.309585840705,36.691540651285,
    39.865726544547));
#1440 = CARTESIAN_POINT('',(-3.059731270783,36.634341035301,
    39.733580503226));
#1441 = CARTESIAN_POINT('',(-3.789757426638,36.56095937602,
    39.56201147242));
#1442 = CARTESIAN_POINT('',(-4.934126034035,36.419960683678,
    39.22710364478));
#1443 = CARTESIAN_POINT('',(-5.364697412468,36.360440272605,
    39.084660866106));
#1444 = CARTESIAN_POINT('',(-5.785240575709,36.296168571961,
    38.929435171952));
#1445 = CARTESIAN_POINT('',(-6.195315069218,36.227711642036,
    38.762305402726));
#1446 = CARTESIAN_POINT('',(-6.594530824335,36.155647680152,
    38.584174310682));
#1447 = CARTESIAN_POINT('',(-7.46095736859,35.987971084631,
    38.163927273839));
#1448 = CARTESIAN_POINT('',(-7.922447209855,35.890763258094,
    37.916522413385));
#1449 = CARTESIAN_POINT('',(-8.367036754683,35.789885045306,
    37.655162653594));
#1450 = CARTESIAN_POINT('',(-8.794805638927,35.686230708113,
    37.381133644208));
#1451 = CARTESIAN_POINT('',(-9.205892515527,35.580628971168,
    37.095604386171));
#1452 = CARTESIAN_POINT('',(-9.91533492426,35.388628379028,
    36.563479812395));
#1453 = CARTESIAN_POINT('',(-10.21973512174,35.302647989903,
    36.320639911405));
#1454 = CARTESIAN_POINT('',(-10.51385167995,35.216260560873,
    36.07159165943));
#1455 = CARTESIAN_POINT('',(-10.79784436479,35.129804275435,
    35.816766715888));
#1456 = CARTESIAN_POINT('',(-11.07187557444,35.043590475356,
    35.55654650742));
#1457 = CARTESIAN_POINT('',(-12.27925780385,34.652061907827,
    34.344368608235));
#1458 = CARTESIAN_POINT('',(-13.09886512957,34.352533674558,
    33.331681255751));
#1459 = CARTESIAN_POINT('',(-13.8003959191,34.072803457956,
    32.269319274534));
#1460 = CARTESIAN_POINT('',(-14.38894541302,33.822920995315,
    31.16794882379));
#1461 = CARTESIAN_POINT('',(-14.86800386165,33.610578563587,
    30.035109908973));
#1462 = CARTESIAN_POINT('',(-15.49280502264,33.325867045349,
    28.082601254246));
#1463 = CARTESIAN_POINT('',(-15.69578867651,33.230574670257,
    27.277336285585));
#1464 = CARTESIAN_POINT('',(-15.84790085054,33.157730381995,
    26.463669346193));
#1465 = CARTESIAN_POINT('',(-15.94928509427,33.10869943513,
    25.644428677822));
#1466 = CARTESIAN_POINT('',(-16.,33.084172953242,24.822313272493));
#1467 = CARTESIAN_POINT('',(-16.,33.084172953242,23.17403191213));
#1468 = CARTESIAN_POINT('',(-15.9488332828,33.108917937755,
    22.34826605359));
#1469 = CARTESIAN_POINT('',(-15.84654662703,33.15838530507,
    21.525413445035));
#1470 = CARTESIAN_POINT('',(-15.69308009544,33.231871705004,
    20.708207717433));
#1471 = CARTESIAN_POINT('',(-15.48828678401,33.327987903522,
    19.899514694174));
#1472 = CARTESIAN_POINT('',(-14.94329615141,33.576197536362,
    18.204527539606));
#1473 = CARTESIAN_POINT('',(-14.58935833436,33.733783431871,
    17.321709331432));
#1474 = CARTESIAN_POINT('',(-14.16959023461,33.914743990609,
    16.456962705647));
#1475 = CARTESIAN_POINT('',(-13.68267450026,34.1156223531,
    15.613852665097));
#1476 = CARTESIAN_POINT('',(-13.12679567788,34.332117033345,
    14.796954692412));
#1477 = CARTESIAN_POINT('',(-12.09024978403,34.70703176187,
    13.499697523662));
#1478 = CARTESIAN_POINT('',(-11.65020105158,34.859608493375,
    13.000690768631));
#1479 = CARTESIAN_POINT('',(-11.1788237344,35.015220442936,
    12.516685731699));
#1480 = CARTESIAN_POINT('',(-10.67515735324,35.172261867726,
    12.049502186912));
#1481 = CARTESIAN_POINT('',(-10.13822173819,35.32886700295,
    11.601445667609));
#1482 = CARTESIAN_POINT('',(-9.162731754753,35.591884665442,
    10.873733704956));
#1483 = CARTESIAN_POINT('',(-8.74112214958,35.699629524816,
    10.583029506121));
#1484 = CARTESIAN_POINT('',(-8.302076747524,35.805277423868,
    10.304420828426));
#1485 = CARTESIAN_POINT('',(-7.8454582052,35.907937583152,
    10.039167423894));
#1486 = CARTESIAN_POINT('',(-7.371195259287,36.006648604294,
    9.788654760108));
#1487 = CARTESIAN_POINT('',(-6.30840043187,36.209174626706,
    9.282530662454));
#1488 = CARTESIAN_POINT('',(-5.712993859987,36.311408734829,
    9.032199430228));
#1489 = CARTESIAN_POINT('',(-5.094636924495,36.405132047044,
    8.806688687186));
#1490 = CARTESIAN_POINT('',(-4.455169608881,36.48845285313,
    8.608974291493));
#1491 = CARTESIAN_POINT('',(-3.796673405693,36.559636450668,
    8.441746763961));
#1492 = CARTESIAN_POINT('',(-2.616529458673,36.660238215785,
    8.20700153761));
#1493 = CARTESIAN_POINT('',(-2.102595899472,36.695633630586,
    8.125040403701));
#1494 = CARTESIAN_POINT('',(-1.581768675126,36.722680410878,
    8.062747473871));
#1495 = CARTESIAN_POINT('',(-1.056239423611,36.740889102981,
    8.020927808935));
#1496 = CARTESIAN_POINT('',(-0.528237457326,36.75,8.));
#1497 = CARTESIAN_POINT('',(0.773396968361,36.75,8.));
#1498 = CARTESIAN_POINT('',(1.545376570196,36.730468800774,
    8.044860821786));
#1499 = CARTESIAN_POINT('',(2.309585840527,36.691540651296,
    8.134273455427));
#1500 = CARTESIAN_POINT('',(3.059731270734,36.634341035315,
    8.266419496739));
#1501 = CARTESIAN_POINT('',(3.789757426813,36.560959375998,
    8.437988527631));
#1502 = CARTESIAN_POINT('',(4.934126034035,36.419960683678,8.77289635522
    ));
#1503 = CARTESIAN_POINT('',(5.364697412468,36.360440272605,
    8.915339133894));
#1504 = CARTESIAN_POINT('',(5.785240575709,36.296168571961,
    9.070564828048));
#1505 = CARTESIAN_POINT('',(6.195315069218,36.227711642036,
    9.237694597274));
#1506 = CARTESIAN_POINT('',(6.594530824336,36.155647680152,
    9.415825689318));
#1507 = CARTESIAN_POINT('',(7.460957368607,35.987971084628,
    9.836072726169));
#1508 = CARTESIAN_POINT('',(7.922447209851,35.890763258095,
    10.083477586615));
#1509 = CARTESIAN_POINT('',(8.367036754669,35.789885045309,
    10.344837346398));
#1510 = CARTESIAN_POINT('',(8.794805638924,35.686230708114,
    10.618866355789));
#1511 = CARTESIAN_POINT('',(9.205892515538,35.580628971165,
    10.904395613838));
#1512 = CARTESIAN_POINT('',(9.915334922446,35.388628379519,
    11.436520186244));
#1513 = CARTESIAN_POINT('',(10.21973512263,35.302647989694,
    11.679360089109));
#1514 = CARTESIAN_POINT('',(10.513851681894,35.216260560297,
    11.928408342264));
#1515 = CARTESIAN_POINT('',(10.797844365028,35.129804275311,
    12.183233284573));
#1516 = CARTESIAN_POINT('',(11.071875572602,35.043590475953,
    12.443453490732));
#1517 = CARTESIAN_POINT('',(12.279257803851,34.652061907828,
    13.655631391764));
#1518 = CARTESIAN_POINT('',(13.098865129577,34.352533674557,
    14.66831874425));
#1519 = CARTESIAN_POINT('',(13.800395919102,34.072803457956,
    15.730680725468));
#1520 = CARTESIAN_POINT('',(14.388945413029,33.822920995316,
    16.832051176207));
#1521 = CARTESIAN_POINT('',(14.868003861656,33.610578563587,
    17.964890091029));
#1522 = CARTESIAN_POINT('',(15.492805022648,33.325867045349,
    19.917398745754));
#1523 = CARTESIAN_POINT('',(15.695788676512,33.230574670257,
    20.722663714413));
#1524 = CARTESIAN_POINT('',(15.84790085054,33.157730381995,
    21.53633065381));
#1525 = CARTESIAN_POINT('',(15.949285094271,33.10869943513,
    22.355571322177));
#1526 = CARTESIAN_POINT('',(16.,33.084172953242,23.177686727507));
#1527 = CARTESIAN_POINT('',(16.,33.084172953242,24.));
#1528 = PCURVE('',#1222,#1529);
#1529 = DEFINITIONAL_REPRESENTATION('',(#1530),#1653);
#1530 = B_SPLINE_CURVE_WITH_KNOTS('',6,(#1531,#1532,#1533,#1534,#1535,
    #1536,#1537,#1538,#1539,#1540,#1541,#1542,#1543,#1544,#1545,#1546,
    #1547,#1548,#1549,#1550,#1551,#1552,#1553,#1554,#1555,#1556,#1557,
    #1558,#1559,#1560,#1561,#1562,#1563,#1564,#1565,#1566,#1567,#1568,
    #1569,#1570,#1571,#1572,#1573,#1574,#1575,#1576,#1577,#1578,#1579,
    #1580,#1581,#1582,#1583,#1584,#1585,#1586,#1587,#1588,#1589,#1590,
    #1591,#1592,#1593,#1594,#1595,#1596,#1597,#1598,#1599,#1600,#1601,
    #1602,#1603,#1604,#1605,#1606,#1607,#1608,#1609,#1610,#1611,#1612,
    #1613,#1614,#1615,#1616,#1617,#1618,#1619,#1620,#1621,#1622,#1623,
    #1624,#1625,#1626,#1627,#1628,#1629,#1630,#1631,#1632,#1633,#1634,
    #1635,#1636,#1637,#1638,#1639,#1640,#1641,#1642,#1643,#1644,#1645,
    #1646,#1647,#1648,#1649,#1650,#1651,#1652),.UNSPECIFIED.,.T.,.F.,(7,
    5,5,5,5,5,5,5,5,5,5,5,5,5,5,5,5,5,5,5,5,5,5,5,7),(0.,
    5.630987235705E-02,0.119743697075,0.161181737799,0.190521805338,
    0.224572222075,0.250034115453,0.287313090789,0.310609583739,
    0.339333230382,0.362251007741,0.444052617596,0.500092570886,
    0.556381596749,0.619791937602,0.661214637519,0.690543843049,
    0.724581653931,0.750034121007,0.787299295222,0.810587163539,
    0.839300176354,0.862209469155,0.943980794064,1.),.UNSPECIFIED.);
#1531 = CARTESIAN_POINT('',(1.12034248519,25.));
#1532 = CARTESIAN_POINT('',(1.12034248519,25.825968087868));
#1533 = CARTESIAN_POINT('',(1.121889046359,26.65173394641));
#1534 = CARTESIAN_POINT('',(1.124980758746,27.474586554966));
#1535 = CARTESIAN_POINT('',(1.129610745964,28.291792282567));
#1536 = CARTESIAN_POINT('',(1.135766176827,29.100485305825));
#1537 = CARTESIAN_POINT('',(1.152061448751,30.795472460526));
#1538 = CARTESIAN_POINT('',(1.162603499622,31.678290668617));
#1539 = CARTESIAN_POINT('',(1.17504051502,32.543037294139));
#1540 = CARTESIAN_POINT('',(1.189369888005,33.386147334783));
#1541 = CARTESIAN_POINT('',(1.205597721542,34.20304530783));
#1542 = CARTESIAN_POINT('',(1.235591330849,35.500302476337));
#1543 = CARTESIAN_POINT('',(1.248263653875,35.999309231369));
#1544 = CARTESIAN_POINT('',(1.261768755755,36.483314268301));
#1545 = CARTESIAN_POINT('',(1.276121329226,36.950497813088));
#1546 = CARTESIAN_POINT('',(1.291337419698,37.398554332391));
#1547 = CARTESIAN_POINT('',(1.318829288657,38.126266295044));
#1548 = CARTESIAN_POINT('',(1.330669332118,38.416970493879));
#1549 = CARTESIAN_POINT('',(1.342955270491,38.695579171574));
#1550 = CARTESIAN_POINT('',(1.355688101928,38.960832576106));
#1551 = CARTESIAN_POINT('',(1.368867897216,39.211345239892));
#1552 = CARTESIAN_POINT('',(1.398307881491,39.717469337748));
#1553 = CARTESIAN_POINT('',(1.41474379297,39.967800569671));
#1554 = CARTESIAN_POINT('',(1.431756875077,40.193311312669));
#1555 = CARTESIAN_POINT('',(1.449298369784,40.391025708531));
#1556 = CARTESIAN_POINT('',(1.467316387741,40.558253236127));
#1557 = CARTESIAN_POINT('',(1.499545614965,40.79299846239));
#1558 = CARTESIAN_POINT('',(1.513561474702,40.874959596299));
#1559 = CARTESIAN_POINT('',(1.527749652213,40.937252526129));
#1560 = CARTESIAN_POINT('',(1.542055120956,40.979072191065));
#1561 = CARTESIAN_POINT('',(1.556422518432,41.));
#1562 = CARTESIAN_POINT('',(1.591841142256,41.));
#1563 = CARTESIAN_POINT('',(1.612847393841,40.955139178235));
#1564 = CARTESIAN_POINT('',(1.633658961323,40.865726544547));
#1565 = CARTESIAN_POINT('',(1.654121158081,40.733580503226));
#1566 = CARTESIAN_POINT('',(1.67408091114,40.56201147242));
#1567 = CARTESIAN_POINT('',(1.705455664258,40.22710364478));
#1568 = CARTESIAN_POINT('',(1.717282014448,40.084660866106));
#1569 = CARTESIAN_POINT('',(1.728856512754,39.929435171952));
#1570 = CARTESIAN_POINT('',(1.740167902521,39.762305402726));
#1571 = CARTESIAN_POINT('',(1.751205613114,39.584174310682));
#1572 = CARTESIAN_POINT('',(1.775219282494,39.163927273839));
#1573 = CARTESIAN_POINT('',(1.788050653586,38.916522413385));
#1574 = CARTESIAN_POINT('',(1.800453701605,38.655162653594));
#1575 = CARTESIAN_POINT('',(1.812428773276,38.381133644208));
#1576 = CARTESIAN_POINT('',(1.823977040688,38.095604386171));
#1577 = CARTESIAN_POINT('',(1.843976073636,37.563479812395));
#1578 = CARTESIAN_POINT('',(1.852582633616,37.320639911405));
#1579 = CARTESIAN_POINT('',(1.86092323454,37.07159165943));
#1580 = CARTESIAN_POINT('',(1.869000549169,36.816766715888));
#1581 = CARTESIAN_POINT('',(1.876817207501,36.55654650742));
#1582 = CARTESIAN_POINT('',(1.911355382505,35.344368608235));
#1583 = CARTESIAN_POINT('',(1.935084209839,34.331681255751));
#1584 = CARTESIAN_POINT('',(1.955625814023,33.269319274534));
#1585 = CARTESIAN_POINT('',(1.973020921042,32.16794882379));
#1586 = CARTESIAN_POINT('',(1.987278942568,31.035109908973));
#1587 = CARTESIAN_POINT('',(2.005962284109,29.082601254246));
#1588 = CARTESIAN_POINT('',(2.012063624341,28.277336285585));
#1589 = CARTESIAN_POINT('',(2.016652827583,27.463669346193));
#1590 = CARTESIAN_POINT('',(2.019717263634,26.644428677822));
#1591 = CARTESIAN_POINT('',(2.0212501684,25.822313272493));
#1592 = CARTESIAN_POINT('',(2.0212501684,24.17403191213));
#1593 = CARTESIAN_POINT('',(2.019703607231,23.34826605359));
#1594 = CARTESIAN_POINT('',(2.016611894843,22.525413445035));
#1595 = CARTESIAN_POINT('',(2.011981907626,21.708207717433));
#1596 = CARTESIAN_POINT('',(2.005826476763,20.899514694174));
#1597 = CARTESIAN_POINT('',(1.98953120484,19.204527539606));
#1598 = CARTESIAN_POINT('',(1.978989153969,18.321709331432));
#1599 = CARTESIAN_POINT('',(1.966552138568,17.456962705647));
#1600 = CARTESIAN_POINT('',(1.952222765581,16.613852665097));
#1601 = CARTESIAN_POINT('',(1.935994932053,15.796954692412));
#1602 = CARTESIAN_POINT('',(1.906001322741,14.499697523662));
#1603 = CARTESIAN_POINT('',(1.893328999714,14.000690768631));
#1604 = CARTESIAN_POINT('',(1.879823897835,13.516685731699));
#1605 = CARTESIAN_POINT('',(1.865471324364,13.049502186912));
#1606 = CARTESIAN_POINT('',(1.850255233892,12.601445667609));
#1607 = CARTESIAN_POINT('',(1.822763364933,11.873733704956));
#1608 = CARTESIAN_POINT('',(1.810923321472,11.583029506121));
#1609 = CARTESIAN_POINT('',(1.798637383099,11.304420828426));
#1610 = CARTESIAN_POINT('',(1.785904551662,11.039167423894));
#1611 = CARTESIAN_POINT('',(1.772724756373,10.788654760108));
#1612 = CARTESIAN_POINT('',(1.743284772111,10.282530662454));
#1613 = CARTESIAN_POINT('',(1.726848860616,10.032199430228));
#1614 = CARTESIAN_POINT('',(1.7098357785,9.806688687186));
#1615 = CARTESIAN_POINT('',(1.692294283803,9.608974291493));
#1616 = CARTESIAN_POINT('',(1.674276265861,9.441746763961));
#1617 = CARTESIAN_POINT('',(1.642047038625,9.20700153761));
#1618 = CARTESIAN_POINT('',(1.628031178888,9.125040403701));
#1619 = CARTESIAN_POINT('',(1.613843001376,9.062747473871));
#1620 = CARTESIAN_POINT('',(1.599537532634,9.020927808935));
#1621 = CARTESIAN_POINT('',(1.585170135158,9.));
#1622 = CARTESIAN_POINT('',(1.549751511329,9.));
#1623 = CARTESIAN_POINT('',(1.52874525975,9.044860821786));
#1624 = CARTESIAN_POINT('',(1.507933692272,9.134273455427));
#1625 = CARTESIAN_POINT('',(1.48747149551,9.266419496739));
#1626 = CARTESIAN_POINT('',(1.467511742445,9.437988527631));
#1627 = CARTESIAN_POINT('',(1.436136989332,9.77289635522));
#1628 = CARTESIAN_POINT('',(1.424310639141,9.915339133894));
#1629 = CARTESIAN_POINT('',(1.412736140836,10.070564828048));
#1630 = CARTESIAN_POINT('',(1.401424751069,10.237694597274));
#1631 = CARTESIAN_POINT('',(1.390387040476,10.415825689318));
#1632 = CARTESIAN_POINT('',(1.366373371095,10.836072726169));
#1633 = CARTESIAN_POINT('',(1.353542000004,11.083477586615));
#1634 = CARTESIAN_POINT('',(1.341138951985,11.344837346398));
#1635 = CARTESIAN_POINT('',(1.329163880314,11.618866355789));
#1636 = CARTESIAN_POINT('',(1.317615612902,11.904395613838));
#1637 = CARTESIAN_POINT('',(1.297616580005,12.436520186244));
#1638 = CARTESIAN_POINT('',(1.289010019949,12.679360089109));
#1639 = CARTESIAN_POINT('',(1.280669418995,12.928408342264));
#1640 = CARTESIAN_POINT('',(1.272592104414,13.183233284573));
#1641 = CARTESIAN_POINT('',(1.264775446141,13.443453490732));
#1642 = CARTESIAN_POINT('',(1.230237271085,14.655631391764));
#1643 = CARTESIAN_POINT('',(1.206508443751,15.66831874425));
#1644 = CARTESIAN_POINT('',(1.185966839567,16.730680725468));
#1645 = CARTESIAN_POINT('',(1.168571732548,17.832051176207));
#1646 = CARTESIAN_POINT('',(1.154313711022,18.964890091029));
#1647 = CARTESIAN_POINT('',(1.135630369481,20.917398745754));
#1648 = CARTESIAN_POINT('',(1.129529029249,21.722663714413));
#1649 = CARTESIAN_POINT('',(1.124939826006,22.53633065381));
#1650 = CARTESIAN_POINT('',(1.121875389956,23.355571322177));
#1651 = CARTESIAN_POINT('',(1.12034248519,24.177686727507));
#1652 = CARTESIAN_POINT('',(1.12034248519,25.));
#1653 = ( GEOMETRIC_REPRESENTATION_CONTEXT(2) 
PARAMETRIC_REPRESENTATION_CONTEXT() REPRESENTATION_CONTEXT('2D SPACE',''
  ) );
#1654 = PCURVE('',#1655,#1660);
#1655 = CYLINDRICAL_SURFACE('',#1656,16.);
#1656 = AXIS2_PLACEMENT_3D('',#1657,#1658,#1659);
#1657 = CARTESIAN_POINT('',(0.,38.,24.));
#1658 = DIRECTION('',(0.,-1.,1.110223024625E-16));
#1659 = DIRECTION('',(1.,0.,0.));
#1660 = DEFINITIONAL_REPRESENTATION('',(#1661),#1784);
#1661 = B_SPLINE_CURVE_WITH_KNOTS('',6,(#1662,#1663,#1664,#1665,#1666,
    #1667,#1668,#1669,#1670,#1671,#1672,#1673,#1674,#1675,#1676,#1677,
    #1678,#1679,#1680,#1681,#1682,#1683,#1684,#1685,#1686,#1687,#1688,
    #1689,#1690,#1691,#1692,#1693,#1694,#1695,#1696,#1697,#1698,#1699,
    #1700,#1701,#1702,#1703,#1704,#1705,#1706,#1707,#1708,#1709,#1710,
    #1711,#1712,#1713,#1714,#1715,#1716,#1717,#1718,#1719,#1720,#1721,
    #1722,#1723,#1724,#1725,#1726,#1727,#1728,#1729,#1730,#1731,#1732,
    #1733,#1734,#1735,#1736,#1737,#1738,#1739,#1740,#1741,#1742,#1743,
    #1744,#1745,#1746,#1747,#1748,#1749,#1750,#1751,#1752,#1753,#1754,
    #1755,#1756,#1757,#1758,#1759,#1760,#1761,#1762,#1763,#1764,#1765,
    #1766,#1767,#1768,#1769,#1770,#1771,#1772,#1773,#1774,#1775,#1776,
    #1777,#1778,#1779,#1780,#1781,#1782,#1783),.UNSPECIFIED.,.F.,.F.,(7,
    5,5,5,5,5,5,5,5,5,5,5,5,5,5,5,5,5,5,5,5,5,5,5,7),(0.,
    5.630987235705E-02,0.119743697075,0.161181737799,0.190521805338,
    0.224572222075,0.250034115453,0.287313090789,0.310609583739,
    0.339333230382,0.362251007741,0.444052617596,0.500092570886,
    0.556381596749,0.619791937602,0.661214637519,0.690543843049,
    0.724581653931,0.750034121007,0.787299295222,0.810587163539,
    0.839300176354,0.862209469155,0.943980794064,1.),.UNSPECIFIED.);
#1662 = CARTESIAN_POINT('',(0.,4.915827046758));
#1663 = CARTESIAN_POINT('',(5.162300549177E-02,4.915827046758));
#1664 = CARTESIAN_POINT('',(0.103233372488,4.891082062245));
#1665 = CARTESIAN_POINT('',(0.154909285624,4.84161469493));
#1666 = CARTESIAN_POINT('',(0.206726939312,4.768128294996));
#1667 = CARTESIAN_POINT('',(0.258762104224,4.672012096478));
#1668 = CARTESIAN_POINT('',(0.370040124647,4.423802463619));
#1669 = CARTESIAN_POINT('',(0.429339071145,4.266216568112));
#1670 = CARTESIAN_POINT('',(0.489190681852,4.085256009428));
#1671 = CARTESIAN_POINT('',(0.549799452852,3.884377646949));
#1672 = CARTESIAN_POINT('',(0.611373855088,3.667882966585));
#1673 = CARTESIAN_POINT('',(0.715155919992,3.29296823813));
#1674 = CARTESIAN_POINT('',(0.756689358217,3.140391506625));
#1675 = CARTESIAN_POINT('',(0.798836935057,2.984779557064));
#1676 = CARTESIAN_POINT('',(0.841686767884,2.827738132274));
#1677 = CARTESIAN_POINT('',(0.885329774622,2.67113299705));
#1678 = CARTESIAN_POINT('',(0.961393723057,2.408115334558));
#1679 = CARTESIAN_POINT('',(0.993378763907,2.300370475184));
#1680 = CARTESIAN_POINT('',(1.02584172593,2.194722576132));
#1681 = CARTESIAN_POINT('',(1.058806835581,2.092062416848));
#1682 = CARTESIAN_POINT('',(1.092300452198,1.993351395706));
#1683 = CARTESIAN_POINT('',(1.165872654418,1.790825373213));
#1684 = CARTESIAN_POINT('',(1.206197258831,1.688591265211));
#1685 = CARTESIAN_POINT('',(1.247261143337,1.594867953016));
#1686 = CARTESIAN_POINT('',(1.289013964264,1.511547146862));
#1687 = CARTESIAN_POINT('',(1.331418238663,1.440363549294));
#1688 = CARTESIAN_POINT('',(1.406622259497,1.339761784215));
#1689 = CARTESIAN_POINT('',(1.43912527835,1.304366369414));
#1690 = CARTESIAN_POINT('',(1.471871012062,1.277319589122));
#1691 = CARTESIAN_POINT('',(1.504781361633,1.259110897019));
#1692 = CARTESIAN_POINT('',(1.537781485712,1.25));
#1693 = CARTESIAN_POINT('',(1.619133637306,1.25));
#1694 = CARTESIAN_POINT('',(1.667382358669,1.269531199217));
#1695 = CARTESIAN_POINT('',(1.715348750525,1.308459348715));
#1696 = CARTESIAN_POINT('',(1.762838922735,1.365658964699));
#1697 = CARTESIAN_POINT('',(1.809640661858,1.43904062398));
#1698 = CARTESIAN_POINT('',(1.884163696326,1.580039316322));
#1699 = CARTESIAN_POINT('',(1.912491643152,1.639559727395));
#1700 = CARTESIAN_POINT('',(1.940484819703,1.703831428039));
#1701 = CARTESIAN_POINT('',(1.968138875078,1.772288357964));
#1702 = CARTESIAN_POINT('',(1.995447105533,1.844352319848));
#1703 = CARTESIAN_POINT('',(2.055632448451,2.012028915369));
#1704 = CARTESIAN_POINT('',(2.088332115009,2.109236741906));
#1705 = CARTESIAN_POINT('',(2.120528044291,2.210114954694));
#1706 = CARTESIAN_POINT('',(2.152245263086,2.313769291887));
#1707 = CARTESIAN_POINT('',(2.18350689686,2.419371028832));
#1708 = CARTESIAN_POINT('',(2.238933688855,2.611371620972));
#1709 = CARTESIAN_POINT('',(2.263260224983,2.697352010097));
#1710 = CARTESIAN_POINT('',(2.287332199729,2.783739439127));
#1711 = CARTESIAN_POINT('',(2.311165272816,2.870195724565));
#1712 = CARTESIAN_POINT('',(2.334774814064,2.956409524644));
#1713 = CARTESIAN_POINT('',(2.441705485003,3.347938092173));
#1714 = CARTESIAN_POINT('',(2.522699257995,3.647466325442));
#1715 = CARTESIAN_POINT('',(2.601732166073,3.927196542044));
#1716 = CARTESIAN_POINT('',(2.679294101548,4.177079004685));
#1717 = CARTESIAN_POINT('',(2.755853601498,4.389421436413));
#1718 = CARTESIAN_POINT('',(2.883981140155,4.674132954651));
#1719 = CARTESIAN_POINT('',(2.935782286957,4.769425329743));
#1720 = CARTESIAN_POINT('',(2.987368966003,4.842269618005));
#1721 = CARTESIAN_POINT('',(3.038815860434,4.89130056487));
#1722 = CARTESIAN_POINT('',(3.090198074059,4.915827046758));
#1723 = CARTESIAN_POINT('',(3.193215659082,4.915827046758));
#1724 = CARTESIAN_POINT('',(3.244826026078,4.891082062245));
#1725 = CARTESIAN_POINT('',(3.296501939214,4.84161469493));
#1726 = CARTESIAN_POINT('',(3.348319592902,4.768128294996));
#1727 = CARTESIAN_POINT('',(3.400354757814,4.672012096478));
#1728 = CARTESIAN_POINT('',(3.511632778228,4.423802463638));
#1729 = CARTESIAN_POINT('',(3.570931724731,4.266216568129));
#1730 = CARTESIAN_POINT('',(3.630783335455,4.085256009391));
#1731 = CARTESIAN_POINT('',(3.691392106453,3.8843776469));
#1732 = CARTESIAN_POINT('',(3.752966508659,3.667882966655));
#1733 = CARTESIAN_POINT('',(3.856748573582,3.29296823813));
#1734 = CARTESIAN_POINT('',(3.898282011807,3.140391506625));
#1735 = CARTESIAN_POINT('',(3.940429588647,2.984779557064));
#1736 = CARTESIAN_POINT('',(3.983279421474,2.827738132274));
#1737 = CARTESIAN_POINT('',(4.026922428212,2.67113299705));
#1738 = CARTESIAN_POINT('',(4.102986376647,2.408115334558));
#1739 = CARTESIAN_POINT('',(4.134971417497,2.300370475184));
#1740 = CARTESIAN_POINT('',(4.167434379519,2.194722576132));
#1741 = CARTESIAN_POINT('',(4.200399489171,2.092062416848));
#1742 = CARTESIAN_POINT('',(4.233893105788,1.993351395706));
#1743 = CARTESIAN_POINT('',(4.307465307979,1.790825373294));
#1744 = CARTESIAN_POINT('',(4.34778991243,1.688591265171));
#1745 = CARTESIAN_POINT('',(4.388853796956,1.594867952956));
#1746 = CARTESIAN_POINT('',(4.430606617861,1.51154714687));
#1747 = CARTESIAN_POINT('',(4.473010892224,1.440363549332));
#1748 = CARTESIAN_POINT('',(4.548214913087,1.339761784215));
#1749 = CARTESIAN_POINT('',(4.58071793194,1.304366369414));
#1750 = CARTESIAN_POINT('',(4.613463665652,1.277319589122));
#1751 = CARTESIAN_POINT('',(4.646374015223,1.259110897019));
#1752 = CARTESIAN_POINT('',(4.679374139302,1.25));
#1753 = CARTESIAN_POINT('',(4.760726290907,1.25));
#1754 = CARTESIAN_POINT('',(4.808975012255,1.269531199226));
#1755 = CARTESIAN_POINT('',(4.856941404104,1.308459348704));
#1756 = CARTESIAN_POINT('',(4.904431576321,1.365658964685));
#1757 = CARTESIAN_POINT('',(4.951233315459,1.439040624002));
#1758 = CARTESIAN_POINT('',(5.025756349916,1.580039316322));
#1759 = CARTESIAN_POINT('',(5.054084296742,1.639559727395));
#1760 = CARTESIAN_POINT('',(5.082077473293,1.703831428039));
#1761 = CARTESIAN_POINT('',(5.109731528667,1.772288357964));
#1762 = CARTESIAN_POINT('',(5.137039759123,1.844352319848));
#1763 = CARTESIAN_POINT('',(5.197225102042,2.012028915372));
#1764 = CARTESIAN_POINT('',(5.229924768599,2.109236741905));
#1765 = CARTESIAN_POINT('',(5.26212069788,2.210114954691));
#1766 = CARTESIAN_POINT('',(5.293837916676,2.313769291886));
#1767 = CARTESIAN_POINT('',(5.325099550451,2.419371028835));
#1768 = CARTESIAN_POINT('',(5.380526342303,2.611371620481));
#1769 = CARTESIAN_POINT('',(5.404852878636,2.697352010306));
#1770 = CARTESIAN_POINT('',(5.42892485348,2.783739439703));
#1771 = CARTESIAN_POINT('',(5.452757926436,2.870195724689));
#1772 = CARTESIAN_POINT('',(5.476367467491,2.956409524047));
#1773 = CARTESIAN_POINT('',(5.583298138592,3.347938092172));
#1774 = CARTESIAN_POINT('',(5.664291911585,3.647466325443));
#1775 = CARTESIAN_POINT('',(5.743324819663,3.927196542044));
#1776 = CARTESIAN_POINT('',(5.820886755138,4.177079004684));
#1777 = CARTESIAN_POINT('',(5.897446255088,4.389421436413));
#1778 = CARTESIAN_POINT('',(6.025573793745,4.674132954651));
#1779 = CARTESIAN_POINT('',(6.077374940546,4.769425329743));
#1780 = CARTESIAN_POINT('',(6.128961619593,4.842269618005));
#1781 = CARTESIAN_POINT('',(6.180408514023,4.89130056487));
#1782 = CARTESIAN_POINT('',(6.231790727649,4.915827046758));
#1783 = CARTESIAN_POINT('',(6.28318530718,4.915827046758));
#1784 = ( GEOMETRIC_REPRESENTATION_CONTEXT(2) 
PARAMETRIC_REPRESENTATION_CONTEXT() REPRESENTATION_CONTEXT('2D SPACE',''
  ) );
#1785 = FACE_BOUND('',#1786,.F.);
#1786 = EDGE_LOOP('',(#1787));
#1787 = ORIENTED_EDGE('',*,*,#1788,.F.);
#1788 = EDGE_CURVE('',#1789,#1789,#1791,.T.);
#1789 = VERTEX_POINT('',#1790);
#1790 = CARTESIAN_POINT('',(16.,-33.08417295324,24.));
#1791 = SURFACE_CURVE('',#1792,(#1915,#2041),.PCURVE_S1.);
#1792 = B_SPLINE_CURVE_WITH_KNOTS('',6,(#1793,#1794,#1795,#1796,#1797,
    #1798,#1799,#1800,#1801,#1802,#1803,#1804,#1805,#1806,#1807,#1808,
    #1809,#1810,#1811,#1812,#1813,#1814,#1815,#1816,#1817,#1818,#1819,
    #1820,#1821,#1822,#1823,#1824,#1825,#1826,#1827,#1828,#1829,#1830,
    #1831,#1832,#1833,#1834,#1835,#1836,#1837,#1838,#1839,#1840,#1841,
    #1842,#1843,#1844,#1845,#1846,#1847,#1848,#1849,#1850,#1851,#1852,
    #1853,#1854,#1855,#1856,#1857,#1858,#1859,#1860,#1861,#1862,#1863,
    #1864,#1865,#1866,#1867,#1868,#1869,#1870,#1871,#1872,#1873,#1874,
    #1875,#1876,#1877,#1878,#1879,#1880,#1881,#1882,#1883,#1884,#1885,
    #1886,#1887,#1888,#1889,#1890,#1891,#1892,#1893,#1894,#1895,#1896,
    #1897,#1898,#1899,#1900,#1901,#1902,#1903,#1904,#1905,#1906,#1907,
    #1908,#1909,#1910,#1911,#1912,#1913,#1914),.UNSPECIFIED.,.T.,.F.,(7,
    5,5,5,5,5,5,5,5,5,5,5,5,5,5,5,5,5,5,5,5,5,5,5,7),(0.,
    5.630987236117E-02,0.119743697069,0.161181737778,0.190521805312,
    0.224572222288,0.250034115676,0.287313091036,0.310609584006,
    0.339333230676,0.362251008056,0.444052617989,0.500092571331,
    0.556381597247,0.619791938155,0.661214636736,0.690543842145,
    0.724581652913,0.75003411992,0.787299294023,0.810587162265,
    0.839300174987,0.862209467846,0.943980793532,1.),.UNSPECIFIED.);
#1793 = CARTESIAN_POINT('',(16.,-33.08417295324,24.));
#1794 = CARTESIAN_POINT('',(16.,-33.08417295324,24.825968087869));
#1795 = CARTESIAN_POINT('',(15.948833282806,-33.10891793775,
    25.651733946411));
#1796 = CARTESIAN_POINT('',(15.846546627035,-33.15838530507,
    26.474586554965));
#1797 = CARTESIAN_POINT('',(15.69308009544,-33.231871705,27.291792282568
    ));
#1798 = CARTESIAN_POINT('',(15.488286784014,-33.32798790352,
    28.100485305826));
#1799 = CARTESIAN_POINT('',(14.943296151436,-33.57619753635,
    29.795472460324));
#1800 = CARTESIAN_POINT('',(14.58935833434,-33.73378343188,
    30.678290668686));
#1801 = CARTESIAN_POINT('',(14.169590234576,-33.91474399062,
    31.543037294339));
#1802 = CARTESIAN_POINT('',(13.682674500354,-34.11562235306,
    32.386147334807));
#1803 = CARTESIAN_POINT('',(13.126795677837,-34.33211703336,
    33.203045307652));
#1804 = CARTESIAN_POINT('',(12.090249784029,-34.70703176187,
    34.500302476339));
#1805 = CARTESIAN_POINT('',(11.650201051586,-34.85960849337,
    34.999309231369));
#1806 = CARTESIAN_POINT('',(11.178823734403,-35.01522044293,
    35.4833142683));
#1807 = CARTESIAN_POINT('',(10.675157353243,-35.17226186772,
    35.950497813088));
#1808 = CARTESIAN_POINT('',(10.138221738194,-35.32886700295,
    36.398554332392));
#1809 = CARTESIAN_POINT('',(9.162731754664,-35.59188466546,
    37.126266295111));
#1810 = CARTESIAN_POINT('',(8.741122149604,-35.6996295248,
    37.416970493849));
#1811 = CARTESIAN_POINT('',(8.302076747632,-35.80527742384,
    37.69557917151));
#1812 = CARTESIAN_POINT('',(7.845458205231,-35.90793758314,
    37.960832576103));
#1813 = CARTESIAN_POINT('',(7.371195259157,-36.00664860431,
    38.211345239954));
#1814 = CARTESIAN_POINT('',(6.308400427512,-36.20917462753,
    38.717469339621));
#1815 = CARTESIAN_POINT('',(5.712993866716,-36.31140873385,
    38.967800567377));
#1816 = CARTESIAN_POINT('',(5.094636924674,-36.40513204681,
    39.193311312212));
#1817 = CARTESIAN_POINT('',(4.455169602255,-36.48845285399,
    39.39102571061));
#1818 = CARTESIAN_POINT('',(3.796673409712,-36.55963645032,
    39.55825323524));
#1819 = CARTESIAN_POINT('',(2.616529458672,-36.66023821578,
    39.79299846239));
#1820 = CARTESIAN_POINT('',(2.102595899472,-36.69563363058,
    39.874959596299));
#1821 = CARTESIAN_POINT('',(1.581768675126,-36.72268041087,
    39.937252526129));
#1822 = CARTESIAN_POINT('',(1.056239423611,-36.74088910298,
    39.979072191065));
#1823 = CARTESIAN_POINT('',(0.528237457325,-36.75,40.));
#1824 = CARTESIAN_POINT('',(-0.773396968361,-36.75,40.));
#1825 = CARTESIAN_POINT('',(-1.545376570197,-36.73046880077,
    39.955139178214));
#1826 = CARTESIAN_POINT('',(-2.309585840525,-36.69154065129,
    39.865726544573));
#1827 = CARTESIAN_POINT('',(-3.059731270736,-36.63434103531,
    39.733580503261));
#1828 = CARTESIAN_POINT('',(-3.789757426812,-36.56095937599,
    39.562011472369));
#1829 = CARTESIAN_POINT('',(-4.934126034036,-36.41996068367,
    39.22710364478));
#1830 = CARTESIAN_POINT('',(-5.364697412468,-36.3604402726,
    39.084660866106));
#1831 = CARTESIAN_POINT('',(-5.785240575709,-36.29616857196,
    38.929435171952));
#1832 = CARTESIAN_POINT('',(-6.195315069218,-36.22771164203,
    38.762305402726));
#1833 = CARTESIAN_POINT('',(-6.594530824335,-36.15564768015,
    38.584174310682));
#1834 = CARTESIAN_POINT('',(-7.460957368607,-35.98797108462,
    38.163927273831));
#1835 = CARTESIAN_POINT('',(-7.922447209851,-35.89076325809,
    37.916522413385));
#1836 = CARTESIAN_POINT('',(-8.367036754669,-35.7898850453,
    37.655162653603));
#1837 = CARTESIAN_POINT('',(-8.794805638923,-35.68623070811,
    37.381133644211));
#1838 = CARTESIAN_POINT('',(-9.205892515538,-35.58062897116,
    37.095604386162));
#1839 = CARTESIAN_POINT('',(-9.91533492426,-35.38862837902,
    36.563479812395));
#1840 = CARTESIAN_POINT('',(-10.21973512174,-35.3026479899,
    36.320639911405));
#1841 = CARTESIAN_POINT('',(-10.51385167995,-35.21626056087,
    36.07159165943));
#1842 = CARTESIAN_POINT('',(-10.79784436479,-35.12980427543,
    35.816766715888));
#1843 = CARTESIAN_POINT('',(-11.07187557444,-35.04359047535,
    35.55654650742));
#1844 = CARTESIAN_POINT('',(-12.27925780385,-34.65206190782,
    34.344368608233));
#1845 = CARTESIAN_POINT('',(-13.09886512957,-34.35253367455,
    33.331681255752));
#1846 = CARTESIAN_POINT('',(-13.8003959191,-34.07280345795,
    32.269319274537));
#1847 = CARTESIAN_POINT('',(-14.38894541303,-33.82292099531,
    31.167948823788));
#1848 = CARTESIAN_POINT('',(-14.86800386165,-33.61057856358,
    30.035109908972));
#1849 = CARTESIAN_POINT('',(-15.49280502264,-33.32586704535,
    28.082601254252));
#1850 = CARTESIAN_POINT('',(-15.69578867651,-33.23057467025,
    27.277336285584));
#1851 = CARTESIAN_POINT('',(-15.84790085054,-33.15773038199,
    26.463669346187));
#1852 = CARTESIAN_POINT('',(-15.94928509427,-33.10869943513,
    25.64442867782));
#1853 = CARTESIAN_POINT('',(-16.,-33.08417295324,24.822313272499));
#1854 = CARTESIAN_POINT('',(-16.,-33.08417295324,23.174031912127));
#1855 = CARTESIAN_POINT('',(-15.9488332828,-33.10891793775,
    22.348266053592));
#1856 = CARTESIAN_POINT('',(-15.84654662703,-33.15838530507,
    21.525413445038));
#1857 = CARTESIAN_POINT('',(-15.69308009544,-33.231871705,
    20.708207717434));
#1858 = CARTESIAN_POINT('',(-15.48828678401,-33.32798790352,
    19.89951469417));
#1859 = CARTESIAN_POINT('',(-14.94329615143,-33.57619753635,
    18.204527539676));
#1860 = CARTESIAN_POINT('',(-14.58935833434,-33.73378343188,
    17.321709331313));
#1861 = CARTESIAN_POINT('',(-14.16959023457,-33.91474399062,
    16.456962705665));
#1862 = CARTESIAN_POINT('',(-13.68267450035,-34.11562235306,
    15.613852665192));
#1863 = CARTESIAN_POINT('',(-13.12679567783,-34.33211703336,
    14.796954692348));
#1864 = CARTESIAN_POINT('',(-12.09024979762,-34.70703175695,
    13.499697540677));
#1865 = CARTESIAN_POINT('',(-11.65020102649,-34.85960850133,
    13.000690743571));
#1866 = CARTESIAN_POINT('',(-11.17882373585,-35.01522044313,
    12.51668572956));
#1867 = CARTESIAN_POINT('',(-10.67515737929,-35.17226185979,
    12.049502211133));
#1868 = CARTESIAN_POINT('',(-10.13822172213,-35.32886700727,
    11.60144565563));
#1869 = CARTESIAN_POINT('',(-9.16273175475,-35.59188466544,
    10.873733704953));
#1870 = CARTESIAN_POINT('',(-8.741122149581,-35.69962952481,
    10.583029506123));
#1871 = CARTESIAN_POINT('',(-8.302076747529,-35.80527742386,
    10.304420828429));
#1872 = CARTESIAN_POINT('',(-7.845458205201,-35.90793758315,
    10.039167423894));
#1873 = CARTESIAN_POINT('',(-7.371195259282,-36.00664860429,
    9.788654760106));
#1874 = CARTESIAN_POINT('',(-6.308400431445,-36.20917462678,
    9.282530662252));
#1875 = CARTESIAN_POINT('',(-5.712993860097,-36.31140873478,
    9.032199430329));
#1876 = CARTESIAN_POINT('',(-5.094636924928,-36.40513204698,
    8.806688687331));
#1877 = CARTESIAN_POINT('',(-4.455169609002,-36.48845285313,
    8.608974291469));
#1878 = CARTESIAN_POINT('',(-3.796673405253,-36.5596364507,
    8.441746763873));
#1879 = CARTESIAN_POINT('',(-2.616529458682,-36.66023821578,
    8.207001537612));
#1880 = CARTESIAN_POINT('',(-2.102595899469,-36.69563363058,8.1250404037
    ));
#1881 = CARTESIAN_POINT('',(-1.581768675116,-36.72268041087,
    8.06274747387));
#1882 = CARTESIAN_POINT('',(-1.056239423609,-36.74088910298,
    8.020927808936));
#1883 = CARTESIAN_POINT('',(-0.528237457335,-36.75,8.));
#1884 = CARTESIAN_POINT('',(0.77339696818,-36.75,8.));
#1885 = CARTESIAN_POINT('',(1.54537657024,-36.73046880078,8.044860821765
    ));
#1886 = CARTESIAN_POINT('',(2.309585840707,-36.69154065128,
    8.134273455453));
#1887 = CARTESIAN_POINT('',(3.059731270782,-36.6343410353,8.266419496774
    ));
#1888 = CARTESIAN_POINT('',(3.789757426638,-36.56095937602,8.43798852758
    ));
#1889 = CARTESIAN_POINT('',(4.934126034035,-36.41996068367,8.77289635522
    ));
#1890 = CARTESIAN_POINT('',(5.364697412468,-36.3604402726,8.915339133894
    ));
#1891 = CARTESIAN_POINT('',(5.785240575709,-36.29616857196,
    9.070564828048));
#1892 = CARTESIAN_POINT('',(6.195315069218,-36.22771164203,
    9.237694597274));
#1893 = CARTESIAN_POINT('',(6.594530824336,-36.15564768015,
    9.415825689318));
#1894 = CARTESIAN_POINT('',(7.460957368607,-35.98797108462,
    9.836072726169));
#1895 = CARTESIAN_POINT('',(7.922447209851,-35.89076325809,
    10.083477586615));
#1896 = CARTESIAN_POINT('',(8.367036754669,-35.7898850453,
    10.344837346398));
#1897 = CARTESIAN_POINT('',(8.794805638924,-35.68623070811,
    10.618866355789));
#1898 = CARTESIAN_POINT('',(9.205892515538,-35.58062897116,
    10.904395613838));
#1899 = CARTESIAN_POINT('',(9.91533492426,-35.38862837902,
    11.436520187605));
#1900 = CARTESIAN_POINT('',(10.219735121741,-35.3026479899,
    11.679360088595));
#1901 = CARTESIAN_POINT('',(10.513851679955,-35.21626056087,
    11.92840834057));
#1902 = CARTESIAN_POINT('',(10.797844364794,-35.12980427543,
    12.183233284113));
#1903 = CARTESIAN_POINT('',(11.071875574443,-35.04359047535,
    12.44345349258));
#1904 = CARTESIAN_POINT('',(12.279257803853,-34.65206190782,
    13.655631391765));
#1905 = CARTESIAN_POINT('',(13.098865129575,-34.35253367455,
    14.668318744248));
#1906 = CARTESIAN_POINT('',(13.800395919102,-34.07280345795,
    15.730680725466));
#1907 = CARTESIAN_POINT('',(14.38894541303,-33.82292099531,
    16.83205117621));
#1908 = CARTESIAN_POINT('',(14.868003861656,-33.61057856358,
    17.964890091028));
#1909 = CARTESIAN_POINT('',(15.492805022646,-33.32586704535,
    19.917398745748));
#1910 = CARTESIAN_POINT('',(15.695788676512,-33.23057467025,
    20.722663714414));
#1911 = CARTESIAN_POINT('',(15.847900850543,-33.15773038199,
    21.536330653817));
#1912 = CARTESIAN_POINT('',(15.949285094269,-33.10869943513,
    22.355571322178));
#1913 = CARTESIAN_POINT('',(16.,-33.08417295324,23.177686727501));
#1914 = CARTESIAN_POINT('',(16.,-33.08417295324,24.));
#1915 = PCURVE('',#1222,#1916);
#1916 = DEFINITIONAL_REPRESENTATION('',(#1917),#2040);
#1917 = B_SPLINE_CURVE_WITH_KNOTS('',6,(#1918,#1919,#1920,#1921,#1922,
    #1923,#1924,#1925,#1926,#1927,#1928,#1929,#1930,#1931,#1932,#1933,
    #1934,#1935,#1936,#1937,#1938,#1939,#1940,#1941,#1942,#1943,#1944,
    #1945,#1946,#1947,#1948,#1949,#1950,#1951,#1952,#1953,#1954,#1955,
    #1956,#1957,#1958,#1959,#1960,#1961,#1962,#1963,#1964,#1965,#1966,
    #1967,#1968,#1969,#1970,#1971,#1972,#1973,#1974,#1975,#1976,#1977,
    #1978,#1979,#1980,#1981,#1982,#1983,#1984,#1985,#1986,#1987,#1988,
    #1989,#1990,#1991,#1992,#1993,#1994,#1995,#1996,#1997,#1998,#1999,
    #2000,#2001,#2002,#2003,#2004,#2005,#2006,#2007,#2008,#2009,#2010,
    #2011,#2012,#2013,#2014,#2015,#2016,#2017,#2018,#2019,#2020,#2021,
    #2022,#2023,#2024,#2025,#2026,#2027,#2028,#2029,#2030,#2031,#2032,
    #2033,#2034,#2035,#2036,#2037,#2038,#2039),.UNSPECIFIED.,.T.,.F.,(7,
    5,5,5,5,5,5,5,5,5,5,5,5,5,5,5,5,5,5,5,5,5,5,5,7),(0.,
    5.630987236117E-02,0.119743697069,0.161181737778,0.190521805312,
    0.224572222288,0.250034115676,0.287313091036,0.310609584006,
    0.339333230676,0.362251008056,0.444052617989,0.500092571331,
    0.556381597247,0.619791938155,0.661214636736,0.690543842145,
    0.724581652913,0.75003411992,0.787299294023,0.810587162265,
    0.839300174987,0.862209467846,0.943980793532,1.),.UNSPECIFIED.);
#1918 = CARTESIAN_POINT('',(5.16284282199,25.));
#1919 = CARTESIAN_POINT('',(5.16284282199,25.825968087869));
#1920 = CARTESIAN_POINT('',(5.161296260821,26.651733946411));
#1921 = CARTESIAN_POINT('',(5.158204548433,27.474586554965));
#1922 = CARTESIAN_POINT('',(5.153574561215,28.291792282568));
#1923 = CARTESIAN_POINT('',(5.147419130353,29.100485305826));
#1924 = CARTESIAN_POINT('',(5.13112385843,30.795472460324));
#1925 = CARTESIAN_POINT('',(5.120581807558,31.678290668686));
#1926 = CARTESIAN_POINT('',(5.108144792157,32.543037294339));
#1927 = CARTESIAN_POINT('',(5.093815419173,33.386147334807));
#1928 = CARTESIAN_POINT('',(5.077587585641,34.203045307652));
#1929 = CARTESIAN_POINT('',(5.047593976331,35.500302476339));
#1930 = CARTESIAN_POINT('',(5.034921653304,35.999309231369));
#1931 = CARTESIAN_POINT('',(5.021416551425,36.4833142683));
#1932 = CARTESIAN_POINT('',(5.007063977954,36.950497813088));
#1933 = CARTESIAN_POINT('',(4.991847887482,37.398554332392));
#1934 = CARTESIAN_POINT('',(4.96435601852,38.126266295111));
#1935 = CARTESIAN_POINT('',(4.952515975063,38.416970493849));
#1936 = CARTESIAN_POINT('',(4.940230036692,38.69557917151));
#1937 = CARTESIAN_POINT('',(4.927497205252,38.960832576103));
#1938 = CARTESIAN_POINT('',(4.91431740996,39.211345239954));
#1939 = CARTESIAN_POINT('',(4.88487742558,39.717469339621));
#1940 = CARTESIAN_POINT('',(4.868441514392,39.967800567377));
#1941 = CARTESIAN_POINT('',(4.851428432096,40.193311312212));
#1942 = CARTESIAN_POINT('',(4.833886937211,40.39102571061));
#1943 = CARTESIAN_POINT('',(4.81586891956,40.55825323524));
#1944 = CARTESIAN_POINT('',(4.783639692215,40.79299846239));
#1945 = CARTESIAN_POINT('',(4.769623832477,40.874959596299));
#1946 = CARTESIAN_POINT('',(4.755435654966,40.937252526129));
#1947 = CARTESIAN_POINT('',(4.741130186224,40.979072191065));
#1948 = CARTESIAN_POINT('',(4.726762788747,41.));
#1949 = CARTESIAN_POINT('',(4.691344164919,41.));
#1950 = CARTESIAN_POINT('',(4.67033791334,40.955139178214));
#1951 = CARTESIAN_POINT('',(4.649526345862,40.865726544573));
#1952 = CARTESIAN_POINT('',(4.6290641491,40.733580503261));
#1953 = CARTESIAN_POINT('',(4.609104396035,40.562011472369));
#1954 = CARTESIAN_POINT('',(4.577729642922,40.22710364478));
#1955 = CARTESIAN_POINT('',(4.565903292731,40.084660866106));
#1956 = CARTESIAN_POINT('',(4.554328794426,39.929435171952));
#1957 = CARTESIAN_POINT('',(4.543017404659,39.762305402726));
#1958 = CARTESIAN_POINT('',(4.531979694066,39.584174310682));
#1959 = CARTESIAN_POINT('',(4.507966024685,39.163927273831));
#1960 = CARTESIAN_POINT('',(4.495134653594,38.916522413385));
#1961 = CARTESIAN_POINT('',(4.482731605575,38.655162653603));
#1962 = CARTESIAN_POINT('',(4.470756533903,38.381133644211));
#1963 = CARTESIAN_POINT('',(4.459208266491,38.095604386162));
#1964 = CARTESIAN_POINT('',(4.439209233544,37.563479812395));
#1965 = CARTESIAN_POINT('',(4.430602673564,37.320639911405));
#1966 = CARTESIAN_POINT('',(4.422262072639,37.07159165943));
#1967 = CARTESIAN_POINT('',(4.414184758011,36.816766715888));
#1968 = CARTESIAN_POINT('',(4.406368099678,36.55654650742));
#1969 = CARTESIAN_POINT('',(4.371829924675,35.344368608233));
#1970 = CARTESIAN_POINT('',(4.348101097341,34.331681255752));
#1971 = CARTESIAN_POINT('',(4.327559493157,33.269319274537));
#1972 = CARTESIAN_POINT('',(4.310164386137,32.167948823788));
#1973 = CARTESIAN_POINT('',(4.295906364612,31.035109908972));
#1974 = CARTESIAN_POINT('',(4.27722302307,29.082601254252));
#1975 = CARTESIAN_POINT('',(4.271121682838,28.277336285584));
#1976 = CARTESIAN_POINT('',(4.266532479596,27.463669346187));
#1977 = CARTESIAN_POINT('',(4.263468043545,26.64442867782));
#1978 = CARTESIAN_POINT('',(4.26193513878,25.822313272499));
#1979 = CARTESIAN_POINT('',(4.26193513878,24.174031912127));
#1980 = CARTESIAN_POINT('',(4.263481699949,23.348266053592));
#1981 = CARTESIAN_POINT('',(4.266573412336,22.525413445038));
#1982 = CARTESIAN_POINT('',(4.271203399554,21.708207717434));
#1983 = CARTESIAN_POINT('',(4.277358830417,20.89951469417));
#1984 = CARTESIAN_POINT('',(4.293654102339,19.204527539676));
#1985 = CARTESIAN_POINT('',(4.304196153212,18.321709331313));
#1986 = CARTESIAN_POINT('',(4.316633168613,17.456962705665));
#1987 = CARTESIAN_POINT('',(4.330962541596,16.613852665192));
#1988 = CARTESIAN_POINT('',(4.347190375128,15.796954692348));
#1989 = CARTESIAN_POINT('',(4.377183984045,14.499697540677));
#1990 = CARTESIAN_POINT('',(4.389856308182,14.000690743571));
#1991 = CARTESIAN_POINT('',(4.403361409309,13.51668572956));
#1992 = CARTESIAN_POINT('',(4.417713982074,13.049502211133));
#1993 = CARTESIAN_POINT('',(4.43293007374,12.60144565563));
#1994 = CARTESIAN_POINT('',(4.460421942247,11.873733704953));
#1995 = CARTESIAN_POINT('',(4.472261985707,11.583029506123));
#1996 = CARTESIAN_POINT('',(4.484547924081,11.304420828429));
#1997 = CARTESIAN_POINT('',(4.497280755518,11.039167423894));
#1998 = CARTESIAN_POINT('',(4.510460550806,10.788654760106));
#1999 = CARTESIAN_POINT('',(4.53990053508,10.282530662252));
#2000 = CARTESIAN_POINT('',(4.55633644656,10.032199430329));
#2001 = CARTESIAN_POINT('',(4.573349528667,9.806688687331));
#2002 = CARTESIAN_POINT('',(4.590891023374,9.608974291469));
#2003 = CARTESIAN_POINT('',(4.608909041331,9.441746763873));
#2004 = CARTESIAN_POINT('',(4.641138268555,9.207001537612));
#2005 = CARTESIAN_POINT('',(4.655154128292,9.1250404037));
#2006 = CARTESIAN_POINT('',(4.669342305803,9.06274747387));
#2007 = CARTESIAN_POINT('',(4.683647774546,9.020927808936));
#2008 = CARTESIAN_POINT('',(4.698015172022,9.));
#2009 = CARTESIAN_POINT('',(4.733433795845,9.));
#2010 = CARTESIAN_POINT('',(4.754440047431,9.044860821765));
#2011 = CARTESIAN_POINT('',(4.775251614913,9.134273455453));
#2012 = CARTESIAN_POINT('',(4.795713811671,9.266419496774));
#2013 = CARTESIAN_POINT('',(4.81567356473,9.43798852758));
#2014 = CARTESIAN_POINT('',(4.847048317847,9.77289635522));
#2015 = CARTESIAN_POINT('',(4.858874668038,9.915339133894));
#2016 = CARTESIAN_POINT('',(4.870449166344,10.070564828048));
#2017 = CARTESIAN_POINT('',(4.881760556111,10.237694597274));
#2018 = CARTESIAN_POINT('',(4.892798266704,10.415825689318));
#2019 = CARTESIAN_POINT('',(4.916811936085,10.836072726169));
#2020 = CARTESIAN_POINT('',(4.929643307176,11.083477586615));
#2021 = CARTESIAN_POINT('',(4.942046355195,11.344837346398));
#2022 = CARTESIAN_POINT('',(4.954021426866,11.618866355789));
#2023 = CARTESIAN_POINT('',(4.965569694278,11.904395613838));
#2024 = CARTESIAN_POINT('',(4.985568727226,12.436520187605));
#2025 = CARTESIAN_POINT('',(4.994175287206,12.679360088595));
#2026 = CARTESIAN_POINT('',(5.00251588813,12.92840834057));
#2027 = CARTESIAN_POINT('',(5.010593202759,13.183233284113));
#2028 = CARTESIAN_POINT('',(5.018409861091,13.44345349258));
#2029 = CARTESIAN_POINT('',(5.052948036094,14.655631391765));
#2030 = CARTESIAN_POINT('',(5.076676863429,15.668318744248));
#2031 = CARTESIAN_POINT('',(5.097218467612,16.730680725466));
#2032 = CARTESIAN_POINT('',(5.114613574632,17.83205117621));
#2033 = CARTESIAN_POINT('',(5.128871596157,18.964890091028));
#2034 = CARTESIAN_POINT('',(5.147554937699,20.917398745748));
#2035 = CARTESIAN_POINT('',(5.153656277931,21.722663714414));
#2036 = CARTESIAN_POINT('',(5.158245481173,22.536330653817));
#2037 = CARTESIAN_POINT('',(5.161309917224,23.355571322178));
#2038 = CARTESIAN_POINT('',(5.16284282199,24.177686727501));
#2039 = CARTESIAN_POINT('',(5.16284282199,25.));
#2040 = ( GEOMETRIC_REPRESENTATION_CONTEXT(2) 
PARAMETRIC_REPRESENTATION_CONTEXT() REPRESENTATION_CONTEXT('2D SPACE',''
  ) );
#2041 = PCURVE('',#2042,#2047);
#2042 = CYLINDRICAL_SURFACE('',#2043,16.);
#2043 = AXIS2_PLACEMENT_3D('',#2044,#2045,#2046);
#2044 = CARTESIAN_POINT('',(0.,-14.,24.));
#2045 = DIRECTION('',(0.,-1.,1.110223024625E-16));
#2046 = DIRECTION('',(1.,0.,0.));
#2047 = DEFINITIONAL_REPRESENTATION('',(#2048),#2171);
#2048 = B_SPLINE_CURVE_WITH_KNOTS('',6,(#2049,#2050,#2051,#2052,#2053,
    #2054,#2055,#2056,#2057,#2058,#2059,#2060,#2061,#2062,#2063,#2064,
    #2065,#2066,#2067,#2068,#2069,#2070,#2071,#2072,#2073,#2074,#2075,
    #2076,#2077,#2078,#2079,#2080,#2081,#2082,#2083,#2084,#2085,#2086,
    #2087,#2088,#2089,#2090,#2091,#2092,#2093,#2094,#2095,#2096,#2097,
    #2098,#2099,#2100,#2101,#2102,#2103,#2104,#2105,#2106,#2107,#2108,
    #2109,#2110,#2111,#2112,#2113,#2114,#2115,#2116,#2117,#2118,#2119,
    #2120,#2121,#2122,#2123,#2124,#2125,#2126,#2127,#2128,#2129,#2130,
    #2131,#2132,#2133,#2134,#2135,#2136,#2137,#2138,#2139,#2140,#2141,
    #2142,#2143,#2144,#2145,#2146,#2147,#2148,#2149,#2150,#2151,#2152,
    #2153,#2154,#2155,#2156,#2157,#2158,#2159,#2160,#2161,#2162,#2163,
    #2164,#2165,#2166,#2167,#2168,#2169,#2170),.UNSPECIFIED.,.F.,.F.,(7,
    5,5,5,5,5,5,5,5,5,5,5,5,5,5,5,5,5,5,5,5,5,5,5,7),(0.,
    5.630987236117E-02,0.119743697069,0.161181737778,0.190521805312,
    0.224572222288,0.250034115676,0.287313091036,0.310609584006,
    0.339333230676,0.362251008056,0.444052617989,0.500092571331,
    0.556381597247,0.619791938155,0.661214636736,0.690543842145,
    0.724581652913,0.75003411992,0.787299294023,0.810587162265,
    0.839300174987,0.862209467846,0.943980793532,1.),.UNSPECIFIED.);
#2049 = CARTESIAN_POINT('',(0.,19.084172953242));
#2050 = CARTESIAN_POINT('',(5.162300549183E-02,19.084172953242));
#2051 = CARTESIAN_POINT('',(0.103233372488,19.108917937755));
#2052 = CARTESIAN_POINT('',(0.154909285624,19.15838530507));
#2053 = CARTESIAN_POINT('',(0.206726939313,19.231871705004));
#2054 = CARTESIAN_POINT('',(0.258762104225,19.327987903522));
#2055 = CARTESIAN_POINT('',(0.370040124634,19.576197536352));
#2056 = CARTESIAN_POINT('',(0.429339071149,19.733783431885));
#2057 = CARTESIAN_POINT('',(0.489190681865,19.91474399062));
#2058 = CARTESIAN_POINT('',(0.549799452855,20.115622353067));
#2059 = CARTESIAN_POINT('',(0.611373855074,20.332117033363));
#2060 = CARTESIAN_POINT('',(0.715155919993,20.707031761871));
#2061 = CARTESIAN_POINT('',(0.756689358217,20.859608493375));
#2062 = CARTESIAN_POINT('',(0.798836935057,21.015220442935));
#2063 = CARTESIAN_POINT('',(0.841686767884,21.172261867726));
#2064 = CARTESIAN_POINT('',(0.885329774622,21.32886700295));
#2065 = CARTESIAN_POINT('',(0.961393723064,21.591884665466));
#2066 = CARTESIAN_POINT('',(0.993378763905,21.699629524806));
#2067 = CARTESIAN_POINT('',(1.025841725922,21.805277423844));
#2068 = CARTESIAN_POINT('',(1.058806835579,21.907937583149));
#2069 = CARTESIAN_POINT('',(1.092300452207,22.006648604318));
#2070 = CARTESIAN_POINT('',(1.165872654691,22.209174627537));
#2071 = CARTESIAN_POINT('',(1.206197258391,22.311408733851));
#2072 = CARTESIAN_POINT('',(1.247261143344,22.405132046813));
#2073 = CARTESIAN_POINT('',(1.289013964708,22.488452853996));
#2074 = CARTESIAN_POINT('',(1.331418238379,22.559636450326));
#2075 = CARTESIAN_POINT('',(1.406622259497,22.660238215785));
#2076 = CARTESIAN_POINT('',(1.43912527835,22.695633630586));
#2077 = CARTESIAN_POINT('',(1.471871012062,22.722680410878));
#2078 = CARTESIAN_POINT('',(1.504781361633,22.740889102981));
#2079 = CARTESIAN_POINT('',(1.537781485712,22.75));
#2080 = CARTESIAN_POINT('',(1.619133637317,22.75));
#2081 = CARTESIAN_POINT('',(1.667382358666,22.730468800774));
#2082 = CARTESIAN_POINT('',(1.715348750514,22.691540651296));
#2083 = CARTESIAN_POINT('',(1.762838922731,22.634341035315));
#2084 = CARTESIAN_POINT('',(1.809640661869,22.560959375998));
#2085 = CARTESIAN_POINT('',(1.884163696327,22.419960683678));
#2086 = CARTESIAN_POINT('',(1.912491643152,22.360440272605));
#2087 = CARTESIAN_POINT('',(1.940484819703,22.296168571961));
#2088 = CARTESIAN_POINT('',(1.968138875078,22.227711642036));
#2089 = CARTESIAN_POINT('',(1.995447105533,22.155647680152));
#2090 = CARTESIAN_POINT('',(2.055632448453,21.987971084628));
#2091 = CARTESIAN_POINT('',(2.088332115009,21.890763258095));
#2092 = CARTESIAN_POINT('',(2.12052804429,21.789885045309));
#2093 = CARTESIAN_POINT('',(2.152245263086,21.686230708114));
#2094 = CARTESIAN_POINT('',(2.183506896861,21.580628971165));
#2095 = CARTESIAN_POINT('',(2.238933688855,21.388628379028));
#2096 = CARTESIAN_POINT('',(2.263260224983,21.302647989903));
#2097 = CARTESIAN_POINT('',(2.287332199729,21.216260560873));
#2098 = CARTESIAN_POINT('',(2.311165272816,21.129804275435));
#2099 = CARTESIAN_POINT('',(2.334774814064,21.043590475356));
#2100 = CARTESIAN_POINT('',(2.441705485003,20.652061907827));
#2101 = CARTESIAN_POINT('',(2.522699257995,20.352533674558));
#2102 = CARTESIAN_POINT('',(2.601732166073,20.072803457957));
#2103 = CARTESIAN_POINT('',(2.679294101548,19.822920995315));
#2104 = CARTESIAN_POINT('',(2.755853601498,19.610578563587));
#2105 = CARTESIAN_POINT('',(2.883981140155,19.32586704535));
#2106 = CARTESIAN_POINT('',(2.935782286957,19.230574670256));
#2107 = CARTESIAN_POINT('',(2.987368966004,19.157730381994));
#2108 = CARTESIAN_POINT('',(3.038815860434,19.10869943513));
#2109 = CARTESIAN_POINT('',(3.090198074059,19.084172953242));
#2110 = CARTESIAN_POINT('',(3.193215659082,19.084172953242));
#2111 = CARTESIAN_POINT('',(3.244826026078,19.108917937755));
#2112 = CARTESIAN_POINT('',(3.296501939213,19.15838530507));
#2113 = CARTESIAN_POINT('',(3.348319592902,19.231871705004));
#2114 = CARTESIAN_POINT('',(3.400354757815,19.327987903523));
#2115 = CARTESIAN_POINT('',(3.511632778224,19.576197536352));
#2116 = CARTESIAN_POINT('',(3.570931724739,19.733783431885));
#2117 = CARTESIAN_POINT('',(3.630783335455,19.914743990619));
#2118 = CARTESIAN_POINT('',(3.691392106445,20.115622353068));
#2119 = CARTESIAN_POINT('',(3.752966508664,20.332117033363));
#2120 = CARTESIAN_POINT('',(3.856748572221,20.707031756953));
#2121 = CARTESIAN_POINT('',(3.898282014038,20.85960850133));
#2122 = CARTESIAN_POINT('',(3.940429588675,21.01522044313));
#2123 = CARTESIAN_POINT('',(3.983279419236,21.172261859796));
#2124 = CARTESIAN_POINT('',(4.026922429464,21.328867007279));
#2125 = CARTESIAN_POINT('',(4.102986376647,21.591884665443));
#2126 = CARTESIAN_POINT('',(4.134971417497,21.699629524815));
#2127 = CARTESIAN_POINT('',(4.167434379519,21.805277423867));
#2128 = CARTESIAN_POINT('',(4.200399489171,21.907937583152));
#2129 = CARTESIAN_POINT('',(4.233893105788,22.006648604295));
#2130 = CARTESIAN_POINT('',(4.307465308008,22.209174626787));
#2131 = CARTESIAN_POINT('',(4.347789912421,22.311408734789));
#2132 = CARTESIAN_POINT('',(4.388853796927,22.405132046984));
#2133 = CARTESIAN_POINT('',(4.430606617854,22.488452853138));
#2134 = CARTESIAN_POINT('',(4.473010892252,22.559636450706));
#2135 = CARTESIAN_POINT('',(4.548214913086,22.660238215784));
#2136 = CARTESIAN_POINT('',(4.58071793194,22.695633630586));
#2137 = CARTESIAN_POINT('',(4.613463665652,22.722680410878));
#2138 = CARTESIAN_POINT('',(4.646374015223,22.740889102981));
#2139 = CARTESIAN_POINT('',(4.679374139301,22.75));
#2140 = CARTESIAN_POINT('',(4.760726290896,22.75));
#2141 = CARTESIAN_POINT('',(4.808975012258,22.730468800783));
#2142 = CARTESIAN_POINT('',(4.856941404115,22.691540651285));
#2143 = CARTESIAN_POINT('',(4.904431576324,22.634341035301));
#2144 = CARTESIAN_POINT('',(4.951233315447,22.56095937602));
#2145 = CARTESIAN_POINT('',(5.025756349916,22.419960683678));
#2146 = CARTESIAN_POINT('',(5.054084296742,22.360440272605));
#2147 = CARTESIAN_POINT('',(5.082077473293,22.296168571961));
#2148 = CARTESIAN_POINT('',(5.109731528667,22.227711642036));
#2149 = CARTESIAN_POINT('',(5.137039759123,22.155647680152));
#2150 = CARTESIAN_POINT('',(5.197225102042,21.987971084628));
#2151 = CARTESIAN_POINT('',(5.229924768599,21.890763258095));
#2152 = CARTESIAN_POINT('',(5.26212069788,21.789885045309));
#2153 = CARTESIAN_POINT('',(5.293837916676,21.686230708114));
#2154 = CARTESIAN_POINT('',(5.325099550451,21.580628971165));
#2155 = CARTESIAN_POINT('',(5.380526342444,21.388628379028));
#2156 = CARTESIAN_POINT('',(5.404852878573,21.302647989903));
#2157 = CARTESIAN_POINT('',(5.428924853318,21.216260560873));
#2158 = CARTESIAN_POINT('',(5.452757926406,21.129804275435));
#2159 = CARTESIAN_POINT('',(5.476367467654,21.043590475356));
#2160 = CARTESIAN_POINT('',(5.583298138592,20.652061907827));
#2161 = CARTESIAN_POINT('',(5.664291911584,20.352533674558));
#2162 = CARTESIAN_POINT('',(5.743324819663,20.072803457956));
#2163 = CARTESIAN_POINT('',(5.820886755138,19.822920995315));
#2164 = CARTESIAN_POINT('',(5.897446255088,19.610578563587));
#2165 = CARTESIAN_POINT('',(6.025573793745,19.32586704535));
#2166 = CARTESIAN_POINT('',(6.077374940546,19.230574670257));
#2167 = CARTESIAN_POINT('',(6.128961619594,19.157730381994));
#2168 = CARTESIAN_POINT('',(6.180408514023,19.10869943513));
#2169 = CARTESIAN_POINT('',(6.231790727648,19.084172953242));
#2170 = CARTESIAN_POINT('',(6.28318530718,19.084172953242));
#2171 = ( GEOMETRIC_REPRESENTATION_CONTEXT(2) 
PARAMETRIC_REPRESENTATION_CONTEXT() REPRESENTATION_CONTEXT('2D SPACE',''
  ) );
#2172 = ADVANCED_FACE('',(#2173,#2199),#1276,.F.);
#2173 = FACE_BOUND('',#2174,.F.);
#2174 = EDGE_LOOP('',(#2175));
#2175 = ORIENTED_EDGE('',*,*,#2176,.T.);
#2176 = EDGE_CURVE('',#2177,#2177,#2179,.T.);
#2177 = VERTEX_POINT('',#2178);
#2178 = CARTESIAN_POINT('',(16.,-14.,24.));
#2179 = SURFACE_CURVE('',#2180,(#2185,#2192),.PCURVE_S1.);
#2180 = CIRCLE('',#2181,16.);
#2181 = AXIS2_PLACEMENT_3D('',#2182,#2183,#2184);
#2182 = CARTESIAN_POINT('',(0.,-14.,24.));
#2183 = DIRECTION('',(0.,-1.,1.110223024625E-16));
#2184 = DIRECTION('',(1.,0.,0.));
#2185 = PCURVE('',#1276,#2186);
#2186 = DEFINITIONAL_REPRESENTATION('',(#2187),#2191);
#2187 = CIRCLE('',#2188,16.);
#2188 = AXIS2_PLACEMENT_2D('',#2189,#2190);
#2189 = CARTESIAN_POINT('',(0.,0.));
#2190 = DIRECTION('',(1.,0.));
#2191 = ( GEOMETRIC_REPRESENTATION_CONTEXT(2) 
PARAMETRIC_REPRESENTATION_CONTEXT() REPRESENTATION_CONTEXT('2D SPACE',''
  ) );
#2192 = PCURVE('',#2042,#2193);
#2193 = DEFINITIONAL_REPRESENTATION('',(#2194),#2198);
#2194 = LINE('',#2195,#2196);
#2195 = CARTESIAN_POINT('',(0.,0.));
#2196 = VECTOR('',#2197,1.);
#2197 = DIRECTION('',(1.,0.));
#2198 = ( GEOMETRIC_REPRESENTATION_CONTEXT(2) 
PARAMETRIC_REPRESENTATION_CONTEXT() REPRESENTATION_CONTEXT('2D SPACE',''
  ) );
#2199 = FACE_BOUND('',#2200,.F.);
#2200 = EDGE_LOOP('',(#2201));
#2201 = ORIENTED_EDGE('',*,*,#1261,.F.);
#2202 = ADVANCED_FACE('',(#2203,#2229),#1309,.T.);
#2203 = FACE_BOUND('',#2204,.T.);
#2204 = EDGE_LOOP('',(#2205));
#2205 = ORIENTED_EDGE('',*,*,#2206,.T.);
#2206 = EDGE_CURVE('',#2207,#2207,#2209,.T.);
#2207 = VERTEX_POINT('',#2208);
#2208 = CARTESIAN_POINT('',(16.,14.,24.));
#2209 = SURFACE_CURVE('',#2210,(#2215,#2222),.PCURVE_S1.);
#2210 = CIRCLE('',#2211,16.);
#2211 = AXIS2_PLACEMENT_3D('',#2212,#2213,#2214);
#2212 = CARTESIAN_POINT('',(0.,14.,24.));
#2213 = DIRECTION('',(0.,-1.,1.110223024625E-16));
#2214 = DIRECTION('',(1.,0.,0.));
#2215 = PCURVE('',#1309,#2216);
#2216 = DEFINITIONAL_REPRESENTATION('',(#2217),#2221);
#2217 = CIRCLE('',#2218,16.);
#2218 = AXIS2_PLACEMENT_2D('',#2219,#2220);
#2219 = CARTESIAN_POINT('',(0.,0.));
#2220 = DIRECTION('',(1.,0.));
#2221 = ( GEOMETRIC_REPRESENTATION_CONTEXT(2) 
PARAMETRIC_REPRESENTATION_CONTEXT() REPRESENTATION_CONTEXT('2D SPACE',''
  ) );
#2222 = PCURVE('',#1655,#2223);
#2223 = DEFINITIONAL_REPRESENTATION('',(#2224),#2228);
#2224 = LINE('',#2225,#2226);
#2225 = CARTESIAN_POINT('',(0.,24.));
#2226 = VECTOR('',#2227,1.);
#2227 = DIRECTION('',(1.,0.));
#2228 = ( GEOMETRIC_REPRESENTATION_CONTEXT(2) 
PARAMETRIC_REPRESENTATION_CONTEXT() REPRESENTATION_CONTEXT('2D SPACE',''
  ) );
#2229 = FACE_BOUND('',#2230,.T.);
#2230 = EDGE_LOOP('',(#2231));
#2231 = ORIENTED_EDGE('',*,*,#1292,.F.);
#2232 = ADVANCED_FACE('',(#2233),#1387,.F.);
#2233 = FACE_BOUND('',#2234,.F.);
#2234 = EDGE_LOOP('',(#2235));
#2235 = ORIENTED_EDGE('',*,*,#1372,.T.);
#2236 = ADVANCED_FACE('',(#2237),#1655,.T.);
#2237 = FACE_BOUND('',#2238,.T.);
#2238 = EDGE_LOOP('',(#2239,#2260,#2261,#2262));
#2239 = ORIENTED_EDGE('',*,*,#2240,.T.);
#2240 = EDGE_CURVE('',#1402,#2207,#2241,.T.);
#2241 = SEAM_CURVE('',#2242,(#2246,#2253),.PCURVE_S1.);
#2242 = LINE('',#2243,#2244);
#2243 = CARTESIAN_POINT('',(16.,38.,24.));
#2244 = VECTOR('',#2245,1.);
#2245 = DIRECTION('',(0.,-1.,1.110223024625E-16));
#2246 = PCURVE('',#1655,#2247);
#2247 = DEFINITIONAL_REPRESENTATION('',(#2248),#2252);
#2248 = LINE('',#2249,#2250);
#2249 = CARTESIAN_POINT('',(6.28318530718,-0.));
#2250 = VECTOR('',#2251,1.);
#2251 = DIRECTION('',(0.,1.));
#2252 = ( GEOMETRIC_REPRESENTATION_CONTEXT(2) 
PARAMETRIC_REPRESENTATION_CONTEXT() REPRESENTATION_CONTEXT('2D SPACE',''
  ) );
#2253 = PCURVE('',#1655,#2254);
#2254 = DEFINITIONAL_REPRESENTATION('',(#2255),#2259);
#2255 = LINE('',#2256,#2257);
#2256 = CARTESIAN_POINT('',(0.,-0.));
#2257 = VECTOR('',#2258,1.);
#2258 = DIRECTION('',(0.,1.));
#2259 = ( GEOMETRIC_REPRESENTATION_CONTEXT(2) 
PARAMETRIC_REPRESENTATION_CONTEXT() REPRESENTATION_CONTEXT('2D SPACE',''
  ) );
#2260 = ORIENTED_EDGE('',*,*,#2206,.F.);
#2261 = ORIENTED_EDGE('',*,*,#2240,.F.);
#2262 = ORIENTED_EDGE('',*,*,#1401,.T.);
#2263 = ADVANCED_FACE('',(#2264),#2042,.T.);
#2264 = FACE_BOUND('',#2265,.T.);
#2265 = EDGE_LOOP('',(#2266,#2267,#2288,#2289));
#2266 = ORIENTED_EDGE('',*,*,#1788,.F.);
#2267 = ORIENTED_EDGE('',*,*,#2268,.F.);
#2268 = EDGE_CURVE('',#2177,#1789,#2269,.T.);
#2269 = SEAM_CURVE('',#2270,(#2274,#2281),.PCURVE_S1.);
#2270 = LINE('',#2271,#2272);
#2271 = CARTESIAN_POINT('',(16.,-14.,24.));
#2272 = VECTOR('',#2273,1.);
#2273 = DIRECTION('',(0.,-1.,1.110223024625E-16));
#2274 = PCURVE('',#2042,#2275);
#2275 = DEFINITIONAL_REPRESENTATION('',(#2276),#2280);
#2276 = LINE('',#2277,#2278);
#2277 = CARTESIAN_POINT('',(6.28318530718,-0.));
#2278 = VECTOR('',#2279,1.);
#2279 = DIRECTION('',(0.,1.));
#2280 = ( GEOMETRIC_REPRESENTATION_CONTEXT(2) 
PARAMETRIC_REPRESENTATION_CONTEXT() REPRESENTATION_CONTEXT('2D SPACE',''
  ) );
#2281 = PCURVE('',#2042,#2282);
#2282 = DEFINITIONAL_REPRESENTATION('',(#2283),#2287);
#2283 = LINE('',#2284,#2285);
#2284 = CARTESIAN_POINT('',(0.,-0.));
#2285 = VECTOR('',#2286,1.);
#2286 = DIRECTION('',(0.,1.));
#2287 = ( GEOMETRIC_REPRESENTATION_CONTEXT(2) 
PARAMETRIC_REPRESENTATION_CONTEXT() REPRESENTATION_CONTEXT('2D SPACE',''
  ) );
#2288 = ORIENTED_EDGE('',*,*,#2176,.T.);
#2289 = ORIENTED_EDGE('',*,*,#2268,.T.);
#2290 = ( GEOMETRIC_REPRESENTATION_CONTEXT(3) 
GLOBAL_UNCERTAINTY_ASSIGNED_CONTEXT((#2294)) 
GLOBAL_UNIT_ASSIGNED_CONTEXT((#2291,#2292,#2293)) REPRESENTATION_CONTEXT
('Context #1','3D Context with UNIT and UNCERTAINTY') );
#2291 = ( LENGTH_UNIT() NAMED_UNIT(*) SI_UNIT(.MILLI.,.METRE.) );
#2292 = ( NAMED_UNIT(*) PLANE_ANGLE_UNIT() SI_UNIT($,.RADIAN.) );
#2293 = ( NAMED_UNIT(*) SI_UNIT($,.STERADIAN.) SOLID_ANGLE_UNIT() );
#2294 = UNCERTAINTY_MEASURE_WITH_UNIT(LENGTH_MEASURE(1.E-07),#2291,
  'distance_accuracy_value','confusion accuracy');
#2295 = CONTEXT_DEPENDENT_SHAPE_REPRESENTATION(#2296,#2298);
#2296 = ( REPRESENTATION_RELATIONSHIP('','',#36,#10) 
REPRESENTATION_RELATIONSHIP_WITH_TRANSFORMATION(#2297) 
SHAPE_REPRESENTATION_RELATIONSHIP() );
#2297 = ITEM_DEFINED_TRANSFORMATION('','',#11,#15);
#2298 = PRODUCT_DEFINITION_SHAPE('Placement','Placement of an item',
  #2299);
#2299 = NEXT_ASSEMBLY_USAGE_OCCURRENCE('1','=>[0:1:1:2]','',#5,#31,$);
#2300 = PRODUCT_RELATED_PRODUCT_CATEGORY('part',$,(#33));
#2301 = SHAPE_DEFINITION_REPRESENTATION(#2302,#2308);
#2302 = PRODUCT_DEFINITION_SHAPE('','',#2303);
#2303 = PRODUCT_DEFINITION('design','',#2304,#2307);
#2304 = PRODUCT_DEFINITION_FORMATION('','',#2305);
#2305 = PRODUCT('SOLID','SOLID','',(#2306));
#2306 = PRODUCT_CONTEXT('',#2,'mechanical');
#2307 = PRODUCT_DEFINITION_CONTEXT('part definition',#2,'design');
#2308 = ADVANCED_BREP_SHAPE_REPRESENTATION('',(#11,#2309),#2407);
#2309 = MANIFOLD_SOLID_BREP('',#2310);
#2310 = CLOSED_SHELL('',(#2311,#2399,#2403));
#2311 = ADVANCED_FACE('',(#2312),#2325,.T.);
#2312 = FACE_BOUND('',#2313,.T.);
#2313 = EDGE_LOOP('',(#2314,#2348,#2371,#2398));
#2314 = ORIENTED_EDGE('',*,*,#2315,.F.);
#2315 = EDGE_CURVE('',#2316,#2316,#2318,.T.);
#2316 = VERTEX_POINT('',#2317);
#2317 = CARTESIAN_POINT('',(10.95,-2.681976490133E-15,84.));
#2318 = SURFACE_CURVE('',#2319,(#2324,#2336),.PCURVE_S1.);
#2319 = CIRCLE('',#2320,10.95);
#2320 = AXIS2_PLACEMENT_3D('',#2321,#2322,#2323);
#2321 = CARTESIAN_POINT('',(0.,0.,84.));
#2322 = DIRECTION('',(0.,0.,1.));
#2323 = DIRECTION('',(1.,0.,-0.));
#2324 = PCURVE('',#2325,#2330);
#2325 = CYLINDRICAL_SURFACE('',#2326,10.95);
#2326 = AXIS2_PLACEMENT_3D('',#2327,#2328,#2329);
#2327 = CARTESIAN_POINT('',(0.,0.,0.));
#2328 = DIRECTION('',(0.,0.,1.));
#2329 = DIRECTION('',(1.,0.,-0.));
#2330 = DEFINITIONAL_REPRESENTATION('',(#2331),#2335);
#2331 = LINE('',#2332,#2333);
#2332 = CARTESIAN_POINT('',(0.,84.));
#2333 = VECTOR('',#2334,1.);
#2334 = DIRECTION('',(1.,0.));
#2335 = ( GEOMETRIC_REPRESENTATION_CONTEXT(2) 
PARAMETRIC_REPRESENTATION_CONTEXT() REPRESENTATION_CONTEXT('2D SPACE',''
  ) );
#2336 = PCURVE('',#2337,#2342);
#2337 = PLANE('',#2338);
#2338 = AXIS2_PLACEMENT_3D('',#2339,#2340,#2341);
#2339 = CARTESIAN_POINT('',(0.,0.,84.));
#2340 = DIRECTION('',(0.,0.,1.));
#2341 = DIRECTION('',(1.,0.,-0.));
#2342 = DEFINITIONAL_REPRESENTATION('',(#2343),#2347);
#2343 = CIRCLE('',#2344,10.95);
#2344 = AXIS2_PLACEMENT_2D('',#2345,#2346);
#2345 = CARTESIAN_POINT('',(0.,0.));
#2346 = DIRECTION('',(1.,0.));
#2347 = ( GEOMETRIC_REPRESENTATION_CONTEXT(2) 
PARAMETRIC_REPRESENTATION_CONTEXT() REPRESENTATION_CONTEXT('2D SPACE',''
  ) );
#2348 = ORIENTED_EDGE('',*,*,#2349,.F.);
#2349 = EDGE_CURVE('',#2350,#2316,#2352,.T.);
#2350 = VERTEX_POINT('',#2351);
#2351 = CARTESIAN_POINT('',(10.95,-2.681976490133E-15,0.));
#2352 = SEAM_CURVE('',#2353,(#2357,#2364),.PCURVE_S1.);
#2353 = LINE('',#2354,#2355);
#2354 = CARTESIAN_POINT('',(10.95,-2.681976490133E-15,0.));
#2355 = VECTOR('',#2356,1.);
#2356 = DIRECTION('',(0.,0.,1.));
#2357 = PCURVE('',#2325,#2358);
#2358 = DEFINITIONAL_REPRESENTATION('',(#2359),#2363);
#2359 = LINE('',#2360,#2361);
#2360 = CARTESIAN_POINT('',(6.28318530718,-0.));
#2361 = VECTOR('',#2362,1.);
#2362 = DIRECTION('',(0.,1.));
#2363 = ( GEOMETRIC_REPRESENTATION_CONTEXT(2) 
PARAMETRIC_REPRESENTATION_CONTEXT() REPRESENTATION_CONTEXT('2D SPACE',''
  ) );
#2364 = PCURVE('',#2325,#2365);
#2365 = DEFINITIONAL_REPRESENTATION('',(#2366),#2370);
#2366 = LINE('',#2367,#2368);
#2367 = CARTESIAN_POINT('',(0.,-0.));
#2368 = VECTOR('',#2369,1.);
#2369 = DIRECTION('',(0.,1.));
#2370 = ( GEOMETRIC_REPRESENTATION_CONTEXT(2) 
PARAMETRIC_REPRESENTATION_CONTEXT() REPRESENTATION_CONTEXT('2D SPACE',''
  ) );
#2371 = ORIENTED_EDGE('',*,*,#2372,.T.);
#2372 = EDGE_CURVE('',#2350,#2350,#2373,.T.);
#2373 = SURFACE_CURVE('',#2374,(#2379,#2386),.PCURVE_S1.);
#2374 = CIRCLE('',#2375,10.95);
#2375 = AXIS2_PLACEMENT_3D('',#2376,#2377,#2378);
#2376 = CARTESIAN_POINT('',(0.,0.,0.));
#2377 = DIRECTION('',(0.,0.,1.));
#2378 = DIRECTION('',(1.,0.,-0.));
#2379 = PCURVE('',#2325,#2380);
#2380 = DEFINITIONAL_REPRESENTATION('',(#2381),#2385);
#2381 = LINE('',#2382,#2383);
#2382 = CARTESIAN_POINT('',(0.,0.));
#2383 = VECTOR('',#2384,1.);
#2384 = DIRECTION('',(1.,0.));
#2385 = ( GEOMETRIC_REPRESENTATION_CONTEXT(2) 
PARAMETRIC_REPRESENTATION_CONTEXT() REPRESENTATION_CONTEXT('2D SPACE',''
  ) );
#2386 = PCURVE('',#2387,#2392);
#2387 = PLANE('',#2388);
#2388 = AXIS2_PLACEMENT_3D('',#2389,#2390,#2391);
#2389 = CARTESIAN_POINT('',(0.,0.,0.));
#2390 = DIRECTION('',(0.,0.,1.));
#2391 = DIRECTION('',(1.,0.,-0.));
#2392 = DEFINITIONAL_REPRESENTATION('',(#2393),#2397);
#2393 = CIRCLE('',#2394,10.95);
#2394 = AXIS2_PLACEMENT_2D('',#2395,#2396);
#2395 = CARTESIAN_POINT('',(0.,0.));
#2396 = DIRECTION('',(1.,0.));
#2397 = ( GEOMETRIC_REPRESENTATION_CONTEXT(2) 
PARAMETRIC_REPRESENTATION_CONTEXT() REPRESENTATION_CONTEXT('2D SPACE',''
  ) );
#2398 = ORIENTED_EDGE('',*,*,#2349,.T.);
#2399 = ADVANCED_FACE('',(#2400),#2337,.T.);
#2400 = FACE_BOUND('',#2401,.T.);
#2401 = EDGE_LOOP('',(#2402));
#2402 = ORIENTED_EDGE('',*,*,#2315,.T.);
#2403 = ADVANCED_FACE('',(#2404),#2387,.F.);
#2404 = FACE_BOUND('',#2405,.T.);
#2405 = EDGE_LOOP('',(#2406));
#2406 = ORIENTED_EDGE('',*,*,#2372,.F.);
#2407 = ( GEOMETRIC_REPRESENTATION_CONTEXT(3) 
GLOBAL_UNCERTAINTY_ASSIGNED_CONTEXT((#2411)) 
GLOBAL_UNIT_ASSIGNED_CONTEXT((#2408,#2409,#2410)) REPRESENTATION_CONTEXT
('Context #1','3D Context with UNIT and UNCERTAINTY') );
#2408 = ( LENGTH_UNIT() NAMED_UNIT(*) SI_UNIT(.MILLI.,.METRE.) );
#2409 = ( NAMED_UNIT(*) PLANE_ANGLE_UNIT() SI_UNIT($,.RADIAN.) );
#2410 = ( NAMED_UNIT(*) SI_UNIT($,.STERADIAN.) SOLID_ANGLE_UNIT() );
#2411 = UNCERTAINTY_MEASURE_WITH_UNIT(LENGTH_MEASURE(1.E-07),#2408,
  'distance_accuracy_value','confusion accuracy');
#2412 = CONTEXT_DEPENDENT_SHAPE_REPRESENTATION(#2413,#2415);
#2413 = ( REPRESENTATION_RELATIONSHIP('','',#2308,#10) 
REPRESENTATION_RELATIONSHIP_WITH_TRANSFORMATION(#2414) 
SHAPE_REPRESENTATION_RELATIONSHIP() );
#2414 = ITEM_DEFINED_TRANSFORMATION('','',#11,#19);
#2415 = PRODUCT_DEFINITION_SHAPE('Placement','Placement of an item',
  #2416);
#2416 = NEXT_ASSEMBLY_USAGE_OCCURRENCE('2','=>[0:1:1:3]','',#5,#2303,$);
#2417 = PRODUCT_RELATED_PRODUCT_CATEGORY('part',$,(#2305));
ENDSEC;
END-ISO-10303-21;
