ISO-10303-21;
HEADER;
FILE_DESCRIPTION(('Open CASCADE Model'),'2;1');
FILE_NAME('Open CASCADE Shape Model','2026-07-28T13:38:14',('Author'),(
    'Open CASCADE'),'Open CASCADE STEP processor 7.9','build123d',
  'Unknown');
FILE_SCHEMA(('AUTOMOTIVE_DESIGN { 1 0 10303 214 1 1 1 1 }'));
ENDSEC;
DATA;
#1 = APPLICATION_PROTOCOL_DEFINITION('international standard',
  'automotive_design',2000,#2);
#2 = APPLICATION_CONTEXT(
  'core data for automotive mechanical design processes');
#3 = SHAPE_DEFINITION_REPRESENTATION(#4,#10);
#4 = PRODUCT_DEFINITION_SHAPE('','',#5);
#5 = PRODUCT_DEFINITION('design','',#6,#9);
#6 = PRODUCT_DEFINITION_FORMATION('','',#7);
#7 = PRODUCT('COMPOUND','COMPOUND','',(#8));
#8 = PRODUCT_CONTEXT('',#2,'mechanical');
#9 = PRODUCT_DEFINITION_CONTEXT('part definition',#2,'design');
#10 = ADVANCED_BREP_SHAPE_REPRESENTATION('',(#11,#15),#2268);
#11 = AXIS2_PLACEMENT_3D('',#12,#13,#14);
#12 = CARTESIAN_POINT('',(0.,0.,0.));
#13 = DIRECTION('',(0.,0.,1.));
#14 = DIRECTION('',(1.,0.,-0.));
#15 = MANIFOLD_SOLID_BREP('',#16);
#16 = CLOSED_SHELL('',(#17,#105,#158,#193,#197,#252,#287,#342,#377,#432,
    #467,#522,#557,#612,#647,#1176,#1211,#1266,#1321,#2150,#2180,#2210,
    #2214,#2241));
#17 = ADVANCED_FACE('',(#18),#32,.T.);
#18 = FACE_BOUND('',#19,.T.);
#19 = EDGE_LOOP('',(#20,#50,#77,#78));
#20 = ORIENTED_EDGE('',*,*,#21,.T.);
#21 = EDGE_CURVE('',#22,#24,#26,.T.);
#22 = VERTEX_POINT('',#23);
#23 = CARTESIAN_POINT('',(42.75,-1.047073013271E-14,55.));
#24 = VERTEX_POINT('',#25);
#25 = CARTESIAN_POINT('',(42.75,0.,61.));
#26 = SEAM_CURVE('',#27,(#31,#43),.PCURVE_S1.);
#27 = LINE('',#28,#29);
#28 = CARTESIAN_POINT('',(42.75,-1.047073013271E-14,0.));
#29 = VECTOR('',#30,1.);
#30 = DIRECTION('',(0.,0.,1.));
#31 = PCURVE('',#32,#37);
#32 = CYLINDRICAL_SURFACE('',#33,42.75);
#33 = AXIS2_PLACEMENT_3D('',#34,#35,#36);
#34 = CARTESIAN_POINT('',(0.,0.,0.));
#35 = DIRECTION('',(0.,0.,1.));
#36 = DIRECTION('',(1.,0.,-0.));
#37 = DEFINITIONAL_REPRESENTATION('',(#38),#42);
#38 = LINE('',#39,#40);
#39 = CARTESIAN_POINT('',(6.28318530718,-0.));
#40 = VECTOR('',#41,1.);
#41 = DIRECTION('',(0.,1.));
#42 = ( GEOMETRIC_REPRESENTATION_CONTEXT(2) 
PARAMETRIC_REPRESENTATION_CONTEXT() REPRESENTATION_CONTEXT('2D SPACE',''
  ) );
#43 = PCURVE('',#32,#44);
#44 = DEFINITIONAL_REPRESENTATION('',(#45),#49);
#45 = LINE('',#46,#47);
#46 = CARTESIAN_POINT('',(0.,-0.));
#47 = VECTOR('',#48,1.);
#48 = DIRECTION('',(0.,1.));
#49 = ( GEOMETRIC_REPRESENTATION_CONTEXT(2) 
PARAMETRIC_REPRESENTATION_CONTEXT() REPRESENTATION_CONTEXT('2D SPACE',''
  ) );
#50 = ORIENTED_EDGE('',*,*,#51,.F.);
#51 = EDGE_CURVE('',#24,#24,#52,.T.);
#52 = SURFACE_CURVE('',#53,(#58,#65),.PCURVE_S1.);
#53 = CIRCLE('',#54,42.75);
#54 = AXIS2_PLACEMENT_3D('',#55,#56,#57);
#55 = CARTESIAN_POINT('',(0.,0.,61.));
#56 = DIRECTION('',(0.,0.,1.));
#57 = DIRECTION('',(1.,0.,-0.));
#58 = PCURVE('',#32,#59);
#59 = DEFINITIONAL_REPRESENTATION('',(#60),#64);
#60 = LINE('',#61,#62);
#61 = CARTESIAN_POINT('',(0.,61.));
#62 = VECTOR('',#63,1.);
#63 = DIRECTION('',(1.,0.));
#64 = ( GEOMETRIC_REPRESENTATION_CONTEXT(2) 
PARAMETRIC_REPRESENTATION_CONTEXT() REPRESENTATION_CONTEXT('2D SPACE',''
  ) );
#65 = PCURVE('',#66,#71);
#66 = CONICAL_SURFACE('',#67,42.75,0.785398163397);
#67 = AXIS2_PLACEMENT_3D('',#68,#69,#70);
#68 = CARTESIAN_POINT('',(0.,0.,61.));
#69 = DIRECTION('',(-0.,-0.,-1.));
#70 = DIRECTION('',(1.,0.,0.));
#71 = DEFINITIONAL_REPRESENTATION('',(#72),#76);
#72 = LINE('',#73,#74);
#73 = CARTESIAN_POINT('',(-0.,-0.));
#74 = VECTOR('',#75,1.);
#75 = DIRECTION('',(-1.,-0.));
#76 = ( GEOMETRIC_REPRESENTATION_CONTEXT(2) 
PARAMETRIC_REPRESENTATION_CONTEXT() REPRESENTATION_CONTEXT('2D SPACE',''
  ) );
#77 = ORIENTED_EDGE('',*,*,#21,.F.);
#78 = ORIENTED_EDGE('',*,*,#79,.T.);
#79 = EDGE_CURVE('',#22,#22,#80,.T.);
#80 = SURFACE_CURVE('',#81,(#86,#93),.PCURVE_S1.);
#81 = CIRCLE('',#82,42.75);
#82 = AXIS2_PLACEMENT_3D('',#83,#84,#85);
#83 = CARTESIAN_POINT('',(0.,0.,55.));
#84 = DIRECTION('',(0.,0.,1.));
#85 = DIRECTION('',(1.,0.,-0.));
#86 = PCURVE('',#32,#87);
#87 = DEFINITIONAL_REPRESENTATION('',(#88),#92);
#88 = LINE('',#89,#90);
#89 = CARTESIAN_POINT('',(0.,55.));
#90 = VECTOR('',#91,1.);
#91 = DIRECTION('',(1.,0.));
#92 = ( GEOMETRIC_REPRESENTATION_CONTEXT(2) 
PARAMETRIC_REPRESENTATION_CONTEXT() REPRESENTATION_CONTEXT('2D SPACE',''
  ) );
#93 = PCURVE('',#94,#99);
#94 = PLANE('',#95);
#95 = AXIS2_PLACEMENT_3D('',#96,#97,#98);
#96 = CARTESIAN_POINT('',(0.,0.,55.));
#97 = DIRECTION('',(0.,0.,1.));
#98 = DIRECTION('',(1.,0.,-0.));
#99 = DEFINITIONAL_REPRESENTATION('',(#100),#104);
#100 = CIRCLE('',#101,42.75);
#101 = AXIS2_PLACEMENT_2D('',#102,#103);
#102 = CARTESIAN_POINT('',(0.,0.));
#103 = DIRECTION('',(1.,0.));
#104 = ( GEOMETRIC_REPRESENTATION_CONTEXT(2) 
PARAMETRIC_REPRESENTATION_CONTEXT() REPRESENTATION_CONTEXT('2D SPACE',''
  ) );
#105 = ADVANCED_FACE('',(#106),#66,.T.);
#106 = FACE_BOUND('',#107,.T.);
#107 = EDGE_LOOP('',(#108,#129,#130,#131));
#108 = ORIENTED_EDGE('',*,*,#109,.F.);
#109 = EDGE_CURVE('',#24,#110,#112,.T.);
#110 = VERTEX_POINT('',#111);
#111 = CARTESIAN_POINT('',(41.75,0.,62.));
#112 = SEAM_CURVE('',#113,(#117,#123),.PCURVE_S1.);
#113 = LINE('',#114,#115);
#114 = CARTESIAN_POINT('',(42.75,0.,61.));
#115 = VECTOR('',#116,1.);
#116 = DIRECTION('',(-0.707106781187,0.,0.707106781187));
#117 = PCURVE('',#66,#118);
#118 = DEFINITIONAL_REPRESENTATION('',(#119),#122);
#119 = B_SPLINE_CURVE_WITH_KNOTS('',1,(#120,#121),.UNSPECIFIED.,.F.,.F.,
  (2,2),(0.,1.414213562373),.PIECEWISE_BEZIER_KNOTS.);
#120 = CARTESIAN_POINT('',(0.,0.));
#121 = CARTESIAN_POINT('',(0.,-1.));
#122 = ( GEOMETRIC_REPRESENTATION_CONTEXT(2) 
PARAMETRIC_REPRESENTATION_CONTEXT() REPRESENTATION_CONTEXT('2D SPACE',''
  ) );
#123 = PCURVE('',#66,#124);
#124 = DEFINITIONAL_REPRESENTATION('',(#125),#128);
#125 = B_SPLINE_CURVE_WITH_KNOTS('',1,(#126,#127),.UNSPECIFIED.,.F.,.F.,
  (2,2),(0.,1.414213562373),.PIECEWISE_BEZIER_KNOTS.);
#126 = CARTESIAN_POINT('',(-6.28318530718,0.));
#127 = CARTESIAN_POINT('',(-6.28318530718,-1.));
#128 = ( GEOMETRIC_REPRESENTATION_CONTEXT(2) 
PARAMETRIC_REPRESENTATION_CONTEXT() REPRESENTATION_CONTEXT('2D SPACE',''
  ) );
#129 = ORIENTED_EDGE('',*,*,#51,.T.);
#130 = ORIENTED_EDGE('',*,*,#109,.T.);
#131 = ORIENTED_EDGE('',*,*,#132,.F.);
#132 = EDGE_CURVE('',#110,#110,#133,.T.);
#133 = SURFACE_CURVE('',#134,(#139,#146),.PCURVE_S1.);
#134 = CIRCLE('',#135,41.75);
#135 = AXIS2_PLACEMENT_3D('',#136,#137,#138);
#136 = CARTESIAN_POINT('',(0.,0.,62.));
#137 = DIRECTION('',(0.,0.,1.));
#138 = DIRECTION('',(1.,0.,-0.));
#139 = PCURVE('',#66,#140);
#140 = DEFINITIONAL_REPRESENTATION('',(#141),#145);
#141 = LINE('',#142,#143);
#142 = CARTESIAN_POINT('',(-0.,-1.));
#143 = VECTOR('',#144,1.);
#144 = DIRECTION('',(-1.,-0.));
#145 = ( GEOMETRIC_REPRESENTATION_CONTEXT(2) 
PARAMETRIC_REPRESENTATION_CONTEXT() REPRESENTATION_CONTEXT('2D SPACE',''
  ) );
#146 = PCURVE('',#147,#152);
#147 = PLANE('',#148);
#148 = AXIS2_PLACEMENT_3D('',#149,#150,#151);
#149 = CARTESIAN_POINT('',(0.,0.,62.));
#150 = DIRECTION('',(0.,0.,1.));
#151 = DIRECTION('',(1.,0.,-0.));
#152 = DEFINITIONAL_REPRESENTATION('',(#153),#157);
#153 = CIRCLE('',#154,41.75);
#154 = AXIS2_PLACEMENT_2D('',#155,#156);
#155 = CARTESIAN_POINT('',(0.,0.));
#156 = DIRECTION('',(1.,0.));
#157 = ( GEOMETRIC_REPRESENTATION_CONTEXT(2) 
PARAMETRIC_REPRESENTATION_CONTEXT() REPRESENTATION_CONTEXT('2D SPACE',''
  ) );
#158 = ADVANCED_FACE('',(#159,#162),#94,.F.);
#159 = FACE_BOUND('',#160,.F.);
#160 = EDGE_LOOP('',(#161));
#161 = ORIENTED_EDGE('',*,*,#79,.T.);
#162 = FACE_BOUND('',#163,.F.);
#163 = EDGE_LOOP('',(#164));
#164 = ORIENTED_EDGE('',*,*,#165,.F.);
#165 = EDGE_CURVE('',#166,#166,#168,.T.);
#166 = VERTEX_POINT('',#167);
#167 = CARTESIAN_POINT('',(38.25,-9.368548013477E-15,55.));
#168 = SURFACE_CURVE('',#169,(#174,#181),.PCURVE_S1.);
#169 = CIRCLE('',#170,38.25);
#170 = AXIS2_PLACEMENT_3D('',#171,#172,#173);
#171 = CARTESIAN_POINT('',(0.,0.,55.));
#172 = DIRECTION('',(0.,0.,1.));
#173 = DIRECTION('',(1.,0.,-0.));
#174 = PCURVE('',#94,#175);
#175 = DEFINITIONAL_REPRESENTATION('',(#176),#180);
#176 = CIRCLE('',#177,38.25);
#177 = AXIS2_PLACEMENT_2D('',#178,#179);
#178 = CARTESIAN_POINT('',(0.,0.));
#179 = DIRECTION('',(1.,0.));
#180 = ( GEOMETRIC_REPRESENTATION_CONTEXT(2) 
PARAMETRIC_REPRESENTATION_CONTEXT() REPRESENTATION_CONTEXT('2D SPACE',''
  ) );
#181 = PCURVE('',#182,#187);
#182 = CYLINDRICAL_SURFACE('',#183,38.25);
#183 = AXIS2_PLACEMENT_3D('',#184,#185,#186);
#184 = CARTESIAN_POINT('',(0.,0.,52.));
#185 = DIRECTION('',(0.,0.,1.));
#186 = DIRECTION('',(1.,0.,-0.));
#187 = DEFINITIONAL_REPRESENTATION('',(#188),#192);
#188 = LINE('',#189,#190);
#189 = CARTESIAN_POINT('',(0.,3.));
#190 = VECTOR('',#191,1.);
#191 = DIRECTION('',(1.,0.));
#192 = ( GEOMETRIC_REPRESENTATION_CONTEXT(2) 
PARAMETRIC_REPRESENTATION_CONTEXT() REPRESENTATION_CONTEXT('2D SPACE',''
  ) );
#193 = ADVANCED_FACE('',(#194),#147,.T.);
#194 = FACE_BOUND('',#195,.T.);
#195 = EDGE_LOOP('',(#196));
#196 = ORIENTED_EDGE('',*,*,#132,.T.);
#197 = ADVANCED_FACE('',(#198),#182,.T.);
#198 = FACE_BOUND('',#199,.T.);
#199 = EDGE_LOOP('',(#200,#201,#224,#251));
#200 = ORIENTED_EDGE('',*,*,#165,.F.);
#201 = ORIENTED_EDGE('',*,*,#202,.F.);
#202 = EDGE_CURVE('',#203,#166,#205,.T.);
#203 = VERTEX_POINT('',#204);
#204 = CARTESIAN_POINT('',(38.25,-9.368548013477E-15,52.));
#205 = SEAM_CURVE('',#206,(#210,#217),.PCURVE_S1.);
#206 = LINE('',#207,#208);
#207 = CARTESIAN_POINT('',(38.25,-9.368548013477E-15,52.));
#208 = VECTOR('',#209,1.);
#209 = DIRECTION('',(0.,0.,1.));
#210 = PCURVE('',#182,#211);
#211 = DEFINITIONAL_REPRESENTATION('',(#212),#216);
#212 = LINE('',#213,#214);
#213 = CARTESIAN_POINT('',(6.28318530718,-0.));
#214 = VECTOR('',#215,1.);
#215 = DIRECTION('',(0.,1.));
#216 = ( GEOMETRIC_REPRESENTATION_CONTEXT(2) 
PARAMETRIC_REPRESENTATION_CONTEXT() REPRESENTATION_CONTEXT('2D SPACE',''
  ) );
#217 = PCURVE('',#182,#218);
#218 = DEFINITIONAL_REPRESENTATION('',(#219),#223);
#219 = LINE('',#220,#221);
#220 = CARTESIAN_POINT('',(0.,-0.));
#221 = VECTOR('',#222,1.);
#222 = DIRECTION('',(0.,1.));
#223 = ( GEOMETRIC_REPRESENTATION_CONTEXT(2) 
PARAMETRIC_REPRESENTATION_CONTEXT() REPRESENTATION_CONTEXT('2D SPACE',''
  ) );
#224 = ORIENTED_EDGE('',*,*,#225,.T.);
#225 = EDGE_CURVE('',#203,#203,#226,.T.);
#226 = SURFACE_CURVE('',#227,(#232,#239),.PCURVE_S1.);
#227 = CIRCLE('',#228,38.25);
#228 = AXIS2_PLACEMENT_3D('',#229,#230,#231);
#229 = CARTESIAN_POINT('',(0.,0.,52.));
#230 = DIRECTION('',(0.,0.,1.));
#231 = DIRECTION('',(1.,0.,-0.));
#232 = PCURVE('',#182,#233);
#233 = DEFINITIONAL_REPRESENTATION('',(#234),#238);
#234 = LINE('',#235,#236);
#235 = CARTESIAN_POINT('',(0.,0.));
#236 = VECTOR('',#237,1.);
#237 = DIRECTION('',(1.,0.));
#238 = ( GEOMETRIC_REPRESENTATION_CONTEXT(2) 
PARAMETRIC_REPRESENTATION_CONTEXT() REPRESENTATION_CONTEXT('2D SPACE',''
  ) );
#239 = PCURVE('',#240,#245);
#240 = PLANE('',#241);
#241 = AXIS2_PLACEMENT_3D('',#242,#243,#244);
#242 = CARTESIAN_POINT('',(0.,0.,52.));
#243 = DIRECTION('',(0.,0.,1.));
#244 = DIRECTION('',(1.,0.,-0.));
#245 = DEFINITIONAL_REPRESENTATION('',(#246),#250);
#246 = CIRCLE('',#247,38.25);
#247 = AXIS2_PLACEMENT_2D('',#248,#249);
#248 = CARTESIAN_POINT('',(0.,0.));
#249 = DIRECTION('',(1.,0.));
#250 = ( GEOMETRIC_REPRESENTATION_CONTEXT(2) 
PARAMETRIC_REPRESENTATION_CONTEXT() REPRESENTATION_CONTEXT('2D SPACE',''
  ) );
#251 = ORIENTED_EDGE('',*,*,#202,.T.);
#252 = ADVANCED_FACE('',(#253,#284),#240,.T.);
#253 = FACE_BOUND('',#254,.T.);
#254 = EDGE_LOOP('',(#255));
#255 = ORIENTED_EDGE('',*,*,#256,.T.);
#256 = EDGE_CURVE('',#257,#257,#259,.T.);
#257 = VERTEX_POINT('',#258);
#258 = CARTESIAN_POINT('',(42.75,-1.047073013271E-14,52.));
#259 = SURFACE_CURVE('',#260,(#265,#272),.PCURVE_S1.);
#260 = CIRCLE('',#261,42.75);
#261 = AXIS2_PLACEMENT_3D('',#262,#263,#264);
#262 = CARTESIAN_POINT('',(0.,0.,52.));
#263 = DIRECTION('',(0.,0.,1.));
#264 = DIRECTION('',(1.,0.,-0.));
#265 = PCURVE('',#240,#266);
#266 = DEFINITIONAL_REPRESENTATION('',(#267),#271);
#267 = CIRCLE('',#268,42.75);
#268 = AXIS2_PLACEMENT_2D('',#269,#270);
#269 = CARTESIAN_POINT('',(0.,0.));
#270 = DIRECTION('',(1.,0.));
#271 = ( GEOMETRIC_REPRESENTATION_CONTEXT(2) 
PARAMETRIC_REPRESENTATION_CONTEXT() REPRESENTATION_CONTEXT('2D SPACE',''
  ) );
#272 = PCURVE('',#273,#278);
#273 = CYLINDRICAL_SURFACE('',#274,42.75);
#274 = AXIS2_PLACEMENT_3D('',#275,#276,#277);
#275 = CARTESIAN_POINT('',(0.,0.,0.));
#276 = DIRECTION('',(0.,0.,1.));
#277 = DIRECTION('',(1.,0.,-0.));
#278 = DEFINITIONAL_REPRESENTATION('',(#279),#283);
#279 = LINE('',#280,#281);
#280 = CARTESIAN_POINT('',(0.,52.));
#281 = VECTOR('',#282,1.);
#282 = DIRECTION('',(1.,0.));
#283 = ( GEOMETRIC_REPRESENTATION_CONTEXT(2) 
PARAMETRIC_REPRESENTATION_CONTEXT() REPRESENTATION_CONTEXT('2D SPACE',''
  ) );
#284 = FACE_BOUND('',#285,.T.);
#285 = EDGE_LOOP('',(#286));
#286 = ORIENTED_EDGE('',*,*,#225,.F.);
#287 = ADVANCED_FACE('',(#288),#273,.T.);
#288 = FACE_BOUND('',#289,.T.);
#289 = EDGE_LOOP('',(#290,#313,#314,#315));
#290 = ORIENTED_EDGE('',*,*,#291,.T.);
#291 = EDGE_CURVE('',#292,#257,#294,.T.);
#292 = VERTEX_POINT('',#293);
#293 = CARTESIAN_POINT('',(42.75,-1.047073013271E-14,49.));
#294 = SEAM_CURVE('',#295,(#299,#306),.PCURVE_S1.);
#295 = LINE('',#296,#297);
#296 = CARTESIAN_POINT('',(42.75,-1.047073013271E-14,0.));
#297 = VECTOR('',#298,1.);
#298 = DIRECTION('',(0.,0.,1.));
#299 = PCURVE('',#273,#300);
#300 = DEFINITIONAL_REPRESENTATION('',(#301),#305);
#301 = LINE('',#302,#303);
#302 = CARTESIAN_POINT('',(6.28318530718,-0.));
#303 = VECTOR('',#304,1.);
#304 = DIRECTION('',(0.,1.));
#305 = ( GEOMETRIC_REPRESENTATION_CONTEXT(2) 
PARAMETRIC_REPRESENTATION_CONTEXT() REPRESENTATION_CONTEXT('2D SPACE',''
  ) );
#306 = PCURVE('',#273,#307);
#307 = DEFINITIONAL_REPRESENTATION('',(#308),#312);
#308 = LINE('',#309,#310);
#309 = CARTESIAN_POINT('',(0.,-0.));
#310 = VECTOR('',#311,1.);
#311 = DIRECTION('',(0.,1.));
#312 = ( GEOMETRIC_REPRESENTATION_CONTEXT(2) 
PARAMETRIC_REPRESENTATION_CONTEXT() REPRESENTATION_CONTEXT('2D SPACE',''
  ) );
#313 = ORIENTED_EDGE('',*,*,#256,.F.);
#314 = ORIENTED_EDGE('',*,*,#291,.F.);
#315 = ORIENTED_EDGE('',*,*,#316,.T.);
#316 = EDGE_CURVE('',#292,#292,#317,.T.);
#317 = SURFACE_CURVE('',#318,(#323,#330),.PCURVE_S1.);
#318 = CIRCLE('',#319,42.75);
#319 = AXIS2_PLACEMENT_3D('',#320,#321,#322);
#320 = CARTESIAN_POINT('',(0.,0.,49.));
#321 = DIRECTION('',(0.,0.,1.));
#322 = DIRECTION('',(1.,0.,-0.));
#323 = PCURVE('',#273,#324);
#324 = DEFINITIONAL_REPRESENTATION('',(#325),#329);
#325 = LINE('',#326,#327);
#326 = CARTESIAN_POINT('',(0.,49.));
#327 = VECTOR('',#328,1.);
#328 = DIRECTION('',(1.,0.));
#329 = ( GEOMETRIC_REPRESENTATION_CONTEXT(2) 
PARAMETRIC_REPRESENTATION_CONTEXT() REPRESENTATION_CONTEXT('2D SPACE',''
  ) );
#330 = PCURVE('',#331,#336);
#331 = PLANE('',#332);
#332 = AXIS2_PLACEMENT_3D('',#333,#334,#335);
#333 = CARTESIAN_POINT('',(0.,0.,49.));
#334 = DIRECTION('',(0.,0.,1.));
#335 = DIRECTION('',(1.,0.,-0.));
#336 = DEFINITIONAL_REPRESENTATION('',(#337),#341);
#337 = CIRCLE('',#338,42.75);
#338 = AXIS2_PLACEMENT_2D('',#339,#340);
#339 = CARTESIAN_POINT('',(0.,0.));
#340 = DIRECTION('',(1.,0.));
#341 = ( GEOMETRIC_REPRESENTATION_CONTEXT(2) 
PARAMETRIC_REPRESENTATION_CONTEXT() REPRESENTATION_CONTEXT('2D SPACE',''
  ) );
#342 = ADVANCED_FACE('',(#343,#346),#331,.F.);
#343 = FACE_BOUND('',#344,.F.);
#344 = EDGE_LOOP('',(#345));
#345 = ORIENTED_EDGE('',*,*,#316,.T.);
#346 = FACE_BOUND('',#347,.F.);
#347 = EDGE_LOOP('',(#348));
#348 = ORIENTED_EDGE('',*,*,#349,.F.);
#349 = EDGE_CURVE('',#350,#350,#352,.T.);
#350 = VERTEX_POINT('',#351);
#351 = CARTESIAN_POINT('',(38.25,-9.368548013477E-15,49.));
#352 = SURFACE_CURVE('',#353,(#358,#365),.PCURVE_S1.);
#353 = CIRCLE('',#354,38.25);
#354 = AXIS2_PLACEMENT_3D('',#355,#356,#357);
#355 = CARTESIAN_POINT('',(0.,0.,49.));
#356 = DIRECTION('',(0.,0.,1.));
#357 = DIRECTION('',(1.,0.,-0.));
#358 = PCURVE('',#331,#359);
#359 = DEFINITIONAL_REPRESENTATION('',(#360),#364);
#360 = CIRCLE('',#361,38.25);
#361 = AXIS2_PLACEMENT_2D('',#362,#363);
#362 = CARTESIAN_POINT('',(0.,0.));
#363 = DIRECTION('',(1.,0.));
#364 = ( GEOMETRIC_REPRESENTATION_CONTEXT(2) 
PARAMETRIC_REPRESENTATION_CONTEXT() REPRESENTATION_CONTEXT('2D SPACE',''
  ) );
#365 = PCURVE('',#366,#371);
#366 = CYLINDRICAL_SURFACE('',#367,38.25);
#367 = AXIS2_PLACEMENT_3D('',#368,#369,#370);
#368 = CARTESIAN_POINT('',(0.,0.,46.));
#369 = DIRECTION('',(0.,0.,1.));
#370 = DIRECTION('',(1.,0.,-0.));
#371 = DEFINITIONAL_REPRESENTATION('',(#372),#376);
#372 = LINE('',#373,#374);
#373 = CARTESIAN_POINT('',(0.,3.));
#374 = VECTOR('',#375,1.);
#375 = DIRECTION('',(1.,0.));
#376 = ( GEOMETRIC_REPRESENTATION_CONTEXT(2) 
PARAMETRIC_REPRESENTATION_CONTEXT() REPRESENTATION_CONTEXT('2D SPACE',''
  ) );
#377 = ADVANCED_FACE('',(#378),#366,.T.);
#378 = FACE_BOUND('',#379,.T.);
#379 = EDGE_LOOP('',(#380,#381,#404,#431));
#380 = ORIENTED_EDGE('',*,*,#349,.F.);
#381 = ORIENTED_EDGE('',*,*,#382,.F.);
#382 = EDGE_CURVE('',#383,#350,#385,.T.);
#383 = VERTEX_POINT('',#384);
#384 = CARTESIAN_POINT('',(38.25,-9.368548013477E-15,46.));
#385 = SEAM_CURVE('',#386,(#390,#397),.PCURVE_S1.);
#386 = LINE('',#387,#388);
#387 = CARTESIAN_POINT('',(38.25,-9.368548013477E-15,46.));
#388 = VECTOR('',#389,1.);
#389 = DIRECTION('',(0.,0.,1.));
#390 = PCURVE('',#366,#391);
#391 = DEFINITIONAL_REPRESENTATION('',(#392),#396);
#392 = LINE('',#393,#394);
#393 = CARTESIAN_POINT('',(6.28318530718,-0.));
#394 = VECTOR('',#395,1.);
#395 = DIRECTION('',(0.,1.));
#396 = ( GEOMETRIC_REPRESENTATION_CONTEXT(2) 
PARAMETRIC_REPRESENTATION_CONTEXT() REPRESENTATION_CONTEXT('2D SPACE',''
  ) );
#397 = PCURVE('',#366,#398);
#398 = DEFINITIONAL_REPRESENTATION('',(#399),#403);
#399 = LINE('',#400,#401);
#400 = CARTESIAN_POINT('',(0.,-0.));
#401 = VECTOR('',#402,1.);
#402 = DIRECTION('',(0.,1.));
#403 = ( GEOMETRIC_REPRESENTATION_CONTEXT(2) 
PARAMETRIC_REPRESENTATION_CONTEXT() REPRESENTATION_CONTEXT('2D SPACE',''
  ) );
#404 = ORIENTED_EDGE('',*,*,#405,.T.);
#405 = EDGE_CURVE('',#383,#383,#406,.T.);
#406 = SURFACE_CURVE('',#407,(#412,#419),.PCURVE_S1.);
#407 = CIRCLE('',#408,38.25);
#408 = AXIS2_PLACEMENT_3D('',#409,#410,#411);
#409 = CARTESIAN_POINT('',(0.,0.,46.));
#410 = DIRECTION('',(0.,0.,1.));
#411 = DIRECTION('',(1.,0.,-0.));
#412 = PCURVE('',#366,#413);
#413 = DEFINITIONAL_REPRESENTATION('',(#414),#418);
#414 = LINE('',#415,#416);
#415 = CARTESIAN_POINT('',(0.,0.));
#416 = VECTOR('',#417,1.);
#417 = DIRECTION('',(1.,0.));
#418 = ( GEOMETRIC_REPRESENTATION_CONTEXT(2) 
PARAMETRIC_REPRESENTATION_CONTEXT() REPRESENTATION_CONTEXT('2D SPACE',''
  ) );
#419 = PCURVE('',#420,#425);
#420 = PLANE('',#421);
#421 = AXIS2_PLACEMENT_3D('',#422,#423,#424);
#422 = CARTESIAN_POINT('',(0.,0.,46.));
#423 = DIRECTION('',(0.,0.,1.));
#424 = DIRECTION('',(1.,0.,-0.));
#425 = DEFINITIONAL_REPRESENTATION('',(#426),#430);
#426 = CIRCLE('',#427,38.25);
#427 = AXIS2_PLACEMENT_2D('',#428,#429);
#428 = CARTESIAN_POINT('',(0.,0.));
#429 = DIRECTION('',(1.,0.));
#430 = ( GEOMETRIC_REPRESENTATION_CONTEXT(2) 
PARAMETRIC_REPRESENTATION_CONTEXT() REPRESENTATION_CONTEXT('2D SPACE',''
  ) );
#431 = ORIENTED_EDGE('',*,*,#382,.T.);
#432 = ADVANCED_FACE('',(#433,#464),#420,.T.);
#433 = FACE_BOUND('',#434,.T.);
#434 = EDGE_LOOP('',(#435));
#435 = ORIENTED_EDGE('',*,*,#436,.T.);
#436 = EDGE_CURVE('',#437,#437,#439,.T.);
#437 = VERTEX_POINT('',#438);
#438 = CARTESIAN_POINT('',(42.75,-1.047073013271E-14,46.));
#439 = SURFACE_CURVE('',#440,(#445,#452),.PCURVE_S1.);
#440 = CIRCLE('',#441,42.75);
#441 = AXIS2_PLACEMENT_3D('',#442,#443,#444);
#442 = CARTESIAN_POINT('',(0.,0.,46.));
#443 = DIRECTION('',(0.,0.,1.));
#444 = DIRECTION('',(1.,0.,-0.));
#445 = PCURVE('',#420,#446);
#446 = DEFINITIONAL_REPRESENTATION('',(#447),#451);
#447 = CIRCLE('',#448,42.75);
#448 = AXIS2_PLACEMENT_2D('',#449,#450);
#449 = CARTESIAN_POINT('',(0.,0.));
#450 = DIRECTION('',(1.,0.));
#451 = ( GEOMETRIC_REPRESENTATION_CONTEXT(2) 
PARAMETRIC_REPRESENTATION_CONTEXT() REPRESENTATION_CONTEXT('2D SPACE',''
  ) );
#452 = PCURVE('',#453,#458);
#453 = CYLINDRICAL_SURFACE('',#454,42.75);
#454 = AXIS2_PLACEMENT_3D('',#455,#456,#457);
#455 = CARTESIAN_POINT('',(0.,0.,0.));
#456 = DIRECTION('',(0.,0.,1.));
#457 = DIRECTION('',(1.,0.,-0.));
#458 = DEFINITIONAL_REPRESENTATION('',(#459),#463);
#459 = LINE('',#460,#461);
#460 = CARTESIAN_POINT('',(0.,46.));
#461 = VECTOR('',#462,1.);
#462 = DIRECTION('',(1.,0.));
#463 = ( GEOMETRIC_REPRESENTATION_CONTEXT(2) 
PARAMETRIC_REPRESENTATION_CONTEXT() REPRESENTATION_CONTEXT('2D SPACE',''
  ) );
#464 = FACE_BOUND('',#465,.T.);
#465 = EDGE_LOOP('',(#466));
#466 = ORIENTED_EDGE('',*,*,#405,.F.);
#467 = ADVANCED_FACE('',(#468),#453,.T.);
#468 = FACE_BOUND('',#469,.T.);
#469 = EDGE_LOOP('',(#470,#493,#494,#495));
#470 = ORIENTED_EDGE('',*,*,#471,.T.);
#471 = EDGE_CURVE('',#472,#437,#474,.T.);
#472 = VERTEX_POINT('',#473);
#473 = CARTESIAN_POINT('',(42.75,-1.047073013271E-14,43.));
#474 = SEAM_CURVE('',#475,(#479,#486),.PCURVE_S1.);
#475 = LINE('',#476,#477);
#476 = CARTESIAN_POINT('',(42.75,-1.047073013271E-14,0.));
#477 = VECTOR('',#478,1.);
#478 = DIRECTION('',(0.,0.,1.));
#479 = PCURVE('',#453,#480);
#480 = DEFINITIONAL_REPRESENTATION('',(#481),#485);
#481 = LINE('',#482,#483);
#482 = CARTESIAN_POINT('',(6.28318530718,-0.));
#483 = VECTOR('',#484,1.);
#484 = DIRECTION('',(0.,1.));
#485 = ( GEOMETRIC_REPRESENTATION_CONTEXT(2) 
PARAMETRIC_REPRESENTATION_CONTEXT() REPRESENTATION_CONTEXT('2D SPACE',''
  ) );
#486 = PCURVE('',#453,#487);
#487 = DEFINITIONAL_REPRESENTATION('',(#488),#492);
#488 = LINE('',#489,#490);
#489 = CARTESIAN_POINT('',(0.,-0.));
#490 = VECTOR('',#491,1.);
#491 = DIRECTION('',(0.,1.));
#492 = ( GEOMETRIC_REPRESENTATION_CONTEXT(2) 
PARAMETRIC_REPRESENTATION_CONTEXT() REPRESENTATION_CONTEXT('2D SPACE',''
  ) );
#493 = ORIENTED_EDGE('',*,*,#436,.F.);
#494 = ORIENTED_EDGE('',*,*,#471,.F.);
#495 = ORIENTED_EDGE('',*,*,#496,.T.);
#496 = EDGE_CURVE('',#472,#472,#497,.T.);
#497 = SURFACE_CURVE('',#498,(#503,#510),.PCURVE_S1.);
#498 = CIRCLE('',#499,42.75);
#499 = AXIS2_PLACEMENT_3D('',#500,#501,#502);
#500 = CARTESIAN_POINT('',(0.,0.,43.));
#501 = DIRECTION('',(0.,0.,1.));
#502 = DIRECTION('',(1.,0.,-0.));
#503 = PCURVE('',#453,#504);
#504 = DEFINITIONAL_REPRESENTATION('',(#505),#509);
#505 = LINE('',#506,#507);
#506 = CARTESIAN_POINT('',(0.,43.));
#507 = VECTOR('',#508,1.);
#508 = DIRECTION('',(1.,0.));
#509 = ( GEOMETRIC_REPRESENTATION_CONTEXT(2) 
PARAMETRIC_REPRESENTATION_CONTEXT() REPRESENTATION_CONTEXT('2D SPACE',''
  ) );
#510 = PCURVE('',#511,#516);
#511 = PLANE('',#512);
#512 = AXIS2_PLACEMENT_3D('',#513,#514,#515);
#513 = CARTESIAN_POINT('',(0.,0.,43.));
#514 = DIRECTION('',(0.,0.,1.));
#515 = DIRECTION('',(1.,0.,-0.));
#516 = DEFINITIONAL_REPRESENTATION('',(#517),#521);
#517 = CIRCLE('',#518,42.75);
#518 = AXIS2_PLACEMENT_2D('',#519,#520);
#519 = CARTESIAN_POINT('',(0.,0.));
#520 = DIRECTION('',(1.,0.));
#521 = ( GEOMETRIC_REPRESENTATION_CONTEXT(2) 
PARAMETRIC_REPRESENTATION_CONTEXT() REPRESENTATION_CONTEXT('2D SPACE',''
  ) );
#522 = ADVANCED_FACE('',(#523,#526),#511,.F.);
#523 = FACE_BOUND('',#524,.F.);
#524 = EDGE_LOOP('',(#525));
#525 = ORIENTED_EDGE('',*,*,#496,.T.);
#526 = FACE_BOUND('',#527,.F.);
#527 = EDGE_LOOP('',(#528));
#528 = ORIENTED_EDGE('',*,*,#529,.F.);
#529 = EDGE_CURVE('',#530,#530,#532,.T.);
#530 = VERTEX_POINT('',#531);
#531 = CARTESIAN_POINT('',(38.25,-9.368548013477E-15,43.));
#532 = SURFACE_CURVE('',#533,(#538,#545),.PCURVE_S1.);
#533 = CIRCLE('',#534,38.25);
#534 = AXIS2_PLACEMENT_3D('',#535,#536,#537);
#535 = CARTESIAN_POINT('',(0.,0.,43.));
#536 = DIRECTION('',(0.,0.,1.));
#537 = DIRECTION('',(1.,0.,-0.));
#538 = PCURVE('',#511,#539);
#539 = DEFINITIONAL_REPRESENTATION('',(#540),#544);
#540 = CIRCLE('',#541,38.25);
#541 = AXIS2_PLACEMENT_2D('',#542,#543);
#542 = CARTESIAN_POINT('',(0.,0.));
#543 = DIRECTION('',(1.,0.));
#544 = ( GEOMETRIC_REPRESENTATION_CONTEXT(2) 
PARAMETRIC_REPRESENTATION_CONTEXT() REPRESENTATION_CONTEXT('2D SPACE',''
  ) );
#545 = PCURVE('',#546,#551);
#546 = CYLINDRICAL_SURFACE('',#547,38.25);
#547 = AXIS2_PLACEMENT_3D('',#548,#549,#550);
#548 = CARTESIAN_POINT('',(0.,0.,40.));
#549 = DIRECTION('',(0.,0.,1.));
#550 = DIRECTION('',(1.,0.,-0.));
#551 = DEFINITIONAL_REPRESENTATION('',(#552),#556);
#552 = LINE('',#553,#554);
#553 = CARTESIAN_POINT('',(0.,3.));
#554 = VECTOR('',#555,1.);
#555 = DIRECTION('',(1.,0.));
#556 = ( GEOMETRIC_REPRESENTATION_CONTEXT(2) 
PARAMETRIC_REPRESENTATION_CONTEXT() REPRESENTATION_CONTEXT('2D SPACE',''
  ) );
#557 = ADVANCED_FACE('',(#558),#546,.T.);
#558 = FACE_BOUND('',#559,.T.);
#559 = EDGE_LOOP('',(#560,#561,#584,#611));
#560 = ORIENTED_EDGE('',*,*,#529,.F.);
#561 = ORIENTED_EDGE('',*,*,#562,.F.);
#562 = EDGE_CURVE('',#563,#530,#565,.T.);
#563 = VERTEX_POINT('',#564);
#564 = CARTESIAN_POINT('',(38.25,-9.368548013477E-15,40.));
#565 = SEAM_CURVE('',#566,(#570,#577),.PCURVE_S1.);
#566 = LINE('',#567,#568);
#567 = CARTESIAN_POINT('',(38.25,-9.368548013477E-15,40.));
#568 = VECTOR('',#569,1.);
#569 = DIRECTION('',(0.,0.,1.));
#570 = PCURVE('',#546,#571);
#571 = DEFINITIONAL_REPRESENTATION('',(#572),#576);
#572 = LINE('',#573,#574);
#573 = CARTESIAN_POINT('',(6.28318530718,-0.));
#574 = VECTOR('',#575,1.);
#575 = DIRECTION('',(0.,1.));
#576 = ( GEOMETRIC_REPRESENTATION_CONTEXT(2) 
PARAMETRIC_REPRESENTATION_CONTEXT() REPRESENTATION_CONTEXT('2D SPACE',''
  ) );
#577 = PCURVE('',#546,#578);
#578 = DEFINITIONAL_REPRESENTATION('',(#579),#583);
#579 = LINE('',#580,#581);
#580 = CARTESIAN_POINT('',(0.,-0.));
#581 = VECTOR('',#582,1.);
#582 = DIRECTION('',(0.,1.));
#583 = ( GEOMETRIC_REPRESENTATION_CONTEXT(2) 
PARAMETRIC_REPRESENTATION_CONTEXT() REPRESENTATION_CONTEXT('2D SPACE',''
  ) );
#584 = ORIENTED_EDGE('',*,*,#585,.T.);
#585 = EDGE_CURVE('',#563,#563,#586,.T.);
#586 = SURFACE_CURVE('',#587,(#592,#599),.PCURVE_S1.);
#587 = CIRCLE('',#588,38.25);
#588 = AXIS2_PLACEMENT_3D('',#589,#590,#591);
#589 = CARTESIAN_POINT('',(0.,0.,40.));
#590 = DIRECTION('',(0.,0.,1.));
#591 = DIRECTION('',(1.,0.,-0.));
#592 = PCURVE('',#546,#593);
#593 = DEFINITIONAL_REPRESENTATION('',(#594),#598);
#594 = LINE('',#595,#596);
#595 = CARTESIAN_POINT('',(0.,0.));
#596 = VECTOR('',#597,1.);
#597 = DIRECTION('',(1.,0.));
#598 = ( GEOMETRIC_REPRESENTATION_CONTEXT(2) 
PARAMETRIC_REPRESENTATION_CONTEXT() REPRESENTATION_CONTEXT('2D SPACE',''
  ) );
#599 = PCURVE('',#600,#605);
#600 = PLANE('',#601);
#601 = AXIS2_PLACEMENT_3D('',#602,#603,#604);
#602 = CARTESIAN_POINT('',(0.,0.,40.));
#603 = DIRECTION('',(0.,0.,1.));
#604 = DIRECTION('',(1.,0.,-0.));
#605 = DEFINITIONAL_REPRESENTATION('',(#606),#610);
#606 = CIRCLE('',#607,38.25);
#607 = AXIS2_PLACEMENT_2D('',#608,#609);
#608 = CARTESIAN_POINT('',(0.,0.));
#609 = DIRECTION('',(1.,0.));
#610 = ( GEOMETRIC_REPRESENTATION_CONTEXT(2) 
PARAMETRIC_REPRESENTATION_CONTEXT() REPRESENTATION_CONTEXT('2D SPACE',''
  ) );
#611 = ORIENTED_EDGE('',*,*,#562,.T.);
#612 = ADVANCED_FACE('',(#613,#644),#600,.T.);
#613 = FACE_BOUND('',#614,.T.);
#614 = EDGE_LOOP('',(#615));
#615 = ORIENTED_EDGE('',*,*,#616,.T.);
#616 = EDGE_CURVE('',#617,#617,#619,.T.);
#617 = VERTEX_POINT('',#618);
#618 = CARTESIAN_POINT('',(42.75,-1.047073013271E-14,40.));
#619 = SURFACE_CURVE('',#620,(#625,#632),.PCURVE_S1.);
#620 = CIRCLE('',#621,42.75);
#621 = AXIS2_PLACEMENT_3D('',#622,#623,#624);
#622 = CARTESIAN_POINT('',(0.,0.,40.));
#623 = DIRECTION('',(0.,0.,1.));
#624 = DIRECTION('',(1.,0.,-0.));
#625 = PCURVE('',#600,#626);
#626 = DEFINITIONAL_REPRESENTATION('',(#627),#631);
#627 = CIRCLE('',#628,42.75);
#628 = AXIS2_PLACEMENT_2D('',#629,#630);
#629 = CARTESIAN_POINT('',(0.,0.));
#630 = DIRECTION('',(1.,0.));
#631 = ( GEOMETRIC_REPRESENTATION_CONTEXT(2) 
PARAMETRIC_REPRESENTATION_CONTEXT() REPRESENTATION_CONTEXT('2D SPACE',''
  ) );
#632 = PCURVE('',#633,#638);
#633 = CYLINDRICAL_SURFACE('',#634,42.75);
#634 = AXIS2_PLACEMENT_3D('',#635,#636,#637);
#635 = CARTESIAN_POINT('',(0.,0.,0.));
#636 = DIRECTION('',(0.,0.,1.));
#637 = DIRECTION('',(1.,0.,-0.));
#638 = DEFINITIONAL_REPRESENTATION('',(#639),#643);
#639 = LINE('',#640,#641);
#640 = CARTESIAN_POINT('',(0.,40.));
#641 = VECTOR('',#642,1.);
#642 = DIRECTION('',(1.,0.));
#643 = ( GEOMETRIC_REPRESENTATION_CONTEXT(2) 
PARAMETRIC_REPRESENTATION_CONTEXT() REPRESENTATION_CONTEXT('2D SPACE',''
  ) );
#644 = FACE_BOUND('',#645,.T.);
#645 = EDGE_LOOP('',(#646));
#646 = ORIENTED_EDGE('',*,*,#585,.F.);
#647 = ADVANCED_FACE('',(#648,#702,#939),#633,.T.);
#648 = FACE_BOUND('',#649,.T.);
#649 = EDGE_LOOP('',(#650,#673,#674,#675));
#650 = ORIENTED_EDGE('',*,*,#651,.T.);
#651 = EDGE_CURVE('',#652,#617,#654,.T.);
#652 = VERTEX_POINT('',#653);
#653 = CARTESIAN_POINT('',(42.75,-1.047073013271E-14,0.));
#654 = SEAM_CURVE('',#655,(#659,#666),.PCURVE_S1.);
#655 = LINE('',#656,#657);
#656 = CARTESIAN_POINT('',(42.75,-1.047073013271E-14,0.));
#657 = VECTOR('',#658,1.);
#658 = DIRECTION('',(0.,0.,1.));
#659 = PCURVE('',#633,#660);
#660 = DEFINITIONAL_REPRESENTATION('',(#661),#665);
#661 = LINE('',#662,#663);
#662 = CARTESIAN_POINT('',(6.28318530718,-0.));
#663 = VECTOR('',#664,1.);
#664 = DIRECTION('',(0.,1.));
#665 = ( GEOMETRIC_REPRESENTATION_CONTEXT(2) 
PARAMETRIC_REPRESENTATION_CONTEXT() REPRESENTATION_CONTEXT('2D SPACE',''
  ) );
#666 = PCURVE('',#633,#667);
#667 = DEFINITIONAL_REPRESENTATION('',(#668),#672);
#668 = LINE('',#669,#670);
#669 = CARTESIAN_POINT('',(0.,-0.));
#670 = VECTOR('',#671,1.);
#671 = DIRECTION('',(0.,1.));
#672 = ( GEOMETRIC_REPRESENTATION_CONTEXT(2) 
PARAMETRIC_REPRESENTATION_CONTEXT() REPRESENTATION_CONTEXT('2D SPACE',''
  ) );
#673 = ORIENTED_EDGE('',*,*,#616,.F.);
#674 = ORIENTED_EDGE('',*,*,#651,.F.);
#675 = ORIENTED_EDGE('',*,*,#676,.T.);
#676 = EDGE_CURVE('',#652,#652,#677,.T.);
#677 = SURFACE_CURVE('',#678,(#683,#690),.PCURVE_S1.);
#678 = CIRCLE('',#679,42.75);
#679 = AXIS2_PLACEMENT_3D('',#680,#681,#682);
#680 = CARTESIAN_POINT('',(0.,0.,0.));
#681 = DIRECTION('',(0.,0.,1.));
#682 = DIRECTION('',(1.,0.,-0.));
#683 = PCURVE('',#633,#684);
#684 = DEFINITIONAL_REPRESENTATION('',(#685),#689);
#685 = LINE('',#686,#687);
#686 = CARTESIAN_POINT('',(0.,0.));
#687 = VECTOR('',#688,1.);
#688 = DIRECTION('',(1.,0.));
#689 = ( GEOMETRIC_REPRESENTATION_CONTEXT(2) 
PARAMETRIC_REPRESENTATION_CONTEXT() REPRESENTATION_CONTEXT('2D SPACE',''
  ) );
#690 = PCURVE('',#691,#696);
#691 = PLANE('',#692);
#692 = AXIS2_PLACEMENT_3D('',#693,#694,#695);
#693 = CARTESIAN_POINT('',(0.,0.,0.));
#694 = DIRECTION('',(0.,0.,1.));
#695 = DIRECTION('',(1.,0.,-0.));
#696 = DEFINITIONAL_REPRESENTATION('',(#697),#701);
#697 = CIRCLE('',#698,42.75);
#698 = AXIS2_PLACEMENT_2D('',#699,#700);
#699 = CARTESIAN_POINT('',(0.,0.));
#700 = DIRECTION('',(1.,0.));
#701 = ( GEOMETRIC_REPRESENTATION_CONTEXT(2) 
PARAMETRIC_REPRESENTATION_CONTEXT() REPRESENTATION_CONTEXT('2D SPACE',''
  ) );
#702 = FACE_BOUND('',#703,.T.);
#703 = EDGE_LOOP('',(#704));
#704 = ORIENTED_EDGE('',*,*,#705,.F.);
#705 = EDGE_CURVE('',#706,#706,#708,.T.);
#706 = VERTEX_POINT('',#707);
#707 = CARTESIAN_POINT('',(11.,-41.31056160354,24.));
#708 = SURFACE_CURVE('',#709,(#782,#858),.PCURVE_S1.);
#709 = B_SPLINE_CURVE_WITH_KNOTS('',8,(#710,#711,#712,#713,#714,#715,
    #716,#717,#718,#719,#720,#721,#722,#723,#724,#725,#726,#727,#728,
    #729,#730,#731,#732,#733,#734,#735,#736,#737,#738,#739,#740,#741,
    #742,#743,#744,#745,#746,#747,#748,#749,#750,#751,#752,#753,#754,
    #755,#756,#757,#758,#759,#760,#761,#762,#763,#764,#765,#766,#767,
    #768,#769,#770,#771,#772,#773,#774,#775,#776,#777,#778,#779,#780,
    #781),.UNSPECIFIED.,.T.,.F.,(9,7,7,7,7,7,7,7,7,7,9),(0.,
    0.108076742786,0.207420340905,0.292606799943,0.391950398465,
    0.500026763396,0.60810329176,0.707446692783,0.792632982813,
    0.888172419352,1.),.UNSPECIFIED.);
#710 = CARTESIAN_POINT('',(11.,-41.31056160354,24.));
#711 = CARTESIAN_POINT('',(11.,-41.31056160354,24.8065684622));
#712 = CARTESIAN_POINT('',(10.932410824118,-41.32855898643,
    25.612553781563));
#713 = CARTESIAN_POINT('',(10.797399177022,-41.36450920852,
    26.414631913794));
#714 = CARTESIAN_POINT('',(10.594381618454,-41.41790485893,
    27.209339297777));
#715 = CARTESIAN_POINT('',(10.322106431866,-41.48776040094,
    27.992841389255));
#716 = CARTESIAN_POINT('',(9.97873007013,-41.57253066949,28.760636142271
    ));
#717 = CARTESIAN_POINT('',(9.561900174588,-41.66997854083,
    29.507179260134));
#718 = CARTESIAN_POINT('',(8.615654509232,-41.87538738551,30.88561950769
    ));
#719 = CARTESIAN_POINT('',(8.096326914955,-41.98223780423,31.52442622535
    ));
#720 = CARTESIAN_POINT('',(7.508464762613,-42.09513547232,
    32.135171061088));
#721 = CARTESIAN_POINT('',(6.849901609176,-42.21086703818,32.70987929478
    ));
#722 = CARTESIAN_POINT('',(6.119022349386,-42.32534426486,
    33.239064431764));
#723 = CARTESIAN_POINT('',(5.31505870982,-42.43353327613,33.711539127387
    ));
#724 = CARTESIAN_POINT('',(4.438567622089,-42.52955535111,
    34.114095856247));
#725 = CARTESIAN_POINT('',(2.68085970875,-42.67362570171,34.702579616383
    ));
#726 = CARTESIAN_POINT('',(1.81756907926,-42.72660579307,34.911385789531
    ));
#727 = CARTESIAN_POINT('',(0.918098801375,-42.7609056116,35.042489852962
    ));
#728 = CARTESIAN_POINT('',(-6.627587367802E-12,-42.77280573911,
    35.087149057701));
#729 = CARTESIAN_POINT('',(-0.918098801368,-42.7609056116,
    35.042489852962));
#730 = CARTESIAN_POINT('',(-1.817569079257,-42.72660579307,
    34.911385789532));
#731 = CARTESIAN_POINT('',(-2.680859708751,-42.67362570171,
    34.702579616382));
#732 = CARTESIAN_POINT('',(-4.438567625923,-42.52955535079,
    34.114095854964));
#733 = CARTESIAN_POINT('',(-5.315058699443,-42.43353327722,
    33.711539132525));
#734 = CARTESIAN_POINT('',(-6.11902235909,-42.32534426357,
    33.239064424889));
#735 = CARTESIAN_POINT('',(-6.849901610614,-42.21086703823,
    32.709879295705));
#736 = CARTESIAN_POINT('',(-7.508464752841,-42.09513547361,
    32.135171067912));
#737 = CARTESIAN_POINT('',(-8.096326922182,-41.98223780303,
    31.524426218178));
#738 = CARTESIAN_POINT('',(-8.615654507435,-41.8753873859,
    30.885619510307));
#739 = CARTESIAN_POINT('',(-9.561898450779,-41.66997891503,
    29.507181771288));
#740 = CARTESIAN_POINT('',(-9.978729758659,-41.5725307852,
    28.760637574997));
#741 = CARTESIAN_POINT('',(-10.32210739944,-41.48776017141,
    27.992840201232));
#742 = CARTESIAN_POINT('',(-10.59438283104,-41.41790453748,
    27.209336034819));
#743 = CARTESIAN_POINT('',(-10.79739991878,-41.36450901288,
    26.414628102952));
#744 = CARTESIAN_POINT('',(-10.93241103029,-41.32855893094,
    25.612550877491));
#745 = CARTESIAN_POINT('',(-11.,-41.31056160354,24.806567242508));
#746 = CARTESIAN_POINT('',(-11.,-41.31056160354,23.1934315378));
#747 = CARTESIAN_POINT('',(-10.93241082411,-41.32855898643,
    22.387446218437));
#748 = CARTESIAN_POINT('',(-10.79739917702,-41.36450920852,
    21.585368086207));
#749 = CARTESIAN_POINT('',(-10.59438161845,-41.41790485893,
    20.790660702223));
#750 = CARTESIAN_POINT('',(-10.32210643186,-41.48776040094,
    20.007158610744));
#751 = CARTESIAN_POINT('',(-9.978730070129,-41.57253066949,
    19.23936385773));
#752 = CARTESIAN_POINT('',(-9.561900174588,-41.66997854083,
    18.492820739866));
#753 = CARTESIAN_POINT('',(-8.615654509232,-41.87538738551,
    17.114380492309));
#754 = CARTESIAN_POINT('',(-8.096326914956,-41.98223780423,
    16.475573774651));
#755 = CARTESIAN_POINT('',(-7.508464762613,-42.09513547232,
    15.864828938912));
#756 = CARTESIAN_POINT('',(-6.849901609175,-42.21086703818,
    15.290120705219));
#757 = CARTESIAN_POINT('',(-6.119022349386,-42.32534426486,
    14.760935568236));
#758 = CARTESIAN_POINT('',(-5.315058709821,-42.43353327613,
    14.288460872614));
#759 = CARTESIAN_POINT('',(-4.438567622088,-42.52955535111,
    13.885904143752));
#760 = CARTESIAN_POINT('',(-2.680859708751,-42.67362570171,
    13.297420383618));
#761 = CARTESIAN_POINT('',(-1.817569079258,-42.72660579307,
    13.088614210468));
#762 = CARTESIAN_POINT('',(-0.91809880137,-42.7609056116,12.957510147038
    ));
#763 = CARTESIAN_POINT('',(-1.692868067948E-12,-42.77280573911,
    12.912850942299));
#764 = CARTESIAN_POINT('',(0.918098801372,-42.7609056116,12.957510147037
    ));
#765 = CARTESIAN_POINT('',(1.817569079259,-42.72660579307,
    13.088614210469));
#766 = CARTESIAN_POINT('',(2.68085970875,-42.67362570171,13.297420383618
    ));
#767 = CARTESIAN_POINT('',(4.402333569791,-42.53252527152,
    13.873772918093));
#768 = CARTESIAN_POINT('',(5.248036589392,-42.44084334544,
    14.257825232559));
#769 = CARTESIAN_POINT('',(6.026870028206,-42.337657439,14.707225578302)
  );
#770 = CARTESIAN_POINT('',(6.738132865353,-42.22822374505,
    15.210106911547));
#771 = CARTESIAN_POINT('',(7.382336354816,-42.11709597598,
    15.756324152017));
#772 = CARTESIAN_POINT('',(7.960777882494,-42.00802814797,
    16.337168258658));
#773 = CARTESIAN_POINT('',(8.47525977544,-41.90401780333,16.945187980642
    ));
#774 = CARTESIAN_POINT('',(9.457731657349,-41.69421211307,
    18.310194754572));
#775 = CARTESIAN_POINT('',(9.905237954513,-41.59062417606,
    19.078235497248));
#776 = CARTESIAN_POINT('',(10.273568471255,-41.50019664316,
    19.870060271093));
#777 = CARTESIAN_POINT('',(10.565427626109,-41.4255164351,
    20.679353498554));
#778 = CARTESIAN_POINT('',(10.782947780103,-41.36835726113,
    21.501056518366));
#779 = CARTESIAN_POINT('',(10.927580585002,-41.32984516346,
    22.330911945336));
#780 = CARTESIAN_POINT('',(11.,-41.31056160354,23.165107191577));
#781 = CARTESIAN_POINT('',(11.,-41.31056160354,24.));
#782 = PCURVE('',#633,#783);
#783 = DEFINITIONAL_REPRESENTATION('',(#784),#857);
#784 = B_SPLINE_CURVE_WITH_KNOTS('',8,(#785,#786,#787,#788,#789,#790,
    #791,#792,#793,#794,#795,#796,#797,#798,#799,#800,#801,#802,#803,
    #804,#805,#806,#807,#808,#809,#810,#811,#812,#813,#814,#815,#816,
    #817,#818,#819,#820,#821,#822,#823,#824,#825,#826,#827,#828,#829,
    #830,#831,#832,#833,#834,#835,#836,#837,#838,#839,#840,#841,#842,
    #843,#844,#845,#846,#847,#848,#849,#850,#851,#852,#853,#854,#855,
    #856),.UNSPECIFIED.,.T.,.F.,(9,7,7,7,7,7,7,7,7,7,9),(0.,
    0.108076742786,0.207420340905,0.292606799943,0.391950398465,
    0.500026763396,0.60810329176,0.707446692783,0.792632982813,
    0.888172419352,1.),.UNSPECIFIED.);
#785 = CARTESIAN_POINT('',(4.972626355439,24.));
#786 = CARTESIAN_POINT('',(4.972626355439,24.8065684622));
#787 = CARTESIAN_POINT('',(4.970990232948,25.612553781563));
#788 = CARTESIAN_POINT('',(4.967722017774,26.414631913794));
#789 = CARTESIAN_POINT('',(4.962811593927,27.209339297777));
#790 = CARTESIAN_POINT('',(4.956236569594,27.992841389254));
#791 = CARTESIAN_POINT('',(4.947964033733,28.760636142271));
#792 = CARTESIAN_POINT('',(4.937951983165,29.507179260134));
#793 = CARTESIAN_POINT('',(4.91530206808,30.88561950769));
#794 = CARTESIAN_POINT('',(4.902900315998,31.52442622535));
#795 = CARTESIAN_POINT('',(4.888899986801,32.135171061088));
#796 = CARTESIAN_POINT('',(4.873263104279,32.70987929478));
#797 = CARTESIAN_POINT('',(4.855964931318,33.239064431764));
#798 = CARTESIAN_POINT('',(4.836998158767,33.711539127387));
#799 = CARTESIAN_POINT('',(4.816380487441,34.114095856247));
#800 = CARTESIAN_POINT('',(4.775126630468,34.702579616383));
#801 = CARTESIAN_POINT('',(4.754898955022,34.911385789531));
#802 = CARTESIAN_POINT('',(4.733852950327,35.042489852963));
#803 = CARTESIAN_POINT('',(4.712388980384,35.0871490577));
#804 = CARTESIAN_POINT('',(4.690925010442,35.042489852962));
#805 = CARTESIAN_POINT('',(4.669879005748,34.911385789532));
#806 = CARTESIAN_POINT('',(4.649651330301,34.702579616382));
#807 = CARTESIAN_POINT('',(4.608397473238,34.114095854964));
#808 = CARTESIAN_POINT('',(4.587779802247,33.711539132525));
#809 = CARTESIAN_POINT('',(4.568813029222,33.239064424889));
#810 = CARTESIAN_POINT('',(4.551514856457,32.709879295705));
#811 = CARTESIAN_POINT('',(4.5358779742,32.135171067912));
#812 = CARTESIAN_POINT('',(4.5218776446,31.524426218178));
#813 = CARTESIAN_POINT('',(4.509475892732,30.885619510307));
#814 = CARTESIAN_POINT('',(4.486826018866,29.507181771288));
#815 = CARTESIAN_POINT('',(4.476813934735,28.760637574997));
#816 = CARTESIAN_POINT('',(4.468541367927,27.992840201232));
#817 = CARTESIAN_POINT('',(4.46196633751,27.209336034819));
#818 = CARTESIAN_POINT('',(4.457055925038,26.414628102952));
#819 = CARTESIAN_POINT('',(4.453787722832,25.612550877492));
#820 = CARTESIAN_POINT('',(4.452151605331,24.806567242508));
#821 = CARTESIAN_POINT('',(4.452151605331,23.1934315378));
#822 = CARTESIAN_POINT('',(4.453787727822,22.387446218437));
#823 = CARTESIAN_POINT('',(4.457055942995,21.585368086207));
#824 = CARTESIAN_POINT('',(4.461966366843,20.790660702223));
#825 = CARTESIAN_POINT('',(4.468541391176,20.007158610744));
#826 = CARTESIAN_POINT('',(4.476813927036,19.23936385773));
#827 = CARTESIAN_POINT('',(4.486825977604,18.492820739866));
#828 = CARTESIAN_POINT('',(4.509475892689,17.114380492309));
#829 = CARTESIAN_POINT('',(4.521877644771,16.475573774651));
#830 = CARTESIAN_POINT('',(4.535877973969,15.864828938912));
#831 = CARTESIAN_POINT('',(4.55151485649,15.290120705219));
#832 = CARTESIAN_POINT('',(4.568813029452,14.760935568236));
#833 = CARTESIAN_POINT('',(4.587779802002,14.288460872614));
#834 = CARTESIAN_POINT('',(4.608397473328,13.885904143752));
#835 = CARTESIAN_POINT('',(4.649651330301,13.297420383618));
#836 = CARTESIAN_POINT('',(4.669879005748,13.088614210468));
#837 = CARTESIAN_POINT('',(4.690925010442,12.957510147038));
#838 = CARTESIAN_POINT('',(4.712388980385,12.912850942299));
#839 = CARTESIAN_POINT('',(4.733852950327,12.957510147037));
#840 = CARTESIAN_POINT('',(4.754898955022,13.088614210469));
#841 = CARTESIAN_POINT('',(4.775126630468,13.297420383618));
#842 = CARTESIAN_POINT('',(4.815530064911,13.873772918093));
#843 = CARTESIAN_POINT('',(4.835421662562,14.257825232559));
#844 = CARTESIAN_POINT('',(4.853791146142,14.707225578302));
#845 = CARTESIAN_POINT('',(4.870618313064,15.210106911547));
#846 = CARTESIAN_POINT('',(4.885906013674,15.756324152017));
#847 = CARTESIAN_POINT('',(4.899673178305,16.337168258658));
#848 = CARTESIAN_POINT('',(4.911950586975,16.945187980642));
#849 = CARTESIAN_POINT('',(4.935450564107,18.310194754572));
#850 = CARTESIAN_POINT('',(4.946193770245,19.078235497248));
#851 = CARTESIAN_POINT('',(4.955064554092,19.870060271093));
#852 = CARTESIAN_POINT('',(4.962111300352,20.679353498554));
#853 = CARTESIAN_POINT('',(4.967372193489,21.501056518366));
#854 = CARTESIAN_POINT('',(4.970873308205,22.330911945336));
#855 = CARTESIAN_POINT('',(4.972626355439,23.165107191577));
#856 = CARTESIAN_POINT('',(4.972626355439,24.));
#857 = ( GEOMETRIC_REPRESENTATION_CONTEXT(2) 
PARAMETRIC_REPRESENTATION_CONTEXT() REPRESENTATION_CONTEXT('2D SPACE',''
  ) );
#858 = PCURVE('',#859,#864);
#859 = CYLINDRICAL_SURFACE('',#860,11.);
#860 = AXIS2_PLACEMENT_3D('',#861,#862,#863);
#861 = CARTESIAN_POINT('',(0.,50.,24.));
#862 = DIRECTION('',(0.,-1.,1.110223024625E-16));
#863 = DIRECTION('',(1.,0.,0.));
#864 = DEFINITIONAL_REPRESENTATION('',(#865),#938);
#865 = B_SPLINE_CURVE_WITH_KNOTS('',8,(#866,#867,#868,#869,#870,#871,
    #872,#873,#874,#875,#876,#877,#878,#879,#880,#881,#882,#883,#884,
    #885,#886,#887,#888,#889,#890,#891,#892,#893,#894,#895,#896,#897,
    #898,#899,#900,#901,#902,#903,#904,#905,#906,#907,#908,#909,#910,
    #911,#912,#913,#914,#915,#916,#917,#918,#919,#920,#921,#922,#923,
    #924,#925,#926,#927,#928,#929,#930,#931,#932,#933,#934,#935,#936,
    #937),.UNSPECIFIED.,.F.,.F.,(9,7,7,7,7,7,7,7,7,7,9),(0.,
    0.108076742786,0.207420340905,0.292606799943,0.391950398465,
    0.500026763396,0.60810329176,0.707446692783,0.792632982813,
    0.888172419352,1.),.UNSPECIFIED.);
#866 = CARTESIAN_POINT('',(0.,91.310561603542));
#867 = CARTESIAN_POINT('',(7.332440565454E-02,91.310561603542));
#868 = CARTESIAN_POINT('',(0.146595761932,91.328558986435));
#869 = CARTESIAN_POINT('',(0.220112810394,91.364509208524));
#870 = CARTESIAN_POINT('',(0.294157326623,91.417904858936));
#871 = CARTESIAN_POINT('',(0.36901544627,91.48776040094));
#872 = CARTESIAN_POINT('',(0.444984550023,91.572530669494));
#873 = CARTESIAN_POINT('',(0.522383193984,91.669978540833));
#874 = CARTESIAN_POINT('',(0.674380322472,91.87538738551));
#875 = CARTESIAN_POINT('',(0.748977552124,91.982237804237));
#876 = CARTESIAN_POINT('',(0.825586097846,92.095135472327));
#877 = CARTESIAN_POINT('',(0.904427941641,92.210867038187));
#878 = CARTESIAN_POINT('',(0.985748615554,92.325344264865));
#879 = CARTESIAN_POINT('',(1.069828590824,92.433533276134));
#880 = CARTESIAN_POINT('',(1.157005962634,92.529555351112));
#881 = CARTESIAN_POINT('',(1.3255154774,92.673625701713));
#882 = CARTESIAN_POINT('',(1.40596278556,92.726605793078));
#883 = CARTESIAN_POINT('',(1.488003428522,92.760905611601));
#884 = CARTESIAN_POINT('',(1.570796326795,92.772805739119));
#885 = CARTESIAN_POINT('',(1.653589225068,92.760905611601));
#886 = CARTESIAN_POINT('',(1.73562986803,92.726605793078));
#887 = CARTESIAN_POINT('',(1.81607717619,92.673625701712));
#888 = CARTESIAN_POINT('',(1.984586691323,92.529555350798));
#889 = CARTESIAN_POINT('',(2.071764061684,92.433533277222));
#890 = CARTESIAN_POINT('',(2.15584403916,92.325344263572));
#891 = CARTESIAN_POINT('',(2.237164712005,92.210867038237));
#892 = CARTESIAN_POINT('',(2.316006554617,92.095135473616));
#893 = CARTESIAN_POINT('',(2.392615102424,91.982237803038));
#894 = CARTESIAN_POINT('',(2.46721233083,91.8753873859));
#895 = CARTESIAN_POINT('',(2.619209182707,91.669978915033));
#896 = CARTESIAN_POINT('',(2.696607979937,91.572530785209));
#897 = CARTESIAN_POINT('',(2.772577338889,91.487760171415));
#898 = CARTESIAN_POINT('',(2.847435636807,91.417904537485));
#899 = CARTESIAN_POINT('',(2.921480192762,91.364509012889));
#900 = CARTESIAN_POINT('',(2.994997155527,91.328558930941));
#901 = CARTESIAN_POINT('',(3.068268358816,91.310561603542));
#902 = CARTESIAN_POINT('',(3.214917059244,91.310561603542));
#903 = CARTESIAN_POINT('',(3.288188415522,91.328558986435));
#904 = CARTESIAN_POINT('',(3.361705463983,91.364509208524));
#905 = CARTESIAN_POINT('',(3.435749980212,91.417904858936));
#906 = CARTESIAN_POINT('',(3.51060809986,91.48776040094));
#907 = CARTESIAN_POINT('',(3.586577203613,91.572530669494));
#908 = CARTESIAN_POINT('',(3.663975847574,91.669978540833));
#909 = CARTESIAN_POINT('',(3.815972976061,91.87538738551));
#910 = CARTESIAN_POINT('',(3.890570205714,91.982237804237));
#911 = CARTESIAN_POINT('',(3.967178751436,92.095135472327));
#912 = CARTESIAN_POINT('',(4.046020595231,92.210867038187));
#913 = CARTESIAN_POINT('',(4.127341269144,92.325344264864));
#914 = CARTESIAN_POINT('',(4.211421244414,92.433533276134));
#915 = CARTESIAN_POINT('',(4.298598616224,92.529555351112));
#916 = CARTESIAN_POINT('',(4.46710813099,92.673625701712));
#917 = CARTESIAN_POINT('',(4.54755543915,92.726605793078));
#918 = CARTESIAN_POINT('',(4.629596082111,92.760905611601));
#919 = CARTESIAN_POINT('',(4.712388980386,92.772805739119));
#920 = CARTESIAN_POINT('',(4.795181878657,92.760905611601));
#921 = CARTESIAN_POINT('',(4.87722252162,92.726605793078));
#922 = CARTESIAN_POINT('',(4.957669829779,92.673625701713));
#923 = CARTESIAN_POINT('',(5.122705626003,92.532525271529));
#924 = CARTESIAN_POINT('',(5.206694764826,92.440843345449));
#925 = CARTESIAN_POINT('',(5.287816846458,92.337657439006));
#926 = CARTESIAN_POINT('',(5.366365558004,92.228223745055));
#927 = CARTESIAN_POINT('',(5.442587429812,92.11709597598));
#928 = CARTESIAN_POINT('',(5.516696814029,92.008028147977));
#929 = CARTESIAN_POINT('',(5.588881536327,91.904017803339));
#930 = CARTESIAN_POINT('',(5.741773614389,91.694212113079));
#931 = CARTESIAN_POINT('',(5.822208665097,91.590624176065));
#932 = CARTESIAN_POINT('',(5.901047752994,91.500196643165));
#933 = CARTESIAN_POINT('',(5.978648044074,91.425516435106));
#934 = CARTESIAN_POINT('',(6.055342239328,91.368357261136));
#935 = CARTESIAN_POINT('',(6.131450079338,91.329845163465));
#936 = CARTESIAN_POINT('',(6.207285960959,91.310561603542));
#937 = CARTESIAN_POINT('',(6.28318530718,91.310561603542));
#938 = ( GEOMETRIC_REPRESENTATION_CONTEXT(2) 
PARAMETRIC_REPRESENTATION_CONTEXT() REPRESENTATION_CONTEXT('2D SPACE',''
  ) );
#939 = FACE_BOUND('',#940,.T.);
#940 = EDGE_LOOP('',(#941));
#941 = ORIENTED_EDGE('',*,*,#942,.T.);
#942 = EDGE_CURVE('',#943,#943,#945,.T.);
#943 = VERTEX_POINT('',#944);
#944 = CARTESIAN_POINT('',(11.,41.310561603542,24.));
#945 = SURFACE_CURVE('',#946,(#1019,#1095),.PCURVE_S1.);
#946 = B_SPLINE_CURVE_WITH_KNOTS('',8,(#947,#948,#949,#950,#951,#952,
    #953,#954,#955,#956,#957,#958,#959,#960,#961,#962,#963,#964,#965,
    #966,#967,#968,#969,#970,#971,#972,#973,#974,#975,#976,#977,#978,
    #979,#980,#981,#982,#983,#984,#985,#986,#987,#988,#989,#990,#991,
    #992,#993,#994,#995,#996,#997,#998,#999,#1000,#1001,#1002,#1003,
    #1004,#1005,#1006,#1007,#1008,#1009,#1010,#1011,#1012,#1013,#1014,
    #1015,#1016,#1017,#1018),.UNSPECIFIED.,.T.,.F.,(9,7,7,7,7,7,7,7,7,7,
    9),(0.,0.108076742912,0.207420341114,0.292606799661,0.39195039824,
    0.500026763233,0.608103291659,0.70744669274,0.792632982819,
    0.888172419379,1.),.UNSPECIFIED.);
#947 = CARTESIAN_POINT('',(11.,41.310561603542,24.));
#948 = CARTESIAN_POINT('',(11.,41.310561603542,24.806568462199));
#949 = CARTESIAN_POINT('',(10.932410824119,41.328558986435,
    25.612553781566));
#950 = CARTESIAN_POINT('',(10.797399177021,41.364509208523,
    26.41463191379));
#951 = CARTESIAN_POINT('',(10.594381618454,41.417904858936,
    27.209339297776));
#952 = CARTESIAN_POINT('',(10.322106431868,41.48776040094,
    27.992841389259));
#953 = CARTESIAN_POINT('',(9.978730070128,41.572530669494,
    28.760636142269));
#954 = CARTESIAN_POINT('',(9.561900174588,41.669978540833,
    29.507179260133));
#955 = CARTESIAN_POINT('',(8.615654509384,41.875387385477,
    30.885619507469));
#956 = CARTESIAN_POINT('',(8.096326915036,41.982237804223,
    31.524426225312));
#957 = CARTESIAN_POINT('',(7.508464762519,42.09513547235,32.135171061226
    ));
#958 = CARTESIAN_POINT('',(6.849901608982,42.21086703822,32.709879294928
    ));
#959 = CARTESIAN_POINT('',(6.119022349267,42.325344264874,
    33.239064431792));
#960 = CARTESIAN_POINT('',(5.315058709912,42.433533276113,
    33.711539127299));
#961 = CARTESIAN_POINT('',(4.438567622336,42.529555351092,
    34.114095856165));
#962 = CARTESIAN_POINT('',(2.680859713901,42.67362570129,34.702579614658
    ));
#963 = CARTESIAN_POINT('',(1.817569063409,42.726605794619,
    34.911385795819));
#964 = CARTESIAN_POINT('',(0.918098818811,42.760905608754,
    35.042489841332));
#965 = CARTESIAN_POINT('',(3.637978807092E-12,42.772805742538,
    35.087149071677));
#966 = CARTESIAN_POINT('',(-0.91809881882,42.760905608753,
    35.042489841328));
#967 = CARTESIAN_POINT('',(-1.817569063398,42.72660579462,
    34.911385795823));
#968 = CARTESIAN_POINT('',(-2.680859713906,42.67362570129,
    34.702579614656));
#969 = CARTESIAN_POINT('',(-4.438567625924,42.529555350798,
    34.114095854963));
#970 = CARTESIAN_POINT('',(-5.315058699442,42.433533277222,
    33.711539132526));
#971 = CARTESIAN_POINT('',(-6.11902235909,42.325344263571,
    33.239064424887));
#972 = CARTESIAN_POINT('',(-6.849901610613,42.210867038237,
    32.709879295706));
#973 = CARTESIAN_POINT('',(-7.50846475284,42.095135473616,
    32.135171067915));
#974 = CARTESIAN_POINT('',(-8.096326922184,41.982237803037,
    31.524426218175));
#975 = CARTESIAN_POINT('',(-8.615654507435,41.8753873859,30.885619510308
    ));
#976 = CARTESIAN_POINT('',(-9.561898450778,41.669978915033,
    29.507181771289));
#977 = CARTESIAN_POINT('',(-9.97872975866,41.572530785209,
    28.760637574995));
#978 = CARTESIAN_POINT('',(-10.32210739944,41.487760171415,
    27.992840201233));
#979 = CARTESIAN_POINT('',(-10.59438283104,41.417904537485,
    27.20933603482));
#980 = CARTESIAN_POINT('',(-10.79739991878,41.364509012889,
    26.414628102952));
#981 = CARTESIAN_POINT('',(-10.93241103029,41.328558930941,
    25.612550877493));
#982 = CARTESIAN_POINT('',(-11.,41.310561603542,24.806567242508));
#983 = CARTESIAN_POINT('',(-11.,41.310561603542,23.193431537801));
#984 = CARTESIAN_POINT('',(-10.93241082411,41.328558986435,
    22.387446218434));
#985 = CARTESIAN_POINT('',(-10.79739917702,41.364509208523,
    21.58536808621));
#986 = CARTESIAN_POINT('',(-10.59438161845,41.417904858936,
    20.790660702223));
#987 = CARTESIAN_POINT('',(-10.32210643186,41.48776040094,
    20.007158610741));
#988 = CARTESIAN_POINT('',(-9.97873007013,41.572530669493,
    19.239363857732));
#989 = CARTESIAN_POINT('',(-9.561900174588,41.669978540833,
    18.492820739866));
#990 = CARTESIAN_POINT('',(-8.615654509232,41.87538738551,
    17.114380492309));
#991 = CARTESIAN_POINT('',(-8.096326914955,41.982237804237,
    16.475573774651));
#992 = CARTESIAN_POINT('',(-7.508464762613,42.095135472327,
    15.864828938912));
#993 = CARTESIAN_POINT('',(-6.849901609175,42.210867038187,
    15.290120705219));
#994 = CARTESIAN_POINT('',(-6.119022349386,42.325344264865,
    14.760935568236));
#995 = CARTESIAN_POINT('',(-5.315058709822,42.433533276134,
    14.288460872614));
#996 = CARTESIAN_POINT('',(-4.438567622087,42.529555351112,
    13.885904143752));
#997 = CARTESIAN_POINT('',(-2.68085970875,42.673625701713,
    13.297420383617));
#998 = CARTESIAN_POINT('',(-1.817569079265,42.726605793077,
    13.08861421047));
#999 = CARTESIAN_POINT('',(-0.918098801358,42.760905611602,
    12.957510147035));
#1000 = CARTESIAN_POINT('',(-1.253219750197E-11,42.772805739118,
    12.912850942302));
#1001 = CARTESIAN_POINT('',(0.918098801378,42.760905611602,
    12.957510147037));
#1002 = CARTESIAN_POINT('',(1.817569079256,42.726605793078,
    13.088614210468));
#1003 = CARTESIAN_POINT('',(2.680859708751,42.673625701712,
    13.297420383618));
#1004 = CARTESIAN_POINT('',(4.40233356946,42.532525271556,
    13.873772917982));
#1005 = CARTESIAN_POINT('',(5.248036589273,42.440843345475,
    14.257825232447));
#1006 = CARTESIAN_POINT('',(6.026870028364,42.337657438993,
    14.707225578339));
#1007 = CARTESIAN_POINT('',(6.738132865611,42.228223745011,
    15.21010691174));
#1008 = CARTESIAN_POINT('',(7.382336354944,42.117095975949,
    15.756324152196));
#1009 = CARTESIAN_POINT('',(7.960777882386,42.008028147995,
    16.337168258607));
#1010 = CARTESIAN_POINT('',(8.475259775234,41.904017803383,
    16.945187980356));
#1011 = CARTESIAN_POINT('',(9.45773165735,41.694212113079,
    18.310194754575));
#1012 = CARTESIAN_POINT('',(9.905237954509,41.590624176066,
    19.078235497245));
#1013 = CARTESIAN_POINT('',(10.273568471257,41.500196643165,
    19.870060271092));
#1014 = CARTESIAN_POINT('',(10.56542762611,41.425516435106,
    20.679353498558));
#1015 = CARTESIAN_POINT('',(10.782947780101,41.368357261136,
    21.501056518367));
#1016 = CARTESIAN_POINT('',(10.927580585003,41.329845163465,
    22.330911945333));
#1017 = CARTESIAN_POINT('',(11.,41.310561603542,23.165107191579));
#1018 = CARTESIAN_POINT('',(11.,41.310561603542,24.));
#1019 = PCURVE('',#633,#1020);
#1020 = DEFINITIONAL_REPRESENTATION('',(#1021),#1094);
#1021 = B_SPLINE_CURVE_WITH_KNOTS('',8,(#1022,#1023,#1024,#1025,#1026,
    #1027,#1028,#1029,#1030,#1031,#1032,#1033,#1034,#1035,#1036,#1037,
    #1038,#1039,#1040,#1041,#1042,#1043,#1044,#1045,#1046,#1047,#1048,
    #1049,#1050,#1051,#1052,#1053,#1054,#1055,#1056,#1057,#1058,#1059,
    #1060,#1061,#1062,#1063,#1064,#1065,#1066,#1067,#1068,#1069,#1070,
    #1071,#1072,#1073,#1074,#1075,#1076,#1077,#1078,#1079,#1080,#1081,
    #1082,#1083,#1084,#1085,#1086,#1087,#1088,#1089,#1090,#1091,#1092,
    #1093),.UNSPECIFIED.,.T.,.F.,(9,7,7,7,7,7,7,7,7,7,9),(0.,
    0.108076742912,0.207420341114,0.292606799661,0.39195039824,
    0.500026763233,0.608103291659,0.70744669274,0.792632982819,
    0.888172419379,1.),.UNSPECIFIED.);
#1022 = CARTESIAN_POINT('',(1.310558951741,24.));
#1023 = CARTESIAN_POINT('',(1.310558951741,24.806568462199));
#1024 = CARTESIAN_POINT('',(1.312195074232,25.612553781566));
#1025 = CARTESIAN_POINT('',(1.315463289405,26.41463191379));
#1026 = CARTESIAN_POINT('',(1.320373713253,27.209339297777));
#1027 = CARTESIAN_POINT('',(1.326948737586,27.992841389259));
#1028 = CARTESIAN_POINT('',(1.335221273446,28.760636142269));
#1029 = CARTESIAN_POINT('',(1.345233324014,29.507179260133));
#1030 = CARTESIAN_POINT('',(1.367883239096,30.885619507469));
#1031 = CARTESIAN_POINT('',(1.38028499118,31.524426225312));
#1032 = CARTESIAN_POINT('',(1.394285320381,32.135171061226));
#1033 = CARTESIAN_POINT('',(1.409922202905,32.709879294928));
#1034 = CARTESIAN_POINT('',(1.427220375865,33.239064431792));
#1035 = CARTESIAN_POINT('',(1.44618714841,33.711539127299));
#1036 = CARTESIAN_POINT('',(1.466804819732,34.114095856165));
#1037 = CARTESIAN_POINT('',(1.508058676591,34.702579614658));
#1038 = CARTESIAN_POINT('',(1.52828635253,34.911385795819));
#1039 = CARTESIAN_POINT('',(1.549332356443,35.042489841331));
#1040 = CARTESIAN_POINT('',(1.570796326795,35.087149071679));
#1041 = CARTESIAN_POINT('',(1.592260297147,35.042489841327));
#1042 = CARTESIAN_POINT('',(1.61330630106,34.911385795823));
#1043 = CARTESIAN_POINT('',(1.633533976999,34.702579614656));
#1044 = CARTESIAN_POINT('',(1.674787833942,34.114095854963));
#1045 = CARTESIAN_POINT('',(1.695405504933,33.711539132526));
#1046 = CARTESIAN_POINT('',(1.714372277957,33.239064424887));
#1047 = CARTESIAN_POINT('',(1.731670450723,32.709879295706));
#1048 = CARTESIAN_POINT('',(1.74730733298,32.135171067915));
#1049 = CARTESIAN_POINT('',(1.76130766258,31.524426218175));
#1050 = CARTESIAN_POINT('',(1.773709414447,30.885619510308));
#1051 = CARTESIAN_POINT('',(1.796359288313,29.507181771289));
#1052 = CARTESIAN_POINT('',(1.806371372445,28.760637574995));
#1053 = CARTESIAN_POINT('',(1.814643939252,27.992840201233));
#1054 = CARTESIAN_POINT('',(1.82121896967,27.20933603482));
#1055 = CARTESIAN_POINT('',(1.826129382142,26.414628102951));
#1056 = CARTESIAN_POINT('',(1.829397584347,25.612550877493));
#1057 = CARTESIAN_POINT('',(1.831033701849,24.806567242508));
#1058 = CARTESIAN_POINT('',(1.831033701849,23.193431537801));
#1059 = CARTESIAN_POINT('',(1.829397579358,22.387446218434));
#1060 = CARTESIAN_POINT('',(1.826129364185,21.585368086211));
#1061 = CARTESIAN_POINT('',(1.821218940337,20.790660702223));
#1062 = CARTESIAN_POINT('',(1.814643916004,20.007158610741));
#1063 = CARTESIAN_POINT('',(1.806371380143,19.239363857732));
#1064 = CARTESIAN_POINT('',(1.796359329575,18.492820739866));
#1065 = CARTESIAN_POINT('',(1.77370941449,17.114380492309));
#1066 = CARTESIAN_POINT('',(1.761307662408,16.475573774651));
#1067 = CARTESIAN_POINT('',(1.747307333211,15.864828938912));
#1068 = CARTESIAN_POINT('',(1.73167045069,15.290120705219));
#1069 = CARTESIAN_POINT('',(1.714372277728,14.760935568236));
#1070 = CARTESIAN_POINT('',(1.695405505177,14.288460872614));
#1071 = CARTESIAN_POINT('',(1.674787833852,13.885904143752));
#1072 = CARTESIAN_POINT('',(1.633533976878,13.297420383617));
#1073 = CARTESIAN_POINT('',(1.613306301432,13.08861421047));
#1074 = CARTESIAN_POINT('',(1.592260296737,12.957510147035));
#1075 = CARTESIAN_POINT('',(1.570796326795,12.912850942302));
#1076 = CARTESIAN_POINT('',(1.549332356852,12.957510147037));
#1077 = CARTESIAN_POINT('',(1.528286352158,13.088614210468));
#1078 = CARTESIAN_POINT('',(1.508058676712,13.297420383618));
#1079 = CARTESIAN_POINT('',(1.467655242276,13.873772917982));
#1080 = CARTESIAN_POINT('',(1.44776364462,14.257825232447));
#1081 = CARTESIAN_POINT('',(1.429394161033,14.707225578339));
#1082 = CARTESIAN_POINT('',(1.412566994109,15.21010691174));
#1083 = CARTESIAN_POINT('',(1.397279293503,15.756324152196));
#1084 = CARTESIAN_POINT('',(1.383512128877,16.337168258607));
#1085 = CARTESIAN_POINT('',(1.37123472021,16.945187980356));
#1086 = CARTESIAN_POINT('',(1.347734743072,18.310194754575));
#1087 = CARTESIAN_POINT('',(1.336991536935,19.078235497245));
#1088 = CARTESIAN_POINT('',(1.328120753087,19.870060271092));
#1089 = CARTESIAN_POINT('',(1.321074006828,20.679353498558));
#1090 = CARTESIAN_POINT('',(1.31581311369,21.501056518366));
#1091 = CARTESIAN_POINT('',(1.312311998974,22.330911945333));
#1092 = CARTESIAN_POINT('',(1.310558951741,23.165107191579));
#1093 = CARTESIAN_POINT('',(1.310558951741,24.));
#1094 = ( GEOMETRIC_REPRESENTATION_CONTEXT(2) 
PARAMETRIC_REPRESENTATION_CONTEXT() REPRESENTATION_CONTEXT('2D SPACE',''
  ) );
#1095 = PCURVE('',#1096,#1101);
#1096 = CYLINDRICAL_SURFACE('',#1097,11.);
#1097 = AXIS2_PLACEMENT_3D('',#1098,#1099,#1100);
#1098 = CARTESIAN_POINT('',(0.,50.,24.));
#1099 = DIRECTION('',(0.,-1.,1.110223024625E-16));
#1100 = DIRECTION('',(1.,0.,0.));
#1101 = DEFINITIONAL_REPRESENTATION('',(#1102),#1175);
#1102 = B_SPLINE_CURVE_WITH_KNOTS('',8,(#1103,#1104,#1105,#1106,#1107,
    #1108,#1109,#1110,#1111,#1112,#1113,#1114,#1115,#1116,#1117,#1118,
    #1119,#1120,#1121,#1122,#1123,#1124,#1125,#1126,#1127,#1128,#1129,
    #1130,#1131,#1132,#1133,#1134,#1135,#1136,#1137,#1138,#1139,#1140,
    #1141,#1142,#1143,#1144,#1145,#1146,#1147,#1148,#1149,#1150,#1151,
    #1152,#1153,#1154,#1155,#1156,#1157,#1158,#1159,#1160,#1161,#1162,
    #1163,#1164,#1165,#1166,#1167,#1168,#1169,#1170,#1171,#1172,#1173,
    #1174),.UNSPECIFIED.,.F.,.F.,(9,7,7,7,7,7,7,7,7,7,9),(0.,
    0.108076742912,0.207420341114,0.292606799661,0.39195039824,
    0.500026763233,0.608103291659,0.70744669274,0.792632982819,
    0.888172419379,1.),.UNSPECIFIED.);
#1103 = CARTESIAN_POINT('',(0.,8.689438396458));
#1104 = CARTESIAN_POINT('',(7.332440565449E-02,8.689438396458));
#1105 = CARTESIAN_POINT('',(0.146595761932,8.671441013565));
#1106 = CARTESIAN_POINT('',(0.220112810393,8.635490791477));
#1107 = CARTESIAN_POINT('',(0.294157326622,8.582095141064));
#1108 = CARTESIAN_POINT('',(0.36901544627,8.51223959906));
#1109 = CARTESIAN_POINT('',(0.444984550023,8.427469330506));
#1110 = CARTESIAN_POINT('',(0.522383193984,8.330021459167));
#1111 = CARTESIAN_POINT('',(0.674380322447,8.124612614523));
#1112 = CARTESIAN_POINT('',(0.748977552117,8.017762195777));
#1113 = CARTESIAN_POINT('',(0.825586097861,7.90486452765));
#1114 = CARTESIAN_POINT('',(0.904427941663,7.78913296178));
#1115 = CARTESIAN_POINT('',(0.985748615564,7.674655735126));
#1116 = CARTESIAN_POINT('',(1.069828590813,7.566466723887));
#1117 = CARTESIAN_POINT('',(1.157005962611,7.470444648908));
#1118 = CARTESIAN_POINT('',(1.325515476906,7.32637429871));
#1119 = CARTESIAN_POINT('',(1.405962787067,7.273394205381));
#1120 = CARTESIAN_POINT('',(1.488003426871,7.239094391247));
#1121 = CARTESIAN_POINT('',(1.570796326794,7.227194257461));
#1122 = CARTESIAN_POINT('',(1.65358922672,7.239094391247));
#1123 = CARTESIAN_POINT('',(1.735629866522,7.27339420538));
#1124 = CARTESIAN_POINT('',(1.816077176684,7.32637429871));
#1125 = CARTESIAN_POINT('',(1.984586691323,7.470444649202));
#1126 = CARTESIAN_POINT('',(2.071764061685,7.566466722778));
#1127 = CARTESIAN_POINT('',(2.15584403916,7.674655736429));
#1128 = CARTESIAN_POINT('',(2.237164712005,7.789132961763));
#1129 = CARTESIAN_POINT('',(2.316006554617,7.904864526384));
#1130 = CARTESIAN_POINT('',(2.392615102424,8.017762196963));
#1131 = CARTESIAN_POINT('',(2.467212330829,8.1246126141));
#1132 = CARTESIAN_POINT('',(2.619209182707,8.330021084967));
#1133 = CARTESIAN_POINT('',(2.696607979937,8.427469214791));
#1134 = CARTESIAN_POINT('',(2.772577338889,8.512239828585));
#1135 = CARTESIAN_POINT('',(2.847435636807,8.582095462515));
#1136 = CARTESIAN_POINT('',(2.921480192762,8.635490987111));
#1137 = CARTESIAN_POINT('',(2.994997155526,8.671441069059));
#1138 = CARTESIAN_POINT('',(3.068268358816,8.689438396458));
#1139 = CARTESIAN_POINT('',(3.214917059244,8.689438396458));
#1140 = CARTESIAN_POINT('',(3.288188415522,8.671441013565));
#1141 = CARTESIAN_POINT('',(3.361705463983,8.635490791477));
#1142 = CARTESIAN_POINT('',(3.435749980212,8.582095141064));
#1143 = CARTESIAN_POINT('',(3.51060809986,8.51223959906));
#1144 = CARTESIAN_POINT('',(3.586577203612,8.427469330507));
#1145 = CARTESIAN_POINT('',(3.663975847574,8.330021459167));
#1146 = CARTESIAN_POINT('',(3.815972976061,8.12461261449));
#1147 = CARTESIAN_POINT('',(3.890570205714,8.017762195763));
#1148 = CARTESIAN_POINT('',(3.967178751436,7.904864527673));
#1149 = CARTESIAN_POINT('',(4.046020595231,7.789132961813));
#1150 = CARTESIAN_POINT('',(4.127341269144,7.674655735135));
#1151 = CARTESIAN_POINT('',(4.211421244413,7.566466723866));
#1152 = CARTESIAN_POINT('',(4.298598616224,7.470444648888));
#1153 = CARTESIAN_POINT('',(4.46710813099,7.326374298287));
#1154 = CARTESIAN_POINT('',(4.547555439149,7.273394206923));
#1155 = CARTESIAN_POINT('',(4.629596082114,7.239094388398));
#1156 = CARTESIAN_POINT('',(4.712388980382,7.227194260881));
#1157 = CARTESIAN_POINT('',(4.795181878659,7.239094388399));
#1158 = CARTESIAN_POINT('',(4.877222521619,7.273394206922));
#1159 = CARTESIAN_POINT('',(4.95766982978,7.326374298288));
#1160 = CARTESIAN_POINT('',(5.122705625971,7.467474728444));
#1161 = CARTESIAN_POINT('',(5.206694764813,7.559156654525));
#1162 = CARTESIAN_POINT('',(5.287816846472,7.662342561007));
#1163 = CARTESIAN_POINT('',(5.366365558032,7.771776254989));
#1164 = CARTESIAN_POINT('',(5.442587429831,7.882904024051));
#1165 = CARTESIAN_POINT('',(5.516696814019,7.991971852005));
#1166 = CARTESIAN_POINT('',(5.588881536295,8.095982196617));
#1167 = CARTESIAN_POINT('',(5.741773614389,8.305787886921));
#1168 = CARTESIAN_POINT('',(5.822208665097,8.409375823934));
#1169 = CARTESIAN_POINT('',(5.901047752994,8.499803356835));
#1170 = CARTESIAN_POINT('',(5.978648044074,8.574483564894));
#1171 = CARTESIAN_POINT('',(6.055342239328,8.631642738864));
#1172 = CARTESIAN_POINT('',(6.131450079338,8.670154836535));
#1173 = CARTESIAN_POINT('',(6.207285960959,8.689438396458));
#1174 = CARTESIAN_POINT('',(6.28318530718,8.689438396458));
#1175 = ( GEOMETRIC_REPRESENTATION_CONTEXT(2) 
PARAMETRIC_REPRESENTATION_CONTEXT() REPRESENTATION_CONTEXT('2D SPACE',''
  ) );
#1176 = ADVANCED_FACE('',(#1177,#1180),#691,.F.);
#1177 = FACE_BOUND('',#1178,.F.);
#1178 = EDGE_LOOP('',(#1179));
#1179 = ORIENTED_EDGE('',*,*,#676,.T.);
#1180 = FACE_BOUND('',#1181,.F.);
#1181 = EDGE_LOOP('',(#1182));
#1182 = ORIENTED_EDGE('',*,*,#1183,.F.);
#1183 = EDGE_CURVE('',#1184,#1184,#1186,.T.);
#1184 = VERTEX_POINT('',#1185);
#1185 = CARTESIAN_POINT('',(36.75,-9.001153973733E-15,0.));
#1186 = SURFACE_CURVE('',#1187,(#1192,#1199),.PCURVE_S1.);
#1187 = CIRCLE('',#1188,36.75);
#1188 = AXIS2_PLACEMENT_3D('',#1189,#1190,#1191);
#1189 = CARTESIAN_POINT('',(0.,0.,0.));
#1190 = DIRECTION('',(0.,0.,1.));
#1191 = DIRECTION('',(1.,0.,-0.));
#1192 = PCURVE('',#691,#1193);
#1193 = DEFINITIONAL_REPRESENTATION('',(#1194),#1198);
#1194 = CIRCLE('',#1195,36.75);
#1195 = AXIS2_PLACEMENT_2D('',#1196,#1197);
#1196 = CARTESIAN_POINT('',(0.,0.));
#1197 = DIRECTION('',(1.,0.));
#1198 = ( GEOMETRIC_REPRESENTATION_CONTEXT(2) 
PARAMETRIC_REPRESENTATION_CONTEXT() REPRESENTATION_CONTEXT('2D SPACE',''
  ) );
#1199 = PCURVE('',#1200,#1205);
#1200 = CYLINDRICAL_SURFACE('',#1201,36.75);
#1201 = AXIS2_PLACEMENT_3D('',#1202,#1203,#1204);
#1202 = CARTESIAN_POINT('',(0.,0.,-1.));
#1203 = DIRECTION('',(0.,0.,1.));
#1204 = DIRECTION('',(1.,0.,-0.));
#1205 = DEFINITIONAL_REPRESENTATION('',(#1206),#1210);
#1206 = LINE('',#1207,#1208);
#1207 = CARTESIAN_POINT('',(0.,1.));
#1208 = VECTOR('',#1209,1.);
#1209 = DIRECTION('',(1.,0.));
#1210 = ( GEOMETRIC_REPRESENTATION_CONTEXT(2) 
PARAMETRIC_REPRESENTATION_CONTEXT() REPRESENTATION_CONTEXT('2D SPACE',''
  ) );
#1211 = ADVANCED_FACE('',(#1212),#859,.F.);
#1212 = FACE_BOUND('',#1213,.F.);
#1213 = EDGE_LOOP('',(#1214,#1215,#1238,#1265));
#1214 = ORIENTED_EDGE('',*,*,#705,.F.);
#1215 = ORIENTED_EDGE('',*,*,#1216,.F.);
#1216 = EDGE_CURVE('',#1217,#706,#1219,.T.);
#1217 = VERTEX_POINT('',#1218);
#1218 = CARTESIAN_POINT('',(11.,-14.,24.));
#1219 = SEAM_CURVE('',#1220,(#1224,#1231),.PCURVE_S1.);
#1220 = LINE('',#1221,#1222);
#1221 = CARTESIAN_POINT('',(11.,50.,24.));
#1222 = VECTOR('',#1223,1.);
#1223 = DIRECTION('',(0.,-1.,1.110223024625E-16));
#1224 = PCURVE('',#859,#1225);
#1225 = DEFINITIONAL_REPRESENTATION('',(#1226),#1230);
#1226 = LINE('',#1227,#1228);
#1227 = CARTESIAN_POINT('',(6.28318530718,-0.));
#1228 = VECTOR('',#1229,1.);
#1229 = DIRECTION('',(0.,1.));
#1230 = ( GEOMETRIC_REPRESENTATION_CONTEXT(2) 
PARAMETRIC_REPRESENTATION_CONTEXT() REPRESENTATION_CONTEXT('2D SPACE',''
  ) );
#1231 = PCURVE('',#859,#1232);
#1232 = DEFINITIONAL_REPRESENTATION('',(#1233),#1237);
#1233 = LINE('',#1234,#1235);
#1234 = CARTESIAN_POINT('',(0.,-0.));
#1235 = VECTOR('',#1236,1.);
#1236 = DIRECTION('',(0.,1.));
#1237 = ( GEOMETRIC_REPRESENTATION_CONTEXT(2) 
PARAMETRIC_REPRESENTATION_CONTEXT() REPRESENTATION_CONTEXT('2D SPACE',''
  ) );
#1238 = ORIENTED_EDGE('',*,*,#1239,.T.);
#1239 = EDGE_CURVE('',#1217,#1217,#1240,.T.);
#1240 = SURFACE_CURVE('',#1241,(#1246,#1253),.PCURVE_S1.);
#1241 = CIRCLE('',#1242,11.);
#1242 = AXIS2_PLACEMENT_3D('',#1243,#1244,#1245);
#1243 = CARTESIAN_POINT('',(0.,-14.,24.));
#1244 = DIRECTION('',(0.,-1.,1.110223024625E-16));
#1245 = DIRECTION('',(1.,0.,0.));
#1246 = PCURVE('',#859,#1247);
#1247 = DEFINITIONAL_REPRESENTATION('',(#1248),#1252);
#1248 = LINE('',#1249,#1250);
#1249 = CARTESIAN_POINT('',(0.,64.));
#1250 = VECTOR('',#1251,1.);
#1251 = DIRECTION('',(1.,0.));
#1252 = ( GEOMETRIC_REPRESENTATION_CONTEXT(2) 
PARAMETRIC_REPRESENTATION_CONTEXT() REPRESENTATION_CONTEXT('2D SPACE',''
  ) );
#1253 = PCURVE('',#1254,#1259);
#1254 = PLANE('',#1255);
#1255 = AXIS2_PLACEMENT_3D('',#1256,#1257,#1258);
#1256 = CARTESIAN_POINT('',(0.,-14.,24.));
#1257 = DIRECTION('',(0.,-1.,1.110223024625E-16));
#1258 = DIRECTION('',(1.,0.,0.));
#1259 = DEFINITIONAL_REPRESENTATION('',(#1260),#1264);
#1260 = CIRCLE('',#1261,11.);
#1261 = AXIS2_PLACEMENT_2D('',#1262,#1263);
#1262 = CARTESIAN_POINT('',(0.,0.));
#1263 = DIRECTION('',(1.,0.));
#1264 = ( GEOMETRIC_REPRESENTATION_CONTEXT(2) 
PARAMETRIC_REPRESENTATION_CONTEXT() REPRESENTATION_CONTEXT('2D SPACE',''
  ) );
#1265 = ORIENTED_EDGE('',*,*,#1216,.T.);
#1266 = ADVANCED_FACE('',(#1267),#1096,.F.);
#1267 = FACE_BOUND('',#1268,.F.);
#1268 = EDGE_LOOP('',(#1269,#1298,#1319,#1320));
#1269 = ORIENTED_EDGE('',*,*,#1270,.F.);
#1270 = EDGE_CURVE('',#1271,#1271,#1273,.T.);
#1271 = VERTEX_POINT('',#1272);
#1272 = CARTESIAN_POINT('',(11.,14.,24.));
#1273 = SURFACE_CURVE('',#1274,(#1279,#1286),.PCURVE_S1.);
#1274 = CIRCLE('',#1275,11.);
#1275 = AXIS2_PLACEMENT_3D('',#1276,#1277,#1278);
#1276 = CARTESIAN_POINT('',(0.,14.,24.));
#1277 = DIRECTION('',(0.,-1.,1.110223024625E-16));
#1278 = DIRECTION('',(1.,0.,0.));
#1279 = PCURVE('',#1096,#1280);
#1280 = DEFINITIONAL_REPRESENTATION('',(#1281),#1285);
#1281 = LINE('',#1282,#1283);
#1282 = CARTESIAN_POINT('',(0.,36.));
#1283 = VECTOR('',#1284,1.);
#1284 = DIRECTION('',(1.,0.));
#1285 = ( GEOMETRIC_REPRESENTATION_CONTEXT(2) 
PARAMETRIC_REPRESENTATION_CONTEXT() REPRESENTATION_CONTEXT('2D SPACE',''
  ) );
#1286 = PCURVE('',#1287,#1292);
#1287 = PLANE('',#1288);
#1288 = AXIS2_PLACEMENT_3D('',#1289,#1290,#1291);
#1289 = CARTESIAN_POINT('',(0.,14.,24.));
#1290 = DIRECTION('',(0.,-1.,1.110223024625E-16));
#1291 = DIRECTION('',(1.,0.,0.));
#1292 = DEFINITIONAL_REPRESENTATION('',(#1293),#1297);
#1293 = CIRCLE('',#1294,11.);
#1294 = AXIS2_PLACEMENT_2D('',#1295,#1296);
#1295 = CARTESIAN_POINT('',(0.,-7.105427357601E-15));
#1296 = DIRECTION('',(1.,0.));
#1297 = ( GEOMETRIC_REPRESENTATION_CONTEXT(2) 
PARAMETRIC_REPRESENTATION_CONTEXT() REPRESENTATION_CONTEXT('2D SPACE',''
  ) );
#1298 = ORIENTED_EDGE('',*,*,#1299,.F.);
#1299 = EDGE_CURVE('',#943,#1271,#1300,.T.);
#1300 = SEAM_CURVE('',#1301,(#1305,#1312),.PCURVE_S1.);
#1301 = LINE('',#1302,#1303);
#1302 = CARTESIAN_POINT('',(11.,50.,24.));
#1303 = VECTOR('',#1304,1.);
#1304 = DIRECTION('',(0.,-1.,1.110223024625E-16));
#1305 = PCURVE('',#1096,#1306);
#1306 = DEFINITIONAL_REPRESENTATION('',(#1307),#1311);
#1307 = LINE('',#1308,#1309);
#1308 = CARTESIAN_POINT('',(6.28318530718,-0.));
#1309 = VECTOR('',#1310,1.);
#1310 = DIRECTION('',(0.,1.));
#1311 = ( GEOMETRIC_REPRESENTATION_CONTEXT(2) 
PARAMETRIC_REPRESENTATION_CONTEXT() REPRESENTATION_CONTEXT('2D SPACE',''
  ) );
#1312 = PCURVE('',#1096,#1313);
#1313 = DEFINITIONAL_REPRESENTATION('',(#1314),#1318);
#1314 = LINE('',#1315,#1316);
#1315 = CARTESIAN_POINT('',(0.,-0.));
#1316 = VECTOR('',#1317,1.);
#1317 = DIRECTION('',(0.,1.));
#1318 = ( GEOMETRIC_REPRESENTATION_CONTEXT(2) 
PARAMETRIC_REPRESENTATION_CONTEXT() REPRESENTATION_CONTEXT('2D SPACE',''
  ) );
#1319 = ORIENTED_EDGE('',*,*,#942,.T.);
#1320 = ORIENTED_EDGE('',*,*,#1299,.T.);
#1321 = ADVANCED_FACE('',(#1322,#1376,#1763),#1200,.F.);
#1322 = FACE_BOUND('',#1323,.F.);
#1323 = EDGE_LOOP('',(#1324,#1347,#1348,#1349));
#1324 = ORIENTED_EDGE('',*,*,#1325,.F.);
#1325 = EDGE_CURVE('',#1184,#1326,#1328,.T.);
#1326 = VERTEX_POINT('',#1327);
#1327 = CARTESIAN_POINT('',(36.75,-9.001153973733E-15,50.));
#1328 = SEAM_CURVE('',#1329,(#1333,#1340),.PCURVE_S1.);
#1329 = LINE('',#1330,#1331);
#1330 = CARTESIAN_POINT('',(36.75,-9.001153973733E-15,-1.));
#1331 = VECTOR('',#1332,1.);
#1332 = DIRECTION('',(0.,0.,1.));
#1333 = PCURVE('',#1200,#1334);
#1334 = DEFINITIONAL_REPRESENTATION('',(#1335),#1339);
#1335 = LINE('',#1336,#1337);
#1336 = CARTESIAN_POINT('',(0.,-0.));
#1337 = VECTOR('',#1338,1.);
#1338 = DIRECTION('',(0.,1.));
#1339 = ( GEOMETRIC_REPRESENTATION_CONTEXT(2) 
PARAMETRIC_REPRESENTATION_CONTEXT() REPRESENTATION_CONTEXT('2D SPACE',''
  ) );
#1340 = PCURVE('',#1200,#1341);
#1341 = DEFINITIONAL_REPRESENTATION('',(#1342),#1346);
#1342 = LINE('',#1343,#1344);
#1343 = CARTESIAN_POINT('',(6.28318530718,-0.));
#1344 = VECTOR('',#1345,1.);
#1345 = DIRECTION('',(0.,1.));
#1346 = ( GEOMETRIC_REPRESENTATION_CONTEXT(2) 
PARAMETRIC_REPRESENTATION_CONTEXT() REPRESENTATION_CONTEXT('2D SPACE',''
  ) );
#1347 = ORIENTED_EDGE('',*,*,#1183,.T.);
#1348 = ORIENTED_EDGE('',*,*,#1325,.T.);
#1349 = ORIENTED_EDGE('',*,*,#1350,.F.);
#1350 = EDGE_CURVE('',#1326,#1326,#1351,.T.);
#1351 = SURFACE_CURVE('',#1352,(#1357,#1364),.PCURVE_S1.);
#1352 = CIRCLE('',#1353,36.75);
#1353 = AXIS2_PLACEMENT_3D('',#1354,#1355,#1356);
#1354 = CARTESIAN_POINT('',(0.,0.,50.));
#1355 = DIRECTION('',(0.,0.,1.));
#1356 = DIRECTION('',(1.,0.,-0.));
#1357 = PCURVE('',#1200,#1358);
#1358 = DEFINITIONAL_REPRESENTATION('',(#1359),#1363);
#1359 = LINE('',#1360,#1361);
#1360 = CARTESIAN_POINT('',(0.,51.));
#1361 = VECTOR('',#1362,1.);
#1362 = DIRECTION('',(1.,0.));
#1363 = ( GEOMETRIC_REPRESENTATION_CONTEXT(2) 
PARAMETRIC_REPRESENTATION_CONTEXT() REPRESENTATION_CONTEXT('2D SPACE',''
  ) );
#1364 = PCURVE('',#1365,#1370);
#1365 = PLANE('',#1366);
#1366 = AXIS2_PLACEMENT_3D('',#1367,#1368,#1369);
#1367 = CARTESIAN_POINT('',(0.,0.,50.));
#1368 = DIRECTION('',(0.,0.,1.));
#1369 = DIRECTION('',(1.,0.,-0.));
#1370 = DEFINITIONAL_REPRESENTATION('',(#1371),#1375);
#1371 = CIRCLE('',#1372,36.75);
#1372 = AXIS2_PLACEMENT_2D('',#1373,#1374);
#1373 = CARTESIAN_POINT('',(0.,0.));
#1374 = DIRECTION('',(1.,0.));
#1375 = ( GEOMETRIC_REPRESENTATION_CONTEXT(2) 
PARAMETRIC_REPRESENTATION_CONTEXT() REPRESENTATION_CONTEXT('2D SPACE',''
  ) );
#1376 = FACE_BOUND('',#1377,.F.);
#1377 = EDGE_LOOP('',(#1378));
#1378 = ORIENTED_EDGE('',*,*,#1379,.T.);
#1379 = EDGE_CURVE('',#1380,#1380,#1382,.T.);
#1380 = VERTEX_POINT('',#1381);
#1381 = CARTESIAN_POINT('',(16.,33.084172953242,24.));
#1382 = SURFACE_CURVE('',#1383,(#1506,#1632),.PCURVE_S1.);
#1383 = B_SPLINE_CURVE_WITH_KNOTS('',6,(#1384,#1385,#1386,#1387,#1388,
    #1389,#1390,#1391,#1392,#1393,#1394,#1395,#1396,#1397,#1398,#1399,
    #1400,#1401,#1402,#1403,#1404,#1405,#1406,#1407,#1408,#1409,#1410,
    #1411,#1412,#1413,#1414,#1415,#1416,#1417,#1418,#1419,#1420,#1421,
    #1422,#1423,#1424,#1425,#1426,#1427,#1428,#1429,#1430,#1431,#1432,
    #1433,#1434,#1435,#1436,#1437,#1438,#1439,#1440,#1441,#1442,#1443,
    #1444,#1445,#1446,#1447,#1448,#1449,#1450,#1451,#1452,#1453,#1454,
    #1455,#1456,#1457,#1458,#1459,#1460,#1461,#1462,#1463,#1464,#1465,
    #1466,#1467,#1468,#1469,#1470,#1471,#1472,#1473,#1474,#1475,#1476,
    #1477,#1478,#1479,#1480,#1481,#1482,#1483,#1484,#1485,#1486,#1487,
    #1488,#1489,#1490,#1491,#1492,#1493,#1494,#1495,#1496,#1497,#1498,
    #1499,#1500,#1501,#1502,#1503,#1504,#1505),.UNSPECIFIED.,.T.,.F.,(7,
    5,5,5,5,5,5,5,5,5,5,5,5,5,5,5,5,5,5,5,5,5,5,5,7),(0.,
    5.630987235705E-02,0.119743697075,0.161181737799,0.190521805338,
    0.224572222075,0.250034115453,0.287313090789,0.310609583739,
    0.339333230382,0.362251007741,0.444052617596,0.500092570886,
    0.556381596749,0.619791937602,0.661214637519,0.690543843049,
    0.724581653931,0.750034121007,0.787299295222,0.810587163539,
    0.839300176354,0.862209469155,0.943980794064,1.),.UNSPECIFIED.);
#1384 = CARTESIAN_POINT('',(16.,33.084172953242,24.));
#1385 = CARTESIAN_POINT('',(16.,33.084172953242,24.825968087868));
#1386 = CARTESIAN_POINT('',(15.948833282806,33.108917937755,
    25.65173394641));
#1387 = CARTESIAN_POINT('',(15.846546627036,33.15838530507,
    26.474586554966));
#1388 = CARTESIAN_POINT('',(15.693080095439,33.231871705004,
    27.291792282567));
#1389 = CARTESIAN_POINT('',(15.488286784014,33.327987903522,
    28.100485305825));
#1390 = CARTESIAN_POINT('',(14.94329615137,33.576197536381,
    29.795472460526));
#1391 = CARTESIAN_POINT('',(14.589358334331,33.733783431888,
    30.678290668617));
#1392 = CARTESIAN_POINT('',(14.16959023468,33.914743990572,
    31.543037294139));
#1393 = CARTESIAN_POINT('',(13.682674500417,34.115622353051,
    32.386147334783));
#1394 = CARTESIAN_POINT('',(13.126795677694,34.332117033415,
    33.20304530783));
#1395 = CARTESIAN_POINT('',(12.09024978403,34.70703176187,
    34.500302476337));
#1396 = CARTESIAN_POINT('',(11.650201051587,34.859608493375,
    34.999309231369));
#1397 = CARTESIAN_POINT('',(11.178823734403,35.015220442936,
    35.483314268301));
#1398 = CARTESIAN_POINT('',(10.675157353242,35.172261867726,
    35.950497813088));
#1399 = CARTESIAN_POINT('',(10.138221738195,35.32886700295,
    36.398554332391));
#1400 = CARTESIAN_POINT('',(9.162731754753,35.591884665442,
    37.126266295044));
#1401 = CARTESIAN_POINT('',(8.74112214958,35.699629524816,
    37.416970493879));
#1402 = CARTESIAN_POINT('',(8.302076747524,35.805277423868,
    37.695579171574));
#1403 = CARTESIAN_POINT('',(7.8454582052,35.907937583152,37.960832576106
    ));
#1404 = CARTESIAN_POINT('',(7.371195259287,36.006648604294,
    38.211345239892));
#1405 = CARTESIAN_POINT('',(6.308400431446,36.209174626787,
    38.717469337748));
#1406 = CARTESIAN_POINT('',(5.712993860097,36.311408734789,
    38.967800569671));
#1407 = CARTESIAN_POINT('',(5.094636924927,36.405132046984,
    39.193311312669));
#1408 = CARTESIAN_POINT('',(4.455169609002,36.488452853138,
    39.391025708531));
#1409 = CARTESIAN_POINT('',(3.796673405253,36.559636450706,
    39.558253236127));
#1410 = CARTESIAN_POINT('',(2.616529458673,36.660238215785,
    39.79299846239));
#1411 = CARTESIAN_POINT('',(2.102595899472,36.695633630586,
    39.874959596299));
#1412 = CARTESIAN_POINT('',(1.581768675126,36.722680410878,
    39.937252526129));
#1413 = CARTESIAN_POINT('',(1.056239423611,36.740889102981,
    39.979072191065));
#1414 = CARTESIAN_POINT('',(0.528237457326,36.75,40.));
#1415 = CARTESIAN_POINT('',(-0.773396968179,36.75,40.));
#1416 = CARTESIAN_POINT('',(-1.545376570243,36.730468800783,
    39.955139178235));
#1417 = CARTESIAN_POINT('',(-2.309585840705,36.691540651285,
    39.865726544547));
#1418 = CARTESIAN_POINT('',(-3.059731270783,36.634341035301,
    39.733580503226));
#1419 = CARTESIAN_POINT('',(-3.789757426638,36.56095937602,
    39.56201147242));
#1420 = CARTESIAN_POINT('',(-4.934126034035,36.419960683678,
    39.22710364478));
#1421 = CARTESIAN_POINT('',(-5.364697412468,36.360440272605,
    39.084660866106));
#1422 = CARTESIAN_POINT('',(-5.785240575709,36.296168571961,
    38.929435171952));
#1423 = CARTESIAN_POINT('',(-6.195315069218,36.227711642036,
    38.762305402726));
#1424 = CARTESIAN_POINT('',(-6.594530824335,36.155647680152,
    38.584174310682));
#1425 = CARTESIAN_POINT('',(-7.46095736859,35.987971084631,
    38.163927273839));
#1426 = CARTESIAN_POINT('',(-7.922447209855,35.890763258094,
    37.916522413385));
#1427 = CARTESIAN_POINT('',(-8.367036754683,35.789885045306,
    37.655162653594));
#1428 = CARTESIAN_POINT('',(-8.794805638927,35.686230708113,
    37.381133644208));
#1429 = CARTESIAN_POINT('',(-9.205892515527,35.580628971168,
    37.095604386171));
#1430 = CARTESIAN_POINT('',(-9.91533492426,35.388628379028,
    36.563479812395));
#1431 = CARTESIAN_POINT('',(-10.21973512174,35.302647989903,
    36.320639911405));
#1432 = CARTESIAN_POINT('',(-10.51385167995,35.216260560873,
    36.07159165943));
#1433 = CARTESIAN_POINT('',(-10.79784436479,35.129804275435,
    35.816766715888));
#1434 = CARTESIAN_POINT('',(-11.07187557444,35.043590475356,
    35.55654650742));
#1435 = CARTESIAN_POINT('',(-12.27925780385,34.652061907827,
    34.344368608235));
#1436 = CARTESIAN_POINT('',(-13.09886512957,34.352533674558,
    33.331681255751));
#1437 = CARTESIAN_POINT('',(-13.8003959191,34.072803457956,
    32.269319274534));
#1438 = CARTESIAN_POINT('',(-14.38894541302,33.822920995315,
    31.16794882379));
#1439 = CARTESIAN_POINT('',(-14.86800386165,33.610578563587,
    30.035109908973));
#1440 = CARTESIAN_POINT('',(-15.49280502264,33.325867045349,
    28.082601254246));
#1441 = CARTESIAN_POINT('',(-15.69578867651,33.230574670257,
    27.277336285585));
#1442 = CARTESIAN_POINT('',(-15.84790085054,33.157730381995,
    26.463669346193));
#1443 = CARTESIAN_POINT('',(-15.94928509427,33.10869943513,
    25.644428677822));
#1444 = CARTESIAN_POINT('',(-16.,33.084172953242,24.822313272493));
#1445 = CARTESIAN_POINT('',(-16.,33.084172953242,23.17403191213));
#1446 = CARTESIAN_POINT('',(-15.9488332828,33.108917937755,
    22.34826605359));
#1447 = CARTESIAN_POINT('',(-15.84654662703,33.15838530507,
    21.525413445035));
#1448 = CARTESIAN_POINT('',(-15.69308009544,33.231871705004,
    20.708207717433));
#1449 = CARTESIAN_POINT('',(-15.48828678401,33.327987903522,
    19.899514694174));
#1450 = CARTESIAN_POINT('',(-14.94329615141,33.576197536362,
    18.204527539606));
#1451 = CARTESIAN_POINT('',(-14.58935833436,33.733783431871,
    17.321709331432));
#1452 = CARTESIAN_POINT('',(-14.16959023461,33.914743990609,
    16.456962705647));
#1453 = CARTESIAN_POINT('',(-13.68267450026,34.1156223531,
    15.613852665097));
#1454 = CARTESIAN_POINT('',(-13.12679567788,34.332117033345,
    14.796954692412));
#1455 = CARTESIAN_POINT('',(-12.09024978403,34.70703176187,
    13.499697523662));
#1456 = CARTESIAN_POINT('',(-11.65020105158,34.859608493375,
    13.000690768631));
#1457 = CARTESIAN_POINT('',(-11.1788237344,35.015220442936,
    12.516685731699));
#1458 = CARTESIAN_POINT('',(-10.67515735324,35.172261867726,
    12.049502186912));
#1459 = CARTESIAN_POINT('',(-10.13822173819,35.32886700295,
    11.601445667609));
#1460 = CARTESIAN_POINT('',(-9.162731754753,35.591884665442,
    10.873733704956));
#1461 = CARTESIAN_POINT('',(-8.74112214958,35.699629524816,
    10.583029506121));
#1462 = CARTESIAN_POINT('',(-8.302076747524,35.805277423868,
    10.304420828426));
#1463 = CARTESIAN_POINT('',(-7.8454582052,35.907937583152,
    10.039167423894));
#1464 = CARTESIAN_POINT('',(-7.371195259287,36.006648604294,
    9.788654760108));
#1465 = CARTESIAN_POINT('',(-6.30840043187,36.209174626706,
    9.282530662454));
#1466 = CARTESIAN_POINT('',(-5.712993859987,36.311408734829,
    9.032199430228));
#1467 = CARTESIAN_POINT('',(-5.094636924495,36.405132047044,
    8.806688687186));
#1468 = CARTESIAN_POINT('',(-4.455169608881,36.48845285313,
    8.608974291493));
#1469 = CARTESIAN_POINT('',(-3.796673405693,36.559636450668,
    8.441746763961));
#1470 = CARTESIAN_POINT('',(-2.616529458673,36.660238215785,
    8.20700153761));
#1471 = CARTESIAN_POINT('',(-2.102595899472,36.695633630586,
    8.125040403701));
#1472 = CARTESIAN_POINT('',(-1.581768675126,36.722680410878,
    8.062747473871));
#1473 = CARTESIAN_POINT('',(-1.056239423611,36.740889102981,
    8.020927808935));
#1474 = CARTESIAN_POINT('',(-0.528237457326,36.75,8.));
#1475 = CARTESIAN_POINT('',(0.773396968361,36.75,8.));
#1476 = CARTESIAN_POINT('',(1.545376570196,36.730468800774,
    8.044860821786));
#1477 = CARTESIAN_POINT('',(2.309585840527,36.691540651296,
    8.134273455427));
#1478 = CARTESIAN_POINT('',(3.059731270734,36.634341035315,
    8.266419496739));
#1479 = CARTESIAN_POINT('',(3.789757426813,36.560959375998,
    8.437988527631));
#1480 = CARTESIAN_POINT('',(4.934126034035,36.419960683678,8.77289635522
    ));
#1481 = CARTESIAN_POINT('',(5.364697412468,36.360440272605,
    8.915339133894));
#1482 = CARTESIAN_POINT('',(5.785240575709,36.296168571961,
    9.070564828048));
#1483 = CARTESIAN_POINT('',(6.195315069218,36.227711642036,
    9.237694597274));
#1484 = CARTESIAN_POINT('',(6.594530824336,36.155647680152,
    9.415825689318));
#1485 = CARTESIAN_POINT('',(7.460957368607,35.987971084628,
    9.836072726169));
#1486 = CARTESIAN_POINT('',(7.922447209851,35.890763258095,
    10.083477586615));
#1487 = CARTESIAN_POINT('',(8.367036754669,35.789885045309,
    10.344837346398));
#1488 = CARTESIAN_POINT('',(8.794805638924,35.686230708114,
    10.618866355789));
#1489 = CARTESIAN_POINT('',(9.205892515538,35.580628971165,
    10.904395613838));
#1490 = CARTESIAN_POINT('',(9.915334922446,35.388628379519,
    11.436520186244));
#1491 = CARTESIAN_POINT('',(10.21973512263,35.302647989694,
    11.679360089109));
#1492 = CARTESIAN_POINT('',(10.513851681894,35.216260560297,
    11.928408342264));
#1493 = CARTESIAN_POINT('',(10.797844365028,35.129804275311,
    12.183233284573));
#1494 = CARTESIAN_POINT('',(11.071875572602,35.043590475953,
    12.443453490732));
#1495 = CARTESIAN_POINT('',(12.279257803851,34.652061907828,
    13.655631391764));
#1496 = CARTESIAN_POINT('',(13.098865129577,34.352533674557,
    14.66831874425));
#1497 = CARTESIAN_POINT('',(13.800395919102,34.072803457956,
    15.730680725468));
#1498 = CARTESIAN_POINT('',(14.388945413029,33.822920995316,
    16.832051176207));
#1499 = CARTESIAN_POINT('',(14.868003861656,33.610578563587,
    17.964890091029));
#1500 = CARTESIAN_POINT('',(15.492805022648,33.325867045349,
    19.917398745754));
#1501 = CARTESIAN_POINT('',(15.695788676512,33.230574670257,
    20.722663714413));
#1502 = CARTESIAN_POINT('',(15.84790085054,33.157730381995,
    21.53633065381));
#1503 = CARTESIAN_POINT('',(15.949285094271,33.10869943513,
    22.355571322177));
#1504 = CARTESIAN_POINT('',(16.,33.084172953242,23.177686727507));
#1505 = CARTESIAN_POINT('',(16.,33.084172953242,24.));
#1506 = PCURVE('',#1200,#1507);
#1507 = DEFINITIONAL_REPRESENTATION('',(#1508),#1631);
#1508 = B_SPLINE_CURVE_WITH_KNOTS('',6,(#1509,#1510,#1511,#1512,#1513,
    #1514,#1515,#1516,#1517,#1518,#1519,#1520,#1521,#1522,#1523,#1524,
    #1525,#1526,#1527,#1528,#1529,#1530,#1531,#1532,#1533,#1534,#1535,
    #1536,#1537,#1538,#1539,#1540,#1541,#1542,#1543,#1544,#1545,#1546,
    #1547,#1548,#1549,#1550,#1551,#1552,#1553,#1554,#1555,#1556,#1557,
    #1558,#1559,#1560,#1561,#1562,#1563,#1564,#1565,#1566,#1567,#1568,
    #1569,#1570,#1571,#1572,#1573,#1574,#1575,#1576,#1577,#1578,#1579,
    #1580,#1581,#1582,#1583,#1584,#1585,#1586,#1587,#1588,#1589,#1590,
    #1591,#1592,#1593,#1594,#1595,#1596,#1597,#1598,#1599,#1600,#1601,
    #1602,#1603,#1604,#1605,#1606,#1607,#1608,#1609,#1610,#1611,#1612,
    #1613,#1614,#1615,#1616,#1617,#1618,#1619,#1620,#1621,#1622,#1623,
    #1624,#1625,#1626,#1627,#1628,#1629,#1630),.UNSPECIFIED.,.T.,.F.,(7,
    5,5,5,5,5,5,5,5,5,5,5,5,5,5,5,5,5,5,5,5,5,5,5,7),(0.,
    5.630987235705E-02,0.119743697075,0.161181737799,0.190521805338,
    0.224572222075,0.250034115453,0.287313090789,0.310609583739,
    0.339333230382,0.362251007741,0.444052617596,0.500092570886,
    0.556381596749,0.619791937602,0.661214637519,0.690543843049,
    0.724581653931,0.750034121007,0.787299295222,0.810587163539,
    0.839300176354,0.862209469155,0.943980794064,1.),.UNSPECIFIED.);
#1509 = CARTESIAN_POINT('',(1.12034248519,25.));
#1510 = CARTESIAN_POINT('',(1.12034248519,25.825968087868));
#1511 = CARTESIAN_POINT('',(1.121889046359,26.65173394641));
#1512 = CARTESIAN_POINT('',(1.124980758746,27.474586554966));
#1513 = CARTESIAN_POINT('',(1.129610745964,28.291792282567));
#1514 = CARTESIAN_POINT('',(1.135766176827,29.100485305825));
#1515 = CARTESIAN_POINT('',(1.152061448751,30.795472460526));
#1516 = CARTESIAN_POINT('',(1.162603499622,31.678290668617));
#1517 = CARTESIAN_POINT('',(1.17504051502,32.543037294139));
#1518 = CARTESIAN_POINT('',(1.189369888005,33.386147334783));
#1519 = CARTESIAN_POINT('',(1.205597721542,34.20304530783));
#1520 = CARTESIAN_POINT('',(1.235591330849,35.500302476337));
#1521 = CARTESIAN_POINT('',(1.248263653875,35.999309231369));
#1522 = CARTESIAN_POINT('',(1.261768755755,36.483314268301));
#1523 = CARTESIAN_POINT('',(1.276121329226,36.950497813088));
#1524 = CARTESIAN_POINT('',(1.291337419698,37.398554332391));
#1525 = CARTESIAN_POINT('',(1.318829288657,38.126266295044));
#1526 = CARTESIAN_POINT('',(1.330669332118,38.416970493879));
#1527 = CARTESIAN_POINT('',(1.342955270491,38.695579171574));
#1528 = CARTESIAN_POINT('',(1.355688101928,38.960832576106));
#1529 = CARTESIAN_POINT('',(1.368867897216,39.211345239892));
#1530 = CARTESIAN_POINT('',(1.398307881491,39.717469337748));
#1531 = CARTESIAN_POINT('',(1.41474379297,39.967800569671));
#1532 = CARTESIAN_POINT('',(1.431756875077,40.193311312669));
#1533 = CARTESIAN_POINT('',(1.449298369784,40.391025708531));
#1534 = CARTESIAN_POINT('',(1.467316387741,40.558253236127));
#1535 = CARTESIAN_POINT('',(1.499545614965,40.79299846239));
#1536 = CARTESIAN_POINT('',(1.513561474702,40.874959596299));
#1537 = CARTESIAN_POINT('',(1.527749652213,40.937252526129));
#1538 = CARTESIAN_POINT('',(1.542055120956,40.979072191065));
#1539 = CARTESIAN_POINT('',(1.556422518432,41.));
#1540 = CARTESIAN_POINT('',(1.591841142256,41.));
#1541 = CARTESIAN_POINT('',(1.612847393841,40.955139178235));
#1542 = CARTESIAN_POINT('',(1.633658961323,40.865726544547));
#1543 = CARTESIAN_POINT('',(1.654121158081,40.733580503226));
#1544 = CARTESIAN_POINT('',(1.67408091114,40.56201147242));
#1545 = CARTESIAN_POINT('',(1.705455664258,40.22710364478));
#1546 = CARTESIAN_POINT('',(1.717282014448,40.084660866106));
#1547 = CARTESIAN_POINT('',(1.728856512754,39.929435171952));
#1548 = CARTESIAN_POINT('',(1.740167902521,39.762305402726));
#1549 = CARTESIAN_POINT('',(1.751205613114,39.584174310682));
#1550 = CARTESIAN_POINT('',(1.775219282494,39.163927273839));
#1551 = CARTESIAN_POINT('',(1.788050653586,38.916522413385));
#1552 = CARTESIAN_POINT('',(1.800453701605,38.655162653594));
#1553 = CARTESIAN_POINT('',(1.812428773276,38.381133644208));
#1554 = CARTESIAN_POINT('',(1.823977040688,38.095604386171));
#1555 = CARTESIAN_POINT('',(1.843976073636,37.563479812395));
#1556 = CARTESIAN_POINT('',(1.852582633616,37.320639911405));
#1557 = CARTESIAN_POINT('',(1.86092323454,37.07159165943));
#1558 = CARTESIAN_POINT('',(1.869000549169,36.816766715888));
#1559 = CARTESIAN_POINT('',(1.876817207501,36.55654650742));
#1560 = CARTESIAN_POINT('',(1.911355382505,35.344368608235));
#1561 = CARTESIAN_POINT('',(1.935084209839,34.331681255751));
#1562 = CARTESIAN_POINT('',(1.955625814023,33.269319274534));
#1563 = CARTESIAN_POINT('',(1.973020921042,32.16794882379));
#1564 = CARTESIAN_POINT('',(1.987278942568,31.035109908973));
#1565 = CARTESIAN_POINT('',(2.005962284109,29.082601254246));
#1566 = CARTESIAN_POINT('',(2.012063624341,28.277336285585));
#1567 = CARTESIAN_POINT('',(2.016652827583,27.463669346193));
#1568 = CARTESIAN_POINT('',(2.019717263634,26.644428677822));
#1569 = CARTESIAN_POINT('',(2.0212501684,25.822313272493));
#1570 = CARTESIAN_POINT('',(2.0212501684,24.17403191213));
#1571 = CARTESIAN_POINT('',(2.019703607231,23.34826605359));
#1572 = CARTESIAN_POINT('',(2.016611894843,22.525413445035));
#1573 = CARTESIAN_POINT('',(2.011981907626,21.708207717433));
#1574 = CARTESIAN_POINT('',(2.005826476763,20.899514694174));
#1575 = CARTESIAN_POINT('',(1.98953120484,19.204527539606));
#1576 = CARTESIAN_POINT('',(1.978989153969,18.321709331432));
#1577 = CARTESIAN_POINT('',(1.966552138568,17.456962705647));
#1578 = CARTESIAN_POINT('',(1.952222765581,16.613852665097));
#1579 = CARTESIAN_POINT('',(1.935994932053,15.796954692412));
#1580 = CARTESIAN_POINT('',(1.906001322741,14.499697523662));
#1581 = CARTESIAN_POINT('',(1.893328999714,14.000690768631));
#1582 = CARTESIAN_POINT('',(1.879823897835,13.516685731699));
#1583 = CARTESIAN_POINT('',(1.865471324364,13.049502186912));
#1584 = CARTESIAN_POINT('',(1.850255233892,12.601445667609));
#1585 = CARTESIAN_POINT('',(1.822763364933,11.873733704956));
#1586 = CARTESIAN_POINT('',(1.810923321472,11.583029506121));
#1587 = CARTESIAN_POINT('',(1.798637383099,11.304420828426));
#1588 = CARTESIAN_POINT('',(1.785904551662,11.039167423894));
#1589 = CARTESIAN_POINT('',(1.772724756373,10.788654760108));
#1590 = CARTESIAN_POINT('',(1.743284772111,10.282530662454));
#1591 = CARTESIAN_POINT('',(1.726848860616,10.032199430228));
#1592 = CARTESIAN_POINT('',(1.7098357785,9.806688687186));
#1593 = CARTESIAN_POINT('',(1.692294283803,9.608974291493));
#1594 = CARTESIAN_POINT('',(1.674276265861,9.441746763961));
#1595 = CARTESIAN_POINT('',(1.642047038625,9.20700153761));
#1596 = CARTESIAN_POINT('',(1.628031178888,9.125040403701));
#1597 = CARTESIAN_POINT('',(1.613843001376,9.062747473871));
#1598 = CARTESIAN_POINT('',(1.599537532634,9.020927808935));
#1599 = CARTESIAN_POINT('',(1.585170135158,9.));
#1600 = CARTESIAN_POINT('',(1.549751511329,9.));
#1601 = CARTESIAN_POINT('',(1.52874525975,9.044860821786));
#1602 = CARTESIAN_POINT('',(1.507933692272,9.134273455427));
#1603 = CARTESIAN_POINT('',(1.48747149551,9.266419496739));
#1604 = CARTESIAN_POINT('',(1.467511742445,9.437988527631));
#1605 = CARTESIAN_POINT('',(1.436136989332,9.77289635522));
#1606 = CARTESIAN_POINT('',(1.424310639141,9.915339133894));
#1607 = CARTESIAN_POINT('',(1.412736140836,10.070564828048));
#1608 = CARTESIAN_POINT('',(1.401424751069,10.237694597274));
#1609 = CARTESIAN_POINT('',(1.390387040476,10.415825689318));
#1610 = CARTESIAN_POINT('',(1.366373371095,10.836072726169));
#1611 = CARTESIAN_POINT('',(1.353542000004,11.083477586615));
#1612 = CARTESIAN_POINT('',(1.341138951985,11.344837346398));
#1613 = CARTESIAN_POINT('',(1.329163880314,11.618866355789));
#1614 = CARTESIAN_POINT('',(1.317615612902,11.904395613838));
#1615 = CARTESIAN_POINT('',(1.297616580005,12.436520186244));
#1616 = CARTESIAN_POINT('',(1.289010019949,12.679360089109));
#1617 = CARTESIAN_POINT('',(1.280669418995,12.928408342264));
#1618 = CARTESIAN_POINT('',(1.272592104414,13.183233284573));
#1619 = CARTESIAN_POINT('',(1.264775446141,13.443453490732));
#1620 = CARTESIAN_POINT('',(1.230237271085,14.655631391764));
#1621 = CARTESIAN_POINT('',(1.206508443751,15.66831874425));
#1622 = CARTESIAN_POINT('',(1.185966839567,16.730680725468));
#1623 = CARTESIAN_POINT('',(1.168571732548,17.832051176207));
#1624 = CARTESIAN_POINT('',(1.154313711022,18.964890091029));
#1625 = CARTESIAN_POINT('',(1.135630369481,20.917398745754));
#1626 = CARTESIAN_POINT('',(1.129529029249,21.722663714413));
#1627 = CARTESIAN_POINT('',(1.124939826006,22.53633065381));
#1628 = CARTESIAN_POINT('',(1.121875389956,23.355571322177));
#1629 = CARTESIAN_POINT('',(1.12034248519,24.177686727507));
#1630 = CARTESIAN_POINT('',(1.12034248519,25.));
#1631 = ( GEOMETRIC_REPRESENTATION_CONTEXT(2) 
PARAMETRIC_REPRESENTATION_CONTEXT() REPRESENTATION_CONTEXT('2D SPACE',''
  ) );
#1632 = PCURVE('',#1633,#1638);
#1633 = CYLINDRICAL_SURFACE('',#1634,16.);
#1634 = AXIS2_PLACEMENT_3D('',#1635,#1636,#1637);
#1635 = CARTESIAN_POINT('',(0.,38.,24.));
#1636 = DIRECTION('',(0.,-1.,1.110223024625E-16));
#1637 = DIRECTION('',(1.,0.,0.));
#1638 = DEFINITIONAL_REPRESENTATION('',(#1639),#1762);
#1639 = B_SPLINE_CURVE_WITH_KNOTS('',6,(#1640,#1641,#1642,#1643,#1644,
    #1645,#1646,#1647,#1648,#1649,#1650,#1651,#1652,#1653,#1654,#1655,
    #1656,#1657,#1658,#1659,#1660,#1661,#1662,#1663,#1664,#1665,#1666,
    #1667,#1668,#1669,#1670,#1671,#1672,#1673,#1674,#1675,#1676,#1677,
    #1678,#1679,#1680,#1681,#1682,#1683,#1684,#1685,#1686,#1687,#1688,
    #1689,#1690,#1691,#1692,#1693,#1694,#1695,#1696,#1697,#1698,#1699,
    #1700,#1701,#1702,#1703,#1704,#1705,#1706,#1707,#1708,#1709,#1710,
    #1711,#1712,#1713,#1714,#1715,#1716,#1717,#1718,#1719,#1720,#1721,
    #1722,#1723,#1724,#1725,#1726,#1727,#1728,#1729,#1730,#1731,#1732,
    #1733,#1734,#1735,#1736,#1737,#1738,#1739,#1740,#1741,#1742,#1743,
    #1744,#1745,#1746,#1747,#1748,#1749,#1750,#1751,#1752,#1753,#1754,
    #1755,#1756,#1757,#1758,#1759,#1760,#1761),.UNSPECIFIED.,.F.,.F.,(7,
    5,5,5,5,5,5,5,5,5,5,5,5,5,5,5,5,5,5,5,5,5,5,5,7),(0.,
    5.630987235705E-02,0.119743697075,0.161181737799,0.190521805338,
    0.224572222075,0.250034115453,0.287313090789,0.310609583739,
    0.339333230382,0.362251007741,0.444052617596,0.500092570886,
    0.556381596749,0.619791937602,0.661214637519,0.690543843049,
    0.724581653931,0.750034121007,0.787299295222,0.810587163539,
    0.839300176354,0.862209469155,0.943980794064,1.),.UNSPECIFIED.);
#1640 = CARTESIAN_POINT('',(0.,4.915827046758));
#1641 = CARTESIAN_POINT('',(5.162300549177E-02,4.915827046758));
#1642 = CARTESIAN_POINT('',(0.103233372488,4.891082062245));
#1643 = CARTESIAN_POINT('',(0.154909285624,4.84161469493));
#1644 = CARTESIAN_POINT('',(0.206726939312,4.768128294996));
#1645 = CARTESIAN_POINT('',(0.258762104224,4.672012096478));
#1646 = CARTESIAN_POINT('',(0.370040124647,4.423802463619));
#1647 = CARTESIAN_POINT('',(0.429339071145,4.266216568112));
#1648 = CARTESIAN_POINT('',(0.489190681852,4.085256009428));
#1649 = CARTESIAN_POINT('',(0.549799452852,3.884377646949));
#1650 = CARTESIAN_POINT('',(0.611373855088,3.667882966585));
#1651 = CARTESIAN_POINT('',(0.715155919992,3.29296823813));
#1652 = CARTESIAN_POINT('',(0.756689358217,3.140391506625));
#1653 = CARTESIAN_POINT('',(0.798836935057,2.984779557064));
#1654 = CARTESIAN_POINT('',(0.841686767884,2.827738132274));
#1655 = CARTESIAN_POINT('',(0.885329774622,2.67113299705));
#1656 = CARTESIAN_POINT('',(0.961393723057,2.408115334558));
#1657 = CARTESIAN_POINT('',(0.993378763907,2.300370475184));
#1658 = CARTESIAN_POINT('',(1.02584172593,2.194722576132));
#1659 = CARTESIAN_POINT('',(1.058806835581,2.092062416848));
#1660 = CARTESIAN_POINT('',(1.092300452198,1.993351395706));
#1661 = CARTESIAN_POINT('',(1.165872654418,1.790825373213));
#1662 = CARTESIAN_POINT('',(1.206197258831,1.688591265211));
#1663 = CARTESIAN_POINT('',(1.247261143337,1.594867953016));
#1664 = CARTESIAN_POINT('',(1.289013964264,1.511547146862));
#1665 = CARTESIAN_POINT('',(1.331418238663,1.440363549294));
#1666 = CARTESIAN_POINT('',(1.406622259497,1.339761784215));
#1667 = CARTESIAN_POINT('',(1.43912527835,1.304366369414));
#1668 = CARTESIAN_POINT('',(1.471871012062,1.277319589122));
#1669 = CARTESIAN_POINT('',(1.504781361633,1.259110897019));
#1670 = CARTESIAN_POINT('',(1.537781485712,1.25));
#1671 = CARTESIAN_POINT('',(1.619133637306,1.25));
#1672 = CARTESIAN_POINT('',(1.667382358669,1.269531199217));
#1673 = CARTESIAN_POINT('',(1.715348750525,1.308459348715));
#1674 = CARTESIAN_POINT('',(1.762838922735,1.365658964699));
#1675 = CARTESIAN_POINT('',(1.809640661858,1.43904062398));
#1676 = CARTESIAN_POINT('',(1.884163696326,1.580039316322));
#1677 = CARTESIAN_POINT('',(1.912491643152,1.639559727395));
#1678 = CARTESIAN_POINT('',(1.940484819703,1.703831428039));
#1679 = CARTESIAN_POINT('',(1.968138875078,1.772288357964));
#1680 = CARTESIAN_POINT('',(1.995447105533,1.844352319848));
#1681 = CARTESIAN_POINT('',(2.055632448451,2.012028915369));
#1682 = CARTESIAN_POINT('',(2.088332115009,2.109236741906));
#1683 = CARTESIAN_POINT('',(2.120528044291,2.210114954694));
#1684 = CARTESIAN_POINT('',(2.152245263086,2.313769291887));
#1685 = CARTESIAN_POINT('',(2.18350689686,2.419371028832));
#1686 = CARTESIAN_POINT('',(2.238933688855,2.611371620972));
#1687 = CARTESIAN_POINT('',(2.263260224983,2.697352010097));
#1688 = CARTESIAN_POINT('',(2.287332199729,2.783739439127));
#1689 = CARTESIAN_POINT('',(2.311165272816,2.870195724565));
#1690 = CARTESIAN_POINT('',(2.334774814064,2.956409524644));
#1691 = CARTESIAN_POINT('',(2.441705485003,3.347938092173));
#1692 = CARTESIAN_POINT('',(2.522699257995,3.647466325442));
#1693 = CARTESIAN_POINT('',(2.601732166073,3.927196542044));
#1694 = CARTESIAN_POINT('',(2.679294101548,4.177079004685));
#1695 = CARTESIAN_POINT('',(2.755853601498,4.389421436413));
#1696 = CARTESIAN_POINT('',(2.883981140155,4.674132954651));
#1697 = CARTESIAN_POINT('',(2.935782286957,4.769425329743));
#1698 = CARTESIAN_POINT('',(2.987368966003,4.842269618005));
#1699 = CARTESIAN_POINT('',(3.038815860434,4.89130056487));
#1700 = CARTESIAN_POINT('',(3.090198074059,4.915827046758));
#1701 = CARTESIAN_POINT('',(3.193215659082,4.915827046758));
#1702 = CARTESIAN_POINT('',(3.244826026078,4.891082062245));
#1703 = CARTESIAN_POINT('',(3.296501939214,4.84161469493));
#1704 = CARTESIAN_POINT('',(3.348319592902,4.768128294996));
#1705 = CARTESIAN_POINT('',(3.400354757814,4.672012096478));
#1706 = CARTESIAN_POINT('',(3.511632778228,4.423802463638));
#1707 = CARTESIAN_POINT('',(3.570931724731,4.266216568129));
#1708 = CARTESIAN_POINT('',(3.630783335455,4.085256009391));
#1709 = CARTESIAN_POINT('',(3.691392106453,3.8843776469));
#1710 = CARTESIAN_POINT('',(3.752966508659,3.667882966655));
#1711 = CARTESIAN_POINT('',(3.856748573582,3.29296823813));
#1712 = CARTESIAN_POINT('',(3.898282011807,3.140391506625));
#1713 = CARTESIAN_POINT('',(3.940429588647,2.984779557064));
#1714 = CARTESIAN_POINT('',(3.983279421474,2.827738132274));
#1715 = CARTESIAN_POINT('',(4.026922428212,2.67113299705));
#1716 = CARTESIAN_POINT('',(4.102986376647,2.408115334558));
#1717 = CARTESIAN_POINT('',(4.134971417497,2.300370475184));
#1718 = CARTESIAN_POINT('',(4.167434379519,2.194722576132));
#1719 = CARTESIAN_POINT('',(4.200399489171,2.092062416848));
#1720 = CARTESIAN_POINT('',(4.233893105788,1.993351395706));
#1721 = CARTESIAN_POINT('',(4.307465307979,1.790825373294));
#1722 = CARTESIAN_POINT('',(4.34778991243,1.688591265171));
#1723 = CARTESIAN_POINT('',(4.388853796956,1.594867952956));
#1724 = CARTESIAN_POINT('',(4.430606617861,1.51154714687));
#1725 = CARTESIAN_POINT('',(4.473010892224,1.440363549332));
#1726 = CARTESIAN_POINT('',(4.548214913087,1.339761784215));
#1727 = CARTESIAN_POINT('',(4.58071793194,1.304366369414));
#1728 = CARTESIAN_POINT('',(4.613463665652,1.277319589122));
#1729 = CARTESIAN_POINT('',(4.646374015223,1.259110897019));
#1730 = CARTESIAN_POINT('',(4.679374139302,1.25));
#1731 = CARTESIAN_POINT('',(4.760726290907,1.25));
#1732 = CARTESIAN_POINT('',(4.808975012255,1.269531199226));
#1733 = CARTESIAN_POINT('',(4.856941404104,1.308459348704));
#1734 = CARTESIAN_POINT('',(4.904431576321,1.365658964685));
#1735 = CARTESIAN_POINT('',(4.951233315459,1.439040624002));
#1736 = CARTESIAN_POINT('',(5.025756349916,1.580039316322));
#1737 = CARTESIAN_POINT('',(5.054084296742,1.639559727395));
#1738 = CARTESIAN_POINT('',(5.082077473293,1.703831428039));
#1739 = CARTESIAN_POINT('',(5.109731528667,1.772288357964));
#1740 = CARTESIAN_POINT('',(5.137039759123,1.844352319848));
#1741 = CARTESIAN_POINT('',(5.197225102042,2.012028915372));
#1742 = CARTESIAN_POINT('',(5.229924768599,2.109236741905));
#1743 = CARTESIAN_POINT('',(5.26212069788,2.210114954691));
#1744 = CARTESIAN_POINT('',(5.293837916676,2.313769291886));
#1745 = CARTESIAN_POINT('',(5.325099550451,2.419371028835));
#1746 = CARTESIAN_POINT('',(5.380526342303,2.611371620481));
#1747 = CARTESIAN_POINT('',(5.404852878636,2.697352010306));
#1748 = CARTESIAN_POINT('',(5.42892485348,2.783739439703));
#1749 = CARTESIAN_POINT('',(5.452757926436,2.870195724689));
#1750 = CARTESIAN_POINT('',(5.476367467491,2.956409524047));
#1751 = CARTESIAN_POINT('',(5.583298138592,3.347938092172));
#1752 = CARTESIAN_POINT('',(5.664291911585,3.647466325443));
#1753 = CARTESIAN_POINT('',(5.743324819663,3.927196542044));
#1754 = CARTESIAN_POINT('',(5.820886755138,4.177079004684));
#1755 = CARTESIAN_POINT('',(5.897446255088,4.389421436413));
#1756 = CARTESIAN_POINT('',(6.025573793745,4.674132954651));
#1757 = CARTESIAN_POINT('',(6.077374940546,4.769425329743));
#1758 = CARTESIAN_POINT('',(6.128961619593,4.842269618005));
#1759 = CARTESIAN_POINT('',(6.180408514023,4.89130056487));
#1760 = CARTESIAN_POINT('',(6.231790727649,4.915827046758));
#1761 = CARTESIAN_POINT('',(6.28318530718,4.915827046758));
#1762 = ( GEOMETRIC_REPRESENTATION_CONTEXT(2) 
PARAMETRIC_REPRESENTATION_CONTEXT() REPRESENTATION_CONTEXT('2D SPACE',''
  ) );
#1763 = FACE_BOUND('',#1764,.F.);
#1764 = EDGE_LOOP('',(#1765));
#1765 = ORIENTED_EDGE('',*,*,#1766,.F.);
#1766 = EDGE_CURVE('',#1767,#1767,#1769,.T.);
#1767 = VERTEX_POINT('',#1768);
#1768 = CARTESIAN_POINT('',(16.,-33.08417295324,24.));
#1769 = SURFACE_CURVE('',#1770,(#1893,#2019),.PCURVE_S1.);
#1770 = B_SPLINE_CURVE_WITH_KNOTS('',6,(#1771,#1772,#1773,#1774,#1775,
    #1776,#1777,#1778,#1779,#1780,#1781,#1782,#1783,#1784,#1785,#1786,
    #1787,#1788,#1789,#1790,#1791,#1792,#1793,#1794,#1795,#1796,#1797,
    #1798,#1799,#1800,#1801,#1802,#1803,#1804,#1805,#1806,#1807,#1808,
    #1809,#1810,#1811,#1812,#1813,#1814,#1815,#1816,#1817,#1818,#1819,
    #1820,#1821,#1822,#1823,#1824,#1825,#1826,#1827,#1828,#1829,#1830,
    #1831,#1832,#1833,#1834,#1835,#1836,#1837,#1838,#1839,#1840,#1841,
    #1842,#1843,#1844,#1845,#1846,#1847,#1848,#1849,#1850,#1851,#1852,
    #1853,#1854,#1855,#1856,#1857,#1858,#1859,#1860,#1861,#1862,#1863,
    #1864,#1865,#1866,#1867,#1868,#1869,#1870,#1871,#1872,#1873,#1874,
    #1875,#1876,#1877,#1878,#1879,#1880,#1881,#1882,#1883,#1884,#1885,
    #1886,#1887,#1888,#1889,#1890,#1891,#1892),.UNSPECIFIED.,.T.,.F.,(7,
    5,5,5,5,5,5,5,5,5,5,5,5,5,5,5,5,5,5,5,5,5,5,5,7),(0.,
    5.630987236117E-02,0.119743697069,0.161181737778,0.190521805312,
    0.224572222288,0.250034115676,0.287313091036,0.310609584006,
    0.339333230676,0.362251008056,0.444052617989,0.500092571331,
    0.556381597247,0.619791938155,0.661214636736,0.690543842145,
    0.724581652913,0.75003411992,0.787299294023,0.810587162265,
    0.839300174987,0.862209467846,0.943980793532,1.),.UNSPECIFIED.);
#1771 = CARTESIAN_POINT('',(16.,-33.08417295324,24.));
#1772 = CARTESIAN_POINT('',(16.,-33.08417295324,24.825968087869));
#1773 = CARTESIAN_POINT('',(15.948833282806,-33.10891793775,
    25.651733946411));
#1774 = CARTESIAN_POINT('',(15.846546627035,-33.15838530507,
    26.474586554965));
#1775 = CARTESIAN_POINT('',(15.69308009544,-33.231871705,27.291792282568
    ));
#1776 = CARTESIAN_POINT('',(15.488286784014,-33.32798790352,
    28.100485305826));
#1777 = CARTESIAN_POINT('',(14.943296151436,-33.57619753635,
    29.795472460324));
#1778 = CARTESIAN_POINT('',(14.58935833434,-33.73378343188,
    30.678290668686));
#1779 = CARTESIAN_POINT('',(14.169590234576,-33.91474399062,
    31.543037294339));
#1780 = CARTESIAN_POINT('',(13.682674500354,-34.11562235306,
    32.386147334807));
#1781 = CARTESIAN_POINT('',(13.126795677837,-34.33211703336,
    33.203045307652));
#1782 = CARTESIAN_POINT('',(12.090249784029,-34.70703176187,
    34.500302476339));
#1783 = CARTESIAN_POINT('',(11.650201051586,-34.85960849337,
    34.999309231369));
#1784 = CARTESIAN_POINT('',(11.178823734403,-35.01522044293,
    35.4833142683));
#1785 = CARTESIAN_POINT('',(10.675157353243,-35.17226186772,
    35.950497813088));
#1786 = CARTESIAN_POINT('',(10.138221738194,-35.32886700295,
    36.398554332392));
#1787 = CARTESIAN_POINT('',(9.162731754664,-35.59188466546,
    37.126266295111));
#1788 = CARTESIAN_POINT('',(8.741122149604,-35.6996295248,
    37.416970493849));
#1789 = CARTESIAN_POINT('',(8.302076747632,-35.80527742384,
    37.69557917151));
#1790 = CARTESIAN_POINT('',(7.845458205231,-35.90793758314,
    37.960832576103));
#1791 = CARTESIAN_POINT('',(7.371195259157,-36.00664860431,
    38.211345239954));
#1792 = CARTESIAN_POINT('',(6.308400427512,-36.20917462753,
    38.717469339621));
#1793 = CARTESIAN_POINT('',(5.712993866716,-36.31140873385,
    38.967800567377));
#1794 = CARTESIAN_POINT('',(5.094636924674,-36.40513204681,
    39.193311312212));
#1795 = CARTESIAN_POINT('',(4.455169602255,-36.48845285399,
    39.39102571061));
#1796 = CARTESIAN_POINT('',(3.796673409712,-36.55963645032,
    39.55825323524));
#1797 = CARTESIAN_POINT('',(2.616529458672,-36.66023821578,
    39.79299846239));
#1798 = CARTESIAN_POINT('',(2.102595899472,-36.69563363058,
    39.874959596299));
#1799 = CARTESIAN_POINT('',(1.581768675126,-36.72268041087,
    39.937252526129));
#1800 = CARTESIAN_POINT('',(1.056239423611,-36.74088910298,
    39.979072191065));
#1801 = CARTESIAN_POINT('',(0.528237457325,-36.75,40.));
#1802 = CARTESIAN_POINT('',(-0.773396968361,-36.75,40.));
#1803 = CARTESIAN_POINT('',(-1.545376570197,-36.73046880077,
    39.955139178214));
#1804 = CARTESIAN_POINT('',(-2.309585840525,-36.69154065129,
    39.865726544573));
#1805 = CARTESIAN_POINT('',(-3.059731270736,-36.63434103531,
    39.733580503261));
#1806 = CARTESIAN_POINT('',(-3.789757426812,-36.56095937599,
    39.562011472369));
#1807 = CARTESIAN_POINT('',(-4.934126034036,-36.41996068367,
    39.22710364478));
#1808 = CARTESIAN_POINT('',(-5.364697412468,-36.3604402726,
    39.084660866106));
#1809 = CARTESIAN_POINT('',(-5.785240575709,-36.29616857196,
    38.929435171952));
#1810 = CARTESIAN_POINT('',(-6.195315069218,-36.22771164203,
    38.762305402726));
#1811 = CARTESIAN_POINT('',(-6.594530824335,-36.15564768015,
    38.584174310682));
#1812 = CARTESIAN_POINT('',(-7.460957368607,-35.98797108462,
    38.163927273831));
#1813 = CARTESIAN_POINT('',(-7.922447209851,-35.89076325809,
    37.916522413385));
#1814 = CARTESIAN_POINT('',(-8.367036754669,-35.7898850453,
    37.655162653603));
#1815 = CARTESIAN_POINT('',(-8.794805638923,-35.68623070811,
    37.381133644211));
#1816 = CARTESIAN_POINT('',(-9.205892515538,-35.58062897116,
    37.095604386162));
#1817 = CARTESIAN_POINT('',(-9.91533492426,-35.38862837902,
    36.563479812395));
#1818 = CARTESIAN_POINT('',(-10.21973512174,-35.3026479899,
    36.320639911405));
#1819 = CARTESIAN_POINT('',(-10.51385167995,-35.21626056087,
    36.07159165943));
#1820 = CARTESIAN_POINT('',(-10.79784436479,-35.12980427543,
    35.816766715888));
#1821 = CARTESIAN_POINT('',(-11.07187557444,-35.04359047535,
    35.55654650742));
#1822 = CARTESIAN_POINT('',(-12.27925780385,-34.65206190782,
    34.344368608233));
#1823 = CARTESIAN_POINT('',(-13.09886512957,-34.35253367455,
    33.331681255752));
#1824 = CARTESIAN_POINT('',(-13.8003959191,-34.07280345795,
    32.269319274537));
#1825 = CARTESIAN_POINT('',(-14.38894541303,-33.82292099531,
    31.167948823788));
#1826 = CARTESIAN_POINT('',(-14.86800386165,-33.61057856358,
    30.035109908972));
#1827 = CARTESIAN_POINT('',(-15.49280502264,-33.32586704535,
    28.082601254252));
#1828 = CARTESIAN_POINT('',(-15.69578867651,-33.23057467025,
    27.277336285584));
#1829 = CARTESIAN_POINT('',(-15.84790085054,-33.15773038199,
    26.463669346187));
#1830 = CARTESIAN_POINT('',(-15.94928509427,-33.10869943513,
    25.64442867782));
#1831 = CARTESIAN_POINT('',(-16.,-33.08417295324,24.822313272499));
#1832 = CARTESIAN_POINT('',(-16.,-33.08417295324,23.174031912127));
#1833 = CARTESIAN_POINT('',(-15.9488332828,-33.10891793775,
    22.348266053592));
#1834 = CARTESIAN_POINT('',(-15.84654662703,-33.15838530507,
    21.525413445038));
#1835 = CARTESIAN_POINT('',(-15.69308009544,-33.231871705,
    20.708207717434));
#1836 = CARTESIAN_POINT('',(-15.48828678401,-33.32798790352,
    19.89951469417));
#1837 = CARTESIAN_POINT('',(-14.94329615143,-33.57619753635,
    18.204527539676));
#1838 = CARTESIAN_POINT('',(-14.58935833434,-33.73378343188,
    17.321709331313));
#1839 = CARTESIAN_POINT('',(-14.16959023457,-33.91474399062,
    16.456962705665));
#1840 = CARTESIAN_POINT('',(-13.68267450035,-34.11562235306,
    15.613852665192));
#1841 = CARTESIAN_POINT('',(-13.12679567783,-34.33211703336,
    14.796954692348));
#1842 = CARTESIAN_POINT('',(-12.09024979762,-34.70703175695,
    13.499697540677));
#1843 = CARTESIAN_POINT('',(-11.65020102649,-34.85960850133,
    13.000690743571));
#1844 = CARTESIAN_POINT('',(-11.17882373585,-35.01522044313,
    12.51668572956));
#1845 = CARTESIAN_POINT('',(-10.67515737929,-35.17226185979,
    12.049502211133));
#1846 = CARTESIAN_POINT('',(-10.13822172213,-35.32886700727,
    11.60144565563));
#1847 = CARTESIAN_POINT('',(-9.16273175475,-35.59188466544,
    10.873733704953));
#1848 = CARTESIAN_POINT('',(-8.741122149581,-35.69962952481,
    10.583029506123));
#1849 = CARTESIAN_POINT('',(-8.302076747529,-35.80527742386,
    10.304420828429));
#1850 = CARTESIAN_POINT('',(-7.845458205201,-35.90793758315,
    10.039167423894));
#1851 = CARTESIAN_POINT('',(-7.371195259282,-36.00664860429,
    9.788654760106));
#1852 = CARTESIAN_POINT('',(-6.308400431445,-36.20917462678,
    9.282530662252));
#1853 = CARTESIAN_POINT('',(-5.712993860097,-36.31140873478,
    9.032199430329));
#1854 = CARTESIAN_POINT('',(-5.094636924928,-36.40513204698,
    8.806688687331));
#1855 = CARTESIAN_POINT('',(-4.455169609002,-36.48845285313,
    8.608974291469));
#1856 = CARTESIAN_POINT('',(-3.796673405253,-36.5596364507,
    8.441746763873));
#1857 = CARTESIAN_POINT('',(-2.616529458682,-36.66023821578,
    8.207001537612));
#1858 = CARTESIAN_POINT('',(-2.102595899469,-36.69563363058,8.1250404037
    ));
#1859 = CARTESIAN_POINT('',(-1.581768675116,-36.72268041087,
    8.06274747387));
#1860 = CARTESIAN_POINT('',(-1.056239423609,-36.74088910298,
    8.020927808936));
#1861 = CARTESIAN_POINT('',(-0.528237457335,-36.75,8.));
#1862 = CARTESIAN_POINT('',(0.77339696818,-36.75,8.));
#1863 = CARTESIAN_POINT('',(1.54537657024,-36.73046880078,8.044860821765
    ));
#1864 = CARTESIAN_POINT('',(2.309585840707,-36.69154065128,
    8.134273455453));
#1865 = CARTESIAN_POINT('',(3.059731270782,-36.6343410353,8.266419496774
    ));
#1866 = CARTESIAN_POINT('',(3.789757426638,-36.56095937602,8.43798852758
    ));
#1867 = CARTESIAN_POINT('',(4.934126034035,-36.41996068367,8.77289635522
    ));
#1868 = CARTESIAN_POINT('',(5.364697412468,-36.3604402726,8.915339133894
    ));
#1869 = CARTESIAN_POINT('',(5.785240575709,-36.29616857196,
    9.070564828048));
#1870 = CARTESIAN_POINT('',(6.195315069218,-36.22771164203,
    9.237694597274));
#1871 = CARTESIAN_POINT('',(6.594530824336,-36.15564768015,
    9.415825689318));
#1872 = CARTESIAN_POINT('',(7.460957368607,-35.98797108462,
    9.836072726169));
#1873 = CARTESIAN_POINT('',(7.922447209851,-35.89076325809,
    10.083477586615));
#1874 = CARTESIAN_POINT('',(8.367036754669,-35.7898850453,
    10.344837346398));
#1875 = CARTESIAN_POINT('',(8.794805638924,-35.68623070811,
    10.618866355789));
#1876 = CARTESIAN_POINT('',(9.205892515538,-35.58062897116,
    10.904395613838));
#1877 = CARTESIAN_POINT('',(9.91533492426,-35.38862837902,
    11.436520187605));
#1878 = CARTESIAN_POINT('',(10.219735121741,-35.3026479899,
    11.679360088595));
#1879 = CARTESIAN_POINT('',(10.513851679955,-35.21626056087,
    11.92840834057));
#1880 = CARTESIAN_POINT('',(10.797844364794,-35.12980427543,
    12.183233284113));
#1881 = CARTESIAN_POINT('',(11.071875574443,-35.04359047535,
    12.44345349258));
#1882 = CARTESIAN_POINT('',(12.279257803853,-34.65206190782,
    13.655631391765));
#1883 = CARTESIAN_POINT('',(13.098865129575,-34.35253367455,
    14.668318744248));
#1884 = CARTESIAN_POINT('',(13.800395919102,-34.07280345795,
    15.730680725466));
#1885 = CARTESIAN_POINT('',(14.38894541303,-33.82292099531,
    16.83205117621));
#1886 = CARTESIAN_POINT('',(14.868003861656,-33.61057856358,
    17.964890091028));
#1887 = CARTESIAN_POINT('',(15.492805022646,-33.32586704535,
    19.917398745748));
#1888 = CARTESIAN_POINT('',(15.695788676512,-33.23057467025,
    20.722663714414));
#1889 = CARTESIAN_POINT('',(15.847900850543,-33.15773038199,
    21.536330653817));
#1890 = CARTESIAN_POINT('',(15.949285094269,-33.10869943513,
    22.355571322178));
#1891 = CARTESIAN_POINT('',(16.,-33.08417295324,23.177686727501));
#1892 = CARTESIAN_POINT('',(16.,-33.08417295324,24.));
#1893 = PCURVE('',#1200,#1894);
#1894 = DEFINITIONAL_REPRESENTATION('',(#1895),#2018);
#1895 = B_SPLINE_CURVE_WITH_KNOTS('',6,(#1896,#1897,#1898,#1899,#1900,
    #1901,#1902,#1903,#1904,#1905,#1906,#1907,#1908,#1909,#1910,#1911,
    #1912,#1913,#1914,#1915,#1916,#1917,#1918,#1919,#1920,#1921,#1922,
    #1923,#1924,#1925,#1926,#1927,#1928,#1929,#1930,#1931,#1932,#1933,
    #1934,#1935,#1936,#1937,#1938,#1939,#1940,#1941,#1942,#1943,#1944,
    #1945,#1946,#1947,#1948,#1949,#1950,#1951,#1952,#1953,#1954,#1955,
    #1956,#1957,#1958,#1959,#1960,#1961,#1962,#1963,#1964,#1965,#1966,
    #1967,#1968,#1969,#1970,#1971,#1972,#1973,#1974,#1975,#1976,#1977,
    #1978,#1979,#1980,#1981,#1982,#1983,#1984,#1985,#1986,#1987,#1988,
    #1989,#1990,#1991,#1992,#1993,#1994,#1995,#1996,#1997,#1998,#1999,
    #2000,#2001,#2002,#2003,#2004,#2005,#2006,#2007,#2008,#2009,#2010,
    #2011,#2012,#2013,#2014,#2015,#2016,#2017),.UNSPECIFIED.,.T.,.F.,(7,
    5,5,5,5,5,5,5,5,5,5,5,5,5,5,5,5,5,5,5,5,5,5,5,7),(0.,
    5.630987236117E-02,0.119743697069,0.161181737778,0.190521805312,
    0.224572222288,0.250034115676,0.287313091036,0.310609584006,
    0.339333230676,0.362251008056,0.444052617989,0.500092571331,
    0.556381597247,0.619791938155,0.661214636736,0.690543842145,
    0.724581652913,0.75003411992,0.787299294023,0.810587162265,
    0.839300174987,0.862209467846,0.943980793532,1.),.UNSPECIFIED.);
#1896 = CARTESIAN_POINT('',(5.16284282199,25.));
#1897 = CARTESIAN_POINT('',(5.16284282199,25.825968087869));
#1898 = CARTESIAN_POINT('',(5.161296260821,26.651733946411));
#1899 = CARTESIAN_POINT('',(5.158204548433,27.474586554965));
#1900 = CARTESIAN_POINT('',(5.153574561215,28.291792282568));
#1901 = CARTESIAN_POINT('',(5.147419130353,29.100485305826));
#1902 = CARTESIAN_POINT('',(5.13112385843,30.795472460324));
#1903 = CARTESIAN_POINT('',(5.120581807558,31.678290668686));
#1904 = CARTESIAN_POINT('',(5.108144792157,32.543037294339));
#1905 = CARTESIAN_POINT('',(5.093815419173,33.386147334807));
#1906 = CARTESIAN_POINT('',(5.077587585641,34.203045307652));
#1907 = CARTESIAN_POINT('',(5.047593976331,35.500302476339));
#1908 = CARTESIAN_POINT('',(5.034921653304,35.999309231369));
#1909 = CARTESIAN_POINT('',(5.021416551425,36.4833142683));
#1910 = CARTESIAN_POINT('',(5.007063977954,36.950497813088));
#1911 = CARTESIAN_POINT('',(4.991847887482,37.398554332392));
#1912 = CARTESIAN_POINT('',(4.96435601852,38.126266295111));
#1913 = CARTESIAN_POINT('',(4.952515975063,38.416970493849));
#1914 = CARTESIAN_POINT('',(4.940230036692,38.69557917151));
#1915 = CARTESIAN_POINT('',(4.927497205252,38.960832576103));
#1916 = CARTESIAN_POINT('',(4.91431740996,39.211345239954));
#1917 = CARTESIAN_POINT('',(4.88487742558,39.717469339621));
#1918 = CARTESIAN_POINT('',(4.868441514392,39.967800567377));
#1919 = CARTESIAN_POINT('',(4.851428432096,40.193311312212));
#1920 = CARTESIAN_POINT('',(4.833886937211,40.39102571061));
#1921 = CARTESIAN_POINT('',(4.81586891956,40.55825323524));
#1922 = CARTESIAN_POINT('',(4.783639692215,40.79299846239));
#1923 = CARTESIAN_POINT('',(4.769623832477,40.874959596299));
#1924 = CARTESIAN_POINT('',(4.755435654966,40.937252526129));
#1925 = CARTESIAN_POINT('',(4.741130186224,40.979072191065));
#1926 = CARTESIAN_POINT('',(4.726762788747,41.));
#1927 = CARTESIAN_POINT('',(4.691344164919,41.));
#1928 = CARTESIAN_POINT('',(4.67033791334,40.955139178214));
#1929 = CARTESIAN_POINT('',(4.649526345862,40.865726544573));
#1930 = CARTESIAN_POINT('',(4.6290641491,40.733580503261));
#1931 = CARTESIAN_POINT('',(4.609104396035,40.562011472369));
#1932 = CARTESIAN_POINT('',(4.577729642922,40.22710364478));
#1933 = CARTESIAN_POINT('',(4.565903292731,40.084660866106));
#1934 = CARTESIAN_POINT('',(4.554328794426,39.929435171952));
#1935 = CARTESIAN_POINT('',(4.543017404659,39.762305402726));
#1936 = CARTESIAN_POINT('',(4.531979694066,39.584174310682));
#1937 = CARTESIAN_POINT('',(4.507966024685,39.163927273831));
#1938 = CARTESIAN_POINT('',(4.495134653594,38.916522413385));
#1939 = CARTESIAN_POINT('',(4.482731605575,38.655162653603));
#1940 = CARTESIAN_POINT('',(4.470756533903,38.381133644211));
#1941 = CARTESIAN_POINT('',(4.459208266491,38.095604386162));
#1942 = CARTESIAN_POINT('',(4.439209233544,37.563479812395));
#1943 = CARTESIAN_POINT('',(4.430602673564,37.320639911405));
#1944 = CARTESIAN_POINT('',(4.422262072639,37.07159165943));
#1945 = CARTESIAN_POINT('',(4.414184758011,36.816766715888));
#1946 = CARTESIAN_POINT('',(4.406368099678,36.55654650742));
#1947 = CARTESIAN_POINT('',(4.371829924675,35.344368608233));
#1948 = CARTESIAN_POINT('',(4.348101097341,34.331681255752));
#1949 = CARTESIAN_POINT('',(4.327559493157,33.269319274537));
#1950 = CARTESIAN_POINT('',(4.310164386137,32.167948823788));
#1951 = CARTESIAN_POINT('',(4.295906364612,31.035109908972));
#1952 = CARTESIAN_POINT('',(4.27722302307,29.082601254252));
#1953 = CARTESIAN_POINT('',(4.271121682838,28.277336285584));
#1954 = CARTESIAN_POINT('',(4.266532479596,27.463669346187));
#1955 = CARTESIAN_POINT('',(4.263468043545,26.64442867782));
#1956 = CARTESIAN_POINT('',(4.26193513878,25.822313272499));
#1957 = CARTESIAN_POINT('',(4.26193513878,24.174031912127));
#1958 = CARTESIAN_POINT('',(4.263481699949,23.348266053592));
#1959 = CARTESIAN_POINT('',(4.266573412336,22.525413445038));
#1960 = CARTESIAN_POINT('',(4.271203399554,21.708207717434));
#1961 = CARTESIAN_POINT('',(4.277358830417,20.89951469417));
#1962 = CARTESIAN_POINT('',(4.293654102339,19.204527539676));
#1963 = CARTESIAN_POINT('',(4.304196153212,18.321709331313));
#1964 = CARTESIAN_POINT('',(4.316633168613,17.456962705665));
#1965 = CARTESIAN_POINT('',(4.330962541596,16.613852665192));
#1966 = CARTESIAN_POINT('',(4.347190375128,15.796954692348));
#1967 = CARTESIAN_POINT('',(4.377183984045,14.499697540677));
#1968 = CARTESIAN_POINT('',(4.389856308182,14.000690743571));
#1969 = CARTESIAN_POINT('',(4.403361409309,13.51668572956));
#1970 = CARTESIAN_POINT('',(4.417713982074,13.049502211133));
#1971 = CARTESIAN_POINT('',(4.43293007374,12.60144565563));
#1972 = CARTESIAN_POINT('',(4.460421942247,11.873733704953));
#1973 = CARTESIAN_POINT('',(4.472261985707,11.583029506123));
#1974 = CARTESIAN_POINT('',(4.484547924081,11.304420828429));
#1975 = CARTESIAN_POINT('',(4.497280755518,11.039167423894));
#1976 = CARTESIAN_POINT('',(4.510460550806,10.788654760106));
#1977 = CARTESIAN_POINT('',(4.53990053508,10.282530662252));
#1978 = CARTESIAN_POINT('',(4.55633644656,10.032199430329));
#1979 = CARTESIAN_POINT('',(4.573349528667,9.806688687331));
#1980 = CARTESIAN_POINT('',(4.590891023374,9.608974291469));
#1981 = CARTESIAN_POINT('',(4.608909041331,9.441746763873));
#1982 = CARTESIAN_POINT('',(4.641138268555,9.207001537612));
#1983 = CARTESIAN_POINT('',(4.655154128292,9.1250404037));
#1984 = CARTESIAN_POINT('',(4.669342305803,9.06274747387));
#1985 = CARTESIAN_POINT('',(4.683647774546,9.020927808936));
#1986 = CARTESIAN_POINT('',(4.698015172022,9.));
#1987 = CARTESIAN_POINT('',(4.733433795845,9.));
#1988 = CARTESIAN_POINT('',(4.754440047431,9.044860821765));
#1989 = CARTESIAN_POINT('',(4.775251614913,9.134273455453));
#1990 = CARTESIAN_POINT('',(4.795713811671,9.266419496774));
#1991 = CARTESIAN_POINT('',(4.81567356473,9.43798852758));
#1992 = CARTESIAN_POINT('',(4.847048317847,9.77289635522));
#1993 = CARTESIAN_POINT('',(4.858874668038,9.915339133894));
#1994 = CARTESIAN_POINT('',(4.870449166344,10.070564828048));
#1995 = CARTESIAN_POINT('',(4.881760556111,10.237694597274));
#1996 = CARTESIAN_POINT('',(4.892798266704,10.415825689318));
#1997 = CARTESIAN_POINT('',(4.916811936085,10.836072726169));
#1998 = CARTESIAN_POINT('',(4.929643307176,11.083477586615));
#1999 = CARTESIAN_POINT('',(4.942046355195,11.344837346398));
#2000 = CARTESIAN_POINT('',(4.954021426866,11.618866355789));
#2001 = CARTESIAN_POINT('',(4.965569694278,11.904395613838));
#2002 = CARTESIAN_POINT('',(4.985568727226,12.436520187605));
#2003 = CARTESIAN_POINT('',(4.994175287206,12.679360088595));
#2004 = CARTESIAN_POINT('',(5.00251588813,12.92840834057));
#2005 = CARTESIAN_POINT('',(5.010593202759,13.183233284113));
#2006 = CARTESIAN_POINT('',(5.018409861091,13.44345349258));
#2007 = CARTESIAN_POINT('',(5.052948036094,14.655631391765));
#2008 = CARTESIAN_POINT('',(5.076676863429,15.668318744248));
#2009 = CARTESIAN_POINT('',(5.097218467612,16.730680725466));
#2010 = CARTESIAN_POINT('',(5.114613574632,17.83205117621));
#2011 = CARTESIAN_POINT('',(5.128871596157,18.964890091028));
#2012 = CARTESIAN_POINT('',(5.147554937699,20.917398745748));
#2013 = CARTESIAN_POINT('',(5.153656277931,21.722663714414));
#2014 = CARTESIAN_POINT('',(5.158245481173,22.536330653817));
#2015 = CARTESIAN_POINT('',(5.161309917224,23.355571322178));
#2016 = CARTESIAN_POINT('',(5.16284282199,24.177686727501));
#2017 = CARTESIAN_POINT('',(5.16284282199,25.));
#2018 = ( GEOMETRIC_REPRESENTATION_CONTEXT(2) 
PARAMETRIC_REPRESENTATION_CONTEXT() REPRESENTATION_CONTEXT('2D SPACE',''
  ) );
#2019 = PCURVE('',#2020,#2025);
#2020 = CYLINDRICAL_SURFACE('',#2021,16.);
#2021 = AXIS2_PLACEMENT_3D('',#2022,#2023,#2024);
#2022 = CARTESIAN_POINT('',(0.,-14.,24.));
#2023 = DIRECTION('',(0.,-1.,1.110223024625E-16));
#2024 = DIRECTION('',(1.,0.,0.));
#2025 = DEFINITIONAL_REPRESENTATION('',(#2026),#2149);
#2026 = B_SPLINE_CURVE_WITH_KNOTS('',6,(#2027,#2028,#2029,#2030,#2031,
    #2032,#2033,#2034,#2035,#2036,#2037,#2038,#2039,#2040,#2041,#2042,
    #2043,#2044,#2045,#2046,#2047,#2048,#2049,#2050,#2051,#2052,#2053,
    #2054,#2055,#2056,#2057,#2058,#2059,#2060,#2061,#2062,#2063,#2064,
    #2065,#2066,#2067,#2068,#2069,#2070,#2071,#2072,#2073,#2074,#2075,
    #2076,#2077,#2078,#2079,#2080,#2081,#2082,#2083,#2084,#2085,#2086,
    #2087,#2088,#2089,#2090,#2091,#2092,#2093,#2094,#2095,#2096,#2097,
    #2098,#2099,#2100,#2101,#2102,#2103,#2104,#2105,#2106,#2107,#2108,
    #2109,#2110,#2111,#2112,#2113,#2114,#2115,#2116,#2117,#2118,#2119,
    #2120,#2121,#2122,#2123,#2124,#2125,#2126,#2127,#2128,#2129,#2130,
    #2131,#2132,#2133,#2134,#2135,#2136,#2137,#2138,#2139,#2140,#2141,
    #2142,#2143,#2144,#2145,#2146,#2147,#2148),.UNSPECIFIED.,.F.,.F.,(7,
    5,5,5,5,5,5,5,5,5,5,5,5,5,5,5,5,5,5,5,5,5,5,5,7),(0.,
    5.630987236117E-02,0.119743697069,0.161181737778,0.190521805312,
    0.224572222288,0.250034115676,0.287313091036,0.310609584006,
    0.339333230676,0.362251008056,0.444052617989,0.500092571331,
    0.556381597247,0.619791938155,0.661214636736,0.690543842145,
    0.724581652913,0.75003411992,0.787299294023,0.810587162265,
    0.839300174987,0.862209467846,0.943980793532,1.),.UNSPECIFIED.);
#2027 = CARTESIAN_POINT('',(0.,19.084172953242));
#2028 = CARTESIAN_POINT('',(5.162300549183E-02,19.084172953242));
#2029 = CARTESIAN_POINT('',(0.103233372488,19.108917937755));
#2030 = CARTESIAN_POINT('',(0.154909285624,19.15838530507));
#2031 = CARTESIAN_POINT('',(0.206726939313,19.231871705004));
#2032 = CARTESIAN_POINT('',(0.258762104225,19.327987903522));
#2033 = CARTESIAN_POINT('',(0.370040124634,19.576197536352));
#2034 = CARTESIAN_POINT('',(0.429339071149,19.733783431885));
#2035 = CARTESIAN_POINT('',(0.489190681865,19.91474399062));
#2036 = CARTESIAN_POINT('',(0.549799452855,20.115622353067));
#2037 = CARTESIAN_POINT('',(0.611373855074,20.332117033363));
#2038 = CARTESIAN_POINT('',(0.715155919993,20.707031761871));
#2039 = CARTESIAN_POINT('',(0.756689358217,20.859608493375));
#2040 = CARTESIAN_POINT('',(0.798836935057,21.015220442935));
#2041 = CARTESIAN_POINT('',(0.841686767884,21.172261867726));
#2042 = CARTESIAN_POINT('',(0.885329774622,21.32886700295));
#2043 = CARTESIAN_POINT('',(0.961393723064,21.591884665466));
#2044 = CARTESIAN_POINT('',(0.993378763905,21.699629524806));
#2045 = CARTESIAN_POINT('',(1.025841725922,21.805277423844));
#2046 = CARTESIAN_POINT('',(1.058806835579,21.907937583149));
#2047 = CARTESIAN_POINT('',(1.092300452207,22.006648604318));
#2048 = CARTESIAN_POINT('',(1.165872654691,22.209174627537));
#2049 = CARTESIAN_POINT('',(1.206197258391,22.311408733851));
#2050 = CARTESIAN_POINT('',(1.247261143344,22.405132046813));
#2051 = CARTESIAN_POINT('',(1.289013964708,22.488452853996));
#2052 = CARTESIAN_POINT('',(1.331418238379,22.559636450326));
#2053 = CARTESIAN_POINT('',(1.406622259497,22.660238215785));
#2054 = CARTESIAN_POINT('',(1.43912527835,22.695633630586));
#2055 = CARTESIAN_POINT('',(1.471871012062,22.722680410878));
#2056 = CARTESIAN_POINT('',(1.504781361633,22.740889102981));
#2057 = CARTESIAN_POINT('',(1.537781485712,22.75));
#2058 = CARTESIAN_POINT('',(1.619133637317,22.75));
#2059 = CARTESIAN_POINT('',(1.667382358666,22.730468800774));
#2060 = CARTESIAN_POINT('',(1.715348750514,22.691540651296));
#2061 = CARTESIAN_POINT('',(1.762838922731,22.634341035315));
#2062 = CARTESIAN_POINT('',(1.809640661869,22.560959375998));
#2063 = CARTESIAN_POINT('',(1.884163696327,22.419960683678));
#2064 = CARTESIAN_POINT('',(1.912491643152,22.360440272605));
#2065 = CARTESIAN_POINT('',(1.940484819703,22.296168571961));
#2066 = CARTESIAN_POINT('',(1.968138875078,22.227711642036));
#2067 = CARTESIAN_POINT('',(1.995447105533,22.155647680152));
#2068 = CARTESIAN_POINT('',(2.055632448453,21.987971084628));
#2069 = CARTESIAN_POINT('',(2.088332115009,21.890763258095));
#2070 = CARTESIAN_POINT('',(2.12052804429,21.789885045309));
#2071 = CARTESIAN_POINT('',(2.152245263086,21.686230708114));
#2072 = CARTESIAN_POINT('',(2.183506896861,21.580628971165));
#2073 = CARTESIAN_POINT('',(2.238933688855,21.388628379028));
#2074 = CARTESIAN_POINT('',(2.263260224983,21.302647989903));
#2075 = CARTESIAN_POINT('',(2.287332199729,21.216260560873));
#2076 = CARTESIAN_POINT('',(2.311165272816,21.129804275435));
#2077 = CARTESIAN_POINT('',(2.334774814064,21.043590475356));
#2078 = CARTESIAN_POINT('',(2.441705485003,20.652061907827));
#2079 = CARTESIAN_POINT('',(2.522699257995,20.352533674558));
#2080 = CARTESIAN_POINT('',(2.601732166073,20.072803457957));
#2081 = CARTESIAN_POINT('',(2.679294101548,19.822920995315));
#2082 = CARTESIAN_POINT('',(2.755853601498,19.610578563587));
#2083 = CARTESIAN_POINT('',(2.883981140155,19.32586704535));
#2084 = CARTESIAN_POINT('',(2.935782286957,19.230574670256));
#2085 = CARTESIAN_POINT('',(2.987368966004,19.157730381994));
#2086 = CARTESIAN_POINT('',(3.038815860434,19.10869943513));
#2087 = CARTESIAN_POINT('',(3.090198074059,19.084172953242));
#2088 = CARTESIAN_POINT('',(3.193215659082,19.084172953242));
#2089 = CARTESIAN_POINT('',(3.244826026078,19.108917937755));
#2090 = CARTESIAN_POINT('',(3.296501939213,19.15838530507));
#2091 = CARTESIAN_POINT('',(3.348319592902,19.231871705004));
#2092 = CARTESIAN_POINT('',(3.400354757815,19.327987903523));
#2093 = CARTESIAN_POINT('',(3.511632778224,19.576197536352));
#2094 = CARTESIAN_POINT('',(3.570931724739,19.733783431885));
#2095 = CARTESIAN_POINT('',(3.630783335455,19.914743990619));
#2096 = CARTESIAN_POINT('',(3.691392106445,20.115622353068));
#2097 = CARTESIAN_POINT('',(3.752966508664,20.332117033363));
#2098 = CARTESIAN_POINT('',(3.856748572221,20.707031756953));
#2099 = CARTESIAN_POINT('',(3.898282014038,20.85960850133));
#2100 = CARTESIAN_POINT('',(3.940429588675,21.01522044313));
#2101 = CARTESIAN_POINT('',(3.983279419236,21.172261859796));
#2102 = CARTESIAN_POINT('',(4.026922429464,21.328867007279));
#2103 = CARTESIAN_POINT('',(4.102986376647,21.591884665443));
#2104 = CARTESIAN_POINT('',(4.134971417497,21.699629524815));
#2105 = CARTESIAN_POINT('',(4.167434379519,21.805277423867));
#2106 = CARTESIAN_POINT('',(4.200399489171,21.907937583152));
#2107 = CARTESIAN_POINT('',(4.233893105788,22.006648604295));
#2108 = CARTESIAN_POINT('',(4.307465308008,22.209174626787));
#2109 = CARTESIAN_POINT('',(4.347789912421,22.311408734789));
#2110 = CARTESIAN_POINT('',(4.388853796927,22.405132046984));
#2111 = CARTESIAN_POINT('',(4.430606617854,22.488452853138));
#2112 = CARTESIAN_POINT('',(4.473010892252,22.559636450706));
#2113 = CARTESIAN_POINT('',(4.548214913086,22.660238215784));
#2114 = CARTESIAN_POINT('',(4.58071793194,22.695633630586));
#2115 = CARTESIAN_POINT('',(4.613463665652,22.722680410878));
#2116 = CARTESIAN_POINT('',(4.646374015223,22.740889102981));
#2117 = CARTESIAN_POINT('',(4.679374139301,22.75));
#2118 = CARTESIAN_POINT('',(4.760726290896,22.75));
#2119 = CARTESIAN_POINT('',(4.808975012258,22.730468800783));
#2120 = CARTESIAN_POINT('',(4.856941404115,22.691540651285));
#2121 = CARTESIAN_POINT('',(4.904431576324,22.634341035301));
#2122 = CARTESIAN_POINT('',(4.951233315447,22.56095937602));
#2123 = CARTESIAN_POINT('',(5.025756349916,22.419960683678));
#2124 = CARTESIAN_POINT('',(5.054084296742,22.360440272605));
#2125 = CARTESIAN_POINT('',(5.082077473293,22.296168571961));
#2126 = CARTESIAN_POINT('',(5.109731528667,22.227711642036));
#2127 = CARTESIAN_POINT('',(5.137039759123,22.155647680152));
#2128 = CARTESIAN_POINT('',(5.197225102042,21.987971084628));
#2129 = CARTESIAN_POINT('',(5.229924768599,21.890763258095));
#2130 = CARTESIAN_POINT('',(5.26212069788,21.789885045309));
#2131 = CARTESIAN_POINT('',(5.293837916676,21.686230708114));
#2132 = CARTESIAN_POINT('',(5.325099550451,21.580628971165));
#2133 = CARTESIAN_POINT('',(5.380526342444,21.388628379028));
#2134 = CARTESIAN_POINT('',(5.404852878573,21.302647989903));
#2135 = CARTESIAN_POINT('',(5.428924853318,21.216260560873));
#2136 = CARTESIAN_POINT('',(5.452757926406,21.129804275435));
#2137 = CARTESIAN_POINT('',(5.476367467654,21.043590475356));
#2138 = CARTESIAN_POINT('',(5.583298138592,20.652061907827));
#2139 = CARTESIAN_POINT('',(5.664291911584,20.352533674558));
#2140 = CARTESIAN_POINT('',(5.743324819663,20.072803457956));
#2141 = CARTESIAN_POINT('',(5.820886755138,19.822920995315));
#2142 = CARTESIAN_POINT('',(5.897446255088,19.610578563587));
#2143 = CARTESIAN_POINT('',(6.025573793745,19.32586704535));
#2144 = CARTESIAN_POINT('',(6.077374940546,19.230574670257));
#2145 = CARTESIAN_POINT('',(6.128961619594,19.157730381994));
#2146 = CARTESIAN_POINT('',(6.180408514023,19.10869943513));
#2147 = CARTESIAN_POINT('',(6.231790727648,19.084172953242));
#2148 = CARTESIAN_POINT('',(6.28318530718,19.084172953242));
#2149 = ( GEOMETRIC_REPRESENTATION_CONTEXT(2) 
PARAMETRIC_REPRESENTATION_CONTEXT() REPRESENTATION_CONTEXT('2D SPACE',''
  ) );
#2150 = ADVANCED_FACE('',(#2151,#2177),#1254,.F.);
#2151 = FACE_BOUND('',#2152,.F.);
#2152 = EDGE_LOOP('',(#2153));
#2153 = ORIENTED_EDGE('',*,*,#2154,.T.);
#2154 = EDGE_CURVE('',#2155,#2155,#2157,.T.);
#2155 = VERTEX_POINT('',#2156);
#2156 = CARTESIAN_POINT('',(16.,-14.,24.));
#2157 = SURFACE_CURVE('',#2158,(#2163,#2170),.PCURVE_S1.);
#2158 = CIRCLE('',#2159,16.);
#2159 = AXIS2_PLACEMENT_3D('',#2160,#2161,#2162);
#2160 = CARTESIAN_POINT('',(0.,-14.,24.));
#2161 = DIRECTION('',(0.,-1.,1.110223024625E-16));
#2162 = DIRECTION('',(1.,0.,0.));
#2163 = PCURVE('',#1254,#2164);
#2164 = DEFINITIONAL_REPRESENTATION('',(#2165),#2169);
#2165 = CIRCLE('',#2166,16.);
#2166 = AXIS2_PLACEMENT_2D('',#2167,#2168);
#2167 = CARTESIAN_POINT('',(0.,0.));
#2168 = DIRECTION('',(1.,0.));
#2169 = ( GEOMETRIC_REPRESENTATION_CONTEXT(2) 
PARAMETRIC_REPRESENTATION_CONTEXT() REPRESENTATION_CONTEXT('2D SPACE',''
  ) );
#2170 = PCURVE('',#2020,#2171);
#2171 = DEFINITIONAL_REPRESENTATION('',(#2172),#2176);
#2172 = LINE('',#2173,#2174);
#2173 = CARTESIAN_POINT('',(0.,0.));
#2174 = VECTOR('',#2175,1.);
#2175 = DIRECTION('',(1.,0.));
#2176 = ( GEOMETRIC_REPRESENTATION_CONTEXT(2) 
PARAMETRIC_REPRESENTATION_CONTEXT() REPRESENTATION_CONTEXT('2D SPACE',''
  ) );
#2177 = FACE_BOUND('',#2178,.F.);
#2178 = EDGE_LOOP('',(#2179));
#2179 = ORIENTED_EDGE('',*,*,#1239,.F.);
#2180 = ADVANCED_FACE('',(#2181,#2207),#1287,.T.);
#2181 = FACE_BOUND('',#2182,.T.);
#2182 = EDGE_LOOP('',(#2183));
#2183 = ORIENTED_EDGE('',*,*,#2184,.T.);
#2184 = EDGE_CURVE('',#2185,#2185,#2187,.T.);
#2185 = VERTEX_POINT('',#2186);
#2186 = CARTESIAN_POINT('',(16.,14.,24.));
#2187 = SURFACE_CURVE('',#2188,(#2193,#2200),.PCURVE_S1.);
#2188 = CIRCLE('',#2189,16.);
#2189 = AXIS2_PLACEMENT_3D('',#2190,#2191,#2192);
#2190 = CARTESIAN_POINT('',(0.,14.,24.));
#2191 = DIRECTION('',(0.,-1.,1.110223024625E-16));
#2192 = DIRECTION('',(1.,0.,0.));
#2193 = PCURVE('',#1287,#2194);
#2194 = DEFINITIONAL_REPRESENTATION('',(#2195),#2199);
#2195 = CIRCLE('',#2196,16.);
#2196 = AXIS2_PLACEMENT_2D('',#2197,#2198);
#2197 = CARTESIAN_POINT('',(0.,0.));
#2198 = DIRECTION('',(1.,0.));
#2199 = ( GEOMETRIC_REPRESENTATION_CONTEXT(2) 
PARAMETRIC_REPRESENTATION_CONTEXT() REPRESENTATION_CONTEXT('2D SPACE',''
  ) );
#2200 = PCURVE('',#1633,#2201);
#2201 = DEFINITIONAL_REPRESENTATION('',(#2202),#2206);
#2202 = LINE('',#2203,#2204);
#2203 = CARTESIAN_POINT('',(0.,24.));
#2204 = VECTOR('',#2205,1.);
#2205 = DIRECTION('',(1.,0.));
#2206 = ( GEOMETRIC_REPRESENTATION_CONTEXT(2) 
PARAMETRIC_REPRESENTATION_CONTEXT() REPRESENTATION_CONTEXT('2D SPACE',''
  ) );
#2207 = FACE_BOUND('',#2208,.T.);
#2208 = EDGE_LOOP('',(#2209));
#2209 = ORIENTED_EDGE('',*,*,#1270,.F.);
#2210 = ADVANCED_FACE('',(#2211),#1365,.F.);
#2211 = FACE_BOUND('',#2212,.F.);
#2212 = EDGE_LOOP('',(#2213));
#2213 = ORIENTED_EDGE('',*,*,#1350,.T.);
#2214 = ADVANCED_FACE('',(#2215),#1633,.T.);
#2215 = FACE_BOUND('',#2216,.T.);
#2216 = EDGE_LOOP('',(#2217,#2238,#2239,#2240));
#2217 = ORIENTED_EDGE('',*,*,#2218,.T.);
#2218 = EDGE_CURVE('',#1380,#2185,#2219,.T.);
#2219 = SEAM_CURVE('',#2220,(#2224,#2231),.PCURVE_S1.);
#2220 = LINE('',#2221,#2222);
#2221 = CARTESIAN_POINT('',(16.,38.,24.));
#2222 = VECTOR('',#2223,1.);
#2223 = DIRECTION('',(0.,-1.,1.110223024625E-16));
#2224 = PCURVE('',#1633,#2225);
#2225 = DEFINITIONAL_REPRESENTATION('',(#2226),#2230);
#2226 = LINE('',#2227,#2228);
#2227 = CARTESIAN_POINT('',(6.28318530718,-0.));
#2228 = VECTOR('',#2229,1.);
#2229 = DIRECTION('',(0.,1.));
#2230 = ( GEOMETRIC_REPRESENTATION_CONTEXT(2) 
PARAMETRIC_REPRESENTATION_CONTEXT() REPRESENTATION_CONTEXT('2D SPACE',''
  ) );
#2231 = PCURVE('',#1633,#2232);
#2232 = DEFINITIONAL_REPRESENTATION('',(#2233),#2237);
#2233 = LINE('',#2234,#2235);
#2234 = CARTESIAN_POINT('',(0.,-0.));
#2235 = VECTOR('',#2236,1.);
#2236 = DIRECTION('',(0.,1.));
#2237 = ( GEOMETRIC_REPRESENTATION_CONTEXT(2) 
PARAMETRIC_REPRESENTATION_CONTEXT() REPRESENTATION_CONTEXT('2D SPACE',''
  ) );
#2238 = ORIENTED_EDGE('',*,*,#2184,.F.);
#2239 = ORIENTED_EDGE('',*,*,#2218,.F.);
#2240 = ORIENTED_EDGE('',*,*,#1379,.T.);
#2241 = ADVANCED_FACE('',(#2242),#2020,.T.);
#2242 = FACE_BOUND('',#2243,.T.);
#2243 = EDGE_LOOP('',(#2244,#2245,#2266,#2267));
#2244 = ORIENTED_EDGE('',*,*,#1766,.F.);
#2245 = ORIENTED_EDGE('',*,*,#2246,.F.);
#2246 = EDGE_CURVE('',#2155,#1767,#2247,.T.);
#2247 = SEAM_CURVE('',#2248,(#2252,#2259),.PCURVE_S1.);
#2248 = LINE('',#2249,#2250);
#2249 = CARTESIAN_POINT('',(16.,-14.,24.));
#2250 = VECTOR('',#2251,1.);
#2251 = DIRECTION('',(0.,-1.,1.110223024625E-16));
#2252 = PCURVE('',#2020,#2253);
#2253 = DEFINITIONAL_REPRESENTATION('',(#2254),#2258);
#2254 = LINE('',#2255,#2256);
#2255 = CARTESIAN_POINT('',(6.28318530718,-0.));
#2256 = VECTOR('',#2257,1.);
#2257 = DIRECTION('',(0.,1.));
#2258 = ( GEOMETRIC_REPRESENTATION_CONTEXT(2) 
PARAMETRIC_REPRESENTATION_CONTEXT() REPRESENTATION_CONTEXT('2D SPACE',''
  ) );
#2259 = PCURVE('',#2020,#2260);
#2260 = DEFINITIONAL_REPRESENTATION('',(#2261),#2265);
#2261 = LINE('',#2262,#2263);
#2262 = CARTESIAN_POINT('',(0.,-0.));
#2263 = VECTOR('',#2264,1.);
#2264 = DIRECTION('',(0.,1.));
#2265 = ( GEOMETRIC_REPRESENTATION_CONTEXT(2) 
PARAMETRIC_REPRESENTATION_CONTEXT() REPRESENTATION_CONTEXT('2D SPACE',''
  ) );
#2266 = ORIENTED_EDGE('',*,*,#2154,.T.);
#2267 = ORIENTED_EDGE('',*,*,#2246,.T.);
#2268 = ( GEOMETRIC_REPRESENTATION_CONTEXT(3) 
GLOBAL_UNCERTAINTY_ASSIGNED_CONTEXT((#2272)) 
GLOBAL_UNIT_ASSIGNED_CONTEXT((#2269,#2270,#2271)) REPRESENTATION_CONTEXT
('Context #1','3D Context with UNIT and UNCERTAINTY') );
#2269 = ( LENGTH_UNIT() NAMED_UNIT(*) SI_UNIT(.MILLI.,.METRE.) );
#2270 = ( NAMED_UNIT(*) PLANE_ANGLE_UNIT() SI_UNIT($,.RADIAN.) );
#2271 = ( NAMED_UNIT(*) SI_UNIT($,.STERADIAN.) SOLID_ANGLE_UNIT() );
#2272 = UNCERTAINTY_MEASURE_WITH_UNIT(LENGTH_MEASURE(1.E-07),#2269,
  'distance_accuracy_value','confusion accuracy');
#2273 = PRODUCT_RELATED_PRODUCT_CATEGORY('part',$,(#7));
ENDSEC;
END-ISO-10303-21;
