# Cadless export: model
v -150 -80 220
v -150 80 220
v -150 -80 0
v -150 -60 0
v -150 -60 90
v -150 60 90
v -150 60 0
v -150 80 0
v -150 -80 220
v -150 80 220
v 150 -80 220
v 150 80 220
v -85 -52 220
v -85.0075 -51.7009 220
v -85.0298 -51.4026 220
v -85.067 -51.1057 220
v -85.119 -50.8111 220
v -85.1855 -50.5195 220
v -85.2666 -50.2315 220
v -85.3618 -49.9479 220
v -85.4711 -49.6694 220
v -85.5942 -49.3967 220
v -85.7307 -49.1305 220
v -85.8803 -48.8714 220
v -86.0426 -48.6201 220
v -86.2172 -48.3772 220
v -86.4037 -48.1433 220
v -86.6017 -47.919 220
v -86.8106 -47.7048 220
v -87.0299 -47.5013 220
v -87.2591 -47.309 220
v -87.4975 -47.1284 220
v -87.7447 -46.9598 220
v -88 -46.8038 220
v -88.2627 -46.6608 220
v -88.5323 -46.531 220
v -88.808 -46.4148 220
v -89.0891 -46.3124 220
v -89.375 -46.2243 220
v -89.6649 -46.1504 220
v -89.9581 -46.0912 220
v -90.2539 -46.0466 220
v -90.5516 -46.0168 220
v -90.8504 -46.0019 220
v -91.1496 -46.0019 220
v -91.4484 -46.0168 220
v -91.7461 -46.0466 220
v -92.0419 -46.0912 220
v -92.3351 -46.1504 220
v -92.625 -46.2243 220
v -92.9109 -46.3124 220
v -93.192 -46.4148 220
v -93.4677 -46.531 220
v -93.7373 -46.6608 220
v -94 -46.8038 220
v -94.2553 -46.9598 220
v -94.5025 -47.1284 220
v -94.7409 -47.309 220
v -94.9701 -47.5013 220
v -95.1894 -47.7048 220
v -95.3983 -47.919 220
v -95.5963 -48.1433 220
v -95.7828 -48.3772 220
v -95.9574 -48.6201 220
v -96.1197 -48.8714 220
v -96.2693 -49.1305 220
v -96.4058 -49.3967 220
v -96.5289 -49.6694 220
v -96.6382 -49.9479 220
v -96.7334 -50.2315 220
v -96.8145 -50.5195 220
v -96.881 -50.8111 220
v -96.933 -51.1057 220
v -96.9702 -51.4026 220
v -96.9925 -51.7009 220
v -97 -52 220
v -96.9925 -52.2991 220
v -96.9702 -52.5974 220
v -96.933 -52.8943 220
v -96.881 -53.1889 220
v -96.8145 -53.4805 220
v -96.7334 -53.7685 220
v -96.6382 -54.0521 220
v -96.5289 -54.3306 220
v -96.4058 -54.6033 220
v -96.2693 -54.8695 220
v -96.1197 -55.1286 220
v -95.9574 -55.3799 220
v -95.7828 -55.6228 220
v -95.5963 -55.8567 220
v -95.3983 -56.081 220
v -95.1894 -56.2952 220
v -94.9701 -56.4987 220
v -94.7409 -56.691 220
v -94.5025 -56.8716 220
v -94.2553 -57.0402 220
v -94 -57.1962 220
v -93.7373 -57.3392 220
v -93.4677 -57.469 220
v -93.192 -57.5852 220
v -92.9109 -57.6876 220
v -92.625 -57.7757 220
v -92.3351 -57.8496 220
v -92.0419 -57.9088 220
v -91.7461 -57.9534 220
v -91.4484 -57.9832 220
v -91.1496 -57.9981 220
v -90.8504 -57.9981 220
v -90.5516 -57.9832 220
v -90.2539 -57.9534 220
v -89.9581 -57.9088 220
v -89.6649 -57.8496 220
v -89.375 -57.7757 220
v -89.0891 -57.6876 220
v -88.808 -57.5852 220
v -88.5323 -57.469 220
v -88.2627 -57.3392 220
v -88 -57.1962 220
v -87.7447 -57.0402 220
v -87.4975 -56.8716 220
v -87.2591 -56.691 220
v -87.0299 -56.4987 220
v -86.8106 -56.2952 220
v -86.6017 -56.081 220
v -86.4037 -55.8567 220
v -86.2172 -55.6228 220
v -86.0426 -55.3799 220
v -85.8803 -55.1286 220
v -85.7307 -54.8695 220
v -85.5942 -54.6033 220
v -85.4711 -54.3306 220
v -85.3618 -54.0521 220
v -85.2666 -53.7685 220
v -85.1855 -53.4805 220
v -85.119 -53.1889 220
v -85.067 -52.8943 220
v -85.0298 -52.5974 220
v -85.0075 -52.2991 220
v -13 -52 220
v -13.0075 -51.7009 220
v -13.0298 -51.4026 220
v -13.067 -51.1057 220
v -13.119 -50.8111 220
v -13.1855 -50.5195 220
v -13.2666 -50.2315 220
v -13.3618 -49.9479 220
v -13.4711 -49.6694 220
v -13.5942 -49.3967 220
v -13.7307 -49.1305 220
v -13.8803 -48.8714 220
v -14.0426 -48.6201 220
v -14.2172 -48.3772 220
v -14.4037 -48.1433 220
v -14.6017 -47.919 220
v -14.8106 -47.7048 220
v -15.0299 -47.5013 220
v -15.2591 -47.309 220
v -15.4975 -47.1284 220
v -15.7447 -46.9598 220
v -16 -46.8038 220
v -16.2627 -46.6608 220
v -16.5323 -46.531 220
v -16.808 -46.4148 220
v -17.0891 -46.3124 220
v -17.375 -46.2243 220
v -17.6649 -46.1504 220
v -17.9581 -46.0912 220
v -18.2539 -46.0466 220
v -18.5516 -46.0168 220
v -18.8504 -46.0019 220
v -19.1496 -46.0019 220
v -19.4484 -46.0168 220
v -19.7461 -46.0466 220
v -20.0419 -46.0912 220
v -20.3351 -46.1504 220
v -20.625 -46.2243 220
v -20.9109 -46.3124 220
v -21.192 -46.4148 220
v -21.4677 -46.531 220
v -21.7373 -46.6608 220
v -22 -46.8038 220
v -22.2553 -46.9598 220
v -22.5025 -47.1284 220
v -22.7409 -47.309 220
v -22.9701 -47.5013 220
v -23.1894 -47.7048 220
v -23.3983 -47.919 220
v -23.5963 -48.1433 220
v -23.7828 -48.3772 220
v -23.9574 -48.6201 220
v -24.1197 -48.8714 220
v -24.2693 -49.1305 220
v -24.4058 -49.3967 220
v -24.5289 -49.6694 220
v -24.6382 -49.9479 220
v -24.7334 -50.2315 220
v -24.8145 -50.5195 220
v -24.881 -50.8111 220
v -24.933 -51.1057 220
v -24.9702 -51.4026 220
v -24.9925 -51.7009 220
v -25 -52 220
v -24.9925 -52.2991 220
v -24.9702 -52.5974 220
v -24.933 -52.8943 220
v -24.881 -53.1889 220
v -24.8145 -53.4805 220
v -24.7334 -53.7685 220
v -24.6382 -54.0521 220
v -24.5289 -54.3306 220
v -24.4058 -54.6033 220
v -24.2693 -54.8695 220
v -24.1197 -55.1286 220
v -23.9574 -55.3799 220
v -23.7828 -55.6228 220
v -23.5963 -55.8567 220
v -23.3983 -56.081 220
v -23.1894 -56.2952 220
v -22.9701 -56.4987 220
v -22.7409 -56.691 220
v -22.5025 -56.8716 220
v -22.2553 -57.0402 220
v -22 -57.1962 220
v -21.7373 -57.3392 220
v -21.4677 -57.469 220
v -21.192 -57.5852 220
v -20.9109 -57.6876 220
v -20.625 -57.7757 220
v -20.3351 -57.8496 220
v -20.0419 -57.9088 220
v -19.7461 -57.9534 220
v -19.4484 -57.9832 220
v -19.1496 -57.9981 220
v -18.8504 -57.9981 220
v -18.5516 -57.9832 220
v -18.2539 -57.9534 220
v -17.9581 -57.9088 220
v -17.6649 -57.8496 220
v -17.375 -57.7757 220
v -17.0891 -57.6876 220
v -16.808 -57.5852 220
v -16.5323 -57.469 220
v -16.2627 -57.3392 220
v -16 -57.1962 220
v -15.7447 -57.0402 220
v -15.4975 -56.8716 220
v -15.2591 -56.691 220
v -15.0299 -56.4987 220
v -14.8106 -56.2952 220
v -14.6017 -56.081 220
v -14.4037 -55.8567 220
v -14.2172 -55.6228 220
v -14.0426 -55.3799 220
v -13.8803 -55.1286 220
v -13.7307 -54.8695 220
v -13.5942 -54.6033 220
v -13.4711 -54.3306 220
v -13.3618 -54.0521 220
v -13.2666 -53.7685 220
v -13.1855 -53.4805 220
v -13.119 -53.1889 220
v -13.067 -52.8943 220
v -13.0298 -52.5974 220
v -13.0075 -52.2991 220
v 25 -52 220
v 24.9925 -51.7009 220
v 24.9702 -51.4026 220
v 24.933 -51.1057 220
v 24.881 -50.8111 220
v 24.8145 -50.5195 220
v 24.7334 -50.2315 220
v 24.6382 -49.9479 220
v 24.5289 -49.6694 220
v 24.4058 -49.3967 220
v 24.2693 -49.1305 220
v 24.1197 -48.8714 220
v 23.9574 -48.6201 220
v 23.7828 -48.3772 220
v 23.5963 -48.1433 220
v 23.3983 -47.919 220
v 23.1894 -47.7048 220
v 22.9701 -47.5013 220
v 22.7409 -47.309 220
v 22.5025 -47.1284 220
v 22.2553 -46.9598 220
v 22 -46.8038 220
v 21.7373 -46.6608 220
v 21.4677 -46.531 220
v 21.192 -46.4148 220
v 20.9109 -46.3124 220
v 20.625 -46.2243 220
v 20.3351 -46.1504 220
v 20.0419 -46.0912 220
v 19.7461 -46.0466 220
v 19.4484 -46.0168 220
v 19.1496 -46.0019 220
v 18.8504 -46.0019 220
v 18.5516 -46.0168 220
v 18.2539 -46.0466 220
v 17.9581 -46.0912 220
v 17.6649 -46.1504 220
v 17.375 -46.2243 220
v 17.0891 -46.3124 220
v 16.808 -46.4148 220
v 16.5323 -46.531 220
v 16.2627 -46.6608 220
v 16 -46.8038 220
v 15.7447 -46.9598 220
v 15.4975 -47.1284 220
v 15.2591 -47.309 220
v 15.0299 -47.5013 220
v 14.8106 -47.7048 220
v 14.6017 -47.919 220
v 14.4037 -48.1433 220
v 14.2172 -48.3772 220
v 14.0426 -48.6201 220
v 13.8803 -48.8714 220
v 13.7307 -49.1305 220
v 13.5942 -49.3967 220
v 13.4711 -49.6694 220
v 13.3618 -49.9479 220
v 13.2666 -50.2315 220
v 13.1855 -50.5195 220
v 13.119 -50.8111 220
v 13.067 -51.1057 220
v 13.0298 -51.4026 220
v 13.0075 -51.7009 220
v 13 -52 220
v 13.0075 -52.2991 220
v 13.0298 -52.5974 220
v 13.067 -52.8943 220
v 13.119 -53.1889 220
v 13.1855 -53.4805 220
v 13.2666 -53.7685 220
v 13.3618 -54.0521 220
v 13.4711 -54.3306 220
v 13.5942 -54.6033 220
v 13.7307 -54.8695 220
v 13.8803 -55.1286 220
v 14.0426 -55.3799 220
v 14.2172 -55.6228 220
v 14.4037 -55.8567 220
v 14.6017 -56.081 220
v 14.8106 -56.2952 220
v 15.0299 -56.4987 220
v 15.2591 -56.691 220
v 15.4975 -56.8716 220
v 15.7447 -57.0402 220
v 16 -57.1962 220
v 16.2627 -57.3392 220
v 16.5323 -57.469 220
v 16.808 -57.5852 220
v 17.0891 -57.6876 220
v 17.375 -57.7757 220
v 17.6649 -57.8496 220
v 17.9581 -57.9088 220
v 18.2539 -57.9534 220
v 18.5516 -57.9832 220
v 18.8504 -57.9981 220
v 19.1496 -57.9981 220
v 19.4484 -57.9832 220
v 19.7461 -57.9534 220
v 20.0419 -57.9088 220
v 20.3351 -57.8496 220
v 20.625 -57.7757 220
v 20.9109 -57.6876 220
v 21.192 -57.5852 220
v 21.4677 -57.469 220
v 21.7373 -57.3392 220
v 22 -57.1962 220
v 22.2553 -57.0402 220
v 22.5025 -56.8716 220
v 22.7409 -56.691 220
v 22.9701 -56.4987 220
v 23.1894 -56.2952 220
v 23.3983 -56.081 220
v 23.5963 -55.8567 220
v 23.7828 -55.6228 220
v 23.9574 -55.3799 220
v 24.1197 -55.1286 220
v 24.2693 -54.8695 220
v 24.4058 -54.6033 220
v 24.5289 -54.3306 220
v 24.6382 -54.0521 220
v 24.7334 -53.7685 220
v 24.8145 -53.4805 220
v 24.881 -53.1889 220
v 24.933 -52.8943 220
v 24.9702 -52.5974 220
v 24.9925 -52.2991 220
v 97 -52 220
v 96.9925 -51.7009 220
v 96.9702 -51.4026 220
v 96.933 -51.1057 220
v 96.881 -50.8111 220
v 96.8145 -50.5195 220
v 96.7334 -50.2315 220
v 96.6382 -49.9479 220
v 96.5289 -49.6694 220
v 96.4058 -49.3967 220
v 96.2693 -49.1305 220
v 96.1197 -48.8714 220
v 95.9574 -48.6201 220
v 95.7828 -48.3772 220
v 95.5963 -48.1433 220
v 95.3983 -47.919 220
v 95.1894 -47.7048 220
v 94.9701 -47.5013 220
v 94.7409 -47.309 220
v 94.5025 -47.1284 220
v 94.2553 -46.9598 220
v 94 -46.8038 220
v 93.7373 -46.6608 220
v 93.4677 -46.531 220
v 93.192 -46.4148 220
v 92.9109 -46.3124 220
v 92.625 -46.2243 220
v 92.3351 -46.1504 220
v 92.0419 -46.0912 220
v 91.7461 -46.0466 220
v 91.4484 -46.0168 220
v 91.1496 -46.0019 220
v 90.8504 -46.0019 220
v 90.5516 -46.0168 220
v 90.2539 -46.0466 220
v 89.9581 -46.0912 220
v 89.6649 -46.1504 220
v 89.375 -46.2243 220
v 89.0891 -46.3124 220
v 88.808 -46.4148 220
v 88.5323 -46.531 220
v 88.2627 -46.6608 220
v 88 -46.8038 220
v 87.7447 -46.9598 220
v 87.4975 -47.1284 220
v 87.2591 -47.309 220
v 87.0299 -47.5013 220
v 86.8106 -47.7048 220
v 86.6017 -47.919 220
v 86.4037 -48.1433 220
v 86.2172 -48.3772 220
v 86.0426 -48.6201 220
v 85.8803 -48.8714 220
v 85.7307 -49.1305 220
v 85.5942 -49.3967 220
v 85.4711 -49.6694 220
v 85.3618 -49.9479 220
v 85.2666 -50.2315 220
v 85.1855 -50.5195 220
v 85.119 -50.8111 220
v 85.067 -51.1057 220
v 85.0298 -51.4026 220
v 85.0075 -51.7009 220
v 85 -52 220
v 85.0075 -52.2991 220
v 85.0298 -52.5974 220
v 85.067 -52.8943 220
v 85.119 -53.1889 220
v 85.1855 -53.4805 220
v 85.2666 -53.7685 220
v 85.3618 -54.0521 220
v 85.4711 -54.3306 220
v 85.5942 -54.6033 220
v 85.7307 -54.8695 220
v 85.8803 -55.1286 220
v 86.0426 -55.3799 220
v 86.2172 -55.6228 220
v 86.4037 -55.8567 220
v 86.6017 -56.081 220
v 86.8106 -56.2952 220
v 87.0299 -56.4987 220
v 87.2591 -56.691 220
v 87.4975 -56.8716 220
v 87.7447 -57.0402 220
v 88 -57.1962 220
v 88.2627 -57.3392 220
v 88.5323 -57.469 220
v 88.808 -57.5852 220
v 89.0891 -57.6876 220
v 89.375 -57.7757 220
v 89.6649 -57.8496 220
v 89.9581 -57.9088 220
v 90.2539 -57.9534 220
v 90.5516 -57.9832 220
v 90.8504 -57.9981 220
v 91.1496 -57.9981 220
v 91.4484 -57.9832 220
v 91.7461 -57.9534 220
v 92.0419 -57.9088 220
v 92.3351 -57.8496 220
v 92.625 -57.7757 220
v 92.9109 -57.6876 220
v 93.192 -57.5852 220
v 93.4677 -57.469 220
v 93.7373 -57.3392 220
v 94 -57.1962 220
v 94.2553 -57.0402 220
v 94.5025 -56.8716 220
v 94.7409 -56.691 220
v 94.9701 -56.4987 220
v 95.1894 -56.2952 220
v 95.3983 -56.081 220
v 95.5963 -55.8567 220
v 95.7828 -55.6228 220
v 95.9574 -55.3799 220
v 96.1197 -55.1286 220
v 96.2693 -54.8695 220
v 96.4058 -54.6033 220
v 96.5289 -54.3306 220
v 96.6382 -54.0521 220
v 96.7334 -53.7685 220
v 96.8145 -53.4805 220
v 96.881 -53.1889 220
v 96.933 -52.8943 220
v 96.9702 -52.5974 220
v 96.9925 -52.2991 220
v -12 -1.0532e-14 220
v -12.0535 2.14337 220
v -12.2137 4.28142 220
v -12.4803 6.40882 220
v -12.8526 8.52028 220
v -13.3297 10.6106 220
v -13.9104 12.6745 220
v -14.5932 14.7069 220
v -15.3765 16.7027 220
v -16.2583 18.657 220
v -17.2365 20.5649 220
v -18.3085 22.4217 220
v -19.4717 24.2228 220
v -20.7233 25.9636 220
v -22.0601 27.6399 220
v -23.4788 29.2474 220
v -24.9758 30.7823 220
v -26.5475 32.2406 220
v -28.1899 33.6188 220
v -29.899 34.9133 220
v -31.6705 36.1211 220
v -33.5 37.2391 220
v -35.3829 38.2645 220
v -37.3147 39.1948 220
v -39.2903 40.0276 220
v -41.3051 40.7609 220
v -43.3539 41.3928 220
v -45.4316 41.9219 220
v -47.5331 42.3467 220
v -49.6532 42.6663 220
v -51.7866 42.8798 220
v -53.928 42.9866 220
v -56.072 42.9866 220
v -58.2134 42.8798 220
v -60.3468 42.6663 220
v -62.4669 42.3467 220
v -64.5684 41.9219 220
v -66.6461 41.3928 220
v -68.6949 40.7609 220
v -70.7097 40.0276 220
v -72.6853 39.1948 220
v -74.6171 38.2645 220
v -76.5 37.2391 220
v -78.3295 36.1211 220
v -80.101 34.9133 220
v -81.8101 33.6188 220
v -83.4525 32.2406 220
v -85.0242 30.7823 220
v -86.5212 29.2474 220
v -87.9399 27.6399 220
v -89.2767 25.9636 220
v -90.5283 24.2228 220
v -91.6915 22.4217 220
v -92.7635 20.5649 220
v -93.7417 18.657 220
v -94.6235 16.7027 220
v -95.4068 14.7069 220
v -96.0896 12.6745 220
v -96.6703 10.6106 220
v -97.1474 8.52028 220
v -97.5197 6.40882 220
v -97.7863 4.28142 220
v -97.9465 2.14337 220
v -98 -1.47501e-13 220
v -97.9465 -2.14337 220
v -97.7863 -4.28142 220
v -97.5197 -6.40882 220
v -97.1474 -8.52028 220
v -96.6703 -10.6106 220
v -96.0896 -12.6745 220
v -95.4068 -14.7069 220
v -94.6235 -16.7027 220
v -93.7417 -18.657 220
v -92.7635 -20.5649 220
v -91.6915 -22.4217 220
v -90.5283 -24.2228 220
v -89.2767 -25.9636 220
v -87.9399 -27.6399 220
v -86.5212 -29.2474 220
v -85.0242 -30.7823 220
v -83.4525 -32.2406 220
v -81.8101 -33.6188 220
v -80.101 -34.9133 220
v -78.3295 -36.1211 220
v -76.5 -37.2391 220
v -74.6171 -38.2645 220
v -72.6853 -39.1948 220
v -70.7097 -40.0276 220
v -68.6949 -40.7609 220
v -66.6461 -41.3928 220
v -64.5684 -41.9219 220
v -62.4669 -42.3467 220
v -60.3468 -42.6663 220
v -58.2134 -42.8798 220
v -56.072 -42.9866 220
v -53.928 -42.9866 220
v -51.7866 -42.8798 220
v -49.6532 -42.6663 220
v -47.5331 -42.3467 220
v -45.4316 -41.9219 220
v -43.3539 -41.3928 220
v -41.3051 -40.7609 220
v -39.2903 -40.0276 220
v -37.3147 -39.1948 220
v -35.3829 -38.2645 220
v -33.5 -37.2391 220
v -31.6705 -36.1211 220
v -29.899 -34.9133 220
v -28.1899 -33.6188 220
v -26.5475 -32.2406 220
v -24.9758 -30.7823 220
v -23.4788 -29.2474 220
v -22.0601 -27.6399 220
v -20.7233 -25.9636 220
v -19.4717 -24.2228 220
v -18.3085 -22.4217 220
v -17.2365 -20.5649 220
v -16.2583 -18.657 220
v -15.3765 -16.7027 220
v -14.5932 -14.7069 220
v -13.9104 -12.6745 220
v -13.3297 -10.6106 220
v -12.8526 -8.52028 220
v -12.4803 -6.40882 220
v -12.2137 -4.28142 220
v -12.0535 -2.14337 220
v -85 52 220
v -85.0075 52.2991 220
v -85.0298 52.5974 220
v -85.067 52.8943 220
v -85.119 53.1889 220
v -85.1855 53.4805 220
v -85.2666 53.7685 220
v -85.3618 54.0521 220
v -85.4711 54.3306 220
v -85.5942 54.6033 220
v -85.7307 54.8695 220
v -85.8803 55.1286 220
v -86.0426 55.3799 220
v -86.2172 55.6228 220
v -86.4037 55.8567 220
v -86.6017 56.081 220
v -86.8106 56.2952 220
v -87.0299 56.4987 220
v -87.2591 56.691 220
v -87.4975 56.8716 220
v -87.7447 57.0402 220
v -88 57.1962 220
v -88.2627 57.3392 220
v -88.5323 57.469 220
v -88.808 57.5852 220
v -89.0891 57.6876 220
v -89.375 57.7757 220
v -89.6649 57.8496 220
v -89.9581 57.9088 220
v -90.2539 57.9534 220
v -90.5516 57.9832 220
v -90.8504 57.9981 220
v -91.1496 57.9981 220
v -91.4484 57.9832 220
v -91.7461 57.9534 220
v -92.0419 57.9088 220
v -92.3351 57.8496 220
v -92.625 57.7757 220
v -92.9109 57.6876 220
v -93.192 57.5852 220
v -93.4677 57.469 220
v -93.7373 57.3392 220
v -94 57.1962 220
v -94.2553 57.0402 220
v -94.5025 56.8716 220
v -94.7409 56.691 220
v -94.9701 56.4987 220
v -95.1894 56.2952 220
v -95.3983 56.081 220
v -95.5963 55.8567 220
v -95.7828 55.6228 220
v -95.9574 55.3799 220
v -96.1197 55.1286 220
v -96.2693 54.8695 220
v -96.4058 54.6033 220
v -96.5289 54.3306 220
v -96.6382 54.0521 220
v -96.7334 53.7685 220
v -96.8145 53.4805 220
v -96.881 53.1889 220
v -96.933 52.8943 220
v -96.9702 52.5974 220
v -96.9925 52.2991 220
v -97 52 220
v -96.9925 51.7009 220
v -96.9702 51.4026 220
v -96.933 51.1057 220
v -96.881 50.8111 220
v -96.8145 50.5195 220
v -96.7334 50.2315 220
v -96.6382 49.9479 220
v -96.5289 49.6694 220
v -96.4058 49.3967 220
v -96.2693 49.1305 220
v -96.1197 48.8714 220
v -95.9574 48.6201 220
v -95.7828 48.3772 220
v -95.5963 48.1433 220
v -95.3983 47.919 220
v -95.1894 47.7048 220
v -94.9701 47.5013 220
v -94.7409 47.309 220
v -94.5025 47.1284 220
v -94.2553 46.9598 220
v -94 46.8038 220
v -93.7373 46.6608 220
v -93.4677 46.531 220
v -93.192 46.4148 220
v -92.9109 46.3124 220
v -92.625 46.2243 220
v -92.3351 46.1504 220
v -92.0419 46.0912 220
v -91.7461 46.0466 220
v -91.4484 46.0168 220
v -91.1496 46.0019 220
v -90.8504 46.0019 220
v -90.5516 46.0168 220
v -90.2539 46.0466 220
v -89.9581 46.0912 220
v -89.6649 46.1504 220
v -89.375 46.2243 220
v -89.0891 46.3124 220
v -88.808 46.4148 220
v -88.5323 46.531 220
v -88.2627 46.6608 220
v -88 46.8038 220
v -87.7447 46.9598 220
v -87.4975 47.1284 220
v -87.2591 47.309 220
v -87.0299 47.5013 220
v -86.8106 47.7048 220
v -86.6017 47.919 220
v -86.4037 48.1433 220
v -86.2172 48.3772 220
v -86.0426 48.6201 220
v -85.8803 48.8714 220
v -85.7307 49.1305 220
v -85.5942 49.3967 220
v -85.4711 49.6694 220
v -85.3618 49.9479 220
v -85.2666 50.2315 220
v -85.1855 50.5195 220
v -85.119 50.8111 220
v -85.067 51.1057 220
v -85.0298 51.4026 220
v -85.0075 51.7009 220
v -13 52 220
v -13.0075 52.2991 220
v -13.0298 52.5974 220
v -13.067 52.8943 220
v -13.119 53.1889 220
v -13.1855 53.4805 220
v -13.2666 53.7685 220
v -13.3618 54.0521 220
v -13.4711 54.3306 220
v -13.5942 54.6033 220
v -13.7307 54.8695 220
v -13.8803 55.1286 220
v -14.0426 55.3799 220
v -14.2172 55.6228 220
v -14.4037 55.8567 220
v -14.6017 56.081 220
v -14.8106 56.2952 220
v -15.0299 56.4987 220
v -15.2591 56.691 220
v -15.4975 56.8716 220
v -15.7447 57.0402 220
v -16 57.1962 220
v -16.2627 57.3392 220
v -16.5323 57.469 220
v -16.808 57.5852 220
v -17.0891 57.6876 220
v -17.375 57.7757 220
v -17.6649 57.8496 220
v -17.9581 57.9088 220
v -18.2539 57.9534 220
v -18.5516 57.9832 220
v -18.8504 57.9981 220
v -19.1496 57.9981 220
v -19.4484 57.9832 220
v -19.7461 57.9534 220
v -20.0419 57.9088 220
v -20.3351 57.8496 220
v -20.625 57.7757 220
v -20.9109 57.6876 220
v -21.192 57.5852 220
v -21.4677 57.469 220
v -21.7373 57.3392 220
v -22 57.1962 220
v -22.2553 57.0402 220
v -22.5025 56.8716 220
v -22.7409 56.691 220
v -22.9701 56.4987 220
v -23.1894 56.2952 220
v -23.3983 56.081 220
v -23.5963 55.8567 220
v -23.7828 55.6228 220
v -23.9574 55.3799 220
v -24.1197 55.1286 220
v -24.2693 54.8695 220
v -24.4058 54.6033 220
v -24.5289 54.3306 220
v -24.6382 54.0521 220
v -24.7334 53.7685 220
v -24.8145 53.4805 220
v -24.881 53.1889 220
v -24.933 52.8943 220
v -24.9702 52.5974 220
v -24.9925 52.2991 220
v -25 52 220
v -24.9925 51.7009 220
v -24.9702 51.4026 220
v -24.933 51.1057 220
v -24.881 50.8111 220
v -24.8145 50.5195 220
v -24.7334 50.2315 220
v -24.6382 49.9479 220
v -24.5289 49.6694 220
v -24.4058 49.3967 220
v -24.2693 49.1305 220
v -24.1197 48.8714 220
v -23.9574 48.6201 220
v -23.7828 48.3772 220
v -23.5963 48.1433 220
v -23.3983 47.919 220
v -23.1894 47.7048 220
v -22.9701 47.5013 220
v -22.7409 47.309 220
v -22.5025 47.1284 220
v -22.2553 46.9598 220
v -22 46.8038 220
v -21.7373 46.6608 220
v -21.4677 46.531 220
v -21.192 46.4148 220
v -20.9109 46.3124 220
v -20.625 46.2243 220
v -20.3351 46.1504 220
v -20.0419 46.0912 220
v -19.7461 46.0466 220
v -19.4484 46.0168 220
v -19.1496 46.0019 220
v -18.8504 46.0019 220
v -18.5516 46.0168 220
v -18.2539 46.0466 220
v -17.9581 46.0912 220
v -17.6649 46.1504 220
v -17.375 46.2243 220
v -17.0891 46.3124 220
v -16.808 46.4148 220
v -16.5323 46.531 220
v -16.2627 46.6608 220
v -16 46.8038 220
v -15.7447 46.9598 220
v -15.4975 47.1284 220
v -15.2591 47.309 220
v -15.0299 47.5013 220
v -14.8106 47.7048 220
v -14.6017 47.919 220
v -14.4037 48.1433 220
v -14.2172 48.3772 220
v -14.0426 48.6201 220
v -13.8803 48.8714 220
v -13.7307 49.1305 220
v -13.5942 49.3967 220
v -13.4711 49.6694 220
v -13.3618 49.9479 220
v -13.2666 50.2315 220
v -13.1855 50.5195 220
v -13.119 50.8111 220
v -13.067 51.1057 220
v -13.0298 51.4026 220
v -13.0075 51.7009 220
v 98 -1.0532e-14 220
v 97.9465 2.14337 220
v 97.7863 4.28142 220
v 97.5197 6.40882 220
v 97.1474 8.52028 220
v 96.6703 10.6106 220
v 96.0896 12.6745 220
v 95.4068 14.7069 220
v 94.6235 16.7027 220
v 93.7417 18.657 220
v 92.7635 20.5649 220
v 91.6915 22.4217 220
v 90.5283 24.2228 220
v 89.2767 25.9636 220
v 87.9399 27.6399 220
v 86.5212 29.2474 220
v 85.0242 30.7823 220
v 83.4525 32.2406 220
v 81.8101 33.6188 220
v 80.101 34.9133 220
v 78.3295 36.1211 220
v 76.5 37.2391 220
v 74.6171 38.2645 220
v 72.6853 39.1948 220
v 70.7097 40.0276 220
v 68.6949 40.7609 220
v 66.6461 41.3928 220
v 64.5684 41.9219 220
v 62.4669 42.3467 220
v 60.3468 42.6663 220
v 58.2134 42.8798 220
v 56.072 42.9866 220
v 53.928 42.9866 220
v 51.7866 42.8798 220
v 49.6532 42.6663 220
v 47.5331 42.3467 220
v 45.4316 41.9219 220
v 43.3539 41.3928 220
v 41.3051 40.7609 220
v 39.2903 40.0276 220
v 37.3147 39.1948 220
v 35.3829 38.2645 220
v 33.5 37.2391 220
v 31.6705 36.1211 220
v 29.899 34.9133 220
v 28.1899 33.6188 220
v 26.5475 32.2406 220
v 24.9758 30.7823 220
v 23.4788 29.2474 220
v 22.0601 27.6399 220
v 20.7233 25.9636 220
v 19.4717 24.2228 220
v 18.3085 22.4217 220
v 17.2365 20.5649 220
v 16.2583 18.657 220
v 15.3765 16.7027 220
v 14.5932 14.7069 220
v 13.9104 12.6745 220
v 13.3297 10.6106 220
v 12.8526 8.52028 220
v 12.4803 6.40882 220
v 12.2137 4.28142 220
v 12.0535 2.14337 220
v 12 -1.47501e-13 220
v 12.0535 -2.14337 220
v 12.2137 -4.28142 220
v 12.4803 -6.40882 220
v 12.8526 -8.52028 220
v 13.3297 -10.6106 220
v 13.9104 -12.6745 220
v 14.5932 -14.7069 220
v 15.3765 -16.7027 220
v 16.2583 -18.657 220
v 17.2365 -20.5649 220
v 18.3085 -22.4217 220
v 19.4717 -24.2228 220
v 20.7233 -25.9636 220
v 22.0601 -27.6399 220
v 23.4788 -29.2474 220
v 24.9758 -30.7823 220
v 26.5475 -32.2406 220
v 28.1899 -33.6188 220
v 29.899 -34.9133 220
v 31.6705 -36.1211 220
v 33.5 -37.2391 220
v 35.3829 -38.2645 220
v 37.3147 -39.1948 220
v 39.2903 -40.0276 220
v 41.3051 -40.7609 220
v 43.3539 -41.3928 220
v 45.4316 -41.9219 220
v 47.5331 -42.3467 220
v 49.6532 -42.6663 220
v 51.7866 -42.8798 220
v 53.928 -42.9866 220
v 56.072 -42.9866 220
v 58.2134 -42.8798 220
v 60.3468 -42.6663 220
v 62.4669 -42.3467 220
v 64.5684 -41.9219 220
v 66.6461 -41.3928 220
v 68.6949 -40.7609 220
v 70.7097 -40.0276 220
v 72.6853 -39.1948 220
v 74.6171 -38.2645 220
v 76.5 -37.2391 220
v 78.3295 -36.1211 220
v 80.101 -34.9133 220
v 81.8101 -33.6188 220
v 83.4525 -32.2406 220
v 85.0242 -30.7823 220
v 86.5212 -29.2474 220
v 87.9399 -27.6399 220
v 89.2767 -25.9636 220
v 90.5283 -24.2228 220
v 91.6915 -22.4217 220
v 92.7635 -20.5649 220
v 93.7417 -18.657 220
v 94.6235 -16.7027 220
v 95.4068 -14.7069 220
v 96.0896 -12.6745 220
v 96.6703 -10.6106 220
v 97.1474 -8.52028 220
v 97.5197 -6.40882 220
v 97.7863 -4.28142 220
v 97.9465 -2.14337 220
v 25 52 220
v 24.9925 52.2991 220
v 24.9702 52.5974 220
v 24.933 52.8943 220
v 24.881 53.1889 220
v 24.8145 53.4805 220
v 24.7334 53.7685 220
v 24.6382 54.0521 220
v 24.5289 54.3306 220
v 24.4058 54.6033 220
v 24.2693 54.8695 220
v 24.1197 55.1286 220
v 23.9574 55.3799 220
v 23.7828 55.6228 220
v 23.5963 55.8567 220
v 23.3983 56.081 220
v 23.1894 56.2952 220
v 22.9701 56.4987 220
v 22.7409 56.691 220
v 22.5025 56.8716 220
v 22.2553 57.0402 220
v 22 57.1962 220
v 21.7373 57.3392 220
v 21.4677 57.469 220
v 21.192 57.5852 220
v 20.9109 57.6876 220
v 20.625 57.7757 220
v 20.3351 57.8496 220
v 20.0419 57.9088 220
v 19.7461 57.9534 220
v 19.4484 57.9832 220
v 19.1496 57.9981 220
v 18.8504 57.9981 220
v 18.5516 57.9832 220
v 18.2539 57.9534 220
v 17.9581 57.9088 220
v 17.6649 57.8496 220
v 17.375 57.7757 220
v 17.0891 57.6876 220
v 16.808 57.5852 220
v 16.5323 57.469 220
v 16.2627 57.3392 220
v 16 57.1962 220
v 15.7447 57.0402 220
v 15.4975 56.8716 220
v 15.2591 56.691 220
v 15.0299 56.4987 220
v 14.8106 56.2952 220
v 14.6017 56.081 220
v 14.4037 55.8567 220
v 14.2172 55.6228 220
v 14.0426 55.3799 220
v 13.8803 55.1286 220
v 13.7307 54.8695 220
v 13.5942 54.6033 220
v 13.4711 54.3306 220
v 13.3618 54.0521 220
v 13.2666 53.7685 220
v 13.1855 53.4805 220
v 13.119 53.1889 220
v 13.067 52.8943 220
v 13.0298 52.5974 220
v 13.0075 52.2991 220
v 13 52 220
v 13.0075 51.7009 220
v 13.0298 51.4026 220
v 13.067 51.1057 220
v 13.119 50.8111 220
v 13.1855 50.5195 220
v 13.2666 50.2315 220
v 13.3618 49.9479 220
v 13.4711 49.6694 220
v 13.5942 49.3967 220
v 13.7307 49.1305 220
v 13.8803 48.8714 220
v 14.0426 48.6201 220
v 14.2172 48.3772 220
v 14.4037 48.1433 220
v 14.6017 47.919 220
v 14.8106 47.7048 220
v 15.0299 47.5013 220
v 15.2591 47.309 220
v 15.4975 47.1284 220
v 15.7447 46.9598 220
v 16 46.8038 220
v 16.2627 46.6608 220
v 16.5323 46.531 220
v 16.808 46.4148 220
v 17.0891 46.3124 220
v 17.375 46.2243 220
v 17.6649 46.1504 220
v 17.9581 46.0912 220
v 18.2539 46.0466 220
v 18.5516 46.0168 220
v 18.8504 46.0019 220
v 19.1496 46.0019 220
v 19.4484 46.0168 220
v 19.7461 46.0466 220
v 20.0419 46.0912 220
v 20.3351 46.1504 220
v 20.625 46.2243 220
v 20.9109 46.3124 220
v 21.192 46.4148 220
v 21.4677 46.531 220
v 21.7373 46.6608 220
v 22 46.8038 220
v 22.2553 46.9598 220
v 22.5025 47.1284 220
v 22.7409 47.309 220
v 22.9701 47.5013 220
v 23.1894 47.7048 220
v 23.3983 47.919 220
v 23.5963 48.1433 220
v 23.7828 48.3772 220
v 23.9574 48.6201 220
v 24.1197 48.8714 220
v 24.2693 49.1305 220
v 24.4058 49.3967 220
v 24.5289 49.6694 220
v 24.6382 49.9479 220
v 24.7334 50.2315 220
v 24.8145 50.5195 220
v 24.881 50.8111 220
v 24.933 51.1057 220
v 24.9702 51.4026 220
v 24.9925 51.7009 220
v 97 52 220
v 96.9925 52.2991 220
v 96.9702 52.5974 220
v 96.933 52.8943 220
v 96.881 53.1889 220
v 96.8145 53.4805 220
v 96.7334 53.7685 220
v 96.6382 54.0521 220
v 96.5289 54.3306 220
v 96.4058 54.6033 220
v 96.2693 54.8695 220
v 96.1197 55.1286 220
v 95.9574 55.3799 220
v 95.7828 55.6228 220
v 95.5963 55.8567 220
v 95.3983 56.081 220
v 95.1894 56.2952 220
v 94.9701 56.4987 220
v 94.7409 56.691 220
v 94.5025 56.8716 220
v 94.2553 57.0402 220
v 94 57.1962 220
v 93.7373 57.3392 220
v 93.4677 57.469 220
v 93.192 57.5852 220
v 92.9109 57.6876 220
v 92.625 57.7757 220
v 92.3351 57.8496 220
v 92.0419 57.9088 220
v 91.7461 57.9534 220
v 91.4484 57.9832 220
v 91.1496 57.9981 220
v 90.8504 57.9981 220
v 90.5516 57.9832 220
v 90.2539 57.9534 220
v 89.9581 57.9088 220
v 89.6649 57.8496 220
v 89.375 57.7757 220
v 89.0891 57.6876 220
v 88.808 57.5852 220
v 88.5323 57.469 220
v 88.2627 57.3392 220
v 88 57.1962 220
v 87.7447 57.0402 220
v 87.4975 56.8716 220
v 87.2591 56.691 220
v 87.0299 56.4987 220
v 86.8106 56.2952 220
v 86.6017 56.081 220
v 86.4037 55.8567 220
v 86.2172 55.6228 220
v 86.0426 55.3799 220
v 85.8803 55.1286 220
v 85.7307 54.8695 220
v 85.5942 54.6033 220
v 85.4711 54.3306 220
v 85.3618 54.0521 220
v 85.2666 53.7685 220
v 85.1855 53.4805 220
v 85.119 53.1889 220
v 85.067 52.8943 220
v 85.0298 52.5974 220
v 85.0075 52.2991 220
v 85 52 220
v 85.0075 51.7009 220
v 85.0298 51.4026 220
v 85.067 51.1057 220
v 85.119 50.8111 220
v 85.1855 50.5195 220
v 85.2666 50.2315 220
v 85.3618 49.9479 220
v 85.4711 49.6694 220
v 85.5942 49.3967 220
v 85.7307 49.1305 220
v 85.8803 48.8714 220
v 86.0426 48.6201 220
v 86.2172 48.3772 220
v 86.4037 48.1433 220
v 86.6017 47.919 220
v 86.8106 47.7048 220
v 87.0299 47.5013 220
v 87.2591 47.309 220
v 87.4975 47.1284 220
v 87.7447 46.9598 220
v 88 46.8038 220
v 88.2627 46.6608 220
v 88.5323 46.531 220
v 88.808 46.4148 220
v 89.0891 46.3124 220
v 89.375 46.2243 220
v 89.6649 46.1504 220
v 89.9581 46.0912 220
v 90.2539 46.0466 220
v 90.5516 46.0168 220
v 90.8504 46.0019 220
v 91.1496 46.0019 220
v 91.4484 46.0168 220
v 91.7461 46.0466 220
v 92.0419 46.0912 220
v 92.3351 46.1504 220
v 92.625 46.2243 220
v 92.9109 46.3124 220
v 93.192 46.4148 220
v 93.4677 46.531 220
v 93.7373 46.6608 220
v 94 46.8038 220
v 94.2553 46.9598 220
v 94.5025 47.1284 220
v 94.7409 47.309 220
v 94.9701 47.5013 220
v 95.1894 47.7048 220
v 95.3983 47.919 220
v 95.5963 48.1433 220
v 95.7828 48.3772 220
v 95.9574 48.6201 220
v 96.1197 48.8714 220
v 96.2693 49.1305 220
v 96.4058 49.3967 220
v 96.5289 49.6694 220
v 96.6382 49.9479 220
v 96.7334 50.2315 220
v 96.8145 50.5195 220
v 96.881 50.8111 220
v 96.933 51.1057 220
v 96.9702 51.4026 220
v 96.9925 51.7009 220
v -150 80 0
v 150 80 0
v -150 80 220
v 150 80 220
v -150 60 0
v -150 80 0
v 150 60 0
v 150 80 0
v 150 60 0
v 150 60 90
v -150 60 0
v -150 60 90
v -120 60 90
v -120 60 50
v -100 60 50
v -100 60 90
v -10 60 90
v -10 60 50
v 10 60 50
v 10 60 90
v 100 60 90
v 100 60 50
v 120 60 50
v 120 60 90
v -150 60 90
v -120 60 90
v -150 -60 90
v -120 -60 90
v 150 -60 0
v 150 -60 90
v -150 -60 0
v -150 -60 90
v -120 -60 90
v -120 -60 50
v -100 -60 50
v -100 -60 90
v -10 -60 90
v -10 -60 50
v 10 -60 50
v 10 -60 90
v 100 -60 90
v 100 -60 50
v 120 -60 50
v 120 -60 90
v -150 -80 0
v -150 -60 0
v 150 -80 0
v 150 -60 0
v -150 -80 0
v 150 -80 0
v -150 -80 220
v 150 -80 220
v 150 -80 220
v 150 80 220
v 150 -80 0
v 150 -60 0
v 150 -60 90
v 150 60 90
v 150 60 0
v 150 80 0
v -85 -52 220
v -85.0075 -51.7009 220
v -85.0298 -51.4026 220
v -85.067 -51.1057 220
v -85.119 -50.8111 220
v -85.1855 -50.5195 220
v -85.2666 -50.2315 220
v -85.3618 -49.9479 220
v -85.4711 -49.6694 220
v -85.5942 -49.3967 220
v -85.7307 -49.1305 220
v -85.8803 -48.8714 220
v -86.0426 -48.6201 220
v -86.2172 -48.3772 220
v -86.4037 -48.1433 220
v -86.6017 -47.919 220
v -86.8106 -47.7048 220
v -87.0299 -47.5013 220
v -87.2591 -47.309 220
v -87.4975 -47.1284 220
v -87.7447 -46.9598 220
v -88 -46.8038 220
v -88.2627 -46.6608 220
v -88.5323 -46.531 220
v -88.808 -46.4148 220
v -89.0891 -46.3124 220
v -89.375 -46.2243 220
v -89.6649 -46.1504 220
v -89.9581 -46.0912 220
v -90.2539 -46.0466 220
v -90.5516 -46.0168 220
v -90.8504 -46.0019 220
v -91.1496 -46.0019 220
v -91.4484 -46.0168 220
v -91.7461 -46.0466 220
v -92.0419 -46.0912 220
v -92.3351 -46.1504 220
v -92.625 -46.2243 220
v -92.9109 -46.3124 220
v -93.192 -46.4148 220
v -93.4677 -46.531 220
v -93.7373 -46.6608 220
v -94 -46.8038 220
v -94.2553 -46.9598 220
v -94.5025 -47.1284 220
v -94.7409 -47.309 220
v -94.9701 -47.5013 220
v -95.1894 -47.7048 220
v -95.3983 -47.919 220
v -95.5963 -48.1433 220
v -95.7828 -48.3772 220
v -95.9574 -48.6201 220
v -96.1197 -48.8714 220
v -96.2693 -49.1305 220
v -96.4058 -49.3967 220
v -96.5289 -49.6694 220
v -96.6382 -49.9479 220
v -96.7334 -50.2315 220
v -96.8145 -50.5195 220
v -96.881 -50.8111 220
v -96.933 -51.1057 220
v -96.9702 -51.4026 220
v -96.9925 -51.7009 220
v -97 -52 220
v -96.9925 -52.2991 220
v -96.9702 -52.5974 220
v -96.933 -52.8943 220
v -96.881 -53.1889 220
v -96.8145 -53.4805 220
v -96.7334 -53.7685 220
v -96.6382 -54.0521 220
v -96.5289 -54.3306 220
v -96.4058 -54.6033 220
v -96.2693 -54.8695 220
v -96.1197 -55.1286 220
v -95.9574 -55.3799 220
v -95.7828 -55.6228 220
v -95.5963 -55.8567 220
v -95.3983 -56.081 220
v -95.1894 -56.2952 220
v -94.9701 -56.4987 220
v -94.7409 -56.691 220
v -94.5025 -56.8716 220
v -94.2553 -57.0402 220
v -94 -57.1962 220
v -93.7373 -57.3392 220
v -93.4677 -57.469 220
v -93.192 -57.5852 220
v -92.9109 -57.6876 220
v -92.625 -57.7757 220
v -92.3351 -57.8496 220
v -92.0419 -57.9088 220
v -91.7461 -57.9534 220
v -91.4484 -57.9832 220
v -91.1496 -57.9981 220
v -90.8504 -57.9981 220
v -90.5516 -57.9832 220
v -90.2539 -57.9534 220
v -89.9581 -57.9088 220
v -89.6649 -57.8496 220
v -89.375 -57.7757 220
v -89.0891 -57.6876 220
v -88.808 -57.5852 220
v -88.5323 -57.469 220
v -88.2627 -57.3392 220
v -88 -57.1962 220
v -87.7447 -57.0402 220
v -87.4975 -56.8716 220
v -87.2591 -56.691 220
v -87.0299 -56.4987 220
v -86.8106 -56.2952 220
v -86.6017 -56.081 220
v -86.4037 -55.8567 220
v -86.2172 -55.6228 220
v -86.0426 -55.3799 220
v -85.8803 -55.1286 220
v -85.7307 -54.8695 220
v -85.5942 -54.6033 220
v -85.4711 -54.3306 220
v -85.3618 -54.0521 220
v -85.2666 -53.7685 220
v -85.1855 -53.4805 220
v -85.119 -53.1889 220
v -85.067 -52.8943 220
v -85.0298 -52.5974 220
v -85.0075 -52.2991 220
v -85 -52 220
v -85 -52 90
v -85.0075 -51.7009 90
v -85.0298 -51.4026 90
v -85.067 -51.1057 90
v -85.119 -50.8111 90
v -85.1855 -50.5195 90
v -85.2666 -50.2315 90
v -85.3618 -49.9479 90
v -85.4711 -49.6694 90
v -85.5942 -49.3967 90
v -85.7307 -49.1305 90
v -85.8803 -48.8714 90
v -86.0426 -48.6201 90
v -86.2172 -48.3772 90
v -86.4037 -48.1433 90
v -86.6017 -47.919 90
v -86.8106 -47.7048 90
v -87.0299 -47.5013 90
v -87.2591 -47.309 90
v -87.4975 -47.1284 90
v -87.7447 -46.9598 90
v -88 -46.8038 90
v -88.2627 -46.6608 90
v -88.5323 -46.531 90
v -88.808 -46.4148 90
v -89.0891 -46.3124 90
v -89.375 -46.2243 90
v -89.6649 -46.1504 90
v -89.9581 -46.0912 90
v -90.2539 -46.0466 90
v -90.5516 -46.0168 90
v -90.8504 -46.0019 90
v -91.1496 -46.0019 90
v -91.4484 -46.0168 90
v -91.7461 -46.0466 90
v -92.0419 -46.0912 90
v -92.3351 -46.1504 90
v -92.625 -46.2243 90
v -92.9109 -46.3124 90
v -93.192 -46.4148 90
v -93.4677 -46.531 90
v -93.7373 -46.6608 90
v -94 -46.8038 90
v -94.2553 -46.9598 90
v -94.5025 -47.1284 90
v -94.7409 -47.309 90
v -94.9701 -47.5013 90
v -95.1894 -47.7048 90
v -95.3983 -47.919 90
v -95.5963 -48.1433 90
v -95.7828 -48.3772 90
v -95.9574 -48.6201 90
v -96.1197 -48.8714 90
v -96.2693 -49.1305 90
v -96.4058 -49.3967 90
v -96.5289 -49.6694 90
v -96.6382 -49.9479 90
v -96.7334 -50.2315 90
v -96.8145 -50.5195 90
v -96.881 -50.8111 90
v -96.933 -51.1057 90
v -96.9702 -51.4026 90
v -96.9925 -51.7009 90
v -97 -52 90
v -96.9925 -52.2991 90
v -96.9702 -52.5974 90
v -96.933 -52.8943 90
v -96.881 -53.1889 90
v -96.8145 -53.4805 90
v -96.7334 -53.7685 90
v -96.6382 -54.0521 90
v -96.5289 -54.3306 90
v -96.4058 -54.6033 90
v -96.2693 -54.8695 90
v -96.1197 -55.1286 90
v -95.9574 -55.3799 90
v -95.7828 -55.6228 90
v -95.5963 -55.8567 90
v -95.3983 -56.081 90
v -95.1894 -56.2952 90
v -94.9701 -56.4987 90
v -94.7409 -56.691 90
v -94.5025 -56.8716 90
v -94.2553 -57.0402 90
v -94 -57.1962 90
v -93.7373 -57.3392 90
v -93.4677 -57.469 90
v -93.192 -57.5852 90
v -92.9109 -57.6876 90
v -92.625 -57.7757 90
v -92.3351 -57.8496 90
v -92.0419 -57.9088 90
v -91.7461 -57.9534 90
v -91.4484 -57.9832 90
v -91.1496 -57.9981 90
v -90.8504 -57.9981 90
v -90.5516 -57.9832 90
v -90.2539 -57.9534 90
v -89.9581 -57.9088 90
v -89.6649 -57.8496 90
v -89.375 -57.7757 90
v -89.0891 -57.6876 90
v -88.808 -57.5852 90
v -88.5323 -57.469 90
v -88.2627 -57.3392 90
v -88 -57.1962 90
v -87.7447 -57.0402 90
v -87.4975 -56.8716 90
v -87.2591 -56.691 90
v -87.0299 -56.4987 90
v -86.8106 -56.2952 90
v -86.6017 -56.081 90
v -86.4037 -55.8567 90
v -86.2172 -55.6228 90
v -86.0426 -55.3799 90
v -85.8803 -55.1286 90
v -85.7307 -54.8695 90
v -85.5942 -54.6033 90
v -85.4711 -54.3306 90
v -85.3618 -54.0521 90
v -85.2666 -53.7685 90
v -85.1855 -53.4805 90
v -85.119 -53.1889 90
v -85.067 -52.8943 90
v -85.0298 -52.5974 90
v -85.0075 -52.2991 90
v -85 -52 90
v -13 -52 220
v -13.0075 -51.7009 220
v -13.0298 -51.4026 220
v -13.067 -51.1057 220
v -13.119 -50.8111 220
v -13.1855 -50.5195 220
v -13.2666 -50.2315 220
v -13.3618 -49.9479 220
v -13.4711 -49.6694 220
v -13.5942 -49.3967 220
v -13.7307 -49.1305 220
v -13.8803 -48.8714 220
v -14.0426 -48.6201 220
v -14.2172 -48.3772 220
v -14.4037 -48.1433 220
v -14.6017 -47.919 220
v -14.8106 -47.7048 220
v -15.0299 -47.5013 220
v -15.2591 -47.309 220
v -15.4975 -47.1284 220
v -15.7447 -46.9598 220
v -16 -46.8038 220
v -16.2627 -46.6608 220
v -16.5323 -46.531 220
v -16.808 -46.4148 220
v -17.0891 -46.3124 220
v -17.375 -46.2243 220
v -17.6649 -46.1504 220
v -17.9581 -46.0912 220
v -18.2539 -46.0466 220
v -18.5516 -46.0168 220
v -18.8504 -46.0019 220
v -19.1496 -46.0019 220
v -19.4484 -46.0168 220
v -19.7461 -46.0466 220
v -20.0419 -46.0912 220
v -20.3351 -46.1504 220
v -20.625 -46.2243 220
v -20.9109 -46.3124 220
v -21.192 -46.4148 220
v -21.4677 -46.531 220
v -21.7373 -46.6608 220
v -22 -46.8038 220
v -22.2553 -46.9598 220
v -22.5025 -47.1284 220
v -22.7409 -47.309 220
v -22.9701 -47.5013 220
v -23.1894 -47.7048 220
v -23.3983 -47.919 220
v -23.5963 -48.1433 220
v -23.7828 -48.3772 220
v -23.9574 -48.6201 220
v -24.1197 -48.8714 220
v -24.2693 -49.1305 220
v -24.4058 -49.3967 220
v -24.5289 -49.6694 220
v -24.6382 -49.9479 220
v -24.7334 -50.2315 220
v -24.8145 -50.5195 220
v -24.881 -50.8111 220
v -24.933 -51.1057 220
v -24.9702 -51.4026 220
v -24.9925 -51.7009 220
v -25 -52 220
v -24.9925 -52.2991 220
v -24.9702 -52.5974 220
v -24.933 -52.8943 220
v -24.881 -53.1889 220
v -24.8145 -53.4805 220
v -24.7334 -53.7685 220
v -24.6382 -54.0521 220
v -24.5289 -54.3306 220
v -24.4058 -54.6033 220
v -24.2693 -54.8695 220
v -24.1197 -55.1286 220
v -23.9574 -55.3799 220
v -23.7828 -55.6228 220
v -23.5963 -55.8567 220
v -23.3983 -56.081 220
v -23.1894 -56.2952 220
v -22.9701 -56.4987 220
v -22.7409 -56.691 220
v -22.5025 -56.8716 220
v -22.2553 -57.0402 220
v -22 -57.1962 220
v -21.7373 -57.3392 220
v -21.4677 -57.469 220
v -21.192 -57.5852 220
v -20.9109 -57.6876 220
v -20.625 -57.7757 220
v -20.3351 -57.8496 220
v -20.0419 -57.9088 220
v -19.7461 -57.9534 220
v -19.4484 -57.9832 220
v -19.1496 -57.9981 220
v -18.8504 -57.9981 220
v -18.5516 -57.9832 220
v -18.2539 -57.9534 220
v -17.9581 -57.9088 220
v -17.6649 -57.8496 220
v -17.375 -57.7757 220
v -17.0891 -57.6876 220
v -16.808 -57.5852 220
v -16.5323 -57.469 220
v -16.2627 -57.3392 220
v -16 -57.1962 220
v -15.7447 -57.0402 220
v -15.4975 -56.8716 220
v -15.2591 -56.691 220
v -15.0299 -56.4987 220
v -14.8106 -56.2952 220
v -14.6017 -56.081 220
v -14.4037 -55.8567 220
v -14.2172 -55.6228 220
v -14.0426 -55.3799 220
v -13.8803 -55.1286 220
v -13.7307 -54.8695 220
v -13.5942 -54.6033 220
v -13.4711 -54.3306 220
v -13.3618 -54.0521 220
v -13.2666 -53.7685 220
v -13.1855 -53.4805 220
v -13.119 -53.1889 220
v -13.067 -52.8943 220
v -13.0298 -52.5974 220
v -13.0075 -52.2991 220
v -13 -52 220
v -13 -52 90
v -13.0075 -51.7009 90
v -13.0298 -51.4026 90
v -13.067 -51.1057 90
v -13.119 -50.8111 90
v -13.1855 -50.5195 90
v -13.2666 -50.2315 90
v -13.3618 -49.9479 90
v -13.4711 -49.6694 90
v -13.5942 -49.3967 90
v -13.7307 -49.1305 90
v -13.8803 -48.8714 90
v -14.0426 -48.6201 90
v -14.2172 -48.3772 90
v -14.4037 -48.1433 90
v -14.6017 -47.919 90
v -14.8106 -47.7048 90
v -15.0299 -47.5013 90
v -15.2591 -47.309 90
v -15.4975 -47.1284 90
v -15.7447 -46.9598 90
v -16 -46.8038 90
v -16.2627 -46.6608 90
v -16.5323 -46.531 90
v -16.808 -46.4148 90
v -17.0891 -46.3124 90
v -17.375 -46.2243 90
v -17.6649 -46.1504 90
v -17.9581 -46.0912 90
v -18.2539 -46.0466 90
v -18.5516 -46.0168 90
v -18.8504 -46.0019 90
v -19.1496 -46.0019 90
v -19.4484 -46.0168 90
v -19.7461 -46.0466 90
v -20.0419 -46.0912 90
v -20.3351 -46.1504 90
v -20.625 -46.2243 90
v -20.9109 -46.3124 90
v -21.192 -46.4148 90
v -21.4677 -46.531 90
v -21.7373 -46.6608 90
v -22 -46.8038 90
v -22.2553 -46.9598 90
v -22.5025 -47.1284 90
v -22.7409 -47.309 90
v -22.9701 -47.5013 90
v -23.1894 -47.7048 90
v -23.3983 -47.919 90
v -23.5963 -48.1433 90
v -23.7828 -48.3772 90
v -23.9574 -48.6201 90
v -24.1197 -48.8714 90
v -24.2693 -49.1305 90
v -24.4058 -49.3967 90
v -24.5289 -49.6694 90
v -24.6382 -49.9479 90
v -24.7334 -50.2315 90
v -24.8145 -50.5195 90
v -24.881 -50.8111 90
v -24.933 -51.1057 90
v -24.9702 -51.4026 90
v -24.9925 -51.7009 90
v -25 -52 90
v -24.9925 -52.2991 90
v -24.9702 -52.5974 90
v -24.933 -52.8943 90
v -24.881 -53.1889 90
v -24.8145 -53.4805 90
v -24.7334 -53.7685 90
v -24.6382 -54.0521 90
v -24.5289 -54.3306 90
v -24.4058 -54.6033 90
v -24.2693 -54.8695 90
v -24.1197 -55.1286 90
v -23.9574 -55.3799 90
v -23.7828 -55.6228 90
v -23.5963 -55.8567 90
v -23.3983 -56.081 90
v -23.1894 -56.2952 90
v -22.9701 -56.4987 90
v -22.7409 -56.691 90
v -22.5025 -56.8716 90
v -22.2553 -57.0402 90
v -22 -57.1962 90
v -21.7373 -57.3392 90
v -21.4677 -57.469 90
v -21.192 -57.5852 90
v -20.9109 -57.6876 90
v -20.625 -57.7757 90
v -20.3351 -57.8496 90
v -20.0419 -57.9088 90
v -19.7461 -57.9534 90
v -19.4484 -57.9832 90
v -19.1496 -57.9981 90
v -18.8504 -57.9981 90
v -18.5516 -57.9832 90
v -18.2539 -57.9534 90
v -17.9581 -57.9088 90
v -17.6649 -57.8496 90
v -17.375 -57.7757 90
v -17.0891 -57.6876 90
v -16.808 -57.5852 90
v -16.5323 -57.469 90
v -16.2627 -57.3392 90
v -16 -57.1962 90
v -15.7447 -57.0402 90
v -15.4975 -56.8716 90
v -15.2591 -56.691 90
v -15.0299 -56.4987 90
v -14.8106 -56.2952 90
v -14.6017 -56.081 90
v -14.4037 -55.8567 90
v -14.2172 -55.6228 90
v -14.0426 -55.3799 90
v -13.8803 -55.1286 90
v -13.7307 -54.8695 90
v -13.5942 -54.6033 90
v -13.4711 -54.3306 90
v -13.3618 -54.0521 90
v -13.2666 -53.7685 90
v -13.1855 -53.4805 90
v -13.119 -53.1889 90
v -13.067 -52.8943 90
v -13.0298 -52.5974 90
v -13.0075 -52.2991 90
v -13 -52 90
v 25 -52 220
v 24.9925 -51.7009 220
v 24.9702 -51.4026 220
v 24.933 -51.1057 220
v 24.881 -50.8111 220
v 24.8145 -50.5195 220
v 24.7334 -50.2315 220
v 24.6382 -49.9479 220
v 24.5289 -49.6694 220
v 24.4058 -49.3967 220
v 24.2693 -49.1305 220
v 24.1197 -48.8714 220
v 23.9574 -48.6201 220
v 23.7828 -48.3772 220
v 23.5963 -48.1433 220
v 23.3983 -47.919 220
v 23.1894 -47.7048 220
v 22.9701 -47.5013 220
v 22.7409 -47.309 220
v 22.5025 -47.1284 220
v 22.2553 -46.9598 220
v 22 -46.8038 220
v 21.7373 -46.6608 220
v 21.4677 -46.531 220
v 21.192 -46.4148 220
v 20.9109 -46.3124 220
v 20.625 -46.2243 220
v 20.3351 -46.1504 220
v 20.0419 -46.0912 220
v 19.7461 -46.0466 220
v 19.4484 -46.0168 220
v 19.1496 -46.0019 220
v 18.8504 -46.0019 220
v 18.5516 -46.0168 220
v 18.2539 -46.0466 220
v 17.9581 -46.0912 220
v 17.6649 -46.1504 220
v 17.375 -46.2243 220
v 17.0891 -46.3124 220
v 16.808 -46.4148 220
v 16.5323 -46.531 220
v 16.2627 -46.6608 220
v 16 -46.8038 220
v 15.7447 -46.9598 220
v 15.4975 -47.1284 220
v 15.2591 -47.309 220
v 15.0299 -47.5013 220
v 14.8106 -47.7048 220
v 14.6017 -47.919 220
v 14.4037 -48.1433 220
v 14.2172 -48.3772 220
v 14.0426 -48.6201 220
v 13.8803 -48.8714 220
v 13.7307 -49.1305 220
v 13.5942 -49.3967 220
v 13.4711 -49.6694 220
v 13.3618 -49.9479 220
v 13.2666 -50.2315 220
v 13.1855 -50.5195 220
v 13.119 -50.8111 220
v 13.067 -51.1057 220
v 13.0298 -51.4026 220
v 13.0075 -51.7009 220
v 13 -52 220
v 13.0075 -52.2991 220
v 13.0298 -52.5974 220
v 13.067 -52.8943 220
v 13.119 -53.1889 220
v 13.1855 -53.4805 220
v 13.2666 -53.7685 220
v 13.3618 -54.0521 220
v 13.4711 -54.3306 220
v 13.5942 -54.6033 220
v 13.7307 -54.8695 220
v 13.8803 -55.1286 220
v 14.0426 -55.3799 220
v 14.2172 -55.6228 220
v 14.4037 -55.8567 220
v 14.6017 -56.081 220
v 14.8106 -56.2952 220
v 15.0299 -56.4987 220
v 15.2591 -56.691 220
v 15.4975 -56.8716 220
v 15.7447 -57.0402 220
v 16 -57.1962 220
v 16.2627 -57.3392 220
v 16.5323 -57.469 220
v 16.808 -57.5852 220
v 17.0891 -57.6876 220
v 17.375 -57.7757 220
v 17.6649 -57.8496 220
v 17.9581 -57.9088 220
v 18.2539 -57.9534 220
v 18.5516 -57.9832 220
v 18.8504 -57.9981 220
v 19.1496 -57.9981 220
v 19.4484 -57.9832 220
v 19.7461 -57.9534 220
v 20.0419 -57.9088 220
v 20.3351 -57.8496 220
v 20.625 -57.7757 220
v 20.9109 -57.6876 220
v 21.192 -57.5852 220
v 21.4677 -57.469 220
v 21.7373 -57.3392 220
v 22 -57.1962 220
v 22.2553 -57.0402 220
v 22.5025 -56.8716 220
v 22.7409 -56.691 220
v 22.9701 -56.4987 220
v 23.1894 -56.2952 220
v 23.3983 -56.081 220
v 23.5963 -55.8567 220
v 23.7828 -55.6228 220
v 23.9574 -55.3799 220
v 24.1197 -55.1286 220
v 24.2693 -54.8695 220
v 24.4058 -54.6033 220
v 24.5289 -54.3306 220
v 24.6382 -54.0521 220
v 24.7334 -53.7685 220
v 24.8145 -53.4805 220
v 24.881 -53.1889 220
v 24.933 -52.8943 220
v 24.9702 -52.5974 220
v 24.9925 -52.2991 220
v 25 -52 220
v 25 -52 90
v 24.9925 -51.7009 90
v 24.9702 -51.4026 90
v 24.933 -51.1057 90
v 24.881 -50.8111 90
v 24.8145 -50.5195 90
v 24.7334 -50.2315 90
v 24.6382 -49.9479 90
v 24.5289 -49.6694 90
v 24.4058 -49.3967 90
v 24.2693 -49.1305 90
v 24.1197 -48.8714 90
v 23.9574 -48.6201 90
v 23.7828 -48.3772 90
v 23.5963 -48.1433 90
v 23.3983 -47.919 90
v 23.1894 -47.7048 90
v 22.9701 -47.5013 90
v 22.7409 -47.309 90
v 22.5025 -47.1284 90
v 22.2553 -46.9598 90
v 22 -46.8038 90
v 21.7373 -46.6608 90
v 21.4677 -46.531 90
v 21.192 -46.4148 90
v 20.9109 -46.3124 90
v 20.625 -46.2243 90
v 20.3351 -46.1504 90
v 20.0419 -46.0912 90
v 19.7461 -46.0466 90
v 19.4484 -46.0168 90
v 19.1496 -46.0019 90
v 18.8504 -46.0019 90
v 18.5516 -46.0168 90
v 18.2539 -46.0466 90
v 17.9581 -46.0912 90
v 17.6649 -46.1504 90
v 17.375 -46.2243 90
v 17.0891 -46.3124 90
v 16.808 -46.4148 90
v 16.5323 -46.531 90
v 16.2627 -46.6608 90
v 16 -46.8038 90
v 15.7447 -46.9598 90
v 15.4975 -47.1284 90
v 15.2591 -47.309 90
v 15.0299 -47.5013 90
v 14.8106 -47.7048 90
v 14.6017 -47.919 90
v 14.4037 -48.1433 90
v 14.2172 -48.3772 90
v 14.0426 -48.6201 90
v 13.8803 -48.8714 90
v 13.7307 -49.1305 90
v 13.5942 -49.3967 90
v 13.4711 -49.6694 90
v 13.3618 -49.9479 90
v 13.2666 -50.2315 90
v 13.1855 -50.5195 90
v 13.119 -50.8111 90
v 13.067 -51.1057 90
v 13.0298 -51.4026 90
v 13.0075 -51.7009 90
v 13 -52 90
v 13.0075 -52.2991 90
v 13.0298 -52.5974 90
v 13.067 -52.8943 90
v 13.119 -53.1889 90
v 13.1855 -53.4805 90
v 13.2666 -53.7685 90
v 13.3618 -54.0521 90
v 13.4711 -54.3306 90
v 13.5942 -54.6033 90
v 13.7307 -54.8695 90
v 13.8803 -55.1286 90
v 14.0426 -55.3799 90
v 14.2172 -55.6228 90
v 14.4037 -55.8567 90
v 14.6017 -56.081 90
v 14.8106 -56.2952 90
v 15.0299 -56.4987 90
v 15.2591 -56.691 90
v 15.4975 -56.8716 90
v 15.7447 -57.0402 90
v 16 -57.1962 90
v 16.2627 -57.3392 90
v 16.5323 -57.469 90
v 16.808 -57.5852 90
v 17.0891 -57.6876 90
v 17.375 -57.7757 90
v 17.6649 -57.8496 90
v 17.9581 -57.9088 90
v 18.2539 -57.9534 90
v 18.5516 -57.9832 90
v 18.8504 -57.9981 90
v 19.1496 -57.9981 90
v 19.4484 -57.9832 90
v 19.7461 -57.9534 90
v 20.0419 -57.9088 90
v 20.3351 -57.8496 90
v 20.625 -57.7757 90
v 20.9109 -57.6876 90
v 21.192 -57.5852 90
v 21.4677 -57.469 90
v 21.7373 -57.3392 90
v 22 -57.1962 90
v 22.2553 -57.0402 90
v 22.5025 -56.8716 90
v 22.7409 -56.691 90
v 22.9701 -56.4987 90
v 23.1894 -56.2952 90
v 23.3983 -56.081 90
v 23.5963 -55.8567 90
v 23.7828 -55.6228 90
v 23.9574 -55.3799 90
v 24.1197 -55.1286 90
v 24.2693 -54.8695 90
v 24.4058 -54.6033 90
v 24.5289 -54.3306 90
v 24.6382 -54.0521 90
v 24.7334 -53.7685 90
v 24.8145 -53.4805 90
v 24.881 -53.1889 90
v 24.933 -52.8943 90
v 24.9702 -52.5974 90
v 24.9925 -52.2991 90
v 25 -52 90
v 97 -52 220
v 96.9925 -51.7009 220
v 96.9702 -51.4026 220
v 96.933 -51.1057 220
v 96.881 -50.8111 220
v 96.8145 -50.5195 220
v 96.7334 -50.2315 220
v 96.6382 -49.9479 220
v 96.5289 -49.6694 220
v 96.4058 -49.3967 220
v 96.2693 -49.1305 220
v 96.1197 -48.8714 220
v 95.9574 -48.6201 220
v 95.7828 -48.3772 220
v 95.5963 -48.1433 220
v 95.3983 -47.919 220
v 95.1894 -47.7048 220
v 94.9701 -47.5013 220
v 94.7409 -47.309 220
v 94.5025 -47.1284 220
v 94.2553 -46.9598 220
v 94 -46.8038 220
v 93.7373 -46.6608 220
v 93.4677 -46.531 220
v 93.192 -46.4148 220
v 92.9109 -46.3124 220
v 92.625 -46.2243 220
v 92.3351 -46.1504 220
v 92.0419 -46.0912 220
v 91.7461 -46.0466 220
v 91.4484 -46.0168 220
v 91.1496 -46.0019 220
v 90.8504 -46.0019 220
v 90.5516 -46.0168 220
v 90.2539 -46.0466 220
v 89.9581 -46.0912 220
v 89.6649 -46.1504 220
v 89.375 -46.2243 220
v 89.0891 -46.3124 220
v 88.808 -46.4148 220
v 88.5323 -46.531 220
v 88.2627 -46.6608 220
v 88 -46.8038 220
v 87.7447 -46.9598 220
v 87.4975 -47.1284 220
v 87.2591 -47.309 220
v 87.0299 -47.5013 220
v 86.8106 -47.7048 220
v 86.6017 -47.919 220
v 86.4037 -48.1433 220
v 86.2172 -48.3772 220
v 86.0426 -48.6201 220
v 85.8803 -48.8714 220
v 85.7307 -49.1305 220
v 85.5942 -49.3967 220
v 85.4711 -49.6694 220
v 85.3618 -49.9479 220
v 85.2666 -50.2315 220
v 85.1855 -50.5195 220
v 85.119 -50.8111 220
v 85.067 -51.1057 220
v 85.0298 -51.4026 220
v 85.0075 -51.7009 220
v 85 -52 220
v 85.0075 -52.2991 220
v 85.0298 -52.5974 220
v 85.067 -52.8943 220
v 85.119 -53.1889 220
v 85.1855 -53.4805 220
v 85.2666 -53.7685 220
v 85.3618 -54.0521 220
v 85.4711 -54.3306 220
v 85.5942 -54.6033 220
v 85.7307 -54.8695 220
v 85.8803 -55.1286 220
v 86.0426 -55.3799 220
v 86.2172 -55.6228 220
v 86.4037 -55.8567 220
v 86.6017 -56.081 220
v 86.8106 -56.2952 220
v 87.0299 -56.4987 220
v 87.2591 -56.691 220
v 87.4975 -56.8716 220
v 87.7447 -57.0402 220
v 88 -57.1962 220
v 88.2627 -57.3392 220
v 88.5323 -57.469 220
v 88.808 -57.5852 220
v 89.0891 -57.6876 220
v 89.375 -57.7757 220
v 89.6649 -57.8496 220
v 89.9581 -57.9088 220
v 90.2539 -57.9534 220
v 90.5516 -57.9832 220
v 90.8504 -57.9981 220
v 91.1496 -57.9981 220
v 91.4484 -57.9832 220
v 91.7461 -57.9534 220
v 92.0419 -57.9088 220
v 92.3351 -57.8496 220
v 92.625 -57.7757 220
v 92.9109 -57.6876 220
v 93.192 -57.5852 220
v 93.4677 -57.469 220
v 93.7373 -57.3392 220
v 94 -57.1962 220
v 94.2553 -57.0402 220
v 94.5025 -56.8716 220
v 94.7409 -56.691 220
v 94.9701 -56.4987 220
v 95.1894 -56.2952 220
v 95.3983 -56.081 220
v 95.5963 -55.8567 220
v 95.7828 -55.6228 220
v 95.9574 -55.3799 220
v 96.1197 -55.1286 220
v 96.2693 -54.8695 220
v 96.4058 -54.6033 220
v 96.5289 -54.3306 220
v 96.6382 -54.0521 220
v 96.7334 -53.7685 220
v 96.8145 -53.4805 220
v 96.881 -53.1889 220
v 96.933 -52.8943 220
v 96.9702 -52.5974 220
v 96.9925 -52.2991 220
v 97 -52 220
v 97 -52 90
v 96.9925 -51.7009 90
v 96.9702 -51.4026 90
v 96.933 -51.1057 90
v 96.881 -50.8111 90
v 96.8145 -50.5195 90
v 96.7334 -50.2315 90
v 96.6382 -49.9479 90
v 96.5289 -49.6694 90
v 96.4058 -49.3967 90
v 96.2693 -49.1305 90
v 96.1197 -48.8714 90
v 95.9574 -48.6201 90
v 95.7828 -48.3772 90
v 95.5963 -48.1433 90
v 95.3983 -47.919 90
v 95.1894 -47.7048 90
v 94.9701 -47.5013 90
v 94.7409 -47.309 90
v 94.5025 -47.1284 90
v 94.2553 -46.9598 90
v 94 -46.8038 90
v 93.7373 -46.6608 90
v 93.4677 -46.531 90
v 93.192 -46.4148 90
v 92.9109 -46.3124 90
v 92.625 -46.2243 90
v 92.3351 -46.1504 90
v 92.0419 -46.0912 90
v 91.7461 -46.0466 90
v 91.4484 -46.0168 90
v 91.1496 -46.0019 90
v 90.8504 -46.0019 90
v 90.5516 -46.0168 90
v 90.2539 -46.0466 90
v 89.9581 -46.0912 90
v 89.6649 -46.1504 90
v 89.375 -46.2243 90
v 89.0891 -46.3124 90
v 88.808 -46.4148 90
v 88.5323 -46.531 90
v 88.2627 -46.6608 90
v 88 -46.8038 90
v 87.7447 -46.9598 90
v 87.4975 -47.1284 90
v 87.2591 -47.309 90
v 87.0299 -47.5013 90
v 86.8106 -47.7048 90
v 86.6017 -47.919 90
v 86.4037 -48.1433 90
v 86.2172 -48.3772 90
v 86.0426 -48.6201 90
v 85.8803 -48.8714 90
v 85.7307 -49.1305 90
v 85.5942 -49.3967 90
v 85.4711 -49.6694 90
v 85.3618 -49.9479 90
v 85.2666 -50.2315 90
v 85.1855 -50.5195 90
v 85.119 -50.8111 90
v 85.067 -51.1057 90
v 85.0298 -51.4026 90
v 85.0075 -51.7009 90
v 85 -52 90
v 85.0075 -52.2991 90
v 85.0298 -52.5974 90
v 85.067 -52.8943 90
v 85.119 -53.1889 90
v 85.1855 -53.4805 90
v 85.2666 -53.7685 90
v 85.3618 -54.0521 90
v 85.4711 -54.3306 90
v 85.5942 -54.6033 90
v 85.7307 -54.8695 90
v 85.8803 -55.1286 90
v 86.0426 -55.3799 90
v 86.2172 -55.6228 90
v 86.4037 -55.8567 90
v 86.6017 -56.081 90
v 86.8106 -56.2952 90
v 87.0299 -56.4987 90
v 87.2591 -56.691 90
v 87.4975 -56.8716 90
v 87.7447 -57.0402 90
v 88 -57.1962 90
v 88.2627 -57.3392 90
v 88.5323 -57.469 90
v 88.808 -57.5852 90
v 89.0891 -57.6876 90
v 89.375 -57.7757 90
v 89.6649 -57.8496 90
v 89.9581 -57.9088 90
v 90.2539 -57.9534 90
v 90.5516 -57.9832 90
v 90.8504 -57.9981 90
v 91.1496 -57.9981 90
v 91.4484 -57.9832 90
v 91.7461 -57.9534 90
v 92.0419 -57.9088 90
v 92.3351 -57.8496 90
v 92.625 -57.7757 90
v 92.9109 -57.6876 90
v 93.192 -57.5852 90
v 93.4677 -57.469 90
v 93.7373 -57.3392 90
v 94 -57.1962 90
v 94.2553 -57.0402 90
v 94.5025 -56.8716 90
v 94.7409 -56.691 90
v 94.9701 -56.4987 90
v 95.1894 -56.2952 90
v 95.3983 -56.081 90
v 95.5963 -55.8567 90
v 95.7828 -55.6228 90
v 95.9574 -55.3799 90
v 96.1197 -55.1286 90
v 96.2693 -54.8695 90
v 96.4058 -54.6033 90
v 96.5289 -54.3306 90
v 96.6382 -54.0521 90
v 96.7334 -53.7685 90
v 96.8145 -53.4805 90
v 96.881 -53.1889 90
v 96.933 -52.8943 90
v 96.9702 -52.5974 90
v 96.9925 -52.2991 90
v 97 -52 90
v -12 -1.0532e-14 220
v -12.0535 2.14337 220
v -12.2137 4.28142 220
v -12.4803 6.40882 220
v -12.8526 8.52028 220
v -13.3297 10.6106 220
v -13.9104 12.6745 220
v -14.5932 14.7069 220
v -15.3765 16.7027 220
v -16.2583 18.657 220
v -17.2365 20.5649 220
v -18.3085 22.4217 220
v -19.4717 24.2228 220
v -20.7233 25.9636 220
v -22.0601 27.6399 220
v -23.4788 29.2474 220
v -24.9758 30.7823 220
v -26.5475 32.2406 220
v -28.1899 33.6188 220
v -29.899 34.9133 220
v -31.6705 36.1211 220
v -33.5 37.2391 220
v -35.3829 38.2645 220
v -37.3147 39.1948 220
v -39.2903 40.0276 220
v -41.3051 40.7609 220
v -43.3539 41.3928 220
v -45.4316 41.9219 220
v -47.5331 42.3467 220
v -49.6532 42.6663 220
v -51.7866 42.8798 220
v -53.928 42.9866 220
v -56.072 42.9866 220
v -58.2134 42.8798 220
v -60.3468 42.6663 220
v -62.4669 42.3467 220
v -64.5684 41.9219 220
v -66.6461 41.3928 220
v -68.6949 40.7609 220
v -70.7097 40.0276 220
v -72.6853 39.1948 220
v -74.6171 38.2645 220
v -76.5 37.2391 220
v -78.3295 36.1211 220
v -80.101 34.9133 220
v -81.8101 33.6188 220
v -83.4525 32.2406 220
v -85.0242 30.7823 220
v -86.5212 29.2474 220
v -87.9399 27.6399 220
v -89.2767 25.9636 220
v -90.5283 24.2228 220
v -91.6915 22.4217 220
v -92.7635 20.5649 220
v -93.7417 18.657 220
v -94.6235 16.7027 220
v -95.4068 14.7069 220
v -96.0896 12.6745 220
v -96.6703 10.6106 220
v -97.1474 8.52028 220
v -97.5197 6.40882 220
v -97.7863 4.28142 220
v -97.9465 2.14337 220
v -98 -1.47501e-13 220
v -97.9465 -2.14337 220
v -97.7863 -4.28142 220
v -97.5197 -6.40882 220
v -97.1474 -8.52028 220
v -96.6703 -10.6106 220
v -96.0896 -12.6745 220
v -95.4068 -14.7069 220
v -94.6235 -16.7027 220
v -93.7417 -18.657 220
v -92.7635 -20.5649 220
v -91.6915 -22.4217 220
v -90.5283 -24.2228 220
v -89.2767 -25.9636 220
v -87.9399 -27.6399 220
v -86.5212 -29.2474 220
v -85.0242 -30.7823 220
v -83.4525 -32.2406 220
v -81.8101 -33.6188 220
v -80.101 -34.9133 220
v -78.3295 -36.1211 220
v -76.5 -37.2391 220
v -74.6171 -38.2645 220
v -72.6853 -39.1948 220
v -70.7097 -40.0276 220
v -68.6949 -40.7609 220
v -66.6461 -41.3928 220
v -64.5684 -41.9219 220
v -62.4669 -42.3467 220
v -60.3468 -42.6663 220
v -58.2134 -42.8798 220
v -56.072 -42.9866 220
v -53.928 -42.9866 220
v -51.7866 -42.8798 220
v -49.6532 -42.6663 220
v -47.5331 -42.3467 220
v -45.4316 -41.9219 220
v -43.3539 -41.3928 220
v -41.3051 -40.7609 220
v -39.2903 -40.0276 220
v -37.3147 -39.1948 220
v -35.3829 -38.2645 220
v -33.5 -37.2391 220
v -31.6705 -36.1211 220
v -29.899 -34.9133 220
v -28.1899 -33.6188 220
v -26.5475 -32.2406 220
v -24.9758 -30.7823 220
v -23.4788 -29.2474 220
v -22.0601 -27.6399 220
v -20.7233 -25.9636 220
v -19.4717 -24.2228 220
v -18.3085 -22.4217 220
v -17.2365 -20.5649 220
v -16.2583 -18.657 220
v -15.3765 -16.7027 220
v -14.5932 -14.7069 220
v -13.9104 -12.6745 220
v -13.3297 -10.6106 220
v -12.8526 -8.52028 220
v -12.4803 -6.40882 220
v -12.2137 -4.28142 220
v -12.0535 -2.14337 220
v -12 -1.0532e-14 220
v -12 -1.0532e-14 90
v -12.0535 2.14337 90
v -12.2137 4.28142 90
v -12.4803 6.40882 90
v -12.8526 8.52028 90
v -13.3297 10.6106 90
v -13.9104 12.6745 90
v -14.5932 14.7069 90
v -15.3765 16.7027 90
v -16.2583 18.657 90
v -17.2365 20.5649 90
v -18.3085 22.4217 90
v -19.4717 24.2228 90
v -20.7233 25.9636 90
v -22.0601 27.6399 90
v -23.4788 29.2474 90
v -24.9758 30.7823 90
v -26.5475 32.2406 90
v -28.1899 33.6188 90
v -29.899 34.9133 90
v -31.6705 36.1211 90
v -33.5 37.2391 90
v -35.3829 38.2645 90
v -37.3147 39.1948 90
v -39.2903 40.0276 90
v -41.3051 40.7609 90
v -43.3539 41.3928 90
v -45.4316 41.9219 90
v -47.5331 42.3467 90
v -49.6532 42.6663 90
v -51.7866 42.8798 90
v -53.928 42.9866 90
v -56.072 42.9866 90
v -58.2134 42.8798 90
v -60.3468 42.6663 90
v -62.4669 42.3467 90
v -64.5684 41.9219 90
v -66.6461 41.3928 90
v -68.6949 40.7609 90
v -70.7097 40.0276 90
v -72.6853 39.1948 90
v -74.6171 38.2645 90
v -76.5 37.2391 90
v -78.3295 36.1211 90
v -80.101 34.9133 90
v -81.8101 33.6188 90
v -83.4525 32.2406 90
v -85.0242 30.7823 90
v -86.5212 29.2474 90
v -87.9399 27.6399 90
v -89.2767 25.9636 90
v -90.5283 24.2228 90
v -91.6915 22.4217 90
v -92.7635 20.5649 90
v -93.7417 18.657 90
v -94.6235 16.7027 90
v -95.4068 14.7069 90
v -96.0896 12.6745 90
v -96.6703 10.6106 90
v -97.1474 8.52028 90
v -97.5197 6.40882 90
v -97.7863 4.28142 90
v -97.9465 2.14337 90
v -98 -1.47501e-13 90
v -97.9465 -2.14337 90
v -97.7863 -4.28142 90
v -97.5197 -6.40882 90
v -97.1474 -8.52028 90
v -96.6703 -10.6106 90
v -96.0896 -12.6745 90
v -95.4068 -14.7069 90
v -94.6235 -16.7027 90
v -93.7417 -18.657 90
v -92.7635 -20.5649 90
v -91.6915 -22.4217 90
v -90.5283 -24.2228 90
v -89.2767 -25.9636 90
v -87.9399 -27.6399 90
v -86.5212 -29.2474 90
v -85.0242 -30.7823 90
v -83.4525 -32.2406 90
v -81.8101 -33.6188 90
v -80.101 -34.9133 90
v -78.3295 -36.1211 90
v -76.5 -37.2391 90
v -74.6171 -38.2645 90
v -72.6853 -39.1948 90
v -70.7097 -40.0276 90
v -68.6949 -40.7609 90
v -66.6461 -41.3928 90
v -64.5684 -41.9219 90
v -62.4669 -42.3467 90
v -60.3468 -42.6663 90
v -58.2134 -42.8798 90
v -56.072 -42.9866 90
v -53.928 -42.9866 90
v -51.7866 -42.8798 90
v -49.6532 -42.6663 90
v -47.5331 -42.3467 90
v -45.4316 -41.9219 90
v -43.3539 -41.3928 90
v -41.3051 -40.7609 90
v -39.2903 -40.0276 90
v -37.3147 -39.1948 90
v -35.3829 -38.2645 90
v -33.5 -37.2391 90
v -31.6705 -36.1211 90
v -29.899 -34.9133 90
v -28.1899 -33.6188 90
v -26.5475 -32.2406 90
v -24.9758 -30.7823 90
v -23.4788 -29.2474 90
v -22.0601 -27.6399 90
v -20.7233 -25.9636 90
v -19.4717 -24.2228 90
v -18.3085 -22.4217 90
v -17.2365 -20.5649 90
v -16.2583 -18.657 90
v -15.3765 -16.7027 90
v -14.5932 -14.7069 90
v -13.9104 -12.6745 90
v -13.3297 -10.6106 90
v -12.8526 -8.52028 90
v -12.4803 -6.40882 90
v -12.2137 -4.28142 90
v -12.0535 -2.14337 90
v -12 -1.0532e-14 90
v -85 52 220
v -85.0075 52.2991 220
v -85.0298 52.5974 220
v -85.067 52.8943 220
v -85.119 53.1889 220
v -85.1855 53.4805 220
v -85.2666 53.7685 220
v -85.3618 54.0521 220
v -85.4711 54.3306 220
v -85.5942 54.6033 220
v -85.7307 54.8695 220
v -85.8803 55.1286 220
v -86.0426 55.3799 220
v -86.2172 55.6228 220
v -86.4037 55.8567 220
v -86.6017 56.081 220
v -86.8106 56.2952 220
v -87.0299 56.4987 220
v -87.2591 56.691 220
v -87.4975 56.8716 220
v -87.7447 57.0402 220
v -88 57.1962 220
v -88.2627 57.3392 220
v -88.5323 57.469 220
v -88.808 57.5852 220
v -89.0891 57.6876 220
v -89.375 57.7757 220
v -89.6649 57.8496 220
v -89.9581 57.9088 220
v -90.2539 57.9534 220
v -90.5516 57.9832 220
v -90.8504 57.9981 220
v -91.1496 57.9981 220
v -91.4484 57.9832 220
v -91.7461 57.9534 220
v -92.0419 57.9088 220
v -92.3351 57.8496 220
v -92.625 57.7757 220
v -92.9109 57.6876 220
v -93.192 57.5852 220
v -93.4677 57.469 220
v -93.7373 57.3392 220
v -94 57.1962 220
v -94.2553 57.0402 220
v -94.5025 56.8716 220
v -94.7409 56.691 220
v -94.9701 56.4987 220
v -95.1894 56.2952 220
v -95.3983 56.081 220
v -95.5963 55.8567 220
v -95.7828 55.6228 220
v -95.9574 55.3799 220
v -96.1197 55.1286 220
v -96.2693 54.8695 220
v -96.4058 54.6033 220
v -96.5289 54.3306 220
v -96.6382 54.0521 220
v -96.7334 53.7685 220
v -96.8145 53.4805 220
v -96.881 53.1889 220
v -96.933 52.8943 220
v -96.9702 52.5974 220
v -96.9925 52.2991 220
v -97 52 220
v -96.9925 51.7009 220
v -96.9702 51.4026 220
v -96.933 51.1057 220
v -96.881 50.8111 220
v -96.8145 50.5195 220
v -96.7334 50.2315 220
v -96.6382 49.9479 220
v -96.5289 49.6694 220
v -96.4058 49.3967 220
v -96.2693 49.1305 220
v -96.1197 48.8714 220
v -95.9574 48.6201 220
v -95.7828 48.3772 220
v -95.5963 48.1433 220
v -95.3983 47.919 220
v -95.1894 47.7048 220
v -94.9701 47.5013 220
v -94.7409 47.309 220
v -94.5025 47.1284 220
v -94.2553 46.9598 220
v -94 46.8038 220
v -93.7373 46.6608 220
v -93.4677 46.531 220
v -93.192 46.4148 220
v -92.9109 46.3124 220
v -92.625 46.2243 220
v -92.3351 46.1504 220
v -92.0419 46.0912 220
v -91.7461 46.0466 220
v -91.4484 46.0168 220
v -91.1496 46.0019 220
v -90.8504 46.0019 220
v -90.5516 46.0168 220
v -90.2539 46.0466 220
v -89.9581 46.0912 220
v -89.6649 46.1504 220
v -89.375 46.2243 220
v -89.0891 46.3124 220
v -88.808 46.4148 220
v -88.5323 46.531 220
v -88.2627 46.6608 220
v -88 46.8038 220
v -87.7447 46.9598 220
v -87.4975 47.1284 220
v -87.2591 47.309 220
v -87.0299 47.5013 220
v -86.8106 47.7048 220
v -86.6017 47.919 220
v -86.4037 48.1433 220
v -86.2172 48.3772 220
v -86.0426 48.6201 220
v -85.8803 48.8714 220
v -85.7307 49.1305 220
v -85.5942 49.3967 220
v -85.4711 49.6694 220
v -85.3618 49.9479 220
v -85.2666 50.2315 220
v -85.1855 50.5195 220
v -85.119 50.8111 220
v -85.067 51.1057 220
v -85.0298 51.4026 220
v -85.0075 51.7009 220
v -85 52 220
v -85 52 90
v -85.0075 52.2991 90
v -85.0298 52.5974 90
v -85.067 52.8943 90
v -85.119 53.1889 90
v -85.1855 53.4805 90
v -85.2666 53.7685 90
v -85.3618 54.0521 90
v -85.4711 54.3306 90
v -85.5942 54.6033 90
v -85.7307 54.8695 90
v -85.8803 55.1286 90
v -86.0426 55.3799 90
v -86.2172 55.6228 90
v -86.4037 55.8567 90
v -86.6017 56.081 90
v -86.8106 56.2952 90
v -87.0299 56.4987 90
v -87.2591 56.691 90
v -87.4975 56.8716 90
v -87.7447 57.0402 90
v -88 57.1962 90
v -88.2627 57.3392 90
v -88.5323 57.469 90
v -88.808 57.5852 90
v -89.0891 57.6876 90
v -89.375 57.7757 90
v -89.6649 57.8496 90
v -89.9581 57.9088 90
v -90.2539 57.9534 90
v -90.5516 57.9832 90
v -90.8504 57.9981 90
v -91.1496 57.9981 90
v -91.4484 57.9832 90
v -91.7461 57.9534 90
v -92.0419 57.9088 90
v -92.3351 57.8496 90
v -92.625 57.7757 90
v -92.9109 57.6876 90
v -93.192 57.5852 90
v -93.4677 57.469 90
v -93.7373 57.3392 90
v -94 57.1962 90
v -94.2553 57.0402 90
v -94.5025 56.8716 90
v -94.7409 56.691 90
v -94.9701 56.4987 90
v -95.1894 56.2952 90
v -95.3983 56.081 90
v -95.5963 55.8567 90
v -95.7828 55.6228 90
v -95.9574 55.3799 90
v -96.1197 55.1286 90
v -96.2693 54.8695 90
v -96.4058 54.6033 90
v -96.5289 54.3306 90
v -96.6382 54.0521 90
v -96.7334 53.7685 90
v -96.8145 53.4805 90
v -96.881 53.1889 90
v -96.933 52.8943 90
v -96.9702 52.5974 90
v -96.9925 52.2991 90
v -97 52 90
v -96.9925 51.7009 90
v -96.9702 51.4026 90
v -96.933 51.1057 90
v -96.881 50.8111 90
v -96.8145 50.5195 90
v -96.7334 50.2315 90
v -96.6382 49.9479 90
v -96.5289 49.6694 90
v -96.4058 49.3967 90
v -96.2693 49.1305 90
v -96.1197 48.8714 90
v -95.9574 48.6201 90
v -95.7828 48.3772 90
v -95.5963 48.1433 90
v -95.3983 47.919 90
v -95.1894 47.7048 90
v -94.9701 47.5013 90
v -94.7409 47.309 90
v -94.5025 47.1284 90
v -94.2553 46.9598 90
v -94 46.8038 90
v -93.7373 46.6608 90
v -93.4677 46.531 90
v -93.192 46.4148 90
v -92.9109 46.3124 90
v -92.625 46.2243 90
v -92.3351 46.1504 90
v -92.0419 46.0912 90
v -91.7461 46.0466 90
v -91.4484 46.0168 90
v -91.1496 46.0019 90
v -90.8504 46.0019 90
v -90.5516 46.0168 90
v -90.2539 46.0466 90
v -89.9581 46.0912 90
v -89.6649 46.1504 90
v -89.375 46.2243 90
v -89.0891 46.3124 90
v -88.808 46.4148 90
v -88.5323 46.531 90
v -88.2627 46.6608 90
v -88 46.8038 90
v -87.7447 46.9598 90
v -87.4975 47.1284 90
v -87.2591 47.309 90
v -87.0299 47.5013 90
v -86.8106 47.7048 90
v -86.6017 47.919 90
v -86.4037 48.1433 90
v -86.2172 48.3772 90
v -86.0426 48.6201 90
v -85.8803 48.8714 90
v -85.7307 49.1305 90
v -85.5942 49.3967 90
v -85.4711 49.6694 90
v -85.3618 49.9479 90
v -85.2666 50.2315 90
v -85.1855 50.5195 90
v -85.119 50.8111 90
v -85.067 51.1057 90
v -85.0298 51.4026 90
v -85.0075 51.7009 90
v -85 52 90
v -13 52 220
v -13.0075 52.2991 220
v -13.0298 52.5974 220
v -13.067 52.8943 220
v -13.119 53.1889 220
v -13.1855 53.4805 220
v -13.2666 53.7685 220
v -13.3618 54.0521 220
v -13.4711 54.3306 220
v -13.5942 54.6033 220
v -13.7307 54.8695 220
v -13.8803 55.1286 220
v -14.0426 55.3799 220
v -14.2172 55.6228 220
v -14.4037 55.8567 220
v -14.6017 56.081 220
v -14.8106 56.2952 220
v -15.0299 56.4987 220
v -15.2591 56.691 220
v -15.4975 56.8716 220
v -15.7447 57.0402 220
v -16 57.1962 220
v -16.2627 57.3392 220
v -16.5323 57.469 220
v -16.808 57.5852 220
v -17.0891 57.6876 220
v -17.375 57.7757 220
v -17.6649 57.8496 220
v -17.9581 57.9088 220
v -18.2539 57.9534 220
v -18.5516 57.9832 220
v -18.8504 57.9981 220
v -19.1496 57.9981 220
v -19.4484 57.9832 220
v -19.7461 57.9534 220
v -20.0419 57.9088 220
v -20.3351 57.8496 220
v -20.625 57.7757 220
v -20.9109 57.6876 220
v -21.192 57.5852 220
v -21.4677 57.469 220
v -21.7373 57.3392 220
v -22 57.1962 220
v -22.2553 57.0402 220
v -22.5025 56.8716 220
v -22.7409 56.691 220
v -22.9701 56.4987 220
v -23.1894 56.2952 220
v -23.3983 56.081 220
v -23.5963 55.8567 220
v -23.7828 55.6228 220
v -23.9574 55.3799 220
v -24.1197 55.1286 220
v -24.2693 54.8695 220
v -24.4058 54.6033 220
v -24.5289 54.3306 220
v -24.6382 54.0521 220
v -24.7334 53.7685 220
v -24.8145 53.4805 220
v -24.881 53.1889 220
v -24.933 52.8943 220
v -24.9702 52.5974 220
v -24.9925 52.2991 220
v -25 52 220
v -24.9925 51.7009 220
v -24.9702 51.4026 220
v -24.933 51.1057 220
v -24.881 50.8111 220
v -24.8145 50.5195 220
v -24.7334 50.2315 220
v -24.6382 49.9479 220
v -24.5289 49.6694 220
v -24.4058 49.3967 220
v -24.2693 49.1305 220
v -24.1197 48.8714 220
v -23.9574 48.6201 220
v -23.7828 48.3772 220
v -23.5963 48.1433 220
v -23.3983 47.919 220
v -23.1894 47.7048 220
v -22.9701 47.5013 220
v -22.7409 47.309 220
v -22.5025 47.1284 220
v -22.2553 46.9598 220
v -22 46.8038 220
v -21.7373 46.6608 220
v -21.4677 46.531 220
v -21.192 46.4148 220
v -20.9109 46.3124 220
v -20.625 46.2243 220
v -20.3351 46.1504 220
v -20.0419 46.0912 220
v -19.7461 46.0466 220
v -19.4484 46.0168 220
v -19.1496 46.0019 220
v -18.8504 46.0019 220
v -18.5516 46.0168 220
v -18.2539 46.0466 220
v -17.9581 46.0912 220
v -17.6649 46.1504 220
v -17.375 46.2243 220
v -17.0891 46.3124 220
v -16.808 46.4148 220
v -16.5323 46.531 220
v -16.2627 46.6608 220
v -16 46.8038 220
v -15.7447 46.9598 220
v -15.4975 47.1284 220
v -15.2591 47.309 220
v -15.0299 47.5013 220
v -14.8106 47.7048 220
v -14.6017 47.919 220
v -14.4037 48.1433 220
v -14.2172 48.3772 220
v -14.0426 48.6201 220
v -13.8803 48.8714 220
v -13.7307 49.1305 220
v -13.5942 49.3967 220
v -13.4711 49.6694 220
v -13.3618 49.9479 220
v -13.2666 50.2315 220
v -13.1855 50.5195 220
v -13.119 50.8111 220
v -13.067 51.1057 220
v -13.0298 51.4026 220
v -13.0075 51.7009 220
v -13 52 220
v -13 52 90
v -13.0075 52.2991 90
v -13.0298 52.5974 90
v -13.067 52.8943 90
v -13.119 53.1889 90
v -13.1855 53.4805 90
v -13.2666 53.7685 90
v -13.3618 54.0521 90
v -13.4711 54.3306 90
v -13.5942 54.6033 90
v -13.7307 54.8695 90
v -13.8803 55.1286 90
v -14.0426 55.3799 90
v -14.2172 55.6228 90
v -14.4037 55.8567 90
v -14.6017 56.081 90
v -14.8106 56.2952 90
v -15.0299 56.4987 90
v -15.2591 56.691 90
v -15.4975 56.8716 90
v -15.7447 57.0402 90
v -16 57.1962 90
v -16.2627 57.3392 90
v -16.5323 57.469 90
v -16.808 57.5852 90
v -17.0891 57.6876 90
v -17.375 57.7757 90
v -17.6649 57.8496 90
v -17.9581 57.9088 90
v -18.2539 57.9534 90
v -18.5516 57.9832 90
v -18.8504 57.9981 90
v -19.1496 57.9981 90
v -19.4484 57.9832 90
v -19.7461 57.9534 90
v -20.0419 57.9088 90
v -20.3351 57.8496 90
v -20.625 57.7757 90
v -20.9109 57.6876 90
v -21.192 57.5852 90
v -21.4677 57.469 90
v -21.7373 57.3392 90
v -22 57.1962 90
v -22.2553 57.0402 90
v -22.5025 56.8716 90
v -22.7409 56.691 90
v -22.9701 56.4987 90
v -23.1894 56.2952 90
v -23.3983 56.081 90
v -23.5963 55.8567 90
v -23.7828 55.6228 90
v -23.9574 55.3799 90
v -24.1197 55.1286 90
v -24.2693 54.8695 90
v -24.4058 54.6033 90
v -24.5289 54.3306 90
v -24.6382 54.0521 90
v -24.7334 53.7685 90
v -24.8145 53.4805 90
v -24.881 53.1889 90
v -24.933 52.8943 90
v -24.9702 52.5974 90
v -24.9925 52.2991 90
v -25 52 90
v -24.9925 51.7009 90
v -24.9702 51.4026 90
v -24.933 51.1057 90
v -24.881 50.8111 90
v -24.8145 50.5195 90
v -24.7334 50.2315 90
v -24.6382 49.9479 90
v -24.5289 49.6694 90
v -24.4058 49.3967 90
v -24.2693 49.1305 90
v -24.1197 48.8714 90
v -23.9574 48.6201 90
v -23.7828 48.3772 90
v -23.5963 48.1433 90
v -23.3983 47.919 90
v -23.1894 47.7048 90
v -22.9701 47.5013 90
v -22.7409 47.309 90
v -22.5025 47.1284 90
v -22.2553 46.9598 90
v -22 46.8038 90
v -21.7373 46.6608 90
v -21.4677 46.531 90
v -21.192 46.4148 90
v -20.9109 46.3124 90
v -20.625 46.2243 90
v -20.3351 46.1504 90
v -20.0419 46.0912 90
v -19.7461 46.0466 90
v -19.4484 46.0168 90
v -19.1496 46.0019 90
v -18.8504 46.0019 90
v -18.5516 46.0168 90
v -18.2539 46.0466 90
v -17.9581 46.0912 90
v -17.6649 46.1504 90
v -17.375 46.2243 90
v -17.0891 46.3124 90
v -16.808 46.4148 90
v -16.5323 46.531 90
v -16.2627 46.6608 90
v -16 46.8038 90
v -15.7447 46.9598 90
v -15.4975 47.1284 90
v -15.2591 47.309 90
v -15.0299 47.5013 90
v -14.8106 47.7048 90
v -14.6017 47.919 90
v -14.4037 48.1433 90
v -14.2172 48.3772 90
v -14.0426 48.6201 90
v -13.8803 48.8714 90
v -13.7307 49.1305 90
v -13.5942 49.3967 90
v -13.4711 49.6694 90
v -13.3618 49.9479 90
v -13.2666 50.2315 90
v -13.1855 50.5195 90
v -13.119 50.8111 90
v -13.067 51.1057 90
v -13.0298 51.4026 90
v -13.0075 51.7009 90
v -13 52 90
v 98 -1.0532e-14 220
v 97.9465 2.14337 220
v 97.7863 4.28142 220
v 97.5197 6.40882 220
v 97.1474 8.52028 220
v 96.6703 10.6106 220
v 96.0896 12.6745 220
v 95.4068 14.7069 220
v 94.6235 16.7027 220
v 93.7417 18.657 220
v 92.7635 20.5649 220
v 91.6915 22.4217 220
v 90.5283 24.2228 220
v 89.2767 25.9636 220
v 87.9399 27.6399 220
v 86.5212 29.2474 220
v 85.0242 30.7823 220
v 83.4525 32.2406 220
v 81.8101 33.6188 220
v 80.101 34.9133 220
v 78.3295 36.1211 220
v 76.5 37.2391 220
v 74.6171 38.2645 220
v 72.6853 39.1948 220
v 70.7097 40.0276 220
v 68.6949 40.7609 220
v 66.6461 41.3928 220
v 64.5684 41.9219 220
v 62.4669 42.3467 220
v 60.3468 42.6663 220
v 58.2134 42.8798 220
v 56.072 42.9866 220
v 53.928 42.9866 220
v 51.7866 42.8798 220
v 49.6532 42.6663 220
v 47.5331 42.3467 220
v 45.4316 41.9219 220
v 43.3539 41.3928 220
v 41.3051 40.7609 220
v 39.2903 40.0276 220
v 37.3147 39.1948 220
v 35.3829 38.2645 220
v 33.5 37.2391 220
v 31.6705 36.1211 220
v 29.899 34.9133 220
v 28.1899 33.6188 220
v 26.5475 32.2406 220
v 24.9758 30.7823 220
v 23.4788 29.2474 220
v 22.0601 27.6399 220
v 20.7233 25.9636 220
v 19.4717 24.2228 220
v 18.3085 22.4217 220
v 17.2365 20.5649 220
v 16.2583 18.657 220
v 15.3765 16.7027 220
v 14.5932 14.7069 220
v 13.9104 12.6745 220
v 13.3297 10.6106 220
v 12.8526 8.52028 220
v 12.4803 6.40882 220
v 12.2137 4.28142 220
v 12.0535 2.14337 220
v 12 -1.47501e-13 220
v 12.0535 -2.14337 220
v 12.2137 -4.28142 220
v 12.4803 -6.40882 220
v 12.8526 -8.52028 220
v 13.3297 -10.6106 220
v 13.9104 -12.6745 220
v 14.5932 -14.7069 220
v 15.3765 -16.7027 220
v 16.2583 -18.657 220
v 17.2365 -20.5649 220
v 18.3085 -22.4217 220
v 19.4717 -24.2228 220
v 20.7233 -25.9636 220
v 22.0601 -27.6399 220
v 23.4788 -29.2474 220
v 24.9758 -30.7823 220
v 26.5475 -32.2406 220
v 28.1899 -33.6188 220
v 29.899 -34.9133 220
v 31.6705 -36.1211 220
v 33.5 -37.2391 220
v 35.3829 -38.2645 220
v 37.3147 -39.1948 220
v 39.2903 -40.0276 220
v 41.3051 -40.7609 220
v 43.3539 -41.3928 220
v 45.4316 -41.9219 220
v 47.5331 -42.3467 220
v 49.6532 -42.6663 220
v 51.7866 -42.8798 220
v 53.928 -42.9866 220
v 56.072 -42.9866 220
v 58.2134 -42.8798 220
v 60.3468 -42.6663 220
v 62.4669 -42.3467 220
v 64.5684 -41.9219 220
v 66.6461 -41.3928 220
v 68.6949 -40.7609 220
v 70.7097 -40.0276 220
v 72.6853 -39.1948 220
v 74.6171 -38.2645 220
v 76.5 -37.2391 220
v 78.3295 -36.1211 220
v 80.101 -34.9133 220
v 81.8101 -33.6188 220
v 83.4525 -32.2406 220
v 85.0242 -30.7823 220
v 86.5212 -29.2474 220
v 87.9399 -27.6399 220
v 89.2767 -25.9636 220
v 90.5283 -24.2228 220
v 91.6915 -22.4217 220
v 92.7635 -20.5649 220
v 93.7417 -18.657 220
v 94.6235 -16.7027 220
v 95.4068 -14.7069 220
v 96.0896 -12.6745 220
v 96.6703 -10.6106 220
v 97.1474 -8.52028 220
v 97.5197 -6.40882 220
v 97.7863 -4.28142 220
v 97.9465 -2.14337 220
v 98 -1.0532e-14 220
v 98 -1.0532e-14 90
v 97.9465 2.14337 90
v 97.7863 4.28142 90
v 97.5197 6.40882 90
v 97.1474 8.52028 90
v 96.6703 10.6106 90
v 96.0896 12.6745 90
v 95.4068 14.7069 90
v 94.6235 16.7027 90
v 93.7417 18.657 90
v 92.7635 20.5649 90
v 91.6915 22.4217 90
v 90.5283 24.2228 90
v 89.2767 25.9636 90
v 87.9399 27.6399 90
v 86.5212 29.2474 90
v 85.0242 30.7823 90
v 83.4525 32.2406 90
v 81.8101 33.6188 90
v 80.101 34.9133 90
v 78.3295 36.1211 90
v 76.5 37.2391 90
v 74.6171 38.2645 90
v 72.6853 39.1948 90
v 70.7097 40.0276 90
v 68.6949 40.7609 90
v 66.6461 41.3928 90
v 64.5684 41.9219 90
v 62.4669 42.3467 90
v 60.3468 42.6663 90
v 58.2134 42.8798 90
v 56.072 42.9866 90
v 53.928 42.9866 90
v 51.7866 42.8798 90
v 49.6532 42.6663 90
v 47.5331 42.3467 90
v 45.4316 41.9219 90
v 43.3539 41.3928 90
v 41.3051 40.7609 90
v 39.2903 40.0276 90
v 37.3147 39.1948 90
v 35.3829 38.2645 90
v 33.5 37.2391 90
v 31.6705 36.1211 90
v 29.899 34.9133 90
v 28.1899 33.6188 90
v 26.5475 32.2406 90
v 24.9758 30.7823 90
v 23.4788 29.2474 90
v 22.0601 27.6399 90
v 20.7233 25.9636 90
v 19.4717 24.2228 90
v 18.3085 22.4217 90
v 17.2365 20.5649 90
v 16.2583 18.657 90
v 15.3765 16.7027 90
v 14.5932 14.7069 90
v 13.9104 12.6745 90
v 13.3297 10.6106 90
v 12.8526 8.52028 90
v 12.4803 6.40882 90
v 12.2137 4.28142 90
v 12.0535 2.14337 90
v 12 -1.47501e-13 90
v 12.0535 -2.14337 90
v 12.2137 -4.28142 90
v 12.4803 -6.40882 90
v 12.8526 -8.52028 90
v 13.3297 -10.6106 90
v 13.9104 -12.6745 90
v 14.5932 -14.7069 90
v 15.3765 -16.7027 90
v 16.2583 -18.657 90
v 17.2365 -20.5649 90
v 18.3085 -22.4217 90
v 19.4717 -24.2228 90
v 20.7233 -25.9636 90
v 22.0601 -27.6399 90
v 23.4788 -29.2474 90
v 24.9758 -30.7823 90
v 26.5475 -32.2406 90
v 28.1899 -33.6188 90
v 29.899 -34.9133 90
v 31.6705 -36.1211 90
v 33.5 -37.2391 90
v 35.3829 -38.2645 90
v 37.3147 -39.1948 90
v 39.2903 -40.0276 90
v 41.3051 -40.7609 90
v 43.3539 -41.3928 90
v 45.4316 -41.9219 90
v 47.5331 -42.3467 90
v 49.6532 -42.6663 90
v 51.7866 -42.8798 90
v 53.928 -42.9866 90
v 56.072 -42.9866 90
v 58.2134 -42.8798 90
v 60.3468 -42.6663 90
v 62.4669 -42.3467 90
v 64.5684 -41.9219 90
v 66.6461 -41.3928 90
v 68.6949 -40.7609 90
v 70.7097 -40.0276 90
v 72.6853 -39.1948 90
v 74.6171 -38.2645 90
v 76.5 -37.2391 90
v 78.3295 -36.1211 90
v 80.101 -34.9133 90
v 81.8101 -33.6188 90
v 83.4525 -32.2406 90
v 85.0242 -30.7823 90
v 86.5212 -29.2474 90
v 87.9399 -27.6399 90
v 89.2767 -25.9636 90
v 90.5283 -24.2228 90
v 91.6915 -22.4217 90
v 92.7635 -20.5649 90
v 93.7417 -18.657 90
v 94.6235 -16.7027 90
v 95.4068 -14.7069 90
v 96.0896 -12.6745 90
v 96.6703 -10.6106 90
v 97.1474 -8.52028 90
v 97.5197 -6.40882 90
v 97.7863 -4.28142 90
v 97.9465 -2.14337 90
v 98 -1.0532e-14 90
v 25 52 220
v 24.9925 52.2991 220
v 24.9702 52.5974 220
v 24.933 52.8943 220
v 24.881 53.1889 220
v 24.8145 53.4805 220
v 24.7334 53.7685 220
v 24.6382 54.0521 220
v 24.5289 54.3306 220
v 24.4058 54.6033 220
v 24.2693 54.8695 220
v 24.1197 55.1286 220
v 23.9574 55.3799 220
v 23.7828 55.6228 220
v 23.5963 55.8567 220
v 23.3983 56.081 220
v 23.1894 56.2952 220
v 22.9701 56.4987 220
v 22.7409 56.691 220
v 22.5025 56.8716 220
v 22.2553 57.0402 220
v 22 57.1962 220
v 21.7373 57.3392 220
v 21.4677 57.469 220
v 21.192 57.5852 220
v 20.9109 57.6876 220
v 20.625 57.7757 220
v 20.3351 57.8496 220
v 20.0419 57.9088 220
v 19.7461 57.9534 220
v 19.4484 57.9832 220
v 19.1496 57.9981 220
v 18.8504 57.9981 220
v 18.5516 57.9832 220
v 18.2539 57.9534 220
v 17.9581 57.9088 220
v 17.6649 57.8496 220
v 17.375 57.7757 220
v 17.0891 57.6876 220
v 16.808 57.5852 220
v 16.5323 57.469 220
v 16.2627 57.3392 220
v 16 57.1962 220
v 15.7447 57.0402 220
v 15.4975 56.8716 220
v 15.2591 56.691 220
v 15.0299 56.4987 220
v 14.8106 56.2952 220
v 14.6017 56.081 220
v 14.4037 55.8567 220
v 14.2172 55.6228 220
v 14.0426 55.3799 220
v 13.8803 55.1286 220
v 13.7307 54.8695 220
v 13.5942 54.6033 220
v 13.4711 54.3306 220
v 13.3618 54.0521 220
v 13.2666 53.7685 220
v 13.1855 53.4805 220
v 13.119 53.1889 220
v 13.067 52.8943 220
v 13.0298 52.5974 220
v 13.0075 52.2991 220
v 13 52 220
v 13.0075 51.7009 220
v 13.0298 51.4026 220
v 13.067 51.1057 220
v 13.119 50.8111 220
v 13.1855 50.5195 220
v 13.2666 50.2315 220
v 13.3618 49.9479 220
v 13.4711 49.6694 220
v 13.5942 49.3967 220
v 13.7307 49.1305 220
v 13.8803 48.8714 220
v 14.0426 48.6201 220
v 14.2172 48.3772 220
v 14.4037 48.1433 220
v 14.6017 47.919 220
v 14.8106 47.7048 220
v 15.0299 47.5013 220
v 15.2591 47.309 220
v 15.4975 47.1284 220
v 15.7447 46.9598 220
v 16 46.8038 220
v 16.2627 46.6608 220
v 16.5323 46.531 220
v 16.808 46.4148 220
v 17.0891 46.3124 220
v 17.375 46.2243 220
v 17.6649 46.1504 220
v 17.9581 46.0912 220
v 18.2539 46.0466 220
v 18.5516 46.0168 220
v 18.8504 46.0019 220
v 19.1496 46.0019 220
v 19.4484 46.0168 220
v 19.7461 46.0466 220
v 20.0419 46.0912 220
v 20.3351 46.1504 220
v 20.625 46.2243 220
v 20.9109 46.3124 220
v 21.192 46.4148 220
v 21.4677 46.531 220
v 21.7373 46.6608 220
v 22 46.8038 220
v 22.2553 46.9598 220
v 22.5025 47.1284 220
v 22.7409 47.309 220
v 22.9701 47.5013 220
v 23.1894 47.7048 220
v 23.3983 47.919 220
v 23.5963 48.1433 220
v 23.7828 48.3772 220
v 23.9574 48.6201 220
v 24.1197 48.8714 220
v 24.2693 49.1305 220
v 24.4058 49.3967 220
v 24.5289 49.6694 220
v 24.6382 49.9479 220
v 24.7334 50.2315 220
v 24.8145 50.5195 220
v 24.881 50.8111 220
v 24.933 51.1057 220
v 24.9702 51.4026 220
v 24.9925 51.7009 220
v 25 52 220
v 25 52 90
v 24.9925 52.2991 90
v 24.9702 52.5974 90
v 24.933 52.8943 90
v 24.881 53.1889 90
v 24.8145 53.4805 90
v 24.7334 53.7685 90
v 24.6382 54.0521 90
v 24.5289 54.3306 90
v 24.4058 54.6033 90
v 24.2693 54.8695 90
v 24.1197 55.1286 90
v 23.9574 55.3799 90
v 23.7828 55.6228 90
v 23.5963 55.8567 90
v 23.3983 56.081 90
v 23.1894 56.2952 90
v 22.9701 56.4987 90
v 22.7409 56.691 90
v 22.5025 56.8716 90
v 22.2553 57.0402 90
v 22 57.1962 90
v 21.7373 57.3392 90
v 21.4677 57.469 90
v 21.192 57.5852 90
v 20.9109 57.6876 90
v 20.625 57.7757 90
v 20.3351 57.8496 90
v 20.0419 57.9088 90
v 19.7461 57.9534 90
v 19.4484 57.9832 90
v 19.1496 57.9981 90
v 18.8504 57.9981 90
v 18.5516 57.9832 90
v 18.2539 57.9534 90
v 17.9581 57.9088 90
v 17.6649 57.8496 90
v 17.375 57.7757 90
v 17.0891 57.6876 90
v 16.808 57.5852 90
v 16.5323 57.469 90
v 16.2627 57.3392 90
v 16 57.1962 90
v 15.7447 57.0402 90
v 15.4975 56.8716 90
v 15.2591 56.691 90
v 15.0299 56.4987 90
v 14.8106 56.2952 90
v 14.6017 56.081 90
v 14.4037 55.8567 90
v 14.2172 55.6228 90
v 14.0426 55.3799 90
v 13.8803 55.1286 90
v 13.7307 54.8695 90
v 13.5942 54.6033 90
v 13.4711 54.3306 90
v 13.3618 54.0521 90
v 13.2666 53.7685 90
v 13.1855 53.4805 90
v 13.119 53.1889 90
v 13.067 52.8943 90
v 13.0298 52.5974 90
v 13.0075 52.2991 90
v 13 52 90
v 13.0075 51.7009 90
v 13.0298 51.4026 90
v 13.067 51.1057 90
v 13.119 50.8111 90
v 13.1855 50.5195 90
v 13.2666 50.2315 90
v 13.3618 49.9479 90
v 13.4711 49.6694 90
v 13.5942 49.3967 90
v 13.7307 49.1305 90
v 13.8803 48.8714 90
v 14.0426 48.6201 90
v 14.2172 48.3772 90
v 14.4037 48.1433 90
v 14.6017 47.919 90
v 14.8106 47.7048 90
v 15.0299 47.5013 90
v 15.2591 47.309 90
v 15.4975 47.1284 90
v 15.7447 46.9598 90
v 16 46.8038 90
v 16.2627 46.6608 90
v 16.5323 46.531 90
v 16.808 46.4148 90
v 17.0891 46.3124 90
v 17.375 46.2243 90
v 17.6649 46.1504 90
v 17.9581 46.0912 90
v 18.2539 46.0466 90
v 18.5516 46.0168 90
v 18.8504 46.0019 90
v 19.1496 46.0019 90
v 19.4484 46.0168 90
v 19.7461 46.0466 90
v 20.0419 46.0912 90
v 20.3351 46.1504 90
v 20.625 46.2243 90
v 20.9109 46.3124 90
v 21.192 46.4148 90
v 21.4677 46.531 90
v 21.7373 46.6608 90
v 22 46.8038 90
v 22.2553 46.9598 90
v 22.5025 47.1284 90
v 22.7409 47.309 90
v 22.9701 47.5013 90
v 23.1894 47.7048 90
v 23.3983 47.919 90
v 23.5963 48.1433 90
v 23.7828 48.3772 90
v 23.9574 48.6201 90
v 24.1197 48.8714 90
v 24.2693 49.1305 90
v 24.4058 49.3967 90
v 24.5289 49.6694 90
v 24.6382 49.9479 90
v 24.7334 50.2315 90
v 24.8145 50.5195 90
v 24.881 50.8111 90
v 24.933 51.1057 90
v 24.9702 51.4026 90
v 24.9925 51.7009 90
v 25 52 90
v 97 52 220
v 96.9925 52.2991 220
v 96.9702 52.5974 220
v 96.933 52.8943 220
v 96.881 53.1889 220
v 96.8145 53.4805 220
v 96.7334 53.7685 220
v 96.6382 54.0521 220
v 96.5289 54.3306 220
v 96.4058 54.6033 220
v 96.2693 54.8695 220
v 96.1197 55.1286 220
v 95.9574 55.3799 220
v 95.7828 55.6228 220
v 95.5963 55.8567 220
v 95.3983 56.081 220
v 95.1894 56.2952 220
v 94.9701 56.4987 220
v 94.7409 56.691 220
v 94.5025 56.8716 220
v 94.2553 57.0402 220
v 94 57.1962 220
v 93.7373 57.3392 220
v 93.4677 57.469 220
v 93.192 57.5852 220
v 92.9109 57.6876 220
v 92.625 57.7757 220
v 92.3351 57.8496 220
v 92.0419 57.9088 220
v 91.7461 57.9534 220
v 91.4484 57.9832 220
v 91.1496 57.9981 220
v 90.8504 57.9981 220
v 90.5516 57.9832 220
v 90.2539 57.9534 220
v 89.9581 57.9088 220
v 89.6649 57.8496 220
v 89.375 57.7757 220
v 89.0891 57.6876 220
v 88.808 57.5852 220
v 88.5323 57.469 220
v 88.2627 57.3392 220
v 88 57.1962 220
v 87.7447 57.0402 220
v 87.4975 56.8716 220
v 87.2591 56.691 220
v 87.0299 56.4987 220
v 86.8106 56.2952 220
v 86.6017 56.081 220
v 86.4037 55.8567 220
v 86.2172 55.6228 220
v 86.0426 55.3799 220
v 85.8803 55.1286 220
v 85.7307 54.8695 220
v 85.5942 54.6033 220
v 85.4711 54.3306 220
v 85.3618 54.0521 220
v 85.2666 53.7685 220
v 85.1855 53.4805 220
v 85.119 53.1889 220
v 85.067 52.8943 220
v 85.0298 52.5974 220
v 85.0075 52.2991 220
v 85 52 220
v 85.0075 51.7009 220
v 85.0298 51.4026 220
v 85.067 51.1057 220
v 85.119 50.8111 220
v 85.1855 50.5195 220
v 85.2666 50.2315 220
v 85.3618 49.9479 220
v 85.4711 49.6694 220
v 85.5942 49.3967 220
v 85.7307 49.1305 220
v 85.8803 48.8714 220
v 86.0426 48.6201 220
v 86.2172 48.3772 220
v 86.4037 48.1433 220
v 86.6017 47.919 220
v 86.8106 47.7048 220
v 87.0299 47.5013 220
v 87.2591 47.309 220
v 87.4975 47.1284 220
v 87.7447 46.9598 220
v 88 46.8038 220
v 88.2627 46.6608 220
v 88.5323 46.531 220
v 88.808 46.4148 220
v 89.0891 46.3124 220
v 89.375 46.2243 220
v 89.6649 46.1504 220
v 89.9581 46.0912 220
v 90.2539 46.0466 220
v 90.5516 46.0168 220
v 90.8504 46.0019 220
v 91.1496 46.0019 220
v 91.4484 46.0168 220
v 91.7461 46.0466 220
v 92.0419 46.0912 220
v 92.3351 46.1504 220
v 92.625 46.2243 220
v 92.9109 46.3124 220
v 93.192 46.4148 220
v 93.4677 46.531 220
v 93.7373 46.6608 220
v 94 46.8038 220
v 94.2553 46.9598 220
v 94.5025 47.1284 220
v 94.7409 47.309 220
v 94.9701 47.5013 220
v 95.1894 47.7048 220
v 95.3983 47.919 220
v 95.5963 48.1433 220
v 95.7828 48.3772 220
v 95.9574 48.6201 220
v 96.1197 48.8714 220
v 96.2693 49.1305 220
v 96.4058 49.3967 220
v 96.5289 49.6694 220
v 96.6382 49.9479 220
v 96.7334 50.2315 220
v 96.8145 50.5195 220
v 96.881 50.8111 220
v 96.933 51.1057 220
v 96.9702 51.4026 220
v 96.9925 51.7009 220
v 97 52 220
v 97 52 90
v 96.9925 52.2991 90
v 96.9702 52.5974 90
v 96.933 52.8943 90
v 96.881 53.1889 90
v 96.8145 53.4805 90
v 96.7334 53.7685 90
v 96.6382 54.0521 90
v 96.5289 54.3306 90
v 96.4058 54.6033 90
v 96.2693 54.8695 90
v 96.1197 55.1286 90
v 95.9574 55.3799 90
v 95.7828 55.6228 90
v 95.5963 55.8567 90
v 95.3983 56.081 90
v 95.1894 56.2952 90
v 94.9701 56.4987 90
v 94.7409 56.691 90
v 94.5025 56.8716 90
v 94.2553 57.0402 90
v 94 57.1962 90
v 93.7373 57.3392 90
v 93.4677 57.469 90
v 93.192 57.5852 90
v 92.9109 57.6876 90
v 92.625 57.7757 90
v 92.3351 57.8496 90
v 92.0419 57.9088 90
v 91.7461 57.9534 90
v 91.4484 57.9832 90
v 91.1496 57.9981 90
v 90.8504 57.9981 90
v 90.5516 57.9832 90
v 90.2539 57.9534 90
v 89.9581 57.9088 90
v 89.6649 57.8496 90
v 89.375 57.7757 90
v 89.0891 57.6876 90
v 88.808 57.5852 90
v 88.5323 57.469 90
v 88.2627 57.3392 90
v 88 57.1962 90
v 87.7447 57.0402 90
v 87.4975 56.8716 90
v 87.2591 56.691 90
v 87.0299 56.4987 90
v 86.8106 56.2952 90
v 86.6017 56.081 90
v 86.4037 55.8567 90
v 86.2172 55.6228 90
v 86.0426 55.3799 90
v 85.8803 55.1286 90
v 85.7307 54.8695 90
v 85.5942 54.6033 90
v 85.4711 54.3306 90
v 85.3618 54.0521 90
v 85.2666 53.7685 90
v 85.1855 53.4805 90
v 85.119 53.1889 90
v 85.067 52.8943 90
v 85.0298 52.5974 90
v 85.0075 52.2991 90
v 85 52 90
v 85.0075 51.7009 90
v 85.0298 51.4026 90
v 85.067 51.1057 90
v 85.119 50.8111 90
v 85.1855 50.5195 90
v 85.2666 50.2315 90
v 85.3618 49.9479 90
v 85.4711 49.6694 90
v 85.5942 49.3967 90
v 85.7307 49.1305 90
v 85.8803 48.8714 90
v 86.0426 48.6201 90
v 86.2172 48.3772 90
v 86.4037 48.1433 90
v 86.6017 47.919 90
v 86.8106 47.7048 90
v 87.0299 47.5013 90
v 87.2591 47.309 90
v 87.4975 47.1284 90
v 87.7447 46.9598 90
v 88 46.8038 90
v 88.2627 46.6608 90
v 88.5323 46.531 90
v 88.808 46.4148 90
v 89.0891 46.3124 90
v 89.375 46.2243 90
v 89.6649 46.1504 90
v 89.9581 46.0912 90
v 90.2539 46.0466 90
v 90.5516 46.0168 90
v 90.8504 46.0019 90
v 91.1496 46.0019 90
v 91.4484 46.0168 90
v 91.7461 46.0466 90
v 92.0419 46.0912 90
v 92.3351 46.1504 90
v 92.625 46.2243 90
v 92.9109 46.3124 90
v 93.192 46.4148 90
v 93.4677 46.531 90
v 93.7373 46.6608 90
v 94 46.8038 90
v 94.2553 46.9598 90
v 94.5025 47.1284 90
v 94.7409 47.309 90
v 94.9701 47.5013 90
v 95.1894 47.7048 90
v 95.3983 47.919 90
v 95.5963 48.1433 90
v 95.7828 48.3772 90
v 95.9574 48.6201 90
v 96.1197 48.8714 90
v 96.2693 49.1305 90
v 96.4058 49.3967 90
v 96.5289 49.6694 90
v 96.6382 49.9479 90
v 96.7334 50.2315 90
v 96.8145 50.5195 90
v 96.881 50.8111 90
v 96.933 51.1057 90
v 96.9702 51.4026 90
v 96.9925 51.7009 90
v 97 52 90
v 120 60 90
v 150 60 90
v 120 -60 90
v 150 -60 90
v 120 -60 90
v 120 60 90
v 120 -60 50
v 120 -28 50
v 120 28 50
v 120 27.9652 51.3957
v 120 27.8609 52.7879
v 120 27.6873 54.1732
v 120 27.4448 55.5481
v 120 27.1342 56.9092
v 120 26.756 58.2531
v 120 26.3114 59.5766
v 120 25.8013 60.8762
v 120 25.2271 62.1487
v 120 24.5902 63.3911
v 120 23.8921 64.6002
v 120 23.1347 65.773
v 120 22.3197 66.9065
v 120 21.4492 67.9981
v 120 20.5255 69.0448
v 120 19.5506 70.0443
v 120 18.5272 70.9939
v 120 17.4577 71.8913
v 120 16.3448 72.7343
v 120 15.1913 73.5207
v 120 14 74.2487
v 120 12.7739 74.9164
v 120 11.516 75.5222
v 120 10.2295 76.0645
v 120 8.91763 76.542
v 120 7.58353 76.9535
v 120 6.23059 77.298
v 120 4.86215 77.5746
v 120 3.48162 77.7827
v 120 2.09244 77.9217
v 120 0.698059 77.9913
v 120 -0.698059 77.9913
v 120 -2.09244 77.9217
v 120 -3.48162 77.7827
v 120 -4.86215 77.5746
v 120 -6.23059 77.298
v 120 -7.58353 76.9535
v 120 -8.91763 76.542
v 120 -10.2295 76.0645
v 120 -11.516 75.5222
v 120 -12.7739 74.9164
v 120 -14 74.2487
v 120 -15.1913 73.5207
v 120 -16.3448 72.7343
v 120 -17.4577 71.8913
v 120 -18.5272 70.9939
v 120 -19.5506 70.0443
v 120 -20.5255 69.0448
v 120 -21.4492 67.9981
v 120 -22.3197 66.9065
v 120 -23.1347 65.773
v 120 -23.8921 64.6002
v 120 -24.5902 63.3911
v 120 -25.2271 62.1487
v 120 -25.8013 60.8762
v 120 -26.3114 59.5766
v 120 -26.756 58.2531
v 120 -27.1342 56.9092
v 120 -27.4448 55.5481
v 120 -27.6873 54.1732
v 120 -27.8609 52.7879
v 120 -27.9652 51.3957
v 120 60 50
v 100 28 50
v 100 60 50
v 120 28 50
v 120 60 50
v 100 -60 90
v 100 60 90
v 100 -60 50
v 100 -28 50
v 100 28 50
v 100 27.9652 51.3957
v 100 27.8609 52.7879
v 100 27.6873 54.1732
v 100 27.4448 55.5481
v 100 27.1342 56.9092
v 100 26.756 58.2531
v 100 26.3114 59.5766
v 100 25.8013 60.8762
v 100 25.2271 62.1487
v 100 24.5902 63.3911
v 100 23.8921 64.6002
v 100 23.1347 65.773
v 100 22.3197 66.9065
v 100 21.4492 67.9981
v 100 20.5255 69.0448
v 100 19.5506 70.0443
v 100 18.5272 70.9939
v 100 17.4577 71.8913
v 100 16.3448 72.7343
v 100 15.1913 73.5207
v 100 14 74.2487
v 100 12.7739 74.9164
v 100 11.516 75.5222
v 100 10.2295 76.0645
v 100 8.91763 76.542
v 100 7.58353 76.9535
v 100 6.23059 77.298
v 100 4.86215 77.5746
v 100 3.48162 77.7827
v 100 2.09244 77.9217
v 100 0.698059 77.9913
v 100 -0.698059 77.9913
v 100 -2.09244 77.9217
v 100 -3.48162 77.7827
v 100 -4.86215 77.5746
v 100 -6.23059 77.298
v 100 -7.58353 76.9535
v 100 -8.91763 76.542
v 100 -10.2295 76.0645
v 100 -11.516 75.5222
v 100 -12.7739 74.9164
v 100 -14 74.2487
v 100 -15.1913 73.5207
v 100 -16.3448 72.7343
v 100 -17.4577 71.8913
v 100 -18.5272 70.9939
v 100 -19.5506 70.0443
v 100 -20.5255 69.0448
v 100 -21.4492 67.9981
v 100 -22.3197 66.9065
v 100 -23.1347 65.773
v 100 -23.8921 64.6002
v 100 -24.5902 63.3911
v 100 -25.2271 62.1487
v 100 -25.8013 60.8762
v 100 -26.3114 59.5766
v 100 -26.756 58.2531
v 100 -27.1342 56.9092
v 100 -27.4448 55.5481
v 100 -27.6873 54.1732
v 100 -27.8609 52.7879
v 100 -27.9652 51.3957
v 100 60 50
v 10 60 90
v 100 60 90
v 10 -60 90
v 100 -60 90
v 25 -52 90
v 24.9925 -51.7009 90
v 24.9702 -51.4026 90
v 24.933 -51.1057 90
v 24.881 -50.8111 90
v 24.8145 -50.5195 90
v 24.7334 -50.2315 90
v 24.6382 -49.9479 90
v 24.5289 -49.6694 90
v 24.4058 -49.3967 90
v 24.2693 -49.1305 90
v 24.1197 -48.8714 90
v 23.9574 -48.6201 90
v 23.7828 -48.3772 90
v 23.5963 -48.1433 90
v 23.3983 -47.919 90
v 23.1894 -47.7048 90
v 22.9701 -47.5013 90
v 22.7409 -47.309 90
v 22.5025 -47.1284 90
v 22.2553 -46.9598 90
v 22 -46.8038 90
v 21.7373 -46.6608 90
v 21.4677 -46.531 90
v 21.192 -46.4148 90
v 20.9109 -46.3124 90
v 20.625 -46.2243 90
v 20.3351 -46.1504 90
v 20.0419 -46.0912 90
v 19.7461 -46.0466 90
v 19.4484 -46.0168 90
v 19.1496 -46.0019 90
v 18.8504 -46.0019 90
v 18.5516 -46.0168 90
v 18.2539 -46.0466 90
v 17.9581 -46.0912 90
v 17.6649 -46.1504 90
v 17.375 -46.2243 90
v 17.0891 -46.3124 90
v 16.808 -46.4148 90
v 16.5323 -46.531 90
v 16.2627 -46.6608 90
v 16 -46.8038 90
v 15.7447 -46.9598 90
v 15.4975 -47.1284 90
v 15.2591 -47.309 90
v 15.0299 -47.5013 90
v 14.8106 -47.7048 90
v 14.6017 -47.919 90
v 14.4037 -48.1433 90
v 14.2172 -48.3772 90
v 14.0426 -48.6201 90
v 13.8803 -48.8714 90
v 13.7307 -49.1305 90
v 13.5942 -49.3967 90
v 13.4711 -49.6694 90
v 13.3618 -49.9479 90
v 13.2666 -50.2315 90
v 13.1855 -50.5195 90
v 13.119 -50.8111 90
v 13.067 -51.1057 90
v 13.0298 -51.4026 90
v 13.0075 -51.7009 90
v 13 -52 90
v 13.0075 -52.2991 90
v 13.0298 -52.5974 90
v 13.067 -52.8943 90
v 13.119 -53.1889 90
v 13.1855 -53.4805 90
v 13.2666 -53.7685 90
v 13.3618 -54.0521 90
v 13.4711 -54.3306 90
v 13.5942 -54.6033 90
v 13.7307 -54.8695 90
v 13.8803 -55.1286 90
v 14.0426 -55.3799 90
v 14.2172 -55.6228 90
v 14.4037 -55.8567 90
v 14.6017 -56.081 90
v 14.8106 -56.2952 90
v 15.0299 -56.4987 90
v 15.2591 -56.691 90
v 15.4975 -56.8716 90
v 15.7447 -57.0402 90
v 16 -57.1962 90
v 16.2627 -57.3392 90
v 16.5323 -57.469 90
v 16.808 -57.5852 90
v 17.0891 -57.6876 90
v 17.375 -57.7757 90
v 17.6649 -57.8496 90
v 17.9581 -57.9088 90
v 18.2539 -57.9534 90
v 18.5516 -57.9832 90
v 18.8504 -57.9981 90
v 19.1496 -57.9981 90
v 19.4484 -57.9832 90
v 19.7461 -57.9534 90
v 20.0419 -57.9088 90
v 20.3351 -57.8496 90
v 20.625 -57.7757 90
v 20.9109 -57.6876 90
v 21.192 -57.5852 90
v 21.4677 -57.469 90
v 21.7373 -57.3392 90
v 22 -57.1962 90
v 22.2553 -57.0402 90
v 22.5025 -56.8716 90
v 22.7409 -56.691 90
v 22.9701 -56.4987 90
v 23.1894 -56.2952 90
v 23.3983 -56.081 90
v 23.5963 -55.8567 90
v 23.7828 -55.6228 90
v 23.9574 -55.3799 90
v 24.1197 -55.1286 90
v 24.2693 -54.8695 90
v 24.4058 -54.6033 90
v 24.5289 -54.3306 90
v 24.6382 -54.0521 90
v 24.7334 -53.7685 90
v 24.8145 -53.4805 90
v 24.881 -53.1889 90
v 24.933 -52.8943 90
v 24.9702 -52.5974 90
v 24.9925 -52.2991 90
v 97 -52 90
v 96.9925 -51.7009 90
v 96.9702 -51.4026 90
v 96.933 -51.1057 90
v 96.881 -50.8111 90
v 96.8145 -50.5195 90
v 96.7334 -50.2315 90
v 96.6382 -49.9479 90
v 96.5289 -49.6694 90
v 96.4058 -49.3967 90
v 96.2693 -49.1305 90
v 96.1197 -48.8714 90
v 95.9574 -48.6201 90
v 95.7828 -48.3772 90
v 95.5963 -48.1433 90
v 95.3983 -47.919 90
v 95.1894 -47.7048 90
v 94.9701 -47.5013 90
v 94.7409 -47.309 90
v 94.5025 -47.1284 90
v 94.2553 -46.9598 90
v 94 -46.8038 90
v 93.7373 -46.6608 90
v 93.4677 -46.531 90
v 93.192 -46.4148 90
v 92.9109 -46.3124 90
v 92.625 -46.2243 90
v 92.3351 -46.1504 90
v 92.0419 -46.0912 90
v 91.7461 -46.0466 90
v 91.4484 -46.0168 90
v 91.1496 -46.0019 90
v 90.8504 -46.0019 90
v 90.5516 -46.0168 90
v 90.2539 -46.0466 90
v 89.9581 -46.0912 90
v 89.6649 -46.1504 90
v 89.375 -46.2243 90
v 89.0891 -46.3124 90
v 88.808 -46.4148 90
v 88.5323 -46.531 90
v 88.2627 -46.6608 90
v 88 -46.8038 90
v 87.7447 -46.9598 90
v 87.4975 -47.1284 90
v 87.2591 -47.309 90
v 87.0299 -47.5013 90
v 86.8106 -47.7048 90
v 86.6017 -47.919 90
v 86.4037 -48.1433 90
v 86.2172 -48.3772 90
v 86.0426 -48.6201 90
v 85.8803 -48.8714 90
v 85.7307 -49.1305 90
v 85.5942 -49.3967 90
v 85.4711 -49.6694 90
v 85.3618 -49.9479 90
v 85.2666 -50.2315 90
v 85.1855 -50.5195 90
v 85.119 -50.8111 90
v 85.067 -51.1057 90
v 85.0298 -51.4026 90
v 85.0075 -51.7009 90
v 85 -52 90
v 85.0075 -52.2991 90
v 85.0298 -52.5974 90
v 85.067 -52.8943 90
v 85.119 -53.1889 90
v 85.1855 -53.4805 90
v 85.2666 -53.7685 90
v 85.3618 -54.0521 90
v 85.4711 -54.3306 90
v 85.5942 -54.6033 90
v 85.7307 -54.8695 90
v 85.8803 -55.1286 90
v 86.0426 -55.3799 90
v 86.2172 -55.6228 90
v 86.4037 -55.8567 90
v 86.6017 -56.081 90
v 86.8106 -56.2952 90
v 87.0299 -56.4987 90
v 87.2591 -56.691 90
v 87.4975 -56.8716 90
v 87.7447 -57.0402 90
v 88 -57.1962 90
v 88.2627 -57.3392 90
v 88.5323 -57.469 90
v 88.808 -57.5852 90
v 89.0891 -57.6876 90
v 89.375 -57.7757 90
v 89.6649 -57.8496 90
v 89.9581 -57.9088 90
v 90.2539 -57.9534 90
v 90.5516 -57.9832 90
v 90.8504 -57.9981 90
v 91.1496 -57.9981 90
v 91.4484 -57.9832 90
v 91.7461 -57.9534 90
v 92.0419 -57.9088 90
v 92.3351 -57.8496 90
v 92.625 -57.7757 90
v 92.9109 -57.6876 90
v 93.192 -57.5852 90
v 93.4677 -57.469 90
v 93.7373 -57.3392 90
v 94 -57.1962 90
v 94.2553 -57.0402 90
v 94.5025 -56.8716 90
v 94.7409 -56.691 90
v 94.9701 -56.4987 90
v 95.1894 -56.2952 90
v 95.3983 -56.081 90
v 95.5963 -55.8567 90
v 95.7828 -55.6228 90
v 95.9574 -55.3799 90
v 96.1197 -55.1286 90
v 96.2693 -54.8695 90
v 96.4058 -54.6033 90
v 96.5289 -54.3306 90
v 96.6382 -54.0521 90
v 96.7334 -53.7685 90
v 96.8145 -53.4805 90
v 96.881 -53.1889 90
v 96.933 -52.8943 90
v 96.9702 -52.5974 90
v 96.9925 -52.2991 90
v 25 52 90
v 24.9925 52.2991 90
v 24.9702 52.5974 90
v 24.933 52.8943 90
v 24.881 53.1889 90
v 24.8145 53.4805 90
v 24.7334 53.7685 90
v 24.6382 54.0521 90
v 24.5289 54.3306 90
v 24.4058 54.6033 90
v 24.2693 54.8695 90
v 24.1197 55.1286 90
v 23.9574 55.3799 90
v 23.7828 55.6228 90
v 23.5963 55.8567 90
v 23.3983 56.081 90
v 23.1894 56.2952 90
v 22.9701 56.4987 90
v 22.7409 56.691 90
v 22.5025 56.8716 90
v 22.2553 57.0402 90
v 22 57.1962 90
v 21.7373 57.3392 90
v 21.4677 57.469 90
v 21.192 57.5852 90
v 20.9109 57.6876 90
v 20.625 57.7757 90
v 20.3351 57.8496 90
v 20.0419 57.9088 90
v 19.7461 57.9534 90
v 19.4484 57.9832 90
v 19.1496 57.9981 90
v 18.8504 57.9981 90
v 18.5516 57.9832 90
v 18.2539 57.9534 90
v 17.9581 57.9088 90
v 17.6649 57.8496 90
v 17.375 57.7757 90
v 17.0891 57.6876 90
v 16.808 57.5852 90
v 16.5323 57.469 90
v 16.2627 57.3392 90
v 16 57.1962 90
v 15.7447 57.0402 90
v 15.4975 56.8716 90
v 15.2591 56.691 90
v 15.0299 56.4987 90
v 14.8106 56.2952 90
v 14.6017 56.081 90
v 14.4037 55.8567 90
v 14.2172 55.6228 90
v 14.0426 55.3799 90
v 13.8803 55.1286 90
v 13.7307 54.8695 90
v 13.5942 54.6033 90
v 13.4711 54.3306 90
v 13.3618 54.0521 90
v 13.2666 53.7685 90
v 13.1855 53.4805 90
v 13.119 53.1889 90
v 13.067 52.8943 90
v 13.0298 52.5974 90
v 13.0075 52.2991 90
v 13 52 90
v 13.0075 51.7009 90
v 13.0298 51.4026 90
v 13.067 51.1057 90
v 13.119 50.8111 90
v 13.1855 50.5195 90
v 13.2666 50.2315 90
v 13.3618 49.9479 90
v 13.4711 49.6694 90
v 13.5942 49.3967 90
v 13.7307 49.1305 90
v 13.8803 48.8714 90
v 14.0426 48.6201 90
v 14.2172 48.3772 90
v 14.4037 48.1433 90
v 14.6017 47.919 90
v 14.8106 47.7048 90
v 15.0299 47.5013 90
v 15.2591 47.309 90
v 15.4975 47.1284 90
v 15.7447 46.9598 90
v 16 46.8038 90
v 16.2627 46.6608 90
v 16.5323 46.531 90
v 16.808 46.4148 90
v 17.0891 46.3124 90
v 17.375 46.2243 90
v 17.6649 46.1504 90
v 17.9581 46.0912 90
v 18.2539 46.0466 90
v 18.5516 46.0168 90
v 18.8504 46.0019 90
v 19.1496 46.0019 90
v 19.4484 46.0168 90
v 19.7461 46.0466 90
v 20.0419 46.0912 90
v 20.3351 46.1504 90
v 20.625 46.2243 90
v 20.9109 46.3124 90
v 21.192 46.4148 90
v 21.4677 46.531 90
v 21.7373 46.6608 90
v 22 46.8038 90
v 22.2553 46.9598 90
v 22.5025 47.1284 90
v 22.7409 47.309 90
v 22.9701 47.5013 90
v 23.1894 47.7048 90
v 23.3983 47.919 90
v 23.5963 48.1433 90
v 23.7828 48.3772 90
v 23.9574 48.6201 90
v 24.1197 48.8714 90
v 24.2693 49.1305 90
v 24.4058 49.3967 90
v 24.5289 49.6694 90
v 24.6382 49.9479 90
v 24.7334 50.2315 90
v 24.8145 50.5195 90
v 24.881 50.8111 90
v 24.933 51.1057 90
v 24.9702 51.4026 90
v 24.9925 51.7009 90
v 98 -1.0532e-14 90
v 97.9465 2.14337 90
v 97.7863 4.28142 90
v 97.5197 6.40882 90
v 97.1474 8.52028 90
v 96.6703 10.6106 90
v 96.0896 12.6745 90
v 95.4068 14.7069 90
v 94.6235 16.7027 90
v 93.7417 18.657 90
v 92.7635 20.5649 90
v 91.6915 22.4217 90
v 90.5283 24.2228 90
v 89.2767 25.9636 90
v 87.9399 27.6399 90
v 86.5212 29.2474 90
v 85.0242 30.7823 90
v 83.4525 32.2406 90
v 81.8101 33.6188 90
v 80.101 34.9133 90
v 78.3295 36.1211 90
v 76.5 37.2391 90
v 74.6171 38.2645 90
v 72.6853 39.1948 90
v 70.7097 40.0276 90
v 68.6949 40.7609 90
v 66.6461 41.3928 90
v 64.5684 41.9219 90
v 62.4669 42.3467 90
v 60.3468 42.6663 90
v 58.2134 42.8798 90
v 56.072 42.9866 90
v 53.928 42.9866 90
v 51.7866 42.8798 90
v 49.6532 42.6663 90
v 47.5331 42.3467 90
v 45.4316 41.9219 90
v 43.3539 41.3928 90
v 41.3051 40.7609 90
v 39.2903 40.0276 90
v 37.3147 39.1948 90
v 35.3829 38.2645 90
v 33.5 37.2391 90
v 31.6705 36.1211 90
v 29.899 34.9133 90
v 28.1899 33.6188 90
v 26.5475 32.2406 90
v 24.9758 30.7823 90
v 23.4788 29.2474 90
v 22.0601 27.6399 90
v 20.7233 25.9636 90
v 19.4717 24.2228 90
v 18.3085 22.4217 90
v 17.2365 20.5649 90
v 16.2583 18.657 90
v 15.3765 16.7027 90
v 14.5932 14.7069 90
v 13.9104 12.6745 90
v 13.3297 10.6106 90
v 12.8526 8.52028 90
v 12.4803 6.40882 90
v 12.2137 4.28142 90
v 12.0535 2.14337 90
v 12 -1.47501e-13 90
v 12.0535 -2.14337 90
v 12.2137 -4.28142 90
v 12.4803 -6.40882 90
v 12.8526 -8.52028 90
v 13.3297 -10.6106 90
v 13.9104 -12.6745 90
v 14.5932 -14.7069 90
v 15.3765 -16.7027 90
v 16.2583 -18.657 90
v 17.2365 -20.5649 90
v 18.3085 -22.4217 90
v 19.4717 -24.2228 90
v 20.7233 -25.9636 90
v 22.0601 -27.6399 90
v 23.4788 -29.2474 90
v 24.9758 -30.7823 90
v 26.5475 -32.2406 90
v 28.1899 -33.6188 90
v 29.899 -34.9133 90
v 31.6705 -36.1211 90
v 33.5 -37.2391 90
v 35.3829 -38.2645 90
v 37.3147 -39.1948 90
v 39.2903 -40.0276 90
v 41.3051 -40.7609 90
v 43.3539 -41.3928 90
v 45.4316 -41.9219 90
v 47.5331 -42.3467 90
v 49.6532 -42.6663 90
v 51.7866 -42.8798 90
v 53.928 -42.9866 90
v 56.072 -42.9866 90
v 58.2134 -42.8798 90
v 60.3468 -42.6663 90
v 62.4669 -42.3467 90
v 64.5684 -41.9219 90
v 66.6461 -41.3928 90
v 68.6949 -40.7609 90
v 70.7097 -40.0276 90
v 72.6853 -39.1948 90
v 74.6171 -38.2645 90
v 76.5 -37.2391 90
v 78.3295 -36.1211 90
v 80.101 -34.9133 90
v 81.8101 -33.6188 90
v 83.4525 -32.2406 90
v 85.0242 -30.7823 90
v 86.5212 -29.2474 90
v 87.9399 -27.6399 90
v 89.2767 -25.9636 90
v 90.5283 -24.2228 90
v 91.6915 -22.4217 90
v 92.7635 -20.5649 90
v 93.7417 -18.657 90
v 94.6235 -16.7027 90
v 95.4068 -14.7069 90
v 96.0896 -12.6745 90
v 96.6703 -10.6106 90
v 97.1474 -8.52028 90
v 97.5197 -6.40882 90
v 97.7863 -4.28142 90
v 97.9465 -2.14337 90
v 97 52 90
v 96.9925 52.2991 90
v 96.9702 52.5974 90
v 96.933 52.8943 90
v 96.881 53.1889 90
v 96.8145 53.4805 90
v 96.7334 53.7685 90
v 96.6382 54.0521 90
v 96.5289 54.3306 90
v 96.4058 54.6033 90
v 96.2693 54.8695 90
v 96.1197 55.1286 90
v 95.9574 55.3799 90
v 95.7828 55.6228 90
v 95.5963 55.8567 90
v 95.3983 56.081 90
v 95.1894 56.2952 90
v 94.9701 56.4987 90
v 94.7409 56.691 90
v 94.5025 56.8716 90
v 94.2553 57.0402 90
v 94 57.1962 90
v 93.7373 57.3392 90
v 93.4677 57.469 90
v 93.192 57.5852 90
v 92.9109 57.6876 90
v 92.625 57.7757 90
v 92.3351 57.8496 90
v 92.0419 57.9088 90
v 91.7461 57.9534 90
v 91.4484 57.9832 90
v 91.1496 57.9981 90
v 90.8504 57.9981 90
v 90.5516 57.9832 90
v 90.2539 57.9534 90
v 89.9581 57.9088 90
v 89.6649 57.8496 90
v 89.375 57.7757 90
v 89.0891 57.6876 90
v 88.808 57.5852 90
v 88.5323 57.469 90
v 88.2627 57.3392 90
v 88 57.1962 90
v 87.7447 57.0402 90
v 87.4975 56.8716 90
v 87.2591 56.691 90
v 87.0299 56.4987 90
v 86.8106 56.2952 90
v 86.6017 56.081 90
v 86.4037 55.8567 90
v 86.2172 55.6228 90
v 86.0426 55.3799 90
v 85.8803 55.1286 90
v 85.7307 54.8695 90
v 85.5942 54.6033 90
v 85.4711 54.3306 90
v 85.3618 54.0521 90
v 85.2666 53.7685 90
v 85.1855 53.4805 90
v 85.119 53.1889 90
v 85.067 52.8943 90
v 85.0298 52.5974 90
v 85.0075 52.2991 90
v 85 52 90
v 85.0075 51.7009 90
v 85.0298 51.4026 90
v 85.067 51.1057 90
v 85.119 50.8111 90
v 85.1855 50.5195 90
v 85.2666 50.2315 90
v 85.3618 49.9479 90
v 85.4711 49.6694 90
v 85.5942 49.3967 90
v 85.7307 49.1305 90
v 85.8803 48.8714 90
v 86.0426 48.6201 90
v 86.2172 48.3772 90
v 86.4037 48.1433 90
v 86.6017 47.919 90
v 86.8106 47.7048 90
v 87.0299 47.5013 90
v 87.2591 47.309 90
v 87.4975 47.1284 90
v 87.7447 46.9598 90
v 88 46.8038 90
v 88.2627 46.6608 90
v 88.5323 46.531 90
v 88.808 46.4148 90
v 89.0891 46.3124 90
v 89.375 46.2243 90
v 89.6649 46.1504 90
v 89.9581 46.0912 90
v 90.2539 46.0466 90
v 90.5516 46.0168 90
v 90.8504 46.0019 90
v 91.1496 46.0019 90
v 91.4484 46.0168 90
v 91.7461 46.0466 90
v 92.0419 46.0912 90
v 92.3351 46.1504 90
v 92.625 46.2243 90
v 92.9109 46.3124 90
v 93.192 46.4148 90
v 93.4677 46.531 90
v 93.7373 46.6608 90
v 94 46.8038 90
v 94.2553 46.9598 90
v 94.5025 47.1284 90
v 94.7409 47.309 90
v 94.9701 47.5013 90
v 95.1894 47.7048 90
v 95.3983 47.919 90
v 95.5963 48.1433 90
v 95.7828 48.3772 90
v 95.9574 48.6201 90
v 96.1197 48.8714 90
v 96.2693 49.1305 90
v 96.4058 49.3967 90
v 96.5289 49.6694 90
v 96.6382 49.9479 90
v 96.7334 50.2315 90
v 96.8145 50.5195 90
v 96.881 50.8111 90
v 96.933 51.1057 90
v 96.9702 51.4026 90
v 96.9925 51.7009 90
v 10 -60 90
v 10 60 90
v 10 -60 50
v 10 -28 50
v 10 28 50
v 10 27.9652 51.3957
v 10 27.8609 52.7879
v 10 27.6873 54.1732
v 10 27.4448 55.5481
v 10 27.1342 56.9092
v 10 26.756 58.2531
v 10 26.3114 59.5766
v 10 25.8013 60.8762
v 10 25.2271 62.1487
v 10 24.5902 63.3911
v 10 23.8921 64.6002
v 10 23.1347 65.773
v 10 22.3197 66.9065
v 10 21.4492 67.9981
v 10 20.5255 69.0448
v 10 19.5506 70.0443
v 10 18.5272 70.9939
v 10 17.4577 71.8913
v 10 16.3448 72.7343
v 10 15.1913 73.5207
v 10 14 74.2487
v 10 12.7739 74.9164
v 10 11.516 75.5222
v 10 10.2295 76.0645
v 10 8.91763 76.542
v 10 7.58353 76.9535
v 10 6.23059 77.298
v 10 4.86215 77.5746
v 10 3.48162 77.7827
v 10 2.09244 77.9217
v 10 0.698059 77.9913
v 10 -0.698059 77.9913
v 10 -2.09244 77.9217
v 10 -3.48162 77.7827
v 10 -4.86215 77.5746
v 10 -6.23059 77.298
v 10 -7.58353 76.9535
v 10 -8.91763 76.542
v 10 -10.2295 76.0645
v 10 -11.516 75.5222
v 10 -12.7739 74.9164
v 10 -14 74.2487
v 10 -15.1913 73.5207
v 10 -16.3448 72.7343
v 10 -17.4577 71.8913
v 10 -18.5272 70.9939
v 10 -19.5506 70.0443
v 10 -20.5255 69.0448
v 10 -21.4492 67.9981
v 10 -22.3197 66.9065
v 10 -23.1347 65.773
v 10 -23.8921 64.6002
v 10 -24.5902 63.3911
v 10 -25.2271 62.1487
v 10 -25.8013 60.8762
v 10 -26.3114 59.5766
v 10 -26.756 58.2531
v 10 -27.1342 56.9092
v 10 -27.4448 55.5481
v 10 -27.6873 54.1732
v 10 -27.8609 52.7879
v 10 -27.9652 51.3957
v 10 60 50
v -10 28 50
v -10 60 50
v 10 28 50
v 10 60 50
v -10 -60 90
v -10 60 90
v -10 -60 50
v -10 -28 50
v -10 28 50
v -10 27.9652 51.3957
v -10 27.8609 52.7879
v -10 27.6873 54.1732
v -10 27.4448 55.5481
v -10 27.1342 56.9092
v -10 26.756 58.2531
v -10 26.3114 59.5766
v -10 25.8013 60.8762
v -10 25.2271 62.1487
v -10 24.5902 63.3911
v -10 23.8921 64.6002
v -10 23.1347 65.773
v -10 22.3197 66.9065
v -10 21.4492 67.9981
v -10 20.5255 69.0448
v -10 19.5506 70.0443
v -10 18.5272 70.9939
v -10 17.4577 71.8913
v -10 16.3448 72.7343
v -10 15.1913 73.5207
v -10 14 74.2487
v -10 12.7739 74.9164
v -10 11.516 75.5222
v -10 10.2295 76.0645
v -10 8.91763 76.542
v -10 7.58353 76.9535
v -10 6.23059 77.298
v -10 4.86215 77.5746
v -10 3.48162 77.7827
v -10 2.09244 77.9217
v -10 0.698059 77.9913
v -10 -0.698059 77.9913
v -10 -2.09244 77.9217
v -10 -3.48162 77.7827
v -10 -4.86215 77.5746
v -10 -6.23059 77.298
v -10 -7.58353 76.9535
v -10 -8.91763 76.542
v -10 -10.2295 76.0645
v -10 -11.516 75.5222
v -10 -12.7739 74.9164
v -10 -14 74.2487
v -10 -15.1913 73.5207
v -10 -16.3448 72.7343
v -10 -17.4577 71.8913
v -10 -18.5272 70.9939
v -10 -19.5506 70.0443
v -10 -20.5255 69.0448
v -10 -21.4492 67.9981
v -10 -22.3197 66.9065
v -10 -23.1347 65.773
v -10 -23.8921 64.6002
v -10 -24.5902 63.3911
v -10 -25.2271 62.1487
v -10 -25.8013 60.8762
v -10 -26.3114 59.5766
v -10 -26.756 58.2531
v -10 -27.1342 56.9092
v -10 -27.4448 55.5481
v -10 -27.6873 54.1732
v -10 -27.8609 52.7879
v -10 -27.9652 51.3957
v -10 60 50
v -100 60 90
v -10 60 90
v -100 -60 90
v -10 -60 90
v -85 -52 90
v -85.0075 -51.7009 90
v -85.0298 -51.4026 90
v -85.067 -51.1057 90
v -85.119 -50.8111 90
v -85.1855 -50.5195 90
v -85.2666 -50.2315 90
v -85.3618 -49.9479 90
v -85.4711 -49.6694 90
v -85.5942 -49.3967 90
v -85.7307 -49.1305 90
v -85.8803 -48.8714 90
v -86.0426 -48.6201 90
v -86.2172 -48.3772 90
v -86.4037 -48.1433 90
v -86.6017 -47.919 90
v -86.8106 -47.7048 90
v -87.0299 -47.5013 90
v -87.2591 -47.309 90
v -87.4975 -47.1284 90
v -87.7447 -46.9598 90
v -88 -46.8038 90
v -88.2627 -46.6608 90
v -88.5323 -46.531 90
v -88.808 -46.4148 90
v -89.0891 -46.3124 90
v -89.375 -46.2243 90
v -89.6649 -46.1504 90
v -89.9581 -46.0912 90
v -90.2539 -46.0466 90
v -90.5516 -46.0168 90
v -90.8504 -46.0019 90
v -91.1496 -46.0019 90
v -91.4484 -46.0168 90
v -91.7461 -46.0466 90
v -92.0419 -46.0912 90
v -92.3351 -46.1504 90
v -92.625 -46.2243 90
v -92.9109 -46.3124 90
v -93.192 -46.4148 90
v -93.4677 -46.531 90
v -93.7373 -46.6608 90
v -94 -46.8038 90
v -94.2553 -46.9598 90
v -94.5025 -47.1284 90
v -94.7409 -47.309 90
v -94.9701 -47.5013 90
v -95.1894 -47.7048 90
v -95.3983 -47.919 90
v -95.5963 -48.1433 90
v -95.7828 -48.3772 90
v -95.9574 -48.6201 90
v -96.1197 -48.8714 90
v -96.2693 -49.1305 90
v -96.4058 -49.3967 90
v -96.5289 -49.6694 90
v -96.6382 -49.9479 90
v -96.7334 -50.2315 90
v -96.8145 -50.5195 90
v -96.881 -50.8111 90
v -96.933 -51.1057 90
v -96.9702 -51.4026 90
v -96.9925 -51.7009 90
v -97 -52 90
v -96.9925 -52.2991 90
v -96.9702 -52.5974 90
v -96.933 -52.8943 90
v -96.881 -53.1889 90
v -96.8145 -53.4805 90
v -96.7334 -53.7685 90
v -96.6382 -54.0521 90
v -96.5289 -54.3306 90
v -96.4058 -54.6033 90
v -96.2693 -54.8695 90
v -96.1197 -55.1286 90
v -95.9574 -55.3799 90
v -95.7828 -55.6228 90
v -95.5963 -55.8567 90
v -95.3983 -56.081 90
v -95.1894 -56.2952 90
v -94.9701 -56.4987 90
v -94.7409 -56.691 90
v -94.5025 -56.8716 90
v -94.2553 -57.0402 90
v -94 -57.1962 90
v -93.7373 -57.3392 90
v -93.4677 -57.469 90
v -93.192 -57.5852 90
v -92.9109 -57.6876 90
v -92.625 -57.7757 90
v -92.3351 -57.8496 90
v -92.0419 -57.9088 90
v -91.7461 -57.9534 90
v -91.4484 -57.9832 90
v -91.1496 -57.9981 90
v -90.8504 -57.9981 90
v -90.5516 -57.9832 90
v -90.2539 -57.9534 90
v -89.9581 -57.9088 90
v -89.6649 -57.8496 90
v -89.375 -57.7757 90
v -89.0891 -57.6876 90
v -88.808 -57.5852 90
v -88.5323 -57.469 90
v -88.2627 -57.3392 90
v -88 -57.1962 90
v -87.7447 -57.0402 90
v -87.4975 -56.8716 90
v -87.2591 -56.691 90
v -87.0299 -56.4987 90
v -86.8106 -56.2952 90
v -86.6017 -56.081 90
v -86.4037 -55.8567 90
v -86.2172 -55.6228 90
v -86.0426 -55.3799 90
v -85.8803 -55.1286 90
v -85.7307 -54.8695 90
v -85.5942 -54.6033 90
v -85.4711 -54.3306 90
v -85.3618 -54.0521 90
v -85.2666 -53.7685 90
v -85.1855 -53.4805 90
v -85.119 -53.1889 90
v -85.067 -52.8943 90
v -85.0298 -52.5974 90
v -85.0075 -52.2991 90
v -13 -52 90
v -13.0075 -51.7009 90
v -13.0298 -51.4026 90
v -13.067 -51.1057 90
v -13.119 -50.8111 90
v -13.1855 -50.5195 90
v -13.2666 -50.2315 90
v -13.3618 -49.9479 90
v -13.4711 -49.6694 90
v -13.5942 -49.3967 90
v -13.7307 -49.1305 90
v -13.8803 -48.8714 90
v -14.0426 -48.6201 90
v -14.2172 -48.3772 90
v -14.4037 -48.1433 90
v -14.6017 -47.919 90
v -14.8106 -47.7048 90
v -15.0299 -47.5013 90
v -15.2591 -47.309 90
v -15.4975 -47.1284 90
v -15.7447 -46.9598 90
v -16 -46.8038 90
v -16.2627 -46.6608 90
v -16.5323 -46.531 90
v -16.808 -46.4148 90
v -17.0891 -46.3124 90
v -17.375 -46.2243 90
v -17.6649 -46.1504 90
v -17.9581 -46.0912 90
v -18.2539 -46.0466 90
v -18.5516 -46.0168 90
v -18.8504 -46.0019 90
v -19.1496 -46.0019 90
v -19.4484 -46.0168 90
v -19.7461 -46.0466 90
v -20.0419 -46.0912 90
v -20.3351 -46.1504 90
v -20.625 -46.2243 90
v -20.9109 -46.3124 90
v -21.192 -46.4148 90
v -21.4677 -46.531 90
v -21.7373 -46.6608 90
v -22 -46.8038 90
v -22.2553 -46.9598 90
v -22.5025 -47.1284 90
v -22.7409 -47.309 90
v -22.9701 -47.5013 90
v -23.1894 -47.7048 90
v -23.3983 -47.919 90
v -23.5963 -48.1433 90
v -23.7828 -48.3772 90
v -23.9574 -48.6201 90
v -24.1197 -48.8714 90
v -24.2693 -49.1305 90
v -24.4058 -49.3967 90
v -24.5289 -49.6694 90
v -24.6382 -49.9479 90
v -24.7334 -50.2315 90
v -24.8145 -50.5195 90
v -24.881 -50.8111 90
v -24.933 -51.1057 90
v -24.9702 -51.4026 90
v -24.9925 -51.7009 90
v -25 -52 90
v -24.9925 -52.2991 90
v -24.9702 -52.5974 90
v -24.933 -52.8943 90
v -24.881 -53.1889 90
v -24.8145 -53.4805 90
v -24.7334 -53.7685 90
v -24.6382 -54.0521 90
v -24.5289 -54.3306 90
v -24.4058 -54.6033 90
v -24.2693 -54.8695 90
v -24.1197 -55.1286 90
v -23.9574 -55.3799 90
v -23.7828 -55.6228 90
v -23.5963 -55.8567 90
v -23.3983 -56.081 90
v -23.1894 -56.2952 90
v -22.9701 -56.4987 90
v -22.7409 -56.691 90
v -22.5025 -56.8716 90
v -22.2553 -57.0402 90
v -22 -57.1962 90
v -21.7373 -57.3392 90
v -21.4677 -57.469 90
v -21.192 -57.5852 90
v -20.9109 -57.6876 90
v -20.625 -57.7757 90
v -20.3351 -57.8496 90
v -20.0419 -57.9088 90
v -19.7461 -57.9534 90
v -19.4484 -57.9832 90
v -19.1496 -57.9981 90
v -18.8504 -57.9981 90
v -18.5516 -57.9832 90
v -18.2539 -57.9534 90
v -17.9581 -57.9088 90
v -17.6649 -57.8496 90
v -17.375 -57.7757 90
v -17.0891 -57.6876 90
v -16.808 -57.5852 90
v -16.5323 -57.469 90
v -16.2627 -57.3392 90
v -16 -57.1962 90
v -15.7447 -57.0402 90
v -15.4975 -56.8716 90
v -15.2591 -56.691 90
v -15.0299 -56.4987 90
v -14.8106 -56.2952 90
v -14.6017 -56.081 90
v -14.4037 -55.8567 90
v -14.2172 -55.6228 90
v -14.0426 -55.3799 90
v -13.8803 -55.1286 90
v -13.7307 -54.8695 90
v -13.5942 -54.6033 90
v -13.4711 -54.3306 90
v -13.3618 -54.0521 90
v -13.2666 -53.7685 90
v -13.1855 -53.4805 90
v -13.119 -53.1889 90
v -13.067 -52.8943 90
v -13.0298 -52.5974 90
v -13.0075 -52.2991 90
v -85 52 90
v -85.0075 52.2991 90
v -85.0298 52.5974 90
v -85.067 52.8943 90
v -85.119 53.1889 90
v -85.1855 53.4805 90
v -85.2666 53.7685 90
v -85.3618 54.0521 90
v -85.4711 54.3306 90
v -85.5942 54.6033 90
v -85.7307 54.8695 90
v -85.8803 55.1286 90
v -86.0426 55.3799 90
v -86.2172 55.6228 90
v -86.4037 55.8567 90
v -86.6017 56.081 90
v -86.8106 56.2952 90
v -87.0299 56.4987 90
v -87.2591 56.691 90
v -87.4975 56.8716 90
v -87.7447 57.0402 90
v -88 57.1962 90
v -88.2627 57.3392 90
v -88.5323 57.469 90
v -88.808 57.5852 90
v -89.0891 57.6876 90
v -89.375 57.7757 90
v -89.6649 57.8496 90
v -89.9581 57.9088 90
v -90.2539 57.9534 90
v -90.5516 57.9832 90
v -90.8504 57.9981 90
v -91.1496 57.9981 90
v -91.4484 57.9832 90
v -91.7461 57.9534 90
v -92.0419 57.9088 90
v -92.3351 57.8496 90
v -92.625 57.7757 90
v -92.9109 57.6876 90
v -93.192 57.5852 90
v -93.4677 57.469 90
v -93.7373 57.3392 90
v -94 57.1962 90
v -94.2553 57.0402 90
v -94.5025 56.8716 90
v -94.7409 56.691 90
v -94.9701 56.4987 90
v -95.1894 56.2952 90
v -95.3983 56.081 90
v -95.5963 55.8567 90
v -95.7828 55.6228 90
v -95.9574 55.3799 90
v -96.1197 55.1286 90
v -96.2693 54.8695 90
v -96.4058 54.6033 90
v -96.5289 54.3306 90
v -96.6382 54.0521 90
v -96.7334 53.7685 90
v -96.8145 53.4805 90
v -96.881 53.1889 90
v -96.933 52.8943 90
v -96.9702 52.5974 90
v -96.9925 52.2991 90
v -97 52 90
v -96.9925 51.7009 90
v -96.9702 51.4026 90
v -96.933 51.1057 90
v -96.881 50.8111 90
v -96.8145 50.5195 90
v -96.7334 50.2315 90
v -96.6382 49.9479 90
v -96.5289 49.6694 90
v -96.4058 49.3967 90
v -96.2693 49.1305 90
v -96.1197 48.8714 90
v -95.9574 48.6201 90
v -95.7828 48.3772 90
v -95.5963 48.1433 90
v -95.3983 47.919 90
v -95.1894 47.7048 90
v -94.9701 47.5013 90
v -94.7409 47.309 90
v -94.5025 47.1284 90
v -94.2553 46.9598 90
v -94 46.8038 90
v -93.7373 46.6608 90
v -93.4677 46.531 90
v -93.192 46.4148 90
v -92.9109 46.3124 90
v -92.625 46.2243 90
v -92.3351 46.1504 90
v -92.0419 46.0912 90
v -91.7461 46.0466 90
v -91.4484 46.0168 90
v -91.1496 46.0019 90
v -90.8504 46.0019 90
v -90.5516 46.0168 90
v -90.2539 46.0466 90
v -89.9581 46.0912 90
v -89.6649 46.1504 90
v -89.375 46.2243 90
v -89.0891 46.3124 90
v -88.808 46.4148 90
v -88.5323 46.531 90
v -88.2627 46.6608 90
v -88 46.8038 90
v -87.7447 46.9598 90
v -87.4975 47.1284 90
v -87.2591 47.309 90
v -87.0299 47.5013 90
v -86.8106 47.7048 90
v -86.6017 47.919 90
v -86.4037 48.1433 90
v -86.2172 48.3772 90
v -86.0426 48.6201 90
v -85.8803 48.8714 90
v -85.7307 49.1305 90
v -85.5942 49.3967 90
v -85.4711 49.6694 90
v -85.3618 49.9479 90
v -85.2666 50.2315 90
v -85.1855 50.5195 90
v -85.119 50.8111 90
v -85.067 51.1057 90
v -85.0298 51.4026 90
v -85.0075 51.7009 90
v -12 -1.0532e-14 90
v -12.0535 2.14337 90
v -12.2137 4.28142 90
v -12.4803 6.40882 90
v -12.8526 8.52028 90
v -13.3297 10.6106 90
v -13.9104 12.6745 90
v -14.5932 14.7069 90
v -15.3765 16.7027 90
v -16.2583 18.657 90
v -17.2365 20.5649 90
v -18.3085 22.4217 90
v -19.4717 24.2228 90
v -20.7233 25.9636 90
v -22.0601 27.6399 90
v -23.4788 29.2474 90
v -24.9758 30.7823 90
v -26.5475 32.2406 90
v -28.1899 33.6188 90
v -29.899 34.9133 90
v -31.6705 36.1211 90
v -33.5 37.2391 90
v -35.3829 38.2645 90
v -37.3147 39.1948 90
v -39.2903 40.0276 90
v -41.3051 40.7609 90
v -43.3539 41.3928 90
v -45.4316 41.9219 90
v -47.5331 42.3467 90
v -49.6532 42.6663 90
v -51.7866 42.8798 90
v -53.928 42.9866 90
v -56.072 42.9866 90
v -58.2134 42.8798 90
v -60.3468 42.6663 90
v -62.4669 42.3467 90
v -64.5684 41.9219 90
v -66.6461 41.3928 90
v -68.6949 40.7609 90
v -70.7097 40.0276 90
v -72.6853 39.1948 90
v -74.6171 38.2645 90
v -76.5 37.2391 90
v -78.3295 36.1211 90
v -80.101 34.9133 90
v -81.8101 33.6188 90
v -83.4525 32.2406 90
v -85.0242 30.7823 90
v -86.5212 29.2474 90
v -87.9399 27.6399 90
v -89.2767 25.9636 90
v -90.5283 24.2228 90
v -91.6915 22.4217 90
v -92.7635 20.5649 90
v -93.7417 18.657 90
v -94.6235 16.7027 90
v -95.4068 14.7069 90
v -96.0896 12.6745 90
v -96.6703 10.6106 90
v -97.1474 8.52028 90
v -97.5197 6.40882 90
v -97.7863 4.28142 90
v -97.9465 2.14337 90
v -98 -1.47501e-13 90
v -97.9465 -2.14337 90
v -97.7863 -4.28142 90
v -97.5197 -6.40882 90
v -97.1474 -8.52028 90
v -96.6703 -10.6106 90
v -96.0896 -12.6745 90
v -95.4068 -14.7069 90
v -94.6235 -16.7027 90
v -93.7417 -18.657 90
v -92.7635 -20.5649 90
v -91.6915 -22.4217 90
v -90.5283 -24.2228 90
v -89.2767 -25.9636 90
v -87.9399 -27.6399 90
v -86.5212 -29.2474 90
v -85.0242 -30.7823 90
v -83.4525 -32.2406 90
v -81.8101 -33.6188 90
v -80.101 -34.9133 90
v -78.3295 -36.1211 90
v -76.5 -37.2391 90
v -74.6171 -38.2645 90
v -72.6853 -39.1948 90
v -70.7097 -40.0276 90
v -68.6949 -40.7609 90
v -66.6461 -41.3928 90
v -64.5684 -41.9219 90
v -62.4669 -42.3467 90
v -60.3468 -42.6663 90
v -58.2134 -42.8798 90
v -56.072 -42.9866 90
v -53.928 -42.9866 90
v -51.7866 -42.8798 90
v -49.6532 -42.6663 90
v -47.5331 -42.3467 90
v -45.4316 -41.9219 90
v -43.3539 -41.3928 90
v -41.3051 -40.7609 90
v -39.2903 -40.0276 90
v -37.3147 -39.1948 90
v -35.3829 -38.2645 90
v -33.5 -37.2391 90
v -31.6705 -36.1211 90
v -29.899 -34.9133 90
v -28.1899 -33.6188 90
v -26.5475 -32.2406 90
v -24.9758 -30.7823 90
v -23.4788 -29.2474 90
v -22.0601 -27.6399 90
v -20.7233 -25.9636 90
v -19.4717 -24.2228 90
v -18.3085 -22.4217 90
v -17.2365 -20.5649 90
v -16.2583 -18.657 90
v -15.3765 -16.7027 90
v -14.5932 -14.7069 90
v -13.9104 -12.6745 90
v -13.3297 -10.6106 90
v -12.8526 -8.52028 90
v -12.4803 -6.40882 90
v -12.2137 -4.28142 90
v -12.0535 -2.14337 90
v -13 52 90
v -13.0075 52.2991 90
v -13.0298 52.5974 90
v -13.067 52.8943 90
v -13.119 53.1889 90
v -13.1855 53.4805 90
v -13.2666 53.7685 90
v -13.3618 54.0521 90
v -13.4711 54.3306 90
v -13.5942 54.6033 90
v -13.7307 54.8695 90
v -13.8803 55.1286 90
v -14.0426 55.3799 90
v -14.2172 55.6228 90
v -14.4037 55.8567 90
v -14.6017 56.081 90
v -14.8106 56.2952 90
v -15.0299 56.4987 90
v -15.2591 56.691 90
v -15.4975 56.8716 90
v -15.7447 57.0402 90
v -16 57.1962 90
v -16.2627 57.3392 90
v -16.5323 57.469 90
v -16.808 57.5852 90
v -17.0891 57.6876 90
v -17.375 57.7757 90
v -17.6649 57.8496 90
v -17.9581 57.9088 90
v -18.2539 57.9534 90
v -18.5516 57.9832 90
v -18.8504 57.9981 90
v -19.1496 57.9981 90
v -19.4484 57.9832 90
v -19.7461 57.9534 90
v -20.0419 57.9088 90
v -20.3351 57.8496 90
v -20.625 57.7757 90
v -20.9109 57.6876 90
v -21.192 57.5852 90
v -21.4677 57.469 90
v -21.7373 57.3392 90
v -22 57.1962 90
v -22.2553 57.0402 90
v -22.5025 56.8716 90
v -22.7409 56.691 90
v -22.9701 56.4987 90
v -23.1894 56.2952 90
v -23.3983 56.081 90
v -23.5963 55.8567 90
v -23.7828 55.6228 90
v -23.9574 55.3799 90
v -24.1197 55.1286 90
v -24.2693 54.8695 90
v -24.4058 54.6033 90
v -24.5289 54.3306 90
v -24.6382 54.0521 90
v -24.7334 53.7685 90
v -24.8145 53.4805 90
v -24.881 53.1889 90
v -24.933 52.8943 90
v -24.9702 52.5974 90
v -24.9925 52.2991 90
v -25 52 90
v -24.9925 51.7009 90
v -24.9702 51.4026 90
v -24.933 51.1057 90
v -24.881 50.8111 90
v -24.8145 50.5195 90
v -24.7334 50.2315 90
v -24.6382 49.9479 90
v -24.5289 49.6694 90
v -24.4058 49.3967 90
v -24.2693 49.1305 90
v -24.1197 48.8714 90
v -23.9574 48.6201 90
v -23.7828 48.3772 90
v -23.5963 48.1433 90
v -23.3983 47.919 90
v -23.1894 47.7048 90
v -22.9701 47.5013 90
v -22.7409 47.309 90
v -22.5025 47.1284 90
v -22.2553 46.9598 90
v -22 46.8038 90
v -21.7373 46.6608 90
v -21.4677 46.531 90
v -21.192 46.4148 90
v -20.9109 46.3124 90
v -20.625 46.2243 90
v -20.3351 46.1504 90
v -20.0419 46.0912 90
v -19.7461 46.0466 90
v -19.4484 46.0168 90
v -19.1496 46.0019 90
v -18.8504 46.0019 90
v -18.5516 46.0168 90
v -18.2539 46.0466 90
v -17.9581 46.0912 90
v -17.6649 46.1504 90
v -17.375 46.2243 90
v -17.0891 46.3124 90
v -16.808 46.4148 90
v -16.5323 46.531 90
v -16.2627 46.6608 90
v -16 46.8038 90
v -15.7447 46.9598 90
v -15.4975 47.1284 90
v -15.2591 47.309 90
v -15.0299 47.5013 90
v -14.8106 47.7048 90
v -14.6017 47.919 90
v -14.4037 48.1433 90
v -14.2172 48.3772 90
v -14.0426 48.6201 90
v -13.8803 48.8714 90
v -13.7307 49.1305 90
v -13.5942 49.3967 90
v -13.4711 49.6694 90
v -13.3618 49.9479 90
v -13.2666 50.2315 90
v -13.1855 50.5195 90
v -13.119 50.8111 90
v -13.067 51.1057 90
v -13.0298 51.4026 90
v -13.0075 51.7009 90
v -100 -60 90
v -100 60 90
v -100 -60 50
v -100 -28 50
v -100 28 50
v -100 27.9652 51.3957
v -100 27.8609 52.7879
v -100 27.6873 54.1732
v -100 27.4448 55.5481
v -100 27.1342 56.9092
v -100 26.756 58.2531
v -100 26.3114 59.5766
v -100 25.8013 60.8762
v -100 25.2271 62.1487
v -100 24.5902 63.3911
v -100 23.8921 64.6002
v -100 23.1347 65.773
v -100 22.3197 66.9065
v -100 21.4492 67.9981
v -100 20.5255 69.0448
v -100 19.5506 70.0443
v -100 18.5272 70.9939
v -100 17.4577 71.8913
v -100 16.3448 72.7343
v -100 15.1913 73.5207
v -100 14 74.2487
v -100 12.7739 74.9164
v -100 11.516 75.5222
v -100 10.2295 76.0645
v -100 8.91763 76.542
v -100 7.58353 76.9535
v -100 6.23059 77.298
v -100 4.86215 77.5746
v -100 3.48162 77.7827
v -100 2.09244 77.9217
v -100 0.698059 77.9913
v -100 -0.698059 77.9913
v -100 -2.09244 77.9217
v -100 -3.48162 77.7827
v -100 -4.86215 77.5746
v -100 -6.23059 77.298
v -100 -7.58353 76.9535
v -100 -8.91763 76.542
v -100 -10.2295 76.0645
v -100 -11.516 75.5222
v -100 -12.7739 74.9164
v -100 -14 74.2487
v -100 -15.1913 73.5207
v -100 -16.3448 72.7343
v -100 -17.4577 71.8913
v -100 -18.5272 70.9939
v -100 -19.5506 70.0443
v -100 -20.5255 69.0448
v -100 -21.4492 67.9981
v -100 -22.3197 66.9065
v -100 -23.1347 65.773
v -100 -23.8921 64.6002
v -100 -24.5902 63.3911
v -100 -25.2271 62.1487
v -100 -25.8013 60.8762
v -100 -26.3114 59.5766
v -100 -26.756 58.2531
v -100 -27.1342 56.9092
v -100 -27.4448 55.5481
v -100 -27.6873 54.1732
v -100 -27.8609 52.7879
v -100 -27.9652 51.3957
v -100 60 50
v -120 28 50
v -120 60 50
v -100 28 50
v -100 60 50
v -120 -60 90
v -120 60 90
v -120 -60 50
v -120 -28 50
v -120 28 50
v -120 27.9652 51.3957
v -120 27.8609 52.7879
v -120 27.6873 54.1732
v -120 27.4448 55.5481
v -120 27.1342 56.9092
v -120 26.756 58.2531
v -120 26.3114 59.5766
v -120 25.8013 60.8762
v -120 25.2271 62.1487
v -120 24.5902 63.3911
v -120 23.8921 64.6002
v -120 23.1347 65.773
v -120 22.3197 66.9065
v -120 21.4492 67.9981
v -120 20.5255 69.0448
v -120 19.5506 70.0443
v -120 18.5272 70.9939
v -120 17.4577 71.8913
v -120 16.3448 72.7343
v -120 15.1913 73.5207
v -120 14 74.2487
v -120 12.7739 74.9164
v -120 11.516 75.5222
v -120 10.2295 76.0645
v -120 8.91763 76.542
v -120 7.58353 76.9535
v -120 6.23059 77.298
v -120 4.86215 77.5746
v -120 3.48162 77.7827
v -120 2.09244 77.9217
v -120 0.698059 77.9913
v -120 -0.698059 77.9913
v -120 -2.09244 77.9217
v -120 -3.48162 77.7827
v -120 -4.86215 77.5746
v -120 -6.23059 77.298
v -120 -7.58353 76.9535
v -120 -8.91763 76.542
v -120 -10.2295 76.0645
v -120 -11.516 75.5222
v -120 -12.7739 74.9164
v -120 -14 74.2487
v -120 -15.1913 73.5207
v -120 -16.3448 72.7343
v -120 -17.4577 71.8913
v -120 -18.5272 70.9939
v -120 -19.5506 70.0443
v -120 -20.5255 69.0448
v -120 -21.4492 67.9981
v -120 -22.3197 66.9065
v -120 -23.1347 65.773
v -120 -23.8921 64.6002
v -120 -24.5902 63.3911
v -120 -25.2271 62.1487
v -120 -25.8013 60.8762
v -120 -26.3114 59.5766
v -120 -26.756 58.2531
v -120 -27.1342 56.9092
v -120 -27.4448 55.5481
v -120 -27.6873 54.1732
v -120 -27.8609 52.7879
v -120 -27.9652 51.3957
v -120 60 50
v 100 -60 50
v 100 -28 50
v 120 -60 50
v 120 -28 50
v -10 -60 50
v -10 -28 50
v 10 -60 50
v 10 -28 50
v -120 -60 50
v -120 -28 50
v -100 -60 50
v -100 -28 50
v 120 28 50
v 120 27.9652 51.3957
v 120 27.8609 52.7879
v 120 27.6873 54.1732
v 120 27.4448 55.5481
v 120 27.1342 56.9092
v 120 26.756 58.2531
v 120 26.3114 59.5766
v 120 25.8013 60.8762
v 120 25.2271 62.1487
v 120 24.5902 63.3911
v 120 23.8921 64.6002
v 120 23.1347 65.773
v 120 22.3197 66.9065
v 120 21.4492 67.9981
v 120 20.5255 69.0448
v 120 19.5506 70.0443
v 120 18.5272 70.9939
v 120 17.4577 71.8913
v 120 16.3448 72.7343
v 120 15.1913 73.5207
v 120 14 74.2487
v 120 12.7739 74.9164
v 120 11.516 75.5222
v 120 10.2295 76.0645
v 120 8.91763 76.542
v 120 7.58353 76.9535
v 120 6.23059 77.298
v 120 4.86215 77.5746
v 120 3.48162 77.7827
v 120 2.09244 77.9217
v 120 0.698059 77.9913
v 120 -0.698059 77.9913
v 120 -2.09244 77.9217
v 120 -3.48162 77.7827
v 120 -4.86215 77.5746
v 120 -6.23059 77.298
v 120 -7.58353 76.9535
v 120 -8.91763 76.542
v 120 -10.2295 76.0645
v 120 -11.516 75.5222
v 120 -12.7739 74.9164
v 120 -14 74.2487
v 120 -15.1913 73.5207
v 120 -16.3448 72.7343
v 120 -17.4577 71.8913
v 120 -18.5272 70.9939
v 120 -19.5506 70.0443
v 120 -20.5255 69.0448
v 120 -21.4492 67.9981
v 120 -22.3197 66.9065
v 120 -23.1347 65.773
v 120 -23.8921 64.6002
v 120 -24.5902 63.3911
v 120 -25.2271 62.1487
v 120 -25.8013 60.8762
v 120 -26.3114 59.5766
v 120 -26.756 58.2531
v 120 -27.1342 56.9092
v 120 -27.4448 55.5481
v 120 -27.6873 54.1732
v 120 -27.8609 52.7879
v 120 -27.9652 51.3957
v 120 -28 50
v 100 28 50
v 100 27.9652 51.3957
v 100 27.8609 52.7879
v 100 27.6873 54.1732
v 100 27.4448 55.5481
v 100 27.1342 56.9092
v 100 26.756 58.2531
v 100 26.3114 59.5766
v 100 25.8013 60.8762
v 100 25.2271 62.1487
v 100 24.5902 63.3911
v 100 23.8921 64.6002
v 100 23.1347 65.773
v 100 22.3197 66.9065
v 100 21.4492 67.9981
v 100 20.5255 69.0448
v 100 19.5506 70.0443
v 100 18.5272 70.9939
v 100 17.4577 71.8913
v 100 16.3448 72.7343
v 100 15.1913 73.5207
v 100 14 74.2487
v 100 12.7739 74.9164
v 100 11.516 75.5222
v 100 10.2295 76.0645
v 100 8.91763 76.542
v 100 7.58353 76.9535
v 100 6.23059 77.298
v 100 4.86215 77.5746
v 100 3.48162 77.7827
v 100 2.09244 77.9217
v 100 0.698059 77.9913
v 100 -0.698059 77.9913
v 100 -2.09244 77.9217
v 100 -3.48162 77.7827
v 100 -4.86215 77.5746
v 100 -6.23059 77.298
v 100 -7.58353 76.9535
v 100 -8.91763 76.542
v 100 -10.2295 76.0645
v 100 -11.516 75.5222
v 100 -12.7739 74.9164
v 100 -14 74.2487
v 100 -15.1913 73.5207
v 100 -16.3448 72.7343
v 100 -17.4577 71.8913
v 100 -18.5272 70.9939
v 100 -19.5506 70.0443
v 100 -20.5255 69.0448
v 100 -21.4492 67.9981
v 100 -22.3197 66.9065
v 100 -23.1347 65.773
v 100 -23.8921 64.6002
v 100 -24.5902 63.3911
v 100 -25.2271 62.1487
v 100 -25.8013 60.8762
v 100 -26.3114 59.5766
v 100 -26.756 58.2531
v 100 -27.1342 56.9092
v 100 -27.4448 55.5481
v 100 -27.6873 54.1732
v 100 -27.8609 52.7879
v 100 -27.9652 51.3957
v 100 -28 50
v 10 28 50
v 10 27.9652 51.3957
v 10 27.8609 52.7879
v 10 27.6873 54.1732
v 10 27.4448 55.5481
v 10 27.1342 56.9092
v 10 26.756 58.2531
v 10 26.3114 59.5766
v 10 25.8013 60.8762
v 10 25.2271 62.1487
v 10 24.5902 63.3911
v 10 23.8921 64.6002
v 10 23.1347 65.773
v 10 22.3197 66.9065
v 10 21.4492 67.9981
v 10 20.5255 69.0448
v 10 19.5506 70.0443
v 10 18.5272 70.9939
v 10 17.4577 71.8913
v 10 16.3448 72.7343
v 10 15.1913 73.5207
v 10 14 74.2487
v 10 12.7739 74.9164
v 10 11.516 75.5222
v 10 10.2295 76.0645
v 10 8.91763 76.542
v 10 7.58353 76.9535
v 10 6.23059 77.298
v 10 4.86215 77.5746
v 10 3.48162 77.7827
v 10 2.09244 77.9217
v 10 0.698059 77.9913
v 10 -0.698059 77.9913
v 10 -2.09244 77.9217
v 10 -3.48162 77.7827
v 10 -4.86215 77.5746
v 10 -6.23059 77.298
v 10 -7.58353 76.9535
v 10 -8.91763 76.542
v 10 -10.2295 76.0645
v 10 -11.516 75.5222
v 10 -12.7739 74.9164
v 10 -14 74.2487
v 10 -15.1913 73.5207
v 10 -16.3448 72.7343
v 10 -17.4577 71.8913
v 10 -18.5272 70.9939
v 10 -19.5506 70.0443
v 10 -20.5255 69.0448
v 10 -21.4492 67.9981
v 10 -22.3197 66.9065
v 10 -23.1347 65.773
v 10 -23.8921 64.6002
v 10 -24.5902 63.3911
v 10 -25.2271 62.1487
v 10 -25.8013 60.8762
v 10 -26.3114 59.5766
v 10 -26.756 58.2531
v 10 -27.1342 56.9092
v 10 -27.4448 55.5481
v 10 -27.6873 54.1732
v 10 -27.8609 52.7879
v 10 -27.9652 51.3957
v 10 -28 50
v -10 28 50
v -10 27.9652 51.3957
v -10 27.8609 52.7879
v -10 27.6873 54.1732
v -10 27.4448 55.5481
v -10 27.1342 56.9092
v -10 26.756 58.2531
v -10 26.3114 59.5766
v -10 25.8013 60.8762
v -10 25.2271 62.1487
v -10 24.5902 63.3911
v -10 23.8921 64.6002
v -10 23.1347 65.773
v -10 22.3197 66.9065
v -10 21.4492 67.9981
v -10 20.5255 69.0448
v -10 19.5506 70.0443
v -10 18.5272 70.9939
v -10 17.4577 71.8913
v -10 16.3448 72.7343
v -10 15.1913 73.5207
v -10 14 74.2487
v -10 12.7739 74.9164
v -10 11.516 75.5222
v -10 10.2295 76.0645
v -10 8.91763 76.542
v -10 7.58353 76.9535
v -10 6.23059 77.298
v -10 4.86215 77.5746
v -10 3.48162 77.7827
v -10 2.09244 77.9217
v -10 0.698059 77.9913
v -10 -0.698059 77.9913
v -10 -2.09244 77.9217
v -10 -3.48162 77.7827
v -10 -4.86215 77.5746
v -10 -6.23059 77.298
v -10 -7.58353 76.9535
v -10 -8.91763 76.542
v -10 -10.2295 76.0645
v -10 -11.516 75.5222
v -10 -12.7739 74.9164
v -10 -14 74.2487
v -10 -15.1913 73.5207
v -10 -16.3448 72.7343
v -10 -17.4577 71.8913
v -10 -18.5272 70.9939
v -10 -19.5506 70.0443
v -10 -20.5255 69.0448
v -10 -21.4492 67.9981
v -10 -22.3197 66.9065
v -10 -23.1347 65.773
v -10 -23.8921 64.6002
v -10 -24.5902 63.3911
v -10 -25.2271 62.1487
v -10 -25.8013 60.8762
v -10 -26.3114 59.5766
v -10 -26.756 58.2531
v -10 -27.1342 56.9092
v -10 -27.4448 55.5481
v -10 -27.6873 54.1732
v -10 -27.8609 52.7879
v -10 -27.9652 51.3957
v -10 -28 50
v -100 28 50
v -100 27.9652 51.3957
v -100 27.8609 52.7879
v -100 27.6873 54.1732
v -100 27.4448 55.5481
v -100 27.1342 56.9092
v -100 26.756 58.2531
v -100 26.3114 59.5766
v -100 25.8013 60.8762
v -100 25.2271 62.1487
v -100 24.5902 63.3911
v -100 23.8921 64.6002
v -100 23.1347 65.773
v -100 22.3197 66.9065
v -100 21.4492 67.9981
v -100 20.5255 69.0448
v -100 19.5506 70.0443
v -100 18.5272 70.9939
v -100 17.4577 71.8913
v -100 16.3448 72.7343
v -100 15.1913 73.5207
v -100 14 74.2487
v -100 12.7739 74.9164
v -100 11.516 75.5222
v -100 10.2295 76.0645
v -100 8.91763 76.542
v -100 7.58353 76.9535
v -100 6.23059 77.298
v -100 4.86215 77.5746
v -100 3.48162 77.7827
v -100 2.09244 77.9217
v -100 0.698059 77.9913
v -100 -0.698059 77.9913
v -100 -2.09244 77.9217
v -100 -3.48162 77.7827
v -100 -4.86215 77.5746
v -100 -6.23059 77.298
v -100 -7.58353 76.9535
v -100 -8.91763 76.542
v -100 -10.2295 76.0645
v -100 -11.516 75.5222
v -100 -12.7739 74.9164
v -100 -14 74.2487
v -100 -15.1913 73.5207
v -100 -16.3448 72.7343
v -100 -17.4577 71.8913
v -100 -18.5272 70.9939
v -100 -19.5506 70.0443
v -100 -20.5255 69.0448
v -100 -21.4492 67.9981
v -100 -22.3197 66.9065
v -100 -23.1347 65.773
v -100 -23.8921 64.6002
v -100 -24.5902 63.3911
v -100 -25.2271 62.1487
v -100 -25.8013 60.8762
v -100 -26.3114 59.5766
v -100 -26.756 58.2531
v -100 -27.1342 56.9092
v -100 -27.4448 55.5481
v -100 -27.6873 54.1732
v -100 -27.8609 52.7879
v -100 -27.9652 51.3957
v -100 -28 50
v -120 28 50
v -120 27.9652 51.3957
v -120 27.8609 52.7879
v -120 27.6873 54.1732
v -120 27.4448 55.5481
v -120 27.1342 56.9092
v -120 26.756 58.2531
v -120 26.3114 59.5766
v -120 25.8013 60.8762
v -120 25.2271 62.1487
v -120 24.5902 63.3911
v -120 23.8921 64.6002
v -120 23.1347 65.773
v -120 22.3197 66.9065
v -120 21.4492 67.9981
v -120 20.5255 69.0448
v -120 19.5506 70.0443
v -120 18.5272 70.9939
v -120 17.4577 71.8913
v -120 16.3448 72.7343
v -120 15.1913 73.5207
v -120 14 74.2487
v -120 12.7739 74.9164
v -120 11.516 75.5222
v -120 10.2295 76.0645
v -120 8.91763 76.542
v -120 7.58353 76.9535
v -120 6.23059 77.298
v -120 4.86215 77.5746
v -120 3.48162 77.7827
v -120 2.09244 77.9217
v -120 0.698059 77.9913
v -120 -0.698059 77.9913
v -120 -2.09244 77.9217
v -120 -3.48162 77.7827
v -120 -4.86215 77.5746
v -120 -6.23059 77.298
v -120 -7.58353 76.9535
v -120 -8.91763 76.542
v -120 -10.2295 76.0645
v -120 -11.516 75.5222
v -120 -12.7739 74.9164
v -120 -14 74.2487
v -120 -15.1913 73.5207
v -120 -16.3448 72.7343
v -120 -17.4577 71.8913
v -120 -18.5272 70.9939
v -120 -19.5506 70.0443
v -120 -20.5255 69.0448
v -120 -21.4492 67.9981
v -120 -22.3197 66.9065
v -120 -23.1347 65.773
v -120 -23.8921 64.6002
v -120 -24.5902 63.3911
v -120 -25.2271 62.1487
v -120 -25.8013 60.8762
v -120 -26.3114 59.5766
v -120 -26.756 58.2531
v -120 -27.1342 56.9092
v -120 -27.4448 55.5481
v -120 -27.6873 54.1732
v -120 -27.8609 52.7879
v -120 -27.9652 51.3957
v -120 -28 50
f 6 8 7
f 2 8 6
f 5 4 3
f 1 6 5
f 1 2 6
f 1 5 3
f 91 9 92
f 93 92 9
f 90 9 91
f 94 93 9
f 89 9 90
f 95 94 9
f 88 9 89
f 96 95 9
f 87 9 88
f 97 96 9
f 86 9 87
f 98 97 9
f 85 9 86
f 99 98 9
f 84 9 85
f 100 99 9
f 83 9 84
f 101 100 9
f 82 9 83
f 102 101 9
f 81 9 82
f 103 102 9
f 80 9 81
f 104 103 9
f 79 9 80
f 105 104 9
f 78 9 79
f 106 105 9
f 77 9 78
f 107 106 9
f 76 9 77
f 108 107 9
f 75 9 76
f 109 108 9
f 74 9 75
f 110 109 9
f 73 9 74
f 111 110 9
f 72 9 73
f 71 9 72
f 70 9 71
f 69 9 70
f 68 9 69
f 596 44 43
f 596 45 44
f 596 46 45
f 595 47 46
f 595 48 47
f 595 46 596
f 595 49 48
f 595 50 49
f 597 40 39
f 597 41 40
f 597 42 41
f 597 43 42
f 597 596 43
f 594 51 50
f 594 52 51
f 594 53 52
f 594 50 595
f 598 37 36
f 598 38 37
f 598 39 38
f 598 597 39
f 593 53 594
f 593 54 53
f 593 55 54
f 593 56 55
f 599 33 32
f 599 34 33
f 599 35 34
f 599 36 35
f 599 598 36
f 592 56 593
f 592 57 56
f 592 58 57
f 600 29 28
f 600 30 29
f 600 31 30
f 600 32 31
f 600 599 32
f 591 58 592
f 591 59 58
f 591 60 59
f 591 61 60
f 601 25 24
f 601 26 25
f 601 27 26
f 601 28 27
f 601 600 28
f 590 61 591
f 590 62 61
f 590 63 62
f 602 22 21
f 602 23 22
f 602 24 23
f 602 601 24
f 589 64 63
f 589 65 64
f 589 63 590
f 603 602 21
f 603 18 17
f 603 19 18
f 603 20 19
f 603 21 20
f 588 66 65
f 588 65 589
f 588 67 66
f 604 15 14
f 604 16 15
f 604 17 16
f 604 603 17
f 587 67 588
f 587 9 68
f 587 68 67
f 605 14 13
f 605 138 137
f 605 13 138
f 605 604 14
f 586 9 587
f 606 135 134
f 606 136 135
f 606 137 136
f 606 605 137
f 585 9 586
f 607 133 132
f 607 134 133
f 607 606 134
f 584 9 585
f 608 130 129
f 608 131 130
f 608 132 131
f 608 607 132
f 583 9 584
f 609 128 127
f 609 129 128
f 609 608 129
f 582 9 583
f 610 126 125
f 610 127 126
f 610 609 127
f 581 9 582
f 611 124 123
f 611 125 124
f 611 610 125
f 580 9 581
f 218 611 123
f 218 612 611
f 217 612 218
f 219 123 122
f 219 218 123
f 216 612 217
f 216 613 612
f 220 121 120
f 220 122 121
f 220 219 122
f 215 613 216
f 221 120 119
f 221 220 120
f 214 613 215
f 214 614 613
f 222 221 119
f 213 614 214
f 223 118 117
f 223 119 118
f 223 222 119
f 212 615 614
f 212 614 213
f 224 223 117
f 211 615 212
f 225 117 116
f 225 224 117
f 210 615 211
f 226 115 114
f 226 116 115
f 226 225 116
f 209 616 615
f 209 615 210
f 227 226 114
f 208 616 209
f 228 114 113
f 228 227 114
f 207 617 616
f 207 616 208
f 229 112 111
f 229 113 112
f 229 228 113
f 206 617 207
f 230 111 9
f 230 229 111
f 205 617 206
f 231 230 9
f 204 618 617
f 204 617 205
f 232 231 9
f 203 618 204
f 233 232 9
f 202 618 203
f 234 233 9
f 201 619 618
f 201 618 202
f 200 619 201
f 199 619 200
f 198 620 619
f 198 619 199
f 197 620 198
f 196 620 197
f 195 620 196
f 194 620 195
f 621 620 194
f 621 194 193
f 192 621 193
f 191 621 192
f 622 188 187
f 622 189 188
f 622 190 189
f 622 191 190
f 622 621 191
f 10 574 573
f 10 575 574
f 10 576 575
f 10 577 576
f 10 578 577
f 10 579 578
f 10 580 579
f 10 9 580
f 623 622 187
f 623 184 183
f 623 185 184
f 623 186 185
f 623 187 186
f 624 623 183
f 624 180 179
f 624 181 180
f 624 182 181
f 624 183 182
f 625 624 179
f 625 177 176
f 625 178 177
f 625 179 178
f 626 625 176
f 626 173 172
f 626 174 173
f 626 175 174
f 626 176 175
f 627 170 169
f 627 171 170
f 627 172 171
f 627 626 172
f 628 627 169
f 628 166 165
f 628 167 166
f 628 168 167
f 628 169 168
f 629 163 162
f 629 164 163
f 629 165 164
f 629 628 165
f 721 570 569
f 721 569 722
f 723 722 569
f 720 570 721
f 724 723 569
f 724 569 568
f 719 570 720
f 719 571 570
f 725 724 568
f 718 571 719
f 726 725 568
f 726 568 567
f 717 571 718
f 717 572 571
f 727 726 567
f 716 572 717
f 728 727 567
f 715 572 716
f 715 573 572
f 729 567 566
f 729 728 567
f 714 573 715
f 714 10 573
f 730 729 566
f 713 10 714
f 630 629 162
f 630 160 159
f 630 161 160
f 630 162 161
f 731 730 566
f 712 10 713
f 732 731 566
f 732 566 565
f 711 10 712
f 733 732 565
f 710 10 711
f 734 733 565
f 709 10 710
f 735 734 565
f 708 10 709
f 736 735 565
f 736 565 564
f 707 10 708
f 737 736 564
f 706 10 707
f 738 737 564
f 705 10 706
f 739 738 564
f 739 564 563
f 704 10 705
f 740 739 563
f 703 10 704
f 741 740 563
f 631 630 159
f 631 158 157
f 631 159 158
f 702 10 703
f 742 741 563
f 701 10 702
f 743 563 562
f 743 742 563
f 700 10 701
f 744 743 562
f 699 10 700
f 745 744 562
f 698 10 699
f 746 562 561
f 746 745 562
f 697 10 698
f 747 746 561
f 343 250 249
f 343 249 344
f 345 248 247
f 345 249 248
f 345 344 249
f 342 250 343
f 342 251 250
f 346 345 247
f 341 251 342
f 341 252 251
f 696 10 697
f 347 346 247
f 347 247 246
f 340 252 341
f 340 253 252
f 340 254 253
f 348 347 246
f 348 246 245
f 339 254 340
f 339 255 254
f 349 245 244
f 349 348 245
f 748 747 561
f 338 255 339
f 350 349 244
f 350 243 242
f 350 244 243
f 337 255 338
f 337 256 255
f 337 257 256
f 695 10 696
f 351 350 242
f 336 257 337
f 749 748 561
f 352 241 240
f 352 242 241
f 352 351 242
f 632 631 157
f 632 156 155
f 632 157 156
f 335 257 336
f 335 258 257
f 353 352 240
f 694 10 695
f 334 258 335
f 334 259 258
f 354 240 239
f 354 353 240
f 750 749 561
f 750 561 560
f 333 259 334
f 333 260 259
f 355 239 238
f 355 354 239
f 693 10 694
f 332 260 333
f 332 261 260
f 356 355 238
f 356 237 236
f 356 238 237
f 751 750 560
f 331 262 261
f 331 263 262
f 331 261 332
f 692 10 693
f 357 356 236
f 357 236 235
f 330 263 331
f 752 751 560
f 358 357 235
f 691 10 692
f 329 264 263
f 329 263 330
f 359 235 234
f 359 234 9
f 359 358 235
f 753 752 560
f 328 264 329
f 328 139 264
f 690 10 691
f 327 140 139
f 327 141 140
f 327 139 328
f 754 560 559
f 754 753 560
f 689 10 690
f 326 141 327
f 755 754 559
f 688 10 689
f 325 142 141
f 325 141 326
f 756 755 559
f 324 143 142
f 324 144 143
f 324 142 325
f 687 10 688
f 757 756 559
f 323 144 324
f 686 10 687
f 758 757 559
f 322 145 144
f 322 144 323
f 685 10 686
f 321 146 145
f 321 147 146
f 321 145 322
f 684 10 685
f 558 759 758
f 558 758 559
f 320 148 147
f 320 147 321
f 760 759 558
f 683 10 684
f 319 148 320
f 761 760 558
f 682 10 683
f 318 148 319
f 318 149 148
f 681 10 682
f 317 150 149
f 317 149 318
f 680 10 681
f 316 151 150
f 316 150 317
f 679 10 680
f 315 152 151
f 315 151 316
f 678 10 679
f 677 10 678
f 314 153 152
f 314 154 153
f 314 152 315
f 557 761 558
f 557 762 761
f 557 763 762
f 557 764 763
f 557 765 764
f 676 10 677
f 313 154 314
f 675 10 676
f 312 632 155
f 312 154 313
f 312 155 154
f 674 10 675
f 673 10 674
f 672 10 673
f 671 10 672
f 556 766 765
f 556 767 766
f 556 768 767
f 556 765 557
f 555 644 643
f 555 645 644
f 555 643 768
f 555 768 556
f 554 646 645
f 554 647 646
f 554 648 647
f 554 645 555
f 553 649 648
f 553 650 649
f 553 648 554
f 552 651 650
f 552 652 651
f 552 653 652
f 552 650 553
f 551 653 552
f 551 654 653
f 551 655 654
f 550 656 655
f 550 655 551
f 550 657 656
f 549 657 550
f 549 658 657
f 549 659 658
f 974 296 295
f 974 297 296
f 974 298 297
f 973 298 974
f 973 299 298
f 973 300 299
f 973 301 300
f 973 302 301
f 975 974 295
f 975 292 291
f 975 293 292
f 975 294 293
f 975 295 294
f 972 302 973
f 972 303 302
f 972 304 303
f 972 305 304
f 976 975 291
f 976 289 288
f 976 290 289
f 976 291 290
f 971 305 972
f 971 306 305
f 971 307 306
f 971 308 307
f 977 976 288
f 977 285 284
f 977 286 285
f 977 287 286
f 977 288 287
f 970 308 971
f 970 309 308
f 970 310 309
f 978 977 284
f 978 281 280
f 978 282 281
f 978 283 282
f 978 284 283
f 969 312 311
f 969 632 312
f 969 310 970
f 969 311 310
f 979 277 276
f 979 278 277
f 979 279 278
f 979 280 279
f 979 978 280
f 968 633 632
f 968 632 969
f 980 979 276
f 980 274 273
f 980 275 274
f 980 276 275
f 967 634 633
f 967 633 968
f 981 980 273
f 981 270 269
f 981 271 270
f 981 272 271
f 981 273 272
f 966 635 634
f 966 634 967
f 982 267 266
f 982 268 267
f 982 269 268
f 982 981 269
f 965 636 635
f 965 635 966
f 983 982 266
f 983 266 265
f 983 390 389
f 983 265 390
f 964 637 636
f 964 636 965
f 984 983 389
f 984 387 386
f 984 388 387
f 984 389 388
f 963 638 637
f 963 637 964
f 985 385 384
f 985 386 385
f 985 984 386
f 962 639 638
f 962 638 963
f 986 985 384
f 986 382 381
f 986 383 382
f 986 384 383
f 961 639 962
f 961 640 639
f 987 380 379
f 987 381 380
f 987 986 381
f 960 641 640
f 960 640 961
f 988 987 379
f 988 378 377
f 988 379 378
f 959 642 641
f 959 641 960
f 989 376 375
f 989 377 376
f 989 988 377
f 958 517 642
f 958 642 959
f 957 518 517
f 957 517 958
f 956 519 518
f 956 518 957
f 955 520 519
f 955 519 956
f 954 521 520
f 954 520 955
f 953 522 521
f 953 521 954
f 847 538 537
f 847 537 848
f 849 848 537
f 846 538 847
f 850 849 537
f 845 538 846
f 851 537 536
f 851 850 537
f 844 538 845
f 852 851 536
f 843 538 844
f 843 539 538
f 853 852 536
f 842 539 843
f 854 853 536
f 841 539 842
f 855 854 536
f 855 536 535
f 840 540 539
f 840 539 841
f 856 855 535
f 839 540 840
f 857 856 535
f 838 540 839
f 858 535 534
f 858 857 535
f 837 540 838
f 859 858 534
f 836 541 540
f 836 540 837
f 860 859 534
f 835 541 836
f 861 860 534
f 834 541 835
f 862 534 533
f 862 861 534
f 952 523 522
f 952 524 523
f 952 522 953
f 833 542 541
f 833 541 834
f 863 862 533
f 832 542 833
f 864 863 533
f 831 542 832
f 865 533 532
f 865 864 533
f 830 543 542
f 830 542 831
f 866 865 532
f 829 543 830
f 867 866 532
f 828 543 829
f 868 867 532
f 827 544 543
f 827 543 828
f 869 532 531
f 869 868 532
f 826 544 827
f 870 869 531
f 951 525 524
f 951 524 952
f 825 545 544
f 825 544 826
f 871 870 531
f 824 545 825
f 872 531 530
f 872 871 531
f 823 545 824
f 873 872 530
f 470 375 374
f 470 989 375
f 470 990 989
f 469 990 470
f 471 470 374
f 468 990 469
f 468 991 990
f 472 471 374
f 472 373 372
f 472 374 373
f 467 991 468
f 822 546 545
f 822 545 823
f 473 472 372
f 466 991 467
f 466 992 991
f 474 372 371
f 474 473 372
f 465 992 466
f 475 474 371
f 475 370 369
f 475 371 370
f 874 873 530
f 464 992 465
f 464 993 992
f 476 475 369
f 476 369 368
f 463 993 464
f 821 546 822
f 477 476 368
f 462 993 463
f 875 530 529
f 875 874 530
f 478 477 368
f 478 367 366
f 478 368 367
f 461 993 462
f 461 994 993
f 479 478 366
f 820 546 821
f 820 547 546
f 460 994 461
f 480 366 365
f 480 479 366
f 876 875 529
f 459 994 460
f 459 995 994
f 481 480 365
f 481 365 364
f 819 547 820
f 458 995 459
f 482 364 363
f 482 481 364
f 877 529 528
f 877 876 529
f 950 525 951
f 457 995 458
f 818 548 547
f 818 547 819
f 456 995 457
f 456 996 995
f 878 877 528
f 817 548 818
f 455 996 456
f 879 878 528
f 454 996 455
f 816 659 549
f 816 549 548
f 816 548 817
f 453 997 996
f 453 996 454
f 815 660 659
f 815 659 816
f 452 997 453
f 814 660 815
f 814 661 660
f 814 662 661
f 451 997 452
f 450 997 451
f 450 998 997
f 813 662 814
f 449 998 450
f 812 662 813
f 812 663 662
f 949 526 525
f 949 527 526
f 949 525 950
f 448 998 449
f 811 663 812
f 811 664 663
f 811 665 664
f 447 998 448
f 810 665 811
f 446 998 447
f 809 666 665
f 809 665 810
f 999 446 445
f 999 998 446
f 808 666 809
f 808 667 666
f 444 999 445
f 807 667 808
f 807 668 667
f 443 999 444
f 806 668 807
f 806 669 668
f 806 670 669
f 805 670 806
f 948 527 949
f 1000 440 439
f 1000 441 440
f 1000 442 441
f 1000 443 442
f 1000 999 443
f 947 528 527
f 947 527 948
f 947 879 528
f 1001 1000 439
f 1001 436 435
f 1001 437 436
f 1001 438 437
f 1001 439 438
f 1002 432 431
f 1002 433 432
f 1002 434 433
f 1002 435 434
f 1002 1001 435
f 1003 429 428
f 1003 430 429
f 1003 431 430
f 1003 1002 431
f 1004 425 424
f 1004 426 425
f 1004 427 426
f 1004 428 427
f 1004 1003 428
f 1005 1004 424
f 1005 422 421
f 1005 423 422
f 1005 424 423
f 1006 418 417
f 1006 419 418
f 1006 420 419
f 1006 421 420
f 1006 1005 421
f 1007 415 414
f 1007 416 415
f 1007 417 416
f 1007 1006 417
f 1100 879 947
f 1099 880 879
f 1099 879 1100
f 1101 1100 947
f 1098 880 1099
f 1098 881 880
f 1102 947 946
f 1102 1101 947
f 1097 881 1098
f 1097 882 881
f 1103 1102 946
f 1096 882 1097
f 1096 883 882
f 1096 884 883
f 1104 1103 946
f 1104 946 945
f 1095 884 1096
f 1105 1104 945
f 1094 885 884
f 1094 886 885
f 1094 884 1095
f 1106 1105 945
f 1093 886 1094
f 1093 887 886
f 1107 945 944
f 1107 1106 945
f 1092 887 1093
f 1108 1107 944
f 1091 887 1092
f 1091 888 887
f 1091 889 888
f 1008 413 412
f 1008 414 413
f 1008 1007 414
f 1008 412 411
f 1109 1108 944
f 1090 889 1091
f 1110 944 943
f 1110 1109 944
f 1089 889 1090
f 1089 890 889
f 1111 1110 943
f 1088 891 890
f 1088 890 1089
f 1112 1111 943
f 1087 891 1088
f 1087 892 891
f 1113 1112 943
f 1086 892 1087
f 1086 893 892
f 1114 943 942
f 1114 1113 943
f 1085 894 893
f 1085 769 894
f 1085 893 1086
f 1115 1114 942
f 1084 770 769
f 1084 769 1085
f 1116 1115 942
f 1083 770 1084
f 1117 942 941
f 1117 1116 942
f 1082 771 770
f 1082 772 771
f 1082 770 1083
f 1118 1117 941
f 1081 773 772
f 1081 772 1082
f 1119 1118 941
f 1009 1008 411
f 1009 410 409
f 1009 411 410
f 1080 773 1081
f 1120 1119 941
f 1079 773 1080
f 1079 774 773
f 1121 941 940
f 1121 1120 941
f 1078 774 1079
f 1078 775 774
f 1122 1121 940
f 1077 776 775
f 1077 777 776
f 1077 775 1078
f 1123 1122 940
f 1076 777 1077
f 1124 940 939
f 1124 1123 940
f 1075 777 1076
f 1075 778 777
f 1125 1124 939
f 1074 779 778
f 1074 778 1075
f 1126 1125 939
f 1073 779 1074
f 1073 780 779
f 1127 1126 939
f 1010 1009 409
f 1010 407 406
f 1010 408 407
f 1010 409 408
f 1072 780 1073
f 1072 781 780
f 1072 782 781
f 1128 939 938
f 1128 1127 939
f 1071 782 1072
f 11 514 513
f 11 515 514
f 11 516 515
f 11 391 516
f 11 482 363
f 11 360 359
f 11 361 360
f 11 362 361
f 11 363 362
f 11 483 482
f 11 484 483
f 11 485 484
f 11 486 485
f 11 487 486
f 11 488 487
f 11 489 488
f 11 490 489
f 11 491 490
f 11 492 491
f 11 392 391
f 11 493 492
f 11 393 392
f 11 494 493
f 11 394 393
f 11 495 494
f 11 395 394
f 11 496 495
f 11 396 395
f 11 497 496
f 11 397 396
f 11 498 497
f 11 398 397
f 11 499 498
f 11 399 398
f 11 500 499
f 11 501 500
f 11 502 501
f 11 503 502
f 11 504 503
f 11 505 504
f 11 359 9
f 11 506 505
f 11 507 506
f 11 508 507
f 11 509 508
f 11 510 509
f 11 511 510
f 11 512 511
f 11 513 512
f 1129 1128 938
f 1070 782 1071
f 1070 783 782
f 1130 1129 938
f 1069 783 1070
f 1069 784 783
f 1069 785 784
f 1131 1130 938
f 1068 785 1069
f 1132 938 937
f 1132 1131 938
f 1067 786 785
f 1067 787 786
f 1067 785 1068
f 1133 1132 937
f 1066 787 1067
f 1134 1133 937
f 1011 1010 406
f 1011 405 404
f 1011 406 405
f 1065 788 787
f 1065 787 1066
f 1135 1134 937
f 1064 788 1065
f 1064 789 788
f 1064 790 789
f 1136 1135 937
f 1063 790 1064
f 1062 790 1063
f 1062 791 790
f 1062 792 791
f 936 1137 1136
f 936 1136 937
f 1138 1137 936
f 1061 792 1062
f 1139 1138 936
f 1060 792 1061
f 1060 793 792
f 1059 794 793
f 1059 795 794
f 1059 793 1060
f 1012 403 402
f 1012 404 403
f 1012 1011 404
f 1058 795 1059
f 1058 796 795
f 1057 796 1058
f 1056 796 1057
f 1056 797 796
f 1055 797 1056
f 1055 798 797
f 935 1139 936
f 935 1140 1139
f 935 1141 1140
f 935 1142 1141
f 935 1143 1142
f 1013 1012 402
f 1013 401 400
f 1013 402 401
f 934 1144 1143
f 934 1143 935
f 934 1145 1144
f 934 1146 1145
f 1014 400 399
f 1014 1013 400
f 1014 399 11
f 933 1146 934
f 933 1022 1021
f 933 1023 1022
f 933 1021 1146
f 1015 1014 11
f 932 1024 1023
f 932 1025 1024
f 932 1026 1025
f 932 1023 933
f 1016 1015 11
f 931 1027 1026
f 931 1028 1027
f 931 1026 932
f 1017 1016 11
f 930 1029 1028
f 930 1030 1029
f 930 1031 1030
f 930 1028 931
f 1018 1017 11
f 929 1032 1031
f 929 1033 1032
f 929 1031 930
f 1019 1018 11
f 928 1034 1033
f 928 1035 1034
f 928 1033 929
f 1020 1019 11
f 927 1036 1035
f 927 1037 1036
f 927 1035 928
f 895 1020 11
f 926 1037 927
f 1225 915 1226
f 1225 916 915
f 1227 1226 915
f 1224 916 1225
f 1228 1227 915
f 1223 916 1224
f 1229 1228 915
f 1229 915 914
f 1222 916 1223
f 1230 1229 914
f 1221 916 1222
f 1221 917 916
f 1231 1230 914
f 1220 917 1221
f 1232 1231 914
f 1219 917 1220
f 1233 1232 914
f 1233 914 913
f 1218 918 917
f 1218 917 1219
f 1234 1233 913
f 1217 918 1218
f 1235 1234 913
f 1216 918 1217
f 1236 1235 913
f 1236 913 912
f 1215 918 1216
f 1237 1236 912
f 1214 919 918
f 1214 918 1215
f 1238 1237 912
f 1213 919 1214
f 1239 1238 912
f 1212 919 1213
f 1240 1239 912
f 1240 912 911
f 1211 920 919
f 1211 919 1212
f 1241 1240 911
f 1210 920 1211
f 1242 1241 911
f 1209 920 1210
f 1243 1242 911
f 1243 911 910
f 1208 921 920
f 1208 920 1209
f 1244 1243 910
f 1207 921 1208
f 1245 1244 910
f 1206 921 1207
f 1246 1245 910
f 1205 922 921
f 1205 921 1206
f 1247 1246 910
f 1247 910 909
f 1204 922 1205
f 1248 1247 909
f 1203 923 922
f 1203 922 1204
f 1249 1248 909
f 1202 923 1203
f 1250 1249 909
f 1250 909 908
f 1201 923 1202
f 1251 1250 908
f 1200 924 923
f 1200 923 1201
f 1252 1251 908
f 1199 924 1200
f 1253 1252 908
f 1253 908 907
f 1198 925 924
f 1198 924 1199
f 1254 1253 907
f 1197 925 1198
f 1255 1254 907
f 1255 907 906
f 1196 926 925
f 1196 925 1197
f 1256 1255 906
f 1195 926 1196
f 1257 1256 906
f 1194 926 1195
f 1194 1037 926
f 1258 1257 906
f 1258 906 905
f 1193 1038 1037
f 1193 1037 1194
f 1259 1258 905
f 1192 1039 1038
f 1192 1038 1193
f 1260 1259 905
f 1260 905 904
f 1191 1040 1039
f 1191 1041 1040
f 1191 1039 1192
f 1261 1260 904
f 1190 1041 1191
f 1262 1261 904
f 1262 904 903
f 1189 1042 1041
f 1189 1041 1190
f 1263 1262 903
f 1188 1043 1042
f 1188 1042 1189
f 1264 1263 903
f 1264 903 902
f 1187 1044 1043
f 1187 1045 1044
f 1187 1043 1188
f 1265 1264 902
f 1186 1045 1187
f 1185 1045 1186
f 1185 1046 1045
f 1184 1047 1046
f 1184 1046 1185
f 1183 1048 1047
f 1183 1047 1184
f 12 1148 1147
f 12 1149 1148
f 12 1150 1149
f 12 1151 1150
f 12 1152 1151
f 12 1153 1152
f 12 1154 1153
f 12 1155 1154
f 12 1156 1155
f 12 1157 1156
f 12 1158 1157
f 12 1159 1158
f 12 1160 1159
f 12 1161 1160
f 12 895 11
f 12 1162 1161
f 12 1163 1162
f 12 1164 1163
f 12 1266 1265
f 12 1165 1164
f 12 1267 1266
f 12 1166 1165
f 12 1268 1267
f 12 1167 1166
f 12 1269 1268
f 12 1168 1167
f 12 1270 1269
f 12 1169 1168
f 12 1271 1270
f 12 1170 1169
f 12 1272 1271
f 12 1171 1170
f 12 1147 1272
f 12 1172 1171
f 12 1173 1172
f 12 1174 1173
f 12 1175 1174
f 12 1176 1175
f 12 1265 902
f 12 1177 1176
f 12 1178 1177
f 12 1179 1178
f 12 1180 1179
f 12 1181 1180
f 12 1182 1181
f 12 896 895
f 12 897 896
f 12 898 897
f 12 899 898
f 12 900 899
f 12 901 900
f 12 902 901
f 12 10 801
f 801 10 802
f 802 10 803
f 803 10 804
f 804 10 805
f 805 10 671
f 805 671 670
f 12 801 800
f 12 800 799
f 12 799 798
f 12 798 1055
f 12 1055 1054
f 12 1054 1053
f 12 1053 1052
f 12 1052 1051
f 12 1051 1050
f 12 1050 1049
f 12 1049 1048
f 12 1048 1182
f 1182 1048 1183
f 1276 1274 1273
f 1276 1273 1275
f 1279 1277 1278
f 1280 1279 1278
f 1284 1283 1286
f 1287 1286 1283
f 1285 1284 1286
f 1290 1288 1287
f 1290 1287 1283
f 1291 1290 1283
f 1289 1288 1290
f 1294 1292 1291
f 1281 1291 1283
f 1281 1294 1291
f 1295 1294 1281
f 1293 1292 1294
f 1282 1296 1295
f 1282 1295 1281
f 1297 1300 1299
f 1298 1300 1297
f 1304 1306 1303
f 1307 1303 1306
f 1305 1306 1304
f 1310 1307 1308
f 1310 1303 1307
f 1311 1303 1310
f 1309 1310 1308
f 1314 1311 1312
f 1301 1303 1311
f 1301 1311 1314
f 1315 1301 1314
f 1313 1314 1312
f 1302 1315 1316
f 1302 1301 1315
f 1319 1317 1318
f 1320 1319 1318
f 1324 1321 1322
f 1324 1323 1321
f 1330 1331 1332
f 1326 1330 1332
f 1329 1327 1328
f 1325 1329 1330
f 1325 1330 1326
f 1325 1327 1329
f 1333 1461 1460
f 1334 1461 1333
f 1335 1462 1461
f 1335 1463 1462
f 1335 1461 1334
f 1336 1463 1335
f 1337 1464 1463
f 1337 1463 1336
f 1338 1465 1464
f 1338 1466 1465
f 1338 1464 1337
f 1339 1466 1338
f 1340 1467 1466
f 1340 1466 1339
f 1341 1468 1467
f 1341 1467 1340
f 1342 1469 1468
f 1342 1470 1469
f 1342 1468 1341
f 1343 1471 1470
f 1343 1470 1342
f 1344 1471 1343
f 1344 1472 1471
f 1345 1472 1344
f 1346 1472 1345
f 1346 1473 1472
f 1347 1473 1346
f 1347 1474 1473
f 1347 1475 1474
f 1348 1475 1347
f 1349 1475 1348
f 1349 1476 1475
f 1350 1476 1349
f 1350 1477 1476
f 1351 1477 1350
f 1351 1478 1477
f 1351 1479 1478
f 1352 1479 1351
f 1353 1479 1352
f 1353 1480 1479
f 1353 1481 1480
f 1354 1481 1353
f 1355 1481 1354
f 1355 1482 1481
f 1356 1483 1482
f 1356 1482 1355
f 1357 1484 1483
f 1357 1483 1356
f 1358 1485 1484
f 1358 1486 1485
f 1358 1484 1357
f 1359 1486 1358
f 1360 1487 1486
f 1360 1488 1487
f 1360 1486 1359
f 1361 1488 1360
f 1362 1489 1488
f 1362 1490 1489
f 1362 1488 1361
f 1363 1490 1362
f 1364 1491 1490
f 1364 1490 1363
f 1365 1492 1491
f 1365 1491 1364
f 1366 1493 1492
f 1366 1492 1365
f 1367 1494 1493
f 1367 1493 1366
f 1368 1495 1494
f 1368 1494 1367
f 1369 1496 1495
f 1369 1497 1496
f 1369 1495 1368
f 1370 1497 1369
f 1371 1497 1370
f 1371 1498 1497
f 1372 1498 1371
f 1372 1499 1498
f 1373 1499 1372
f 1373 1500 1499
f 1373 1501 1500
f 1374 1501 1373
f 1375 1501 1374
f 1375 1502 1501
f 1376 1502 1375
f 1376 1503 1502
f 1377 1503 1376
f 1377 1504 1503
f 1378 1504 1377
f 1378 1505 1504
f 1379 1505 1378
f 1379 1506 1505
f 1380 1506 1379
f 1380 1507 1506
f 1381 1507 1380
f 1381 1508 1507
f 1382 1508 1381
f 1382 1509 1508
f 1383 1509 1382
f 1383 1510 1509
f 1384 1510 1383
f 1384 1511 1510
f 1385 1511 1384
f 1385 1512 1511
f 1386 1512 1385
f 1386 1513 1512
f 1387 1513 1386
f 1387 1514 1513
f 1388 1514 1387
f 1388 1515 1514
f 1389 1515 1388
f 1389 1516 1515
f 1390 1516 1389
f 1390 1517 1516
f 1391 1518 1517
f 1391 1517 1390
f 1392 1519 1518
f 1392 1518 1391
f 1393 1520 1519
f 1393 1519 1392
f 1394 1521 1520
f 1394 1522 1521
f 1394 1520 1393
f 1395 1522 1394
f 1396 1522 1395
f 1396 1523 1522
f 1397 1523 1396
f 1397 1524 1523
f 1398 1524 1397
f 1398 1525 1524
f 1399 1525 1398
f 1399 1526 1525
f 1400 1526 1399
f 1400 1527 1526
f 1401 1527 1400
f 1401 1528 1527
f 1401 1529 1528
f 1402 1529 1401
f 1403 1529 1402
f 1403 1530 1529
f 1404 1530 1403
f 1404 1531 1530
f 1404 1532 1531
f 1405 1532 1404
f 1406 1532 1405
f 1406 1533 1532
f 1407 1533 1406
f 1407 1534 1533
f 1408 1535 1534
f 1408 1534 1407
f 1409 1536 1535
f 1409 1535 1408
f 1410 1537 1536
f 1410 1536 1409
f 1411 1538 1537
f 1411 1539 1538
f 1411 1537 1410
f 1412 1540 1539
f 1412 1539 1411
f 1413 1540 1412
f 1414 1541 1540
f 1414 1540 1413
f 1415 1542 1541
f 1415 1541 1414
f 1416 1543 1542
f 1416 1542 1415
f 1417 1544 1543
f 1417 1545 1544
f 1417 1543 1416
f 1418 1545 1417
f 1419 1546 1545
f 1419 1545 1418
f 1420 1547 1546
f 1420 1546 1419
f 1421 1547 1420
f 1421 1548 1547
f 1422 1548 1421
f 1422 1549 1548
f 1422 1550 1549
f 1423 1550 1422
f 1424 1550 1423
f 1424 1551 1550
f 1424 1552 1551
f 1425 1552 1424
f 1426 1553 1552
f 1426 1552 1425
f 1427 1554 1553
f 1427 1555 1554
f 1427 1553 1426
f 1428 1555 1427
f 1429 1556 1555
f 1429 1557 1556
f 1429 1555 1428
f 1430 1557 1429
f 1431 1558 1557
f 1431 1557 1430
f 1432 1559 1558
f 1432 1558 1431
f 1433 1560 1559
f 1433 1559 1432
f 1434 1561 1560
f 1434 1560 1433
f 1435 1562 1561
f 1435 1561 1434
f 1436 1563 1562
f 1436 1562 1435
f 1437 1564 1563
f 1437 1563 1436
f 1438 1565 1564
f 1438 1564 1437
f 1439 1566 1565
f 1439 1565 1438
f 1440 1567 1566
f 1440 1568 1567
f 1440 1566 1439
f 1441 1569 1568
f 1441 1568 1440
f 1442 1569 1441
f 1443 1570 1569
f 1443 1569 1442
f 1444 1571 1570
f 1444 1570 1443
f 1445 1571 1444
f 1445 1572 1571
f 1445 1573 1572
f 1446 1573 1445
f 1447 1573 1446
f 1447 1574 1573
f 1448 1574 1447
f 1448 1575 1574
f 1448 1576 1575
f 1449 1576 1448
f 1450 1576 1449
f 1450 1577 1576
f 1450 1578 1577
f 1451 1578 1450
f 1452 1578 1451
f 1452 1579 1578
f 1453 1579 1452
f 1453 1580 1579
f 1454 1580 1453
f 1454 1581 1580
f 1455 1581 1454
f 1455 1582 1581
f 1456 1582 1455
f 1456 1583 1582
f 1457 1583 1456
f 1457 1584 1583
f 1458 1585 1584
f 1458 1584 1457
f 1459 1586 1585
f 1459 1585 1458
f 1587 1715 1714
f 1588 1715 1587
f 1589 1716 1715
f 1589 1717 1716
f 1589 1715 1588
f 1590 1717 1589
f 1591 1718 1717
f 1591 1717 1590
f 1592 1719 1718
f 1592 1720 1719
f 1592 1718 1591
f 1593 1720 1592
f 1594 1721 1720
f 1594 1720 1593
f 1595 1722 1721
f 1595 1721 1594
f 1596 1723 1722
f 1596 1724 1723
f 1596 1722 1595
f 1597 1725 1724
f 1597 1724 1596
f 1598 1725 1597
f 1598 1726 1725
f 1599 1726 1598
f 1600 1726 1599
f 1600 1727 1726
f 1601 1727 1600
f 1601 1728 1727
f 1601 1729 1728
f 1602 1729 1601
f 1603 1729 1602
f 1603 1730 1729
f 1604 1730 1603
f 1604 1731 1730
f 1605 1731 1604
f 1605 1732 1731
f 1605 1733 1732
f 1606 1733 1605
f 1607 1733 1606
f 1607 1734 1733
f 1607 1735 1734
f 1608 1735 1607
f 1609 1735 1608
f 1609 1736 1735
f 1610 1737 1736
f 1610 1736 1609
f 1611 1738 1737
f 1611 1737 1610
f 1612 1739 1738
f 1612 1740 1739
f 1612 1738 1611
f 1613 1740 1612
f 1614 1741 1740
f 1614 1742 1741
f 1614 1740 1613
f 1615 1742 1614
f 1616 1743 1742
f 1616 1744 1743
f 1616 1742 1615
f 1617 1744 1616
f 1618 1745 1744
f 1618 1744 1617
f 1619 1746 1745
f 1619 1745 1618
f 1620 1747 1746
f 1620 1746 1619
f 1621 1748 1747
f 1621 1747 1620
f 1622 1749 1748
f 1622 1748 1621
f 1623 1750 1749
f 1623 1751 1750
f 1623 1749 1622
f 1624 1751 1623
f 1625 1751 1624
f 1625 1752 1751
f 1626 1752 1625
f 1626 1753 1752
f 1627 1753 1626
f 1627 1754 1753
f 1627 1755 1754
f 1628 1755 1627
f 1629 1755 1628
f 1629 1756 1755
f 1630 1756 1629
f 1630 1757 1756
f 1631 1757 1630
f 1631 1758 1757
f 1632 1758 1631
f 1632 1759 1758
f 1633 1759 1632
f 1633 1760 1759
f 1634 1760 1633
f 1634 1761 1760
f 1635 1761 1634
f 1635 1762 1761
f 1636 1762 1635
f 1636 1763 1762
f 1637 1763 1636
f 1637 1764 1763
f 1638 1764 1637
f 1638 1765 1764
f 1639 1765 1638
f 1639 1766 1765
f 1640 1766 1639
f 1640 1767 1766
f 1641 1767 1640
f 1641 1768 1767
f 1642 1768 1641
f 1642 1769 1768
f 1643 1769 1642
f 1643 1770 1769
f 1644 1770 1643
f 1644 1771 1770
f 1645 1772 1771
f 1645 1771 1644
f 1646 1773 1772
f 1646 1772 1645
f 1647 1774 1773
f 1647 1773 1646
f 1648 1775 1774
f 1648 1776 1775
f 1648 1774 1647
f 1649 1776 1648
f 1650 1776 1649
f 1650 1777 1776
f 1651 1777 1650
f 1651 1778 1777
f 1652 1778 1651
f 1652 1779 1778
f 1653 1779 1652
f 1653 1780 1779
f 1654 1780 1653
f 1654 1781 1780
f 1655 1781 1654
f 1655 1782 1781
f 1655 1783 1782
f 1656 1783 1655
f 1657 1783 1656
f 1657 1784 1783
f 1658 1784 1657
f 1658 1785 1784
f 1658 1786 1785
f 1659 1786 1658
f 1660 1786 1659
f 1660 1787 1786
f 1661 1787 1660
f 1661 1788 1787
f 1662 1789 1788
f 1662 1788 1661
f 1663 1790 1789
f 1663 1789 1662
f 1664 1791 1790
f 1664 1790 1663
f 1665 1792 1791
f 1665 1793 1792
f 1665 1791 1664
f 1666 1794 1793
f 1666 1793 1665
f 1667 1794 1666
f 1668 1795 1794
f 1668 1794 1667
f 1669 1796 1795
f 1669 1795 1668
f 1670 1797 1796
f 1670 1796 1669
f 1671 1798 1797
f 1671 1799 1798
f 1671 1797 1670
f 1672 1799 1671
f 1673 1800 1799
f 1673 1799 1672
f 1674 1801 1800
f 1674 1800 1673
f 1675 1801 1674
f 1675 1802 1801
f 1676 1802 1675
f 1676 1803 1802
f 1676 1804 1803
f 1677 1804 1676
f 1678 1804 1677
f 1678 1805 1804
f 1678 1806 1805
f 1679 1806 1678
f 1680 1807 1806
f 1680 1806 1679
f 1681 1808 1807
f 1681 1809 1808
f 1681 1807 1680
f 1682 1809 1681
f 1683 1810 1809
f 1683 1811 1810
f 1683 1809 1682
f 1684 1811 1683
f 1685 1812 1811
f 1685 1811 1684
f 1686 1813 1812
f 1686 1812 1685
f 1687 1814 1813
f 1687 1813 1686
f 1688 1815 1814
f 1688 1814 1687
f 1689 1816 1815
f 1689 1815 1688
f 1690 1817 1816
f 1690 1816 1689
f 1691 1818 1817
f 1691 1817 1690
f 1692 1819 1818
f 1692 1818 1691
f 1693 1820 1819
f 1693 1819 1692
f 1694 1821 1820
f 1694 1822 1821
f 1694 1820 1693
f 1695 1823 1822
f 1695 1822 1694
f 1696 1823 1695
f 1697 1824 1823
f 1697 1823 1696
f 1698 1825 1824
f 1698 1824 1697
f 1699 1825 1698
f 1699 1826 1825
f 1699 1827 1826
f 1700 1827 1699
f 1701 1827 1700
f 1701 1828 1827
f 1702 1828 1701
f 1702 1829 1828
f 1702 1830 1829
f 1703 1830 1702
f 1704 1830 1703
f 1704 1831 1830
f 1704 1832 1831
f 1705 1832 1704
f 1706 1832 1705
f 1706 1833 1832
f 1707 1833 1706
f 1707 1834 1833
f 1708 1834 1707
f 1708 1835 1834
f 1709 1835 1708
f 1709 1836 1835
f 1710 1836 1709
f 1710 1837 1836
f 1711 1837 1710
f 1711 1838 1837
f 1712 1839 1838
f 1712 1838 1711
f 1713 1840 1839
f 1713 1839 1712
f 1841 1969 1968
f 1842 1969 1841
f 1843 1970 1969
f 1843 1971 1970
f 1843 1969 1842
f 1844 1971 1843
f 1845 1972 1971
f 1845 1971 1844
f 1846 1973 1972
f 1846 1974 1973
f 1846 1972 1845
f 1847 1974 1846
f 1848 1975 1974
f 1848 1974 1847
f 1849 1976 1975
f 1849 1975 1848
f 1850 1977 1976
f 1850 1978 1977
f 1850 1976 1849
f 1851 1979 1978
f 1851 1978 1850
f 1852 1979 1851
f 1852 1980 1979
f 1853 1980 1852
f 1854 1980 1853
f 1854 1981 1980
f 1855 1981 1854
f 1855 1982 1981
f 1855 1983 1982
f 1856 1983 1855
f 1857 1983 1856
f 1857 1984 1983
f 1858 1984 1857
f 1858 1985 1984
f 1859 1985 1858
f 1859 1986 1985
f 1859 1987 1986
f 1860 1987 1859
f 1861 1987 1860
f 1861 1988 1987
f 1861 1989 1988
f 1862 1989 1861
f 1863 1989 1862
f 1863 1990 1989
f 1864 1991 1990
f 1864 1990 1863
f 1865 1992 1991
f 1865 1991 1864
f 1866 1993 1992
f 1866 1994 1993
f 1866 1992 1865
f 1867 1994 1866
f 1868 1995 1994
f 1868 1996 1995
f 1868 1994 1867
f 1869 1996 1868
f 1870 1997 1996
f 1870 1998 1997
f 1870 1996 1869
f 1871 1998 1870
f 1872 1999 1998
f 1872 1998 1871
f 1873 2000 1999
f 1873 1999 1872
f 1874 2001 2000
f 1874 2000 1873
f 1875 2002 2001
f 1875 2001 1874
f 1876 2003 2002
f 1876 2002 1875
f 1877 2004 2003
f 1877 2005 2004
f 1877 2003 1876
f 1878 2005 1877
f 1879 2005 1878
f 1879 2006 2005
f 1880 2006 1879
f 1880 2007 2006
f 1881 2007 1880
f 1881 2008 2007
f 1881 2009 2008
f 1882 2009 1881
f 1883 2009 1882
f 1883 2010 2009
f 1884 2010 1883
f 1884 2011 2010
f 1885 2011 1884
f 1885 2012 2011
f 1886 2012 1885
f 1886 2013 2012
f 1887 2013 1886
f 1887 2014 2013
f 1888 2014 1887
f 1888 2015 2014
f 1889 2015 1888
f 1889 2016 2015
f 1890 2016 1889
f 1890 2017 2016
f 1891 2017 1890
f 1891 2018 2017
f 1892 2018 1891
f 1892 2019 2018
f 1893 2019 1892
f 1893 2020 2019
f 1894 2020 1893
f 1894 2021 2020
f 1895 2021 1894
f 1895 2022 2021
f 1896 2022 1895
f 1896 2023 2022
f 1897 2023 1896
f 1897 2024 2023
f 1898 2024 1897
f 1898 2025 2024
f 1899 2026 2025
f 1899 2025 1898
f 1900 2027 2026
f 1900 2026 1899
f 1901 2028 2027
f 1901 2027 1900
f 1902 2029 2028
f 1902 2030 2029
f 1902 2028 1901
f 1903 2030 1902
f 1904 2030 1903
f 1904 2031 2030
f 1905 2031 1904
f 1905 2032 2031
f 1906 2032 1905
f 1906 2033 2032
f 1907 2033 1906
f 1907 2034 2033
f 1908 2034 1907
f 1908 2035 2034
f 1909 2035 1908
f 1909 2036 2035
f 1909 2037 2036
f 1910 2037 1909
f 1911 2037 1910
f 1911 2038 2037
f 1912 2038 1911
f 1912 2039 2038
f 1912 2040 2039
f 1913 2040 1912
f 1914 2040 1913
f 1914 2041 2040
f 1915 2041 1914
f 1915 2042 2041
f 1916 2043 2042
f 1916 2042 1915
f 1917 2044 2043
f 1917 2043 1916
f 1918 2045 2044
f 1918 2044 1917
f 1919 2046 2045
f 1919 2047 2046
f 1919 2045 1918
f 1920 2048 2047
f 1920 2047 1919
f 1921 2048 1920
f 1922 2049 2048
f 1922 2048 1921
f 1923 2050 2049
f 1923 2049 1922
f 1924 2051 2050
f 1924 2050 1923
f 1925 2052 2051
f 1925 2053 2052
f 1925 2051 1924
f 1926 2053 1925
f 1927 2054 2053
f 1927 2053 1926
f 1928 2055 2054
f 1928 2054 1927
f 1929 2055 1928
f 1929 2056 2055
f 1930 2056 1929
f 1930 2057 2056
f 1930 2058 2057
f 1931 2058 1930
f 1932 2058 1931
f 1932 2059 2058
f 1932 2060 2059
f 1933 2060 1932
f 1934 2061 2060
f 1934 2060 1933
f 1935 2062 2061
f 1935 2063 2062
f 1935 2061 1934
f 1936 2063 1935
f 1937 2064 2063
f 1937 2065 2064
f 1937 2063 1936
f 1938 2065 1937
f 1939 2066 2065
f 1939 2065 1938
f 1940 2067 2066
f 1940 2066 1939
f 1941 2068 2067
f 1941 2067 1940
f 1942 2069 2068
f 1942 2068 1941
f 1943 2070 2069
f 1943 2069 1942
f 1944 2071 2070
f 1944 2070 1943
f 1945 2072 2071
f 1945 2071 1944
f 1946 2073 2072
f 1946 2072 1945
f 1947 2074 2073
f 1947 2073 1946
f 1948 2075 2074
f 1948 2076 2075
f 1948 2074 1947
f 1949 2077 2076
f 1949 2076 1948
f 1950 2077 1949
f 1951 2078 2077
f 1951 2077 1950
f 1952 2079 2078
f 1952 2078 1951
f 1953 2079 1952
f 1953 2080 2079
f 1953 2081 2080
f 1954 2081 1953
f 1955 2081 1954
f 1955 2082 2081
f 1956 2082 1955
f 1956 2083 2082
f 1956 2084 2083
f 1957 2084 1956
f 1958 2084 1957
f 1958 2085 2084
f 1958 2086 2085
f 1959 2086 1958
f 1960 2086 1959
f 1960 2087 2086
f 1961 2087 1960
f 1961 2088 2087
f 1962 2088 1961
f 1962 2089 2088
f 1963 2089 1962
f 1963 2090 2089
f 1964 2090 1963
f 1964 2091 2090
f 1965 2091 1964
f 1965 2092 2091
f 1966 2093 2092
f 1966 2092 1965
f 1967 2094 2093
f 1967 2093 1966
f 2095 2223 2222
f 2096 2223 2095
f 2097 2224 2223
f 2097 2225 2224
f 2097 2223 2096
f 2098 2225 2097
f 2099 2226 2225
f 2099 2225 2098
f 2100 2227 2226
f 2100 2228 2227
f 2100 2226 2099
f 2101 2228 2100
f 2102 2229 2228
f 2102 2228 2101
f 2103 2230 2229
f 2103 2229 2102
f 2104 2231 2230
f 2104 2232 2231
f 2104 2230 2103
f 2105 2233 2232
f 2105 2232 2104
f 2106 2233 2105
f 2106 2234 2233
f 2107 2234 2106
f 2108 2234 2107
f 2108 2235 2234
f 2109 2235 2108
f 2109 2236 2235
f 2109 2237 2236
f 2110 2237 2109
f 2111 2237 2110
f 2111 2238 2237
f 2112 2238 2111
f 2112 2239 2238
f 2113 2239 2112
f 2113 2240 2239
f 2113 2241 2240
f 2114 2241 2113
f 2115 2241 2114
f 2115 2242 2241
f 2115 2243 2242
f 2116 2243 2115
f 2117 2243 2116
f 2117 2244 2243
f 2118 2245 2244
f 2118 2244 2117
f 2119 2246 2245
f 2119 2245 2118
f 2120 2247 2246
f 2120 2248 2247
f 2120 2246 2119
f 2121 2248 2120
f 2122 2249 2248
f 2122 2250 2249
f 2122 2248 2121
f 2123 2250 2122
f 2124 2251 2250
f 2124 2252 2251
f 2124 2250 2123
f 2125 2252 2124
f 2126 2253 2252
f 2126 2252 2125
f 2127 2254 2253
f 2127 2253 2126
f 2128 2255 2254
f 2128 2254 2127
f 2129 2256 2255
f 2129 2255 2128
f 2130 2257 2256
f 2130 2256 2129
f 2131 2258 2257
f 2131 2259 2258
f 2131 2257 2130
f 2132 2259 2131
f 2133 2259 2132
f 2133 2260 2259
f 2134 2260 2133
f 2134 2261 2260
f 2135 2261 2134
f 2135 2262 2261
f 2135 2263 2262
f 2136 2263 2135
f 2137 2263 2136
f 2137 2264 2263
f 2138 2264 2137
f 2138 2265 2264
f 2139 2265 2138
f 2139 2266 2265
f 2140 2266 2139
f 2140 2267 2266
f 2141 2267 2140
f 2141 2268 2267
f 2142 2268 2141
f 2142 2269 2268
f 2143 2269 2142
f 2143 2270 2269
f 2144 2270 2143
f 2144 2271 2270
f 2145 2271 2144
f 2145 2272 2271
f 2146 2272 2145
f 2146 2273 2272
f 2147 2273 2146
f 2147 2274 2273
f 2148 2274 2147
f 2148 2275 2274
f 2149 2275 2148
f 2149 2276 2275
f 2150 2276 2149
f 2150 2277 2276
f 2151 2277 2150
f 2151 2278 2277
f 2152 2278 2151
f 2152 2279 2278
f 2153 2280 2279
f 2153 2279 2152
f 2154 2281 2280
f 2154 2280 2153
f 2155 2282 2281
f 2155 2281 2154
f 2156 2283 2282
f 2156 2284 2283
f 2156 2282 2155
f 2157 2284 2156
f 2158 2284 2157
f 2158 2285 2284
f 2159 2285 2158
f 2159 2286 2285
f 2160 2286 2159
f 2160 2287 2286
f 2161 2287 2160
f 2161 2288 2287
f 2162 2288 2161
f 2162 2289 2288
f 2163 2289 2162
f 2163 2290 2289
f 2163 2291 2290
f 2164 2291 2163
f 2165 2291 2164
f 2165 2292 2291
f 2166 2292 2165
f 2166 2293 2292
f 2166 2294 2293
f 2167 2294 2166
f 2168 2294 2167
f 2168 2295 2294
f 2169 2295 2168
f 2169 2296 2295
f 2170 2297 2296
f 2170 2296 2169
f 2171 2298 2297
f 2171 2297 2170
f 2172 2299 2298
f 2172 2298 2171
f 2173 2300 2299
f 2173 2301 2300
f 2173 2299 2172
f 2174 2302 2301
f 2174 2301 2173
f 2175 2302 2174
f 2176 2303 2302
f 2176 2302 2175
f 2177 2304 2303
f 2177 2303 2176
f 2178 2305 2304
f 2178 2304 2177
f 2179 2306 2305
f 2179 2307 2306
f 2179 2305 2178
f 2180 2307 2179
f 2181 2308 2307
f 2181 2307 2180
f 2182 2309 2308
f 2182 2308 2181
f 2183 2309 2182
f 2183 2310 2309
f 2184 2310 2183
f 2184 2311 2310
f 2184 2312 2311
f 2185 2312 2184
f 2186 2312 2185
f 2186 2313 2312
f 2186 2314 2313
f 2187 2314 2186
f 2188 2315 2314
f 2188 2314 2187
f 2189 2316 2315
f 2189 2317 2316
f 2189 2315 2188
f 2190 2317 2189
f 2191 2318 2317
f 2191 2319 2318
f 2191 2317 2190
f 2192 2319 2191
f 2193 2320 2319
f 2193 2319 2192
f 2194 2321 2320
f 2194 2320 2193
f 2195 2322 2321
f 2195 2321 2194
f 2196 2323 2322
f 2196 2322 2195
f 2197 2324 2323
f 2197 2323 2196
f 2198 2325 2324
f 2198 2324 2197
f 2199 2326 2325
f 2199 2325 2198
f 2200 2327 2326
f 2200 2326 2199
f 2201 2328 2327
f 2201 2327 2200
f 2202 2329 2328
f 2202 2330 2329
f 2202 2328 2201
f 2203 2331 2330
f 2203 2330 2202
f 2204 2331 2203
f 2205 2332 2331
f 2205 2331 2204
f 2206 2333 2332
f 2206 2332 2205
f 2207 2333 2206
f 2207 2334 2333
f 2207 2335 2334
f 2208 2335 2207
f 2209 2335 2208
f 2209 2336 2335
f 2210 2336 2209
f 2210 2337 2336
f 2210 2338 2337
f 2211 2338 2210
f 2212 2338 2211
f 2212 2339 2338
f 2212 2340 2339
f 2213 2340 2212
f 2214 2340 2213
f 2214 2341 2340
f 2215 2341 2214
f 2215 2342 2341
f 2216 2342 2215
f 2216 2343 2342
f 2217 2343 2216
f 2217 2344 2343
f 2218 2344 2217
f 2218 2345 2344
f 2219 2345 2218
f 2219 2346 2345
f 2220 2347 2346
f 2220 2346 2219
f 2221 2348 2347
f 2221 2347 2220
f 2349 2477 2476
f 2350 2477 2349
f 2351 2478 2477
f 2351 2479 2478
f 2351 2477 2350
f 2352 2479 2351
f 2353 2480 2479
f 2353 2479 2352
f 2354 2481 2480
f 2354 2482 2481
f 2354 2480 2353
f 2355 2482 2354
f 2356 2483 2482
f 2356 2482 2355
f 2357 2484 2483
f 2357 2483 2356
f 2358 2485 2484
f 2358 2486 2485
f 2358 2484 2357
f 2359 2487 2486
f 2359 2486 2358
f 2360 2487 2359
f 2360 2488 2487
f 2361 2488 2360
f 2362 2488 2361
f 2362 2489 2488
f 2363 2489 2362
f 2363 2490 2489
f 2363 2491 2490
f 2364 2491 2363
f 2365 2491 2364
f 2365 2492 2491
f 2366 2492 2365
f 2366 2493 2492
f 2367 2493 2366
f 2367 2494 2493
f 2367 2495 2494
f 2368 2495 2367
f 2369 2495 2368
f 2369 2496 2495
f 2369 2497 2496
f 2370 2497 2369
f 2371 2497 2370
f 2371 2498 2497
f 2372 2499 2498
f 2372 2498 2371
f 2373 2500 2499
f 2373 2499 2372
f 2374 2501 2500
f 2374 2502 2501
f 2374 2500 2373
f 2375 2502 2374
f 2376 2503 2502
f 2376 2504 2503
f 2376 2502 2375
f 2377 2504 2376
f 2378 2505 2504
f 2378 2506 2505
f 2378 2504 2377
f 2379 2506 2378
f 2380 2507 2506
f 2380 2506 2379
f 2381 2508 2507
f 2381 2507 2380
f 2382 2509 2508
f 2382 2508 2381
f 2383 2510 2509
f 2383 2509 2382
f 2384 2511 2510
f 2384 2510 2383
f 2385 2512 2511
f 2385 2513 2512
f 2385 2511 2384
f 2386 2513 2385
f 2387 2513 2386
f 2387 2514 2513
f 2388 2514 2387
f 2388 2515 2514
f 2389 2515 2388
f 2389 2516 2515
f 2389 2517 2516
f 2390 2517 2389
f 2391 2517 2390
f 2391 2518 2517
f 2392 2518 2391
f 2392 2519 2518
f 2393 2519 2392
f 2393 2520 2519
f 2394 2520 2393
f 2394 2521 2520
f 2395 2521 2394
f 2395 2522 2521
f 2396 2522 2395
f 2396 2523 2522
f 2397 2523 2396
f 2397 2524 2523
f 2398 2524 2397
f 2398 2525 2524
f 2399 2525 2398
f 2399 2526 2525
f 2400 2526 2399
f 2400 2527 2526
f 2401 2527 2400
f 2401 2528 2527
f 2402 2528 2401
f 2402 2529 2528
f 2403 2529 2402
f 2403 2530 2529
f 2404 2530 2403
f 2404 2531 2530
f 2405 2531 2404
f 2405 2532 2531
f 2406 2532 2405
f 2406 2533 2532
f 2407 2534 2533
f 2407 2533 2406
f 2408 2535 2534
f 2408 2534 2407
f 2409 2536 2535
f 2409 2535 2408
f 2410 2537 2536
f 2410 2538 2537
f 2410 2536 2409
f 2411 2538 2410
f 2412 2538 2411
f 2412 2539 2538
f 2413 2539 2412
f 2413 2540 2539
f 2414 2540 2413
f 2414 2541 2540
f 2415 2541 2414
f 2415 2542 2541
f 2416 2542 2415
f 2416 2543 2542
f 2417 2543 2416
f 2417 2544 2543
f 2417 2545 2544
f 2418 2545 2417
f 2419 2545 2418
f 2419 2546 2545
f 2420 2546 2419
f 2420 2547 2546
f 2420 2548 2547
f 2421 2548 2420
f 2422 2548 2421
f 2422 2549 2548
f 2423 2549 2422
f 2423 2550 2549
f 2424 2551 2550
f 2424 2550 2423
f 2425 2552 2551
f 2425 2551 2424
f 2426 2553 2552
f 2426 2552 2425
f 2427 2554 2553
f 2427 2555 2554
f 2427 2553 2426
f 2428 2556 2555
f 2428 2555 2427
f 2429 2556 2428
f 2430 2557 2556
f 2430 2556 2429
f 2431 2558 2557
f 2431 2557 2430
f 2432 2559 2558
f 2432 2558 2431
f 2433 2560 2559
f 2433 2561 2560
f 2433 2559 2432
f 2434 2561 2433
f 2435 2562 2561
f 2435 2561 2434
f 2436 2563 2562
f 2436 2562 2435
f 2437 2563 2436
f 2437 2564 2563
f 2438 2564 2437
f 2438 2565 2564
f 2438 2566 2565
f 2439 2566 2438
f 2440 2566 2439
f 2440 2567 2566
f 2440 2568 2567
f 2441 2568 2440
f 2442 2569 2568
f 2442 2568 2441
f 2443 2570 2569
f 2443 2571 2570
f 2443 2569 2442
f 2444 2571 2443
f 2445 2572 2571
f 2445 2573 2572
f 2445 2571 2444
f 2446 2573 2445
f 2447 2574 2573
f 2447 2573 2446
f 2448 2575 2574
f 2448 2574 2447
f 2449 2576 2575
f 2449 2575 2448
f 2450 2577 2576
f 2450 2576 2449
f 2451 2578 2577
f 2451 2577 2450
f 2452 2579 2578
f 2452 2578 2451
f 2453 2580 2579
f 2453 2579 2452
f 2454 2581 2580
f 2454 2580 2453
f 2455 2582 2581
f 2455 2581 2454
f 2456 2583 2582
f 2456 2584 2583
f 2456 2582 2455
f 2457 2585 2584
f 2457 2584 2456
f 2458 2585 2457
f 2459 2586 2585
f 2459 2585 2458
f 2460 2587 2586
f 2460 2586 2459
f 2461 2587 2460
f 2461 2588 2587
f 2461 2589 2588
f 2462 2589 2461
f 2463 2589 2462
f 2463 2590 2589
f 2464 2590 2463
f 2464 2591 2590
f 2464 2592 2591
f 2465 2592 2464
f 2466 2592 2465
f 2466 2593 2592
f 2466 2594 2593
f 2467 2594 2466
f 2468 2594 2467
f 2468 2595 2594
f 2469 2595 2468
f 2469 2596 2595
f 2470 2596 2469
f 2470 2597 2596
f 2471 2597 2470
f 2471 2598 2597
f 2472 2598 2471
f 2472 2599 2598
f 2473 2599 2472
f 2473 2600 2599
f 2474 2601 2600
f 2474 2600 2473
f 2475 2602 2601
f 2475 2601 2474
f 2603 2731 2730
f 2604 2731 2603
f 2605 2732 2731
f 2605 2733 2732
f 2605 2731 2604
f 2606 2733 2605
f 2607 2734 2733
f 2607 2733 2606
f 2608 2735 2734
f 2608 2736 2735
f 2608 2734 2607
f 2609 2736 2608
f 2610 2737 2736
f 2610 2736 2609
f 2611 2738 2737
f 2611 2737 2610
f 2612 2739 2738
f 2612 2740 2739
f 2612 2738 2611
f 2613 2741 2740
f 2613 2740 2612
f 2614 2741 2613
f 2614 2742 2741
f 2615 2742 2614
f 2616 2742 2615
f 2616 2743 2742
f 2617 2743 2616
f 2617 2744 2743
f 2617 2745 2744
f 2618 2745 2617
f 2619 2745 2618
f 2619 2746 2745
f 2620 2746 2619
f 2620 2747 2746
f 2621 2747 2620
f 2621 2748 2747
f 2621 2749 2748
f 2622 2749 2621
f 2623 2749 2622
f 2623 2750 2749
f 2623 2751 2750
f 2624 2751 2623
f 2625 2751 2624
f 2625 2752 2751
f 2626 2753 2752
f 2626 2752 2625
f 2627 2754 2753
f 2627 2753 2626
f 2628 2755 2754
f 2628 2756 2755
f 2628 2754 2627
f 2629 2756 2628
f 2630 2757 2756
f 2630 2758 2757
f 2630 2756 2629
f 2631 2758 2630
f 2632 2759 2758
f 2632 2760 2759
f 2632 2758 2631
f 2633 2760 2632
f 2634 2761 2760
f 2634 2760 2633
f 2635 2762 2761
f 2635 2761 2634
f 2636 2763 2762
f 2636 2762 2635
f 2637 2764 2763
f 2637 2763 2636
f 2638 2765 2764
f 2638 2764 2637
f 2639 2766 2765
f 2639 2767 2766
f 2639 2765 2638
f 2640 2767 2639
f 2641 2767 2640
f 2641 2768 2767
f 2642 2768 2641
f 2642 2769 2768
f 2643 2769 2642
f 2643 2770 2769
f 2643 2771 2770
f 2644 2771 2643
f 2645 2771 2644
f 2645 2772 2771
f 2646 2772 2645
f 2646 2773 2772
f 2647 2773 2646
f 2647 2774 2773
f 2648 2774 2647
f 2648 2775 2774
f 2649 2775 2648
f 2649 2776 2775
f 2650 2776 2649
f 2650 2777 2776
f 2651 2777 2650
f 2651 2778 2777
f 2652 2778 2651
f 2652 2779 2778
f 2653 2779 2652
f 2653 2780 2779
f 2654 2780 2653
f 2654 2781 2780
f 2655 2781 2654
f 2655 2782 2781
f 2656 2782 2655
f 2656 2783 2782
f 2657 2783 2656
f 2657 2784 2783
f 2658 2784 2657
f 2658 2785 2784
f 2659 2785 2658
f 2659 2786 2785
f 2660 2786 2659
f 2660 2787 2786
f 2661 2788 2787
f 2661 2787 2660
f 2662 2789 2788
f 2662 2788 2661
f 2663 2790 2789
f 2663 2789 2662
f 2664 2791 2790
f 2664 2792 2791
f 2664 2790 2663
f 2665 2792 2664
f 2666 2792 2665
f 2666 2793 2792
f 2667 2793 2666
f 2667 2794 2793
f 2668 2794 2667
f 2668 2795 2794
f 2669 2795 2668
f 2669 2796 2795
f 2670 2796 2669
f 2670 2797 2796
f 2671 2797 2670
f 2671 2798 2797
f 2671 2799 2798
f 2672 2799 2671
f 2673 2799 2672
f 2673 2800 2799
f 2674 2800 2673
f 2674 2801 2800
f 2674 2802 2801
f 2675 2802 2674
f 2676 2802 2675
f 2676 2803 2802
f 2677 2803 2676
f 2677 2804 2803
f 2678 2805 2804
f 2678 2804 2677
f 2679 2806 2805
f 2679 2805 2678
f 2680 2807 2806
f 2680 2806 2679
f 2681 2808 2807
f 2681 2809 2808
f 2681 2807 2680
f 2682 2810 2809
f 2682 2809 2681
f 2683 2810 2682
f 2684 2811 2810
f 2684 2810 2683
f 2685 2812 2811
f 2685 2811 2684
f 2686 2813 2812
f 2686 2812 2685
f 2687 2814 2813
f 2687 2815 2814
f 2687 2813 2686
f 2688 2815 2687
f 2689 2816 2815
f 2689 2815 2688
f 2690 2817 2816
f 2690 2816 2689
f 2691 2817 2690
f 2691 2818 2817
f 2692 2818 2691
f 2692 2819 2818
f 2692 2820 2819
f 2693 2820 2692
f 2694 2820 2693
f 2694 2821 2820
f 2694 2822 2821
f 2695 2822 2694
f 2696 2823 2822
f 2696 2822 2695
f 2697 2824 2823
f 2697 2825 2824
f 2697 2823 2696
f 2698 2825 2697
f 2699 2826 2825
f 2699 2827 2826
f 2699 2825 2698
f 2700 2827 2699
f 2701 2828 2827
f 2701 2827 2700
f 2702 2829 2828
f 2702 2828 2701
f 2703 2830 2829
f 2703 2829 2702
f 2704 2831 2830
f 2704 2830 2703
f 2705 2832 2831
f 2705 2831 2704
f 2706 2833 2832
f 2706 2832 2705
f 2707 2834 2833
f 2707 2833 2706
f 2708 2835 2834
f 2708 2834 2707
f 2709 2836 2835
f 2709 2835 2708
f 2710 2837 2836
f 2710 2838 2837
f 2710 2836 2709
f 2711 2839 2838
f 2711 2838 2710
f 2712 2839 2711
f 2713 2840 2839
f 2713 2839 2712
f 2714 2841 2840
f 2714 2840 2713
f 2715 2841 2714
f 2715 2842 2841
f 2715 2843 2842
f 2716 2843 2715
f 2717 2843 2716
f 2717 2844 2843
f 2718 2844 2717
f 2718 2845 2844
f 2718 2846 2845
f 2719 2846 2718
f 2720 2846 2719
f 2720 2847 2846
f 2720 2848 2847
f 2721 2848 2720
f 2722 2848 2721
f 2722 2849 2848
f 2723 2849 2722
f 2723 2850 2849
f 2724 2850 2723
f 2724 2851 2850
f 2725 2851 2724
f 2725 2852 2851
f 2726 2852 2725
f 2726 2853 2852
f 2727 2853 2726
f 2727 2854 2853
f 2728 2855 2854
f 2728 2854 2727
f 2729 2856 2855
f 2729 2855 2728
f 2857 2985 2984
f 2858 2985 2857
f 2859 2986 2985
f 2859 2987 2986
f 2859 2985 2858
f 2860 2987 2859
f 2861 2988 2987
f 2861 2987 2860
f 2862 2989 2988
f 2862 2990 2989
f 2862 2988 2861
f 2863 2990 2862
f 2864 2991 2990
f 2864 2990 2863
f 2865 2992 2991
f 2865 2991 2864
f 2866 2993 2992
f 2866 2994 2993
f 2866 2992 2865
f 2867 2995 2994
f 2867 2994 2866
f 2868 2995 2867
f 2868 2996 2995
f 2869 2996 2868
f 2870 2996 2869
f 2870 2997 2996
f 2871 2997 2870
f 2871 2998 2997
f 2871 2999 2998
f 2872 2999 2871
f 2873 2999 2872
f 2873 3000 2999
f 2874 3000 2873
f 2874 3001 3000
f 2875 3001 2874
f 2875 3002 3001
f 2875 3003 3002
f 2876 3003 2875
f 2877 3003 2876
f 2877 3004 3003
f 2877 3005 3004
f 2878 3005 2877
f 2879 3005 2878
f 2879 3006 3005
f 2880 3007 3006
f 2880 3006 2879
f 2881 3008 3007
f 2881 3007 2880
f 2882 3009 3008
f 2882 3010 3009
f 2882 3008 2881
f 2883 3010 2882
f 2884 3011 3010
f 2884 3012 3011
f 2884 3010 2883
f 2885 3012 2884
f 2886 3013 3012
f 2886 3014 3013
f 2886 3012 2885
f 2887 3014 2886
f 2888 3015 3014
f 2888 3014 2887
f 2889 3016 3015
f 2889 3015 2888
f 2890 3017 3016
f 2890 3016 2889
f 2891 3018 3017
f 2891 3017 2890
f 2892 3019 3018
f 2892 3018 2891
f 2893 3020 3019
f 2893 3021 3020
f 2893 3019 2892
f 2894 3021 2893
f 2895 3021 2894
f 2895 3022 3021
f 2896 3022 2895
f 2896 3023 3022
f 2897 3023 2896
f 2897 3024 3023
f 2897 3025 3024
f 2898 3025 2897
f 2899 3025 2898
f 2899 3026 3025
f 2900 3026 2899
f 2900 3027 3026
f 2901 3027 2900
f 2901 3028 3027
f 2902 3028 2901
f 2902 3029 3028
f 2903 3029 2902
f 2903 3030 3029
f 2904 3030 2903
f 2904 3031 3030
f 2905 3031 2904
f 2905 3032 3031
f 2906 3032 2905
f 2906 3033 3032
f 2907 3033 2906
f 2907 3034 3033
f 2908 3034 2907
f 2908 3035 3034
f 2909 3035 2908
f 2909 3036 3035
f 2910 3036 2909
f 2910 3037 3036
f 2911 3037 2910
f 2911 3038 3037
f 2912 3038 2911
f 2912 3039 3038
f 2913 3039 2912
f 2913 3040 3039
f 2914 3040 2913
f 2914 3041 3040
f 2915 3042 3041
f 2915 3041 2914
f 2916 3043 3042
f 2916 3042 2915
f 2917 3044 3043
f 2917 3043 2916
f 2918 3045 3044
f 2918 3046 3045
f 2918 3044 2917
f 2919 3046 2918
f 2920 3046 2919
f 2920 3047 3046
f 2921 3047 2920
f 2921 3048 3047
f 2922 3048 2921
f 2922 3049 3048
f 2923 3049 2922
f 2923 3050 3049
f 2924 3050 2923
f 2924 3051 3050
f 2925 3051 2924
f 2925 3052 3051
f 2925 3053 3052
f 2926 3053 2925
f 2927 3053 2926
f 2927 3054 3053
f 2928 3054 2927
f 2928 3055 3054
f 2928 3056 3055
f 2929 3056 2928
f 2930 3056 2929
f 2930 3057 3056
f 2931 3057 2930
f 2931 3058 3057
f 2932 3059 3058
f 2932 3058 2931
f 2933 3060 3059
f 2933 3059 2932
f 2934 3061 3060
f 2934 3060 2933
f 2935 3062 3061
f 2935 3063 3062
f 2935 3061 2934
f 2936 3064 3063
f 2936 3063 2935
f 2937 3064 2936
f 2938 3065 3064
f 2938 3064 2937
f 2939 3066 3065
f 2939 3065 2938
f 2940 3067 3066
f 2940 3066 2939
f 2941 3068 3067
f 2941 3069 3068
f 2941 3067 2940
f 2942 3069 2941
f 2943 3070 3069
f 2943 3069 2942
f 2944 3071 3070
f 2944 3070 2943
f 2945 3071 2944
f 2945 3072 3071
f 2946 3072 2945
f 2946 3073 3072
f 2946 3074 3073
f 2947 3074 2946
f 2948 3074 2947
f 2948 3075 3074
f 2948 3076 3075
f 2949 3076 2948
f 2950 3077 3076
f 2950 3076 2949
f 2951 3078 3077
f 2951 3079 3078
f 2951 3077 2950
f 2952 3079 2951
f 2953 3080 3079
f 2953 3081 3080
f 2953 3079 2952
f 2954 3081 2953
f 2955 3082 3081
f 2955 3081 2954
f 2956 3083 3082
f 2956 3082 2955
f 2957 3084 3083
f 2957 3083 2956
f 2958 3085 3084
f 2958 3084 2957
f 2959 3086 3085
f 2959 3085 2958
f 2960 3087 3086
f 2960 3086 2959
f 2961 3088 3087
f 2961 3087 2960
f 2962 3089 3088
f 2962 3088 2961
f 2963 3090 3089
f 2963 3089 2962
f 2964 3091 3090
f 2964 3092 3091
f 2964 3090 2963
f 2965 3093 3092
f 2965 3092 2964
f 2966 3093 2965
f 2967 3094 3093
f 2967 3093 2966
f 2968 3095 3094
f 2968 3094 2967
f 2969 3095 2968
f 2969 3096 3095
f 2969 3097 3096
f 2970 3097 2969
f 2971 3097 2970
f 2971 3098 3097
f 2972 3098 2971
f 2972 3099 3098
f 2972 3100 3099
f 2973 3100 2972
f 2974 3100 2973
f 2974 3101 3100
f 2974 3102 3101
f 2975 3102 2974
f 2976 3102 2975
f 2976 3103 3102
f 2977 3103 2976
f 2977 3104 3103
f 2978 3104 2977
f 2978 3105 3104
f 2979 3105 2978
f 2979 3106 3105
f 2980 3106 2979
f 2980 3107 3106
f 2981 3107 2980
f 2981 3108 3107
f 2982 3109 3108
f 2982 3108 2981
f 2983 3110 3109
f 2983 3109 2982
f 3111 3239 3238
f 3112 3239 3111
f 3113 3240 3239
f 3113 3241 3240
f 3113 3239 3112
f 3114 3241 3113
f 3115 3242 3241
f 3115 3241 3114
f 3116 3243 3242
f 3116 3244 3243
f 3116 3242 3115
f 3117 3244 3116
f 3118 3245 3244
f 3118 3244 3117
f 3119 3246 3245
f 3119 3245 3118
f 3120 3247 3246
f 3120 3248 3247
f 3120 3246 3119
f 3121 3249 3248
f 3121 3248 3120
f 3122 3249 3121
f 3122 3250 3249
f 3123 3250 3122
f 3124 3250 3123
f 3124 3251 3250
f 3125 3251 3124
f 3125 3252 3251
f 3125 3253 3252
f 3126 3253 3125
f 3127 3253 3126
f 3127 3254 3253
f 3128 3254 3127
f 3128 3255 3254
f 3129 3255 3128
f 3129 3256 3255
f 3129 3257 3256
f 3130 3257 3129
f 3131 3257 3130
f 3131 3258 3257
f 3131 3259 3258
f 3132 3259 3131
f 3133 3259 3132
f 3133 3260 3259
f 3134 3261 3260
f 3134 3260 3133
f 3135 3262 3261
f 3135 3261 3134
f 3136 3263 3262
f 3136 3264 3263
f 3136 3262 3135
f 3137 3264 3136
f 3138 3265 3264
f 3138 3266 3265
f 3138 3264 3137
f 3139 3266 3138
f 3140 3267 3266
f 3140 3268 3267
f 3140 3266 3139
f 3141 3268 3140
f 3142 3269 3268
f 3142 3268 3141
f 3143 3270 3269
f 3143 3269 3142
f 3144 3271 3270
f 3144 3270 3143
f 3145 3272 3271
f 3145 3271 3144
f 3146 3273 3272
f 3146 3272 3145
f 3147 3274 3273
f 3147 3275 3274
f 3147 3273 3146
f 3148 3275 3147
f 3149 3275 3148
f 3149 3276 3275
f 3150 3276 3149
f 3150 3277 3276
f 3151 3277 3150
f 3151 3278 3277
f 3151 3279 3278
f 3152 3279 3151
f 3153 3279 3152
f 3153 3280 3279
f 3154 3280 3153
f 3154 3281 3280
f 3155 3281 3154
f 3155 3282 3281
f 3156 3282 3155
f 3156 3283 3282
f 3157 3283 3156
f 3157 3284 3283
f 3158 3284 3157
f 3158 3285 3284
f 3159 3285 3158
f 3159 3286 3285
f 3160 3286 3159
f 3160 3287 3286
f 3161 3287 3160
f 3161 3288 3287
f 3162 3288 3161
f 3162 3289 3288
f 3163 3289 3162
f 3163 3290 3289
f 3164 3290 3163
f 3164 3291 3290
f 3165 3291 3164
f 3165 3292 3291
f 3166 3292 3165
f 3166 3293 3292
f 3167 3293 3166
f 3167 3294 3293
f 3168 3294 3167
f 3168 3295 3294
f 3169 3296 3295
f 3169 3295 3168
f 3170 3297 3296
f 3170 3296 3169
f 3171 3298 3297
f 3171 3297 3170
f 3172 3299 3298
f 3172 3300 3299
f 3172 3298 3171
f 3173 3300 3172
f 3174 3300 3173
f 3174 3301 3300
f 3175 3301 3174
f 3175 3302 3301
f 3176 3302 3175
f 3176 3303 3302
f 3177 3303 3176
f 3177 3304 3303
f 3178 3304 3177
f 3178 3305 3304
f 3179 3305 3178
f 3179 3306 3305
f 3179 3307 3306
f 3180 3307 3179
f 3181 3307 3180
f 3181 3308 3307
f 3182 3308 3181
f 3182 3309 3308
f 3182 3310 3309
f 3183 3310 3182
f 3184 3310 3183
f 3184 3311 3310
f 3185 3311 3184
f 3185 3312 3311
f 3186 3313 3312
f 3186 3312 3185
f 3187 3314 3313
f 3187 3313 3186
f 3188 3315 3314
f 3188 3314 3187
f 3189 3316 3315
f 3189 3317 3316
f 3189 3315 3188
f 3190 3318 3317
f 3190 3317 3189
f 3191 3318 3190
f 3192 3319 3318
f 3192 3318 3191
f 3193 3320 3319
f 3193 3319 3192
f 3194 3321 3320
f 3194 3320 3193
f 3195 3322 3321
f 3195 3323 3322
f 3195 3321 3194
f 3196 3323 3195
f 3197 3324 3323
f 3197 3323 3196
f 3198 3325 3324
f 3198 3324 3197
f 3199 3325 3198
f 3199 3326 3325
f 3200 3326 3199
f 3200 3327 3326
f 3200 3328 3327
f 3201 3328 3200
f 3202 3328 3201
f 3202 3329 3328
f 3202 3330 3329
f 3203 3330 3202
f 3204 3331 3330
f 3204 3330 3203
f 3205 3332 3331
f 3205 3333 3332
f 3205 3331 3204
f 3206 3333 3205
f 3207 3334 3333
f 3207 3335 3334
f 3207 3333 3206
f 3208 3335 3207
f 3209 3336 3335
f 3209 3335 3208
f 3210 3337 3336
f 3210 3336 3209
f 3211 3338 3337
f 3211 3337 3210
f 3212 3339 3338
f 3212 3338 3211
f 3213 3340 3339
f 3213 3339 3212
f 3214 3341 3340
f 3214 3340 3213
f 3215 3342 3341
f 3215 3341 3214
f 3216 3343 3342
f 3216 3342 3215
f 3217 3344 3343
f 3217 3343 3216
f 3218 3345 3344
f 3218 3346 3345
f 3218 3344 3217
f 3219 3347 3346
f 3219 3346 3218
f 3220 3347 3219
f 3221 3348 3347
f 3221 3347 3220
f 3222 3349 3348
f 3222 3348 3221
f 3223 3349 3222
f 3223 3350 3349
f 3223 3351 3350
f 3224 3351 3223
f 3225 3351 3224
f 3225 3352 3351
f 3226 3352 3225
f 3226 3353 3352
f 3226 3354 3353
f 3227 3354 3226
f 3228 3354 3227
f 3228 3355 3354
f 3228 3356 3355
f 3229 3356 3228
f 3230 3356 3229
f 3230 3357 3356
f 3231 3357 3230
f 3231 3358 3357
f 3232 3358 3231
f 3232 3359 3358
f 3233 3359 3232
f 3233 3360 3359
f 3234 3360 3233
f 3234 3361 3360
f 3235 3361 3234
f 3235 3362 3361
f 3236 3363 3362
f 3236 3362 3235
f 3237 3364 3363
f 3237 3363 3236
f 3365 3493 3492
f 3366 3493 3365
f 3367 3494 3493
f 3367 3495 3494
f 3367 3493 3366
f 3368 3495 3367
f 3369 3496 3495
f 3369 3495 3368
f 3370 3497 3496
f 3370 3498 3497
f 3370 3496 3369
f 3371 3498 3370
f 3372 3499 3498
f 3372 3498 3371
f 3373 3500 3499
f 3373 3499 3372
f 3374 3501 3500
f 3374 3502 3501
f 3374 3500 3373
f 3375 3503 3502
f 3375 3502 3374
f 3376 3503 3375
f 3376 3504 3503
f 3377 3504 3376
f 3378 3504 3377
f 3378 3505 3504
f 3379 3505 3378
f 3379 3506 3505
f 3379 3507 3506
f 3380 3507 3379
f 3381 3507 3380
f 3381 3508 3507
f 3382 3508 3381
f 3382 3509 3508
f 3383 3509 3382
f 3383 3510 3509
f 3383 3511 3510
f 3384 3511 3383
f 3385 3511 3384
f 3385 3512 3511
f 3385 3513 3512
f 3386 3513 3385
f 3387 3513 3386
f 3387 3514 3513
f 3388 3515 3514
f 3388 3514 3387
f 3389 3516 3515
f 3389 3515 3388
f 3390 3517 3516
f 3390 3518 3517
f 3390 3516 3389
f 3391 3518 3390
f 3392 3519 3518
f 3392 3520 3519
f 3392 3518 3391
f 3393 3520 3392
f 3394 3521 3520
f 3394 3522 3521
f 3394 3520 3393
f 3395 3522 3394
f 3396 3523 3522
f 3396 3522 3395
f 3397 3524 3523
f 3397 3523 3396
f 3398 3525 3524
f 3398 3524 3397
f 3399 3526 3525
f 3399 3525 3398
f 3400 3527 3526
f 3400 3526 3399
f 3401 3528 3527
f 3401 3529 3528
f 3401 3527 3400
f 3402 3529 3401
f 3403 3529 3402
f 3403 3530 3529
f 3404 3530 3403
f 3404 3531 3530
f 3405 3531 3404
f 3405 3532 3531
f 3405 3533 3532
f 3406 3533 3405
f 3407 3533 3406
f 3407 3534 3533
f 3408 3534 3407
f 3408 3535 3534
f 3409 3535 3408
f 3409 3536 3535
f 3410 3536 3409
f 3410 3537 3536
f 3411 3537 3410
f 3411 3538 3537
f 3412 3538 3411
f 3412 3539 3538
f 3413 3539 3412
f 3413 3540 3539
f 3414 3540 3413
f 3414 3541 3540
f 3415 3541 3414
f 3415 3542 3541
f 3416 3542 3415
f 3416 3543 3542
f 3417 3543 3416
f 3417 3544 3543
f 3418 3544 3417
f 3418 3545 3544
f 3419 3545 3418
f 3419 3546 3545
f 3420 3546 3419
f 3420 3547 3546
f 3421 3547 3420
f 3421 3548 3547
f 3422 3548 3421
f 3422 3549 3548
f 3423 3550 3549
f 3423 3549 3422
f 3424 3551 3550
f 3424 3550 3423
f 3425 3552 3551
f 3425 3551 3424
f 3426 3553 3552
f 3426 3554 3553
f 3426 3552 3425
f 3427 3554 3426
f 3428 3554 3427
f 3428 3555 3554
f 3429 3555 3428
f 3429 3556 3555
f 3430 3556 3429
f 3430 3557 3556
f 3431 3557 3430
f 3431 3558 3557
f 3432 3558 3431
f 3432 3559 3558
f 3433 3559 3432
f 3433 3560 3559
f 3433 3561 3560
f 3434 3561 3433
f 3435 3561 3434
f 3435 3562 3561
f 3436 3562 3435
f 3436 3563 3562
f 3436 3564 3563
f 3437 3564 3436
f 3438 3564 3437
f 3438 3565 3564
f 3439 3565 3438
f 3439 3566 3565
f 3440 3567 3566
f 3440 3566 3439
f 3441 3568 3567
f 3441 3567 3440
f 3442 3569 3568
f 3442 3568 3441
f 3443 3570 3569
f 3443 3571 3570
f 3443 3569 3442
f 3444 3572 3571
f 3444 3571 3443
f 3445 3572 3444
f 3446 3573 3572
f 3446 3572 3445
f 3447 3574 3573
f 3447 3573 3446
f 3448 3575 3574
f 3448 3574 3447
f 3449 3576 3575
f 3449 3577 3576
f 3449 3575 3448
f 3450 3577 3449
f 3451 3578 3577
f 3451 3577 3450
f 3452 3579 3578
f 3452 3578 3451
f 3453 3579 3452
f 3453 3580 3579
f 3454 3580 3453
f 3454 3581 3580
f 3454 3582 3581
f 3455 3582 3454
f 3456 3582 3455
f 3456 3583 3582
f 3456 3584 3583
f 3457 3584 3456
f 3458 3585 3584
f 3458 3584 3457
f 3459 3586 3585
f 3459 3587 3586
f 3459 3585 3458
f 3460 3587 3459
f 3461 3588 3587
f 3461 3589 3588
f 3461 3587 3460
f 3462 3589 3461
f 3463 3590 3589
f 3463 3589 3462
f 3464 3591 3590
f 3464 3590 3463
f 3465 3592 3591
f 3465 3591 3464
f 3466 3593 3592
f 3466 3592 3465
f 3467 3594 3593
f 3467 3593 3466
f 3468 3595 3594
f 3468 3594 3467
f 3469 3596 3595
f 3469 3595 3468
f 3470 3597 3596
f 3470 3596 3469
f 3471 3598 3597
f 3471 3597 3470
f 3472 3599 3598
f 3472 3600 3599
f 3472 3598 3471
f 3473 3601 3600
f 3473 3600 3472
f 3474 3601 3473
f 3475 3602 3601
f 3475 3601 3474
f 3476 3603 3602
f 3476 3602 3475
f 3477 3603 3476
f 3477 3604 3603
f 3477 3605 3604
f 3478 3605 3477
f 3479 3605 3478
f 3479 3606 3605
f 3480 3606 3479
f 3480 3607 3606
f 3480 3608 3607
f 3481 3608 3480
f 3482 3608 3481
f 3482 3609 3608
f 3482 3610 3609
f 3483 3610 3482
f 3484 3610 3483
f 3484 3611 3610
f 3485 3611 3484
f 3485 3612 3611
f 3486 3612 3485
f 3486 3613 3612
f 3487 3613 3486
f 3487 3614 3613
f 3488 3614 3487
f 3488 3615 3614
f 3489 3615 3488
f 3489 3616 3615
f 3490 3617 3616
f 3490 3616 3489
f 3491 3618 3617
f 3491 3617 3490
f 3619 3747 3746
f 3620 3747 3619
f 3621 3748 3747
f 3621 3749 3748
f 3621 3747 3620
f 3622 3749 3621
f 3623 3750 3749
f 3623 3749 3622
f 3624 3751 3750
f 3624 3752 3751
f 3624 3750 3623
f 3625 3752 3624
f 3626 3753 3752
f 3626 3752 3625
f 3627 3754 3753
f 3627 3753 3626
f 3628 3755 3754
f 3628 3756 3755
f 3628 3754 3627
f 3629 3757 3756
f 3629 3756 3628
f 3630 3757 3629
f 3630 3758 3757
f 3631 3758 3630
f 3632 3758 3631
f 3632 3759 3758
f 3633 3759 3632
f 3633 3760 3759
f 3633 3761 3760
f 3634 3761 3633
f 3635 3761 3634
f 3635 3762 3761
f 3636 3762 3635
f 3636 3763 3762
f 3637 3763 3636
f 3637 3764 3763
f 3637 3765 3764
f 3638 3765 3637
f 3639 3765 3638
f 3639 3766 3765
f 3639 3767 3766
f 3640 3767 3639
f 3641 3767 3640
f 3641 3768 3767
f 3642 3769 3768
f 3642 3768 3641
f 3643 3770 3769
f 3643 3769 3642
f 3644 3771 3770
f 3644 3772 3771
f 3644 3770 3643
f 3645 3772 3644
f 3646 3773 3772
f 3646 3774 3773
f 3646 3772 3645
f 3647 3774 3646
f 3648 3775 3774
f 3648 3776 3775
f 3648 3774 3647
f 3649 3776 3648
f 3650 3777 3776
f 3650 3776 3649
f 3651 3778 3777
f 3651 3777 3650
f 3652 3779 3778
f 3652 3778 3651
f 3653 3780 3779
f 3653 3779 3652
f 3654 3781 3780
f 3654 3780 3653
f 3655 3782 3781
f 3655 3783 3782
f 3655 3781 3654
f 3656 3783 3655
f 3657 3783 3656
f 3657 3784 3783
f 3658 3784 3657
f 3658 3785 3784
f 3659 3785 3658
f 3659 3786 3785
f 3659 3787 3786
f 3660 3787 3659
f 3661 3787 3660
f 3661 3788 3787
f 3662 3788 3661
f 3662 3789 3788
f 3663 3789 3662
f 3663 3790 3789
f 3664 3790 3663
f 3664 3791 3790
f 3665 3791 3664
f 3665 3792 3791
f 3666 3792 3665
f 3666 3793 3792
f 3667 3793 3666
f 3667 3794 3793
f 3668 3794 3667
f 3668 3795 3794
f 3669 3795 3668
f 3669 3796 3795
f 3670 3796 3669
f 3670 3797 3796
f 3671 3797 3670
f 3671 3798 3797
f 3672 3798 3671
f 3672 3799 3798
f 3673 3799 3672
f 3673 3800 3799
f 3674 3800 3673
f 3674 3801 3800
f 3675 3801 3674
f 3675 3802 3801
f 3676 3802 3675
f 3676 3803 3802
f 3677 3804 3803
f 3677 3803 3676
f 3678 3805 3804
f 3678 3804 3677
f 3679 3806 3805
f 3679 3805 3678
f 3680 3807 3806
f 3680 3808 3807
f 3680 3806 3679
f 3681 3808 3680
f 3682 3808 3681
f 3682 3809 3808
f 3683 3809 3682
f 3683 3810 3809
f 3684 3810 3683
f 3684 3811 3810
f 3685 3811 3684
f 3685 3812 3811
f 3686 3812 3685
f 3686 3813 3812
f 3687 3813 3686
f 3687 3814 3813
f 3687 3815 3814
f 3688 3815 3687
f 3689 3815 3688
f 3689 3816 3815
f 3690 3816 3689
f 3690 3817 3816
f 3690 3818 3817
f 3691 3818 3690
f 3692 3818 3691
f 3692 3819 3818
f 3693 3819 3692
f 3693 3820 3819
f 3694 3821 3820
f 3694 3820 3693
f 3695 3822 3821
f 3695 3821 3694
f 3696 3823 3822
f 3696 3822 3695
f 3697 3824 3823
f 3697 3825 3824
f 3697 3823 3696
f 3698 3826 3825
f 3698 3825 3697
f 3699 3826 3698
f 3700 3827 3826
f 3700 3826 3699
f 3701 3828 3827
f 3701 3827 3700
f 3702 3829 3828
f 3702 3828 3701
f 3703 3830 3829
f 3703 3831 3830
f 3703 3829 3702
f 3704 3831 3703
f 3705 3832 3831
f 3705 3831 3704
f 3706 3833 3832
f 3706 3832 3705
f 3707 3833 3706
f 3707 3834 3833
f 3708 3834 3707
f 3708 3835 3834
f 3708 3836 3835
f 3709 3836 3708
f 3710 3836 3709
f 3710 3837 3836
f 3710 3838 3837
f 3711 3838 3710
f 3712 3839 3838
f 3712 3838 3711
f 3713 3840 3839
f 3713 3841 3840
f 3713 3839 3712
f 3714 3841 3713
f 3715 3842 3841
f 3715 3843 3842
f 3715 3841 3714
f 3716 3843 3715
f 3717 3844 3843
f 3717 3843 3716
f 3718 3845 3844
f 3718 3844 3717
f 3719 3846 3845
f 3719 3845 3718
f 3720 3847 3846
f 3720 3846 3719
f 3721 3848 3847
f 3721 3847 3720
f 3722 3849 3848
f 3722 3848 3721
f 3723 3850 3849
f 3723 3849 3722
f 3724 3851 3850
f 3724 3850 3723
f 3725 3852 3851
f 3725 3851 3724
f 3726 3853 3852
f 3726 3854 3853
f 3726 3852 3725
f 3727 3855 3854
f 3727 3854 3726
f 3728 3855 3727
f 3729 3856 3855
f 3729 3855 3728
f 3730 3857 3856
f 3730 3856 3729
f 3731 3857 3730
f 3731 3858 3857
f 3731 3859 3858
f 3732 3859 3731
f 3733 3859 3732
f 3733 3860 3859
f 3734 3860 3733
f 3734 3861 3860
f 3734 3862 3861
f 3735 3862 3734
f 3736 3862 3735
f 3736 3863 3862
f 3736 3864 3863
f 3737 3864 3736
f 3738 3864 3737
f 3738 3865 3864
f 3739 3865 3738
f 3739 3866 3865
f 3740 3866 3739
f 3740 3867 3866
f 3741 3867 3740
f 3741 3868 3867
f 3742 3868 3741
f 3742 3869 3868
f 3743 3869 3742
f 3743 3870 3869
f 3744 3871 3870
f 3744 3870 3743
f 3745 3872 3871
f 3745 3871 3744
f 3873 3876 3875
f 3874 3876 3873
f 3882 3881 3944
f 3883 3882 3944
f 3884 3883 3944
f 3885 3884 3944
f 3886 3885 3944
f 3887 3886 3944
f 3888 3887 3944
f 3889 3944 3878
f 3889 3888 3944
f 3890 3889 3878
f 3891 3890 3878
f 3892 3891 3878
f 3893 3892 3878
f 3894 3893 3878
f 3895 3894 3878
f 3896 3895 3878
f 3897 3896 3878
f 3898 3897 3878
f 3899 3898 3878
f 3900 3899 3878
f 3901 3900 3878
f 3902 3901 3878
f 3903 3902 3878
f 3904 3903 3878
f 3905 3904 3878
f 3906 3905 3878
f 3907 3906 3878
f 3908 3907 3878
f 3909 3908 3878
f 3910 3909 3878
f 3911 3910 3878
f 3879 3937 3936
f 3879 3938 3937
f 3879 3939 3938
f 3879 3940 3939
f 3879 3941 3940
f 3879 3942 3941
f 3879 3943 3942
f 3879 3880 3943
f 3877 3915 3914
f 3877 3916 3915
f 3877 3917 3916
f 3877 3918 3917
f 3877 3919 3918
f 3877 3920 3919
f 3877 3921 3920
f 3877 3922 3921
f 3877 3923 3922
f 3877 3924 3923
f 3877 3925 3924
f 3877 3926 3925
f 3877 3927 3926
f 3877 3928 3927
f 3877 3929 3928
f 3877 3930 3929
f 3877 3931 3930
f 3877 3932 3931
f 3877 3933 3932
f 3877 3934 3933
f 3877 3935 3934
f 3877 3936 3935
f 3877 3879 3936
f 3878 3877 3912
f 3912 3877 3913
f 3913 3877 3914
f 3878 3912 3911
f 3948 3945 3946
f 3948 3947 3945
f 3954 4016 3953
f 3955 4016 3954
f 3956 4016 3955
f 3957 4016 3956
f 3958 4016 3957
f 3959 4016 3958
f 3960 4016 3959
f 3961 3950 4016
f 3961 4016 3960
f 3962 3950 3961
f 3963 3950 3962
f 3964 3950 3963
f 3965 3950 3964
f 3966 3950 3965
f 3967 3950 3966
f 3968 3950 3967
f 3969 3950 3968
f 3970 3950 3969
f 3971 3950 3970
f 3972 3950 3971
f 3973 3950 3972
f 3974 3950 3973
f 3975 3950 3974
f 3976 3950 3975
f 3977 3950 3976
f 3978 3950 3977
f 3979 3950 3978
f 3980 3950 3979
f 3981 3950 3980
f 3982 3950 3981
f 3983 3950 3982
f 3951 4008 4009
f 3951 4009 4010
f 3951 4010 4011
f 3951 4011 4012
f 3951 4012 4013
f 3951 4013 4014
f 3951 4014 4015
f 3951 4015 3952
f 3949 3986 3987
f 3949 3987 3988
f 3949 3988 3989
f 3949 3989 3990
f 3949 3990 3991
f 3949 3991 3992
f 3949 3992 3993
f 3949 3993 3994
f 3949 3994 3995
f 3949 3995 3996
f 3949 3996 3997
f 3949 3997 3998
f 3949 3998 3999
f 3949 3999 4000
f 3949 4000 4001
f 3949 4001 4002
f 3949 4002 4003
f 3949 4003 4004
f 3949 4004 4005
f 3949 4005 4006
f 3949 4006 4007
f 3949 4007 4008
f 3949 4008 3951
f 3950 3984 3949
f 3984 3985 3949
f 3985 3986 3949
f 3950 3983 3984
f 4099 4100 4019
f 4101 4019 4100
f 4098 4099 4019
f 4102 4019 4101
f 4097 4098 4019
f 4103 4019 4102
f 4096 4097 4019
f 4104 4019 4103
f 4095 4096 4019
f 4105 4019 4104
f 4094 4095 4019
f 4106 4019 4105
f 4093 4094 4019
f 4107 4019 4106
f 4092 4093 4019
f 4108 4019 4107
f 4091 4092 4019
f 4109 4019 4108
f 4090 4091 4019
f 4110 4019 4109
f 4089 4090 4019
f 4111 4019 4110
f 4088 4089 4019
f 4112 4019 4111
f 4087 4088 4019
f 4113 4019 4112
f 4086 4087 4019
f 4114 4019 4113
f 4085 4086 4019
f 4115 4019 4114
f 4084 4085 4019
f 4116 4019 4115
f 4083 4084 4019
f 4117 4019 4116
f 4082 4083 4019
f 4118 4019 4117
f 4081 4082 4019
f 4119 4019 4118
f 4080 4081 4019
f 4079 4080 4019
f 4478 4051 4052
f 4478 4052 4053
f 4478 4053 4054
f 4477 4478 4054
f 4477 4054 4055
f 4477 4055 4056
f 4477 4056 4057
f 4477 4057 4058
f 4479 4051 4478
f 4479 4047 4048
f 4479 4048 4049
f 4479 4049 4050
f 4479 4050 4051
f 4476 4058 4059
f 4476 4059 4060
f 4476 4060 4061
f 4476 4477 4058
f 4480 4047 4479
f 4480 4044 4045
f 4480 4045 4046
f 4480 4046 4047
f 4475 4476 4061
f 4475 4061 4062
f 4475 4062 4063
f 4475 4063 4064
f 4481 4044 4480
f 4481 4040 4041
f 4481 4041 4042
f 4481 4042 4043
f 4481 4043 4044
f 4474 4064 4065
f 4474 4065 4066
f 4474 4475 4064
f 4482 4036 4037
f 4482 4037 4038
f 4482 4038 4039
f 4482 4039 4040
f 4482 4040 4481
f 4473 4066 4067
f 4473 4067 4068
f 4473 4068 4069
f 4473 4474 4066
f 4483 4032 4033
f 4483 4033 4034
f 4483 4034 4035
f 4483 4035 4036
f 4483 4036 4482
f 4472 4069 4070
f 4472 4070 4071
f 4472 4473 4069
f 4484 4032 4483
f 4484 4029 4030
f 4484 4030 4031
f 4484 4031 4032
f 4471 4071 4072
f 4471 4072 4073
f 4471 4472 4071
f 4485 4025 4026
f 4485 4026 4027
f 4485 4027 4028
f 4485 4028 4029
f 4485 4029 4484
f 4470 4073 4074
f 4470 4074 4075
f 4470 4471 4073
f 4486 4022 4023
f 4486 4025 4485
f 4486 4023 4024
f 4486 4024 4025
f 4469 4075 4076
f 4469 4076 4077
f 4469 4470 4075
f 4487 4021 4022
f 4487 4145 4146
f 4487 4146 4021
f 4487 4022 4486
f 4468 4469 4077
f 4468 4077 4078
f 4488 4145 4487
f 4488 4142 4143
f 4488 4143 4144
f 4488 4144 4145
f 4467 4468 4078
f 4467 4078 4079
f 4467 4079 4019
f 4489 4140 4141
f 4489 4141 4142
f 4489 4142 4488
f 4466 4467 4019
f 4490 4140 4489
f 4490 4137 4138
f 4490 4138 4139
f 4490 4139 4140
f 4465 4466 4019
f 4491 4137 4490
f 4491 4135 4136
f 4491 4136 4137
f 4492 4135 4491
f 4492 4133 4134
f 4492 4134 4135
f 4493 4133 4492
f 4493 4131 4132
f 4493 4132 4133
f 4226 4131 4493
f 4226 4493 4494
f 4225 4226 4494
f 4227 4129 4130
f 4227 4130 4131
f 4227 4131 4226
f 4224 4494 4495
f 4224 4225 4494
f 4228 4129 4227
f 4223 4224 4495
f 4229 4127 4128
f 4229 4128 4129
f 4229 4129 4228
f 4222 4495 4496
f 4222 4223 4495
f 4230 4126 4127
f 4230 4127 4229
f 4221 4222 4496
f 4231 4125 4126
f 4231 4126 4230
f 4220 4496 4497
f 4220 4221 4496
f 4232 4124 4125
f 4232 4125 4231
f 4219 4220 4497
f 4233 4123 4124
f 4233 4124 4232
f 4218 4219 4497
f 4234 4122 4123
f 4234 4123 4233
f 4217 4218 4497
f 4217 4497 4498
f 4235 4122 4234
f 4216 4217 4498
f 4236 4120 4121
f 4236 4121 4122
f 4236 4122 4235
f 4215 4216 4498
f 4215 4498 4499
f 4237 4120 4236
f 4214 4215 4499
f 4238 4119 4120
f 4238 4019 4119
f 4238 4120 4237
f 4213 4214 4499
f 4212 4213 4499
f 4212 4499 4500
f 4211 4212 4500
f 4210 4211 4500
f 4209 4210 4500
f 4209 4500 4501
f 4208 4209 4501
f 4207 4208 4501
f 4206 4207 4501
f 4206 4501 4502
f 4205 4206 4502
f 4204 4205 4502
f 4203 4204 4502
f 4202 4203 4502
f 4503 4202 4502
f 4503 4201 4202
f 4200 4201 4503
f 4199 4200 4503
f 4504 4195 4196
f 4504 4196 4197
f 4504 4197 4198
f 4504 4198 4199
f 4504 4199 4503
f 4020 4019 4238
f 4020 4238 4239
f 4020 4239 4240
f 4020 4240 4241
f 4020 4241 4242
f 4020 4242 4243
f 4020 4243 4244
f 4020 4244 4245
f 4020 4245 4246
f 4020 4246 4247
f 4020 4247 4248
f 4020 4248 4249
f 4020 4249 4250
f 4020 4250 4251
f 4020 4251 4252
f 4020 4252 4253
f 4020 4253 4254
f 4020 4254 4255
f 4020 4255 4256
f 4020 4256 4257
f 4020 4257 4258
f 4020 4258 4259
f 4260 4020 4259
f 4261 4020 4260
f 4262 4020 4261
f 4263 4020 4262
f 4264 4020 4263
f 4265 4020 4264
f 4505 4195 4504
f 4505 4191 4192
f 4505 4192 4193
f 4505 4193 4194
f 4505 4194 4195
f 4266 4020 4265
f 4267 4020 4266
f 4268 4020 4267
f 4269 4020 4268
f 4270 4020 4269
f 4271 4020 4270
f 4272 4020 4271
f 4147 4020 4272
f 4506 4187 4188
f 4506 4188 4189
f 4506 4189 4190
f 4506 4190 4191
f 4506 4191 4505
f 4148 4020 4147
f 4149 4020 4148
f 4150 4020 4149
f 4151 4020 4150
f 4152 4020 4151
f 4507 4187 4506
f 4507 4184 4185
f 4507 4185 4186
f 4507 4186 4187
f 4508 4180 4181
f 4508 4181 4182
f 4508 4182 4183
f 4508 4183 4184
f 4508 4184 4507
f 4509 4177 4178
f 4509 4178 4179
f 4509 4179 4180
f 4509 4180 4508
f 4510 4177 4509
f 4510 4173 4174
f 4510 4174 4175
f 4510 4175 4176
f 4510 4176 4177
f 4511 4173 4510
f 4511 4170 4171
f 4511 4171 4172
f 4511 4172 4173
f 4351 4451 4452
f 4351 4352 4451
f 4353 4451 4352
f 4350 4351 4452
f 4354 4450 4451
f 4354 4451 4353
f 4349 4452 4453
f 4349 4350 4452
f 4355 4450 4354
f 4348 4349 4453
f 4356 4449 4450
f 4356 4450 4355
f 4347 4453 4454
f 4347 4348 4453
f 4357 4449 4356
f 4346 4347 4454
f 4358 4449 4357
f 4345 4454 4455
f 4345 4346 4454
f 4359 4449 4358
f 4359 4448 4449
f 4344 4345 4455
f 4360 4448 4359
f 4343 4455 4456
f 4343 4344 4455
f 4512 4170 4511
f 4512 4167 4168
f 4512 4168 4169
f 4512 4169 4170
f 4361 4448 4360
f 4342 4343 4456
f 4342 4456 4457
f 4362 4448 4361
f 4362 4447 4448
f 4341 4342 4457
f 4363 4447 4362
f 4364 4447 4363
f 4365 4447 4364
f 4366 4447 4365
f 4366 4446 4447
f 4367 4446 4366
f 4368 4446 4367
f 4369 4445 4446
f 4369 4446 4368
f 4370 4445 4369
f 4371 4445 4370
f 4513 4167 4512
f 4513 4165 4166
f 4513 4166 4167
f 4372 4445 4371
f 4373 4445 4372
f 4373 4444 4445
f 4374 4444 4373
f 4375 4444 4374
f 4376 4443 4444
f 4376 4444 4375
f 4377 4443 4376
f 4378 4443 4377
f 4379 4443 4378
f 4514 4162 4163
f 4514 4163 4164
f 4514 4164 4165
f 4514 4165 4513
f 4380 4442 4443
f 4380 4443 4379
f 4017 4323 4324
f 4017 4324 4325
f 4017 4325 4326
f 4017 4326 4327
f 4017 4327 4328
f 4017 4328 4329
f 4017 4329 4330
f 4017 4330 4331
f 4017 4331 4332
f 4017 4332 4333
f 4017 4333 4334
f 4017 4334 4335
f 4017 4341 4457
f 4017 4335 4336
f 4017 4336 4337
f 4017 4337 4338
f 4017 4338 4339
f 4017 4339 4340
f 4017 4340 4341
f 4017 4457 4458
f 4017 4458 4459
f 4017 4459 4460
f 4381 4442 4380
f 4322 4323 4017
f 4382 4442 4381
f 4321 4322 4017
f 4383 4442 4382
f 4320 4321 4017
f 4384 4442 4383
f 4384 4441 4442
f 4319 4320 4017
f 4385 4441 4384
f 4318 4319 4017
f 4386 4441 4385
f 4515 4162 4514
f 4515 4160 4161
f 4515 4161 4162
f 4317 4318 4017
f 4387 4441 4386
f 4316 4317 4017
f 4388 4441 4387
f 4315 4316 4017
f 4314 4315 4017
f 4440 4441 4388
f 4440 4388 4389
f 4390 4440 4389
f 4313 4314 4017
f 4391 4440 4390
f 4312 4313 4017
f 4311 4312 4017
f 4516 4160 4515
f 4516 4158 4159
f 4516 4159 4160
f 4310 4311 4017
f 4309 4310 4017
f 4308 4309 4017
f 4307 4308 4017
f 4439 4440 4391
f 4439 4391 4392
f 4439 4392 4393
f 4439 4393 4394
f 4439 4394 4395
f 4306 4307 4017
f 4305 4306 4017
f 4304 4305 4017
f 4303 4304 4017
f 4302 4303 4017
f 4517 4158 4516
f 4517 4156 4157
f 4517 4157 4158
f 4438 4439 4395
f 4438 4395 4396
f 4438 4396 4397
f 4438 4397 4398
f 4518 4154 4155
f 4518 4155 4156
f 4518 4156 4517
f 4437 4438 4398
f 4437 4273 4274
f 4437 4274 4275
f 4437 4398 4273
f 4519 4154 4518
f 4519 4153 4154
f 4436 4437 4275
f 4436 4275 4276
f 4436 4276 4277
f 4436 4277 4278
f 4520 4020 4152
f 4520 4152 4153
f 4520 4153 4519
f 4435 4278 4279
f 4435 4279 4280
f 4435 4436 4278
f 4521 4020 4520
f 4434 4435 4280
f 4434 4280 4281
f 4434 4281 4282
f 4434 4282 4283
f 4522 4020 4521
f 4433 4283 4284
f 4433 4284 4285
f 4433 4434 4283
f 4432 4433 4285
f 4432 4285 4286
f 4432 4286 4287
f 4431 4287 4288
f 4431 4288 4289
f 4431 4432 4287
f 4430 4431 4289
f 4603 4604 4419
f 4603 4419 4420
f 4605 4419 4604
f 4602 4603 4420
f 4606 4419 4605
f 4601 4602 4420
f 4607 4419 4606
f 4607 4418 4419
f 4600 4601 4420
f 4608 4418 4607
f 4599 4420 4421
f 4599 4600 4420
f 4609 4418 4608
f 4598 4599 4421
f 4610 4418 4609
f 4597 4598 4421
f 4611 4418 4610
f 4611 4417 4418
f 4596 4421 4422
f 4596 4597 4421
f 4612 4417 4611
f 4595 4596 4422
f 4613 4417 4612
f 4594 4595 4422
f 4614 4417 4613
f 4614 4416 4417
f 4593 4594 4422
f 4615 4416 4614
f 4592 4422 4423
f 4592 4593 4422
f 4616 4416 4615
f 4591 4592 4423
f 4617 4416 4616
f 4590 4591 4423
f 4618 4416 4617
f 4618 4415 4416
f 4589 4423 4424
f 4589 4590 4423
f 4619 4415 4618
f 4588 4589 4424
f 4620 4415 4619
f 4587 4588 4424
f 4621 4415 4620
f 4621 4414 4415
f 4586 4587 4424
f 4586 4424 4425
f 4622 4414 4621
f 4585 4586 4425
f 4623 4414 4622
f 4584 4585 4425
f 4624 4414 4623
f 4583 4425 4426
f 4583 4584 4425
f 4625 4413 4414
f 4625 4414 4624
f 4582 4583 4426
f 4626 4413 4625
f 4581 4426 4427
f 4581 4582 4426
f 4627 4413 4626
f 4580 4581 4427
f 4628 4413 4627
f 4628 4412 4413
f 4579 4580 4427
f 4629 4412 4628
f 4578 4427 4428
f 4578 4579 4427
f 4630 4412 4629
f 4577 4578 4428
f 4631 4412 4630
f 4631 4411 4412
f 4576 4428 4429
f 4576 4577 4428
f 4632 4411 4631
f 4575 4576 4429
f 4633 4411 4632
f 4633 4410 4411
f 4574 4429 4430
f 4574 4575 4429
f 4634 4410 4633
f 4573 4574 4430
f 4635 4410 4634
f 4572 4573 4430
f 4572 4430 4289
f 4636 4410 4635
f 4636 4409 4410
f 4571 4572 4289
f 4571 4289 4290
f 4637 4409 4636
f 4570 4571 4290
f 4570 4290 4291
f 4638 4409 4637
f 4638 4408 4409
f 4569 4570 4291
f 4569 4291 4292
f 4639 4408 4638
f 4568 4292 4293
f 4568 4293 4294
f 4568 4569 4292
f 4640 4408 4639
f 4640 4407 4408
f 4567 4568 4294
f 4641 4407 4640
f 4642 4407 4641
f 4642 4406 4407
f 4643 4406 4642
f 4644 4405 4406
f 4644 4406 4643
f 4645 4404 4405
f 4645 4405 4644
f 4646 4404 4645
f 4018 4525 4526
f 4018 4526 4527
f 4018 4404 4646
f 4018 4527 4528
f 4018 4528 4529
f 4018 4529 4530
f 4018 4530 4531
f 4018 4531 4532
f 4018 4532 4533
f 4018 4533 4534
f 4018 4534 4535
f 4018 4535 4536
f 4018 4536 4537
f 4018 4537 4538
f 4018 4538 4539
f 4018 4539 4540
f 4018 4540 4541
f 4018 4541 4542
f 4018 4542 4543
f 4018 4543 4544
f 4018 4544 4545
f 4018 4646 4647
f 4018 4545 4546
f 4018 4647 4648
f 4018 4546 4547
f 4018 4648 4649
f 4018 4547 4548
f 4018 4649 4650
f 4018 4548 4549
f 4018 4650 4525
f 4018 4549 4550
f 4018 4550 4551
f 4018 4551 4552
f 4018 4552 4553
f 4018 4553 4554
f 4018 4554 4555
f 4018 4555 4556
f 4018 4556 4557
f 4018 4557 4558
f 4018 4558 4559
f 4018 4401 4402
f 4018 4402 4403
f 4018 4403 4404
f 4018 4302 4017
f 4018 4301 4302
f 4018 4300 4301
f 4018 4299 4300
f 4018 4298 4299
f 4018 4297 4298
f 4018 4296 4297
f 4018 4295 4296
f 4018 4294 4295
f 4018 4559 4294
f 4559 4560 4294
f 4560 4561 4294
f 4561 4562 4294
f 4562 4563 4294
f 4563 4564 4294
f 4564 4565 4294
f 4565 4566 4294
f 4566 4567 4294
f 4017 4462 4019
f 4462 4463 4019
f 4463 4464 4019
f 4464 4465 4019
f 4017 4461 4462
f 4017 4460 4461
f 4020 4399 4018
f 4399 4400 4018
f 4400 4401 4018
f 4020 4524 4399
f 4020 4523 4524
f 4020 4522 4523
f 4656 4655 4718
f 4657 4656 4718
f 4658 4657 4718
f 4659 4658 4718
f 4660 4659 4718
f 4661 4660 4718
f 4662 4661 4718
f 4663 4718 4652
f 4663 4662 4718
f 4664 4663 4652
f 4665 4664 4652
f 4666 4665 4652
f 4667 4666 4652
f 4668 4667 4652
f 4669 4668 4652
f 4670 4669 4652
f 4671 4670 4652
f 4672 4671 4652
f 4673 4672 4652
f 4674 4673 4652
f 4675 4674 4652
f 4676 4675 4652
f 4677 4676 4652
f 4678 4677 4652
f 4679 4678 4652
f 4680 4679 4652
f 4681 4680 4652
f 4682 4681 4652
f 4683 4682 4652
f 4684 4683 4652
f 4685 4684 4652
f 4653 4711 4710
f 4653 4712 4711
f 4653 4713 4712
f 4653 4714 4713
f 4653 4715 4714
f 4653 4716 4715
f 4653 4717 4716
f 4653 4654 4717
f 4651 4689 4688
f 4651 4690 4689
f 4651 4691 4690
f 4651 4692 4691
f 4651 4693 4692
f 4651 4694 4693
f 4651 4695 4694
f 4651 4696 4695
f 4651 4697 4696
f 4651 4698 4697
f 4651 4699 4698
f 4651 4700 4699
f 4651 4701 4700
f 4651 4702 4701
f 4651 4703 4702
f 4651 4704 4703
f 4651 4705 4704
f 4651 4706 4705
f 4651 4707 4706
f 4651 4708 4707
f 4651 4709 4708
f 4651 4710 4709
f 4651 4653 4710
f 4652 4651 4686
f 4686 4651 4687
f 4687 4651 4688
f 4652 4686 4685
f 4722 4719 4720
f 4722 4721 4719
f 4728 4790 4727
f 4729 4790 4728
f 4730 4790 4729
f 4731 4790 4730
f 4732 4790 4731
f 4733 4790 4732
f 4734 4790 4733
f 4735 4724 4790
f 4735 4790 4734
f 4736 4724 4735
f 4737 4724 4736
f 4738 4724 4737
f 4739 4724 4738
f 4740 4724 4739
f 4741 4724 4740
f 4742 4724 4741
f 4743 4724 4742
f 4744 4724 4743
f 4745 4724 4744
f 4746 4724 4745
f 4747 4724 4746
f 4748 4724 4747
f 4749 4724 4748
f 4750 4724 4749
f 4751 4724 4750
f 4752 4724 4751
f 4753 4724 4752
f 4754 4724 4753
f 4755 4724 4754
f 4756 4724 4755
f 4757 4724 4756
f 4725 4782 4783
f 4725 4783 4784
f 4725 4784 4785
f 4725 4785 4786
f 4725 4786 4787
f 4725 4787 4788
f 4725 4788 4789
f 4725 4789 4726
f 4723 4760 4761
f 4723 4761 4762
f 4723 4762 4763
f 4723 4763 4764
f 4723 4764 4765
f 4723 4765 4766
f 4723 4766 4767
f 4723 4767 4768
f 4723 4768 4769
f 4723 4769 4770
f 4723 4770 4771
f 4723 4771 4772
f 4723 4772 4773
f 4723 4773 4774
f 4723 4774 4775
f 4723 4775 4776
f 4723 4776 4777
f 4723 4777 4778
f 4723 4778 4779
f 4723 4779 4780
f 4723 4780 4781
f 4723 4781 4782
f 4723 4782 4725
f 4724 4758 4723
f 4758 4759 4723
f 4759 4760 4723
f 4724 4757 4758
f 4873 4874 4793
f 4875 4793 4874
f 4872 4873 4793
f 4876 4793 4875
f 4871 4872 4793
f 4877 4793 4876
f 4870 4871 4793
f 4878 4793 4877
f 4869 4870 4793
f 4879 4793 4878
f 4868 4869 4793
f 4880 4793 4879
f 4867 4868 4793
f 4881 4793 4880
f 4866 4867 4793
f 4882 4793 4881
f 4865 4866 4793
f 4883 4793 4882
f 4864 4865 4793
f 4884 4793 4883
f 4863 4864 4793
f 4885 4793 4884
f 4862 4863 4793
f 4886 4793 4885
f 4861 4862 4793
f 4887 4793 4886
f 4860 4861 4793
f 4888 4793 4887
f 4859 4860 4793
f 4889 4793 4888
f 4858 4859 4793
f 4890 4793 4889
f 4857 4858 4793
f 4891 4793 4890
f 4856 4857 4793
f 4892 4793 4891
f 4855 4856 4793
f 4893 4793 4892
f 4854 4855 4793
f 4853 4854 4793
f 5252 4825 4826
f 5252 4826 4827
f 5252 4827 4828
f 5251 5252 4828
f 5251 4828 4829
f 5251 4829 4830
f 5251 4830 4831
f 5251 4831 4832
f 5253 4825 5252
f 5253 4821 4822
f 5253 4822 4823
f 5253 4823 4824
f 5253 4824 4825
f 5250 4832 4833
f 5250 4833 4834
f 5250 4834 4835
f 5250 5251 4832
f 5254 4821 5253
f 5254 4818 4819
f 5254 4819 4820
f 5254 4820 4821
f 5249 4835 4836
f 5249 4836 4837
f 5249 4837 4838
f 5249 5250 4835
f 5255 4818 5254
f 5255 4814 4815
f 5255 4815 4816
f 5255 4816 4817
f 5255 4817 4818
f 5248 4838 4839
f 5248 4839 4840
f 5248 5249 4838
f 5256 4810 4811
f 5256 4811 4812
f 5256 4812 4813
f 5256 4813 4814
f 5256 4814 5255
f 5247 5248 4840
f 5247 4840 4841
f 5247 4841 4842
f 5247 4842 4843
f 5257 4806 4807
f 5257 4807 4808
f 5257 4808 4809
f 5257 4809 4810
f 5257 4810 5256
f 5246 4843 4844
f 5246 4844 4845
f 5246 5247 4843
f 5258 4803 4804
f 5258 4804 4805
f 5258 4805 4806
f 5258 4806 5257
f 5245 5246 4845
f 5245 4845 4846
f 5245 4846 4847
f 5259 4799 4800
f 5259 4800 4801
f 5259 4801 4802
f 5259 4802 4803
f 5259 4803 5258
f 5244 4847 4848
f 5244 4848 4849
f 5244 5245 4847
f 5260 4799 5259
f 5260 4796 4797
f 5260 4797 4798
f 5260 4798 4799
f 5243 5244 4849
f 5243 4849 4850
f 5243 4850 4851
f 5261 4795 4796
f 5261 4796 5260
f 5261 4919 4920
f 5261 4920 4795
f 5242 5243 4851
f 5242 4851 4852
f 5262 4916 4917
f 5262 4917 4918
f 5262 4918 4919
f 5262 4919 5261
f 5241 4853 4793
f 5241 5242 4852
f 5241 4852 4853
f 5263 4916 5262
f 5263 4914 4915
f 5263 4915 4916
f 5240 5241 4793
f 5264 4911 4912
f 5264 4912 4913
f 5264 4913 4914
f 5264 4914 5263
f 5239 5240 4793
f 5265 4909 4910
f 5265 4910 4911
f 5265 4911 5264
f 5266 4907 4908
f 5266 4908 4909
f 5266 4909 5265
f 5267 4905 4906
f 5267 4906 4907
f 5267 4907 5266
f 5000 4905 5267
f 5000 5267 5268
f 4999 5000 5268
f 5001 4905 5000
f 5001 4904 4905
f 4998 4999 5268
f 4998 5268 5269
f 5002 4903 4904
f 5002 4904 5001
f 4997 4998 5269
f 5003 4901 4902
f 5003 4902 4903
f 5003 4903 5002
f 4996 5269 5270
f 4996 4997 5269
f 5004 4900 4901
f 5004 4901 5003
f 4995 4996 5270
f 5005 4899 4900
f 5005 4900 5004
f 4994 5270 5271
f 4994 4995 5270
f 5006 4899 5005
f 4993 4994 5271
f 5007 4897 4898
f 5007 4898 4899
f 5007 4899 5006
f 4992 4993 5271
f 5008 4896 4897
f 5008 4897 5007
f 4991 4992 5271
f 4991 5271 5272
f 5009 4895 4896
f 5009 4896 5008
f 4990 4991 5272
f 5010 4894 4895
f 5010 4895 5009
f 4989 4990 5272
f 4989 5272 5273
f 5011 4893 4894
f 5011 4894 5010
f 4988 4989 5273
f 5012 4893 5011
f 5012 4793 4893
f 4987 4988 5273
f 4986 4987 5273
f 4986 5273 5274
f 4985 4986 5274
f 4984 4985 5274
f 4983 4984 5274
f 4983 5274 5275
f 4982 4983 5275
f 4981 4982 5275
f 4980 4981 5275
f 4980 5275 5276
f 4979 4980 5276
f 4978 4979 5276
f 4977 4978 5276
f 4976 4977 5276
f 5277 4976 5276
f 5277 4975 4976
f 4974 4975 5277
f 4973 4974 5277
f 5278 4969 4970
f 5278 4970 4971
f 5278 4971 4972
f 5278 4972 4973
f 5278 4973 5277
f 4794 5012 5013
f 4794 5013 5014
f 4794 5014 5015
f 4794 5015 5016
f 4794 5016 5017
f 4794 5017 5018
f 4794 5018 5019
f 4794 5019 5020
f 4794 4793 5012
f 4794 5020 5021
f 4794 5021 5022
f 4794 5022 5023
f 4794 5023 5024
f 4794 5024 5025
f 4794 5025 5026
f 4794 5026 5027
f 4794 5027 5028
f 4794 5028 5029
f 4794 5029 5030
f 4794 5030 5031
f 4794 5031 5032
f 4794 5032 5033
f 5034 4794 5033
f 5035 4794 5034
f 5036 4794 5035
f 5037 4794 5036
f 5038 4794 5037
f 5039 4794 5038
f 5279 4969 5278
f 5279 4965 4966
f 5279 4966 4967
f 5279 4967 4968
f 5279 4968 4969
f 5040 4794 5039
f 5041 4794 5040
f 5042 4794 5041
f 5043 4794 5042
f 5044 4794 5043
f 5045 4794 5044
f 5046 4794 5045
f 4921 4794 5046
f 5280 4965 5279
f 5280 4961 4962
f 5280 4962 4963
f 5280 4963 4964
f 5280 4964 4965
f 4922 4794 4921
f 4923 4794 4922
f 4924 4794 4923
f 4925 4794 4924
f 4926 4794 4925
f 5281 4961 5280
f 5281 4958 4959
f 5281 4959 4960
f 5281 4960 4961
f 5282 4954 4955
f 5282 4955 4956
f 5282 4956 4957
f 5282 4957 4958
f 5282 4958 5281
f 5283 4954 5282
f 5283 4951 4952
f 5283 4952 4953
f 5283 4953 4954
f 5284 4951 5283
f 5284 4947 4948
f 5284 4948 4949
f 5284 4949 4950
f 5284 4950 4951
f 5285 4947 5284
f 5285 4944 4945
f 5285 4945 4946
f 5285 4946 4947
f 5125 5225 5226
f 5125 5126 5225
f 5127 5225 5126
f 5124 5125 5226
f 5128 5225 5127
f 5128 5224 5225
f 5123 5226 5227
f 5123 5124 5226
f 5129 5224 5128
f 5122 5123 5227
f 5130 5223 5224
f 5130 5224 5129
f 5121 5227 5228
f 5121 5122 5227
f 5131 5223 5130
f 5120 5121 5228
f 5132 5223 5131
f 5119 5228 5229
f 5119 5120 5228
f 5133 5222 5223
f 5133 5223 5132
f 5118 5119 5229
f 5134 5222 5133
f 5117 5229 5230
f 5117 5118 5229
f 5286 4941 4942
f 5286 4942 4943
f 5286 4943 4944
f 5286 4944 5285
f 5135 5222 5134
f 5116 5117 5230
f 5116 5230 5231
f 5136 5222 5135
f 5136 5221 5222
f 5115 5116 5231
f 5137 5221 5136
f 5138 5221 5137
f 5139 5221 5138
f 5140 5220 5221
f 5140 5221 5139
f 5141 5220 5140
f 5142 5220 5141
f 5143 5219 5220
f 5143 5220 5142
f 5144 5219 5143
f 5145 5219 5144
f 5287 4941 5286
f 5287 4939 4940
f 5287 4940 4941
f 5146 5219 5145
f 5147 5218 5219
f 5147 5219 5146
f 5148 5218 5147
f 5149 5218 5148
f 5150 5217 5218
f 5150 5218 5149
f 5151 5217 5150
f 5152 5217 5151
f 5153 5217 5152
f 5288 4936 4937
f 5288 4937 4938
f 5288 4938 4939
f 5288 4939 5287
f 5154 5216 5217
f 5154 5217 5153
f 4791 5097 5098
f 4791 5098 5099
f 4791 5099 5100
f 4791 5100 5101
f 4791 5101 5102
f 4791 5102 5103
f 4791 5103 5104
f 4791 5104 5105
f 4791 5105 5106
f 4791 5106 5107
f 4791 5107 5108
f 4791 5108 5109
f 4791 5115 5231
f 4791 5109 5110
f 4791 5110 5111
f 4791 5111 5112
f 4791 5112 5113
f 4791 5113 5114
f 4791 5114 5115
f 4791 5231 5232
f 4791 5232 5233
f 4791 5233 5234
f 5155 5216 5154
f 5096 5097 4791
f 5156 5216 5155
f 5095 5096 4791
f 5157 5216 5156
f 5094 5095 4791
f 5158 5216 5157
f 5158 5215 5216
f 5093 5094 4791
f 5159 5215 5158
f 5092 5093 4791
f 5160 5215 5159
f 5289 4936 5288
f 5289 4934 4935
f 5289 4935 4936
f 5091 5092 4791
f 5161 5215 5160
f 5090 5091 4791
f 5162 5215 5161
f 5089 5090 4791
f 5088 5089 4791
f 5214 5215 5162
f 5214 5162 5163
f 5164 5214 5163
f 5087 5088 4791
f 5165 5214 5164
f 5086 5087 4791
f 5085 5086 4791
f 5290 4932 4933
f 5290 4933 4934
f 5290 4934 5289
f 5084 5085 4791
f 5083 5084 4791
f 5082 5083 4791
f 5081 5082 4791
f 5213 5214 5165
f 5213 5165 5166
f 5213 5166 5167
f 5213 5167 5168
f 5213 5168 5169
f 5080 5081 4791
f 5079 5080 4791
f 5078 5079 4791
f 5077 5078 4791
f 5076 5077 4791
f 5291 4932 5290
f 5291 4930 4931
f 5291 4931 4932
f 5212 5213 5169
f 5212 5169 5170
f 5212 5170 5171
f 5212 5171 5172
f 5292 4928 4929
f 5292 4929 4930
f 5292 4930 5291
f 5211 5212 5172
f 5211 5047 5048
f 5211 5048 5049
f 5211 5172 5047
f 5293 4927 4928
f 5293 4928 5292
f 5210 5049 5050
f 5210 5050 5051
f 5210 5051 5052
f 5210 5211 5049
f 5294 4927 5293
f 5294 4926 4927
f 5294 4794 4926
f 5209 5210 5052
f 5209 5052 5053
f 5209 5053 5054
f 5295 4794 5294
f 5208 5054 5055
f 5208 5055 5056
f 5208 5056 5057
f 5208 5209 5054
f 5296 4794 5295
f 5207 5208 5057
f 5207 5057 5058
f 5207 5058 5059
f 5206 5207 5059
f 5206 5059 5060
f 5206 5060 5061
f 5205 5061 5062
f 5205 5062 5063
f 5205 5206 5061
f 5204 5205 5063
f 5377 5378 5193
f 5377 5193 5194
f 5379 5193 5378
f 5376 5377 5194
f 5380 5193 5379
f 5375 5376 5194
f 5381 5193 5380
f 5381 5192 5193
f 5374 5375 5194
f 5382 5192 5381
f 5373 5194 5195
f 5373 5374 5194
f 5383 5192 5382
f 5372 5373 5195
f 5384 5192 5383
f 5371 5372 5195
f 5385 5192 5384
f 5385 5191 5192
f 5370 5195 5196
f 5370 5371 5195
f 5386 5191 5385
f 5369 5370 5196
f 5387 5191 5386
f 5368 5369 5196
f 5388 5191 5387
f 5388 5190 5191
f 5367 5368 5196
f 5389 5190 5388
f 5366 5196 5197
f 5366 5367 5196
f 5390 5190 5389
f 5365 5366 5197
f 5391 5190 5390
f 5364 5365 5197
f 5392 5190 5391
f 5392 5189 5190
f 5363 5197 5198
f 5363 5364 5197
f 5393 5189 5392
f 5362 5363 5198
f 5394 5189 5393
f 5361 5362 5198
f 5395 5189 5394
f 5395 5188 5189
f 5360 5361 5198
f 5360 5198 5199
f 5396 5188 5395
f 5359 5360 5199
f 5397 5188 5396
f 5358 5359 5199
f 5398 5188 5397
f 5357 5199 5200
f 5357 5358 5199
f 5399 5188 5398
f 5399 5187 5188
f 5356 5357 5200
f 5400 5187 5399
f 5355 5200 5201
f 5355 5356 5200
f 5401 5187 5400
f 5354 5355 5201
f 5402 5187 5401
f 5402 5186 5187
f 5353 5354 5201
f 5403 5186 5402
f 5352 5201 5202
f 5352 5353 5201
f 5404 5186 5403
f 5351 5352 5202
f 5405 5186 5404
f 5405 5185 5186
f 5350 5202 5203
f 5350 5351 5202
f 5406 5185 5405
f 5349 5350 5203
f 5407 5185 5406
f 5407 5184 5185
f 5348 5203 5204
f 5348 5349 5203
f 5408 5184 5407
f 5347 5348 5204
f 5409 5184 5408
f 5346 5347 5204
f 5346 5204 5063
f 5410 5184 5409
f 5410 5183 5184
f 5345 5346 5063
f 5345 5063 5064
f 5411 5183 5410
f 5344 5345 5064
f 5344 5064 5065
f 5412 5183 5411
f 5412 5182 5183
f 5343 5344 5065
f 5343 5065 5066
f 5413 5182 5412
f 5342 5066 5067
f 5342 5067 5068
f 5342 5343 5066
f 5414 5182 5413
f 5414 5181 5182
f 5341 5342 5068
f 5415 5181 5414
f 5416 5181 5415
f 5416 5180 5181
f 5417 5180 5416
f 5418 5179 5180
f 5418 5180 5417
f 5419 5178 5179
f 5419 5179 5418
f 5420 5178 5419
f 4792 5299 5300
f 4792 5300 5301
f 4792 5301 5302
f 4792 5302 5303
f 4792 5303 5304
f 4792 5304 5305
f 4792 5305 5306
f 4792 5306 5307
f 4792 5307 5308
f 4792 5308 5309
f 4792 5309 5310
f 4792 5310 5311
f 4792 5311 5312
f 4792 5312 5313
f 4792 5313 5314
f 4792 5314 5315
f 4792 5315 5316
f 4792 5316 5317
f 4792 5317 5318
f 4792 5318 5319
f 4792 5420 5421
f 4792 5319 5320
f 4792 5421 5422
f 4792 5320 5321
f 4792 5422 5423
f 4792 5321 5322
f 4792 5423 5424
f 4792 5322 5323
f 4792 5424 5299
f 4792 5323 5324
f 4792 5324 5325
f 4792 5325 5326
f 4792 5326 5327
f 4792 5327 5328
f 4792 5328 5329
f 4792 5329 5330
f 4792 5330 5331
f 4792 5331 5332
f 4792 5332 5333
f 4792 5178 5420
f 4792 5175 5176
f 4792 5176 5177
f 4792 5177 5178
f 4792 5076 4791
f 4792 5075 5076
f 4792 5074 5075
f 4792 5073 5074
f 4792 5072 5073
f 4792 5071 5072
f 4792 5070 5071
f 4792 5069 5070
f 4792 5068 5069
f 4792 5333 5068
f 5333 5334 5068
f 5334 5335 5068
f 5335 5336 5068
f 5336 5337 5068
f 5337 5338 5068
f 5338 5339 5068
f 5339 5340 5068
f 5340 5341 5068
f 4791 5236 4793
f 5236 5237 4793
f 5237 5238 4793
f 5238 5239 4793
f 4791 5235 5236
f 4791 5234 5235
f 4794 5173 4792
f 5173 5174 4792
f 5174 5175 4792
f 4794 5298 5173
f 4794 5297 5298
f 4794 5296 5297
f 5430 5429 5492
f 5431 5430 5492
f 5432 5431 5492
f 5433 5432 5492
f 5434 5433 5492
f 5435 5434 5492
f 5436 5435 5492
f 5437 5492 5426
f 5437 5436 5492
f 5438 5437 5426
f 5439 5438 5426
f 5440 5439 5426
f 5441 5440 5426
f 5442 5441 5426
f 5443 5442 5426
f 5444 5443 5426
f 5445 5444 5426
f 5446 5445 5426
f 5447 5446 5426
f 5448 5447 5426
f 5449 5448 5426
f 5450 5449 5426
f 5451 5450 5426
f 5452 5451 5426
f 5453 5452 5426
f 5454 5453 5426
f 5455 5454 5426
f 5456 5455 5426
f 5457 5456 5426
f 5458 5457 5426
f 5459 5458 5426
f 5427 5485 5484
f 5427 5486 5485
f 5427 5487 5486
f 5427 5488 5487
f 5427 5489 5488
f 5427 5490 5489
f 5427 5491 5490
f 5427 5428 5491
f 5425 5463 5462
f 5425 5464 5463
f 5425 5465 5464
f 5425 5466 5465
f 5425 5467 5466
f 5425 5468 5467
f 5425 5469 5468
f 5425 5470 5469
f 5425 5471 5470
f 5425 5472 5471
f 5425 5473 5472
f 5425 5474 5473
f 5425 5475 5474
f 5425 5476 5475
f 5425 5477 5476
f 5425 5478 5477
f 5425 5479 5478
f 5425 5480 5479
f 5425 5481 5480
f 5425 5482 5481
f 5425 5483 5482
f 5425 5484 5483
f 5425 5427 5484
f 5426 5425 5460
f 5460 5425 5461
f 5461 5425 5462
f 5426 5460 5459
f 5496 5493 5494
f 5496 5495 5493
f 5502 5564 5501
f 5503 5564 5502
f 5504 5564 5503
f 5505 5564 5504
f 5506 5564 5505
f 5507 5564 5506
f 5508 5564 5507
f 5509 5498 5564
f 5509 5564 5508
f 5510 5498 5509
f 5511 5498 5510
f 5512 5498 5511
f 5513 5498 5512
f 5514 5498 5513
f 5515 5498 5514
f 5516 5498 5515
f 5517 5498 5516
f 5518 5498 5517
f 5519 5498 5518
f 5520 5498 5519
f 5521 5498 5520
f 5522 5498 5521
f 5523 5498 5522
f 5524 5498 5523
f 5525 5498 5524
f 5526 5498 5525
f 5527 5498 5526
f 5528 5498 5527
f 5529 5498 5528
f 5530 5498 5529
f 5531 5498 5530
f 5499 5556 5557
f 5499 5557 5558
f 5499 5558 5559
f 5499 5559 5560
f 5499 5560 5561
f 5499 5561 5562
f 5499 5562 5563
f 5499 5563 5500
f 5497 5534 5535
f 5497 5535 5536
f 5497 5536 5537
f 5497 5537 5538
f 5497 5538 5539
f 5497 5539 5540
f 5497 5540 5541
f 5497 5541 5542
f 5497 5542 5543
f 5497 5543 5544
f 5497 5544 5545
f 5497 5545 5546
f 5497 5546 5547
f 5497 5547 5548
f 5497 5548 5549
f 5497 5549 5550
f 5497 5550 5551
f 5497 5551 5552
f 5497 5552 5553
f 5497 5553 5554
f 5497 5554 5555
f 5497 5555 5556
f 5497 5556 5499
f 5498 5532 5497
f 5532 5533 5497
f 5533 5534 5497
f 5498 5531 5532
f 5566 5567 5565
f 5568 5567 5566
f 5570 5571 5569
f 5572 5571 5570
f 5574 5575 5573
f 5576 5575 5574
f 5577 5642 5641
f 5578 5642 5577
f 5579 5642 5578
f 5579 5643 5642
f 5579 5644 5643
f 5580 5644 5579
f 5581 5644 5580
f 5581 5645 5644
f 5582 5645 5581
f 5582 5646 5645
f 5583 5646 5582
f 5583 5647 5646
f 5584 5647 5583
f 5584 5648 5647
f 5585 5648 5584
f 5585 5649 5648
f 5586 5649 5585
f 5586 5650 5649
f 5586 5651 5650
f 5587 5651 5586
f 5588 5651 5587
f 5588 5652 5651
f 5588 5653 5652
f 5589 5653 5588
f 5590 5654 5653
f 5590 5653 5589
f 5591 5655 5654
f 5591 5654 5590
f 5592 5656 5655
f 5592 5655 5591
f 5593 5657 5656
f 5593 5656 5592
f 5594 5658 5657
f 5594 5659 5658
f 5594 5657 5593
f 5595 5659 5594
f 5596 5659 5595
f 5596 5660 5659
f 5597 5660 5596
f 5597 5661 5660
f 5598 5661 5597
f 5598 5662 5661
f 5598 5663 5662
f 5599 5663 5598
f 5600 5663 5599
f 5600 5664 5663
f 5601 5664 5600
f 5601 5665 5664
f 5602 5665 5601
f 5602 5666 5665
f 5603 5666 5602
f 5603 5667 5666
f 5604 5667 5603
f 5604 5668 5667
f 5605 5668 5604
f 5605 5669 5668
f 5606 5669 5605
f 5606 5670 5669
f 5606 5671 5670
f 5607 5671 5606
f 5608 5671 5607
f 5608 5672 5671
f 5609 5672 5608
f 5609 5673 5672
f 5610 5673 5609
f 5610 5674 5673
f 5610 5675 5674
f 5611 5675 5610
f 5612 5675 5611
f 5612 5676 5675
f 5613 5676 5612
f 5613 5677 5676
f 5614 5678 5677
f 5614 5677 5613
f 5615 5679 5678
f 5615 5678 5614
f 5616 5680 5679
f 5616 5681 5680
f 5616 5679 5615
f 5617 5681 5616
f 5618 5682 5681
f 5618 5681 5617
f 5619 5683 5682
f 5619 5682 5618
f 5620 5683 5619
f 5620 5684 5683
f 5620 5685 5684
f 5621 5685 5620
f 5622 5686 5685
f 5622 5685 5621
f 5623 5687 5686
f 5623 5686 5622
f 5624 5688 5687
f 5624 5689 5688
f 5624 5687 5623
f 5625 5689 5624
f 5626 5690 5689
f 5626 5689 5625
f 5627 5691 5690
f 5627 5690 5626
f 5628 5692 5691
f 5628 5691 5627
f 5629 5693 5692
f 5629 5692 5628
f 5630 5694 5693
f 5630 5693 5629
f 5631 5695 5694
f 5631 5696 5695
f 5631 5694 5630
f 5632 5696 5631
f 5633 5697 5696
f 5633 5698 5697
f 5633 5696 5632
f 5634 5698 5633
f 5635 5699 5698
f 5635 5700 5699
f 5635 5698 5634
f 5636 5700 5635
f 5637 5701 5700
f 5637 5700 5636
f 5638 5702 5701
f 5638 5701 5637
f 5639 5703 5702
f 5639 5702 5638
f 5640 5704 5703
f 5640 5703 5639
f 5705 5770 5769
f 5706 5770 5705
f 5707 5770 5706
f 5707 5771 5770
f 5708 5771 5707
f 5708 5772 5771
f 5709 5772 5708
f 5709 5773 5772
f 5710 5773 5709
f 5710 5774 5773
f 5711 5774 5710
f 5711 5775 5774
f 5712 5775 5711
f 5712 5776 5775
f 5713 5776 5712
f 5713 5777 5776
f 5714 5777 5713
f 5714 5778 5777
f 5715 5779 5778
f 5715 5778 5714
f 5716 5780 5779
f 5716 5779 5715
f 5717 5781 5780
f 5717 5780 5716
f 5718 5782 5781
f 5718 5781 5717
f 5719 5783 5782
f 5719 5782 5718
f 5720 5784 5783
f 5720 5783 5719
f 5721 5785 5784
f 5721 5784 5720
f 5722 5786 5785
f 5722 5785 5721
f 5723 5786 5722
f 5723 5787 5786
f 5724 5787 5723
f 5724 5788 5787
f 5725 5788 5724
f 5725 5789 5788
f 5725 5790 5789
f 5726 5790 5725
f 5727 5790 5726
f 5727 5791 5790
f 5728 5791 5727
f 5728 5792 5791
f 5729 5792 5728
f 5729 5793 5792
f 5729 5794 5793
f 5730 5794 5729
f 5731 5794 5730
f 5731 5795 5794
f 5732 5795 5731
f 5732 5796 5795
f 5733 5796 5732
f 5733 5797 5796
f 5734 5797 5733
f 5734 5798 5797
f 5735 5798 5734
f 5735 5799 5798
f 5735 5800 5799
f 5736 5800 5735
f 5737 5800 5736
f 5737 5801 5800
f 5737 5802 5801
f 5738 5802 5737
f 5739 5802 5738
f 5739 5803 5802
f 5740 5803 5739
f 5740 5804 5803
f 5741 5806 5805
f 5741 5804 5740
f 5741 5805 5804
f 5742 5806 5741
f 5743 5807 5806
f 5743 5808 5807
f 5743 5806 5742
f 5744 5808 5743
f 5745 5809 5808
f 5745 5808 5744
f 5746 5810 5809
f 5746 5809 5745
f 5747 5811 5810
f 5747 5812 5811
f 5747 5810 5746
f 5748 5812 5747
f 5749 5812 5748
f 5749 5813 5812
f 5750 5814 5813
f 5750 5813 5749
f 5751 5815 5814
f 5751 5814 5750
f 5752 5816 5815
f 5752 5817 5816
f 5752 5815 5751
f 5753 5817 5752
f 5754 5818 5817
f 5754 5817 5753
f 5755 5819 5818
f 5755 5818 5754
f 5756 5820 5819
f 5756 5821 5820
f 5756 5819 5755
f 5757 5821 5756
f 5758 5822 5821
f 5758 5821 5757
f 5759 5823 5822
f 5759 5822 5758
f 5760 5824 5823
f 5760 5823 5759
f 5761 5825 5824
f 5761 5826 5825
f 5761 5824 5760
f 5762 5826 5761
f 5763 5827 5826
f 5763 5826 5762
f 5764 5828 5827
f 5764 5829 5828
f 5764 5827 5763
f 5765 5830 5829
f 5765 5829 5764
f 5766 5830 5765
f 5767 5831 5830
f 5767 5830 5766
f 5768 5831 5767
f 5768 5832 5831
f 5833 5898 5897
f 5834 5898 5833
f 5835 5898 5834
f 5835 5899 5898
f 5835 5900 5899
f 5836 5900 5835
f 5837 5900 5836
f 5837 5901 5900
f 5838 5901 5837
f 5838 5902 5901
f 5839 5902 5838
f 5839 5903 5902
f 5840 5903 5839
f 5840 5904 5903
f 5841 5904 5840
f 5841 5905 5904
f 5842 5905 5841
f 5842 5906 5905
f 5843 5907 5906
f 5843 5906 5842
f 5844 5908 5907
f 5844 5907 5843
f 5845 5909 5908
f 5845 5908 5844
f 5846 5910 5909
f 5846 5911 5910
f 5846 5909 5845
f 5847 5911 5846
f 5848 5912 5911
f 5848 5911 5847
f 5849 5913 5912
f 5849 5914 5913
f 5849 5912 5848
f 5850 5914 5849
f 5851 5914 5850
f 5851 5915 5914
f 5851 5916 5915
f 5852 5916 5851
f 5852 5917 5916
f 5853 5917 5852
f 5854 5917 5853
f 5854 5918 5917
f 5854 5919 5918
f 5855 5919 5854
f 5856 5919 5855
f 5856 5920 5919
f 5857 5920 5856
f 5857 5921 5920
f 5858 5921 5857
f 5858 5922 5921
f 5859 5922 5858
f 5859 5923 5922
f 5859 5924 5923
f 5860 5924 5859
f 5860 5925 5924
f 5861 5925 5860
f 5862 5925 5861
f 5862 5926 5925
f 5862 5927 5926
f 5863 5927 5862
f 5864 5927 5863
f 5864 5928 5927
f 5865 5928 5864
f 5865 5929 5928
f 5866 5929 5865
f 5866 5930 5929
f 5866 5931 5930
f 5867 5931 5866
f 5868 5931 5867
f 5868 5932 5931
f 5868 5933 5932
f 5869 5934 5933
f 5869 5933 5868
f 5870 5934 5869
f 5871 5935 5934
f 5871 5936 5935
f 5871 5934 5870
f 5872 5936 5871
f 5873 5937 5936
f 5873 5936 5872
f 5874 5938 5937
f 5874 5937 5873
f 5875 5939 5938
f 5875 5938 5874
f 5876 5939 5875
f 5876 5940 5939
f 5876 5941 5940
f 5877 5941 5876
f 5878 5942 5941
f 5878 5941 5877
f 5879 5943 5942
f 5879 5942 5878
f 5880 5944 5943
f 5880 5945 5944
f 5880 5943 5879
f 5881 5945 5880
f 5882 5946 5945
f 5882 5945 5881
f 5883 5947 5946
f 5883 5946 5882
f 5884 5948 5947
f 5884 5949 5948
f 5884 5947 5883
f 5885 5949 5884
f 5885 5950 5949
f 5886 5950 5885
f 5887 5951 5950
f 5887 5950 5886
f 5888 5952 5951
f 5888 5953 5952
f 5888 5951 5887
f 5889 5953 5888
f 5890 5954 5953
f 5890 5953 5889
f 5891 5955 5954
f 5891 5954 5890
f 5892 5956 5955
f 5892 5955 5891
f 5893 5957 5956
f 5893 5956 5892
f 5894 5958 5957
f 5894 5957 5893
f 5895 5959 5958
f 5895 5958 5894
f 5896 5960 5959
f 5896 5959 5895
