ISO-10303-21;
HEADER;
FILE_DESCRIPTION(('Open CASCADE Model'),'2;1');
FILE_NAME('Open CASCADE Shape Model','2026-07-28T13:38:11',('Author'),(
    'Open CASCADE'),'Open CASCADE STEP processor 7.9','build123d',
  'Unknown');
FILE_SCHEMA(('AUTOMOTIVE_DESIGN { 1 0 10303 214 1 1 1 1 }'));
ENDSEC;
DATA;
#1 = APPLICATION_PROTOCOL_DEFINITION('international standard',
  'automotive_design',2000,#2);
#2 = APPLICATION_CONTEXT(
  'core data for automotive mechanical design processes');
#3 = SHAPE_DEFINITION_REPRESENTATION(#4,#10);
#4 = PRODUCT_DEFINITION_SHAPE('','',#5);
#5 = PRODUCT_DEFINITION('design','',#6,#9);
#6 = PRODUCT_DEFINITION_FORMATION('','',#7);
#7 = PRODUCT('COMPOUND','COMPOUND','',(#8));
#8 = PRODUCT_CONTEXT('',#2,'mechanical');
#9 = PRODUCT_DEFINITION_CONTEXT('part definition',#2,'design');
#10 = ADVANCED_BREP_SHAPE_REPRESENTATION('',(#11,#15),#2215);
#11 = AXIS2_PLACEMENT_3D('',#12,#13,#14);
#12 = CARTESIAN_POINT('',(0.,0.,0.));
#13 = DIRECTION('',(0.,0.,1.));
#14 = DIRECTION('',(1.,0.,-0.));
#15 = MANIFOLD_SOLID_BREP('',#16);
#16 = CLOSED_SHELL('',(#17,#105,#140,#144,#199,#234,#289,#324,#379,#414,
    #469,#504,#559,#594,#1123,#1158,#1213,#1268,#2097,#2127,#2157,#2161,
    #2188));
#17 = ADVANCED_FACE('',(#18),#32,.T.);
#18 = FACE_BOUND('',#19,.T.);
#19 = EDGE_LOOP('',(#20,#50,#77,#78));
#20 = ORIENTED_EDGE('',*,*,#21,.T.);
#21 = EDGE_CURVE('',#22,#24,#26,.T.);
#22 = VERTEX_POINT('',#23);
#23 = CARTESIAN_POINT('',(42.75,-1.047073013271E-14,55.));
#24 = VERTEX_POINT('',#25);
#25 = CARTESIAN_POINT('',(42.75,-1.047073013271E-14,62.));
#26 = SEAM_CURVE('',#27,(#31,#43),.PCURVE_S1.);
#27 = LINE('',#28,#29);
#28 = CARTESIAN_POINT('',(42.75,-1.047073013271E-14,0.));
#29 = VECTOR('',#30,1.);
#30 = DIRECTION('',(0.,0.,1.));
#31 = PCURVE('',#32,#37);
#32 = CYLINDRICAL_SURFACE('',#33,42.75);
#33 = AXIS2_PLACEMENT_3D('',#34,#35,#36);
#34 = CARTESIAN_POINT('',(0.,0.,0.));
#35 = DIRECTION('',(0.,0.,1.));
#36 = DIRECTION('',(1.,0.,-0.));
#37 = DEFINITIONAL_REPRESENTATION('',(#38),#42);
#38 = LINE('',#39,#40);
#39 = CARTESIAN_POINT('',(6.28318530718,-0.));
#40 = VECTOR('',#41,1.);
#41 = DIRECTION('',(0.,1.));
#42 = ( GEOMETRIC_REPRESENTATION_CONTEXT(2) 
PARAMETRIC_REPRESENTATION_CONTEXT() REPRESENTATION_CONTEXT('2D SPACE',''
  ) );
#43 = PCURVE('',#32,#44);
#44 = DEFINITIONAL_REPRESENTATION('',(#45),#49);
#45 = LINE('',#46,#47);
#46 = CARTESIAN_POINT('',(0.,-0.));
#47 = VECTOR('',#48,1.);
#48 = DIRECTION('',(0.,1.));
#49 = ( GEOMETRIC_REPRESENTATION_CONTEXT(2) 
PARAMETRIC_REPRESENTATION_CONTEXT() REPRESENTATION_CONTEXT('2D SPACE',''
  ) );
#50 = ORIENTED_EDGE('',*,*,#51,.F.);
#51 = EDGE_CURVE('',#24,#24,#52,.T.);
#52 = SURFACE_CURVE('',#53,(#58,#65),.PCURVE_S1.);
#53 = CIRCLE('',#54,42.75);
#54 = AXIS2_PLACEMENT_3D('',#55,#56,#57);
#55 = CARTESIAN_POINT('',(0.,0.,62.));
#56 = DIRECTION('',(0.,0.,1.));
#57 = DIRECTION('',(1.,0.,-0.));
#58 = PCURVE('',#32,#59);
#59 = DEFINITIONAL_REPRESENTATION('',(#60),#64);
#60 = LINE('',#61,#62);
#61 = CARTESIAN_POINT('',(0.,62.));
#62 = VECTOR('',#63,1.);
#63 = DIRECTION('',(1.,0.));
#64 = ( GEOMETRIC_REPRESENTATION_CONTEXT(2) 
PARAMETRIC_REPRESENTATION_CONTEXT() REPRESENTATION_CONTEXT('2D SPACE',''
  ) );
#65 = PCURVE('',#66,#71);
#66 = PLANE('',#67);
#67 = AXIS2_PLACEMENT_3D('',#68,#69,#70);
#68 = CARTESIAN_POINT('',(0.,0.,62.));
#69 = DIRECTION('',(0.,0.,1.));
#70 = DIRECTION('',(1.,0.,-0.));
#71 = DEFINITIONAL_REPRESENTATION('',(#72),#76);
#72 = CIRCLE('',#73,42.75);
#73 = AXIS2_PLACEMENT_2D('',#74,#75);
#74 = CARTESIAN_POINT('',(0.,0.));
#75 = DIRECTION('',(1.,0.));
#76 = ( GEOMETRIC_REPRESENTATION_CONTEXT(2) 
PARAMETRIC_REPRESENTATION_CONTEXT() REPRESENTATION_CONTEXT('2D SPACE',''
  ) );
#77 = ORIENTED_EDGE('',*,*,#21,.F.);
#78 = ORIENTED_EDGE('',*,*,#79,.T.);
#79 = EDGE_CURVE('',#22,#22,#80,.T.);
#80 = SURFACE_CURVE('',#81,(#86,#93),.PCURVE_S1.);
#81 = CIRCLE('',#82,42.75);
#82 = AXIS2_PLACEMENT_3D('',#83,#84,#85);
#83 = CARTESIAN_POINT('',(0.,0.,55.));
#84 = DIRECTION('',(0.,0.,1.));
#85 = DIRECTION('',(1.,0.,-0.));
#86 = PCURVE('',#32,#87);
#87 = DEFINITIONAL_REPRESENTATION('',(#88),#92);
#88 = LINE('',#89,#90);
#89 = CARTESIAN_POINT('',(0.,55.));
#90 = VECTOR('',#91,1.);
#91 = DIRECTION('',(1.,0.));
#92 = ( GEOMETRIC_REPRESENTATION_CONTEXT(2) 
PARAMETRIC_REPRESENTATION_CONTEXT() REPRESENTATION_CONTEXT('2D SPACE',''
  ) );
#93 = PCURVE('',#94,#99);
#94 = PLANE('',#95);
#95 = AXIS2_PLACEMENT_3D('',#96,#97,#98);
#96 = CARTESIAN_POINT('',(0.,0.,55.));
#97 = DIRECTION('',(0.,0.,1.));
#98 = DIRECTION('',(1.,0.,-0.));
#99 = DEFINITIONAL_REPRESENTATION('',(#100),#104);
#100 = CIRCLE('',#101,42.75);
#101 = AXIS2_PLACEMENT_2D('',#102,#103);
#102 = CARTESIAN_POINT('',(0.,0.));
#103 = DIRECTION('',(1.,0.));
#104 = ( GEOMETRIC_REPRESENTATION_CONTEXT(2) 
PARAMETRIC_REPRESENTATION_CONTEXT() REPRESENTATION_CONTEXT('2D SPACE',''
  ) );
#105 = ADVANCED_FACE('',(#106,#109),#94,.F.);
#106 = FACE_BOUND('',#107,.F.);
#107 = EDGE_LOOP('',(#108));
#108 = ORIENTED_EDGE('',*,*,#79,.T.);
#109 = FACE_BOUND('',#110,.F.);
#110 = EDGE_LOOP('',(#111));
#111 = ORIENTED_EDGE('',*,*,#112,.F.);
#112 = EDGE_CURVE('',#113,#113,#115,.T.);
#113 = VERTEX_POINT('',#114);
#114 = CARTESIAN_POINT('',(38.25,-9.368548013477E-15,55.));
#115 = SURFACE_CURVE('',#116,(#121,#128),.PCURVE_S1.);
#116 = CIRCLE('',#117,38.25);
#117 = AXIS2_PLACEMENT_3D('',#118,#119,#120);
#118 = CARTESIAN_POINT('',(0.,0.,55.));
#119 = DIRECTION('',(0.,0.,1.));
#120 = DIRECTION('',(1.,0.,-0.));
#121 = PCURVE('',#94,#122);
#122 = DEFINITIONAL_REPRESENTATION('',(#123),#127);
#123 = CIRCLE('',#124,38.25);
#124 = AXIS2_PLACEMENT_2D('',#125,#126);
#125 = CARTESIAN_POINT('',(0.,0.));
#126 = DIRECTION('',(1.,0.));
#127 = ( GEOMETRIC_REPRESENTATION_CONTEXT(2) 
PARAMETRIC_REPRESENTATION_CONTEXT() REPRESENTATION_CONTEXT('2D SPACE',''
  ) );
#128 = PCURVE('',#129,#134);
#129 = CYLINDRICAL_SURFACE('',#130,38.25);
#130 = AXIS2_PLACEMENT_3D('',#131,#132,#133);
#131 = CARTESIAN_POINT('',(0.,0.,52.));
#132 = DIRECTION('',(0.,0.,1.));
#133 = DIRECTION('',(1.,0.,-0.));
#134 = DEFINITIONAL_REPRESENTATION('',(#135),#139);
#135 = LINE('',#136,#137);
#136 = CARTESIAN_POINT('',(0.,3.));
#137 = VECTOR('',#138,1.);
#138 = DIRECTION('',(1.,0.));
#139 = ( GEOMETRIC_REPRESENTATION_CONTEXT(2) 
PARAMETRIC_REPRESENTATION_CONTEXT() REPRESENTATION_CONTEXT('2D SPACE',''
  ) );
#140 = ADVANCED_FACE('',(#141),#66,.T.);
#141 = FACE_BOUND('',#142,.T.);
#142 = EDGE_LOOP('',(#143));
#143 = ORIENTED_EDGE('',*,*,#51,.T.);
#144 = ADVANCED_FACE('',(#145),#129,.T.);
#145 = FACE_BOUND('',#146,.T.);
#146 = EDGE_LOOP('',(#147,#148,#171,#198));
#147 = ORIENTED_EDGE('',*,*,#112,.F.);
#148 = ORIENTED_EDGE('',*,*,#149,.F.);
#149 = EDGE_CURVE('',#150,#113,#152,.T.);
#150 = VERTEX_POINT('',#151);
#151 = CARTESIAN_POINT('',(38.25,-9.368548013477E-15,52.));
#152 = SEAM_CURVE('',#153,(#157,#164),.PCURVE_S1.);
#153 = LINE('',#154,#155);
#154 = CARTESIAN_POINT('',(38.25,-9.368548013477E-15,52.));
#155 = VECTOR('',#156,1.);
#156 = DIRECTION('',(0.,0.,1.));
#157 = PCURVE('',#129,#158);
#158 = DEFINITIONAL_REPRESENTATION('',(#159),#163);
#159 = LINE('',#160,#161);
#160 = CARTESIAN_POINT('',(6.28318530718,-0.));
#161 = VECTOR('',#162,1.);
#162 = DIRECTION('',(0.,1.));
#163 = ( GEOMETRIC_REPRESENTATION_CONTEXT(2) 
PARAMETRIC_REPRESENTATION_CONTEXT() REPRESENTATION_CONTEXT('2D SPACE',''
  ) );
#164 = PCURVE('',#129,#165);
#165 = DEFINITIONAL_REPRESENTATION('',(#166),#170);
#166 = LINE('',#167,#168);
#167 = CARTESIAN_POINT('',(0.,-0.));
#168 = VECTOR('',#169,1.);
#169 = DIRECTION('',(0.,1.));
#170 = ( GEOMETRIC_REPRESENTATION_CONTEXT(2) 
PARAMETRIC_REPRESENTATION_CONTEXT() REPRESENTATION_CONTEXT('2D SPACE',''
  ) );
#171 = ORIENTED_EDGE('',*,*,#172,.T.);
#172 = EDGE_CURVE('',#150,#150,#173,.T.);
#173 = SURFACE_CURVE('',#174,(#179,#186),.PCURVE_S1.);
#174 = CIRCLE('',#175,38.25);
#175 = AXIS2_PLACEMENT_3D('',#176,#177,#178);
#176 = CARTESIAN_POINT('',(0.,0.,52.));
#177 = DIRECTION('',(0.,0.,1.));
#178 = DIRECTION('',(1.,0.,-0.));
#179 = PCURVE('',#129,#180);
#180 = DEFINITIONAL_REPRESENTATION('',(#181),#185);
#181 = LINE('',#182,#183);
#182 = CARTESIAN_POINT('',(0.,0.));
#183 = VECTOR('',#184,1.);
#184 = DIRECTION('',(1.,0.));
#185 = ( GEOMETRIC_REPRESENTATION_CONTEXT(2) 
PARAMETRIC_REPRESENTATION_CONTEXT() REPRESENTATION_CONTEXT('2D SPACE',''
  ) );
#186 = PCURVE('',#187,#192);
#187 = PLANE('',#188);
#188 = AXIS2_PLACEMENT_3D('',#189,#190,#191);
#189 = CARTESIAN_POINT('',(0.,0.,52.));
#190 = DIRECTION('',(0.,0.,1.));
#191 = DIRECTION('',(1.,0.,-0.));
#192 = DEFINITIONAL_REPRESENTATION('',(#193),#197);
#193 = CIRCLE('',#194,38.25);
#194 = AXIS2_PLACEMENT_2D('',#195,#196);
#195 = CARTESIAN_POINT('',(0.,0.));
#196 = DIRECTION('',(1.,0.));
#197 = ( GEOMETRIC_REPRESENTATION_CONTEXT(2) 
PARAMETRIC_REPRESENTATION_CONTEXT() REPRESENTATION_CONTEXT('2D SPACE',''
  ) );
#198 = ORIENTED_EDGE('',*,*,#149,.T.);
#199 = ADVANCED_FACE('',(#200,#231),#187,.T.);
#200 = FACE_BOUND('',#201,.T.);
#201 = EDGE_LOOP('',(#202));
#202 = ORIENTED_EDGE('',*,*,#203,.T.);
#203 = EDGE_CURVE('',#204,#204,#206,.T.);
#204 = VERTEX_POINT('',#205);
#205 = CARTESIAN_POINT('',(42.75,-1.047073013271E-14,52.));
#206 = SURFACE_CURVE('',#207,(#212,#219),.PCURVE_S1.);
#207 = CIRCLE('',#208,42.75);
#208 = AXIS2_PLACEMENT_3D('',#209,#210,#211);
#209 = CARTESIAN_POINT('',(0.,0.,52.));
#210 = DIRECTION('',(0.,0.,1.));
#211 = DIRECTION('',(1.,0.,-0.));
#212 = PCURVE('',#187,#213);
#213 = DEFINITIONAL_REPRESENTATION('',(#214),#218);
#214 = CIRCLE('',#215,42.75);
#215 = AXIS2_PLACEMENT_2D('',#216,#217);
#216 = CARTESIAN_POINT('',(0.,0.));
#217 = DIRECTION('',(1.,0.));
#218 = ( GEOMETRIC_REPRESENTATION_CONTEXT(2) 
PARAMETRIC_REPRESENTATION_CONTEXT() REPRESENTATION_CONTEXT('2D SPACE',''
  ) );
#219 = PCURVE('',#220,#225);
#220 = CYLINDRICAL_SURFACE('',#221,42.75);
#221 = AXIS2_PLACEMENT_3D('',#222,#223,#224);
#222 = CARTESIAN_POINT('',(0.,0.,0.));
#223 = DIRECTION('',(0.,0.,1.));
#224 = DIRECTION('',(1.,0.,-0.));
#225 = DEFINITIONAL_REPRESENTATION('',(#226),#230);
#226 = LINE('',#227,#228);
#227 = CARTESIAN_POINT('',(0.,52.));
#228 = VECTOR('',#229,1.);
#229 = DIRECTION('',(1.,0.));
#230 = ( GEOMETRIC_REPRESENTATION_CONTEXT(2) 
PARAMETRIC_REPRESENTATION_CONTEXT() REPRESENTATION_CONTEXT('2D SPACE',''
  ) );
#231 = FACE_BOUND('',#232,.T.);
#232 = EDGE_LOOP('',(#233));
#233 = ORIENTED_EDGE('',*,*,#172,.F.);
#234 = ADVANCED_FACE('',(#235),#220,.T.);
#235 = FACE_BOUND('',#236,.T.);
#236 = EDGE_LOOP('',(#237,#260,#261,#262));
#237 = ORIENTED_EDGE('',*,*,#238,.T.);
#238 = EDGE_CURVE('',#239,#204,#241,.T.);
#239 = VERTEX_POINT('',#240);
#240 = CARTESIAN_POINT('',(42.75,-1.047073013271E-14,49.));
#241 = SEAM_CURVE('',#242,(#246,#253),.PCURVE_S1.);
#242 = LINE('',#243,#244);
#243 = CARTESIAN_POINT('',(42.75,-1.047073013271E-14,0.));
#244 = VECTOR('',#245,1.);
#245 = DIRECTION('',(0.,0.,1.));
#246 = PCURVE('',#220,#247);
#247 = DEFINITIONAL_REPRESENTATION('',(#248),#252);
#248 = LINE('',#249,#250);
#249 = CARTESIAN_POINT('',(6.28318530718,-0.));
#250 = VECTOR('',#251,1.);
#251 = DIRECTION('',(0.,1.));
#252 = ( GEOMETRIC_REPRESENTATION_CONTEXT(2) 
PARAMETRIC_REPRESENTATION_CONTEXT() REPRESENTATION_CONTEXT('2D SPACE',''
  ) );
#253 = PCURVE('',#220,#254);
#254 = DEFINITIONAL_REPRESENTATION('',(#255),#259);
#255 = LINE('',#256,#257);
#256 = CARTESIAN_POINT('',(0.,-0.));
#257 = VECTOR('',#258,1.);
#258 = DIRECTION('',(0.,1.));
#259 = ( GEOMETRIC_REPRESENTATION_CONTEXT(2) 
PARAMETRIC_REPRESENTATION_CONTEXT() REPRESENTATION_CONTEXT('2D SPACE',''
  ) );
#260 = ORIENTED_EDGE('',*,*,#203,.F.);
#261 = ORIENTED_EDGE('',*,*,#238,.F.);
#262 = ORIENTED_EDGE('',*,*,#263,.T.);
#263 = EDGE_CURVE('',#239,#239,#264,.T.);
#264 = SURFACE_CURVE('',#265,(#270,#277),.PCURVE_S1.);
#265 = CIRCLE('',#266,42.75);
#266 = AXIS2_PLACEMENT_3D('',#267,#268,#269);
#267 = CARTESIAN_POINT('',(0.,0.,49.));
#268 = DIRECTION('',(0.,0.,1.));
#269 = DIRECTION('',(1.,0.,-0.));
#270 = PCURVE('',#220,#271);
#271 = DEFINITIONAL_REPRESENTATION('',(#272),#276);
#272 = LINE('',#273,#274);
#273 = CARTESIAN_POINT('',(0.,49.));
#274 = VECTOR('',#275,1.);
#275 = DIRECTION('',(1.,0.));
#276 = ( GEOMETRIC_REPRESENTATION_CONTEXT(2) 
PARAMETRIC_REPRESENTATION_CONTEXT() REPRESENTATION_CONTEXT('2D SPACE',''
  ) );
#277 = PCURVE('',#278,#283);
#278 = PLANE('',#279);
#279 = AXIS2_PLACEMENT_3D('',#280,#281,#282);
#280 = CARTESIAN_POINT('',(0.,0.,49.));
#281 = DIRECTION('',(0.,0.,1.));
#282 = DIRECTION('',(1.,0.,-0.));
#283 = DEFINITIONAL_REPRESENTATION('',(#284),#288);
#284 = CIRCLE('',#285,42.75);
#285 = AXIS2_PLACEMENT_2D('',#286,#287);
#286 = CARTESIAN_POINT('',(0.,0.));
#287 = DIRECTION('',(1.,0.));
#288 = ( GEOMETRIC_REPRESENTATION_CONTEXT(2) 
PARAMETRIC_REPRESENTATION_CONTEXT() REPRESENTATION_CONTEXT('2D SPACE',''
  ) );
#289 = ADVANCED_FACE('',(#290,#293),#278,.F.);
#290 = FACE_BOUND('',#291,.F.);
#291 = EDGE_LOOP('',(#292));
#292 = ORIENTED_EDGE('',*,*,#263,.T.);
#293 = FACE_BOUND('',#294,.F.);
#294 = EDGE_LOOP('',(#295));
#295 = ORIENTED_EDGE('',*,*,#296,.F.);
#296 = EDGE_CURVE('',#297,#297,#299,.T.);
#297 = VERTEX_POINT('',#298);
#298 = CARTESIAN_POINT('',(38.25,-9.368548013477E-15,49.));
#299 = SURFACE_CURVE('',#300,(#305,#312),.PCURVE_S1.);
#300 = CIRCLE('',#301,38.25);
#301 = AXIS2_PLACEMENT_3D('',#302,#303,#304);
#302 = CARTESIAN_POINT('',(0.,0.,49.));
#303 = DIRECTION('',(0.,0.,1.));
#304 = DIRECTION('',(1.,0.,-0.));
#305 = PCURVE('',#278,#306);
#306 = DEFINITIONAL_REPRESENTATION('',(#307),#311);
#307 = CIRCLE('',#308,38.25);
#308 = AXIS2_PLACEMENT_2D('',#309,#310);
#309 = CARTESIAN_POINT('',(0.,0.));
#310 = DIRECTION('',(1.,0.));
#311 = ( GEOMETRIC_REPRESENTATION_CONTEXT(2) 
PARAMETRIC_REPRESENTATION_CONTEXT() REPRESENTATION_CONTEXT('2D SPACE',''
  ) );
#312 = PCURVE('',#313,#318);
#313 = CYLINDRICAL_SURFACE('',#314,38.25);
#314 = AXIS2_PLACEMENT_3D('',#315,#316,#317);
#315 = CARTESIAN_POINT('',(0.,0.,46.));
#316 = DIRECTION('',(0.,0.,1.));
#317 = DIRECTION('',(1.,0.,-0.));
#318 = DEFINITIONAL_REPRESENTATION('',(#319),#323);
#319 = LINE('',#320,#321);
#320 = CARTESIAN_POINT('',(0.,3.));
#321 = VECTOR('',#322,1.);
#322 = DIRECTION('',(1.,0.));
#323 = ( GEOMETRIC_REPRESENTATION_CONTEXT(2) 
PARAMETRIC_REPRESENTATION_CONTEXT() REPRESENTATION_CONTEXT('2D SPACE',''
  ) );
#324 = ADVANCED_FACE('',(#325),#313,.T.);
#325 = FACE_BOUND('',#326,.T.);
#326 = EDGE_LOOP('',(#327,#328,#351,#378));
#327 = ORIENTED_EDGE('',*,*,#296,.F.);
#328 = ORIENTED_EDGE('',*,*,#329,.F.);
#329 = EDGE_CURVE('',#330,#297,#332,.T.);
#330 = VERTEX_POINT('',#331);
#331 = CARTESIAN_POINT('',(38.25,-9.368548013477E-15,46.));
#332 = SEAM_CURVE('',#333,(#337,#344),.PCURVE_S1.);
#333 = LINE('',#334,#335);
#334 = CARTESIAN_POINT('',(38.25,-9.368548013477E-15,46.));
#335 = VECTOR('',#336,1.);
#336 = DIRECTION('',(0.,0.,1.));
#337 = PCURVE('',#313,#338);
#338 = DEFINITIONAL_REPRESENTATION('',(#339),#343);
#339 = LINE('',#340,#341);
#340 = CARTESIAN_POINT('',(6.28318530718,-0.));
#341 = VECTOR('',#342,1.);
#342 = DIRECTION('',(0.,1.));
#343 = ( GEOMETRIC_REPRESENTATION_CONTEXT(2) 
PARAMETRIC_REPRESENTATION_CONTEXT() REPRESENTATION_CONTEXT('2D SPACE',''
  ) );
#344 = PCURVE('',#313,#345);
#345 = DEFINITIONAL_REPRESENTATION('',(#346),#350);
#346 = LINE('',#347,#348);
#347 = CARTESIAN_POINT('',(0.,-0.));
#348 = VECTOR('',#349,1.);
#349 = DIRECTION('',(0.,1.));
#350 = ( GEOMETRIC_REPRESENTATION_CONTEXT(2) 
PARAMETRIC_REPRESENTATION_CONTEXT() REPRESENTATION_CONTEXT('2D SPACE',''
  ) );
#351 = ORIENTED_EDGE('',*,*,#352,.T.);
#352 = EDGE_CURVE('',#330,#330,#353,.T.);
#353 = SURFACE_CURVE('',#354,(#359,#366),.PCURVE_S1.);
#354 = CIRCLE('',#355,38.25);
#355 = AXIS2_PLACEMENT_3D('',#356,#357,#358);
#356 = CARTESIAN_POINT('',(0.,0.,46.));
#357 = DIRECTION('',(0.,0.,1.));
#358 = DIRECTION('',(1.,0.,-0.));
#359 = PCURVE('',#313,#360);
#360 = DEFINITIONAL_REPRESENTATION('',(#361),#365);
#361 = LINE('',#362,#363);
#362 = CARTESIAN_POINT('',(0.,0.));
#363 = VECTOR('',#364,1.);
#364 = DIRECTION('',(1.,0.));
#365 = ( GEOMETRIC_REPRESENTATION_CONTEXT(2) 
PARAMETRIC_REPRESENTATION_CONTEXT() REPRESENTATION_CONTEXT('2D SPACE',''
  ) );
#366 = PCURVE('',#367,#372);
#367 = PLANE('',#368);
#368 = AXIS2_PLACEMENT_3D('',#369,#370,#371);
#369 = CARTESIAN_POINT('',(0.,0.,46.));
#370 = DIRECTION('',(0.,0.,1.));
#371 = DIRECTION('',(1.,0.,-0.));
#372 = DEFINITIONAL_REPRESENTATION('',(#373),#377);
#373 = CIRCLE('',#374,38.25);
#374 = AXIS2_PLACEMENT_2D('',#375,#376);
#375 = CARTESIAN_POINT('',(0.,0.));
#376 = DIRECTION('',(1.,0.));
#377 = ( GEOMETRIC_REPRESENTATION_CONTEXT(2) 
PARAMETRIC_REPRESENTATION_CONTEXT() REPRESENTATION_CONTEXT('2D SPACE',''
  ) );
#378 = ORIENTED_EDGE('',*,*,#329,.T.);
#379 = ADVANCED_FACE('',(#380,#411),#367,.T.);
#380 = FACE_BOUND('',#381,.T.);
#381 = EDGE_LOOP('',(#382));
#382 = ORIENTED_EDGE('',*,*,#383,.T.);
#383 = EDGE_CURVE('',#384,#384,#386,.T.);
#384 = VERTEX_POINT('',#385);
#385 = CARTESIAN_POINT('',(42.75,-1.047073013271E-14,46.));
#386 = SURFACE_CURVE('',#387,(#392,#399),.PCURVE_S1.);
#387 = CIRCLE('',#388,42.75);
#388 = AXIS2_PLACEMENT_3D('',#389,#390,#391);
#389 = CARTESIAN_POINT('',(0.,0.,46.));
#390 = DIRECTION('',(0.,0.,1.));
#391 = DIRECTION('',(1.,0.,-0.));
#392 = PCURVE('',#367,#393);
#393 = DEFINITIONAL_REPRESENTATION('',(#394),#398);
#394 = CIRCLE('',#395,42.75);
#395 = AXIS2_PLACEMENT_2D('',#396,#397);
#396 = CARTESIAN_POINT('',(0.,0.));
#397 = DIRECTION('',(1.,0.));
#398 = ( GEOMETRIC_REPRESENTATION_CONTEXT(2) 
PARAMETRIC_REPRESENTATION_CONTEXT() REPRESENTATION_CONTEXT('2D SPACE',''
  ) );
#399 = PCURVE('',#400,#405);
#400 = CYLINDRICAL_SURFACE('',#401,42.75);
#401 = AXIS2_PLACEMENT_3D('',#402,#403,#404);
#402 = CARTESIAN_POINT('',(0.,0.,0.));
#403 = DIRECTION('',(0.,0.,1.));
#404 = DIRECTION('',(1.,0.,-0.));
#405 = DEFINITIONAL_REPRESENTATION('',(#406),#410);
#406 = LINE('',#407,#408);
#407 = CARTESIAN_POINT('',(0.,46.));
#408 = VECTOR('',#409,1.);
#409 = DIRECTION('',(1.,0.));
#410 = ( GEOMETRIC_REPRESENTATION_CONTEXT(2) 
PARAMETRIC_REPRESENTATION_CONTEXT() REPRESENTATION_CONTEXT('2D SPACE',''
  ) );
#411 = FACE_BOUND('',#412,.T.);
#412 = EDGE_LOOP('',(#413));
#413 = ORIENTED_EDGE('',*,*,#352,.F.);
#414 = ADVANCED_FACE('',(#415),#400,.T.);
#415 = FACE_BOUND('',#416,.T.);
#416 = EDGE_LOOP('',(#417,#440,#441,#442));
#417 = ORIENTED_EDGE('',*,*,#418,.T.);
#418 = EDGE_CURVE('',#419,#384,#421,.T.);
#419 = VERTEX_POINT('',#420);
#420 = CARTESIAN_POINT('',(42.75,-1.047073013271E-14,43.));
#421 = SEAM_CURVE('',#422,(#426,#433),.PCURVE_S1.);
#422 = LINE('',#423,#424);
#423 = CARTESIAN_POINT('',(42.75,-1.047073013271E-14,0.));
#424 = VECTOR('',#425,1.);
#425 = DIRECTION('',(0.,0.,1.));
#426 = PCURVE('',#400,#427);
#427 = DEFINITIONAL_REPRESENTATION('',(#428),#432);
#428 = LINE('',#429,#430);
#429 = CARTESIAN_POINT('',(6.28318530718,-0.));
#430 = VECTOR('',#431,1.);
#431 = DIRECTION('',(0.,1.));
#432 = ( GEOMETRIC_REPRESENTATION_CONTEXT(2) 
PARAMETRIC_REPRESENTATION_CONTEXT() REPRESENTATION_CONTEXT('2D SPACE',''
  ) );
#433 = PCURVE('',#400,#434);
#434 = DEFINITIONAL_REPRESENTATION('',(#435),#439);
#435 = LINE('',#436,#437);
#436 = CARTESIAN_POINT('',(0.,-0.));
#437 = VECTOR('',#438,1.);
#438 = DIRECTION('',(0.,1.));
#439 = ( GEOMETRIC_REPRESENTATION_CONTEXT(2) 
PARAMETRIC_REPRESENTATION_CONTEXT() REPRESENTATION_CONTEXT('2D SPACE',''
  ) );
#440 = ORIENTED_EDGE('',*,*,#383,.F.);
#441 = ORIENTED_EDGE('',*,*,#418,.F.);
#442 = ORIENTED_EDGE('',*,*,#443,.T.);
#443 = EDGE_CURVE('',#419,#419,#444,.T.);
#444 = SURFACE_CURVE('',#445,(#450,#457),.PCURVE_S1.);
#445 = CIRCLE('',#446,42.75);
#446 = AXIS2_PLACEMENT_3D('',#447,#448,#449);
#447 = CARTESIAN_POINT('',(0.,0.,43.));
#448 = DIRECTION('',(0.,0.,1.));
#449 = DIRECTION('',(1.,0.,-0.));
#450 = PCURVE('',#400,#451);
#451 = DEFINITIONAL_REPRESENTATION('',(#452),#456);
#452 = LINE('',#453,#454);
#453 = CARTESIAN_POINT('',(0.,43.));
#454 = VECTOR('',#455,1.);
#455 = DIRECTION('',(1.,0.));
#456 = ( GEOMETRIC_REPRESENTATION_CONTEXT(2) 
PARAMETRIC_REPRESENTATION_CONTEXT() REPRESENTATION_CONTEXT('2D SPACE',''
  ) );
#457 = PCURVE('',#458,#463);
#458 = PLANE('',#459);
#459 = AXIS2_PLACEMENT_3D('',#460,#461,#462);
#460 = CARTESIAN_POINT('',(0.,0.,43.));
#461 = DIRECTION('',(0.,0.,1.));
#462 = DIRECTION('',(1.,0.,-0.));
#463 = DEFINITIONAL_REPRESENTATION('',(#464),#468);
#464 = CIRCLE('',#465,42.75);
#465 = AXIS2_PLACEMENT_2D('',#466,#467);
#466 = CARTESIAN_POINT('',(0.,0.));
#467 = DIRECTION('',(1.,0.));
#468 = ( GEOMETRIC_REPRESENTATION_CONTEXT(2) 
PARAMETRIC_REPRESENTATION_CONTEXT() REPRESENTATION_CONTEXT('2D SPACE',''
  ) );
#469 = ADVANCED_FACE('',(#470,#473),#458,.F.);
#470 = FACE_BOUND('',#471,.F.);
#471 = EDGE_LOOP('',(#472));
#472 = ORIENTED_EDGE('',*,*,#443,.T.);
#473 = FACE_BOUND('',#474,.F.);
#474 = EDGE_LOOP('',(#475));
#475 = ORIENTED_EDGE('',*,*,#476,.F.);
#476 = EDGE_CURVE('',#477,#477,#479,.T.);
#477 = VERTEX_POINT('',#478);
#478 = CARTESIAN_POINT('',(38.25,-9.368548013477E-15,43.));
#479 = SURFACE_CURVE('',#480,(#485,#492),.PCURVE_S1.);
#480 = CIRCLE('',#481,38.25);
#481 = AXIS2_PLACEMENT_3D('',#482,#483,#484);
#482 = CARTESIAN_POINT('',(0.,0.,43.));
#483 = DIRECTION('',(0.,0.,1.));
#484 = DIRECTION('',(1.,0.,-0.));
#485 = PCURVE('',#458,#486);
#486 = DEFINITIONAL_REPRESENTATION('',(#487),#491);
#487 = CIRCLE('',#488,38.25);
#488 = AXIS2_PLACEMENT_2D('',#489,#490);
#489 = CARTESIAN_POINT('',(0.,0.));
#490 = DIRECTION('',(1.,0.));
#491 = ( GEOMETRIC_REPRESENTATION_CONTEXT(2) 
PARAMETRIC_REPRESENTATION_CONTEXT() REPRESENTATION_CONTEXT('2D SPACE',''
  ) );
#492 = PCURVE('',#493,#498);
#493 = CYLINDRICAL_SURFACE('',#494,38.25);
#494 = AXIS2_PLACEMENT_3D('',#495,#496,#497);
#495 = CARTESIAN_POINT('',(0.,0.,40.));
#496 = DIRECTION('',(0.,0.,1.));
#497 = DIRECTION('',(1.,0.,-0.));
#498 = DEFINITIONAL_REPRESENTATION('',(#499),#503);
#499 = LINE('',#500,#501);
#500 = CARTESIAN_POINT('',(0.,3.));
#501 = VECTOR('',#502,1.);
#502 = DIRECTION('',(1.,0.));
#503 = ( GEOMETRIC_REPRESENTATION_CONTEXT(2) 
PARAMETRIC_REPRESENTATION_CONTEXT() REPRESENTATION_CONTEXT('2D SPACE',''
  ) );
#504 = ADVANCED_FACE('',(#505),#493,.T.);
#505 = FACE_BOUND('',#506,.T.);
#506 = EDGE_LOOP('',(#507,#508,#531,#558));
#507 = ORIENTED_EDGE('',*,*,#476,.F.);
#508 = ORIENTED_EDGE('',*,*,#509,.F.);
#509 = EDGE_CURVE('',#510,#477,#512,.T.);
#510 = VERTEX_POINT('',#511);
#511 = CARTESIAN_POINT('',(38.25,-9.368548013477E-15,40.));
#512 = SEAM_CURVE('',#513,(#517,#524),.PCURVE_S1.);
#513 = LINE('',#514,#515);
#514 = CARTESIAN_POINT('',(38.25,-9.368548013477E-15,40.));
#515 = VECTOR('',#516,1.);
#516 = DIRECTION('',(0.,0.,1.));
#517 = PCURVE('',#493,#518);
#518 = DEFINITIONAL_REPRESENTATION('',(#519),#523);
#519 = LINE('',#520,#521);
#520 = CARTESIAN_POINT('',(6.28318530718,-0.));
#521 = VECTOR('',#522,1.);
#522 = DIRECTION('',(0.,1.));
#523 = ( GEOMETRIC_REPRESENTATION_CONTEXT(2) 
PARAMETRIC_REPRESENTATION_CONTEXT() REPRESENTATION_CONTEXT('2D SPACE',''
  ) );
#524 = PCURVE('',#493,#525);
#525 = DEFINITIONAL_REPRESENTATION('',(#526),#530);
#526 = LINE('',#527,#528);
#527 = CARTESIAN_POINT('',(0.,-0.));
#528 = VECTOR('',#529,1.);
#529 = DIRECTION('',(0.,1.));
#530 = ( GEOMETRIC_REPRESENTATION_CONTEXT(2) 
PARAMETRIC_REPRESENTATION_CONTEXT() REPRESENTATION_CONTEXT('2D SPACE',''
  ) );
#531 = ORIENTED_EDGE('',*,*,#532,.T.);
#532 = EDGE_CURVE('',#510,#510,#533,.T.);
#533 = SURFACE_CURVE('',#534,(#539,#546),.PCURVE_S1.);
#534 = CIRCLE('',#535,38.25);
#535 = AXIS2_PLACEMENT_3D('',#536,#537,#538);
#536 = CARTESIAN_POINT('',(0.,0.,40.));
#537 = DIRECTION('',(0.,0.,1.));
#538 = DIRECTION('',(1.,0.,-0.));
#539 = PCURVE('',#493,#540);
#540 = DEFINITIONAL_REPRESENTATION('',(#541),#545);
#541 = LINE('',#542,#543);
#542 = CARTESIAN_POINT('',(0.,0.));
#543 = VECTOR('',#544,1.);
#544 = DIRECTION('',(1.,0.));
#545 = ( GEOMETRIC_REPRESENTATION_CONTEXT(2) 
PARAMETRIC_REPRESENTATION_CONTEXT() REPRESENTATION_CONTEXT('2D SPACE',''
  ) );
#546 = PCURVE('',#547,#552);
#547 = PLANE('',#548);
#548 = AXIS2_PLACEMENT_3D('',#549,#550,#551);
#549 = CARTESIAN_POINT('',(0.,0.,40.));
#550 = DIRECTION('',(0.,0.,1.));
#551 = DIRECTION('',(1.,0.,-0.));
#552 = DEFINITIONAL_REPRESENTATION('',(#553),#557);
#553 = CIRCLE('',#554,38.25);
#554 = AXIS2_PLACEMENT_2D('',#555,#556);
#555 = CARTESIAN_POINT('',(0.,0.));
#556 = DIRECTION('',(1.,0.));
#557 = ( GEOMETRIC_REPRESENTATION_CONTEXT(2) 
PARAMETRIC_REPRESENTATION_CONTEXT() REPRESENTATION_CONTEXT('2D SPACE',''
  ) );
#558 = ORIENTED_EDGE('',*,*,#509,.T.);
#559 = ADVANCED_FACE('',(#560,#591),#547,.T.);
#560 = FACE_BOUND('',#561,.T.);
#561 = EDGE_LOOP('',(#562));
#562 = ORIENTED_EDGE('',*,*,#563,.T.);
#563 = EDGE_CURVE('',#564,#564,#566,.T.);
#564 = VERTEX_POINT('',#565);
#565 = CARTESIAN_POINT('',(42.75,-1.047073013271E-14,40.));
#566 = SURFACE_CURVE('',#567,(#572,#579),.PCURVE_S1.);
#567 = CIRCLE('',#568,42.75);
#568 = AXIS2_PLACEMENT_3D('',#569,#570,#571);
#569 = CARTESIAN_POINT('',(0.,0.,40.));
#570 = DIRECTION('',(0.,0.,1.));
#571 = DIRECTION('',(1.,0.,-0.));
#572 = PCURVE('',#547,#573);
#573 = DEFINITIONAL_REPRESENTATION('',(#574),#578);
#574 = CIRCLE('',#575,42.75);
#575 = AXIS2_PLACEMENT_2D('',#576,#577);
#576 = CARTESIAN_POINT('',(0.,0.));
#577 = DIRECTION('',(1.,0.));
#578 = ( GEOMETRIC_REPRESENTATION_CONTEXT(2) 
PARAMETRIC_REPRESENTATION_CONTEXT() REPRESENTATION_CONTEXT('2D SPACE',''
  ) );
#579 = PCURVE('',#580,#585);
#580 = CYLINDRICAL_SURFACE('',#581,42.75);
#581 = AXIS2_PLACEMENT_3D('',#582,#583,#584);
#582 = CARTESIAN_POINT('',(0.,0.,0.));
#583 = DIRECTION('',(0.,0.,1.));
#584 = DIRECTION('',(1.,0.,-0.));
#585 = DEFINITIONAL_REPRESENTATION('',(#586),#590);
#586 = LINE('',#587,#588);
#587 = CARTESIAN_POINT('',(0.,40.));
#588 = VECTOR('',#589,1.);
#589 = DIRECTION('',(1.,0.));
#590 = ( GEOMETRIC_REPRESENTATION_CONTEXT(2) 
PARAMETRIC_REPRESENTATION_CONTEXT() REPRESENTATION_CONTEXT('2D SPACE',''
  ) );
#591 = FACE_BOUND('',#592,.T.);
#592 = EDGE_LOOP('',(#593));
#593 = ORIENTED_EDGE('',*,*,#532,.F.);
#594 = ADVANCED_FACE('',(#595,#649,#886),#580,.T.);
#595 = FACE_BOUND('',#596,.T.);
#596 = EDGE_LOOP('',(#597,#620,#621,#622));
#597 = ORIENTED_EDGE('',*,*,#598,.T.);
#598 = EDGE_CURVE('',#599,#564,#601,.T.);
#599 = VERTEX_POINT('',#600);
#600 = CARTESIAN_POINT('',(42.75,-1.047073013271E-14,0.));
#601 = SEAM_CURVE('',#602,(#606,#613),.PCURVE_S1.);
#602 = LINE('',#603,#604);
#603 = CARTESIAN_POINT('',(42.75,-1.047073013271E-14,0.));
#604 = VECTOR('',#605,1.);
#605 = DIRECTION('',(0.,0.,1.));
#606 = PCURVE('',#580,#607);
#607 = DEFINITIONAL_REPRESENTATION('',(#608),#612);
#608 = LINE('',#609,#610);
#609 = CARTESIAN_POINT('',(6.28318530718,-0.));
#610 = VECTOR('',#611,1.);
#611 = DIRECTION('',(0.,1.));
#612 = ( GEOMETRIC_REPRESENTATION_CONTEXT(2) 
PARAMETRIC_REPRESENTATION_CONTEXT() REPRESENTATION_CONTEXT('2D SPACE',''
  ) );
#613 = PCURVE('',#580,#614);
#614 = DEFINITIONAL_REPRESENTATION('',(#615),#619);
#615 = LINE('',#616,#617);
#616 = CARTESIAN_POINT('',(0.,-0.));
#617 = VECTOR('',#618,1.);
#618 = DIRECTION('',(0.,1.));
#619 = ( GEOMETRIC_REPRESENTATION_CONTEXT(2) 
PARAMETRIC_REPRESENTATION_CONTEXT() REPRESENTATION_CONTEXT('2D SPACE',''
  ) );
#620 = ORIENTED_EDGE('',*,*,#563,.F.);
#621 = ORIENTED_EDGE('',*,*,#598,.F.);
#622 = ORIENTED_EDGE('',*,*,#623,.T.);
#623 = EDGE_CURVE('',#599,#599,#624,.T.);
#624 = SURFACE_CURVE('',#625,(#630,#637),.PCURVE_S1.);
#625 = CIRCLE('',#626,42.75);
#626 = AXIS2_PLACEMENT_3D('',#627,#628,#629);
#627 = CARTESIAN_POINT('',(0.,0.,0.));
#628 = DIRECTION('',(0.,0.,1.));
#629 = DIRECTION('',(1.,0.,-0.));
#630 = PCURVE('',#580,#631);
#631 = DEFINITIONAL_REPRESENTATION('',(#632),#636);
#632 = LINE('',#633,#634);
#633 = CARTESIAN_POINT('',(0.,0.));
#634 = VECTOR('',#635,1.);
#635 = DIRECTION('',(1.,0.));
#636 = ( GEOMETRIC_REPRESENTATION_CONTEXT(2) 
PARAMETRIC_REPRESENTATION_CONTEXT() REPRESENTATION_CONTEXT('2D SPACE',''
  ) );
#637 = PCURVE('',#638,#643);
#638 = PLANE('',#639);
#639 = AXIS2_PLACEMENT_3D('',#640,#641,#642);
#640 = CARTESIAN_POINT('',(0.,0.,0.));
#641 = DIRECTION('',(0.,0.,1.));
#642 = DIRECTION('',(1.,0.,-0.));
#643 = DEFINITIONAL_REPRESENTATION('',(#644),#648);
#644 = CIRCLE('',#645,42.75);
#645 = AXIS2_PLACEMENT_2D('',#646,#647);
#646 = CARTESIAN_POINT('',(0.,0.));
#647 = DIRECTION('',(1.,0.));
#648 = ( GEOMETRIC_REPRESENTATION_CONTEXT(2) 
PARAMETRIC_REPRESENTATION_CONTEXT() REPRESENTATION_CONTEXT('2D SPACE',''
  ) );
#649 = FACE_BOUND('',#650,.T.);
#650 = EDGE_LOOP('',(#651));
#651 = ORIENTED_EDGE('',*,*,#652,.F.);
#652 = EDGE_CURVE('',#653,#653,#655,.T.);
#653 = VERTEX_POINT('',#654);
#654 = CARTESIAN_POINT('',(11.,-41.31056160354,24.));
#655 = SURFACE_CURVE('',#656,(#729,#805),.PCURVE_S1.);
#656 = B_SPLINE_CURVE_WITH_KNOTS('',8,(#657,#658,#659,#660,#661,#662,
    #663,#664,#665,#666,#667,#668,#669,#670,#671,#672,#673,#674,#675,
    #676,#677,#678,#679,#680,#681,#682,#683,#684,#685,#686,#687,#688,
    #689,#690,#691,#692,#693,#694,#695,#696,#697,#698,#699,#700,#701,
    #702,#703,#704,#705,#706,#707,#708,#709,#710,#711,#712,#713,#714,
    #715,#716,#717,#718,#719,#720,#721,#722,#723,#724,#725,#726,#727,
    #728),.UNSPECIFIED.,.T.,.F.,(9,7,7,7,7,7,7,7,7,7,9),(0.,
    0.108076742786,0.207420340905,0.292606799943,0.391950398465,
    0.500026763396,0.60810329176,0.707446692783,0.792632982813,
    0.888172419352,1.),.UNSPECIFIED.);
#657 = CARTESIAN_POINT('',(11.,-41.31056160354,24.));
#658 = CARTESIAN_POINT('',(11.,-41.31056160354,24.8065684622));
#659 = CARTESIAN_POINT('',(10.932410824118,-41.32855898643,
    25.612553781563));
#660 = CARTESIAN_POINT('',(10.797399177022,-41.36450920852,
    26.414631913794));
#661 = CARTESIAN_POINT('',(10.594381618454,-41.41790485893,
    27.209339297777));
#662 = CARTESIAN_POINT('',(10.322106431866,-41.48776040094,
    27.992841389255));
#663 = CARTESIAN_POINT('',(9.97873007013,-41.57253066949,28.760636142271
    ));
#664 = CARTESIAN_POINT('',(9.561900174588,-41.66997854083,
    29.507179260134));
#665 = CARTESIAN_POINT('',(8.615654509232,-41.87538738551,30.88561950769
    ));
#666 = CARTESIAN_POINT('',(8.096326914955,-41.98223780423,31.52442622535
    ));
#667 = CARTESIAN_POINT('',(7.508464762613,-42.09513547232,
    32.135171061088));
#668 = CARTESIAN_POINT('',(6.849901609176,-42.21086703818,32.70987929478
    ));
#669 = CARTESIAN_POINT('',(6.119022349386,-42.32534426486,
    33.239064431764));
#670 = CARTESIAN_POINT('',(5.31505870982,-42.43353327613,33.711539127387
    ));
#671 = CARTESIAN_POINT('',(4.438567622089,-42.52955535111,
    34.114095856247));
#672 = CARTESIAN_POINT('',(2.68085970875,-42.67362570171,34.702579616383
    ));
#673 = CARTESIAN_POINT('',(1.81756907926,-42.72660579307,34.911385789531
    ));
#674 = CARTESIAN_POINT('',(0.918098801375,-42.7609056116,35.042489852962
    ));
#675 = CARTESIAN_POINT('',(-6.627587367802E-12,-42.77280573911,
    35.087149057701));
#676 = CARTESIAN_POINT('',(-0.918098801368,-42.7609056116,
    35.042489852962));
#677 = CARTESIAN_POINT('',(-1.817569079257,-42.72660579307,
    34.911385789532));
#678 = CARTESIAN_POINT('',(-2.680859708751,-42.67362570171,
    34.702579616382));
#679 = CARTESIAN_POINT('',(-4.438567625923,-42.52955535079,
    34.114095854964));
#680 = CARTESIAN_POINT('',(-5.315058699443,-42.43353327722,
    33.711539132525));
#681 = CARTESIAN_POINT('',(-6.11902235909,-42.32534426357,
    33.239064424889));
#682 = CARTESIAN_POINT('',(-6.849901610614,-42.21086703823,
    32.709879295705));
#683 = CARTESIAN_POINT('',(-7.508464752841,-42.09513547361,
    32.135171067912));
#684 = CARTESIAN_POINT('',(-8.096326922182,-41.98223780303,
    31.524426218178));
#685 = CARTESIAN_POINT('',(-8.615654507435,-41.8753873859,
    30.885619510307));
#686 = CARTESIAN_POINT('',(-9.561898450779,-41.66997891503,
    29.507181771288));
#687 = CARTESIAN_POINT('',(-9.978729758659,-41.5725307852,
    28.760637574997));
#688 = CARTESIAN_POINT('',(-10.32210739944,-41.48776017141,
    27.992840201232));
#689 = CARTESIAN_POINT('',(-10.59438283104,-41.41790453748,
    27.209336034819));
#690 = CARTESIAN_POINT('',(-10.79739991878,-41.36450901288,
    26.414628102952));
#691 = CARTESIAN_POINT('',(-10.93241103029,-41.32855893094,
    25.612550877491));
#692 = CARTESIAN_POINT('',(-11.,-41.31056160354,24.806567242508));
#693 = CARTESIAN_POINT('',(-11.,-41.31056160354,23.1934315378));
#694 = CARTESIAN_POINT('',(-10.93241082411,-41.32855898643,
    22.387446218437));
#695 = CARTESIAN_POINT('',(-10.79739917702,-41.36450920852,
    21.585368086207));
#696 = CARTESIAN_POINT('',(-10.59438161845,-41.41790485893,
    20.790660702223));
#697 = CARTESIAN_POINT('',(-10.32210643186,-41.48776040094,
    20.007158610744));
#698 = CARTESIAN_POINT('',(-9.978730070129,-41.57253066949,
    19.23936385773));
#699 = CARTESIAN_POINT('',(-9.561900174588,-41.66997854083,
    18.492820739866));
#700 = CARTESIAN_POINT('',(-8.615654509232,-41.87538738551,
    17.114380492309));
#701 = CARTESIAN_POINT('',(-8.096326914956,-41.98223780423,
    16.475573774651));
#702 = CARTESIAN_POINT('',(-7.508464762613,-42.09513547232,
    15.864828938912));
#703 = CARTESIAN_POINT('',(-6.849901609175,-42.21086703818,
    15.290120705219));
#704 = CARTESIAN_POINT('',(-6.119022349386,-42.32534426486,
    14.760935568236));
#705 = CARTESIAN_POINT('',(-5.315058709821,-42.43353327613,
    14.288460872614));
#706 = CARTESIAN_POINT('',(-4.438567622088,-42.52955535111,
    13.885904143752));
#707 = CARTESIAN_POINT('',(-2.680859708751,-42.67362570171,
    13.297420383618));
#708 = CARTESIAN_POINT('',(-1.817569079258,-42.72660579307,
    13.088614210468));
#709 = CARTESIAN_POINT('',(-0.91809880137,-42.7609056116,12.957510147038
    ));
#710 = CARTESIAN_POINT('',(-1.692868067948E-12,-42.77280573911,
    12.912850942299));
#711 = CARTESIAN_POINT('',(0.918098801372,-42.7609056116,12.957510147037
    ));
#712 = CARTESIAN_POINT('',(1.817569079259,-42.72660579307,
    13.088614210469));
#713 = CARTESIAN_POINT('',(2.68085970875,-42.67362570171,13.297420383618
    ));
#714 = CARTESIAN_POINT('',(4.402333569791,-42.53252527152,
    13.873772918093));
#715 = CARTESIAN_POINT('',(5.248036589392,-42.44084334544,
    14.257825232559));
#716 = CARTESIAN_POINT('',(6.026870028206,-42.337657439,14.707225578302)
  );
#717 = CARTESIAN_POINT('',(6.738132865353,-42.22822374505,
    15.210106911547));
#718 = CARTESIAN_POINT('',(7.382336354816,-42.11709597598,
    15.756324152017));
#719 = CARTESIAN_POINT('',(7.960777882494,-42.00802814797,
    16.337168258658));
#720 = CARTESIAN_POINT('',(8.47525977544,-41.90401780333,16.945187980642
    ));
#721 = CARTESIAN_POINT('',(9.457731657349,-41.69421211307,
    18.310194754572));
#722 = CARTESIAN_POINT('',(9.905237954513,-41.59062417606,
    19.078235497248));
#723 = CARTESIAN_POINT('',(10.273568471255,-41.50019664316,
    19.870060271093));
#724 = CARTESIAN_POINT('',(10.565427626109,-41.4255164351,
    20.679353498554));
#725 = CARTESIAN_POINT('',(10.782947780103,-41.36835726113,
    21.501056518366));
#726 = CARTESIAN_POINT('',(10.927580585002,-41.32984516346,
    22.330911945336));
#727 = CARTESIAN_POINT('',(11.,-41.31056160354,23.165107191577));
#728 = CARTESIAN_POINT('',(11.,-41.31056160354,24.));
#729 = PCURVE('',#580,#730);
#730 = DEFINITIONAL_REPRESENTATION('',(#731),#804);
#731 = B_SPLINE_CURVE_WITH_KNOTS('',8,(#732,#733,#734,#735,#736,#737,
    #738,#739,#740,#741,#742,#743,#744,#745,#746,#747,#748,#749,#750,
    #751,#752,#753,#754,#755,#756,#757,#758,#759,#760,#761,#762,#763,
    #764,#765,#766,#767,#768,#769,#770,#771,#772,#773,#774,#775,#776,
    #777,#778,#779,#780,#781,#782,#783,#784,#785,#786,#787,#788,#789,
    #790,#791,#792,#793,#794,#795,#796,#797,#798,#799,#800,#801,#802,
    #803),.UNSPECIFIED.,.T.,.F.,(9,7,7,7,7,7,7,7,7,7,9),(0.,
    0.108076742786,0.207420340905,0.292606799943,0.391950398465,
    0.500026763396,0.60810329176,0.707446692783,0.792632982813,
    0.888172419352,1.),.UNSPECIFIED.);
#732 = CARTESIAN_POINT('',(4.972626355439,24.));
#733 = CARTESIAN_POINT('',(4.972626355439,24.8065684622));
#734 = CARTESIAN_POINT('',(4.970990232948,25.612553781563));
#735 = CARTESIAN_POINT('',(4.967722017774,26.414631913794));
#736 = CARTESIAN_POINT('',(4.962811593927,27.209339297777));
#737 = CARTESIAN_POINT('',(4.956236569594,27.992841389254));
#738 = CARTESIAN_POINT('',(4.947964033733,28.760636142271));
#739 = CARTESIAN_POINT('',(4.937951983165,29.507179260134));
#740 = CARTESIAN_POINT('',(4.91530206808,30.88561950769));
#741 = CARTESIAN_POINT('',(4.902900315998,31.52442622535));
#742 = CARTESIAN_POINT('',(4.888899986801,32.135171061088));
#743 = CARTESIAN_POINT('',(4.873263104279,32.70987929478));
#744 = CARTESIAN_POINT('',(4.855964931318,33.239064431764));
#745 = CARTESIAN_POINT('',(4.836998158767,33.711539127387));
#746 = CARTESIAN_POINT('',(4.816380487441,34.114095856247));
#747 = CARTESIAN_POINT('',(4.775126630468,34.702579616383));
#748 = CARTESIAN_POINT('',(4.754898955022,34.911385789531));
#749 = CARTESIAN_POINT('',(4.733852950327,35.042489852963));
#750 = CARTESIAN_POINT('',(4.712388980384,35.0871490577));
#751 = CARTESIAN_POINT('',(4.690925010442,35.042489852962));
#752 = CARTESIAN_POINT('',(4.669879005748,34.911385789532));
#753 = CARTESIAN_POINT('',(4.649651330301,34.702579616382));
#754 = CARTESIAN_POINT('',(4.608397473238,34.114095854964));
#755 = CARTESIAN_POINT('',(4.587779802247,33.711539132525));
#756 = CARTESIAN_POINT('',(4.568813029222,33.239064424889));
#757 = CARTESIAN_POINT('',(4.551514856457,32.709879295705));
#758 = CARTESIAN_POINT('',(4.5358779742,32.135171067912));
#759 = CARTESIAN_POINT('',(4.5218776446,31.524426218178));
#760 = CARTESIAN_POINT('',(4.509475892732,30.885619510307));
#761 = CARTESIAN_POINT('',(4.486826018866,29.507181771288));
#762 = CARTESIAN_POINT('',(4.476813934735,28.760637574997));
#763 = CARTESIAN_POINT('',(4.468541367927,27.992840201232));
#764 = CARTESIAN_POINT('',(4.46196633751,27.209336034819));
#765 = CARTESIAN_POINT('',(4.457055925038,26.414628102952));
#766 = CARTESIAN_POINT('',(4.453787722832,25.612550877492));
#767 = CARTESIAN_POINT('',(4.452151605331,24.806567242508));
#768 = CARTESIAN_POINT('',(4.452151605331,23.1934315378));
#769 = CARTESIAN_POINT('',(4.453787727822,22.387446218437));
#770 = CARTESIAN_POINT('',(4.457055942995,21.585368086207));
#771 = CARTESIAN_POINT('',(4.461966366843,20.790660702223));
#772 = CARTESIAN_POINT('',(4.468541391176,20.007158610744));
#773 = CARTESIAN_POINT('',(4.476813927036,19.23936385773));
#774 = CARTESIAN_POINT('',(4.486825977604,18.492820739866));
#775 = CARTESIAN_POINT('',(4.509475892689,17.114380492309));
#776 = CARTESIAN_POINT('',(4.521877644771,16.475573774651));
#777 = CARTESIAN_POINT('',(4.535877973969,15.864828938912));
#778 = CARTESIAN_POINT('',(4.55151485649,15.290120705219));
#779 = CARTESIAN_POINT('',(4.568813029452,14.760935568236));
#780 = CARTESIAN_POINT('',(4.587779802002,14.288460872614));
#781 = CARTESIAN_POINT('',(4.608397473328,13.885904143752));
#782 = CARTESIAN_POINT('',(4.649651330301,13.297420383618));
#783 = CARTESIAN_POINT('',(4.669879005748,13.088614210468));
#784 = CARTESIAN_POINT('',(4.690925010442,12.957510147038));
#785 = CARTESIAN_POINT('',(4.712388980385,12.912850942299));
#786 = CARTESIAN_POINT('',(4.733852950327,12.957510147037));
#787 = CARTESIAN_POINT('',(4.754898955022,13.088614210469));
#788 = CARTESIAN_POINT('',(4.775126630468,13.297420383618));
#789 = CARTESIAN_POINT('',(4.815530064911,13.873772918093));
#790 = CARTESIAN_POINT('',(4.835421662562,14.257825232559));
#791 = CARTESIAN_POINT('',(4.853791146142,14.707225578302));
#792 = CARTESIAN_POINT('',(4.870618313064,15.210106911547));
#793 = CARTESIAN_POINT('',(4.885906013674,15.756324152017));
#794 = CARTESIAN_POINT('',(4.899673178305,16.337168258658));
#795 = CARTESIAN_POINT('',(4.911950586975,16.945187980642));
#796 = CARTESIAN_POINT('',(4.935450564107,18.310194754572));
#797 = CARTESIAN_POINT('',(4.946193770245,19.078235497248));
#798 = CARTESIAN_POINT('',(4.955064554092,19.870060271093));
#799 = CARTESIAN_POINT('',(4.962111300352,20.679353498554));
#800 = CARTESIAN_POINT('',(4.967372193489,21.501056518366));
#801 = CARTESIAN_POINT('',(4.970873308205,22.330911945336));
#802 = CARTESIAN_POINT('',(4.972626355439,23.165107191577));
#803 = CARTESIAN_POINT('',(4.972626355439,24.));
#804 = ( GEOMETRIC_REPRESENTATION_CONTEXT(2) 
PARAMETRIC_REPRESENTATION_CONTEXT() REPRESENTATION_CONTEXT('2D SPACE',''
  ) );
#805 = PCURVE('',#806,#811);
#806 = CYLINDRICAL_SURFACE('',#807,11.);
#807 = AXIS2_PLACEMENT_3D('',#808,#809,#810);
#808 = CARTESIAN_POINT('',(0.,50.,24.));
#809 = DIRECTION('',(0.,-1.,1.110223024625E-16));
#810 = DIRECTION('',(1.,0.,0.));
#811 = DEFINITIONAL_REPRESENTATION('',(#812),#885);
#812 = B_SPLINE_CURVE_WITH_KNOTS('',8,(#813,#814,#815,#816,#817,#818,
    #819,#820,#821,#822,#823,#824,#825,#826,#827,#828,#829,#830,#831,
    #832,#833,#834,#835,#836,#837,#838,#839,#840,#841,#842,#843,#844,
    #845,#846,#847,#848,#849,#850,#851,#852,#853,#854,#855,#856,#857,
    #858,#859,#860,#861,#862,#863,#864,#865,#866,#867,#868,#869,#870,
    #871,#872,#873,#874,#875,#876,#877,#878,#879,#880,#881,#882,#883,
    #884),.UNSPECIFIED.,.F.,.F.,(9,7,7,7,7,7,7,7,7,7,9),(0.,
    0.108076742786,0.207420340905,0.292606799943,0.391950398465,
    0.500026763396,0.60810329176,0.707446692783,0.792632982813,
    0.888172419352,1.),.UNSPECIFIED.);
#813 = CARTESIAN_POINT('',(0.,91.310561603542));
#814 = CARTESIAN_POINT('',(7.332440565454E-02,91.310561603542));
#815 = CARTESIAN_POINT('',(0.146595761932,91.328558986435));
#816 = CARTESIAN_POINT('',(0.220112810394,91.364509208524));
#817 = CARTESIAN_POINT('',(0.294157326623,91.417904858936));
#818 = CARTESIAN_POINT('',(0.36901544627,91.48776040094));
#819 = CARTESIAN_POINT('',(0.444984550023,91.572530669494));
#820 = CARTESIAN_POINT('',(0.522383193984,91.669978540833));
#821 = CARTESIAN_POINT('',(0.674380322472,91.87538738551));
#822 = CARTESIAN_POINT('',(0.748977552124,91.982237804237));
#823 = CARTESIAN_POINT('',(0.825586097846,92.095135472327));
#824 = CARTESIAN_POINT('',(0.904427941641,92.210867038187));
#825 = CARTESIAN_POINT('',(0.985748615554,92.325344264865));
#826 = CARTESIAN_POINT('',(1.069828590824,92.433533276134));
#827 = CARTESIAN_POINT('',(1.157005962634,92.529555351112));
#828 = CARTESIAN_POINT('',(1.3255154774,92.673625701713));
#829 = CARTESIAN_POINT('',(1.40596278556,92.726605793078));
#830 = CARTESIAN_POINT('',(1.488003428522,92.760905611601));
#831 = CARTESIAN_POINT('',(1.570796326795,92.772805739119));
#832 = CARTESIAN_POINT('',(1.653589225068,92.760905611601));
#833 = CARTESIAN_POINT('',(1.73562986803,92.726605793078));
#834 = CARTESIAN_POINT('',(1.81607717619,92.673625701712));
#835 = CARTESIAN_POINT('',(1.984586691323,92.529555350798));
#836 = CARTESIAN_POINT('',(2.071764061684,92.433533277222));
#837 = CARTESIAN_POINT('',(2.15584403916,92.325344263572));
#838 = CARTESIAN_POINT('',(2.237164712005,92.210867038237));
#839 = CARTESIAN_POINT('',(2.316006554617,92.095135473616));
#840 = CARTESIAN_POINT('',(2.392615102424,91.982237803038));
#841 = CARTESIAN_POINT('',(2.46721233083,91.8753873859));
#842 = CARTESIAN_POINT('',(2.619209182707,91.669978915033));
#843 = CARTESIAN_POINT('',(2.696607979937,91.572530785209));
#844 = CARTESIAN_POINT('',(2.772577338889,91.487760171415));
#845 = CARTESIAN_POINT('',(2.847435636807,91.417904537485));
#846 = CARTESIAN_POINT('',(2.921480192762,91.364509012889));
#847 = CARTESIAN_POINT('',(2.994997155527,91.328558930941));
#848 = CARTESIAN_POINT('',(3.068268358816,91.310561603542));
#849 = CARTESIAN_POINT('',(3.214917059244,91.310561603542));
#850 = CARTESIAN_POINT('',(3.288188415522,91.328558986435));
#851 = CARTESIAN_POINT('',(3.361705463983,91.364509208524));
#852 = CARTESIAN_POINT('',(3.435749980212,91.417904858936));
#853 = CARTESIAN_POINT('',(3.51060809986,91.48776040094));
#854 = CARTESIAN_POINT('',(3.586577203613,91.572530669494));
#855 = CARTESIAN_POINT('',(3.663975847574,91.669978540833));
#856 = CARTESIAN_POINT('',(3.815972976061,91.87538738551));
#857 = CARTESIAN_POINT('',(3.890570205714,91.982237804237));
#858 = CARTESIAN_POINT('',(3.967178751436,92.095135472327));
#859 = CARTESIAN_POINT('',(4.046020595231,92.210867038187));
#860 = CARTESIAN_POINT('',(4.127341269144,92.325344264864));
#861 = CARTESIAN_POINT('',(4.211421244414,92.433533276134));
#862 = CARTESIAN_POINT('',(4.298598616224,92.529555351112));
#863 = CARTESIAN_POINT('',(4.46710813099,92.673625701712));
#864 = CARTESIAN_POINT('',(4.54755543915,92.726605793078));
#865 = CARTESIAN_POINT('',(4.629596082111,92.760905611601));
#866 = CARTESIAN_POINT('',(4.712388980386,92.772805739119));
#867 = CARTESIAN_POINT('',(4.795181878657,92.760905611601));
#868 = CARTESIAN_POINT('',(4.87722252162,92.726605793078));
#869 = CARTESIAN_POINT('',(4.957669829779,92.673625701713));
#870 = CARTESIAN_POINT('',(5.122705626003,92.532525271529));
#871 = CARTESIAN_POINT('',(5.206694764826,92.440843345449));
#872 = CARTESIAN_POINT('',(5.287816846458,92.337657439006));
#873 = CARTESIAN_POINT('',(5.366365558004,92.228223745055));
#874 = CARTESIAN_POINT('',(5.442587429812,92.11709597598));
#875 = CARTESIAN_POINT('',(5.516696814029,92.008028147977));
#876 = CARTESIAN_POINT('',(5.588881536327,91.904017803339));
#877 = CARTESIAN_POINT('',(5.741773614389,91.694212113079));
#878 = CARTESIAN_POINT('',(5.822208665097,91.590624176065));
#879 = CARTESIAN_POINT('',(5.901047752994,91.500196643165));
#880 = CARTESIAN_POINT('',(5.978648044074,91.425516435106));
#881 = CARTESIAN_POINT('',(6.055342239328,91.368357261136));
#882 = CARTESIAN_POINT('',(6.131450079338,91.329845163465));
#883 = CARTESIAN_POINT('',(6.207285960959,91.310561603542));
#884 = CARTESIAN_POINT('',(6.28318530718,91.310561603542));
#885 = ( GEOMETRIC_REPRESENTATION_CONTEXT(2) 
PARAMETRIC_REPRESENTATION_CONTEXT() REPRESENTATION_CONTEXT('2D SPACE',''
  ) );
#886 = FACE_BOUND('',#887,.T.);
#887 = EDGE_LOOP('',(#888));
#888 = ORIENTED_EDGE('',*,*,#889,.T.);
#889 = EDGE_CURVE('',#890,#890,#892,.T.);
#890 = VERTEX_POINT('',#891);
#891 = CARTESIAN_POINT('',(11.,41.310561603542,24.));
#892 = SURFACE_CURVE('',#893,(#966,#1042),.PCURVE_S1.);
#893 = B_SPLINE_CURVE_WITH_KNOTS('',8,(#894,#895,#896,#897,#898,#899,
    #900,#901,#902,#903,#904,#905,#906,#907,#908,#909,#910,#911,#912,
    #913,#914,#915,#916,#917,#918,#919,#920,#921,#922,#923,#924,#925,
    #926,#927,#928,#929,#930,#931,#932,#933,#934,#935,#936,#937,#938,
    #939,#940,#941,#942,#943,#944,#945,#946,#947,#948,#949,#950,#951,
    #952,#953,#954,#955,#956,#957,#958,#959,#960,#961,#962,#963,#964,
    #965),.UNSPECIFIED.,.T.,.F.,(9,7,7,7,7,7,7,7,7,7,9),(0.,
    0.108076742912,0.207420341114,0.292606799661,0.39195039824,
    0.500026763233,0.608103291659,0.70744669274,0.792632982819,
    0.888172419379,1.),.UNSPECIFIED.);
#894 = CARTESIAN_POINT('',(11.,41.310561603542,24.));
#895 = CARTESIAN_POINT('',(11.,41.310561603542,24.806568462199));
#896 = CARTESIAN_POINT('',(10.932410824119,41.328558986435,
    25.612553781566));
#897 = CARTESIAN_POINT('',(10.797399177021,41.364509208523,
    26.41463191379));
#898 = CARTESIAN_POINT('',(10.594381618454,41.417904858936,
    27.209339297776));
#899 = CARTESIAN_POINT('',(10.322106431868,41.48776040094,
    27.992841389259));
#900 = CARTESIAN_POINT('',(9.978730070128,41.572530669494,
    28.760636142269));
#901 = CARTESIAN_POINT('',(9.561900174588,41.669978540833,
    29.507179260133));
#902 = CARTESIAN_POINT('',(8.615654509384,41.875387385477,
    30.885619507469));
#903 = CARTESIAN_POINT('',(8.096326915036,41.982237804223,
    31.524426225312));
#904 = CARTESIAN_POINT('',(7.508464762519,42.09513547235,32.135171061226
    ));
#905 = CARTESIAN_POINT('',(6.849901608982,42.21086703822,32.709879294928
    ));
#906 = CARTESIAN_POINT('',(6.119022349267,42.325344264874,
    33.239064431792));
#907 = CARTESIAN_POINT('',(5.315058709912,42.433533276113,
    33.711539127299));
#908 = CARTESIAN_POINT('',(4.438567622336,42.529555351092,
    34.114095856165));
#909 = CARTESIAN_POINT('',(2.680859713901,42.67362570129,34.702579614658
    ));
#910 = CARTESIAN_POINT('',(1.817569063409,42.726605794619,
    34.911385795819));
#911 = CARTESIAN_POINT('',(0.918098818811,42.760905608754,
    35.042489841332));
#912 = CARTESIAN_POINT('',(3.637978807092E-12,42.772805742538,
    35.087149071677));
#913 = CARTESIAN_POINT('',(-0.91809881882,42.760905608753,
    35.042489841328));
#914 = CARTESIAN_POINT('',(-1.817569063398,42.72660579462,
    34.911385795823));
#915 = CARTESIAN_POINT('',(-2.680859713906,42.67362570129,
    34.702579614656));
#916 = CARTESIAN_POINT('',(-4.438567625924,42.529555350798,
    34.114095854963));
#917 = CARTESIAN_POINT('',(-5.315058699442,42.433533277222,
    33.711539132526));
#918 = CARTESIAN_POINT('',(-6.11902235909,42.325344263571,
    33.239064424887));
#919 = CARTESIAN_POINT('',(-6.849901610613,42.210867038237,
    32.709879295706));
#920 = CARTESIAN_POINT('',(-7.50846475284,42.095135473616,
    32.135171067915));
#921 = CARTESIAN_POINT('',(-8.096326922184,41.982237803037,
    31.524426218175));
#922 = CARTESIAN_POINT('',(-8.615654507435,41.8753873859,30.885619510308
    ));
#923 = CARTESIAN_POINT('',(-9.561898450778,41.669978915033,
    29.507181771289));
#924 = CARTESIAN_POINT('',(-9.97872975866,41.572530785209,
    28.760637574995));
#925 = CARTESIAN_POINT('',(-10.32210739944,41.487760171415,
    27.992840201233));
#926 = CARTESIAN_POINT('',(-10.59438283104,41.417904537485,
    27.20933603482));
#927 = CARTESIAN_POINT('',(-10.79739991878,41.364509012889,
    26.414628102952));
#928 = CARTESIAN_POINT('',(-10.93241103029,41.328558930941,
    25.612550877493));
#929 = CARTESIAN_POINT('',(-11.,41.310561603542,24.806567242508));
#930 = CARTESIAN_POINT('',(-11.,41.310561603542,23.193431537801));
#931 = CARTESIAN_POINT('',(-10.93241082411,41.328558986435,
    22.387446218434));
#932 = CARTESIAN_POINT('',(-10.79739917702,41.364509208523,
    21.58536808621));
#933 = CARTESIAN_POINT('',(-10.59438161845,41.417904858936,
    20.790660702223));
#934 = CARTESIAN_POINT('',(-10.32210643186,41.48776040094,
    20.007158610741));
#935 = CARTESIAN_POINT('',(-9.97873007013,41.572530669493,
    19.239363857732));
#936 = CARTESIAN_POINT('',(-9.561900174588,41.669978540833,
    18.492820739866));
#937 = CARTESIAN_POINT('',(-8.615654509232,41.87538738551,
    17.114380492309));
#938 = CARTESIAN_POINT('',(-8.096326914955,41.982237804237,
    16.475573774651));
#939 = CARTESIAN_POINT('',(-7.508464762613,42.095135472327,
    15.864828938912));
#940 = CARTESIAN_POINT('',(-6.849901609175,42.210867038187,
    15.290120705219));
#941 = CARTESIAN_POINT('',(-6.119022349386,42.325344264865,
    14.760935568236));
#942 = CARTESIAN_POINT('',(-5.315058709822,42.433533276134,
    14.288460872614));
#943 = CARTESIAN_POINT('',(-4.438567622087,42.529555351112,
    13.885904143752));
#944 = CARTESIAN_POINT('',(-2.68085970875,42.673625701713,
    13.297420383617));
#945 = CARTESIAN_POINT('',(-1.817569079265,42.726605793077,
    13.08861421047));
#946 = CARTESIAN_POINT('',(-0.918098801358,42.760905611602,
    12.957510147035));
#947 = CARTESIAN_POINT('',(-1.253219750197E-11,42.772805739118,
    12.912850942302));
#948 = CARTESIAN_POINT('',(0.918098801378,42.760905611602,
    12.957510147037));
#949 = CARTESIAN_POINT('',(1.817569079256,42.726605793078,
    13.088614210468));
#950 = CARTESIAN_POINT('',(2.680859708751,42.673625701712,
    13.297420383618));
#951 = CARTESIAN_POINT('',(4.40233356946,42.532525271556,13.873772917982
    ));
#952 = CARTESIAN_POINT('',(5.248036589273,42.440843345475,
    14.257825232447));
#953 = CARTESIAN_POINT('',(6.026870028364,42.337657438993,
    14.707225578339));
#954 = CARTESIAN_POINT('',(6.738132865611,42.228223745011,15.21010691174
    ));
#955 = CARTESIAN_POINT('',(7.382336354944,42.117095975949,
    15.756324152196));
#956 = CARTESIAN_POINT('',(7.960777882386,42.008028147995,
    16.337168258607));
#957 = CARTESIAN_POINT('',(8.475259775234,41.904017803383,
    16.945187980356));
#958 = CARTESIAN_POINT('',(9.45773165735,41.694212113079,18.310194754575
    ));
#959 = CARTESIAN_POINT('',(9.905237954509,41.590624176066,
    19.078235497245));
#960 = CARTESIAN_POINT('',(10.273568471257,41.500196643165,
    19.870060271092));
#961 = CARTESIAN_POINT('',(10.56542762611,41.425516435106,
    20.679353498558));
#962 = CARTESIAN_POINT('',(10.782947780101,41.368357261136,
    21.501056518367));
#963 = CARTESIAN_POINT('',(10.927580585003,41.329845163465,
    22.330911945333));
#964 = CARTESIAN_POINT('',(11.,41.310561603542,23.165107191579));
#965 = CARTESIAN_POINT('',(11.,41.310561603542,24.));
#966 = PCURVE('',#580,#967);
#967 = DEFINITIONAL_REPRESENTATION('',(#968),#1041);
#968 = B_SPLINE_CURVE_WITH_KNOTS('',8,(#969,#970,#971,#972,#973,#974,
    #975,#976,#977,#978,#979,#980,#981,#982,#983,#984,#985,#986,#987,
    #988,#989,#990,#991,#992,#993,#994,#995,#996,#997,#998,#999,#1000,
    #1001,#1002,#1003,#1004,#1005,#1006,#1007,#1008,#1009,#1010,#1011,
    #1012,#1013,#1014,#1015,#1016,#1017,#1018,#1019,#1020,#1021,#1022,
    #1023,#1024,#1025,#1026,#1027,#1028,#1029,#1030,#1031,#1032,#1033,
    #1034,#1035,#1036,#1037,#1038,#1039,#1040),.UNSPECIFIED.,.T.,.F.,(9,
    7,7,7,7,7,7,7,7,7,9),(0.,0.108076742912,0.207420341114,
    0.292606799661,0.39195039824,0.500026763233,0.608103291659,
    0.70744669274,0.792632982819,0.888172419379,1.),.UNSPECIFIED.);
#969 = CARTESIAN_POINT('',(1.310558951741,24.));
#970 = CARTESIAN_POINT('',(1.310558951741,24.806568462199));
#971 = CARTESIAN_POINT('',(1.312195074232,25.612553781566));
#972 = CARTESIAN_POINT('',(1.315463289405,26.41463191379));
#973 = CARTESIAN_POINT('',(1.320373713253,27.209339297777));
#974 = CARTESIAN_POINT('',(1.326948737586,27.992841389259));
#975 = CARTESIAN_POINT('',(1.335221273446,28.760636142269));
#976 = CARTESIAN_POINT('',(1.345233324014,29.507179260133));
#977 = CARTESIAN_POINT('',(1.367883239096,30.885619507469));
#978 = CARTESIAN_POINT('',(1.38028499118,31.524426225312));
#979 = CARTESIAN_POINT('',(1.394285320381,32.135171061226));
#980 = CARTESIAN_POINT('',(1.409922202905,32.709879294928));
#981 = CARTESIAN_POINT('',(1.427220375865,33.239064431792));
#982 = CARTESIAN_POINT('',(1.44618714841,33.711539127299));
#983 = CARTESIAN_POINT('',(1.466804819732,34.114095856165));
#984 = CARTESIAN_POINT('',(1.508058676591,34.702579614658));
#985 = CARTESIAN_POINT('',(1.52828635253,34.911385795819));
#986 = CARTESIAN_POINT('',(1.549332356443,35.042489841331));
#987 = CARTESIAN_POINT('',(1.570796326795,35.087149071679));
#988 = CARTESIAN_POINT('',(1.592260297147,35.042489841327));
#989 = CARTESIAN_POINT('',(1.61330630106,34.911385795823));
#990 = CARTESIAN_POINT('',(1.633533976999,34.702579614656));
#991 = CARTESIAN_POINT('',(1.674787833942,34.114095854963));
#992 = CARTESIAN_POINT('',(1.695405504933,33.711539132526));
#993 = CARTESIAN_POINT('',(1.714372277957,33.239064424887));
#994 = CARTESIAN_POINT('',(1.731670450723,32.709879295706));
#995 = CARTESIAN_POINT('',(1.74730733298,32.135171067915));
#996 = CARTESIAN_POINT('',(1.76130766258,31.524426218175));
#997 = CARTESIAN_POINT('',(1.773709414447,30.885619510308));
#998 = CARTESIAN_POINT('',(1.796359288313,29.507181771289));
#999 = CARTESIAN_POINT('',(1.806371372445,28.760637574995));
#1000 = CARTESIAN_POINT('',(1.814643939252,27.992840201233));
#1001 = CARTESIAN_POINT('',(1.82121896967,27.20933603482));
#1002 = CARTESIAN_POINT('',(1.826129382142,26.414628102951));
#1003 = CARTESIAN_POINT('',(1.829397584347,25.612550877493));
#1004 = CARTESIAN_POINT('',(1.831033701849,24.806567242508));
#1005 = CARTESIAN_POINT('',(1.831033701849,23.193431537801));
#1006 = CARTESIAN_POINT('',(1.829397579358,22.387446218434));
#1007 = CARTESIAN_POINT('',(1.826129364185,21.585368086211));
#1008 = CARTESIAN_POINT('',(1.821218940337,20.790660702223));
#1009 = CARTESIAN_POINT('',(1.814643916004,20.007158610741));
#1010 = CARTESIAN_POINT('',(1.806371380143,19.239363857732));
#1011 = CARTESIAN_POINT('',(1.796359329575,18.492820739866));
#1012 = CARTESIAN_POINT('',(1.77370941449,17.114380492309));
#1013 = CARTESIAN_POINT('',(1.761307662408,16.475573774651));
#1014 = CARTESIAN_POINT('',(1.747307333211,15.864828938912));
#1015 = CARTESIAN_POINT('',(1.73167045069,15.290120705219));
#1016 = CARTESIAN_POINT('',(1.714372277728,14.760935568236));
#1017 = CARTESIAN_POINT('',(1.695405505177,14.288460872614));
#1018 = CARTESIAN_POINT('',(1.674787833852,13.885904143752));
#1019 = CARTESIAN_POINT('',(1.633533976878,13.297420383617));
#1020 = CARTESIAN_POINT('',(1.613306301432,13.08861421047));
#1021 = CARTESIAN_POINT('',(1.592260296737,12.957510147035));
#1022 = CARTESIAN_POINT('',(1.570796326795,12.912850942302));
#1023 = CARTESIAN_POINT('',(1.549332356852,12.957510147037));
#1024 = CARTESIAN_POINT('',(1.528286352158,13.088614210468));
#1025 = CARTESIAN_POINT('',(1.508058676712,13.297420383618));
#1026 = CARTESIAN_POINT('',(1.467655242276,13.873772917982));
#1027 = CARTESIAN_POINT('',(1.44776364462,14.257825232447));
#1028 = CARTESIAN_POINT('',(1.429394161033,14.707225578339));
#1029 = CARTESIAN_POINT('',(1.412566994109,15.21010691174));
#1030 = CARTESIAN_POINT('',(1.397279293503,15.756324152196));
#1031 = CARTESIAN_POINT('',(1.383512128877,16.337168258607));
#1032 = CARTESIAN_POINT('',(1.37123472021,16.945187980356));
#1033 = CARTESIAN_POINT('',(1.347734743072,18.310194754575));
#1034 = CARTESIAN_POINT('',(1.336991536935,19.078235497245));
#1035 = CARTESIAN_POINT('',(1.328120753087,19.870060271092));
#1036 = CARTESIAN_POINT('',(1.321074006828,20.679353498558));
#1037 = CARTESIAN_POINT('',(1.31581311369,21.501056518366));
#1038 = CARTESIAN_POINT('',(1.312311998974,22.330911945333));
#1039 = CARTESIAN_POINT('',(1.310558951741,23.165107191579));
#1040 = CARTESIAN_POINT('',(1.310558951741,24.));
#1041 = ( GEOMETRIC_REPRESENTATION_CONTEXT(2) 
PARAMETRIC_REPRESENTATION_CONTEXT() REPRESENTATION_CONTEXT('2D SPACE',''
  ) );
#1042 = PCURVE('',#1043,#1048);
#1043 = CYLINDRICAL_SURFACE('',#1044,11.);
#1044 = AXIS2_PLACEMENT_3D('',#1045,#1046,#1047);
#1045 = CARTESIAN_POINT('',(0.,50.,24.));
#1046 = DIRECTION('',(0.,-1.,1.110223024625E-16));
#1047 = DIRECTION('',(1.,0.,0.));
#1048 = DEFINITIONAL_REPRESENTATION('',(#1049),#1122);
#1049 = B_SPLINE_CURVE_WITH_KNOTS('',8,(#1050,#1051,#1052,#1053,#1054,
    #1055,#1056,#1057,#1058,#1059,#1060,#1061,#1062,#1063,#1064,#1065,
    #1066,#1067,#1068,#1069,#1070,#1071,#1072,#1073,#1074,#1075,#1076,
    #1077,#1078,#1079,#1080,#1081,#1082,#1083,#1084,#1085,#1086,#1087,
    #1088,#1089,#1090,#1091,#1092,#1093,#1094,#1095,#1096,#1097,#1098,
    #1099,#1100,#1101,#1102,#1103,#1104,#1105,#1106,#1107,#1108,#1109,
    #1110,#1111,#1112,#1113,#1114,#1115,#1116,#1117,#1118,#1119,#1120,
    #1121),.UNSPECIFIED.,.F.,.F.,(9,7,7,7,7,7,7,7,7,7,9),(0.,
    0.108076742912,0.207420341114,0.292606799661,0.39195039824,
    0.500026763233,0.608103291659,0.70744669274,0.792632982819,
    0.888172419379,1.),.UNSPECIFIED.);
#1050 = CARTESIAN_POINT('',(0.,8.689438396458));
#1051 = CARTESIAN_POINT('',(7.332440565449E-02,8.689438396458));
#1052 = CARTESIAN_POINT('',(0.146595761932,8.671441013565));
#1053 = CARTESIAN_POINT('',(0.220112810393,8.635490791477));
#1054 = CARTESIAN_POINT('',(0.294157326622,8.582095141064));
#1055 = CARTESIAN_POINT('',(0.36901544627,8.51223959906));
#1056 = CARTESIAN_POINT('',(0.444984550023,8.427469330506));
#1057 = CARTESIAN_POINT('',(0.522383193984,8.330021459167));
#1058 = CARTESIAN_POINT('',(0.674380322447,8.124612614523));
#1059 = CARTESIAN_POINT('',(0.748977552117,8.017762195777));
#1060 = CARTESIAN_POINT('',(0.825586097861,7.90486452765));
#1061 = CARTESIAN_POINT('',(0.904427941663,7.78913296178));
#1062 = CARTESIAN_POINT('',(0.985748615564,7.674655735126));
#1063 = CARTESIAN_POINT('',(1.069828590813,7.566466723887));
#1064 = CARTESIAN_POINT('',(1.157005962611,7.470444648908));
#1065 = CARTESIAN_POINT('',(1.325515476906,7.32637429871));
#1066 = CARTESIAN_POINT('',(1.405962787067,7.273394205381));
#1067 = CARTESIAN_POINT('',(1.488003426871,7.239094391247));
#1068 = CARTESIAN_POINT('',(1.570796326794,7.227194257461));
#1069 = CARTESIAN_POINT('',(1.65358922672,7.239094391247));
#1070 = CARTESIAN_POINT('',(1.735629866522,7.27339420538));
#1071 = CARTESIAN_POINT('',(1.816077176684,7.32637429871));
#1072 = CARTESIAN_POINT('',(1.984586691323,7.470444649202));
#1073 = CARTESIAN_POINT('',(2.071764061685,7.566466722778));
#1074 = CARTESIAN_POINT('',(2.15584403916,7.674655736429));
#1075 = CARTESIAN_POINT('',(2.237164712005,7.789132961763));
#1076 = CARTESIAN_POINT('',(2.316006554617,7.904864526384));
#1077 = CARTESIAN_POINT('',(2.392615102424,8.017762196963));
#1078 = CARTESIAN_POINT('',(2.467212330829,8.1246126141));
#1079 = CARTESIAN_POINT('',(2.619209182707,8.330021084967));
#1080 = CARTESIAN_POINT('',(2.696607979937,8.427469214791));
#1081 = CARTESIAN_POINT('',(2.772577338889,8.512239828585));
#1082 = CARTESIAN_POINT('',(2.847435636807,8.582095462515));
#1083 = CARTESIAN_POINT('',(2.921480192762,8.635490987111));
#1084 = CARTESIAN_POINT('',(2.994997155526,8.671441069059));
#1085 = CARTESIAN_POINT('',(3.068268358816,8.689438396458));
#1086 = CARTESIAN_POINT('',(3.214917059244,8.689438396458));
#1087 = CARTESIAN_POINT('',(3.288188415522,8.671441013565));
#1088 = CARTESIAN_POINT('',(3.361705463983,8.635490791477));
#1089 = CARTESIAN_POINT('',(3.435749980212,8.582095141064));
#1090 = CARTESIAN_POINT('',(3.51060809986,8.51223959906));
#1091 = CARTESIAN_POINT('',(3.586577203612,8.427469330507));
#1092 = CARTESIAN_POINT('',(3.663975847574,8.330021459167));
#1093 = CARTESIAN_POINT('',(3.815972976061,8.12461261449));
#1094 = CARTESIAN_POINT('',(3.890570205714,8.017762195763));
#1095 = CARTESIAN_POINT('',(3.967178751436,7.904864527673));
#1096 = CARTESIAN_POINT('',(4.046020595231,7.789132961813));
#1097 = CARTESIAN_POINT('',(4.127341269144,7.674655735135));
#1098 = CARTESIAN_POINT('',(4.211421244413,7.566466723866));
#1099 = CARTESIAN_POINT('',(4.298598616224,7.470444648888));
#1100 = CARTESIAN_POINT('',(4.46710813099,7.326374298287));
#1101 = CARTESIAN_POINT('',(4.547555439149,7.273394206923));
#1102 = CARTESIAN_POINT('',(4.629596082114,7.239094388398));
#1103 = CARTESIAN_POINT('',(4.712388980382,7.227194260881));
#1104 = CARTESIAN_POINT('',(4.795181878659,7.239094388399));
#1105 = CARTESIAN_POINT('',(4.877222521619,7.273394206922));
#1106 = CARTESIAN_POINT('',(4.95766982978,7.326374298288));
#1107 = CARTESIAN_POINT('',(5.122705625971,7.467474728444));
#1108 = CARTESIAN_POINT('',(5.206694764813,7.559156654525));
#1109 = CARTESIAN_POINT('',(5.287816846472,7.662342561007));
#1110 = CARTESIAN_POINT('',(5.366365558032,7.771776254989));
#1111 = CARTESIAN_POINT('',(5.442587429831,7.882904024051));
#1112 = CARTESIAN_POINT('',(5.516696814019,7.991971852005));
#1113 = CARTESIAN_POINT('',(5.588881536295,8.095982196617));
#1114 = CARTESIAN_POINT('',(5.741773614389,8.305787886921));
#1115 = CARTESIAN_POINT('',(5.822208665097,8.409375823934));
#1116 = CARTESIAN_POINT('',(5.901047752994,8.499803356835));
#1117 = CARTESIAN_POINT('',(5.978648044074,8.574483564894));
#1118 = CARTESIAN_POINT('',(6.055342239328,8.631642738864));
#1119 = CARTESIAN_POINT('',(6.131450079338,8.670154836535));
#1120 = CARTESIAN_POINT('',(6.207285960959,8.689438396458));
#1121 = CARTESIAN_POINT('',(6.28318530718,8.689438396458));
#1122 = ( GEOMETRIC_REPRESENTATION_CONTEXT(2) 
PARAMETRIC_REPRESENTATION_CONTEXT() REPRESENTATION_CONTEXT('2D SPACE',''
  ) );
#1123 = ADVANCED_FACE('',(#1124,#1127),#638,.F.);
#1124 = FACE_BOUND('',#1125,.F.);
#1125 = EDGE_LOOP('',(#1126));
#1126 = ORIENTED_EDGE('',*,*,#623,.T.);
#1127 = FACE_BOUND('',#1128,.F.);
#1128 = EDGE_LOOP('',(#1129));
#1129 = ORIENTED_EDGE('',*,*,#1130,.F.);
#1130 = EDGE_CURVE('',#1131,#1131,#1133,.T.);
#1131 = VERTEX_POINT('',#1132);
#1132 = CARTESIAN_POINT('',(36.75,-9.001153973733E-15,0.));
#1133 = SURFACE_CURVE('',#1134,(#1139,#1146),.PCURVE_S1.);
#1134 = CIRCLE('',#1135,36.75);
#1135 = AXIS2_PLACEMENT_3D('',#1136,#1137,#1138);
#1136 = CARTESIAN_POINT('',(0.,0.,0.));
#1137 = DIRECTION('',(0.,0.,1.));
#1138 = DIRECTION('',(1.,0.,-0.));
#1139 = PCURVE('',#638,#1140);
#1140 = DEFINITIONAL_REPRESENTATION('',(#1141),#1145);
#1141 = CIRCLE('',#1142,36.75);
#1142 = AXIS2_PLACEMENT_2D('',#1143,#1144);
#1143 = CARTESIAN_POINT('',(0.,0.));
#1144 = DIRECTION('',(1.,0.));
#1145 = ( GEOMETRIC_REPRESENTATION_CONTEXT(2) 
PARAMETRIC_REPRESENTATION_CONTEXT() REPRESENTATION_CONTEXT('2D SPACE',''
  ) );
#1146 = PCURVE('',#1147,#1152);
#1147 = CYLINDRICAL_SURFACE('',#1148,36.75);
#1148 = AXIS2_PLACEMENT_3D('',#1149,#1150,#1151);
#1149 = CARTESIAN_POINT('',(0.,0.,-1.));
#1150 = DIRECTION('',(0.,0.,1.));
#1151 = DIRECTION('',(1.,0.,-0.));
#1152 = DEFINITIONAL_REPRESENTATION('',(#1153),#1157);
#1153 = LINE('',#1154,#1155);
#1154 = CARTESIAN_POINT('',(0.,1.));
#1155 = VECTOR('',#1156,1.);
#1156 = DIRECTION('',(1.,0.));
#1157 = ( GEOMETRIC_REPRESENTATION_CONTEXT(2) 
PARAMETRIC_REPRESENTATION_CONTEXT() REPRESENTATION_CONTEXT('2D SPACE',''
  ) );
#1158 = ADVANCED_FACE('',(#1159),#806,.F.);
#1159 = FACE_BOUND('',#1160,.F.);
#1160 = EDGE_LOOP('',(#1161,#1162,#1185,#1212));
#1161 = ORIENTED_EDGE('',*,*,#652,.F.);
#1162 = ORIENTED_EDGE('',*,*,#1163,.F.);
#1163 = EDGE_CURVE('',#1164,#653,#1166,.T.);
#1164 = VERTEX_POINT('',#1165);
#1165 = CARTESIAN_POINT('',(11.,-14.,24.));
#1166 = SEAM_CURVE('',#1167,(#1171,#1178),.PCURVE_S1.);
#1167 = LINE('',#1168,#1169);
#1168 = CARTESIAN_POINT('',(11.,50.,24.));
#1169 = VECTOR('',#1170,1.);
#1170 = DIRECTION('',(0.,-1.,1.110223024625E-16));
#1171 = PCURVE('',#806,#1172);
#1172 = DEFINITIONAL_REPRESENTATION('',(#1173),#1177);
#1173 = LINE('',#1174,#1175);
#1174 = CARTESIAN_POINT('',(6.28318530718,-0.));
#1175 = VECTOR('',#1176,1.);
#1176 = DIRECTION('',(0.,1.));
#1177 = ( GEOMETRIC_REPRESENTATION_CONTEXT(2) 
PARAMETRIC_REPRESENTATION_CONTEXT() REPRESENTATION_CONTEXT('2D SPACE',''
  ) );
#1178 = PCURVE('',#806,#1179);
#1179 = DEFINITIONAL_REPRESENTATION('',(#1180),#1184);
#1180 = LINE('',#1181,#1182);
#1181 = CARTESIAN_POINT('',(0.,-0.));
#1182 = VECTOR('',#1183,1.);
#1183 = DIRECTION('',(0.,1.));
#1184 = ( GEOMETRIC_REPRESENTATION_CONTEXT(2) 
PARAMETRIC_REPRESENTATION_CONTEXT() REPRESENTATION_CONTEXT('2D SPACE',''
  ) );
#1185 = ORIENTED_EDGE('',*,*,#1186,.T.);
#1186 = EDGE_CURVE('',#1164,#1164,#1187,.T.);
#1187 = SURFACE_CURVE('',#1188,(#1193,#1200),.PCURVE_S1.);
#1188 = CIRCLE('',#1189,11.);
#1189 = AXIS2_PLACEMENT_3D('',#1190,#1191,#1192);
#1190 = CARTESIAN_POINT('',(0.,-14.,24.));
#1191 = DIRECTION('',(0.,-1.,1.110223024625E-16));
#1192 = DIRECTION('',(1.,0.,0.));
#1193 = PCURVE('',#806,#1194);
#1194 = DEFINITIONAL_REPRESENTATION('',(#1195),#1199);
#1195 = LINE('',#1196,#1197);
#1196 = CARTESIAN_POINT('',(0.,64.));
#1197 = VECTOR('',#1198,1.);
#1198 = DIRECTION('',(1.,0.));
#1199 = ( GEOMETRIC_REPRESENTATION_CONTEXT(2) 
PARAMETRIC_REPRESENTATION_CONTEXT() REPRESENTATION_CONTEXT('2D SPACE',''
  ) );
#1200 = PCURVE('',#1201,#1206);
#1201 = PLANE('',#1202);
#1202 = AXIS2_PLACEMENT_3D('',#1203,#1204,#1205);
#1203 = CARTESIAN_POINT('',(0.,-14.,24.));
#1204 = DIRECTION('',(0.,-1.,1.110223024625E-16));
#1205 = DIRECTION('',(1.,0.,0.));
#1206 = DEFINITIONAL_REPRESENTATION('',(#1207),#1211);
#1207 = CIRCLE('',#1208,11.);
#1208 = AXIS2_PLACEMENT_2D('',#1209,#1210);
#1209 = CARTESIAN_POINT('',(0.,0.));
#1210 = DIRECTION('',(1.,0.));
#1211 = ( GEOMETRIC_REPRESENTATION_CONTEXT(2) 
PARAMETRIC_REPRESENTATION_CONTEXT() REPRESENTATION_CONTEXT('2D SPACE',''
  ) );
#1212 = ORIENTED_EDGE('',*,*,#1163,.T.);
#1213 = ADVANCED_FACE('',(#1214),#1043,.F.);
#1214 = FACE_BOUND('',#1215,.F.);
#1215 = EDGE_LOOP('',(#1216,#1245,#1266,#1267));
#1216 = ORIENTED_EDGE('',*,*,#1217,.F.);
#1217 = EDGE_CURVE('',#1218,#1218,#1220,.T.);
#1218 = VERTEX_POINT('',#1219);
#1219 = CARTESIAN_POINT('',(11.,14.,24.));
#1220 = SURFACE_CURVE('',#1221,(#1226,#1233),.PCURVE_S1.);
#1221 = CIRCLE('',#1222,11.);
#1222 = AXIS2_PLACEMENT_3D('',#1223,#1224,#1225);
#1223 = CARTESIAN_POINT('',(0.,14.,24.));
#1224 = DIRECTION('',(0.,-1.,1.110223024625E-16));
#1225 = DIRECTION('',(1.,0.,0.));
#1226 = PCURVE('',#1043,#1227);
#1227 = DEFINITIONAL_REPRESENTATION('',(#1228),#1232);
#1228 = LINE('',#1229,#1230);
#1229 = CARTESIAN_POINT('',(0.,36.));
#1230 = VECTOR('',#1231,1.);
#1231 = DIRECTION('',(1.,0.));
#1232 = ( GEOMETRIC_REPRESENTATION_CONTEXT(2) 
PARAMETRIC_REPRESENTATION_CONTEXT() REPRESENTATION_CONTEXT('2D SPACE',''
  ) );
#1233 = PCURVE('',#1234,#1239);
#1234 = PLANE('',#1235);
#1235 = AXIS2_PLACEMENT_3D('',#1236,#1237,#1238);
#1236 = CARTESIAN_POINT('',(0.,14.,24.));
#1237 = DIRECTION('',(0.,-1.,1.110223024625E-16));
#1238 = DIRECTION('',(1.,0.,0.));
#1239 = DEFINITIONAL_REPRESENTATION('',(#1240),#1244);
#1240 = CIRCLE('',#1241,11.);
#1241 = AXIS2_PLACEMENT_2D('',#1242,#1243);
#1242 = CARTESIAN_POINT('',(0.,-7.105427357601E-15));
#1243 = DIRECTION('',(1.,0.));
#1244 = ( GEOMETRIC_REPRESENTATION_CONTEXT(2) 
PARAMETRIC_REPRESENTATION_CONTEXT() REPRESENTATION_CONTEXT('2D SPACE',''
  ) );
#1245 = ORIENTED_EDGE('',*,*,#1246,.F.);
#1246 = EDGE_CURVE('',#890,#1218,#1247,.T.);
#1247 = SEAM_CURVE('',#1248,(#1252,#1259),.PCURVE_S1.);
#1248 = LINE('',#1249,#1250);
#1249 = CARTESIAN_POINT('',(11.,50.,24.));
#1250 = VECTOR('',#1251,1.);
#1251 = DIRECTION('',(0.,-1.,1.110223024625E-16));
#1252 = PCURVE('',#1043,#1253);
#1253 = DEFINITIONAL_REPRESENTATION('',(#1254),#1258);
#1254 = LINE('',#1255,#1256);
#1255 = CARTESIAN_POINT('',(6.28318530718,-0.));
#1256 = VECTOR('',#1257,1.);
#1257 = DIRECTION('',(0.,1.));
#1258 = ( GEOMETRIC_REPRESENTATION_CONTEXT(2) 
PARAMETRIC_REPRESENTATION_CONTEXT() REPRESENTATION_CONTEXT('2D SPACE',''
  ) );
#1259 = PCURVE('',#1043,#1260);
#1260 = DEFINITIONAL_REPRESENTATION('',(#1261),#1265);
#1261 = LINE('',#1262,#1263);
#1262 = CARTESIAN_POINT('',(0.,-0.));
#1263 = VECTOR('',#1264,1.);
#1264 = DIRECTION('',(0.,1.));
#1265 = ( GEOMETRIC_REPRESENTATION_CONTEXT(2) 
PARAMETRIC_REPRESENTATION_CONTEXT() REPRESENTATION_CONTEXT('2D SPACE',''
  ) );
#1266 = ORIENTED_EDGE('',*,*,#889,.T.);
#1267 = ORIENTED_EDGE('',*,*,#1246,.T.);
#1268 = ADVANCED_FACE('',(#1269,#1323,#1710),#1147,.F.);
#1269 = FACE_BOUND('',#1270,.F.);
#1270 = EDGE_LOOP('',(#1271,#1294,#1295,#1296));
#1271 = ORIENTED_EDGE('',*,*,#1272,.F.);
#1272 = EDGE_CURVE('',#1131,#1273,#1275,.T.);
#1273 = VERTEX_POINT('',#1274);
#1274 = CARTESIAN_POINT('',(36.75,-9.001153973733E-15,50.));
#1275 = SEAM_CURVE('',#1276,(#1280,#1287),.PCURVE_S1.);
#1276 = LINE('',#1277,#1278);
#1277 = CARTESIAN_POINT('',(36.75,-9.001153973733E-15,-1.));
#1278 = VECTOR('',#1279,1.);
#1279 = DIRECTION('',(0.,0.,1.));
#1280 = PCURVE('',#1147,#1281);
#1281 = DEFINITIONAL_REPRESENTATION('',(#1282),#1286);
#1282 = LINE('',#1283,#1284);
#1283 = CARTESIAN_POINT('',(0.,-0.));
#1284 = VECTOR('',#1285,1.);
#1285 = DIRECTION('',(0.,1.));
#1286 = ( GEOMETRIC_REPRESENTATION_CONTEXT(2) 
PARAMETRIC_REPRESENTATION_CONTEXT() REPRESENTATION_CONTEXT('2D SPACE',''
  ) );
#1287 = PCURVE('',#1147,#1288);
#1288 = DEFINITIONAL_REPRESENTATION('',(#1289),#1293);
#1289 = LINE('',#1290,#1291);
#1290 = CARTESIAN_POINT('',(6.28318530718,-0.));
#1291 = VECTOR('',#1292,1.);
#1292 = DIRECTION('',(0.,1.));
#1293 = ( GEOMETRIC_REPRESENTATION_CONTEXT(2) 
PARAMETRIC_REPRESENTATION_CONTEXT() REPRESENTATION_CONTEXT('2D SPACE',''
  ) );
#1294 = ORIENTED_EDGE('',*,*,#1130,.T.);
#1295 = ORIENTED_EDGE('',*,*,#1272,.T.);
#1296 = ORIENTED_EDGE('',*,*,#1297,.F.);
#1297 = EDGE_CURVE('',#1273,#1273,#1298,.T.);
#1298 = SURFACE_CURVE('',#1299,(#1304,#1311),.PCURVE_S1.);
#1299 = CIRCLE('',#1300,36.75);
#1300 = AXIS2_PLACEMENT_3D('',#1301,#1302,#1303);
#1301 = CARTESIAN_POINT('',(0.,0.,50.));
#1302 = DIRECTION('',(0.,0.,1.));
#1303 = DIRECTION('',(1.,0.,-0.));
#1304 = PCURVE('',#1147,#1305);
#1305 = DEFINITIONAL_REPRESENTATION('',(#1306),#1310);
#1306 = LINE('',#1307,#1308);
#1307 = CARTESIAN_POINT('',(0.,51.));
#1308 = VECTOR('',#1309,1.);
#1309 = DIRECTION('',(1.,0.));
#1310 = ( GEOMETRIC_REPRESENTATION_CONTEXT(2) 
PARAMETRIC_REPRESENTATION_CONTEXT() REPRESENTATION_CONTEXT('2D SPACE',''
  ) );
#1311 = PCURVE('',#1312,#1317);
#1312 = PLANE('',#1313);
#1313 = AXIS2_PLACEMENT_3D('',#1314,#1315,#1316);
#1314 = CARTESIAN_POINT('',(0.,0.,50.));
#1315 = DIRECTION('',(0.,0.,1.));
#1316 = DIRECTION('',(1.,0.,-0.));
#1317 = DEFINITIONAL_REPRESENTATION('',(#1318),#1322);
#1318 = CIRCLE('',#1319,36.75);
#1319 = AXIS2_PLACEMENT_2D('',#1320,#1321);
#1320 = CARTESIAN_POINT('',(0.,0.));
#1321 = DIRECTION('',(1.,0.));
#1322 = ( GEOMETRIC_REPRESENTATION_CONTEXT(2) 
PARAMETRIC_REPRESENTATION_CONTEXT() REPRESENTATION_CONTEXT('2D SPACE',''
  ) );
#1323 = FACE_BOUND('',#1324,.F.);
#1324 = EDGE_LOOP('',(#1325));
#1325 = ORIENTED_EDGE('',*,*,#1326,.T.);
#1326 = EDGE_CURVE('',#1327,#1327,#1329,.T.);
#1327 = VERTEX_POINT('',#1328);
#1328 = CARTESIAN_POINT('',(16.,33.084172953242,24.));
#1329 = SURFACE_CURVE('',#1330,(#1453,#1579),.PCURVE_S1.);
#1330 = B_SPLINE_CURVE_WITH_KNOTS('',6,(#1331,#1332,#1333,#1334,#1335,
    #1336,#1337,#1338,#1339,#1340,#1341,#1342,#1343,#1344,#1345,#1346,
    #1347,#1348,#1349,#1350,#1351,#1352,#1353,#1354,#1355,#1356,#1357,
    #1358,#1359,#1360,#1361,#1362,#1363,#1364,#1365,#1366,#1367,#1368,
    #1369,#1370,#1371,#1372,#1373,#1374,#1375,#1376,#1377,#1378,#1379,
    #1380,#1381,#1382,#1383,#1384,#1385,#1386,#1387,#1388,#1389,#1390,
    #1391,#1392,#1393,#1394,#1395,#1396,#1397,#1398,#1399,#1400,#1401,
    #1402,#1403,#1404,#1405,#1406,#1407,#1408,#1409,#1410,#1411,#1412,
    #1413,#1414,#1415,#1416,#1417,#1418,#1419,#1420,#1421,#1422,#1423,
    #1424,#1425,#1426,#1427,#1428,#1429,#1430,#1431,#1432,#1433,#1434,
    #1435,#1436,#1437,#1438,#1439,#1440,#1441,#1442,#1443,#1444,#1445,
    #1446,#1447,#1448,#1449,#1450,#1451,#1452),.UNSPECIFIED.,.T.,.F.,(7,
    5,5,5,5,5,5,5,5,5,5,5,5,5,5,5,5,5,5,5,5,5,5,5,7),(0.,
    5.630987235705E-02,0.119743697075,0.161181737799,0.190521805338,
    0.224572222075,0.250034115453,0.287313090789,0.310609583739,
    0.339333230382,0.362251007741,0.444052617596,0.500092570886,
    0.556381596749,0.619791937602,0.661214637519,0.690543843049,
    0.724581653931,0.750034121007,0.787299295222,0.810587163539,
    0.839300176354,0.862209469155,0.943980794064,1.),.UNSPECIFIED.);
#1331 = CARTESIAN_POINT('',(16.,33.084172953242,24.));
#1332 = CARTESIAN_POINT('',(16.,33.084172953242,24.825968087868));
#1333 = CARTESIAN_POINT('',(15.948833282806,33.108917937755,
    25.65173394641));
#1334 = CARTESIAN_POINT('',(15.846546627036,33.15838530507,
    26.474586554966));
#1335 = CARTESIAN_POINT('',(15.693080095439,33.231871705004,
    27.291792282567));
#1336 = CARTESIAN_POINT('',(15.488286784014,33.327987903522,
    28.100485305825));
#1337 = CARTESIAN_POINT('',(14.94329615137,33.576197536381,
    29.795472460526));
#1338 = CARTESIAN_POINT('',(14.589358334331,33.733783431888,
    30.678290668617));
#1339 = CARTESIAN_POINT('',(14.16959023468,33.914743990572,
    31.543037294139));
#1340 = CARTESIAN_POINT('',(13.682674500417,34.115622353051,
    32.386147334783));
#1341 = CARTESIAN_POINT('',(13.126795677694,34.332117033415,
    33.20304530783));
#1342 = CARTESIAN_POINT('',(12.09024978403,34.70703176187,
    34.500302476337));
#1343 = CARTESIAN_POINT('',(11.650201051587,34.859608493375,
    34.999309231369));
#1344 = CARTESIAN_POINT('',(11.178823734403,35.015220442936,
    35.483314268301));
#1345 = CARTESIAN_POINT('',(10.675157353242,35.172261867726,
    35.950497813088));
#1346 = CARTESIAN_POINT('',(10.138221738195,35.32886700295,
    36.398554332391));
#1347 = CARTESIAN_POINT('',(9.162731754753,35.591884665442,
    37.126266295044));
#1348 = CARTESIAN_POINT('',(8.74112214958,35.699629524816,
    37.416970493879));
#1349 = CARTESIAN_POINT('',(8.302076747524,35.805277423868,
    37.695579171574));
#1350 = CARTESIAN_POINT('',(7.8454582052,35.907937583152,37.960832576106
    ));
#1351 = CARTESIAN_POINT('',(7.371195259287,36.006648604294,
    38.211345239892));
#1352 = CARTESIAN_POINT('',(6.308400431446,36.209174626787,
    38.717469337748));
#1353 = CARTESIAN_POINT('',(5.712993860097,36.311408734789,
    38.967800569671));
#1354 = CARTESIAN_POINT('',(5.094636924927,36.405132046984,
    39.193311312669));
#1355 = CARTESIAN_POINT('',(4.455169609002,36.488452853138,
    39.391025708531));
#1356 = CARTESIAN_POINT('',(3.796673405253,36.559636450706,
    39.558253236127));
#1357 = CARTESIAN_POINT('',(2.616529458673,36.660238215785,
    39.79299846239));
#1358 = CARTESIAN_POINT('',(2.102595899472,36.695633630586,
    39.874959596299));
#1359 = CARTESIAN_POINT('',(1.581768675126,36.722680410878,
    39.937252526129));
#1360 = CARTESIAN_POINT('',(1.056239423611,36.740889102981,
    39.979072191065));
#1361 = CARTESIAN_POINT('',(0.528237457326,36.75,40.));
#1362 = CARTESIAN_POINT('',(-0.773396968179,36.75,40.));
#1363 = CARTESIAN_POINT('',(-1.545376570243,36.730468800783,
    39.955139178235));
#1364 = CARTESIAN_POINT('',(-2.309585840705,36.691540651285,
    39.865726544547));
#1365 = CARTESIAN_POINT('',(-3.059731270783,36.634341035301,
    39.733580503226));
#1366 = CARTESIAN_POINT('',(-3.789757426638,36.56095937602,
    39.56201147242));
#1367 = CARTESIAN_POINT('',(-4.934126034035,36.419960683678,
    39.22710364478));
#1368 = CARTESIAN_POINT('',(-5.364697412468,36.360440272605,
    39.084660866106));
#1369 = CARTESIAN_POINT('',(-5.785240575709,36.296168571961,
    38.929435171952));
#1370 = CARTESIAN_POINT('',(-6.195315069218,36.227711642036,
    38.762305402726));
#1371 = CARTESIAN_POINT('',(-6.594530824335,36.155647680152,
    38.584174310682));
#1372 = CARTESIAN_POINT('',(-7.46095736859,35.987971084631,
    38.163927273839));
#1373 = CARTESIAN_POINT('',(-7.922447209855,35.890763258094,
    37.916522413385));
#1374 = CARTESIAN_POINT('',(-8.367036754683,35.789885045306,
    37.655162653594));
#1375 = CARTESIAN_POINT('',(-8.794805638927,35.686230708113,
    37.381133644208));
#1376 = CARTESIAN_POINT('',(-9.205892515527,35.580628971168,
    37.095604386171));
#1377 = CARTESIAN_POINT('',(-9.91533492426,35.388628379028,
    36.563479812395));
#1378 = CARTESIAN_POINT('',(-10.21973512174,35.302647989903,
    36.320639911405));
#1379 = CARTESIAN_POINT('',(-10.51385167995,35.216260560873,
    36.07159165943));
#1380 = CARTESIAN_POINT('',(-10.79784436479,35.129804275435,
    35.816766715888));
#1381 = CARTESIAN_POINT('',(-11.07187557444,35.043590475356,
    35.55654650742));
#1382 = CARTESIAN_POINT('',(-12.27925780385,34.652061907827,
    34.344368608235));
#1383 = CARTESIAN_POINT('',(-13.09886512957,34.352533674558,
    33.331681255751));
#1384 = CARTESIAN_POINT('',(-13.8003959191,34.072803457956,
    32.269319274534));
#1385 = CARTESIAN_POINT('',(-14.38894541302,33.822920995315,
    31.16794882379));
#1386 = CARTESIAN_POINT('',(-14.86800386165,33.610578563587,
    30.035109908973));
#1387 = CARTESIAN_POINT('',(-15.49280502264,33.325867045349,
    28.082601254246));
#1388 = CARTESIAN_POINT('',(-15.69578867651,33.230574670257,
    27.277336285585));
#1389 = CARTESIAN_POINT('',(-15.84790085054,33.157730381995,
    26.463669346193));
#1390 = CARTESIAN_POINT('',(-15.94928509427,33.10869943513,
    25.644428677822));
#1391 = CARTESIAN_POINT('',(-16.,33.084172953242,24.822313272493));
#1392 = CARTESIAN_POINT('',(-16.,33.084172953242,23.17403191213));
#1393 = CARTESIAN_POINT('',(-15.9488332828,33.108917937755,
    22.34826605359));
#1394 = CARTESIAN_POINT('',(-15.84654662703,33.15838530507,
    21.525413445035));
#1395 = CARTESIAN_POINT('',(-15.69308009544,33.231871705004,
    20.708207717433));
#1396 = CARTESIAN_POINT('',(-15.48828678401,33.327987903522,
    19.899514694174));
#1397 = CARTESIAN_POINT('',(-14.94329615141,33.576197536362,
    18.204527539606));
#1398 = CARTESIAN_POINT('',(-14.58935833436,33.733783431871,
    17.321709331432));
#1399 = CARTESIAN_POINT('',(-14.16959023461,33.914743990609,
    16.456962705647));
#1400 = CARTESIAN_POINT('',(-13.68267450026,34.1156223531,
    15.613852665097));
#1401 = CARTESIAN_POINT('',(-13.12679567788,34.332117033345,
    14.796954692412));
#1402 = CARTESIAN_POINT('',(-12.09024978403,34.70703176187,
    13.499697523662));
#1403 = CARTESIAN_POINT('',(-11.65020105158,34.859608493375,
    13.000690768631));
#1404 = CARTESIAN_POINT('',(-11.1788237344,35.015220442936,
    12.516685731699));
#1405 = CARTESIAN_POINT('',(-10.67515735324,35.172261867726,
    12.049502186912));
#1406 = CARTESIAN_POINT('',(-10.13822173819,35.32886700295,
    11.601445667609));
#1407 = CARTESIAN_POINT('',(-9.162731754753,35.591884665442,
    10.873733704956));
#1408 = CARTESIAN_POINT('',(-8.74112214958,35.699629524816,
    10.583029506121));
#1409 = CARTESIAN_POINT('',(-8.302076747524,35.805277423868,
    10.304420828426));
#1410 = CARTESIAN_POINT('',(-7.8454582052,35.907937583152,
    10.039167423894));
#1411 = CARTESIAN_POINT('',(-7.371195259287,36.006648604294,
    9.788654760108));
#1412 = CARTESIAN_POINT('',(-6.30840043187,36.209174626706,
    9.282530662454));
#1413 = CARTESIAN_POINT('',(-5.712993859987,36.311408734829,
    9.032199430228));
#1414 = CARTESIAN_POINT('',(-5.094636924495,36.405132047044,
    8.806688687186));
#1415 = CARTESIAN_POINT('',(-4.455169608881,36.48845285313,
    8.608974291493));
#1416 = CARTESIAN_POINT('',(-3.796673405693,36.559636450668,
    8.441746763961));
#1417 = CARTESIAN_POINT('',(-2.616529458673,36.660238215785,
    8.20700153761));
#1418 = CARTESIAN_POINT('',(-2.102595899472,36.695633630586,
    8.125040403701));
#1419 = CARTESIAN_POINT('',(-1.581768675126,36.722680410878,
    8.062747473871));
#1420 = CARTESIAN_POINT('',(-1.056239423611,36.740889102981,
    8.020927808935));
#1421 = CARTESIAN_POINT('',(-0.528237457326,36.75,8.));
#1422 = CARTESIAN_POINT('',(0.773396968361,36.75,8.));
#1423 = CARTESIAN_POINT('',(1.545376570196,36.730468800774,
    8.044860821786));
#1424 = CARTESIAN_POINT('',(2.309585840527,36.691540651296,
    8.134273455427));
#1425 = CARTESIAN_POINT('',(3.059731270734,36.634341035315,
    8.266419496739));
#1426 = CARTESIAN_POINT('',(3.789757426813,36.560959375998,
    8.437988527631));
#1427 = CARTESIAN_POINT('',(4.934126034035,36.419960683678,8.77289635522
    ));
#1428 = CARTESIAN_POINT('',(5.364697412468,36.360440272605,
    8.915339133894));
#1429 = CARTESIAN_POINT('',(5.785240575709,36.296168571961,
    9.070564828048));
#1430 = CARTESIAN_POINT('',(6.195315069218,36.227711642036,
    9.237694597274));
#1431 = CARTESIAN_POINT('',(6.594530824336,36.155647680152,
    9.415825689318));
#1432 = CARTESIAN_POINT('',(7.460957368607,35.987971084628,
    9.836072726169));
#1433 = CARTESIAN_POINT('',(7.922447209851,35.890763258095,
    10.083477586615));
#1434 = CARTESIAN_POINT('',(8.367036754669,35.789885045309,
    10.344837346398));
#1435 = CARTESIAN_POINT('',(8.794805638924,35.686230708114,
    10.618866355789));
#1436 = CARTESIAN_POINT('',(9.205892515538,35.580628971165,
    10.904395613838));
#1437 = CARTESIAN_POINT('',(9.915334922446,35.388628379519,
    11.436520186244));
#1438 = CARTESIAN_POINT('',(10.21973512263,35.302647989694,
    11.679360089109));
#1439 = CARTESIAN_POINT('',(10.513851681894,35.216260560297,
    11.928408342264));
#1440 = CARTESIAN_POINT('',(10.797844365028,35.129804275311,
    12.183233284573));
#1441 = CARTESIAN_POINT('',(11.071875572602,35.043590475953,
    12.443453490732));
#1442 = CARTESIAN_POINT('',(12.279257803851,34.652061907828,
    13.655631391764));
#1443 = CARTESIAN_POINT('',(13.098865129577,34.352533674557,
    14.66831874425));
#1444 = CARTESIAN_POINT('',(13.800395919102,34.072803457956,
    15.730680725468));
#1445 = CARTESIAN_POINT('',(14.388945413029,33.822920995316,
    16.832051176207));
#1446 = CARTESIAN_POINT('',(14.868003861656,33.610578563587,
    17.964890091029));
#1447 = CARTESIAN_POINT('',(15.492805022648,33.325867045349,
    19.917398745754));
#1448 = CARTESIAN_POINT('',(15.695788676512,33.230574670257,
    20.722663714413));
#1449 = CARTESIAN_POINT('',(15.84790085054,33.157730381995,
    21.53633065381));
#1450 = CARTESIAN_POINT('',(15.949285094271,33.10869943513,
    22.355571322177));
#1451 = CARTESIAN_POINT('',(16.,33.084172953242,23.177686727507));
#1452 = CARTESIAN_POINT('',(16.,33.084172953242,24.));
#1453 = PCURVE('',#1147,#1454);
#1454 = DEFINITIONAL_REPRESENTATION('',(#1455),#1578);
#1455 = B_SPLINE_CURVE_WITH_KNOTS('',6,(#1456,#1457,#1458,#1459,#1460,
    #1461,#1462,#1463,#1464,#1465,#1466,#1467,#1468,#1469,#1470,#1471,
    #1472,#1473,#1474,#1475,#1476,#1477,#1478,#1479,#1480,#1481,#1482,
    #1483,#1484,#1485,#1486,#1487,#1488,#1489,#1490,#1491,#1492,#1493,
    #1494,#1495,#1496,#1497,#1498,#1499,#1500,#1501,#1502,#1503,#1504,
    #1505,#1506,#1507,#1508,#1509,#1510,#1511,#1512,#1513,#1514,#1515,
    #1516,#1517,#1518,#1519,#1520,#1521,#1522,#1523,#1524,#1525,#1526,
    #1527,#1528,#1529,#1530,#1531,#1532,#1533,#1534,#1535,#1536,#1537,
    #1538,#1539,#1540,#1541,#1542,#1543,#1544,#1545,#1546,#1547,#1548,
    #1549,#1550,#1551,#1552,#1553,#1554,#1555,#1556,#1557,#1558,#1559,
    #1560,#1561,#1562,#1563,#1564,#1565,#1566,#1567,#1568,#1569,#1570,
    #1571,#1572,#1573,#1574,#1575,#1576,#1577),.UNSPECIFIED.,.T.,.F.,(7,
    5,5,5,5,5,5,5,5,5,5,5,5,5,5,5,5,5,5,5,5,5,5,5,7),(0.,
    5.630987235705E-02,0.119743697075,0.161181737799,0.190521805338,
    0.224572222075,0.250034115453,0.287313090789,0.310609583739,
    0.339333230382,0.362251007741,0.444052617596,0.500092570886,
    0.556381596749,0.619791937602,0.661214637519,0.690543843049,
    0.724581653931,0.750034121007,0.787299295222,0.810587163539,
    0.839300176354,0.862209469155,0.943980794064,1.),.UNSPECIFIED.);
#1456 = CARTESIAN_POINT('',(1.12034248519,25.));
#1457 = CARTESIAN_POINT('',(1.12034248519,25.825968087868));
#1458 = CARTESIAN_POINT('',(1.121889046359,26.65173394641));
#1459 = CARTESIAN_POINT('',(1.124980758746,27.474586554966));
#1460 = CARTESIAN_POINT('',(1.129610745964,28.291792282567));
#1461 = CARTESIAN_POINT('',(1.135766176827,29.100485305825));
#1462 = CARTESIAN_POINT('',(1.152061448751,30.795472460526));
#1463 = CARTESIAN_POINT('',(1.162603499622,31.678290668617));
#1464 = CARTESIAN_POINT('',(1.17504051502,32.543037294139));
#1465 = CARTESIAN_POINT('',(1.189369888005,33.386147334783));
#1466 = CARTESIAN_POINT('',(1.205597721542,34.20304530783));
#1467 = CARTESIAN_POINT('',(1.235591330849,35.500302476337));
#1468 = CARTESIAN_POINT('',(1.248263653875,35.999309231369));
#1469 = CARTESIAN_POINT('',(1.261768755755,36.483314268301));
#1470 = CARTESIAN_POINT('',(1.276121329226,36.950497813088));
#1471 = CARTESIAN_POINT('',(1.291337419698,37.398554332391));
#1472 = CARTESIAN_POINT('',(1.318829288657,38.126266295044));
#1473 = CARTESIAN_POINT('',(1.330669332118,38.416970493879));
#1474 = CARTESIAN_POINT('',(1.342955270491,38.695579171574));
#1475 = CARTESIAN_POINT('',(1.355688101928,38.960832576106));
#1476 = CARTESIAN_POINT('',(1.368867897216,39.211345239892));
#1477 = CARTESIAN_POINT('',(1.398307881491,39.717469337748));
#1478 = CARTESIAN_POINT('',(1.41474379297,39.967800569671));
#1479 = CARTESIAN_POINT('',(1.431756875077,40.193311312669));
#1480 = CARTESIAN_POINT('',(1.449298369784,40.391025708531));
#1481 = CARTESIAN_POINT('',(1.467316387741,40.558253236127));
#1482 = CARTESIAN_POINT('',(1.499545614965,40.79299846239));
#1483 = CARTESIAN_POINT('',(1.513561474702,40.874959596299));
#1484 = CARTESIAN_POINT('',(1.527749652213,40.937252526129));
#1485 = CARTESIAN_POINT('',(1.542055120956,40.979072191065));
#1486 = CARTESIAN_POINT('',(1.556422518432,41.));
#1487 = CARTESIAN_POINT('',(1.591841142256,41.));
#1488 = CARTESIAN_POINT('',(1.612847393841,40.955139178235));
#1489 = CARTESIAN_POINT('',(1.633658961323,40.865726544547));
#1490 = CARTESIAN_POINT('',(1.654121158081,40.733580503226));
#1491 = CARTESIAN_POINT('',(1.67408091114,40.56201147242));
#1492 = CARTESIAN_POINT('',(1.705455664258,40.22710364478));
#1493 = CARTESIAN_POINT('',(1.717282014448,40.084660866106));
#1494 = CARTESIAN_POINT('',(1.728856512754,39.929435171952));
#1495 = CARTESIAN_POINT('',(1.740167902521,39.762305402726));
#1496 = CARTESIAN_POINT('',(1.751205613114,39.584174310682));
#1497 = CARTESIAN_POINT('',(1.775219282494,39.163927273839));
#1498 = CARTESIAN_POINT('',(1.788050653586,38.916522413385));
#1499 = CARTESIAN_POINT('',(1.800453701605,38.655162653594));
#1500 = CARTESIAN_POINT('',(1.812428773276,38.381133644208));
#1501 = CARTESIAN_POINT('',(1.823977040688,38.095604386171));
#1502 = CARTESIAN_POINT('',(1.843976073636,37.563479812395));
#1503 = CARTESIAN_POINT('',(1.852582633616,37.320639911405));
#1504 = CARTESIAN_POINT('',(1.86092323454,37.07159165943));
#1505 = CARTESIAN_POINT('',(1.869000549169,36.816766715888));
#1506 = CARTESIAN_POINT('',(1.876817207501,36.55654650742));
#1507 = CARTESIAN_POINT('',(1.911355382505,35.344368608235));
#1508 = CARTESIAN_POINT('',(1.935084209839,34.331681255751));
#1509 = CARTESIAN_POINT('',(1.955625814023,33.269319274534));
#1510 = CARTESIAN_POINT('',(1.973020921042,32.16794882379));
#1511 = CARTESIAN_POINT('',(1.987278942568,31.035109908973));
#1512 = CARTESIAN_POINT('',(2.005962284109,29.082601254246));
#1513 = CARTESIAN_POINT('',(2.012063624341,28.277336285585));
#1514 = CARTESIAN_POINT('',(2.016652827583,27.463669346193));
#1515 = CARTESIAN_POINT('',(2.019717263634,26.644428677822));
#1516 = CARTESIAN_POINT('',(2.0212501684,25.822313272493));
#1517 = CARTESIAN_POINT('',(2.0212501684,24.17403191213));
#1518 = CARTESIAN_POINT('',(2.019703607231,23.34826605359));
#1519 = CARTESIAN_POINT('',(2.016611894843,22.525413445035));
#1520 = CARTESIAN_POINT('',(2.011981907626,21.708207717433));
#1521 = CARTESIAN_POINT('',(2.005826476763,20.899514694174));
#1522 = CARTESIAN_POINT('',(1.98953120484,19.204527539606));
#1523 = CARTESIAN_POINT('',(1.978989153969,18.321709331432));
#1524 = CARTESIAN_POINT('',(1.966552138568,17.456962705647));
#1525 = CARTESIAN_POINT('',(1.952222765581,16.613852665097));
#1526 = CARTESIAN_POINT('',(1.935994932053,15.796954692412));
#1527 = CARTESIAN_POINT('',(1.906001322741,14.499697523662));
#1528 = CARTESIAN_POINT('',(1.893328999714,14.000690768631));
#1529 = CARTESIAN_POINT('',(1.879823897835,13.516685731699));
#1530 = CARTESIAN_POINT('',(1.865471324364,13.049502186912));
#1531 = CARTESIAN_POINT('',(1.850255233892,12.601445667609));
#1532 = CARTESIAN_POINT('',(1.822763364933,11.873733704956));
#1533 = CARTESIAN_POINT('',(1.810923321472,11.583029506121));
#1534 = CARTESIAN_POINT('',(1.798637383099,11.304420828426));
#1535 = CARTESIAN_POINT('',(1.785904551662,11.039167423894));
#1536 = CARTESIAN_POINT('',(1.772724756373,10.788654760108));
#1537 = CARTESIAN_POINT('',(1.743284772111,10.282530662454));
#1538 = CARTESIAN_POINT('',(1.726848860616,10.032199430228));
#1539 = CARTESIAN_POINT('',(1.7098357785,9.806688687186));
#1540 = CARTESIAN_POINT('',(1.692294283803,9.608974291493));
#1541 = CARTESIAN_POINT('',(1.674276265861,9.441746763961));
#1542 = CARTESIAN_POINT('',(1.642047038625,9.20700153761));
#1543 = CARTESIAN_POINT('',(1.628031178888,9.125040403701));
#1544 = CARTESIAN_POINT('',(1.613843001376,9.062747473871));
#1545 = CARTESIAN_POINT('',(1.599537532634,9.020927808935));
#1546 = CARTESIAN_POINT('',(1.585170135158,9.));
#1547 = CARTESIAN_POINT('',(1.549751511329,9.));
#1548 = CARTESIAN_POINT('',(1.52874525975,9.044860821786));
#1549 = CARTESIAN_POINT('',(1.507933692272,9.134273455427));
#1550 = CARTESIAN_POINT('',(1.48747149551,9.266419496739));
#1551 = CARTESIAN_POINT('',(1.467511742445,9.437988527631));
#1552 = CARTESIAN_POINT('',(1.436136989332,9.77289635522));
#1553 = CARTESIAN_POINT('',(1.424310639141,9.915339133894));
#1554 = CARTESIAN_POINT('',(1.412736140836,10.070564828048));
#1555 = CARTESIAN_POINT('',(1.401424751069,10.237694597274));
#1556 = CARTESIAN_POINT('',(1.390387040476,10.415825689318));
#1557 = CARTESIAN_POINT('',(1.366373371095,10.836072726169));
#1558 = CARTESIAN_POINT('',(1.353542000004,11.083477586615));
#1559 = CARTESIAN_POINT('',(1.341138951985,11.344837346398));
#1560 = CARTESIAN_POINT('',(1.329163880314,11.618866355789));
#1561 = CARTESIAN_POINT('',(1.317615612902,11.904395613838));
#1562 = CARTESIAN_POINT('',(1.297616580005,12.436520186244));
#1563 = CARTESIAN_POINT('',(1.289010019949,12.679360089109));
#1564 = CARTESIAN_POINT('',(1.280669418995,12.928408342264));
#1565 = CARTESIAN_POINT('',(1.272592104414,13.183233284573));
#1566 = CARTESIAN_POINT('',(1.264775446141,13.443453490732));
#1567 = CARTESIAN_POINT('',(1.230237271085,14.655631391764));
#1568 = CARTESIAN_POINT('',(1.206508443751,15.66831874425));
#1569 = CARTESIAN_POINT('',(1.185966839567,16.730680725468));
#1570 = CARTESIAN_POINT('',(1.168571732548,17.832051176207));
#1571 = CARTESIAN_POINT('',(1.154313711022,18.964890091029));
#1572 = CARTESIAN_POINT('',(1.135630369481,20.917398745754));
#1573 = CARTESIAN_POINT('',(1.129529029249,21.722663714413));
#1574 = CARTESIAN_POINT('',(1.124939826006,22.53633065381));
#1575 = CARTESIAN_POINT('',(1.121875389956,23.355571322177));
#1576 = CARTESIAN_POINT('',(1.12034248519,24.177686727507));
#1577 = CARTESIAN_POINT('',(1.12034248519,25.));
#1578 = ( GEOMETRIC_REPRESENTATION_CONTEXT(2) 
PARAMETRIC_REPRESENTATION_CONTEXT() REPRESENTATION_CONTEXT('2D SPACE',''
  ) );
#1579 = PCURVE('',#1580,#1585);
#1580 = CYLINDRICAL_SURFACE('',#1581,16.);
#1581 = AXIS2_PLACEMENT_3D('',#1582,#1583,#1584);
#1582 = CARTESIAN_POINT('',(0.,38.,24.));
#1583 = DIRECTION('',(0.,-1.,1.110223024625E-16));
#1584 = DIRECTION('',(1.,0.,0.));
#1585 = DEFINITIONAL_REPRESENTATION('',(#1586),#1709);
#1586 = B_SPLINE_CURVE_WITH_KNOTS('',6,(#1587,#1588,#1589,#1590,#1591,
    #1592,#1593,#1594,#1595,#1596,#1597,#1598,#1599,#1600,#1601,#1602,
    #1603,#1604,#1605,#1606,#1607,#1608,#1609,#1610,#1611,#1612,#1613,
    #1614,#1615,#1616,#1617,#1618,#1619,#1620,#1621,#1622,#1623,#1624,
    #1625,#1626,#1627,#1628,#1629,#1630,#1631,#1632,#1633,#1634,#1635,
    #1636,#1637,#1638,#1639,#1640,#1641,#1642,#1643,#1644,#1645,#1646,
    #1647,#1648,#1649,#1650,#1651,#1652,#1653,#1654,#1655,#1656,#1657,
    #1658,#1659,#1660,#1661,#1662,#1663,#1664,#1665,#1666,#1667,#1668,
    #1669,#1670,#1671,#1672,#1673,#1674,#1675,#1676,#1677,#1678,#1679,
    #1680,#1681,#1682,#1683,#1684,#1685,#1686,#1687,#1688,#1689,#1690,
    #1691,#1692,#1693,#1694,#1695,#1696,#1697,#1698,#1699,#1700,#1701,
    #1702,#1703,#1704,#1705,#1706,#1707,#1708),.UNSPECIFIED.,.F.,.F.,(7,
    5,5,5,5,5,5,5,5,5,5,5,5,5,5,5,5,5,5,5,5,5,5,5,7),(0.,
    5.630987235705E-02,0.119743697075,0.161181737799,0.190521805338,
    0.224572222075,0.250034115453,0.287313090789,0.310609583739,
    0.339333230382,0.362251007741,0.444052617596,0.500092570886,
    0.556381596749,0.619791937602,0.661214637519,0.690543843049,
    0.724581653931,0.750034121007,0.787299295222,0.810587163539,
    0.839300176354,0.862209469155,0.943980794064,1.),.UNSPECIFIED.);
#1587 = CARTESIAN_POINT('',(0.,4.915827046758));
#1588 = CARTESIAN_POINT('',(5.162300549177E-02,4.915827046758));
#1589 = CARTESIAN_POINT('',(0.103233372488,4.891082062245));
#1590 = CARTESIAN_POINT('',(0.154909285624,4.84161469493));
#1591 = CARTESIAN_POINT('',(0.206726939312,4.768128294996));
#1592 = CARTESIAN_POINT('',(0.258762104224,4.672012096478));
#1593 = CARTESIAN_POINT('',(0.370040124647,4.423802463619));
#1594 = CARTESIAN_POINT('',(0.429339071145,4.266216568112));
#1595 = CARTESIAN_POINT('',(0.489190681852,4.085256009428));
#1596 = CARTESIAN_POINT('',(0.549799452852,3.884377646949));
#1597 = CARTESIAN_POINT('',(0.611373855088,3.667882966585));
#1598 = CARTESIAN_POINT('',(0.715155919992,3.29296823813));
#1599 = CARTESIAN_POINT('',(0.756689358217,3.140391506625));
#1600 = CARTESIAN_POINT('',(0.798836935057,2.984779557064));
#1601 = CARTESIAN_POINT('',(0.841686767884,2.827738132274));
#1602 = CARTESIAN_POINT('',(0.885329774622,2.67113299705));
#1603 = CARTESIAN_POINT('',(0.961393723057,2.408115334558));
#1604 = CARTESIAN_POINT('',(0.993378763907,2.300370475184));
#1605 = CARTESIAN_POINT('',(1.02584172593,2.194722576132));
#1606 = CARTESIAN_POINT('',(1.058806835581,2.092062416848));
#1607 = CARTESIAN_POINT('',(1.092300452198,1.993351395706));
#1608 = CARTESIAN_POINT('',(1.165872654418,1.790825373213));
#1609 = CARTESIAN_POINT('',(1.206197258831,1.688591265211));
#1610 = CARTESIAN_POINT('',(1.247261143337,1.594867953016));
#1611 = CARTESIAN_POINT('',(1.289013964264,1.511547146862));
#1612 = CARTESIAN_POINT('',(1.331418238663,1.440363549294));
#1613 = CARTESIAN_POINT('',(1.406622259497,1.339761784215));
#1614 = CARTESIAN_POINT('',(1.43912527835,1.304366369414));
#1615 = CARTESIAN_POINT('',(1.471871012062,1.277319589122));
#1616 = CARTESIAN_POINT('',(1.504781361633,1.259110897019));
#1617 = CARTESIAN_POINT('',(1.537781485712,1.25));
#1618 = CARTESIAN_POINT('',(1.619133637306,1.25));
#1619 = CARTESIAN_POINT('',(1.667382358669,1.269531199217));
#1620 = CARTESIAN_POINT('',(1.715348750525,1.308459348715));
#1621 = CARTESIAN_POINT('',(1.762838922735,1.365658964699));
#1622 = CARTESIAN_POINT('',(1.809640661858,1.43904062398));
#1623 = CARTESIAN_POINT('',(1.884163696326,1.580039316322));
#1624 = CARTESIAN_POINT('',(1.912491643152,1.639559727395));
#1625 = CARTESIAN_POINT('',(1.940484819703,1.703831428039));
#1626 = CARTESIAN_POINT('',(1.968138875078,1.772288357964));
#1627 = CARTESIAN_POINT('',(1.995447105533,1.844352319848));
#1628 = CARTESIAN_POINT('',(2.055632448451,2.012028915369));
#1629 = CARTESIAN_POINT('',(2.088332115009,2.109236741906));
#1630 = CARTESIAN_POINT('',(2.120528044291,2.210114954694));
#1631 = CARTESIAN_POINT('',(2.152245263086,2.313769291887));
#1632 = CARTESIAN_POINT('',(2.18350689686,2.419371028832));
#1633 = CARTESIAN_POINT('',(2.238933688855,2.611371620972));
#1634 = CARTESIAN_POINT('',(2.263260224983,2.697352010097));
#1635 = CARTESIAN_POINT('',(2.287332199729,2.783739439127));
#1636 = CARTESIAN_POINT('',(2.311165272816,2.870195724565));
#1637 = CARTESIAN_POINT('',(2.334774814064,2.956409524644));
#1638 = CARTESIAN_POINT('',(2.441705485003,3.347938092173));
#1639 = CARTESIAN_POINT('',(2.522699257995,3.647466325442));
#1640 = CARTESIAN_POINT('',(2.601732166073,3.927196542044));
#1641 = CARTESIAN_POINT('',(2.679294101548,4.177079004685));
#1642 = CARTESIAN_POINT('',(2.755853601498,4.389421436413));
#1643 = CARTESIAN_POINT('',(2.883981140155,4.674132954651));
#1644 = CARTESIAN_POINT('',(2.935782286957,4.769425329743));
#1645 = CARTESIAN_POINT('',(2.987368966003,4.842269618005));
#1646 = CARTESIAN_POINT('',(3.038815860434,4.89130056487));
#1647 = CARTESIAN_POINT('',(3.090198074059,4.915827046758));
#1648 = CARTESIAN_POINT('',(3.193215659082,4.915827046758));
#1649 = CARTESIAN_POINT('',(3.244826026078,4.891082062245));
#1650 = CARTESIAN_POINT('',(3.296501939214,4.84161469493));
#1651 = CARTESIAN_POINT('',(3.348319592902,4.768128294996));
#1652 = CARTESIAN_POINT('',(3.400354757814,4.672012096478));
#1653 = CARTESIAN_POINT('',(3.511632778228,4.423802463638));
#1654 = CARTESIAN_POINT('',(3.570931724731,4.266216568129));
#1655 = CARTESIAN_POINT('',(3.630783335455,4.085256009391));
#1656 = CARTESIAN_POINT('',(3.691392106453,3.8843776469));
#1657 = CARTESIAN_POINT('',(3.752966508659,3.667882966655));
#1658 = CARTESIAN_POINT('',(3.856748573582,3.29296823813));
#1659 = CARTESIAN_POINT('',(3.898282011807,3.140391506625));
#1660 = CARTESIAN_POINT('',(3.940429588647,2.984779557064));
#1661 = CARTESIAN_POINT('',(3.983279421474,2.827738132274));
#1662 = CARTESIAN_POINT('',(4.026922428212,2.67113299705));
#1663 = CARTESIAN_POINT('',(4.102986376647,2.408115334558));
#1664 = CARTESIAN_POINT('',(4.134971417497,2.300370475184));
#1665 = CARTESIAN_POINT('',(4.167434379519,2.194722576132));
#1666 = CARTESIAN_POINT('',(4.200399489171,2.092062416848));
#1667 = CARTESIAN_POINT('',(4.233893105788,1.993351395706));
#1668 = CARTESIAN_POINT('',(4.307465307979,1.790825373294));
#1669 = CARTESIAN_POINT('',(4.34778991243,1.688591265171));
#1670 = CARTESIAN_POINT('',(4.388853796956,1.594867952956));
#1671 = CARTESIAN_POINT('',(4.430606617861,1.51154714687));
#1672 = CARTESIAN_POINT('',(4.473010892224,1.440363549332));
#1673 = CARTESIAN_POINT('',(4.548214913087,1.339761784215));
#1674 = CARTESIAN_POINT('',(4.58071793194,1.304366369414));
#1675 = CARTESIAN_POINT('',(4.613463665652,1.277319589122));
#1676 = CARTESIAN_POINT('',(4.646374015223,1.259110897019));
#1677 = CARTESIAN_POINT('',(4.679374139302,1.25));
#1678 = CARTESIAN_POINT('',(4.760726290907,1.25));
#1679 = CARTESIAN_POINT('',(4.808975012255,1.269531199226));
#1680 = CARTESIAN_POINT('',(4.856941404104,1.308459348704));
#1681 = CARTESIAN_POINT('',(4.904431576321,1.365658964685));
#1682 = CARTESIAN_POINT('',(4.951233315459,1.439040624002));
#1683 = CARTESIAN_POINT('',(5.025756349916,1.580039316322));
#1684 = CARTESIAN_POINT('',(5.054084296742,1.639559727395));
#1685 = CARTESIAN_POINT('',(5.082077473293,1.703831428039));
#1686 = CARTESIAN_POINT('',(5.109731528667,1.772288357964));
#1687 = CARTESIAN_POINT('',(5.137039759123,1.844352319848));
#1688 = CARTESIAN_POINT('',(5.197225102042,2.012028915372));
#1689 = CARTESIAN_POINT('',(5.229924768599,2.109236741905));
#1690 = CARTESIAN_POINT('',(5.26212069788,2.210114954691));
#1691 = CARTESIAN_POINT('',(5.293837916676,2.313769291886));
#1692 = CARTESIAN_POINT('',(5.325099550451,2.419371028835));
#1693 = CARTESIAN_POINT('',(5.380526342303,2.611371620481));
#1694 = CARTESIAN_POINT('',(5.404852878636,2.697352010306));
#1695 = CARTESIAN_POINT('',(5.42892485348,2.783739439703));
#1696 = CARTESIAN_POINT('',(5.452757926436,2.870195724689));
#1697 = CARTESIAN_POINT('',(5.476367467491,2.956409524047));
#1698 = CARTESIAN_POINT('',(5.583298138592,3.347938092172));
#1699 = CARTESIAN_POINT('',(5.664291911585,3.647466325443));
#1700 = CARTESIAN_POINT('',(5.743324819663,3.927196542044));
#1701 = CARTESIAN_POINT('',(5.820886755138,4.177079004684));
#1702 = CARTESIAN_POINT('',(5.897446255088,4.389421436413));
#1703 = CARTESIAN_POINT('',(6.025573793745,4.674132954651));
#1704 = CARTESIAN_POINT('',(6.077374940546,4.769425329743));
#1705 = CARTESIAN_POINT('',(6.128961619593,4.842269618005));
#1706 = CARTESIAN_POINT('',(6.180408514023,4.89130056487));
#1707 = CARTESIAN_POINT('',(6.231790727649,4.915827046758));
#1708 = CARTESIAN_POINT('',(6.28318530718,4.915827046758));
#1709 = ( GEOMETRIC_REPRESENTATION_CONTEXT(2) 
PARAMETRIC_REPRESENTATION_CONTEXT() REPRESENTATION_CONTEXT('2D SPACE',''
  ) );
#1710 = FACE_BOUND('',#1711,.F.);
#1711 = EDGE_LOOP('',(#1712));
#1712 = ORIENTED_EDGE('',*,*,#1713,.F.);
#1713 = EDGE_CURVE('',#1714,#1714,#1716,.T.);
#1714 = VERTEX_POINT('',#1715);
#1715 = CARTESIAN_POINT('',(16.,-33.08417295324,24.));
#1716 = SURFACE_CURVE('',#1717,(#1840,#1966),.PCURVE_S1.);
#1717 = B_SPLINE_CURVE_WITH_KNOTS('',6,(#1718,#1719,#1720,#1721,#1722,
    #1723,#1724,#1725,#1726,#1727,#1728,#1729,#1730,#1731,#1732,#1733,
    #1734,#1735,#1736,#1737,#1738,#1739,#1740,#1741,#1742,#1743,#1744,
    #1745,#1746,#1747,#1748,#1749,#1750,#1751,#1752,#1753,#1754,#1755,
    #1756,#1757,#1758,#1759,#1760,#1761,#1762,#1763,#1764,#1765,#1766,
    #1767,#1768,#1769,#1770,#1771,#1772,#1773,#1774,#1775,#1776,#1777,
    #1778,#1779,#1780,#1781,#1782,#1783,#1784,#1785,#1786,#1787,#1788,
    #1789,#1790,#1791,#1792,#1793,#1794,#1795,#1796,#1797,#1798,#1799,
    #1800,#1801,#1802,#1803,#1804,#1805,#1806,#1807,#1808,#1809,#1810,
    #1811,#1812,#1813,#1814,#1815,#1816,#1817,#1818,#1819,#1820,#1821,
    #1822,#1823,#1824,#1825,#1826,#1827,#1828,#1829,#1830,#1831,#1832,
    #1833,#1834,#1835,#1836,#1837,#1838,#1839),.UNSPECIFIED.,.T.,.F.,(7,
    5,5,5,5,5,5,5,5,5,5,5,5,5,5,5,5,5,5,5,5,5,5,5,7),(0.,
    5.630987236117E-02,0.119743697069,0.161181737778,0.190521805312,
    0.224572222288,0.250034115676,0.287313091036,0.310609584006,
    0.339333230676,0.362251008056,0.444052617989,0.500092571331,
    0.556381597247,0.619791938155,0.661214636736,0.690543842145,
    0.724581652913,0.75003411992,0.787299294023,0.810587162265,
    0.839300174987,0.862209467846,0.943980793532,1.),.UNSPECIFIED.);
#1718 = CARTESIAN_POINT('',(16.,-33.08417295324,24.));
#1719 = CARTESIAN_POINT('',(16.,-33.08417295324,24.825968087869));
#1720 = CARTESIAN_POINT('',(15.948833282806,-33.10891793775,
    25.651733946411));
#1721 = CARTESIAN_POINT('',(15.846546627035,-33.15838530507,
    26.474586554965));
#1722 = CARTESIAN_POINT('',(15.69308009544,-33.231871705,27.291792282568
    ));
#1723 = CARTESIAN_POINT('',(15.488286784014,-33.32798790352,
    28.100485305826));
#1724 = CARTESIAN_POINT('',(14.943296151436,-33.57619753635,
    29.795472460324));
#1725 = CARTESIAN_POINT('',(14.58935833434,-33.73378343188,
    30.678290668686));
#1726 = CARTESIAN_POINT('',(14.169590234576,-33.91474399062,
    31.543037294339));
#1727 = CARTESIAN_POINT('',(13.682674500354,-34.11562235306,
    32.386147334807));
#1728 = CARTESIAN_POINT('',(13.126795677837,-34.33211703336,
    33.203045307652));
#1729 = CARTESIAN_POINT('',(12.090249784029,-34.70703176187,
    34.500302476339));
#1730 = CARTESIAN_POINT('',(11.650201051586,-34.85960849337,
    34.999309231369));
#1731 = CARTESIAN_POINT('',(11.178823734403,-35.01522044293,
    35.4833142683));
#1732 = CARTESIAN_POINT('',(10.675157353243,-35.17226186772,
    35.950497813088));
#1733 = CARTESIAN_POINT('',(10.138221738194,-35.32886700295,
    36.398554332392));
#1734 = CARTESIAN_POINT('',(9.162731754664,-35.59188466546,
    37.126266295111));
#1735 = CARTESIAN_POINT('',(8.741122149604,-35.6996295248,
    37.416970493849));
#1736 = CARTESIAN_POINT('',(8.302076747632,-35.80527742384,
    37.69557917151));
#1737 = CARTESIAN_POINT('',(7.845458205231,-35.90793758314,
    37.960832576103));
#1738 = CARTESIAN_POINT('',(7.371195259157,-36.00664860431,
    38.211345239954));
#1739 = CARTESIAN_POINT('',(6.308400427512,-36.20917462753,
    38.717469339621));
#1740 = CARTESIAN_POINT('',(5.712993866716,-36.31140873385,
    38.967800567377));
#1741 = CARTESIAN_POINT('',(5.094636924674,-36.40513204681,
    39.193311312212));
#1742 = CARTESIAN_POINT('',(4.455169602255,-36.48845285399,
    39.39102571061));
#1743 = CARTESIAN_POINT('',(3.796673409712,-36.55963645032,
    39.55825323524));
#1744 = CARTESIAN_POINT('',(2.616529458672,-36.66023821578,
    39.79299846239));
#1745 = CARTESIAN_POINT('',(2.102595899472,-36.69563363058,
    39.874959596299));
#1746 = CARTESIAN_POINT('',(1.581768675126,-36.72268041087,
    39.937252526129));
#1747 = CARTESIAN_POINT('',(1.056239423611,-36.74088910298,
    39.979072191065));
#1748 = CARTESIAN_POINT('',(0.528237457325,-36.75,40.));
#1749 = CARTESIAN_POINT('',(-0.773396968361,-36.75,40.));
#1750 = CARTESIAN_POINT('',(-1.545376570197,-36.73046880077,
    39.955139178214));
#1751 = CARTESIAN_POINT('',(-2.309585840525,-36.69154065129,
    39.865726544573));
#1752 = CARTESIAN_POINT('',(-3.059731270736,-36.63434103531,
    39.733580503261));
#1753 = CARTESIAN_POINT('',(-3.789757426812,-36.56095937599,
    39.562011472369));
#1754 = CARTESIAN_POINT('',(-4.934126034036,-36.41996068367,
    39.22710364478));
#1755 = CARTESIAN_POINT('',(-5.364697412468,-36.3604402726,
    39.084660866106));
#1756 = CARTESIAN_POINT('',(-5.785240575709,-36.29616857196,
    38.929435171952));
#1757 = CARTESIAN_POINT('',(-6.195315069218,-36.22771164203,
    38.762305402726));
#1758 = CARTESIAN_POINT('',(-6.594530824335,-36.15564768015,
    38.584174310682));
#1759 = CARTESIAN_POINT('',(-7.460957368607,-35.98797108462,
    38.163927273831));
#1760 = CARTESIAN_POINT('',(-7.922447209851,-35.89076325809,
    37.916522413385));
#1761 = CARTESIAN_POINT('',(-8.367036754669,-35.7898850453,
    37.655162653603));
#1762 = CARTESIAN_POINT('',(-8.794805638923,-35.68623070811,
    37.381133644211));
#1763 = CARTESIAN_POINT('',(-9.205892515538,-35.58062897116,
    37.095604386162));
#1764 = CARTESIAN_POINT('',(-9.91533492426,-35.38862837902,
    36.563479812395));
#1765 = CARTESIAN_POINT('',(-10.21973512174,-35.3026479899,
    36.320639911405));
#1766 = CARTESIAN_POINT('',(-10.51385167995,-35.21626056087,
    36.07159165943));
#1767 = CARTESIAN_POINT('',(-10.79784436479,-35.12980427543,
    35.816766715888));
#1768 = CARTESIAN_POINT('',(-11.07187557444,-35.04359047535,
    35.55654650742));
#1769 = CARTESIAN_POINT('',(-12.27925780385,-34.65206190782,
    34.344368608233));
#1770 = CARTESIAN_POINT('',(-13.09886512957,-34.35253367455,
    33.331681255752));
#1771 = CARTESIAN_POINT('',(-13.8003959191,-34.07280345795,
    32.269319274537));
#1772 = CARTESIAN_POINT('',(-14.38894541303,-33.82292099531,
    31.167948823788));
#1773 = CARTESIAN_POINT('',(-14.86800386165,-33.61057856358,
    30.035109908972));
#1774 = CARTESIAN_POINT('',(-15.49280502264,-33.32586704535,
    28.082601254252));
#1775 = CARTESIAN_POINT('',(-15.69578867651,-33.23057467025,
    27.277336285584));
#1776 = CARTESIAN_POINT('',(-15.84790085054,-33.15773038199,
    26.463669346187));
#1777 = CARTESIAN_POINT('',(-15.94928509427,-33.10869943513,
    25.64442867782));
#1778 = CARTESIAN_POINT('',(-16.,-33.08417295324,24.822313272499));
#1779 = CARTESIAN_POINT('',(-16.,-33.08417295324,23.174031912127));
#1780 = CARTESIAN_POINT('',(-15.9488332828,-33.10891793775,
    22.348266053592));
#1781 = CARTESIAN_POINT('',(-15.84654662703,-33.15838530507,
    21.525413445038));
#1782 = CARTESIAN_POINT('',(-15.69308009544,-33.231871705,
    20.708207717434));
#1783 = CARTESIAN_POINT('',(-15.48828678401,-33.32798790352,
    19.89951469417));
#1784 = CARTESIAN_POINT('',(-14.94329615143,-33.57619753635,
    18.204527539676));
#1785 = CARTESIAN_POINT('',(-14.58935833434,-33.73378343188,
    17.321709331313));
#1786 = CARTESIAN_POINT('',(-14.16959023457,-33.91474399062,
    16.456962705665));
#1787 = CARTESIAN_POINT('',(-13.68267450035,-34.11562235306,
    15.613852665192));
#1788 = CARTESIAN_POINT('',(-13.12679567783,-34.33211703336,
    14.796954692348));
#1789 = CARTESIAN_POINT('',(-12.09024979762,-34.70703175695,
    13.499697540677));
#1790 = CARTESIAN_POINT('',(-11.65020102649,-34.85960850133,
    13.000690743571));
#1791 = CARTESIAN_POINT('',(-11.17882373585,-35.01522044313,
    12.51668572956));
#1792 = CARTESIAN_POINT('',(-10.67515737929,-35.17226185979,
    12.049502211133));
#1793 = CARTESIAN_POINT('',(-10.13822172213,-35.32886700727,
    11.60144565563));
#1794 = CARTESIAN_POINT('',(-9.16273175475,-35.59188466544,
    10.873733704953));
#1795 = CARTESIAN_POINT('',(-8.741122149581,-35.69962952481,
    10.583029506123));
#1796 = CARTESIAN_POINT('',(-8.302076747529,-35.80527742386,
    10.304420828429));
#1797 = CARTESIAN_POINT('',(-7.845458205201,-35.90793758315,
    10.039167423894));
#1798 = CARTESIAN_POINT('',(-7.371195259282,-36.00664860429,
    9.788654760106));
#1799 = CARTESIAN_POINT('',(-6.308400431445,-36.20917462678,
    9.282530662252));
#1800 = CARTESIAN_POINT('',(-5.712993860097,-36.31140873478,
    9.032199430329));
#1801 = CARTESIAN_POINT('',(-5.094636924928,-36.40513204698,
    8.806688687331));
#1802 = CARTESIAN_POINT('',(-4.455169609002,-36.48845285313,
    8.608974291469));
#1803 = CARTESIAN_POINT('',(-3.796673405253,-36.5596364507,
    8.441746763873));
#1804 = CARTESIAN_POINT('',(-2.616529458682,-36.66023821578,
    8.207001537612));
#1805 = CARTESIAN_POINT('',(-2.102595899469,-36.69563363058,8.1250404037
    ));
#1806 = CARTESIAN_POINT('',(-1.581768675116,-36.72268041087,
    8.06274747387));
#1807 = CARTESIAN_POINT('',(-1.056239423609,-36.74088910298,
    8.020927808936));
#1808 = CARTESIAN_POINT('',(-0.528237457335,-36.75,8.));
#1809 = CARTESIAN_POINT('',(0.77339696818,-36.75,8.));
#1810 = CARTESIAN_POINT('',(1.54537657024,-36.73046880078,8.044860821765
    ));
#1811 = CARTESIAN_POINT('',(2.309585840707,-36.69154065128,
    8.134273455453));
#1812 = CARTESIAN_POINT('',(3.059731270782,-36.6343410353,8.266419496774
    ));
#1813 = CARTESIAN_POINT('',(3.789757426638,-36.56095937602,8.43798852758
    ));
#1814 = CARTESIAN_POINT('',(4.934126034035,-36.41996068367,8.77289635522
    ));
#1815 = CARTESIAN_POINT('',(5.364697412468,-36.3604402726,8.915339133894
    ));
#1816 = CARTESIAN_POINT('',(5.785240575709,-36.29616857196,
    9.070564828048));
#1817 = CARTESIAN_POINT('',(6.195315069218,-36.22771164203,
    9.237694597274));
#1818 = CARTESIAN_POINT('',(6.594530824336,-36.15564768015,
    9.415825689318));
#1819 = CARTESIAN_POINT('',(7.460957368607,-35.98797108462,
    9.836072726169));
#1820 = CARTESIAN_POINT('',(7.922447209851,-35.89076325809,
    10.083477586615));
#1821 = CARTESIAN_POINT('',(8.367036754669,-35.7898850453,
    10.344837346398));
#1822 = CARTESIAN_POINT('',(8.794805638924,-35.68623070811,
    10.618866355789));
#1823 = CARTESIAN_POINT('',(9.205892515538,-35.58062897116,
    10.904395613838));
#1824 = CARTESIAN_POINT('',(9.91533492426,-35.38862837902,
    11.436520187605));
#1825 = CARTESIAN_POINT('',(10.219735121741,-35.3026479899,
    11.679360088595));
#1826 = CARTESIAN_POINT('',(10.513851679955,-35.21626056087,
    11.92840834057));
#1827 = CARTESIAN_POINT('',(10.797844364794,-35.12980427543,
    12.183233284113));
#1828 = CARTESIAN_POINT('',(11.071875574443,-35.04359047535,
    12.44345349258));
#1829 = CARTESIAN_POINT('',(12.279257803853,-34.65206190782,
    13.655631391765));
#1830 = CARTESIAN_POINT('',(13.098865129575,-34.35253367455,
    14.668318744248));
#1831 = CARTESIAN_POINT('',(13.800395919102,-34.07280345795,
    15.730680725466));
#1832 = CARTESIAN_POINT('',(14.38894541303,-33.82292099531,
    16.83205117621));
#1833 = CARTESIAN_POINT('',(14.868003861656,-33.61057856358,
    17.964890091028));
#1834 = CARTESIAN_POINT('',(15.492805022646,-33.32586704535,
    19.917398745748));
#1835 = CARTESIAN_POINT('',(15.695788676512,-33.23057467025,
    20.722663714414));
#1836 = CARTESIAN_POINT('',(15.847900850543,-33.15773038199,
    21.536330653817));
#1837 = CARTESIAN_POINT('',(15.949285094269,-33.10869943513,
    22.355571322178));
#1838 = CARTESIAN_POINT('',(16.,-33.08417295324,23.177686727501));
#1839 = CARTESIAN_POINT('',(16.,-33.08417295324,24.));
#1840 = PCURVE('',#1147,#1841);
#1841 = DEFINITIONAL_REPRESENTATION('',(#1842),#1965);
#1842 = B_SPLINE_CURVE_WITH_KNOTS('',6,(#1843,#1844,#1845,#1846,#1847,
    #1848,#1849,#1850,#1851,#1852,#1853,#1854,#1855,#1856,#1857,#1858,
    #1859,#1860,#1861,#1862,#1863,#1864,#1865,#1866,#1867,#1868,#1869,
    #1870,#1871,#1872,#1873,#1874,#1875,#1876,#1877,#1878,#1879,#1880,
    #1881,#1882,#1883,#1884,#1885,#1886,#1887,#1888,#1889,#1890,#1891,
    #1892,#1893,#1894,#1895,#1896,#1897,#1898,#1899,#1900,#1901,#1902,
    #1903,#1904,#1905,#1906,#1907,#1908,#1909,#1910,#1911,#1912,#1913,
    #1914,#1915,#1916,#1917,#1918,#1919,#1920,#1921,#1922,#1923,#1924,
    #1925,#1926,#1927,#1928,#1929,#1930,#1931,#1932,#1933,#1934,#1935,
    #1936,#1937,#1938,#1939,#1940,#1941,#1942,#1943,#1944,#1945,#1946,
    #1947,#1948,#1949,#1950,#1951,#1952,#1953,#1954,#1955,#1956,#1957,
    #1958,#1959,#1960,#1961,#1962,#1963,#1964),.UNSPECIFIED.,.T.,.F.,(7,
    5,5,5,5,5,5,5,5,5,5,5,5,5,5,5,5,5,5,5,5,5,5,5,7),(0.,
    5.630987236117E-02,0.119743697069,0.161181737778,0.190521805312,
    0.224572222288,0.250034115676,0.287313091036,0.310609584006,
    0.339333230676,0.362251008056,0.444052617989,0.500092571331,
    0.556381597247,0.619791938155,0.661214636736,0.690543842145,
    0.724581652913,0.75003411992,0.787299294023,0.810587162265,
    0.839300174987,0.862209467846,0.943980793532,1.),.UNSPECIFIED.);
#1843 = CARTESIAN_POINT('',(5.16284282199,25.));
#1844 = CARTESIAN_POINT('',(5.16284282199,25.825968087869));
#1845 = CARTESIAN_POINT('',(5.161296260821,26.651733946411));
#1846 = CARTESIAN_POINT('',(5.158204548433,27.474586554965));
#1847 = CARTESIAN_POINT('',(5.153574561215,28.291792282568));
#1848 = CARTESIAN_POINT('',(5.147419130353,29.100485305826));
#1849 = CARTESIAN_POINT('',(5.13112385843,30.795472460324));
#1850 = CARTESIAN_POINT('',(5.120581807558,31.678290668686));
#1851 = CARTESIAN_POINT('',(5.108144792157,32.543037294339));
#1852 = CARTESIAN_POINT('',(5.093815419173,33.386147334807));
#1853 = CARTESIAN_POINT('',(5.077587585641,34.203045307652));
#1854 = CARTESIAN_POINT('',(5.047593976331,35.500302476339));
#1855 = CARTESIAN_POINT('',(5.034921653304,35.999309231369));
#1856 = CARTESIAN_POINT('',(5.021416551425,36.4833142683));
#1857 = CARTESIAN_POINT('',(5.007063977954,36.950497813088));
#1858 = CARTESIAN_POINT('',(4.991847887482,37.398554332392));
#1859 = CARTESIAN_POINT('',(4.96435601852,38.126266295111));
#1860 = CARTESIAN_POINT('',(4.952515975063,38.416970493849));
#1861 = CARTESIAN_POINT('',(4.940230036692,38.69557917151));
#1862 = CARTESIAN_POINT('',(4.927497205252,38.960832576103));
#1863 = CARTESIAN_POINT('',(4.91431740996,39.211345239954));
#1864 = CARTESIAN_POINT('',(4.88487742558,39.717469339621));
#1865 = CARTESIAN_POINT('',(4.868441514392,39.967800567377));
#1866 = CARTESIAN_POINT('',(4.851428432096,40.193311312212));
#1867 = CARTESIAN_POINT('',(4.833886937211,40.39102571061));
#1868 = CARTESIAN_POINT('',(4.81586891956,40.55825323524));
#1869 = CARTESIAN_POINT('',(4.783639692215,40.79299846239));
#1870 = CARTESIAN_POINT('',(4.769623832477,40.874959596299));
#1871 = CARTESIAN_POINT('',(4.755435654966,40.937252526129));
#1872 = CARTESIAN_POINT('',(4.741130186224,40.979072191065));
#1873 = CARTESIAN_POINT('',(4.726762788747,41.));
#1874 = CARTESIAN_POINT('',(4.691344164919,41.));
#1875 = CARTESIAN_POINT('',(4.67033791334,40.955139178214));
#1876 = CARTESIAN_POINT('',(4.649526345862,40.865726544573));
#1877 = CARTESIAN_POINT('',(4.6290641491,40.733580503261));
#1878 = CARTESIAN_POINT('',(4.609104396035,40.562011472369));
#1879 = CARTESIAN_POINT('',(4.577729642922,40.22710364478));
#1880 = CARTESIAN_POINT('',(4.565903292731,40.084660866106));
#1881 = CARTESIAN_POINT('',(4.554328794426,39.929435171952));
#1882 = CARTESIAN_POINT('',(4.543017404659,39.762305402726));
#1883 = CARTESIAN_POINT('',(4.531979694066,39.584174310682));
#1884 = CARTESIAN_POINT('',(4.507966024685,39.163927273831));
#1885 = CARTESIAN_POINT('',(4.495134653594,38.916522413385));
#1886 = CARTESIAN_POINT('',(4.482731605575,38.655162653603));
#1887 = CARTESIAN_POINT('',(4.470756533903,38.381133644211));
#1888 = CARTESIAN_POINT('',(4.459208266491,38.095604386162));
#1889 = CARTESIAN_POINT('',(4.439209233544,37.563479812395));
#1890 = CARTESIAN_POINT('',(4.430602673564,37.320639911405));
#1891 = CARTESIAN_POINT('',(4.422262072639,37.07159165943));
#1892 = CARTESIAN_POINT('',(4.414184758011,36.816766715888));
#1893 = CARTESIAN_POINT('',(4.406368099678,36.55654650742));
#1894 = CARTESIAN_POINT('',(4.371829924675,35.344368608233));
#1895 = CARTESIAN_POINT('',(4.348101097341,34.331681255752));
#1896 = CARTESIAN_POINT('',(4.327559493157,33.269319274537));
#1897 = CARTESIAN_POINT('',(4.310164386137,32.167948823788));
#1898 = CARTESIAN_POINT('',(4.295906364612,31.035109908972));
#1899 = CARTESIAN_POINT('',(4.27722302307,29.082601254252));
#1900 = CARTESIAN_POINT('',(4.271121682838,28.277336285584));
#1901 = CARTESIAN_POINT('',(4.266532479596,27.463669346187));
#1902 = CARTESIAN_POINT('',(4.263468043545,26.64442867782));
#1903 = CARTESIAN_POINT('',(4.26193513878,25.822313272499));
#1904 = CARTESIAN_POINT('',(4.26193513878,24.174031912127));
#1905 = CARTESIAN_POINT('',(4.263481699949,23.348266053592));
#1906 = CARTESIAN_POINT('',(4.266573412336,22.525413445038));
#1907 = CARTESIAN_POINT('',(4.271203399554,21.708207717434));
#1908 = CARTESIAN_POINT('',(4.277358830417,20.89951469417));
#1909 = CARTESIAN_POINT('',(4.293654102339,19.204527539676));
#1910 = CARTESIAN_POINT('',(4.304196153212,18.321709331313));
#1911 = CARTESIAN_POINT('',(4.316633168613,17.456962705665));
#1912 = CARTESIAN_POINT('',(4.330962541596,16.613852665192));
#1913 = CARTESIAN_POINT('',(4.347190375128,15.796954692348));
#1914 = CARTESIAN_POINT('',(4.377183984045,14.499697540677));
#1915 = CARTESIAN_POINT('',(4.389856308182,14.000690743571));
#1916 = CARTESIAN_POINT('',(4.403361409309,13.51668572956));
#1917 = CARTESIAN_POINT('',(4.417713982074,13.049502211133));
#1918 = CARTESIAN_POINT('',(4.43293007374,12.60144565563));
#1919 = CARTESIAN_POINT('',(4.460421942247,11.873733704953));
#1920 = CARTESIAN_POINT('',(4.472261985707,11.583029506123));
#1921 = CARTESIAN_POINT('',(4.484547924081,11.304420828429));
#1922 = CARTESIAN_POINT('',(4.497280755518,11.039167423894));
#1923 = CARTESIAN_POINT('',(4.510460550806,10.788654760106));
#1924 = CARTESIAN_POINT('',(4.53990053508,10.282530662252));
#1925 = CARTESIAN_POINT('',(4.55633644656,10.032199430329));
#1926 = CARTESIAN_POINT('',(4.573349528667,9.806688687331));
#1927 = CARTESIAN_POINT('',(4.590891023374,9.608974291469));
#1928 = CARTESIAN_POINT('',(4.608909041331,9.441746763873));
#1929 = CARTESIAN_POINT('',(4.641138268555,9.207001537612));
#1930 = CARTESIAN_POINT('',(4.655154128292,9.1250404037));
#1931 = CARTESIAN_POINT('',(4.669342305803,9.06274747387));
#1932 = CARTESIAN_POINT('',(4.683647774546,9.020927808936));
#1933 = CARTESIAN_POINT('',(4.698015172022,9.));
#1934 = CARTESIAN_POINT('',(4.733433795845,9.));
#1935 = CARTESIAN_POINT('',(4.754440047431,9.044860821765));
#1936 = CARTESIAN_POINT('',(4.775251614913,9.134273455453));
#1937 = CARTESIAN_POINT('',(4.795713811671,9.266419496774));
#1938 = CARTESIAN_POINT('',(4.81567356473,9.43798852758));
#1939 = CARTESIAN_POINT('',(4.847048317847,9.77289635522));
#1940 = CARTESIAN_POINT('',(4.858874668038,9.915339133894));
#1941 = CARTESIAN_POINT('',(4.870449166344,10.070564828048));
#1942 = CARTESIAN_POINT('',(4.881760556111,10.237694597274));
#1943 = CARTESIAN_POINT('',(4.892798266704,10.415825689318));
#1944 = CARTESIAN_POINT('',(4.916811936085,10.836072726169));
#1945 = CARTESIAN_POINT('',(4.929643307176,11.083477586615));
#1946 = CARTESIAN_POINT('',(4.942046355195,11.344837346398));
#1947 = CARTESIAN_POINT('',(4.954021426866,11.618866355789));
#1948 = CARTESIAN_POINT('',(4.965569694278,11.904395613838));
#1949 = CARTESIAN_POINT('',(4.985568727226,12.436520187605));
#1950 = CARTESIAN_POINT('',(4.994175287206,12.679360088595));
#1951 = CARTESIAN_POINT('',(5.00251588813,12.92840834057));
#1952 = CARTESIAN_POINT('',(5.010593202759,13.183233284113));
#1953 = CARTESIAN_POINT('',(5.018409861091,13.44345349258));
#1954 = CARTESIAN_POINT('',(5.052948036094,14.655631391765));
#1955 = CARTESIAN_POINT('',(5.076676863429,15.668318744248));
#1956 = CARTESIAN_POINT('',(5.097218467612,16.730680725466));
#1957 = CARTESIAN_POINT('',(5.114613574632,17.83205117621));
#1958 = CARTESIAN_POINT('',(5.128871596157,18.964890091028));
#1959 = CARTESIAN_POINT('',(5.147554937699,20.917398745748));
#1960 = CARTESIAN_POINT('',(5.153656277931,21.722663714414));
#1961 = CARTESIAN_POINT('',(5.158245481173,22.536330653817));
#1962 = CARTESIAN_POINT('',(5.161309917224,23.355571322178));
#1963 = CARTESIAN_POINT('',(5.16284282199,24.177686727501));
#1964 = CARTESIAN_POINT('',(5.16284282199,25.));
#1965 = ( GEOMETRIC_REPRESENTATION_CONTEXT(2) 
PARAMETRIC_REPRESENTATION_CONTEXT() REPRESENTATION_CONTEXT('2D SPACE',''
  ) );
#1966 = PCURVE('',#1967,#1972);
#1967 = CYLINDRICAL_SURFACE('',#1968,16.);
#1968 = AXIS2_PLACEMENT_3D('',#1969,#1970,#1971);
#1969 = CARTESIAN_POINT('',(0.,-14.,24.));
#1970 = DIRECTION('',(0.,-1.,1.110223024625E-16));
#1971 = DIRECTION('',(1.,0.,0.));
#1972 = DEFINITIONAL_REPRESENTATION('',(#1973),#2096);
#1973 = B_SPLINE_CURVE_WITH_KNOTS('',6,(#1974,#1975,#1976,#1977,#1978,
    #1979,#1980,#1981,#1982,#1983,#1984,#1985,#1986,#1987,#1988,#1989,
    #1990,#1991,#1992,#1993,#1994,#1995,#1996,#1997,#1998,#1999,#2000,
    #2001,#2002,#2003,#2004,#2005,#2006,#2007,#2008,#2009,#2010,#2011,
    #2012,#2013,#2014,#2015,#2016,#2017,#2018,#2019,#2020,#2021,#2022,
    #2023,#2024,#2025,#2026,#2027,#2028,#2029,#2030,#2031,#2032,#2033,
    #2034,#2035,#2036,#2037,#2038,#2039,#2040,#2041,#2042,#2043,#2044,
    #2045,#2046,#2047,#2048,#2049,#2050,#2051,#2052,#2053,#2054,#2055,
    #2056,#2057,#2058,#2059,#2060,#2061,#2062,#2063,#2064,#2065,#2066,
    #2067,#2068,#2069,#2070,#2071,#2072,#2073,#2074,#2075,#2076,#2077,
    #2078,#2079,#2080,#2081,#2082,#2083,#2084,#2085,#2086,#2087,#2088,
    #2089,#2090,#2091,#2092,#2093,#2094,#2095),.UNSPECIFIED.,.F.,.F.,(7,
    5,5,5,5,5,5,5,5,5,5,5,5,5,5,5,5,5,5,5,5,5,5,5,7),(0.,
    5.630987236117E-02,0.119743697069,0.161181737778,0.190521805312,
    0.224572222288,0.250034115676,0.287313091036,0.310609584006,
    0.339333230676,0.362251008056,0.444052617989,0.500092571331,
    0.556381597247,0.619791938155,0.661214636736,0.690543842145,
    0.724581652913,0.75003411992,0.787299294023,0.810587162265,
    0.839300174987,0.862209467846,0.943980793532,1.),.UNSPECIFIED.);
#1974 = CARTESIAN_POINT('',(0.,19.084172953242));
#1975 = CARTESIAN_POINT('',(5.162300549183E-02,19.084172953242));
#1976 = CARTESIAN_POINT('',(0.103233372488,19.108917937755));
#1977 = CARTESIAN_POINT('',(0.154909285624,19.15838530507));
#1978 = CARTESIAN_POINT('',(0.206726939313,19.231871705004));
#1979 = CARTESIAN_POINT('',(0.258762104225,19.327987903522));
#1980 = CARTESIAN_POINT('',(0.370040124634,19.576197536352));
#1981 = CARTESIAN_POINT('',(0.429339071149,19.733783431885));
#1982 = CARTESIAN_POINT('',(0.489190681865,19.91474399062));
#1983 = CARTESIAN_POINT('',(0.549799452855,20.115622353067));
#1984 = CARTESIAN_POINT('',(0.611373855074,20.332117033363));
#1985 = CARTESIAN_POINT('',(0.715155919993,20.707031761871));
#1986 = CARTESIAN_POINT('',(0.756689358217,20.859608493375));
#1987 = CARTESIAN_POINT('',(0.798836935057,21.015220442935));
#1988 = CARTESIAN_POINT('',(0.841686767884,21.172261867726));
#1989 = CARTESIAN_POINT('',(0.885329774622,21.32886700295));
#1990 = CARTESIAN_POINT('',(0.961393723064,21.591884665466));
#1991 = CARTESIAN_POINT('',(0.993378763905,21.699629524806));
#1992 = CARTESIAN_POINT('',(1.025841725922,21.805277423844));
#1993 = CARTESIAN_POINT('',(1.058806835579,21.907937583149));
#1994 = CARTESIAN_POINT('',(1.092300452207,22.006648604318));
#1995 = CARTESIAN_POINT('',(1.165872654691,22.209174627537));
#1996 = CARTESIAN_POINT('',(1.206197258391,22.311408733851));
#1997 = CARTESIAN_POINT('',(1.247261143344,22.405132046813));
#1998 = CARTESIAN_POINT('',(1.289013964708,22.488452853996));
#1999 = CARTESIAN_POINT('',(1.331418238379,22.559636450326));
#2000 = CARTESIAN_POINT('',(1.406622259497,22.660238215785));
#2001 = CARTESIAN_POINT('',(1.43912527835,22.695633630586));
#2002 = CARTESIAN_POINT('',(1.471871012062,22.722680410878));
#2003 = CARTESIAN_POINT('',(1.504781361633,22.740889102981));
#2004 = CARTESIAN_POINT('',(1.537781485712,22.75));
#2005 = CARTESIAN_POINT('',(1.619133637317,22.75));
#2006 = CARTESIAN_POINT('',(1.667382358666,22.730468800774));
#2007 = CARTESIAN_POINT('',(1.715348750514,22.691540651296));
#2008 = CARTESIAN_POINT('',(1.762838922731,22.634341035315));
#2009 = CARTESIAN_POINT('',(1.809640661869,22.560959375998));
#2010 = CARTESIAN_POINT('',(1.884163696327,22.419960683678));
#2011 = CARTESIAN_POINT('',(1.912491643152,22.360440272605));
#2012 = CARTESIAN_POINT('',(1.940484819703,22.296168571961));
#2013 = CARTESIAN_POINT('',(1.968138875078,22.227711642036));
#2014 = CARTESIAN_POINT('',(1.995447105533,22.155647680152));
#2015 = CARTESIAN_POINT('',(2.055632448453,21.987971084628));
#2016 = CARTESIAN_POINT('',(2.088332115009,21.890763258095));
#2017 = CARTESIAN_POINT('',(2.12052804429,21.789885045309));
#2018 = CARTESIAN_POINT('',(2.152245263086,21.686230708114));
#2019 = CARTESIAN_POINT('',(2.183506896861,21.580628971165));
#2020 = CARTESIAN_POINT('',(2.238933688855,21.388628379028));
#2021 = CARTESIAN_POINT('',(2.263260224983,21.302647989903));
#2022 = CARTESIAN_POINT('',(2.287332199729,21.216260560873));
#2023 = CARTESIAN_POINT('',(2.311165272816,21.129804275435));
#2024 = CARTESIAN_POINT('',(2.334774814064,21.043590475356));
#2025 = CARTESIAN_POINT('',(2.441705485003,20.652061907827));
#2026 = CARTESIAN_POINT('',(2.522699257995,20.352533674558));
#2027 = CARTESIAN_POINT('',(2.601732166073,20.072803457957));
#2028 = CARTESIAN_POINT('',(2.679294101548,19.822920995315));
#2029 = CARTESIAN_POINT('',(2.755853601498,19.610578563587));
#2030 = CARTESIAN_POINT('',(2.883981140155,19.32586704535));
#2031 = CARTESIAN_POINT('',(2.935782286957,19.230574670256));
#2032 = CARTESIAN_POINT('',(2.987368966004,19.157730381994));
#2033 = CARTESIAN_POINT('',(3.038815860434,19.10869943513));
#2034 = CARTESIAN_POINT('',(3.090198074059,19.084172953242));
#2035 = CARTESIAN_POINT('',(3.193215659082,19.084172953242));
#2036 = CARTESIAN_POINT('',(3.244826026078,19.108917937755));
#2037 = CARTESIAN_POINT('',(3.296501939213,19.15838530507));
#2038 = CARTESIAN_POINT('',(3.348319592902,19.231871705004));
#2039 = CARTESIAN_POINT('',(3.400354757815,19.327987903523));
#2040 = CARTESIAN_POINT('',(3.511632778224,19.576197536352));
#2041 = CARTESIAN_POINT('',(3.570931724739,19.733783431885));
#2042 = CARTESIAN_POINT('',(3.630783335455,19.914743990619));
#2043 = CARTESIAN_POINT('',(3.691392106445,20.115622353068));
#2044 = CARTESIAN_POINT('',(3.752966508664,20.332117033363));
#2045 = CARTESIAN_POINT('',(3.856748572221,20.707031756953));
#2046 = CARTESIAN_POINT('',(3.898282014038,20.85960850133));
#2047 = CARTESIAN_POINT('',(3.940429588675,21.01522044313));
#2048 = CARTESIAN_POINT('',(3.983279419236,21.172261859796));
#2049 = CARTESIAN_POINT('',(4.026922429464,21.328867007279));
#2050 = CARTESIAN_POINT('',(4.102986376647,21.591884665443));
#2051 = CARTESIAN_POINT('',(4.134971417497,21.699629524815));
#2052 = CARTESIAN_POINT('',(4.167434379519,21.805277423867));
#2053 = CARTESIAN_POINT('',(4.200399489171,21.907937583152));
#2054 = CARTESIAN_POINT('',(4.233893105788,22.006648604295));
#2055 = CARTESIAN_POINT('',(4.307465308008,22.209174626787));
#2056 = CARTESIAN_POINT('',(4.347789912421,22.311408734789));
#2057 = CARTESIAN_POINT('',(4.388853796927,22.405132046984));
#2058 = CARTESIAN_POINT('',(4.430606617854,22.488452853138));
#2059 = CARTESIAN_POINT('',(4.473010892252,22.559636450706));
#2060 = CARTESIAN_POINT('',(4.548214913086,22.660238215784));
#2061 = CARTESIAN_POINT('',(4.58071793194,22.695633630586));
#2062 = CARTESIAN_POINT('',(4.613463665652,22.722680410878));
#2063 = CARTESIAN_POINT('',(4.646374015223,22.740889102981));
#2064 = CARTESIAN_POINT('',(4.679374139301,22.75));
#2065 = CARTESIAN_POINT('',(4.760726290896,22.75));
#2066 = CARTESIAN_POINT('',(4.808975012258,22.730468800783));
#2067 = CARTESIAN_POINT('',(4.856941404115,22.691540651285));
#2068 = CARTESIAN_POINT('',(4.904431576324,22.634341035301));
#2069 = CARTESIAN_POINT('',(4.951233315447,22.56095937602));
#2070 = CARTESIAN_POINT('',(5.025756349916,22.419960683678));
#2071 = CARTESIAN_POINT('',(5.054084296742,22.360440272605));
#2072 = CARTESIAN_POINT('',(5.082077473293,22.296168571961));
#2073 = CARTESIAN_POINT('',(5.109731528667,22.227711642036));
#2074 = CARTESIAN_POINT('',(5.137039759123,22.155647680152));
#2075 = CARTESIAN_POINT('',(5.197225102042,21.987971084628));
#2076 = CARTESIAN_POINT('',(5.229924768599,21.890763258095));
#2077 = CARTESIAN_POINT('',(5.26212069788,21.789885045309));
#2078 = CARTESIAN_POINT('',(5.293837916676,21.686230708114));
#2079 = CARTESIAN_POINT('',(5.325099550451,21.580628971165));
#2080 = CARTESIAN_POINT('',(5.380526342444,21.388628379028));
#2081 = CARTESIAN_POINT('',(5.404852878573,21.302647989903));
#2082 = CARTESIAN_POINT('',(5.428924853318,21.216260560873));
#2083 = CARTESIAN_POINT('',(5.452757926406,21.129804275435));
#2084 = CARTESIAN_POINT('',(5.476367467654,21.043590475356));
#2085 = CARTESIAN_POINT('',(5.583298138592,20.652061907827));
#2086 = CARTESIAN_POINT('',(5.664291911584,20.352533674558));
#2087 = CARTESIAN_POINT('',(5.743324819663,20.072803457956));
#2088 = CARTESIAN_POINT('',(5.820886755138,19.822920995315));
#2089 = CARTESIAN_POINT('',(5.897446255088,19.610578563587));
#2090 = CARTESIAN_POINT('',(6.025573793745,19.32586704535));
#2091 = CARTESIAN_POINT('',(6.077374940546,19.230574670257));
#2092 = CARTESIAN_POINT('',(6.128961619594,19.157730381994));
#2093 = CARTESIAN_POINT('',(6.180408514023,19.10869943513));
#2094 = CARTESIAN_POINT('',(6.231790727648,19.084172953242));
#2095 = CARTESIAN_POINT('',(6.28318530718,19.084172953242));
#2096 = ( GEOMETRIC_REPRESENTATION_CONTEXT(2) 
PARAMETRIC_REPRESENTATION_CONTEXT() REPRESENTATION_CONTEXT('2D SPACE',''
  ) );
#2097 = ADVANCED_FACE('',(#2098,#2124),#1201,.F.);
#2098 = FACE_BOUND('',#2099,.F.);
#2099 = EDGE_LOOP('',(#2100));
#2100 = ORIENTED_EDGE('',*,*,#2101,.T.);
#2101 = EDGE_CURVE('',#2102,#2102,#2104,.T.);
#2102 = VERTEX_POINT('',#2103);
#2103 = CARTESIAN_POINT('',(16.,-14.,24.));
#2104 = SURFACE_CURVE('',#2105,(#2110,#2117),.PCURVE_S1.);
#2105 = CIRCLE('',#2106,16.);
#2106 = AXIS2_PLACEMENT_3D('',#2107,#2108,#2109);
#2107 = CARTESIAN_POINT('',(0.,-14.,24.));
#2108 = DIRECTION('',(0.,-1.,1.110223024625E-16));
#2109 = DIRECTION('',(1.,0.,0.));
#2110 = PCURVE('',#1201,#2111);
#2111 = DEFINITIONAL_REPRESENTATION('',(#2112),#2116);
#2112 = CIRCLE('',#2113,16.);
#2113 = AXIS2_PLACEMENT_2D('',#2114,#2115);
#2114 = CARTESIAN_POINT('',(0.,0.));
#2115 = DIRECTION('',(1.,0.));
#2116 = ( GEOMETRIC_REPRESENTATION_CONTEXT(2) 
PARAMETRIC_REPRESENTATION_CONTEXT() REPRESENTATION_CONTEXT('2D SPACE',''
  ) );
#2117 = PCURVE('',#1967,#2118);
#2118 = DEFINITIONAL_REPRESENTATION('',(#2119),#2123);
#2119 = LINE('',#2120,#2121);
#2120 = CARTESIAN_POINT('',(0.,0.));
#2121 = VECTOR('',#2122,1.);
#2122 = DIRECTION('',(1.,0.));
#2123 = ( GEOMETRIC_REPRESENTATION_CONTEXT(2) 
PARAMETRIC_REPRESENTATION_CONTEXT() REPRESENTATION_CONTEXT('2D SPACE',''
  ) );
#2124 = FACE_BOUND('',#2125,.F.);
#2125 = EDGE_LOOP('',(#2126));
#2126 = ORIENTED_EDGE('',*,*,#1186,.F.);
#2127 = ADVANCED_FACE('',(#2128,#2154),#1234,.T.);
#2128 = FACE_BOUND('',#2129,.T.);
#2129 = EDGE_LOOP('',(#2130));
#2130 = ORIENTED_EDGE('',*,*,#2131,.T.);
#2131 = EDGE_CURVE('',#2132,#2132,#2134,.T.);
#2132 = VERTEX_POINT('',#2133);
#2133 = CARTESIAN_POINT('',(16.,14.,24.));
#2134 = SURFACE_CURVE('',#2135,(#2140,#2147),.PCURVE_S1.);
#2135 = CIRCLE('',#2136,16.);
#2136 = AXIS2_PLACEMENT_3D('',#2137,#2138,#2139);
#2137 = CARTESIAN_POINT('',(0.,14.,24.));
#2138 = DIRECTION('',(0.,-1.,1.110223024625E-16));
#2139 = DIRECTION('',(1.,0.,0.));
#2140 = PCURVE('',#1234,#2141);
#2141 = DEFINITIONAL_REPRESENTATION('',(#2142),#2146);
#2142 = CIRCLE('',#2143,16.);
#2143 = AXIS2_PLACEMENT_2D('',#2144,#2145);
#2144 = CARTESIAN_POINT('',(0.,0.));
#2145 = DIRECTION('',(1.,0.));
#2146 = ( GEOMETRIC_REPRESENTATION_CONTEXT(2) 
PARAMETRIC_REPRESENTATION_CONTEXT() REPRESENTATION_CONTEXT('2D SPACE',''
  ) );
#2147 = PCURVE('',#1580,#2148);
#2148 = DEFINITIONAL_REPRESENTATION('',(#2149),#2153);
#2149 = LINE('',#2150,#2151);
#2150 = CARTESIAN_POINT('',(0.,24.));
#2151 = VECTOR('',#2152,1.);
#2152 = DIRECTION('',(1.,0.));
#2153 = ( GEOMETRIC_REPRESENTATION_CONTEXT(2) 
PARAMETRIC_REPRESENTATION_CONTEXT() REPRESENTATION_CONTEXT('2D SPACE',''
  ) );
#2154 = FACE_BOUND('',#2155,.T.);
#2155 = EDGE_LOOP('',(#2156));
#2156 = ORIENTED_EDGE('',*,*,#1217,.F.);
#2157 = ADVANCED_FACE('',(#2158),#1312,.F.);
#2158 = FACE_BOUND('',#2159,.F.);
#2159 = EDGE_LOOP('',(#2160));
#2160 = ORIENTED_EDGE('',*,*,#1297,.T.);
#2161 = ADVANCED_FACE('',(#2162),#1580,.T.);
#2162 = FACE_BOUND('',#2163,.T.);
#2163 = EDGE_LOOP('',(#2164,#2185,#2186,#2187));
#2164 = ORIENTED_EDGE('',*,*,#2165,.T.);
#2165 = EDGE_CURVE('',#1327,#2132,#2166,.T.);
#2166 = SEAM_CURVE('',#2167,(#2171,#2178),.PCURVE_S1.);
#2167 = LINE('',#2168,#2169);
#2168 = CARTESIAN_POINT('',(16.,38.,24.));
#2169 = VECTOR('',#2170,1.);
#2170 = DIRECTION('',(0.,-1.,1.110223024625E-16));
#2171 = PCURVE('',#1580,#2172);
#2172 = DEFINITIONAL_REPRESENTATION('',(#2173),#2177);
#2173 = LINE('',#2174,#2175);
#2174 = CARTESIAN_POINT('',(6.28318530718,-0.));
#2175 = VECTOR('',#2176,1.);
#2176 = DIRECTION('',(0.,1.));
#2177 = ( GEOMETRIC_REPRESENTATION_CONTEXT(2) 
PARAMETRIC_REPRESENTATION_CONTEXT() REPRESENTATION_CONTEXT('2D SPACE',''
  ) );
#2178 = PCURVE('',#1580,#2179);
#2179 = DEFINITIONAL_REPRESENTATION('',(#2180),#2184);
#2180 = LINE('',#2181,#2182);
#2181 = CARTESIAN_POINT('',(0.,-0.));
#2182 = VECTOR('',#2183,1.);
#2183 = DIRECTION('',(0.,1.));
#2184 = ( GEOMETRIC_REPRESENTATION_CONTEXT(2) 
PARAMETRIC_REPRESENTATION_CONTEXT() REPRESENTATION_CONTEXT('2D SPACE',''
  ) );
#2185 = ORIENTED_EDGE('',*,*,#2131,.F.);
#2186 = ORIENTED_EDGE('',*,*,#2165,.F.);
#2187 = ORIENTED_EDGE('',*,*,#1326,.T.);
#2188 = ADVANCED_FACE('',(#2189),#1967,.T.);
#2189 = FACE_BOUND('',#2190,.T.);
#2190 = EDGE_LOOP('',(#2191,#2192,#2213,#2214));
#2191 = ORIENTED_EDGE('',*,*,#1713,.F.);
#2192 = ORIENTED_EDGE('',*,*,#2193,.F.);
#2193 = EDGE_CURVE('',#2102,#1714,#2194,.T.);
#2194 = SEAM_CURVE('',#2195,(#2199,#2206),.PCURVE_S1.);
#2195 = LINE('',#2196,#2197);
#2196 = CARTESIAN_POINT('',(16.,-14.,24.));
#2197 = VECTOR('',#2198,1.);
#2198 = DIRECTION('',(0.,-1.,1.110223024625E-16));
#2199 = PCURVE('',#1967,#2200);
#2200 = DEFINITIONAL_REPRESENTATION('',(#2201),#2205);
#2201 = LINE('',#2202,#2203);
#2202 = CARTESIAN_POINT('',(6.28318530718,-0.));
#2203 = VECTOR('',#2204,1.);
#2204 = DIRECTION('',(0.,1.));
#2205 = ( GEOMETRIC_REPRESENTATION_CONTEXT(2) 
PARAMETRIC_REPRESENTATION_CONTEXT() REPRESENTATION_CONTEXT('2D SPACE',''
  ) );
#2206 = PCURVE('',#1967,#2207);
#2207 = DEFINITIONAL_REPRESENTATION('',(#2208),#2212);
#2208 = LINE('',#2209,#2210);
#2209 = CARTESIAN_POINT('',(0.,-0.));
#2210 = VECTOR('',#2211,1.);
#2211 = DIRECTION('',(0.,1.));
#2212 = ( GEOMETRIC_REPRESENTATION_CONTEXT(2) 
PARAMETRIC_REPRESENTATION_CONTEXT() REPRESENTATION_CONTEXT('2D SPACE',''
  ) );
#2213 = ORIENTED_EDGE('',*,*,#2101,.T.);
#2214 = ORIENTED_EDGE('',*,*,#2193,.T.);
#2215 = ( GEOMETRIC_REPRESENTATION_CONTEXT(3) 
GLOBAL_UNCERTAINTY_ASSIGNED_CONTEXT((#2219)) 
GLOBAL_UNIT_ASSIGNED_CONTEXT((#2216,#2217,#2218)) REPRESENTATION_CONTEXT
('Context #1','3D Context with UNIT and UNCERTAINTY') );
#2216 = ( LENGTH_UNIT() NAMED_UNIT(*) SI_UNIT(.MILLI.,.METRE.) );
#2217 = ( NAMED_UNIT(*) PLANE_ANGLE_UNIT() SI_UNIT($,.RADIAN.) );
#2218 = ( NAMED_UNIT(*) SI_UNIT($,.STERADIAN.) SOLID_ANGLE_UNIT() );
#2219 = UNCERTAINTY_MEASURE_WITH_UNIT(LENGTH_MEASURE(1.E-07),#2216,
  'distance_accuracy_value','confusion accuracy');
#2220 = PRODUCT_RELATED_PRODUCT_CATEGORY('part',$,(#7));
ENDSEC;
END-ISO-10303-21;
