# Cadless export: model
v 42.75 -1.04707e-14 55
v 42.75 -1.04707e-14 62
v 42.75 -1.04707e-14 62
v 42.6969 2.13091 62
v 42.5376 4.25653 62
v 42.2725 6.37156 62
v 41.9024 8.47075 62
v 41.4281 10.5489 62
v 40.8507 12.6008 62
v 40.1719 14.6214 62
v 39.3931 16.6056 62
v 38.5164 18.5485 62
v 37.544 20.4454 62
v 36.4782 22.2914 62
v 35.3217 24.0819 62
v 34.0774 25.8126 62
v 32.7484 27.4792 62
v 31.338 29.0774 62
v 29.8496 30.6033 62
v 28.2871 32.0531 62
v 26.6542 33.4233 62
v 24.955 34.7103 62
v 23.1939 35.9111 62
v 21.375 37.0226 62
v 19.503 38.042 62
v 17.5825 38.9669 62
v 15.6183 39.7949 62
v 13.6153 40.5239 62
v 11.5784 41.1522 62
v 9.51277 41.6782 62
v 7.42346 42.1005 62
v 5.31569 42.4182 62
v 3.19471 42.6305 62
v 1.06579 42.7367 62
v -1.06579 42.7367 62
v -3.19471 42.6305 62
v -5.31569 42.4182 62
v -7.42346 42.1005 62
v -9.51277 41.6782 62
v -11.5784 41.1522 62
v -13.6153 40.5239 62
v -15.6183 39.7949 62
v -17.5825 38.9669 62
v -19.503 38.042 62
v -21.375 37.0226 62
v -23.1939 35.9111 62
v -24.955 34.7103 62
v -26.6542 33.4233 62
v -28.2871 32.0531 62
v -29.8496 30.6033 62
v -31.338 29.0774 62
v -32.7484 27.4792 62
v -34.0774 25.8126 62
v -35.3217 24.0819 62
v -36.4782 22.2914 62
v -37.544 20.4454 62
v -38.5164 18.5485 62
v -39.3931 16.6056 62
v -40.1719 14.6214 62
v -40.8507 12.6008 62
v -41.4281 10.5489 62
v -41.9024 8.47075 62
v -42.2725 6.37156 62
v -42.5376 4.25653 62
v -42.6969 2.13091 62
v -42.75 -1.46643e-13 62
v -42.6969 -2.13091 62
v -42.5376 -4.25653 62
v -42.2725 -6.37156 62
v -41.9024 -8.47075 62
v -41.4281 -10.5489 62
v -40.8507 -12.6008 62
v -40.1719 -14.6214 62
v -39.3931 -16.6056 62
v -38.5164 -18.5485 62
v -37.544 -20.4454 62
v -36.4782 -22.2914 62
v -35.3217 -24.0819 62
v -34.0774 -25.8126 62
v -32.7484 -27.4792 62
v -31.338 -29.0774 62
v -29.8496 -30.6033 62
v -28.2871 -32.0531 62
v -26.6542 -33.4233 62
v -24.955 -34.7103 62
v -23.1939 -35.9111 62
v -21.375 -37.0226 62
v -19.503 -38.042 62
v -17.5825 -38.9669 62
v -15.6183 -39.7949 62
v -13.6153 -40.5239 62
v -11.5784 -41.1522 62
v -9.51277 -41.6782 62
v -7.42346 -42.1005 62
v -5.31569 -42.4182 62
v -3.19471 -42.6305 62
v -1.06579 -42.7367 62
v 1.06579 -42.7367 62
v 3.19471 -42.6305 62
v 5.31569 -42.4182 62
v 7.42346 -42.1005 62
v 9.51277 -41.6782 62
v 11.5784 -41.1522 62
v 13.6153 -40.5239 62
v 15.6183 -39.7949 62
v 17.5825 -38.9669 62
v 19.503 -38.042 62
v 21.375 -37.0226 62
v 23.1939 -35.9111 62
v 24.955 -34.7103 62
v 26.6542 -33.4233 62
v 28.2871 -32.0531 62
v 29.8496 -30.6033 62
v 31.338 -29.0774 62
v 32.7484 -27.4792 62
v 34.0774 -25.8126 62
v 35.3217 -24.0819 62
v 36.4782 -22.2914 62
v 37.544 -20.4454 62
v 38.5164 -18.5485 62
v 39.3931 -16.6056 62
v 40.1719 -14.6214 62
v 40.8507 -12.6008 62
v 41.4281 -10.5489 62
v 41.9024 -8.47075 62
v 42.2725 -6.37156 62
v 42.5376 -4.25653 62
v 42.6969 -2.13091 62
v 42.75 -1.04707e-14 55
v 42.6969 2.13091 55
v 42.5376 4.25653 55
v 42.2725 6.37156 55
v 41.9024 8.47075 55
v 41.4281 10.5489 55
v 40.8507 12.6008 55
v 40.1719 14.6214 55
v 39.3931 16.6056 55
v 38.5164 18.5485 55
v 37.544 20.4454 55
v 36.4782 22.2914 55
v 35.3217 24.0819 55
v 34.0774 25.8126 55
v 32.7484 27.4792 55
v 31.338 29.0774 55
v 29.8496 30.6033 55
v 28.2871 32.0531 55
v 26.6542 33.4233 55
v 24.955 34.7103 55
v 23.1939 35.9111 55
v 21.375 37.0226 55
v 19.503 38.042 55
v 17.5825 38.9669 55
v 15.6183 39.7949 55
v 13.6153 40.5239 55
v 11.5784 41.1522 55
v 9.51277 41.6782 55
v 7.42346 42.1005 55
v 5.31569 42.4182 55
v 3.19471 42.6305 55
v 1.06579 42.7367 55
v -1.06579 42.7367 55
v -3.19471 42.6305 55
v -5.31569 42.4182 55
v -7.42346 42.1005 55
v -9.51277 41.6782 55
v -11.5784 41.1522 55
v -13.6153 40.5239 55
v -15.6183 39.7949 55
v -17.5825 38.9669 55
v -19.503 38.042 55
v -21.375 37.0226 55
v -23.1939 35.9111 55
v -24.955 34.7103 55
v -26.6542 33.4233 55
v -28.2871 32.0531 55
v -29.8496 30.6033 55
v -31.338 29.0774 55
v -32.7484 27.4792 55
v -34.0774 25.8126 55
v -35.3217 24.0819 55
v -36.4782 22.2914 55
v -37.544 20.4454 55
v -38.5164 18.5485 55
v -39.3931 16.6056 55
v -40.1719 14.6214 55
v -40.8507 12.6008 55
v -41.4281 10.5489 55
v -41.9024 8.47075 55
v -42.2725 6.37156 55
v -42.5376 4.25653 55
v -42.6969 2.13091 55
v -42.75 -1.46643e-13 55
v -42.6969 -2.13091 55
v -42.5376 -4.25653 55
v -42.2725 -6.37156 55
v -41.9024 -8.47075 55
v -41.4281 -10.5489 55
v -40.8507 -12.6008 55
v -40.1719 -14.6214 55
v -39.3931 -16.6056 55
v -38.5164 -18.5485 55
v -37.544 -20.4454 55
v -36.4782 -22.2914 55
v -35.3217 -24.0819 55
v -34.0774 -25.8126 55
v -32.7484 -27.4792 55
v -31.338 -29.0774 55
v -29.8496 -30.6033 55
v -28.2871 -32.0531 55
v -26.6542 -33.4233 55
v -24.955 -34.7103 55
v -23.1939 -35.9111 55
v -21.375 -37.0226 55
v -19.503 -38.042 55
v -17.5825 -38.9669 55
v -15.6183 -39.7949 55
v -13.6153 -40.5239 55
v -11.5784 -41.1522 55
v -9.51277 -41.6782 55
v -7.42346 -42.1005 55
v -5.31569 -42.4182 55
v -3.19471 -42.6305 55
v -1.06579 -42.7367 55
v 1.06579 -42.7367 55
v 3.19471 -42.6305 55
v 5.31569 -42.4182 55
v 7.42346 -42.1005 55
v 9.51277 -41.6782 55
v 11.5784 -41.1522 55
v 13.6153 -40.5239 55
v 15.6183 -39.7949 55
v 17.5825 -38.9669 55
v 19.503 -38.042 55
v 21.375 -37.0226 55
v 23.1939 -35.9111 55
v 24.955 -34.7103 55
v 26.6542 -33.4233 55
v 28.2871 -32.0531 55
v 29.8496 -30.6033 55
v 31.338 -29.0774 55
v 32.7484 -27.4792 55
v 34.0774 -25.8126 55
v 35.3217 -24.0819 55
v 36.4782 -22.2914 55
v 37.544 -20.4454 55
v 38.5164 -18.5485 55
v 39.3931 -16.6056 55
v 40.1719 -14.6214 55
v 40.8507 -12.6008 55
v 41.4281 -10.5489 55
v 41.9024 -8.47075 55
v 42.2725 -6.37156 55
v 42.5376 -4.25653 55
v 42.6969 -2.13091 55
v 42.75 -1.04707e-14 55
v 42.6969 2.13091 55
v 42.5376 4.25653 55
v 42.2725 6.37156 55
v 41.9024 8.47075 55
v 41.4281 10.5489 55
v 40.8507 12.6008 55
v 40.1719 14.6214 55
v 39.3931 16.6056 55
v 38.5164 18.5485 55
v 37.544 20.4454 55
v 36.4782 22.2914 55
v 35.3217 24.0819 55
v 34.0774 25.8126 55
v 32.7484 27.4792 55
v 31.338 29.0774 55
v 29.8496 30.6033 55
v 28.2871 32.0531 55
v 26.6542 33.4233 55
v 24.955 34.7103 55
v 23.1939 35.9111 55
v 21.375 37.0226 55
v 19.503 38.042 55
v 17.5825 38.9669 55
v 15.6183 39.7949 55
v 13.6153 40.5239 55
v 11.5784 41.1522 55
v 9.51277 41.6782 55
v 7.42346 42.1005 55
v 5.31569 42.4182 55
v 3.19471 42.6305 55
v 1.06579 42.7367 55
v -1.06579 42.7367 55
v -3.19471 42.6305 55
v -5.31569 42.4182 55
v -7.42346 42.1005 55
v -9.51277 41.6782 55
v -11.5784 41.1522 55
v -13.6153 40.5239 55
v -15.6183 39.7949 55
v -17.5825 38.9669 55
v -19.503 38.042 55
v -21.375 37.0226 55
v -23.1939 35.9111 55
v -24.955 34.7103 55
v -26.6542 33.4233 55
v -28.2871 32.0531 55
v -29.8496 30.6033 55
v -31.338 29.0774 55
v -32.7484 27.4792 55
v -34.0774 25.8126 55
v -35.3217 24.0819 55
v -36.4782 22.2914 55
v -37.544 20.4454 55
v -38.5164 18.5485 55
v -39.3931 16.6056 55
v -40.1719 14.6214 55
v -40.8507 12.6008 55
v -41.4281 10.5489 55
v -41.9024 8.47075 55
v -42.2725 6.37156 55
v -42.5376 4.25653 55
v -42.6969 2.13091 55
v -42.75 -1.46643e-13 55
v -42.6969 -2.13091 55
v -42.5376 -4.25653 55
v -42.2725 -6.37156 55
v -41.9024 -8.47075 55
v -41.4281 -10.5489 55
v -40.8507 -12.6008 55
v -40.1719 -14.6214 55
v -39.3931 -16.6056 55
v -38.5164 -18.5485 55
v -37.544 -20.4454 55
v -36.4782 -22.2914 55
v -35.3217 -24.0819 55
v -34.0774 -25.8126 55
v -32.7484 -27.4792 55
v -31.338 -29.0774 55
v -29.8496 -30.6033 55
v -28.2871 -32.0531 55
v -26.6542 -33.4233 55
v -24.955 -34.7103 55
v -23.1939 -35.9111 55
v -21.375 -37.0226 55
v -19.503 -38.042 55
v -17.5825 -38.9669 55
v -15.6183 -39.7949 55
v -13.6153 -40.5239 55
v -11.5784 -41.1522 55
v -9.51277 -41.6782 55
v -7.42346 -42.1005 55
v -5.31569 -42.4182 55
v -3.19471 -42.6305 55
v -1.06579 -42.7367 55
v 1.06579 -42.7367 55
v 3.19471 -42.6305 55
v 5.31569 -42.4182 55
v 7.42346 -42.1005 55
v 9.51277 -41.6782 55
v 11.5784 -41.1522 55
v 13.6153 -40.5239 55
v 15.6183 -39.7949 55
v 17.5825 -38.9669 55
v 19.503 -38.042 55
v 21.375 -37.0226 55
v 23.1939 -35.9111 55
v 24.955 -34.7103 55
v 26.6542 -33.4233 55
v 28.2871 -32.0531 55
v 29.8496 -30.6033 55
v 31.338 -29.0774 55
v 32.7484 -27.4792 55
v 34.0774 -25.8126 55
v 35.3217 -24.0819 55
v 36.4782 -22.2914 55
v 37.544 -20.4454 55
v 38.5164 -18.5485 55
v 39.3931 -16.6056 55
v 40.1719 -14.6214 55
v 40.8507 -12.6008 55
v 41.4281 -10.5489 55
v 41.9024 -8.47075 55
v 42.2725 -6.37156 55
v 42.5376 -4.25653 55
v 42.6969 -2.13091 55
v 38.25 -9.36855e-15 55
v 38.2025 1.90661 55
v 38.0599 3.80847 55
v 37.8228 5.70087 55
v 37.4916 7.57909 55
v 37.0672 9.43847 55
v 36.5507 11.2744 55
v 35.9432 13.0823 55
v 35.2465 14.8576 55
v 34.4621 16.5961 55
v 33.592 18.2932 55
v 32.6384 19.9449 55
v 31.6036 21.547 55
v 30.4903 23.0955 55
v 29.3012 24.5866 55
v 28.0392 26.0166 55
v 26.7076 27.3819 55
v 25.3095 28.6791 55
v 23.8485 29.9051 55
v 22.3282 31.0566 55
v 20.7524 32.131 55
v 19.125 33.1255 55
v 17.4501 34.0376 55
v 15.7317 34.8651 55
v 13.9743 35.6059 55
v 12.1821 36.2582 55
v 10.3596 36.8204 55
v 8.51143 37.291 55
v 6.64204 37.6689 55
v 4.75615 37.9531 55
v 2.85843 38.143 55
v 0.953599 38.2381 55
v -0.953599 38.2381 55
v -2.85843 38.143 55
v -4.75615 37.9531 55
v -6.64204 37.6689 55
v -8.51143 37.291 55
v -10.3596 36.8204 55
v -12.1821 36.2582 55
v -13.9743 35.6059 55
v -15.7317 34.8651 55
v -17.4501 34.0376 55
v -19.125 33.1255 55
v -20.7524 32.131 55
v -22.3282 31.0566 55
v -23.8485 29.9051 55
v -25.3095 28.6791 55
v -26.7076 27.3819 55
v -28.0392 26.0166 55
v -29.3012 24.5866 55
v -30.4903 23.0955 55
v -31.6036 21.547 55
v -32.6384 19.9449 55
v -33.592 18.2932 55
v -34.4621 16.5961 55
v -35.2465 14.8576 55
v -35.9432 13.0823 55
v -36.5507 11.2744 55
v -37.0672 9.43847 55
v -37.4916 7.57909 55
v -37.8228 5.70087 55
v -38.0599 3.80847 55
v -38.2025 1.90661 55
v -38.25 -1.31207e-13 55
v -38.2025 -1.90661 55
v -38.0599 -3.80847 55
v -37.8228 -5.70087 55
v -37.4916 -7.57909 55
v -37.0672 -9.43847 55
v -36.5507 -11.2744 55
v -35.9432 -13.0823 55
v -35.2465 -14.8576 55
v -34.4621 -16.5961 55
v -33.592 -18.2932 55
v -32.6384 -19.9449 55
v -31.6036 -21.547 55
v -30.4903 -23.0955 55
v -29.3012 -24.5866 55
v -28.0392 -26.0166 55
v -26.7076 -27.3819 55
v -25.3095 -28.6791 55
v -23.8485 -29.9051 55
v -22.3282 -31.0566 55
v -20.7524 -32.131 55
v -19.125 -33.1255 55
v -17.4501 -34.0376 55
v -15.7317 -34.8651 55
v -13.9743 -35.6059 55
v -12.1821 -36.2582 55
v -10.3596 -36.8204 55
v -8.51143 -37.291 55
v -6.64204 -37.6689 55
v -4.75615 -37.9531 55
v -2.85843 -38.143 55
v -0.953599 -38.2381 55
v 0.953599 -38.2381 55
v 2.85843 -38.143 55
v 4.75615 -37.9531 55
v 6.64204 -37.6689 55
v 8.51143 -37.291 55
v 10.3596 -36.8204 55
v 12.1821 -36.2582 55
v 13.9743 -35.6059 55
v 15.7317 -34.8651 55
v 17.4501 -34.0376 55
v 19.125 -33.1255 55
v 20.7524 -32.131 55
v 22.3282 -31.0566 55
v 23.8485 -29.9051 55
v 25.3095 -28.6791 55
v 26.7076 -27.3819 55
v 28.0392 -26.0166 55
v 29.3012 -24.5866 55
v 30.4903 -23.0955 55
v 31.6036 -21.547 55
v 32.6384 -19.9449 55
v 33.592 -18.2932 55
v 34.4621 -16.5961 55
v 35.2465 -14.8576 55
v 35.9432 -13.0823 55
v 36.5507 -11.2744 55
v 37.0672 -9.43847 55
v 37.4916 -7.57909 55
v 37.8228 -5.70087 55
v 38.0599 -3.80847 55
v 38.2025 -1.90661 55
v 42.75 -1.04707e-14 62
v 42.6969 2.13091 62
v 42.5376 4.25653 62
v 42.2725 6.37156 62
v 41.9024 8.47075 62
v 41.4281 10.5489 62
v 40.8507 12.6008 62
v 40.1719 14.6214 62
v 39.3931 16.6056 62
v 38.5164 18.5485 62
v 37.544 20.4454 62
v 36.4782 22.2914 62
v 35.3217 24.0819 62
v 34.0774 25.8126 62
v 32.7484 27.4792 62
v 31.338 29.0774 62
v 29.8496 30.6033 62
v 28.2871 32.0531 62
v 26.6542 33.4233 62
v 24.955 34.7103 62
v 23.1939 35.9111 62
v 21.375 37.0226 62
v 19.503 38.042 62
v 17.5825 38.9669 62
v 15.6183 39.7949 62
v 13.6153 40.5239 62
v 11.5784 41.1522 62
v 9.51277 41.6782 62
v 7.42346 42.1005 62
v 5.31569 42.4182 62
v 3.19471 42.6305 62
v 1.06579 42.7367 62
v -1.06579 42.7367 62
v -3.19471 42.6305 62
v -5.31569 42.4182 62
v -7.42346 42.1005 62
v -9.51277 41.6782 62
v -11.5784 41.1522 62
v -13.6153 40.5239 62
v -15.6183 39.7949 62
v -17.5825 38.9669 62
v -19.503 38.042 62
v -21.375 37.0226 62
v -23.1939 35.9111 62
v -24.955 34.7103 62
v -26.6542 33.4233 62
v -28.2871 32.0531 62
v -29.8496 30.6033 62
v -31.338 29.0774 62
v -32.7484 27.4792 62
v -34.0774 25.8126 62
v -35.3217 24.0819 62
v -36.4782 22.2914 62
v -37.544 20.4454 62
v -38.5164 18.5485 62
v -39.3931 16.6056 62
v -40.1719 14.6214 62
v -40.8507 12.6008 62
v -41.4281 10.5489 62
v -41.9024 8.47075 62
v -42.2725 6.37156 62
v -42.5376 4.25653 62
v -42.6969 2.13091 62
v -42.75 -1.46643e-13 62
v -42.6969 -2.13091 62
v -42.5376 -4.25653 62
v -42.2725 -6.37156 62
v -41.9024 -8.47075 62
v -41.4281 -10.5489 62
v -40.8507 -12.6008 62
v -40.1719 -14.6214 62
v -39.3931 -16.6056 62
v -38.5164 -18.5485 62
v -37.544 -20.4454 62
v -36.4782 -22.2914 62
v -35.3217 -24.0819 62
v -34.0774 -25.8126 62
v -32.7484 -27.4792 62
v -31.338 -29.0774 62
v -29.8496 -30.6033 62
v -28.2871 -32.0531 62
v -26.6542 -33.4233 62
v -24.955 -34.7103 62
v -23.1939 -35.9111 62
v -21.375 -37.0226 62
v -19.503 -38.042 62
v -17.5825 -38.9669 62
v -15.6183 -39.7949 62
v -13.6153 -40.5239 62
v -11.5784 -41.1522 62
v -9.51277 -41.6782 62
v -7.42346 -42.1005 62
v -5.31569 -42.4182 62
v -3.19471 -42.6305 62
v -1.06579 -42.7367 62
v 1.06579 -42.7367 62
v 3.19471 -42.6305 62
v 5.31569 -42.4182 62
v 7.42346 -42.1005 62
v 9.51277 -41.6782 62
v 11.5784 -41.1522 62
v 13.6153 -40.5239 62
v 15.6183 -39.7949 62
v 17.5825 -38.9669 62
v 19.503 -38.042 62
v 21.375 -37.0226 62
v 23.1939 -35.9111 62
v 24.955 -34.7103 62
v 26.6542 -33.4233 62
v 28.2871 -32.0531 62
v 29.8496 -30.6033 62
v 31.338 -29.0774 62
v 32.7484 -27.4792 62
v 34.0774 -25.8126 62
v 35.3217 -24.0819 62
v 36.4782 -22.2914 62
v 37.544 -20.4454 62
v 38.5164 -18.5485 62
v 39.3931 -16.6056 62
v 40.1719 -14.6214 62
v 40.8507 -12.6008 62
v 41.4281 -10.5489 62
v 41.9024 -8.47075 62
v 42.2725 -6.37156 62
v 42.5376 -4.25653 62
v 42.6969 -2.13091 62
v 38.25 -9.36855e-15 55
v 38.2025 1.90661 55
v 38.0599 3.80847 55
v 37.8228 5.70087 55
v 37.4916 7.57909 55
v 37.0672 9.43847 55
v 36.5507 11.2744 55
v 35.9432 13.0823 55
v 35.2465 14.8576 55
v 34.4621 16.5961 55
v 33.592 18.2932 55
v 32.6384 19.9449 55
v 31.6036 21.547 55
v 30.4903 23.0955 55
v 29.3012 24.5866 55
v 28.0392 26.0166 55
v 26.7076 27.3819 55
v 25.3095 28.6791 55
v 23.8485 29.9051 55
v 22.3282 31.0566 55
v 20.7524 32.131 55
v 19.125 33.1255 55
v 17.4501 34.0376 55
v 15.7317 34.8651 55
v 13.9743 35.6059 55
v 12.1821 36.2582 55
v 10.3596 36.8204 55
v 8.51143 37.291 55
v 6.64204 37.6689 55
v 4.75615 37.9531 55
v 2.85843 38.143 55
v 0.953599 38.2381 55
v -0.953599 38.2381 55
v -2.85843 38.143 55
v -4.75615 37.9531 55
v -6.64204 37.6689 55
v -8.51143 37.291 55
v -10.3596 36.8204 55
v -12.1821 36.2582 55
v -13.9743 35.6059 55
v -15.7317 34.8651 55
v -17.4501 34.0376 55
v -19.125 33.1255 55
v -20.7524 32.131 55
v -22.3282 31.0566 55
v -23.8485 29.9051 55
v -25.3095 28.6791 55
v -26.7076 27.3819 55
v -28.0392 26.0166 55
v -29.3012 24.5866 55
v -30.4903 23.0955 55
v -31.6036 21.547 55
v -32.6384 19.9449 55
v -33.592 18.2932 55
v -34.4621 16.5961 55
v -35.2465 14.8576 55
v -35.9432 13.0823 55
v -36.5507 11.2744 55
v -37.0672 9.43847 55
v -37.4916 7.57909 55
v -37.8228 5.70087 55
v -38.0599 3.80847 55
v -38.2025 1.90661 55
v -38.25 -1.31207e-13 55
v -38.2025 -1.90661 55
v -38.0599 -3.80847 55
v -37.8228 -5.70087 55
v -37.4916 -7.57909 55
v -37.0672 -9.43847 55
v -36.5507 -11.2744 55
v -35.9432 -13.0823 55
v -35.2465 -14.8576 55
v -34.4621 -16.5961 55
v -33.592 -18.2932 55
v -32.6384 -19.9449 55
v -31.6036 -21.547 55
v -30.4903 -23.0955 55
v -29.3012 -24.5866 55
v -28.0392 -26.0166 55
v -26.7076 -27.3819 55
v -25.3095 -28.6791 55
v -23.8485 -29.9051 55
v -22.3282 -31.0566 55
v -20.7524 -32.131 55
v -19.125 -33.1255 55
v -17.4501 -34.0376 55
v -15.7317 -34.8651 55
v -13.9743 -35.6059 55
v -12.1821 -36.2582 55
v -10.3596 -36.8204 55
v -8.51143 -37.291 55
v -6.64204 -37.6689 55
v -4.75615 -37.9531 55
v -2.85843 -38.143 55
v -0.953599 -38.2381 55
v 0.953599 -38.2381 55
v 2.85843 -38.143 55
v 4.75615 -37.9531 55
v 6.64204 -37.6689 55
v 8.51143 -37.291 55
v 10.3596 -36.8204 55
v 12.1821 -36.2582 55
v 13.9743 -35.6059 55
v 15.7317 -34.8651 55
v 17.4501 -34.0376 55
v 19.125 -33.1255 55
v 20.7524 -32.131 55
v 22.3282 -31.0566 55
v 23.8485 -29.9051 55
v 25.3095 -28.6791 55
v 26.7076 -27.3819 55
v 28.0392 -26.0166 55
v 29.3012 -24.5866 55
v 30.4903 -23.0955 55
v 31.6036 -21.547 55
v 32.6384 -19.9449 55
v 33.592 -18.2932 55
v 34.4621 -16.5961 55
v 35.2465 -14.8576 55
v 35.9432 -13.0823 55
v 36.5507 -11.2744 55
v 37.0672 -9.43847 55
v 37.4916 -7.57909 55
v 37.8228 -5.70087 55
v 38.0599 -3.80847 55
v 38.2025 -1.90661 55
v 38.25 -9.36855e-15 55
v 38.25 -9.36855e-15 52
v 38.2025 1.90661 52
v 38.0599 3.80847 52
v 37.8228 5.70087 52
v 37.4916 7.57909 52
v 37.0672 9.43847 52
v 36.5507 11.2744 52
v 35.9432 13.0823 52
v 35.2465 14.8576 52
v 34.4621 16.5961 52
v 33.592 18.2932 52
v 32.6384 19.9449 52
v 31.6036 21.547 52
v 30.4903 23.0955 52
v 29.3012 24.5866 52
v 28.0392 26.0166 52
v 26.7076 27.3819 52
v 25.3095 28.6791 52
v 23.8485 29.9051 52
v 22.3282 31.0566 52
v 20.7524 32.131 52
v 19.125 33.1255 52
v 17.4501 34.0376 52
v 15.7317 34.8651 52
v 13.9743 35.6059 52
v 12.1821 36.2582 52
v 10.3596 36.8204 52
v 8.51143 37.291 52
v 6.64204 37.6689 52
v 4.75615 37.9531 52
v 2.85843 38.143 52
v 0.953599 38.2381 52
v -0.953599 38.2381 52
v -2.85843 38.143 52
v -4.75615 37.9531 52
v -6.64204 37.6689 52
v -8.51143 37.291 52
v -10.3596 36.8204 52
v -12.1821 36.2582 52
v -13.9743 35.6059 52
v -15.7317 34.8651 52
v -17.4501 34.0376 52
v -19.125 33.1255 52
v -20.7524 32.131 52
v -22.3282 31.0566 52
v -23.8485 29.9051 52
v -25.3095 28.6791 52
v -26.7076 27.3819 52
v -28.0392 26.0166 52
v -29.3012 24.5866 52
v -30.4903 23.0955 52
v -31.6036 21.547 52
v -32.6384 19.9449 52
v -33.592 18.2932 52
v -34.4621 16.5961 52
v -35.2465 14.8576 52
v -35.9432 13.0823 52
v -36.5507 11.2744 52
v -37.0672 9.43847 52
v -37.4916 7.57909 52
v -37.8228 5.70087 52
v -38.0599 3.80847 52
v -38.2025 1.90661 52
v -38.25 -1.31207e-13 52
v -38.2025 -1.90661 52
v -38.0599 -3.80847 52
v -37.8228 -5.70087 52
v -37.4916 -7.57909 52
v -37.0672 -9.43847 52
v -36.5507 -11.2744 52
v -35.9432 -13.0823 52
v -35.2465 -14.8576 52
v -34.4621 -16.5961 52
v -33.592 -18.2932 52
v -32.6384 -19.9449 52
v -31.6036 -21.547 52
v -30.4903 -23.0955 52
v -29.3012 -24.5866 52
v -28.0392 -26.0166 52
v -26.7076 -27.3819 52
v -25.3095 -28.6791 52
v -23.8485 -29.9051 52
v -22.3282 -31.0566 52
v -20.7524 -32.131 52
v -19.125 -33.1255 52
v -17.4501 -34.0376 52
v -15.7317 -34.8651 52
v -13.9743 -35.6059 52
v -12.1821 -36.2582 52
v -10.3596 -36.8204 52
v -8.51143 -37.291 52
v -6.64204 -37.6689 52
v -4.75615 -37.9531 52
v -2.85843 -38.143 52
v -0.953599 -38.2381 52
v 0.953599 -38.2381 52
v 2.85843 -38.143 52
v 4.75615 -37.9531 52
v 6.64204 -37.6689 52
v 8.51143 -37.291 52
v 10.3596 -36.8204 52
v 12.1821 -36.2582 52
v 13.9743 -35.6059 52
v 15.7317 -34.8651 52
v 17.4501 -34.0376 52
v 19.125 -33.1255 52
v 20.7524 -32.131 52
v 22.3282 -31.0566 52
v 23.8485 -29.9051 52
v 25.3095 -28.6791 52
v 26.7076 -27.3819 52
v 28.0392 -26.0166 52
v 29.3012 -24.5866 52
v 30.4903 -23.0955 52
v 31.6036 -21.547 52
v 32.6384 -19.9449 52
v 33.592 -18.2932 52
v 34.4621 -16.5961 52
v 35.2465 -14.8576 52
v 35.9432 -13.0823 52
v 36.5507 -11.2744 52
v 37.0672 -9.43847 52
v 37.4916 -7.57909 52
v 37.8228 -5.70087 52
v 38.0599 -3.80847 52
v 38.2025 -1.90661 52
v 38.25 -9.36855e-15 52
v 42.75 -1.04707e-14 52
v 42.6969 2.13091 52
v 42.5376 4.25653 52
v 42.2725 6.37156 52
v 41.9024 8.47075 52
v 41.4281 10.5489 52
v 40.8507 12.6008 52
v 40.1719 14.6214 52
v 39.3931 16.6056 52
v 38.5164 18.5485 52
v 37.544 20.4454 52
v 36.4782 22.2914 52
v 35.3217 24.0819 52
v 34.0774 25.8126 52
v 32.7484 27.4792 52
v 31.338 29.0774 52
v 29.8496 30.6033 52
v 28.2871 32.0531 52
v 26.6542 33.4233 52
v 24.955 34.7103 52
v 23.1939 35.9111 52
v 21.375 37.0226 52
v 19.503 38.042 52
v 17.5825 38.9669 52
v 15.6183 39.7949 52
v 13.6153 40.5239 52
v 11.5784 41.1522 52
v 9.51277 41.6782 52
v 7.42346 42.1005 52
v 5.31569 42.4182 52
v 3.19471 42.6305 52
v 1.06579 42.7367 52
v -1.06579 42.7367 52
v -3.19471 42.6305 52
v -5.31569 42.4182 52
v -7.42346 42.1005 52
v -9.51277 41.6782 52
v -11.5784 41.1522 52
v -13.6153 40.5239 52
v -15.6183 39.7949 52
v -17.5825 38.9669 52
v -19.503 38.042 52
v -21.375 37.0226 52
v -23.1939 35.9111 52
v -24.955 34.7103 52
v -26.6542 33.4233 52
v -28.2871 32.0531 52
v -29.8496 30.6033 52
v -31.338 29.0774 52
v -32.7484 27.4792 52
v -34.0774 25.8126 52
v -35.3217 24.0819 52
v -36.4782 22.2914 52
v -37.544 20.4454 52
v -38.5164 18.5485 52
v -39.3931 16.6056 52
v -40.1719 14.6214 52
v -40.8507 12.6008 52
v -41.4281 10.5489 52
v -41.9024 8.47075 52
v -42.2725 6.37156 52
v -42.5376 4.25653 52
v -42.6969 2.13091 52
v -42.75 -1.46643e-13 52
v -42.6969 -2.13091 52
v -42.5376 -4.25653 52
v -42.2725 -6.37156 52
v -41.9024 -8.47075 52
v -41.4281 -10.5489 52
v -40.8507 -12.6008 52
v -40.1719 -14.6214 52
v -39.3931 -16.6056 52
v -38.5164 -18.5485 52
v -37.544 -20.4454 52
v -36.4782 -22.2914 52
v -35.3217 -24.0819 52
v -34.0774 -25.8126 52
v -32.7484 -27.4792 52
v -31.338 -29.0774 52
v -29.8496 -30.6033 52
v -28.2871 -32.0531 52
v -26.6542 -33.4233 52
v -24.955 -34.7103 52
v -23.1939 -35.9111 52
v -21.375 -37.0226 52
v -19.503 -38.042 52
v -17.5825 -38.9669 52
v -15.6183 -39.7949 52
v -13.6153 -40.5239 52
v -11.5784 -41.1522 52
v -9.51277 -41.6782 52
v -7.42346 -42.1005 52
v -5.31569 -42.4182 52
v -3.19471 -42.6305 52
v -1.06579 -42.7367 52
v 1.06579 -42.7367 52
v 3.19471 -42.6305 52
v 5.31569 -42.4182 52
v 7.42346 -42.1005 52
v 9.51277 -41.6782 52
v 11.5784 -41.1522 52
v 13.6153 -40.5239 52
v 15.6183 -39.7949 52
v 17.5825 -38.9669 52
v 19.503 -38.042 52
v 21.375 -37.0226 52
v 23.1939 -35.9111 52
v 24.955 -34.7103 52
v 26.6542 -33.4233 52
v 28.2871 -32.0531 52
v 29.8496 -30.6033 52
v 31.338 -29.0774 52
v 32.7484 -27.4792 52
v 34.0774 -25.8126 52
v 35.3217 -24.0819 52
v 36.4782 -22.2914 52
v 37.544 -20.4454 52
v 38.5164 -18.5485 52
v 39.3931 -16.6056 52
v 40.1719 -14.6214 52
v 40.8507 -12.6008 52
v 41.4281 -10.5489 52
v 41.9024 -8.47075 52
v 42.2725 -6.37156 52
v 42.5376 -4.25653 52
v 42.6969 -2.13091 52
v 38.25 -9.36855e-15 52
v 38.2025 1.90661 52
v 38.0599 3.80847 52
v 37.8228 5.70087 52
v 37.4916 7.57909 52
v 37.0672 9.43847 52
v 36.5507 11.2744 52
v 35.9432 13.0823 52
v 35.2465 14.8576 52
v 34.4621 16.5961 52
v 33.592 18.2932 52
v 32.6384 19.9449 52
v 31.6036 21.547 52
v 30.4903 23.0955 52
v 29.3012 24.5866 52
v 28.0392 26.0166 52
v 26.7076 27.3819 52
v 25.3095 28.6791 52
v 23.8485 29.9051 52
v 22.3282 31.0566 52
v 20.7524 32.131 52
v 19.125 33.1255 52
v 17.4501 34.0376 52
v 15.7317 34.8651 52
v 13.9743 35.6059 52
v 12.1821 36.2582 52
v 10.3596 36.8204 52
v 8.51143 37.291 52
v 6.64204 37.6689 52
v 4.75615 37.9531 52
v 2.85843 38.143 52
v 0.953599 38.2381 52
v -0.953599 38.2381 52
v -2.85843 38.143 52
v -4.75615 37.9531 52
v -6.64204 37.6689 52
v -8.51143 37.291 52
v -10.3596 36.8204 52
v -12.1821 36.2582 52
v -13.9743 35.6059 52
v -15.7317 34.8651 52
v -17.4501 34.0376 52
v -19.125 33.1255 52
v -20.7524 32.131 52
v -22.3282 31.0566 52
v -23.8485 29.9051 52
v -25.3095 28.6791 52
v -26.7076 27.3819 52
v -28.0392 26.0166 52
v -29.3012 24.5866 52
v -30.4903 23.0955 52
v -31.6036 21.547 52
v -32.6384 19.9449 52
v -33.592 18.2932 52
v -34.4621 16.5961 52
v -35.2465 14.8576 52
v -35.9432 13.0823 52
v -36.5507 11.2744 52
v -37.0672 9.43847 52
v -37.4916 7.57909 52
v -37.8228 5.70087 52
v -38.0599 3.80847 52
v -38.2025 1.90661 52
v -38.25 -1.31207e-13 52
v -38.2025 -1.90661 52
v -38.0599 -3.80847 52
v -37.8228 -5.70087 52
v -37.4916 -7.57909 52
v -37.0672 -9.43847 52
v -36.5507 -11.2744 52
v -35.9432 -13.0823 52
v -35.2465 -14.8576 52
v -34.4621 -16.5961 52
v -33.592 -18.2932 52
v -32.6384 -19.9449 52
v -31.6036 -21.547 52
v -30.4903 -23.0955 52
v -29.3012 -24.5866 52
v -28.0392 -26.0166 52
v -26.7076 -27.3819 52
v -25.3095 -28.6791 52
v -23.8485 -29.9051 52
v -22.3282 -31.0566 52
v -20.7524 -32.131 52
v -19.125 -33.1255 52
v -17.4501 -34.0376 52
v -15.7317 -34.8651 52
v -13.9743 -35.6059 52
v -12.1821 -36.2582 52
v -10.3596 -36.8204 52
v -8.51143 -37.291 52
v -6.64204 -37.6689 52
v -4.75615 -37.9531 52
v -2.85843 -38.143 52
v -0.953599 -38.2381 52
v 0.953599 -38.2381 52
v 2.85843 -38.143 52
v 4.75615 -37.9531 52
v 6.64204 -37.6689 52
v 8.51143 -37.291 52
v 10.3596 -36.8204 52
v 12.1821 -36.2582 52
v 13.9743 -35.6059 52
v 15.7317 -34.8651 52
v 17.4501 -34.0376 52
v 19.125 -33.1255 52
v 20.7524 -32.131 52
v 22.3282 -31.0566 52
v 23.8485 -29.9051 52
v 25.3095 -28.6791 52
v 26.7076 -27.3819 52
v 28.0392 -26.0166 52
v 29.3012 -24.5866 52
v 30.4903 -23.0955 52
v 31.6036 -21.547 52
v 32.6384 -19.9449 52
v 33.592 -18.2932 52
v 34.4621 -16.5961 52
v 35.2465 -14.8576 52
v 35.9432 -13.0823 52
v 36.5507 -11.2744 52
v 37.0672 -9.43847 52
v 37.4916 -7.57909 52
v 37.8228 -5.70087 52
v 38.0599 -3.80847 52
v 38.2025 -1.90661 52
v 42.75 -1.04707e-14 49
v 42.75 -1.04707e-14 52
v 42.75 -1.04707e-14 52
v 42.6969 2.13091 52
v 42.5376 4.25653 52
v 42.2725 6.37156 52
v 41.9024 8.47075 52
v 41.4281 10.5489 52
v 40.8507 12.6008 52
v 40.1719 14.6214 52
v 39.3931 16.6056 52
v 38.5164 18.5485 52
v 37.544 20.4454 52
v 36.4782 22.2914 52
v 35.3217 24.0819 52
v 34.0774 25.8126 52
v 32.7484 27.4792 52
v 31.338 29.0774 52
v 29.8496 30.6033 52
v 28.2871 32.0531 52
v 26.6542 33.4233 52
v 24.955 34.7103 52
v 23.1939 35.9111 52
v 21.375 37.0226 52
v 19.503 38.042 52
v 17.5825 38.9669 52
v 15.6183 39.7949 52
v 13.6153 40.5239 52
v 11.5784 41.1522 52
v 9.51277 41.6782 52
v 7.42346 42.1005 52
v 5.31569 42.4182 52
v 3.19471 42.6305 52
v 1.06579 42.7367 52
v -1.06579 42.7367 52
v -3.19471 42.6305 52
v -5.31569 42.4182 52
v -7.42346 42.1005 52
v -9.51277 41.6782 52
v -11.5784 41.1522 52
v -13.6153 40.5239 52
v -15.6183 39.7949 52
v -17.5825 38.9669 52
v -19.503 38.042 52
v -21.375 37.0226 52
v -23.1939 35.9111 52
v -24.955 34.7103 52
v -26.6542 33.4233 52
v -28.2871 32.0531 52
v -29.8496 30.6033 52
v -31.338 29.0774 52
v -32.7484 27.4792 52
v -34.0774 25.8126 52
v -35.3217 24.0819 52
v -36.4782 22.2914 52
v -37.544 20.4454 52
v -38.5164 18.5485 52
v -39.3931 16.6056 52
v -40.1719 14.6214 52
v -40.8507 12.6008 52
v -41.4281 10.5489 52
v -41.9024 8.47075 52
v -42.2725 6.37156 52
v -42.5376 4.25653 52
v -42.6969 2.13091 52
v -42.75 -1.46643e-13 52
v -42.6969 -2.13091 52
v -42.5376 -4.25653 52
v -42.2725 -6.37156 52
v -41.9024 -8.47075 52
v -41.4281 -10.5489 52
v -40.8507 -12.6008 52
v -40.1719 -14.6214 52
v -39.3931 -16.6056 52
v -38.5164 -18.5485 52
v -37.544 -20.4454 52
v -36.4782 -22.2914 52
v -35.3217 -24.0819 52
v -34.0774 -25.8126 52
v -32.7484 -27.4792 52
v -31.338 -29.0774 52
v -29.8496 -30.6033 52
v -28.2871 -32.0531 52
v -26.6542 -33.4233 52
v -24.955 -34.7103 52
v -23.1939 -35.9111 52
v -21.375 -37.0226 52
v -19.503 -38.042 52
v -17.5825 -38.9669 52
v -15.6183 -39.7949 52
v -13.6153 -40.5239 52
v -11.5784 -41.1522 52
v -9.51277 -41.6782 52
v -7.42346 -42.1005 52
v -5.31569 -42.4182 52
v -3.19471 -42.6305 52
v -1.06579 -42.7367 52
v 1.06579 -42.7367 52
v 3.19471 -42.6305 52
v 5.31569 -42.4182 52
v 7.42346 -42.1005 52
v 9.51277 -41.6782 52
v 11.5784 -41.1522 52
v 13.6153 -40.5239 52
v 15.6183 -39.7949 52
v 17.5825 -38.9669 52
v 19.503 -38.042 52
v 21.375 -37.0226 52
v 23.1939 -35.9111 52
v 24.955 -34.7103 52
v 26.6542 -33.4233 52
v 28.2871 -32.0531 52
v 29.8496 -30.6033 52
v 31.338 -29.0774 52
v 32.7484 -27.4792 52
v 34.0774 -25.8126 52
v 35.3217 -24.0819 52
v 36.4782 -22.2914 52
v 37.544 -20.4454 52
v 38.5164 -18.5485 52
v 39.3931 -16.6056 52
v 40.1719 -14.6214 52
v 40.8507 -12.6008 52
v 41.4281 -10.5489 52
v 41.9024 -8.47075 52
v 42.2725 -6.37156 52
v 42.5376 -4.25653 52
v 42.6969 -2.13091 52
v 42.75 -1.04707e-14 49
v 42.6969 2.13091 49
v 42.5376 4.25653 49
v 42.2725 6.37156 49
v 41.9024 8.47075 49
v 41.4281 10.5489 49
v 40.8507 12.6008 49
v 40.1719 14.6214 49
v 39.3931 16.6056 49
v 38.5164 18.5485 49
v 37.544 20.4454 49
v 36.4782 22.2914 49
v 35.3217 24.0819 49
v 34.0774 25.8126 49
v 32.7484 27.4792 49
v 31.338 29.0774 49
v 29.8496 30.6033 49
v 28.2871 32.0531 49
v 26.6542 33.4233 49
v 24.955 34.7103 49
v 23.1939 35.9111 49
v 21.375 37.0226 49
v 19.503 38.042 49
v 17.5825 38.9669 49
v 15.6183 39.7949 49
v 13.6153 40.5239 49
v 11.5784 41.1522 49
v 9.51277 41.6782 49
v 7.42346 42.1005 49
v 5.31569 42.4182 49
v 3.19471 42.6305 49
v 1.06579 42.7367 49
v -1.06579 42.7367 49
v -3.19471 42.6305 49
v -5.31569 42.4182 49
v -7.42346 42.1005 49
v -9.51277 41.6782 49
v -11.5784 41.1522 49
v -13.6153 40.5239 49
v -15.6183 39.7949 49
v -17.5825 38.9669 49
v -19.503 38.042 49
v -21.375 37.0226 49
v -23.1939 35.9111 49
v -24.955 34.7103 49
v -26.6542 33.4233 49
v -28.2871 32.0531 49
v -29.8496 30.6033 49
v -31.338 29.0774 49
v -32.7484 27.4792 49
v -34.0774 25.8126 49
v -35.3217 24.0819 49
v -36.4782 22.2914 49
v -37.544 20.4454 49
v -38.5164 18.5485 49
v -39.3931 16.6056 49
v -40.1719 14.6214 49
v -40.8507 12.6008 49
v -41.4281 10.5489 49
v -41.9024 8.47075 49
v -42.2725 6.37156 49
v -42.5376 4.25653 49
v -42.6969 2.13091 49
v -42.75 -1.46643e-13 49
v -42.6969 -2.13091 49
v -42.5376 -4.25653 49
v -42.2725 -6.37156 49
v -41.9024 -8.47075 49
v -41.4281 -10.5489 49
v -40.8507 -12.6008 49
v -40.1719 -14.6214 49
v -39.3931 -16.6056 49
v -38.5164 -18.5485 49
v -37.544 -20.4454 49
v -36.4782 -22.2914 49
v -35.3217 -24.0819 49
v -34.0774 -25.8126 49
v -32.7484 -27.4792 49
v -31.338 -29.0774 49
v -29.8496 -30.6033 49
v -28.2871 -32.0531 49
v -26.6542 -33.4233 49
v -24.955 -34.7103 49
v -23.1939 -35.9111 49
v -21.375 -37.0226 49
v -19.503 -38.042 49
v -17.5825 -38.9669 49
v -15.6183 -39.7949 49
v -13.6153 -40.5239 49
v -11.5784 -41.1522 49
v -9.51277 -41.6782 49
v -7.42346 -42.1005 49
v -5.31569 -42.4182 49
v -3.19471 -42.6305 49
v -1.06579 -42.7367 49
v 1.06579 -42.7367 49
v 3.19471 -42.6305 49
v 5.31569 -42.4182 49
v 7.42346 -42.1005 49
v 9.51277 -41.6782 49
v 11.5784 -41.1522 49
v 13.6153 -40.5239 49
v 15.6183 -39.7949 49
v 17.5825 -38.9669 49
v 19.503 -38.042 49
v 21.375 -37.0226 49
v 23.1939 -35.9111 49
v 24.955 -34.7103 49
v 26.6542 -33.4233 49
v 28.2871 -32.0531 49
v 29.8496 -30.6033 49
v 31.338 -29.0774 49
v 32.7484 -27.4792 49
v 34.0774 -25.8126 49
v 35.3217 -24.0819 49
v 36.4782 -22.2914 49
v 37.544 -20.4454 49
v 38.5164 -18.5485 49
v 39.3931 -16.6056 49
v 40.1719 -14.6214 49
v 40.8507 -12.6008 49
v 41.4281 -10.5489 49
v 41.9024 -8.47075 49
v 42.2725 -6.37156 49
v 42.5376 -4.25653 49
v 42.6969 -2.13091 49
v 42.75 -1.04707e-14 49
v 42.6969 2.13091 49
v 42.5376 4.25653 49
v 42.2725 6.37156 49
v 41.9024 8.47075 49
v 41.4281 10.5489 49
v 40.8507 12.6008 49
v 40.1719 14.6214 49
v 39.3931 16.6056 49
v 38.5164 18.5485 49
v 37.544 20.4454 49
v 36.4782 22.2914 49
v 35.3217 24.0819 49
v 34.0774 25.8126 49
v 32.7484 27.4792 49
v 31.338 29.0774 49
v 29.8496 30.6033 49
v 28.2871 32.0531 49
v 26.6542 33.4233 49
v 24.955 34.7103 49
v 23.1939 35.9111 49
v 21.375 37.0226 49
v 19.503 38.042 49
v 17.5825 38.9669 49
v 15.6183 39.7949 49
v 13.6153 40.5239 49
v 11.5784 41.1522 49
v 9.51277 41.6782 49
v 7.42346 42.1005 49
v 5.31569 42.4182 49
v 3.19471 42.6305 49
v 1.06579 42.7367 49
v -1.06579 42.7367 49
v -3.19471 42.6305 49
v -5.31569 42.4182 49
v -7.42346 42.1005 49
v -9.51277 41.6782 49
v -11.5784 41.1522 49
v -13.6153 40.5239 49
v -15.6183 39.7949 49
v -17.5825 38.9669 49
v -19.503 38.042 49
v -21.375 37.0226 49
v -23.1939 35.9111 49
v -24.955 34.7103 49
v -26.6542 33.4233 49
v -28.2871 32.0531 49
v -29.8496 30.6033 49
v -31.338 29.0774 49
v -32.7484 27.4792 49
v -34.0774 25.8126 49
v -35.3217 24.0819 49
v -36.4782 22.2914 49
v -37.544 20.4454 49
v -38.5164 18.5485 49
v -39.3931 16.6056 49
v -40.1719 14.6214 49
v -40.8507 12.6008 49
v -41.4281 10.5489 49
v -41.9024 8.47075 49
v -42.2725 6.37156 49
v -42.5376 4.25653 49
v -42.6969 2.13091 49
v -42.75 -1.46643e-13 49
v -42.6969 -2.13091 49
v -42.5376 -4.25653 49
v -42.2725 -6.37156 49
v -41.9024 -8.47075 49
v -41.4281 -10.5489 49
v -40.8507 -12.6008 49
v -40.1719 -14.6214 49
v -39.3931 -16.6056 49
v -38.5164 -18.5485 49
v -37.544 -20.4454 49
v -36.4782 -22.2914 49
v -35.3217 -24.0819 49
v -34.0774 -25.8126 49
v -32.7484 -27.4792 49
v -31.338 -29.0774 49
v -29.8496 -30.6033 49
v -28.2871 -32.0531 49
v -26.6542 -33.4233 49
v -24.955 -34.7103 49
v -23.1939 -35.9111 49
v -21.375 -37.0226 49
v -19.503 -38.042 49
v -17.5825 -38.9669 49
v -15.6183 -39.7949 49
v -13.6153 -40.5239 49
v -11.5784 -41.1522 49
v -9.51277 -41.6782 49
v -7.42346 -42.1005 49
v -5.31569 -42.4182 49
v -3.19471 -42.6305 49
v -1.06579 -42.7367 49
v 1.06579 -42.7367 49
v 3.19471 -42.6305 49
v 5.31569 -42.4182 49
v 7.42346 -42.1005 49
v 9.51277 -41.6782 49
v 11.5784 -41.1522 49
v 13.6153 -40.5239 49
v 15.6183 -39.7949 49
v 17.5825 -38.9669 49
v 19.503 -38.042 49
v 21.375 -37.0226 49
v 23.1939 -35.9111 49
v 24.955 -34.7103 49
v 26.6542 -33.4233 49
v 28.2871 -32.0531 49
v 29.8496 -30.6033 49
v 31.338 -29.0774 49
v 32.7484 -27.4792 49
v 34.0774 -25.8126 49
v 35.3217 -24.0819 49
v 36.4782 -22.2914 49
v 37.544 -20.4454 49
v 38.5164 -18.5485 49
v 39.3931 -16.6056 49
v 40.1719 -14.6214 49
v 40.8507 -12.6008 49
v 41.4281 -10.5489 49
v 41.9024 -8.47075 49
v 42.2725 -6.37156 49
v 42.5376 -4.25653 49
v 42.6969 -2.13091 49
v 38.25 -9.36855e-15 49
v 38.2025 1.90661 49
v 38.0599 3.80847 49
v 37.8228 5.70087 49
v 37.4916 7.57909 49
v 37.0672 9.43847 49
v 36.5507 11.2744 49
v 35.9432 13.0823 49
v 35.2465 14.8576 49
v 34.4621 16.5961 49
v 33.592 18.2932 49
v 32.6384 19.9449 49
v 31.6036 21.547 49
v 30.4903 23.0955 49
v 29.3012 24.5866 49
v 28.0392 26.0166 49
v 26.7076 27.3819 49
v 25.3095 28.6791 49
v 23.8485 29.9051 49
v 22.3282 31.0566 49
v 20.7524 32.131 49
v 19.125 33.1255 49
v 17.4501 34.0376 49
v 15.7317 34.8651 49
v 13.9743 35.6059 49
v 12.1821 36.2582 49
v 10.3596 36.8204 49
v 8.51143 37.291 49
v 6.64204 37.6689 49
v 4.75615 37.9531 49
v 2.85843 38.143 49
v 0.953599 38.2381 49
v -0.953599 38.2381 49
v -2.85843 38.143 49
v -4.75615 37.9531 49
v -6.64204 37.6689 49
v -8.51143 37.291 49
v -10.3596 36.8204 49
v -12.1821 36.2582 49
v -13.9743 35.6059 49
v -15.7317 34.8651 49
v -17.4501 34.0376 49
v -19.125 33.1255 49
v -20.7524 32.131 49
v -22.3282 31.0566 49
v -23.8485 29.9051 49
v -25.3095 28.6791 49
v -26.7076 27.3819 49
v -28.0392 26.0166 49
v -29.3012 24.5866 49
v -30.4903 23.0955 49
v -31.6036 21.547 49
v -32.6384 19.9449 49
v -33.592 18.2932 49
v -34.4621 16.5961 49
v -35.2465 14.8576 49
v -35.9432 13.0823 49
v -36.5507 11.2744 49
v -37.0672 9.43847 49
v -37.4916 7.57909 49
v -37.8228 5.70087 49
v -38.0599 3.80847 49
v -38.2025 1.90661 49
v -38.25 -1.31207e-13 49
v -38.2025 -1.90661 49
v -38.0599 -3.80847 49
v -37.8228 -5.70087 49
v -37.4916 -7.57909 49
v -37.0672 -9.43847 49
v -36.5507 -11.2744 49
v -35.9432 -13.0823 49
v -35.2465 -14.8576 49
v -34.4621 -16.5961 49
v -33.592 -18.2932 49
v -32.6384 -19.9449 49
v -31.6036 -21.547 49
v -30.4903 -23.0955 49
v -29.3012 -24.5866 49
v -28.0392 -26.0166 49
v -26.7076 -27.3819 49
v -25.3095 -28.6791 49
v -23.8485 -29.9051 49
v -22.3282 -31.0566 49
v -20.7524 -32.131 49
v -19.125 -33.1255 49
v -17.4501 -34.0376 49
v -15.7317 -34.8651 49
v -13.9743 -35.6059 49
v -12.1821 -36.2582 49
v -10.3596 -36.8204 49
v -8.51143 -37.291 49
v -6.64204 -37.6689 49
v -4.75615 -37.9531 49
v -2.85843 -38.143 49
v -0.953599 -38.2381 49
v 0.953599 -38.2381 49
v 2.85843 -38.143 49
v 4.75615 -37.9531 49
v 6.64204 -37.6689 49
v 8.51143 -37.291 49
v 10.3596 -36.8204 49
v 12.1821 -36.2582 49
v 13.9743 -35.6059 49
v 15.7317 -34.8651 49
v 17.4501 -34.0376 49
v 19.125 -33.1255 49
v 20.7524 -32.131 49
v 22.3282 -31.0566 49
v 23.8485 -29.9051 49
v 25.3095 -28.6791 49
v 26.7076 -27.3819 49
v 28.0392 -26.0166 49
v 29.3012 -24.5866 49
v 30.4903 -23.0955 49
v 31.6036 -21.547 49
v 32.6384 -19.9449 49
v 33.592 -18.2932 49
v 34.4621 -16.5961 49
v 35.2465 -14.8576 49
v 35.9432 -13.0823 49
v 36.5507 -11.2744 49
v 37.0672 -9.43847 49
v 37.4916 -7.57909 49
v 37.8228 -5.70087 49
v 38.0599 -3.80847 49
v 38.2025 -1.90661 49
v 38.25 -9.36855e-15 49
v 38.2025 1.90661 49
v 38.0599 3.80847 49
v 37.8228 5.70087 49
v 37.4916 7.57909 49
v 37.0672 9.43847 49
v 36.5507 11.2744 49
v 35.9432 13.0823 49
v 35.2465 14.8576 49
v 34.4621 16.5961 49
v 33.592 18.2932 49
v 32.6384 19.9449 49
v 31.6036 21.547 49
v 30.4903 23.0955 49
v 29.3012 24.5866 49
v 28.0392 26.0166 49
v 26.7076 27.3819 49
v 25.3095 28.6791 49
v 23.8485 29.9051 49
v 22.3282 31.0566 49
v 20.7524 32.131 49
v 19.125 33.1255 49
v 17.4501 34.0376 49
v 15.7317 34.8651 49
v 13.9743 35.6059 49
v 12.1821 36.2582 49
v 10.3596 36.8204 49
v 8.51143 37.291 49
v 6.64204 37.6689 49
v 4.75615 37.9531 49
v 2.85843 38.143 49
v 0.953599 38.2381 49
v -0.953599 38.2381 49
v -2.85843 38.143 49
v -4.75615 37.9531 49
v -6.64204 37.6689 49
v -8.51143 37.291 49
v -10.3596 36.8204 49
v -12.1821 36.2582 49
v -13.9743 35.6059 49
v -15.7317 34.8651 49
v -17.4501 34.0376 49
v -19.125 33.1255 49
v -20.7524 32.131 49
v -22.3282 31.0566 49
v -23.8485 29.9051 49
v -25.3095 28.6791 49
v -26.7076 27.3819 49
v -28.0392 26.0166 49
v -29.3012 24.5866 49
v -30.4903 23.0955 49
v -31.6036 21.547 49
v -32.6384 19.9449 49
v -33.592 18.2932 49
v -34.4621 16.5961 49
v -35.2465 14.8576 49
v -35.9432 13.0823 49
v -36.5507 11.2744 49
v -37.0672 9.43847 49
v -37.4916 7.57909 49
v -37.8228 5.70087 49
v -38.0599 3.80847 49
v -38.2025 1.90661 49
v -38.25 -1.31207e-13 49
v -38.2025 -1.90661 49
v -38.0599 -3.80847 49
v -37.8228 -5.70087 49
v -37.4916 -7.57909 49
v -37.0672 -9.43847 49
v -36.5507 -11.2744 49
v -35.9432 -13.0823 49
v -35.2465 -14.8576 49
v -34.4621 -16.5961 49
v -33.592 -18.2932 49
v -32.6384 -19.9449 49
v -31.6036 -21.547 49
v -30.4903 -23.0955 49
v -29.3012 -24.5866 49
v -28.0392 -26.0166 49
v -26.7076 -27.3819 49
v -25.3095 -28.6791 49
v -23.8485 -29.9051 49
v -22.3282 -31.0566 49
v -20.7524 -32.131 49
v -19.125 -33.1255 49
v -17.4501 -34.0376 49
v -15.7317 -34.8651 49
v -13.9743 -35.6059 49
v -12.1821 -36.2582 49
v -10.3596 -36.8204 49
v -8.51143 -37.291 49
v -6.64204 -37.6689 49
v -4.75615 -37.9531 49
v -2.85843 -38.143 49
v -0.953599 -38.2381 49
v 0.953599 -38.2381 49
v 2.85843 -38.143 49
v 4.75615 -37.9531 49
v 6.64204 -37.6689 49
v 8.51143 -37.291 49
v 10.3596 -36.8204 49
v 12.1821 -36.2582 49
v 13.9743 -35.6059 49
v 15.7317 -34.8651 49
v 17.4501 -34.0376 49
v 19.125 -33.1255 49
v 20.7524 -32.131 49
v 22.3282 -31.0566 49
v 23.8485 -29.9051 49
v 25.3095 -28.6791 49
v 26.7076 -27.3819 49
v 28.0392 -26.0166 49
v 29.3012 -24.5866 49
v 30.4903 -23.0955 49
v 31.6036 -21.547 49
v 32.6384 -19.9449 49
v 33.592 -18.2932 49
v 34.4621 -16.5961 49
v 35.2465 -14.8576 49
v 35.9432 -13.0823 49
v 36.5507 -11.2744 49
v 37.0672 -9.43847 49
v 37.4916 -7.57909 49
v 37.8228 -5.70087 49
v 38.0599 -3.80847 49
v 38.2025 -1.90661 49
v 38.25 -9.36855e-15 49
v 38.25 -9.36855e-15 46
v 38.2025 1.90661 46
v 38.0599 3.80847 46
v 37.8228 5.70087 46
v 37.4916 7.57909 46
v 37.0672 9.43847 46
v 36.5507 11.2744 46
v 35.9432 13.0823 46
v 35.2465 14.8576 46
v 34.4621 16.5961 46
v 33.592 18.2932 46
v 32.6384 19.9449 46
v 31.6036 21.547 46
v 30.4903 23.0955 46
v 29.3012 24.5866 46
v 28.0392 26.0166 46
v 26.7076 27.3819 46
v 25.3095 28.6791 46
v 23.8485 29.9051 46
v 22.3282 31.0566 46
v 20.7524 32.131 46
v 19.125 33.1255 46
v 17.4501 34.0376 46
v 15.7317 34.8651 46
v 13.9743 35.6059 46
v 12.1821 36.2582 46
v 10.3596 36.8204 46
v 8.51143 37.291 46
v 6.64204 37.6689 46
v 4.75615 37.9531 46
v 2.85843 38.143 46
v 0.953599 38.2381 46
v -0.953599 38.2381 46
v -2.85843 38.143 46
v -4.75615 37.9531 46
v -6.64204 37.6689 46
v -8.51143 37.291 46
v -10.3596 36.8204 46
v -12.1821 36.2582 46
v -13.9743 35.6059 46
v -15.7317 34.8651 46
v -17.4501 34.0376 46
v -19.125 33.1255 46
v -20.7524 32.131 46
v -22.3282 31.0566 46
v -23.8485 29.9051 46
v -25.3095 28.6791 46
v -26.7076 27.3819 46
v -28.0392 26.0166 46
v -29.3012 24.5866 46
v -30.4903 23.0955 46
v -31.6036 21.547 46
v -32.6384 19.9449 46
v -33.592 18.2932 46
v -34.4621 16.5961 46
v -35.2465 14.8576 46
v -35.9432 13.0823 46
v -36.5507 11.2744 46
v -37.0672 9.43847 46
v -37.4916 7.57909 46
v -37.8228 5.70087 46
v -38.0599 3.80847 46
v -38.2025 1.90661 46
v -38.25 -1.31207e-13 46
v -38.2025 -1.90661 46
v -38.0599 -3.80847 46
v -37.8228 -5.70087 46
v -37.4916 -7.57909 46
v -37.0672 -9.43847 46
v -36.5507 -11.2744 46
v -35.9432 -13.0823 46
v -35.2465 -14.8576 46
v -34.4621 -16.5961 46
v -33.592 -18.2932 46
v -32.6384 -19.9449 46
v -31.6036 -21.547 46
v -30.4903 -23.0955 46
v -29.3012 -24.5866 46
v -28.0392 -26.0166 46
v -26.7076 -27.3819 46
v -25.3095 -28.6791 46
v -23.8485 -29.9051 46
v -22.3282 -31.0566 46
v -20.7524 -32.131 46
v -19.125 -33.1255 46
v -17.4501 -34.0376 46
v -15.7317 -34.8651 46
v -13.9743 -35.6059 46
v -12.1821 -36.2582 46
v -10.3596 -36.8204 46
v -8.51143 -37.291 46
v -6.64204 -37.6689 46
v -4.75615 -37.9531 46
v -2.85843 -38.143 46
v -0.953599 -38.2381 46
v 0.953599 -38.2381 46
v 2.85843 -38.143 46
v 4.75615 -37.9531 46
v 6.64204 -37.6689 46
v 8.51143 -37.291 46
v 10.3596 -36.8204 46
v 12.1821 -36.2582 46
v 13.9743 -35.6059 46
v 15.7317 -34.8651 46
v 17.4501 -34.0376 46
v 19.125 -33.1255 46
v 20.7524 -32.131 46
v 22.3282 -31.0566 46
v 23.8485 -29.9051 46
v 25.3095 -28.6791 46
v 26.7076 -27.3819 46
v 28.0392 -26.0166 46
v 29.3012 -24.5866 46
v 30.4903 -23.0955 46
v 31.6036 -21.547 46
v 32.6384 -19.9449 46
v 33.592 -18.2932 46
v 34.4621 -16.5961 46
v 35.2465 -14.8576 46
v 35.9432 -13.0823 46
v 36.5507 -11.2744 46
v 37.0672 -9.43847 46
v 37.4916 -7.57909 46
v 37.8228 -5.70087 46
v 38.0599 -3.80847 46
v 38.2025 -1.90661 46
v 38.25 -9.36855e-15 46
v 42.75 -1.04707e-14 46
v 42.6969 2.13091 46
v 42.5376 4.25653 46
v 42.2725 6.37156 46
v 41.9024 8.47075 46
v 41.4281 10.5489 46
v 40.8507 12.6008 46
v 40.1719 14.6214 46
v 39.3931 16.6056 46
v 38.5164 18.5485 46
v 37.544 20.4454 46
v 36.4782 22.2914 46
v 35.3217 24.0819 46
v 34.0774 25.8126 46
v 32.7484 27.4792 46
v 31.338 29.0774 46
v 29.8496 30.6033 46
v 28.2871 32.0531 46
v 26.6542 33.4233 46
v 24.955 34.7103 46
v 23.1939 35.9111 46
v 21.375 37.0226 46
v 19.503 38.042 46
v 17.5825 38.9669 46
v 15.6183 39.7949 46
v 13.6153 40.5239 46
v 11.5784 41.1522 46
v 9.51277 41.6782 46
v 7.42346 42.1005 46
v 5.31569 42.4182 46
v 3.19471 42.6305 46
v 1.06579 42.7367 46
v -1.06579 42.7367 46
v -3.19471 42.6305 46
v -5.31569 42.4182 46
v -7.42346 42.1005 46
v -9.51277 41.6782 46
v -11.5784 41.1522 46
v -13.6153 40.5239 46
v -15.6183 39.7949 46
v -17.5825 38.9669 46
v -19.503 38.042 46
v -21.375 37.0226 46
v -23.1939 35.9111 46
v -24.955 34.7103 46
v -26.6542 33.4233 46
v -28.2871 32.0531 46
v -29.8496 30.6033 46
v -31.338 29.0774 46
v -32.7484 27.4792 46
v -34.0774 25.8126 46
v -35.3217 24.0819 46
v -36.4782 22.2914 46
v -37.544 20.4454 46
v -38.5164 18.5485 46
v -39.3931 16.6056 46
v -40.1719 14.6214 46
v -40.8507 12.6008 46
v -41.4281 10.5489 46
v -41.9024 8.47075 46
v -42.2725 6.37156 46
v -42.5376 4.25653 46
v -42.6969 2.13091 46
v -42.75 -1.46643e-13 46
v -42.6969 -2.13091 46
v -42.5376 -4.25653 46
v -42.2725 -6.37156 46
v -41.9024 -8.47075 46
v -41.4281 -10.5489 46
v -40.8507 -12.6008 46
v -40.1719 -14.6214 46
v -39.3931 -16.6056 46
v -38.5164 -18.5485 46
v -37.544 -20.4454 46
v -36.4782 -22.2914 46
v -35.3217 -24.0819 46
v -34.0774 -25.8126 46
v -32.7484 -27.4792 46
v -31.338 -29.0774 46
v -29.8496 -30.6033 46
v -28.2871 -32.0531 46
v -26.6542 -33.4233 46
v -24.955 -34.7103 46
v -23.1939 -35.9111 46
v -21.375 -37.0226 46
v -19.503 -38.042 46
v -17.5825 -38.9669 46
v -15.6183 -39.7949 46
v -13.6153 -40.5239 46
v -11.5784 -41.1522 46
v -9.51277 -41.6782 46
v -7.42346 -42.1005 46
v -5.31569 -42.4182 46
v -3.19471 -42.6305 46
v -1.06579 -42.7367 46
v 1.06579 -42.7367 46
v 3.19471 -42.6305 46
v 5.31569 -42.4182 46
v 7.42346 -42.1005 46
v 9.51277 -41.6782 46
v 11.5784 -41.1522 46
v 13.6153 -40.5239 46
v 15.6183 -39.7949 46
v 17.5825 -38.9669 46
v 19.503 -38.042 46
v 21.375 -37.0226 46
v 23.1939 -35.9111 46
v 24.955 -34.7103 46
v 26.6542 -33.4233 46
v 28.2871 -32.0531 46
v 29.8496 -30.6033 46
v 31.338 -29.0774 46
v 32.7484 -27.4792 46
v 34.0774 -25.8126 46
v 35.3217 -24.0819 46
v 36.4782 -22.2914 46
v 37.544 -20.4454 46
v 38.5164 -18.5485 46
v 39.3931 -16.6056 46
v 40.1719 -14.6214 46
v 40.8507 -12.6008 46
v 41.4281 -10.5489 46
v 41.9024 -8.47075 46
v 42.2725 -6.37156 46
v 42.5376 -4.25653 46
v 42.6969 -2.13091 46
v 38.25 -9.36855e-15 46
v 38.2025 1.90661 46
v 38.0599 3.80847 46
v 37.8228 5.70087 46
v 37.4916 7.57909 46
v 37.0672 9.43847 46
v 36.5507 11.2744 46
v 35.9432 13.0823 46
v 35.2465 14.8576 46
v 34.4621 16.5961 46
v 33.592 18.2932 46
v 32.6384 19.9449 46
v 31.6036 21.547 46
v 30.4903 23.0955 46
v 29.3012 24.5866 46
v 28.0392 26.0166 46
v 26.7076 27.3819 46
v 25.3095 28.6791 46
v 23.8485 29.9051 46
v 22.3282 31.0566 46
v 20.7524 32.131 46
v 19.125 33.1255 46
v 17.4501 34.0376 46
v 15.7317 34.8651 46
v 13.9743 35.6059 46
v 12.1821 36.2582 46
v 10.3596 36.8204 46
v 8.51143 37.291 46
v 6.64204 37.6689 46
v 4.75615 37.9531 46
v 2.85843 38.143 46
v 0.953599 38.2381 46
v -0.953599 38.2381 46
v -2.85843 38.143 46
v -4.75615 37.9531 46
v -6.64204 37.6689 46
v -8.51143 37.291 46
v -10.3596 36.8204 46
v -12.1821 36.2582 46
v -13.9743 35.6059 46
v -15.7317 34.8651 46
v -17.4501 34.0376 46
v -19.125 33.1255 46
v -20.7524 32.131 46
v -22.3282 31.0566 46
v -23.8485 29.9051 46
v -25.3095 28.6791 46
v -26.7076 27.3819 46
v -28.0392 26.0166 46
v -29.3012 24.5866 46
v -30.4903 23.0955 46
v -31.6036 21.547 46
v -32.6384 19.9449 46
v -33.592 18.2932 46
v -34.4621 16.5961 46
v -35.2465 14.8576 46
v -35.9432 13.0823 46
v -36.5507 11.2744 46
v -37.0672 9.43847 46
v -37.4916 7.57909 46
v -37.8228 5.70087 46
v -38.0599 3.80847 46
v -38.2025 1.90661 46
v -38.25 -1.31207e-13 46
v -38.2025 -1.90661 46
v -38.0599 -3.80847 46
v -37.8228 -5.70087 46
v -37.4916 -7.57909 46
v -37.0672 -9.43847 46
v -36.5507 -11.2744 46
v -35.9432 -13.0823 46
v -35.2465 -14.8576 46
v -34.4621 -16.5961 46
v -33.592 -18.2932 46
v -32.6384 -19.9449 46
v -31.6036 -21.547 46
v -30.4903 -23.0955 46
v -29.3012 -24.5866 46
v -28.0392 -26.0166 46
v -26.7076 -27.3819 46
v -25.3095 -28.6791 46
v -23.8485 -29.9051 46
v -22.3282 -31.0566 46
v -20.7524 -32.131 46
v -19.125 -33.1255 46
v -17.4501 -34.0376 46
v -15.7317 -34.8651 46
v -13.9743 -35.6059 46
v -12.1821 -36.2582 46
v -10.3596 -36.8204 46
v -8.51143 -37.291 46
v -6.64204 -37.6689 46
v -4.75615 -37.9531 46
v -2.85843 -38.143 46
v -0.953599 -38.2381 46
v 0.953599 -38.2381 46
v 2.85843 -38.143 46
v 4.75615 -37.9531 46
v 6.64204 -37.6689 46
v 8.51143 -37.291 46
v 10.3596 -36.8204 46
v 12.1821 -36.2582 46
v 13.9743 -35.6059 46
v 15.7317 -34.8651 46
v 17.4501 -34.0376 46
v 19.125 -33.1255 46
v 20.7524 -32.131 46
v 22.3282 -31.0566 46
v 23.8485 -29.9051 46
v 25.3095 -28.6791 46
v 26.7076 -27.3819 46
v 28.0392 -26.0166 46
v 29.3012 -24.5866 46
v 30.4903 -23.0955 46
v 31.6036 -21.547 46
v 32.6384 -19.9449 46
v 33.592 -18.2932 46
v 34.4621 -16.5961 46
v 35.2465 -14.8576 46
v 35.9432 -13.0823 46
v 36.5507 -11.2744 46
v 37.0672 -9.43847 46
v 37.4916 -7.57909 46
v 37.8228 -5.70087 46
v 38.0599 -3.80847 46
v 38.2025 -1.90661 46
v 42.75 -1.04707e-14 43
v 42.75 -1.04707e-14 46
v 42.75 -1.04707e-14 46
v 42.6969 2.13091 46
v 42.5376 4.25653 46
v 42.2725 6.37156 46
v 41.9024 8.47075 46
v 41.4281 10.5489 46
v 40.8507 12.6008 46
v 40.1719 14.6214 46
v 39.3931 16.6056 46
v 38.5164 18.5485 46
v 37.544 20.4454 46
v 36.4782 22.2914 46
v 35.3217 24.0819 46
v 34.0774 25.8126 46
v 32.7484 27.4792 46
v 31.338 29.0774 46
v 29.8496 30.6033 46
v 28.2871 32.0531 46
v 26.6542 33.4233 46
v 24.955 34.7103 46
v 23.1939 35.9111 46
v 21.375 37.0226 46
v 19.503 38.042 46
v 17.5825 38.9669 46
v 15.6183 39.7949 46
v 13.6153 40.5239 46
v 11.5784 41.1522 46
v 9.51277 41.6782 46
v 7.42346 42.1005 46
v 5.31569 42.4182 46
v 3.19471 42.6305 46
v 1.06579 42.7367 46
v -1.06579 42.7367 46
v -3.19471 42.6305 46
v -5.31569 42.4182 46
v -7.42346 42.1005 46
v -9.51277 41.6782 46
v -11.5784 41.1522 46
v -13.6153 40.5239 46
v -15.6183 39.7949 46
v -17.5825 38.9669 46
v -19.503 38.042 46
v -21.375 37.0226 46
v -23.1939 35.9111 46
v -24.955 34.7103 46
v -26.6542 33.4233 46
v -28.2871 32.0531 46
v -29.8496 30.6033 46
v -31.338 29.0774 46
v -32.7484 27.4792 46
v -34.0774 25.8126 46
v -35.3217 24.0819 46
v -36.4782 22.2914 46
v -37.544 20.4454 46
v -38.5164 18.5485 46
v -39.3931 16.6056 46
v -40.1719 14.6214 46
v -40.8507 12.6008 46
v -41.4281 10.5489 46
v -41.9024 8.47075 46
v -42.2725 6.37156 46
v -42.5376 4.25653 46
v -42.6969 2.13091 46
v -42.75 -1.46643e-13 46
v -42.6969 -2.13091 46
v -42.5376 -4.25653 46
v -42.2725 -6.37156 46
v -41.9024 -8.47075 46
v -41.4281 -10.5489 46
v -40.8507 -12.6008 46
v -40.1719 -14.6214 46
v -39.3931 -16.6056 46
v -38.5164 -18.5485 46
v -37.544 -20.4454 46
v -36.4782 -22.2914 46
v -35.3217 -24.0819 46
v -34.0774 -25.8126 46
v -32.7484 -27.4792 46
v -31.338 -29.0774 46
v -29.8496 -30.6033 46
v -28.2871 -32.0531 46
v -26.6542 -33.4233 46
v -24.955 -34.7103 46
v -23.1939 -35.9111 46
v -21.375 -37.0226 46
v -19.503 -38.042 46
v -17.5825 -38.9669 46
v -15.6183 -39.7949 46
v -13.6153 -40.5239 46
v -11.5784 -41.1522 46
v -9.51277 -41.6782 46
v -7.42346 -42.1005 46
v -5.31569 -42.4182 46
v -3.19471 -42.6305 46
v -1.06579 -42.7367 46
v 1.06579 -42.7367 46
v 3.19471 -42.6305 46
v 5.31569 -42.4182 46
v 7.42346 -42.1005 46
v 9.51277 -41.6782 46
v 11.5784 -41.1522 46
v 13.6153 -40.5239 46
v 15.6183 -39.7949 46
v 17.5825 -38.9669 46
v 19.503 -38.042 46
v 21.375 -37.0226 46
v 23.1939 -35.9111 46
v 24.955 -34.7103 46
v 26.6542 -33.4233 46
v 28.2871 -32.0531 46
v 29.8496 -30.6033 46
v 31.338 -29.0774 46
v 32.7484 -27.4792 46
v 34.0774 -25.8126 46
v 35.3217 -24.0819 46
v 36.4782 -22.2914 46
v 37.544 -20.4454 46
v 38.5164 -18.5485 46
v 39.3931 -16.6056 46
v 40.1719 -14.6214 46
v 40.8507 -12.6008 46
v 41.4281 -10.5489 46
v 41.9024 -8.47075 46
v 42.2725 -6.37156 46
v 42.5376 -4.25653 46
v 42.6969 -2.13091 46
v 42.75 -1.04707e-14 43
v 42.6969 2.13091 43
v 42.5376 4.25653 43
v 42.2725 6.37156 43
v 41.9024 8.47075 43
v 41.4281 10.5489 43
v 40.8507 12.6008 43
v 40.1719 14.6214 43
v 39.3931 16.6056 43
v 38.5164 18.5485 43
v 37.544 20.4454 43
v 36.4782 22.2914 43
v 35.3217 24.0819 43
v 34.0774 25.8126 43
v 32.7484 27.4792 43
v 31.338 29.0774 43
v 29.8496 30.6033 43
v 28.2871 32.0531 43
v 26.6542 33.4233 43
v 24.955 34.7103 43
v 23.1939 35.9111 43
v 21.375 37.0226 43
v 19.503 38.042 43
v 17.5825 38.9669 43
v 15.6183 39.7949 43
v 13.6153 40.5239 43
v 11.5784 41.1522 43
v 9.51277 41.6782 43
v 7.42346 42.1005 43
v 5.31569 42.4182 43
v 3.19471 42.6305 43
v 1.06579 42.7367 43
v -1.06579 42.7367 43
v -3.19471 42.6305 43
v -5.31569 42.4182 43
v -7.42346 42.1005 43
v -9.51277 41.6782 43
v -11.5784 41.1522 43
v -13.6153 40.5239 43
v -15.6183 39.7949 43
v -17.5825 38.9669 43
v -19.503 38.042 43
v -21.375 37.0226 43
v -23.1939 35.9111 43
v -24.955 34.7103 43
v -26.6542 33.4233 43
v -28.2871 32.0531 43
v -29.8496 30.6033 43
v -31.338 29.0774 43
v -32.7484 27.4792 43
v -34.0774 25.8126 43
v -35.3217 24.0819 43
v -36.4782 22.2914 43
v -37.544 20.4454 43
v -38.5164 18.5485 43
v -39.3931 16.6056 43
v -40.1719 14.6214 43
v -40.8507 12.6008 43
v -41.4281 10.5489 43
v -41.9024 8.47075 43
v -42.2725 6.37156 43
v -42.5376 4.25653 43
v -42.6969 2.13091 43
v -42.75 -1.46643e-13 43
v -42.6969 -2.13091 43
v -42.5376 -4.25653 43
v -42.2725 -6.37156 43
v -41.9024 -8.47075 43
v -41.4281 -10.5489 43
v -40.8507 -12.6008 43
v -40.1719 -14.6214 43
v -39.3931 -16.6056 43
v -38.5164 -18.5485 43
v -37.544 -20.4454 43
v -36.4782 -22.2914 43
v -35.3217 -24.0819 43
v -34.0774 -25.8126 43
v -32.7484 -27.4792 43
v -31.338 -29.0774 43
v -29.8496 -30.6033 43
v -28.2871 -32.0531 43
v -26.6542 -33.4233 43
v -24.955 -34.7103 43
v -23.1939 -35.9111 43
v -21.375 -37.0226 43
v -19.503 -38.042 43
v -17.5825 -38.9669 43
v -15.6183 -39.7949 43
v -13.6153 -40.5239 43
v -11.5784 -41.1522 43
v -9.51277 -41.6782 43
v -7.42346 -42.1005 43
v -5.31569 -42.4182 43
v -3.19471 -42.6305 43
v -1.06579 -42.7367 43
v 1.06579 -42.7367 43
v 3.19471 -42.6305 43
v 5.31569 -42.4182 43
v 7.42346 -42.1005 43
v 9.51277 -41.6782 43
v 11.5784 -41.1522 43
v 13.6153 -40.5239 43
v 15.6183 -39.7949 43
v 17.5825 -38.9669 43
v 19.503 -38.042 43
v 21.375 -37.0226 43
v 23.1939 -35.9111 43
v 24.955 -34.7103 43
v 26.6542 -33.4233 43
v 28.2871 -32.0531 43
v 29.8496 -30.6033 43
v 31.338 -29.0774 43
v 32.7484 -27.4792 43
v 34.0774 -25.8126 43
v 35.3217 -24.0819 43
v 36.4782 -22.2914 43
v 37.544 -20.4454 43
v 38.5164 -18.5485 43
v 39.3931 -16.6056 43
v 40.1719 -14.6214 43
v 40.8507 -12.6008 43
v 41.4281 -10.5489 43
v 41.9024 -8.47075 43
v 42.2725 -6.37156 43
v 42.5376 -4.25653 43
v 42.6969 -2.13091 43
v 42.75 -1.04707e-14 43
v 42.6969 2.13091 43
v 42.5376 4.25653 43
v 42.2725 6.37156 43
v 41.9024 8.47075 43
v 41.4281 10.5489 43
v 40.8507 12.6008 43
v 40.1719 14.6214 43
v 39.3931 16.6056 43
v 38.5164 18.5485 43
v 37.544 20.4454 43
v 36.4782 22.2914 43
v 35.3217 24.0819 43
v 34.0774 25.8126 43
v 32.7484 27.4792 43
v 31.338 29.0774 43
v 29.8496 30.6033 43
v 28.2871 32.0531 43
v 26.6542 33.4233 43
v 24.955 34.7103 43
v 23.1939 35.9111 43
v 21.375 37.0226 43
v 19.503 38.042 43
v 17.5825 38.9669 43
v 15.6183 39.7949 43
v 13.6153 40.5239 43
v 11.5784 41.1522 43
v 9.51277 41.6782 43
v 7.42346 42.1005 43
v 5.31569 42.4182 43
v 3.19471 42.6305 43
v 1.06579 42.7367 43
v -1.06579 42.7367 43
v -3.19471 42.6305 43
v -5.31569 42.4182 43
v -7.42346 42.1005 43
v -9.51277 41.6782 43
v -11.5784 41.1522 43
v -13.6153 40.5239 43
v -15.6183 39.7949 43
v -17.5825 38.9669 43
v -19.503 38.042 43
v -21.375 37.0226 43
v -23.1939 35.9111 43
v -24.955 34.7103 43
v -26.6542 33.4233 43
v -28.2871 32.0531 43
v -29.8496 30.6033 43
v -31.338 29.0774 43
v -32.7484 27.4792 43
v -34.0774 25.8126 43
v -35.3217 24.0819 43
v -36.4782 22.2914 43
v -37.544 20.4454 43
v -38.5164 18.5485 43
v -39.3931 16.6056 43
v -40.1719 14.6214 43
v -40.8507 12.6008 43
v -41.4281 10.5489 43
v -41.9024 8.47075 43
v -42.2725 6.37156 43
v -42.5376 4.25653 43
v -42.6969 2.13091 43
v -42.75 -1.46643e-13 43
v -42.6969 -2.13091 43
v -42.5376 -4.25653 43
v -42.2725 -6.37156 43
v -41.9024 -8.47075 43
v -41.4281 -10.5489 43
v -40.8507 -12.6008 43
v -40.1719 -14.6214 43
v -39.3931 -16.6056 43
v -38.5164 -18.5485 43
v -37.544 -20.4454 43
v -36.4782 -22.2914 43
v -35.3217 -24.0819 43
v -34.0774 -25.8126 43
v -32.7484 -27.4792 43
v -31.338 -29.0774 43
v -29.8496 -30.6033 43
v -28.2871 -32.0531 43
v -26.6542 -33.4233 43
v -24.955 -34.7103 43
v -23.1939 -35.9111 43
v -21.375 -37.0226 43
v -19.503 -38.042 43
v -17.5825 -38.9669 43
v -15.6183 -39.7949 43
v -13.6153 -40.5239 43
v -11.5784 -41.1522 43
v -9.51277 -41.6782 43
v -7.42346 -42.1005 43
v -5.31569 -42.4182 43
v -3.19471 -42.6305 43
v -1.06579 -42.7367 43
v 1.06579 -42.7367 43
v 3.19471 -42.6305 43
v 5.31569 -42.4182 43
v 7.42346 -42.1005 43
v 9.51277 -41.6782 43
v 11.5784 -41.1522 43
v 13.6153 -40.5239 43
v 15.6183 -39.7949 43
v 17.5825 -38.9669 43
v 19.503 -38.042 43
v 21.375 -37.0226 43
v 23.1939 -35.9111 43
v 24.955 -34.7103 43
v 26.6542 -33.4233 43
v 28.2871 -32.0531 43
v 29.8496 -30.6033 43
v 31.338 -29.0774 43
v 32.7484 -27.4792 43
v 34.0774 -25.8126 43
v 35.3217 -24.0819 43
v 36.4782 -22.2914 43
v 37.544 -20.4454 43
v 38.5164 -18.5485 43
v 39.3931 -16.6056 43
v 40.1719 -14.6214 43
v 40.8507 -12.6008 43
v 41.4281 -10.5489 43
v 41.9024 -8.47075 43
v 42.2725 -6.37156 43
v 42.5376 -4.25653 43
v 42.6969 -2.13091 43
v 38.25 -9.36855e-15 43
v 38.2025 1.90661 43
v 38.0599 3.80847 43
v 37.8228 5.70087 43
v 37.4916 7.57909 43
v 37.0672 9.43847 43
v 36.5507 11.2744 43
v 35.9432 13.0823 43
v 35.2465 14.8576 43
v 34.4621 16.5961 43
v 33.592 18.2932 43
v 32.6384 19.9449 43
v 31.6036 21.547 43
v 30.4903 23.0955 43
v 29.3012 24.5866 43
v 28.0392 26.0166 43
v 26.7076 27.3819 43
v 25.3095 28.6791 43
v 23.8485 29.9051 43
v 22.3282 31.0566 43
v 20.7524 32.131 43
v 19.125 33.1255 43
v 17.4501 34.0376 43
v 15.7317 34.8651 43
v 13.9743 35.6059 43
v 12.1821 36.2582 43
v 10.3596 36.8204 43
v 8.51143 37.291 43
v 6.64204 37.6689 43
v 4.75615 37.9531 43
v 2.85843 38.143 43
v 0.953599 38.2381 43
v -0.953599 38.2381 43
v -2.85843 38.143 43
v -4.75615 37.9531 43
v -6.64204 37.6689 43
v -8.51143 37.291 43
v -10.3596 36.8204 43
v -12.1821 36.2582 43
v -13.9743 35.6059 43
v -15.7317 34.8651 43
v -17.4501 34.0376 43
v -19.125 33.1255 43
v -20.7524 32.131 43
v -22.3282 31.0566 43
v -23.8485 29.9051 43
v -25.3095 28.6791 43
v -26.7076 27.3819 43
v -28.0392 26.0166 43
v -29.3012 24.5866 43
v -30.4903 23.0955 43
v -31.6036 21.547 43
v -32.6384 19.9449 43
v -33.592 18.2932 43
v -34.4621 16.5961 43
v -35.2465 14.8576 43
v -35.9432 13.0823 43
v -36.5507 11.2744 43
v -37.0672 9.43847 43
v -37.4916 7.57909 43
v -37.8228 5.70087 43
v -38.0599 3.80847 43
v -38.2025 1.90661 43
v -38.25 -1.31207e-13 43
v -38.2025 -1.90661 43
v -38.0599 -3.80847 43
v -37.8228 -5.70087 43
v -37.4916 -7.57909 43
v -37.0672 -9.43847 43
v -36.5507 -11.2744 43
v -35.9432 -13.0823 43
v -35.2465 -14.8576 43
v -34.4621 -16.5961 43
v -33.592 -18.2932 43
v -32.6384 -19.9449 43
v -31.6036 -21.547 43
v -30.4903 -23.0955 43
v -29.3012 -24.5866 43
v -28.0392 -26.0166 43
v -26.7076 -27.3819 43
v -25.3095 -28.6791 43
v -23.8485 -29.9051 43
v -22.3282 -31.0566 43
v -20.7524 -32.131 43
v -19.125 -33.1255 43
v -17.4501 -34.0376 43
v -15.7317 -34.8651 43
v -13.9743 -35.6059 43
v -12.1821 -36.2582 43
v -10.3596 -36.8204 43
v -8.51143 -37.291 43
v -6.64204 -37.6689 43
v -4.75615 -37.9531 43
v -2.85843 -38.143 43
v -0.953599 -38.2381 43
v 0.953599 -38.2381 43
v 2.85843 -38.143 43
v 4.75615 -37.9531 43
v 6.64204 -37.6689 43
v 8.51143 -37.291 43
v 10.3596 -36.8204 43
v 12.1821 -36.2582 43
v 13.9743 -35.6059 43
v 15.7317 -34.8651 43
v 17.4501 -34.0376 43
v 19.125 -33.1255 43
v 20.7524 -32.131 43
v 22.3282 -31.0566 43
v 23.8485 -29.9051 43
v 25.3095 -28.6791 43
v 26.7076 -27.3819 43
v 28.0392 -26.0166 43
v 29.3012 -24.5866 43
v 30.4903 -23.0955 43
v 31.6036 -21.547 43
v 32.6384 -19.9449 43
v 33.592 -18.2932 43
v 34.4621 -16.5961 43
v 35.2465 -14.8576 43
v 35.9432 -13.0823 43
v 36.5507 -11.2744 43
v 37.0672 -9.43847 43
v 37.4916 -7.57909 43
v 37.8228 -5.70087 43
v 38.0599 -3.80847 43
v 38.2025 -1.90661 43
v 38.25 -9.36855e-15 43
v 38.2025 1.90661 43
v 38.0599 3.80847 43
v 37.8228 5.70087 43
v 37.4916 7.57909 43
v 37.0672 9.43847 43
v 36.5507 11.2744 43
v 35.9432 13.0823 43
v 35.2465 14.8576 43
v 34.4621 16.5961 43
v 33.592 18.2932 43
v 32.6384 19.9449 43
v 31.6036 21.547 43
v 30.4903 23.0955 43
v 29.3012 24.5866 43
v 28.0392 26.0166 43
v 26.7076 27.3819 43
v 25.3095 28.6791 43
v 23.8485 29.9051 43
v 22.3282 31.0566 43
v 20.7524 32.131 43
v 19.125 33.1255 43
v 17.4501 34.0376 43
v 15.7317 34.8651 43
v 13.9743 35.6059 43
v 12.1821 36.2582 43
v 10.3596 36.8204 43
v 8.51143 37.291 43
v 6.64204 37.6689 43
v 4.75615 37.9531 43
v 2.85843 38.143 43
v 0.953599 38.2381 43
v -0.953599 38.2381 43
v -2.85843 38.143 43
v -4.75615 37.9531 43
v -6.64204 37.6689 43
v -8.51143 37.291 43
v -10.3596 36.8204 43
v -12.1821 36.2582 43
v -13.9743 35.6059 43
v -15.7317 34.8651 43
v -17.4501 34.0376 43
v -19.125 33.1255 43
v -20.7524 32.131 43
v -22.3282 31.0566 43
v -23.8485 29.9051 43
v -25.3095 28.6791 43
v -26.7076 27.3819 43
v -28.0392 26.0166 43
v -29.3012 24.5866 43
v -30.4903 23.0955 43
v -31.6036 21.547 43
v -32.6384 19.9449 43
v -33.592 18.2932 43
v -34.4621 16.5961 43
v -35.2465 14.8576 43
v -35.9432 13.0823 43
v -36.5507 11.2744 43
v -37.0672 9.43847 43
v -37.4916 7.57909 43
v -37.8228 5.70087 43
v -38.0599 3.80847 43
v -38.2025 1.90661 43
v -38.25 -1.31207e-13 43
v -38.2025 -1.90661 43
v -38.0599 -3.80847 43
v -37.8228 -5.70087 43
v -37.4916 -7.57909 43
v -37.0672 -9.43847 43
v -36.5507 -11.2744 43
v -35.9432 -13.0823 43
v -35.2465 -14.8576 43
v -34.4621 -16.5961 43
v -33.592 -18.2932 43
v -32.6384 -19.9449 43
v -31.6036 -21.547 43
v -30.4903 -23.0955 43
v -29.3012 -24.5866 43
v -28.0392 -26.0166 43
v -26.7076 -27.3819 43
v -25.3095 -28.6791 43
v -23.8485 -29.9051 43
v -22.3282 -31.0566 43
v -20.7524 -32.131 43
v -19.125 -33.1255 43
v -17.4501 -34.0376 43
v -15.7317 -34.8651 43
v -13.9743 -35.6059 43
v -12.1821 -36.2582 43
v -10.3596 -36.8204 43
v -8.51143 -37.291 43
v -6.64204 -37.6689 43
v -4.75615 -37.9531 43
v -2.85843 -38.143 43
v -0.953599 -38.2381 43
v 0.953599 -38.2381 43
v 2.85843 -38.143 43
v 4.75615 -37.9531 43
v 6.64204 -37.6689 43
v 8.51143 -37.291 43
v 10.3596 -36.8204 43
v 12.1821 -36.2582 43
v 13.9743 -35.6059 43
v 15.7317 -34.8651 43
v 17.4501 -34.0376 43
v 19.125 -33.1255 43
v 20.7524 -32.131 43
v 22.3282 -31.0566 43
v 23.8485 -29.9051 43
v 25.3095 -28.6791 43
v 26.7076 -27.3819 43
v 28.0392 -26.0166 43
v 29.3012 -24.5866 43
v 30.4903 -23.0955 43
v 31.6036 -21.547 43
v 32.6384 -19.9449 43
v 33.592 -18.2932 43
v 34.4621 -16.5961 43
v 35.2465 -14.8576 43
v 35.9432 -13.0823 43
v 36.5507 -11.2744 43
v 37.0672 -9.43847 43
v 37.4916 -7.57909 43
v 37.8228 -5.70087 43
v 38.0599 -3.80847 43
v 38.2025 -1.90661 43
v 38.25 -9.36855e-15 43
v 38.25 -9.36855e-15 40
v 38.2025 1.90661 40
v 38.0599 3.80847 40
v 37.8228 5.70087 40
v 37.4916 7.57909 40
v 37.0672 9.43847 40
v 36.5507 11.2744 40
v 35.9432 13.0823 40
v 35.2465 14.8576 40
v 34.4621 16.5961 40
v 33.592 18.2932 40
v 32.6384 19.9449 40
v 31.6036 21.547 40
v 30.4903 23.0955 40
v 29.3012 24.5866 40
v 28.0392 26.0166 40
v 26.7076 27.3819 40
v 25.3095 28.6791 40
v 23.8485 29.9051 40
v 22.3282 31.0566 40
v 20.7524 32.131 40
v 19.125 33.1255 40
v 17.4501 34.0376 40
v 15.7317 34.8651 40
v 13.9743 35.6059 40
v 12.1821 36.2582 40
v 10.3596 36.8204 40
v 8.51143 37.291 40
v 6.64204 37.6689 40
v 4.75615 37.9531 40
v 2.85843 38.143 40
v 0.953599 38.2381 40
v -0.953599 38.2381 40
v -2.85843 38.143 40
v -4.75615 37.9531 40
v -6.64204 37.6689 40
v -8.51143 37.291 40
v -10.3596 36.8204 40
v -12.1821 36.2582 40
v -13.9743 35.6059 40
v -15.7317 34.8651 40
v -17.4501 34.0376 40
v -19.125 33.1255 40
v -20.7524 32.131 40
v -22.3282 31.0566 40
v -23.8485 29.9051 40
v -25.3095 28.6791 40
v -26.7076 27.3819 40
v -28.0392 26.0166 40
v -29.3012 24.5866 40
v -30.4903 23.0955 40
v -31.6036 21.547 40
v -32.6384 19.9449 40
v -33.592 18.2932 40
v -34.4621 16.5961 40
v -35.2465 14.8576 40
v -35.9432 13.0823 40
v -36.5507 11.2744 40
v -37.0672 9.43847 40
v -37.4916 7.57909 40
v -37.8228 5.70087 40
v -38.0599 3.80847 40
v -38.2025 1.90661 40
v -38.25 -1.31207e-13 40
v -38.2025 -1.90661 40
v -38.0599 -3.80847 40
v -37.8228 -5.70087 40
v -37.4916 -7.57909 40
v -37.0672 -9.43847 40
v -36.5507 -11.2744 40
v -35.9432 -13.0823 40
v -35.2465 -14.8576 40
v -34.4621 -16.5961 40
v -33.592 -18.2932 40
v -32.6384 -19.9449 40
v -31.6036 -21.547 40
v -30.4903 -23.0955 40
v -29.3012 -24.5866 40
v -28.0392 -26.0166 40
v -26.7076 -27.3819 40
v -25.3095 -28.6791 40
v -23.8485 -29.9051 40
v -22.3282 -31.0566 40
v -20.7524 -32.131 40
v -19.125 -33.1255 40
v -17.4501 -34.0376 40
v -15.7317 -34.8651 40
v -13.9743 -35.6059 40
v -12.1821 -36.2582 40
v -10.3596 -36.8204 40
v -8.51143 -37.291 40
v -6.64204 -37.6689 40
v -4.75615 -37.9531 40
v -2.85843 -38.143 40
v -0.953599 -38.2381 40
v 0.953599 -38.2381 40
v 2.85843 -38.143 40
v 4.75615 -37.9531 40
v 6.64204 -37.6689 40
v 8.51143 -37.291 40
v 10.3596 -36.8204 40
v 12.1821 -36.2582 40
v 13.9743 -35.6059 40
v 15.7317 -34.8651 40
v 17.4501 -34.0376 40
v 19.125 -33.1255 40
v 20.7524 -32.131 40
v 22.3282 -31.0566 40
v 23.8485 -29.9051 40
v 25.3095 -28.6791 40
v 26.7076 -27.3819 40
v 28.0392 -26.0166 40
v 29.3012 -24.5866 40
v 30.4903 -23.0955 40
v 31.6036 -21.547 40
v 32.6384 -19.9449 40
v 33.592 -18.2932 40
v 34.4621 -16.5961 40
v 35.2465 -14.8576 40
v 35.9432 -13.0823 40
v 36.5507 -11.2744 40
v 37.0672 -9.43847 40
v 37.4916 -7.57909 40
v 37.8228 -5.70087 40
v 38.0599 -3.80847 40
v 38.2025 -1.90661 40
v 38.25 -9.36855e-15 40
v 42.75 -1.04707e-14 40
v 42.6969 2.13091 40
v 42.5376 4.25653 40
v 42.2725 6.37156 40
v 41.9024 8.47075 40
v 41.4281 10.5489 40
v 40.8507 12.6008 40
v 40.1719 14.6214 40
v 39.3931 16.6056 40
v 38.5164 18.5485 40
v 37.544 20.4454 40
v 36.4782 22.2914 40
v 35.3217 24.0819 40
v 34.0774 25.8126 40
v 32.7484 27.4792 40
v 31.338 29.0774 40
v 29.8496 30.6033 40
v 28.2871 32.0531 40
v 26.6542 33.4233 40
v 24.955 34.7103 40
v 23.1939 35.9111 40
v 21.375 37.0226 40
v 19.503 38.042 40
v 17.5825 38.9669 40
v 15.6183 39.7949 40
v 13.6153 40.5239 40
v 11.5784 41.1522 40
v 9.51277 41.6782 40
v 7.42346 42.1005 40
v 5.31569 42.4182 40
v 3.19471 42.6305 40
v 1.06579 42.7367 40
v -1.06579 42.7367 40
v -3.19471 42.6305 40
v -5.31569 42.4182 40
v -7.42346 42.1005 40
v -9.51277 41.6782 40
v -11.5784 41.1522 40
v -13.6153 40.5239 40
v -15.6183 39.7949 40
v -17.5825 38.9669 40
v -19.503 38.042 40
v -21.375 37.0226 40
v -23.1939 35.9111 40
v -24.955 34.7103 40
v -26.6542 33.4233 40
v -28.2871 32.0531 40
v -29.8496 30.6033 40
v -31.338 29.0774 40
v -32.7484 27.4792 40
v -34.0774 25.8126 40
v -35.3217 24.0819 40
v -36.4782 22.2914 40
v -37.544 20.4454 40
v -38.5164 18.5485 40
v -39.3931 16.6056 40
v -40.1719 14.6214 40
v -40.8507 12.6008 40
v -41.4281 10.5489 40
v -41.9024 8.47075 40
v -42.2725 6.37156 40
v -42.5376 4.25653 40
v -42.6969 2.13091 40
v -42.75 -1.46643e-13 40
v -42.6969 -2.13091 40
v -42.5376 -4.25653 40
v -42.2725 -6.37156 40
v -41.9024 -8.47075 40
v -41.4281 -10.5489 40
v -40.8507 -12.6008 40
v -40.1719 -14.6214 40
v -39.3931 -16.6056 40
v -38.5164 -18.5485 40
v -37.544 -20.4454 40
v -36.4782 -22.2914 40
v -35.3217 -24.0819 40
v -34.0774 -25.8126 40
v -32.7484 -27.4792 40
v -31.338 -29.0774 40
v -29.8496 -30.6033 40
v -28.2871 -32.0531 40
v -26.6542 -33.4233 40
v -24.955 -34.7103 40
v -23.1939 -35.9111 40
v -21.375 -37.0226 40
v -19.503 -38.042 40
v -17.5825 -38.9669 40
v -15.6183 -39.7949 40
v -13.6153 -40.5239 40
v -11.5784 -41.1522 40
v -9.51277 -41.6782 40
v -7.42346 -42.1005 40
v -5.31569 -42.4182 40
v -3.19471 -42.6305 40
v -1.06579 -42.7367 40
v 1.06579 -42.7367 40
v 3.19471 -42.6305 40
v 5.31569 -42.4182 40
v 7.42346 -42.1005 40
v 9.51277 -41.6782 40
v 11.5784 -41.1522 40
v 13.6153 -40.5239 40
v 15.6183 -39.7949 40
v 17.5825 -38.9669 40
v 19.503 -38.042 40
v 21.375 -37.0226 40
v 23.1939 -35.9111 40
v 24.955 -34.7103 40
v 26.6542 -33.4233 40
v 28.2871 -32.0531 40
v 29.8496 -30.6033 40
v 31.338 -29.0774 40
v 32.7484 -27.4792 40
v 34.0774 -25.8126 40
v 35.3217 -24.0819 40
v 36.4782 -22.2914 40
v 37.544 -20.4454 40
v 38.5164 -18.5485 40
v 39.3931 -16.6056 40
v 40.1719 -14.6214 40
v 40.8507 -12.6008 40
v 41.4281 -10.5489 40
v 41.9024 -8.47075 40
v 42.2725 -6.37156 40
v 42.5376 -4.25653 40
v 42.6969 -2.13091 40
v 38.25 -9.36855e-15 40
v 38.2025 1.90661 40
v 38.0599 3.80847 40
v 37.8228 5.70087 40
v 37.4916 7.57909 40
v 37.0672 9.43847 40
v 36.5507 11.2744 40
v 35.9432 13.0823 40
v 35.2465 14.8576 40
v 34.4621 16.5961 40
v 33.592 18.2932 40
v 32.6384 19.9449 40
v 31.6036 21.547 40
v 30.4903 23.0955 40
v 29.3012 24.5866 40
v 28.0392 26.0166 40
v 26.7076 27.3819 40
v 25.3095 28.6791 40
v 23.8485 29.9051 40
v 22.3282 31.0566 40
v 20.7524 32.131 40
v 19.125 33.1255 40
v 17.4501 34.0376 40
v 15.7317 34.8651 40
v 13.9743 35.6059 40
v 12.1821 36.2582 40
v 10.3596 36.8204 40
v 8.51143 37.291 40
v 6.64204 37.6689 40
v 4.75615 37.9531 40
v 2.85843 38.143 40
v 0.953599 38.2381 40
v -0.953599 38.2381 40
v -2.85843 38.143 40
v -4.75615 37.9531 40
v -6.64204 37.6689 40
v -8.51143 37.291 40
v -10.3596 36.8204 40
v -12.1821 36.2582 40
v -13.9743 35.6059 40
v -15.7317 34.8651 40
v -17.4501 34.0376 40
v -19.125 33.1255 40
v -20.7524 32.131 40
v -22.3282 31.0566 40
v -23.8485 29.9051 40
v -25.3095 28.6791 40
v -26.7076 27.3819 40
v -28.0392 26.0166 40
v -29.3012 24.5866 40
v -30.4903 23.0955 40
v -31.6036 21.547 40
v -32.6384 19.9449 40
v -33.592 18.2932 40
v -34.4621 16.5961 40
v -35.2465 14.8576 40
v -35.9432 13.0823 40
v -36.5507 11.2744 40
v -37.0672 9.43847 40
v -37.4916 7.57909 40
v -37.8228 5.70087 40
v -38.0599 3.80847 40
v -38.2025 1.90661 40
v -38.25 -1.31207e-13 40
v -38.2025 -1.90661 40
v -38.0599 -3.80847 40
v -37.8228 -5.70087 40
v -37.4916 -7.57909 40
v -37.0672 -9.43847 40
v -36.5507 -11.2744 40
v -35.9432 -13.0823 40
v -35.2465 -14.8576 40
v -34.4621 -16.5961 40
v -33.592 -18.2932 40
v -32.6384 -19.9449 40
v -31.6036 -21.547 40
v -30.4903 -23.0955 40
v -29.3012 -24.5866 40
v -28.0392 -26.0166 40
v -26.7076 -27.3819 40
v -25.3095 -28.6791 40
v -23.8485 -29.9051 40
v -22.3282 -31.0566 40
v -20.7524 -32.131 40
v -19.125 -33.1255 40
v -17.4501 -34.0376 40
v -15.7317 -34.8651 40
v -13.9743 -35.6059 40
v -12.1821 -36.2582 40
v -10.3596 -36.8204 40
v -8.51143 -37.291 40
v -6.64204 -37.6689 40
v -4.75615 -37.9531 40
v -2.85843 -38.143 40
v -0.953599 -38.2381 40
v 0.953599 -38.2381 40
v 2.85843 -38.143 40
v 4.75615 -37.9531 40
v 6.64204 -37.6689 40
v 8.51143 -37.291 40
v 10.3596 -36.8204 40
v 12.1821 -36.2582 40
v 13.9743 -35.6059 40
v 15.7317 -34.8651 40
v 17.4501 -34.0376 40
v 19.125 -33.1255 40
v 20.7524 -32.131 40
v 22.3282 -31.0566 40
v 23.8485 -29.9051 40
v 25.3095 -28.6791 40
v 26.7076 -27.3819 40
v 28.0392 -26.0166 40
v 29.3012 -24.5866 40
v 30.4903 -23.0955 40
v 31.6036 -21.547 40
v 32.6384 -19.9449 40
v 33.592 -18.2932 40
v 34.4621 -16.5961 40
v 35.2465 -14.8576 40
v 35.9432 -13.0823 40
v 36.5507 -11.2744 40
v 37.0672 -9.43847 40
v 37.4916 -7.57909 40
v 37.8228 -5.70087 40
v 38.0599 -3.80847 40
v 38.2025 -1.90661 40
v 42.75 -1.04707e-14 0
v 42.75 -1.04707e-14 40
v 42.75 -1.04707e-14 40
v 42.6969 2.13091 40
v 42.5376 4.25653 40
v 42.2725 6.37156 40
v 41.9024 8.47075 40
v 41.4281 10.5489 40
v 40.8507 12.6008 40
v 40.1719 14.6214 40
v 39.3931 16.6056 40
v 38.5164 18.5485 40
v 37.544 20.4454 40
v 36.4782 22.2914 40
v 35.3217 24.0819 40
v 34.0774 25.8126 40
v 32.7484 27.4792 40
v 31.338 29.0774 40
v 29.8496 30.6033 40
v 28.2871 32.0531 40
v 26.6542 33.4233 40
v 24.955 34.7103 40
v 23.1939 35.9111 40
v 21.375 37.0226 40
v 19.503 38.042 40
v 17.5825 38.9669 40
v 15.6183 39.7949 40
v 13.6153 40.5239 40
v 11.5784 41.1522 40
v 9.51277 41.6782 40
v 7.42346 42.1005 40
v 5.31569 42.4182 40
v 3.19471 42.6305 40
v 1.06579 42.7367 40
v -1.06579 42.7367 40
v -3.19471 42.6305 40
v -5.31569 42.4182 40
v -7.42346 42.1005 40
v -9.51277 41.6782 40
v -11.5784 41.1522 40
v -13.6153 40.5239 40
v -15.6183 39.7949 40
v -17.5825 38.9669 40
v -19.503 38.042 40
v -21.375 37.0226 40
v -23.1939 35.9111 40
v -24.955 34.7103 40
v -26.6542 33.4233 40
v -28.2871 32.0531 40
v -29.8496 30.6033 40
v -31.338 29.0774 40
v -32.7484 27.4792 40
v -34.0774 25.8126 40
v -35.3217 24.0819 40
v -36.4782 22.2914 40
v -37.544 20.4454 40
v -38.5164 18.5485 40
v -39.3931 16.6056 40
v -40.1719 14.6214 40
v -40.8507 12.6008 40
v -41.4281 10.5489 40
v -41.9024 8.47075 40
v -42.2725 6.37156 40
v -42.5376 4.25653 40
v -42.6969 2.13091 40
v -42.75 -1.46643e-13 40
v -42.6969 -2.13091 40
v -42.5376 -4.25653 40
v -42.2725 -6.37156 40
v -41.9024 -8.47075 40
v -41.4281 -10.5489 40
v -40.8507 -12.6008 40
v -40.1719 -14.6214 40
v -39.3931 -16.6056 40
v -38.5164 -18.5485 40
v -37.544 -20.4454 40
v -36.4782 -22.2914 40
v -35.3217 -24.0819 40
v -34.0774 -25.8126 40
v -32.7484 -27.4792 40
v -31.338 -29.0774 40
v -29.8496 -30.6033 40
v -28.2871 -32.0531 40
v -26.6542 -33.4233 40
v -24.955 -34.7103 40
v -23.1939 -35.9111 40
v -21.375 -37.0226 40
v -19.503 -38.042 40
v -17.5825 -38.9669 40
v -15.6183 -39.7949 40
v -13.6153 -40.5239 40
v -11.5784 -41.1522 40
v -9.51277 -41.6782 40
v -7.42346 -42.1005 40
v -5.31569 -42.4182 40
v -3.19471 -42.6305 40
v -1.06579 -42.7367 40
v 1.06579 -42.7367 40
v 3.19471 -42.6305 40
v 5.31569 -42.4182 40
v 7.42346 -42.1005 40
v 9.51277 -41.6782 40
v 11.5784 -41.1522 40
v 13.6153 -40.5239 40
v 15.6183 -39.7949 40
v 17.5825 -38.9669 40
v 19.503 -38.042 40
v 21.375 -37.0226 40
v 23.1939 -35.9111 40
v 24.955 -34.7103 40
v 26.6542 -33.4233 40
v 28.2871 -32.0531 40
v 29.8496 -30.6033 40
v 31.338 -29.0774 40
v 32.7484 -27.4792 40
v 34.0774 -25.8126 40
v 35.3217 -24.0819 40
v 36.4782 -22.2914 40
v 37.544 -20.4454 40
v 38.5164 -18.5485 40
v 39.3931 -16.6056 40
v 40.1719 -14.6214 40
v 40.8507 -12.6008 40
v 41.4281 -10.5489 40
v 41.9024 -8.47075 40
v 42.2725 -6.37156 40
v 42.5376 -4.25653 40
v 42.6969 -2.13091 40
v 42.75 -1.04707e-14 0
v 42.6969 2.13091 0
v 42.5376 4.25653 0
v 42.2725 6.37156 0
v 41.9024 8.47075 0
v 41.4281 10.5489 0
v 40.8507 12.6008 0
v 40.1719 14.6214 0
v 39.3931 16.6056 0
v 38.5164 18.5485 0
v 37.544 20.4454 0
v 36.4782 22.2914 0
v 35.3217 24.0819 0
v 34.0774 25.8126 0
v 32.7484 27.4792 0
v 31.338 29.0774 0
v 29.8496 30.6033 0
v 28.2871 32.0531 0
v 26.6542 33.4233 0
v 24.955 34.7103 0
v 23.1939 35.9111 0
v 21.375 37.0226 0
v 19.503 38.042 0
v 17.5825 38.9669 0
v 15.6183 39.7949 0
v 13.6153 40.5239 0
v 11.5784 41.1522 0
v 9.51277 41.6782 0
v 7.42346 42.1005 0
v 5.31569 42.4182 0
v 3.19471 42.6305 0
v 1.06579 42.7367 0
v -1.06579 42.7367 0
v -3.19471 42.6305 0
v -5.31569 42.4182 0
v -7.42346 42.1005 0
v -9.51277 41.6782 0
v -11.5784 41.1522 0
v -13.6153 40.5239 0
v -15.6183 39.7949 0
v -17.5825 38.9669 0
v -19.503 38.042 0
v -21.375 37.0226 0
v -23.1939 35.9111 0
v -24.955 34.7103 0
v -26.6542 33.4233 0
v -28.2871 32.0531 0
v -29.8496 30.6033 0
v -31.338 29.0774 0
v -32.7484 27.4792 0
v -34.0774 25.8126 0
v -35.3217 24.0819 0
v -36.4782 22.2914 0
v -37.544 20.4454 0
v -38.5164 18.5485 0
v -39.3931 16.6056 0
v -40.1719 14.6214 0
v -40.8507 12.6008 0
v -41.4281 10.5489 0
v -41.9024 8.47075 0
v -42.2725 6.37156 0
v -42.5376 4.25653 0
v -42.6969 2.13091 0
v -42.75 -1.46643e-13 0
v -42.6969 -2.13091 0
v -42.5376 -4.25653 0
v -42.2725 -6.37156 0
v -41.9024 -8.47075 0
v -41.4281 -10.5489 0
v -40.8507 -12.6008 0
v -40.1719 -14.6214 0
v -39.3931 -16.6056 0
v -38.5164 -18.5485 0
v -37.544 -20.4454 0
v -36.4782 -22.2914 0
v -35.3217 -24.0819 0
v -34.0774 -25.8126 0
v -32.7484 -27.4792 0
v -31.338 -29.0774 0
v -29.8496 -30.6033 0
v -28.2871 -32.0531 0
v -26.6542 -33.4233 0
v -24.955 -34.7103 0
v -23.1939 -35.9111 0
v -21.375 -37.0226 0
v -19.503 -38.042 0
v -17.5825 -38.9669 0
v -15.6183 -39.7949 0
v -13.6153 -40.5239 0
v -11.5784 -41.1522 0
v -9.51277 -41.6782 0
v -7.42346 -42.1005 0
v -5.31569 -42.4182 0
v -3.19471 -42.6305 0
v -1.06579 -42.7367 0
v 1.06579 -42.7367 0
v 3.19471 -42.6305 0
v 5.31569 -42.4182 0
v 7.42346 -42.1005 0
v 9.51277 -41.6782 0
v 11.5784 -41.1522 0
v 13.6153 -40.5239 0
v 15.6183 -39.7949 0
v 17.5825 -38.9669 0
v 19.503 -38.042 0
v 21.375 -37.0226 0
v 23.1939 -35.9111 0
v 24.955 -34.7103 0
v 26.6542 -33.4233 0
v 28.2871 -32.0531 0
v 29.8496 -30.6033 0
v 31.338 -29.0774 0
v 32.7484 -27.4792 0
v 34.0774 -25.8126 0
v 35.3217 -24.0819 0
v 36.4782 -22.2914 0
v 37.544 -20.4454 0
v 38.5164 -18.5485 0
v 39.3931 -16.6056 0
v 40.1719 -14.6214 0
v 40.8507 -12.6008 0
v 41.4281 -10.5489 0
v 41.9024 -8.47075 0
v 42.2725 -6.37156 0
v 42.5376 -4.25653 0
v 42.6969 -2.13091 0
v 11 -41.3106 24
v 10.9919 -41.3127 24.4213
v 10.9677 -41.3191 24.8422
v 10.9273 -41.3298 25.2622
v 10.8708 -41.3448 25.6812
v 10.7979 -41.3638 26.0988
v 10.7087 -41.387 26.5145
v 10.6031 -41.4142 26.9281
v 10.4809 -41.4453 27.3392
v 10.3421 -41.4802 27.7473
v 10.1863 -41.5187 28.152
v 10.0135 -41.5607 28.5529
v 9.82354 -41.606 28.9496
v 9.61612 -41.6544 29.3414
v 9.39106 -41.7058 29.7278
v 9.14812 -41.7597 30.1083
v 8.88693 -41.8161 30.4825
v 8.60688 -41.8746 30.8499
v 8.30766 -41.935 31.2099
v 7.98902 -41.9969 31.5615
v 7.65071 -42.0598 31.9036
v 7.29253 -42.1234 32.2352
v 6.91429 -42.1871 32.5553
v 6.51584 -42.2505 32.8625
v 6.09707 -42.313 33.1556
v 5.65791 -42.3739 33.4333
v 5.19834 -42.4328 33.6942
v 4.71841 -42.4888 33.9366
v 4.26913 -42.5363 34.1378
v 3.85084 -42.5762 34.3039
v 3.41948 -42.613 34.455
v 2.97549 -42.6463 34.5899
v 2.52032 -42.6756 34.7074
v 2.05566 -42.7005 34.8062
v 1.58324 -42.7207 34.8855
v 1.10485 -42.7357 34.9444
v 0.622268 -42.7455 34.9824
v 0.137335 -42.7498 34.9991
v -0.348119 -42.7486 34.9945
v -0.832254 -42.7419 34.9685
v -1.31324 -42.7298 34.9213
v -1.78926 -42.7125 34.8535
v -2.25852 -42.6903 34.7656
v -2.71927 -42.6634 34.6586
v -3.16979 -42.6323 34.5334
v -3.60842 -42.5974 34.3913
v -4.03412 -42.5592 34.2336
v -4.44669 -42.5181 34.0612
v -4.84601 -42.4744 33.875
v -5.23202 -42.4286 33.6761
v -5.60465 -42.381 33.4651
v -5.96389 -42.332 33.2429
v -6.30975 -42.2818 33.0104
v -6.64225 -42.2308 32.7682
v -6.96143 -42.1794 32.5169
v -7.26737 -42.1278 32.2574
v -7.56014 -42.0762 31.9903
v -7.83983 -42.025 31.716
v -8.10656 -41.9744 31.4353
v -8.36044 -41.9245 31.1486
v -8.6016 -41.8757 30.8566
v -8.83019 -41.8281 30.5596
v -9.04634 -41.7819 30.2581
v -9.25034 -41.7372 29.9524
v -9.44251 -41.6941 29.6426
v -9.62299 -41.6529 29.329
v -9.79189 -41.6135 29.0119
v -9.94934 -41.5761 28.6915
v -10.0954 -41.5409 28.3683
v -10.2303 -41.5079 28.0424
v -10.354 -41.4772 27.714
v -10.4667 -41.4489 27.3835
v -10.5684 -41.4231 27.051
v -10.6592 -41.3998 26.7167
v -10.7392 -41.3791 26.3809
v -10.8085 -41.3611 26.0438
v -10.867 -41.3458 25.7056
v -10.9148 -41.3332 25.3663
v -10.952 -41.3233 25.0263
v -10.9786 -41.3163 24.6857
v -10.9946 -41.312 24.3447
v -11 -41.3106 24.0034
v -10.9948 -41.3119 23.6621
v -10.979 -41.3161 23.3211
v -10.9527 -41.3231 22.9805
v -10.9157 -41.3329 22.6405
v -10.868 -41.3455 22.3013
v -10.8097 -41.3608 21.963
v -10.7407 -41.3787 21.6258
v -10.661 -41.3994 21.29
v -10.5704 -41.4226 20.9558
v -10.4689 -41.4483 20.6232
v -10.3564 -41.4766 20.2926
v -10.2329 -41.5072 19.9642
v -10.0983 -41.5402 19.6383
v -9.9524 -41.5754 19.3149
v -9.79518 -41.6127 18.9946
v -9.62651 -41.652 18.6774
v -9.44627 -41.6933 18.3637
v -9.25433 -41.7363 18.0538
v -9.05058 -41.781 17.748
v -8.83467 -41.8272 17.4465
v -8.60634 -41.8747 17.1494
v -8.36543 -41.9235 16.8572
v -8.1118 -41.9733 16.5704
v -7.84533 -42.024 16.2896
v -7.5659 -42.0752 16.0152
v -7.2734 -42.1267 15.7479
v -6.96773 -42.1784 15.4882
v -6.64881 -42.2298 15.2368
v -6.31658 -42.2808 14.9944
v -5.97099 -42.331 14.7616
v -5.61202 -42.38 14.5393
v -5.23965 -42.4277 14.3281
v -4.85392 -42.4735 14.1289
v -4.45486 -42.5173 13.9425
v -4.04256 -42.5584 13.7698
v -3.61712 -42.5967 13.6117
v -3.17874 -42.6317 13.4693
v -2.72844 -42.6628 13.3438
v -2.26788 -42.6898 13.2363
v -1.79877 -42.7121 13.1481
v -1.32287 -42.7295 13.0798
v -0.841967 -42.7417 13.0323
v -0.357876 -42.7485 13.0058
v 0.12757 -42.7498 13.0007
v 0.612533 -42.7456 13.0171
v 1.09518 -42.736 13.0547
v 1.57368 -42.721 13.1131
v 2.04623 -42.701 13.192
v 2.51107 -42.6762 13.2904
v 2.96644 -42.647 13.4075
v 3.41068 -42.6137 13.5421
v 3.84231 -42.577 13.6929
v 4.26091 -42.5371 13.8588
v 4.66634 -42.4946 14.0388
v 5.0585 -42.4497 14.2321
v 5.43733 -42.4028 14.4378
v 5.80277 -42.3543 14.6551
v 6.15482 -42.3046 14.8831
v 6.4935 -42.254 15.1211
v 6.81882 -42.2027 15.3684
v 7.13084 -42.1511 15.6244
v 7.42964 -42.0994 15.8882
v 7.71529 -42.048 16.1594
v 7.98789 -41.9971 16.4374
v 8.24756 -41.9469 16.7214
v 8.49442 -41.8976 17.0111
v 8.7286 -41.8494 17.3059
v 8.95025 -41.8026 17.6052
v 9.15972 -41.7572 17.9091
v 9.3573 -41.7133 18.2172
v 9.5431 -41.6712 18.5292
v 9.71727 -41.631 18.8449
v 9.87993 -41.5927 19.164
v 10.0312 -41.5564 19.4861
v 10.1711 -41.5224 19.8109
v 10.2999 -41.4907 20.1384
v 10.4175 -41.4613 20.468
v 10.5242 -41.4343 20.7998
v 10.6199 -41.4099 21.1334
v 10.7048 -41.388 21.4686
v 10.7788 -41.3688 21.8052
v 10.8421 -41.3523 22.1431
v 10.8948 -41.3384 22.482
v 10.9367 -41.3274 22.8218
v 10.9681 -41.3191 23.1623
v 10.9888 -41.3135 23.5032
v 10.9972 -41.3113 23.7516
v 11 41.3106 24
v 10.9919 41.3127 24.4213
v 10.9677 41.3191 24.8422
v 10.9273 41.3298 25.2622
v 10.8708 41.3448 25.6812
v 10.7979 41.3638 26.0988
v 10.7087 41.387 26.5145
v 10.6031 41.4142 26.9281
v 10.4809 41.4453 27.3392
v 10.3421 41.4802 27.7473
v 10.1863 41.5187 28.152
v 10.0135 41.5607 28.5529
v 9.82354 41.606 28.9496
v 9.61612 41.6544 29.3414
v 9.39106 41.7058 29.7278
v 9.14812 41.7597 30.1083
v 8.88693 41.8161 30.4825
v 8.60688 41.8746 30.8499
v 8.30766 41.935 31.2099
v 7.98902 41.9969 31.5615
v 7.65071 42.0598 31.9036
v 7.29253 42.1234 32.2352
v 6.91429 42.1871 32.5553
v 6.51584 42.2505 32.8625
v 6.09707 42.313 33.1556
v 5.65791 42.3739 33.4333
v 5.19834 42.4328 33.6942
v 4.71841 42.4888 33.9366
v 4.26913 42.5363 34.1378
v 3.85084 42.5762 34.3039
v 3.41948 42.613 34.455
v 2.97549 42.6463 34.5899
v 2.52032 42.6756 34.7074
v 2.05566 42.7005 34.8062
v 1.58324 42.7207 34.8855
v 1.10485 42.7357 34.9444
v 0.622268 42.7455 34.9824
v 0.137335 42.7498 34.9991
v -0.348119 42.7486 34.9945
v -0.832254 42.7419 34.9685
v -1.31324 42.7298 34.9213
v -1.78926 42.7125 34.8535
v -2.25852 42.6903 34.7656
v -2.71927 42.6634 34.6586
v -3.16979 42.6323 34.5334
v -3.60842 42.5974 34.3913
v -4.03412 42.5592 34.2336
v -4.44669 42.5181 34.0612
v -4.84601 42.4744 33.875
v -5.23202 42.4286 33.6761
v -5.60465 42.381 33.4651
v -5.96389 42.332 33.2429
v -6.30975 42.2818 33.0104
v -6.64225 42.2308 32.7682
v -6.96143 42.1794 32.5169
v -7.26737 42.1278 32.2574
v -7.56014 42.0762 31.9903
v -7.83983 42.025 31.716
v -8.10656 41.9744 31.4353
v -8.36044 41.9245 31.1486
v -8.6016 41.8757 30.8566
v -8.83019 41.8281 30.5596
v -9.04634 41.7819 30.2581
v -9.25034 41.7372 29.9524
v -9.44251 41.6941 29.6426
v -9.62299 41.6529 29.329
v -9.79189 41.6135 29.0119
v -9.94934 41.5761 28.6915
v -10.0954 41.5409 28.3683
v -10.2303 41.5079 28.0424
v -10.354 41.4772 27.714
v -10.4667 41.4489 27.3835
v -10.5684 41.4231 27.051
v -10.6592 41.3998 26.7167
v -10.7392 41.3791 26.3809
v -10.8085 41.3611 26.0438
v -10.867 41.3458 25.7056
v -10.9148 41.3332 25.3663
v -10.952 41.3233 25.0263
v -10.9786 41.3163 24.6857
v -10.9946 41.312 24.3447
v -11 41.3106 24.0034
v -10.9948 41.3119 23.6621
v -10.979 41.3161 23.3211
v -10.9527 41.3231 22.9805
v -10.9157 41.3329 22.6405
v -10.868 41.3455 22.3013
v -10.8097 41.3608 21.963
v -10.7407 41.3787 21.6258
v -10.661 41.3994 21.29
v -10.5704 41.4226 20.9558
v -10.4689 41.4483 20.6232
v -10.3564 41.4766 20.2926
v -10.2329 41.5072 19.9642
v -10.0983 41.5402 19.6383
v -9.9524 41.5754 19.3149
v -9.79518 41.6127 18.9946
v -9.62651 41.652 18.6774
v -9.44627 41.6933 18.3637
v -9.25433 41.7363 18.0538
v -9.05058 41.781 17.748
v -8.83467 41.8272 17.4465
v -8.60634 41.8747 17.1494
v -8.36542 41.9235 16.8572
v -8.1118 41.9733 16.5704
v -7.84533 42.024 16.2896
v -7.5659 42.0752 16.0152
v -7.2734 42.1267 15.7479
v -6.96773 42.1784 15.4882
v -6.64881 42.2298 15.2368
v -6.31658 42.2808 14.9944
v -5.97099 42.331 14.7616
v -5.61202 42.38 14.5393
v -5.23965 42.4277 14.3281
v -4.85392 42.4735 14.1289
v -4.45486 42.5173 13.9425
v -4.04256 42.5584 13.7698
v -3.61712 42.5967 13.6117
v -3.17874 42.6317 13.4693
v -2.72844 42.6628 13.3438
v -2.26788 42.6898 13.2363
v -1.79877 42.7121 13.1481
v -1.32287 42.7295 13.0798
v -0.841967 42.7417 13.0323
v -0.357876 42.7485 13.0058
v 0.12757 42.7498 13.0007
v 0.612533 42.7456 13.0171
v 1.09518 42.736 13.0547
v 1.57368 42.721 13.1131
v 2.04623 42.701 13.192
v 2.51107 42.6762 13.2904
v 2.96644 42.647 13.4075
v 3.41068 42.6137 13.5421
v 3.84231 42.577 13.6929
v 4.26091 42.5371 13.8588
v 4.66634 42.4946 14.0388
v 5.0585 42.4497 14.2321
v 5.43733 42.4028 14.4378
v 5.80277 42.3543 14.6551
v 6.15482 42.3046 14.8831
v 6.4935 42.254 15.1211
v 6.81882 42.2027 15.3684
v 7.13084 42.1511 15.6244
v 7.42964 42.0994 15.8882
v 7.71529 42.048 16.1594
v 7.98789 41.9971 16.4374
v 8.24756 41.9469 16.7214
v 8.49442 41.8976 17.0111
v 8.7286 41.8494 17.3059
v 8.95025 41.8026 17.6052
v 9.15972 41.7572 17.9091
v 9.3573 41.7133 18.2172
v 9.5431 41.6712 18.5292
v 9.71727 41.631 18.8449
v 9.87993 41.5927 19.164
v 10.0312 41.5564 19.4861
v 10.1711 41.5224 19.8109
v 10.2999 41.4907 20.1384
v 10.4175 41.4613 20.468
v 10.5242 41.4343 20.7998
v 10.6199 41.4099 21.1334
v 10.7048 41.388 21.4686
v 10.7788 41.3688 21.8052
v 10.8421 41.3523 22.1431
v 10.8948 41.3384 22.482
v 10.9367 41.3274 22.8218
v 10.9681 41.3191 23.1623
v 10.9888 41.3135 23.5032
v 10.9972 41.3113 23.7516
v 42.75 -1.04707e-14 0
v 42.6969 2.13091 0
v 42.5376 4.25653 0
v 42.2725 6.37156 0
v 41.9024 8.47075 0
v 41.4281 10.5489 0
v 40.8507 12.6008 0
v 40.1719 14.6214 0
v 39.3931 16.6056 0
v 38.5164 18.5485 0
v 37.544 20.4454 0
v 36.4782 22.2914 0
v 35.3217 24.0819 0
v 34.0774 25.8126 0
v 32.7484 27.4792 0
v 31.338 29.0774 0
v 29.8496 30.6033 0
v 28.2871 32.0531 0
v 26.6542 33.4233 0
v 24.955 34.7103 0
v 23.1939 35.9111 0
v 21.375 37.0226 0
v 19.503 38.042 0
v 17.5825 38.9669 0
v 15.6183 39.7949 0
v 13.6153 40.5239 0
v 11.5784 41.1522 0
v 9.51277 41.6782 0
v 7.42346 42.1005 0
v 5.31569 42.4182 0
v 3.19471 42.6305 0
v 1.06579 42.7367 0
v -1.06579 42.7367 0
v -3.19471 42.6305 0
v -5.31569 42.4182 0
v -7.42346 42.1005 0
v -9.51277 41.6782 0
v -11.5784 41.1522 0
v -13.6153 40.5239 0
v -15.6183 39.7949 0
v -17.5825 38.9669 0
v -19.503 38.042 0
v -21.375 37.0226 0
v -23.1939 35.9111 0
v -24.955 34.7103 0
v -26.6542 33.4233 0
v -28.2871 32.0531 0
v -29.8496 30.6033 0
v -31.338 29.0774 0
v -32.7484 27.4792 0
v -34.0774 25.8126 0
v -35.3217 24.0819 0
v -36.4782 22.2914 0
v -37.544 20.4454 0
v -38.5164 18.5485 0
v -39.3931 16.6056 0
v -40.1719 14.6214 0
v -40.8507 12.6008 0
v -41.4281 10.5489 0
v -41.9024 8.47075 0
v -42.2725 6.37156 0
v -42.5376 4.25653 0
v -42.6969 2.13091 0
v -42.75 -1.46643e-13 0
v -42.6969 -2.13091 0
v -42.5376 -4.25653 0
v -42.2725 -6.37156 0
v -41.9024 -8.47075 0
v -41.4281 -10.5489 0
v -40.8507 -12.6008 0
v -40.1719 -14.6214 0
v -39.3931 -16.6056 0
v -38.5164 -18.5485 0
v -37.544 -20.4454 0
v -36.4782 -22.2914 0
v -35.3217 -24.0819 0
v -34.0774 -25.8126 0
v -32.7484 -27.4792 0
v -31.338 -29.0774 0
v -29.8496 -30.6033 0
v -28.2871 -32.0531 0
v -26.6542 -33.4233 0
v -24.955 -34.7103 0
v -23.1939 -35.9111 0
v -21.375 -37.0226 0
v -19.503 -38.042 0
v -17.5825 -38.9669 0
v -15.6183 -39.7949 0
v -13.6153 -40.5239 0
v -11.5784 -41.1522 0
v -9.51277 -41.6782 0
v -7.42346 -42.1005 0
v -5.31569 -42.4182 0
v -3.19471 -42.6305 0
v -1.06579 -42.7367 0
v 1.06579 -42.7367 0
v 3.19471 -42.6305 0
v 5.31569 -42.4182 0
v 7.42346 -42.1005 0
v 9.51277 -41.6782 0
v 11.5784 -41.1522 0
v 13.6153 -40.5239 0
v 15.6183 -39.7949 0
v 17.5825 -38.9669 0
v 19.503 -38.042 0
v 21.375 -37.0226 0
v 23.1939 -35.9111 0
v 24.955 -34.7103 0
v 26.6542 -33.4233 0
v 28.2871 -32.0531 0
v 29.8496 -30.6033 0
v 31.338 -29.0774 0
v 32.7484 -27.4792 0
v 34.0774 -25.8126 0
v 35.3217 -24.0819 0
v 36.4782 -22.2914 0
v 37.544 -20.4454 0
v 38.5164 -18.5485 0
v 39.3931 -16.6056 0
v 40.1719 -14.6214 0
v 40.8507 -12.6008 0
v 41.4281 -10.5489 0
v 41.9024 -8.47075 0
v 42.2725 -6.37156 0
v 42.5376 -4.25653 0
v 42.6969 -2.13091 0
v 36.75 -9.00115e-15 0
v 36.7043 1.83184 0
v 36.5674 3.65912 0
v 36.3395 5.4773 0
v 36.0213 7.28187 0
v 35.6136 9.06833 0
v 35.1173 10.8323 0
v 34.5337 12.5692 0
v 33.8643 14.275 0
v 33.1106 15.9452 0
v 32.2746 17.5758 0
v 31.3584 19.1627 0
v 30.3643 20.702 0
v 29.2946 22.1898 0
v 28.1521 23.6224 0
v 26.9397 24.9963 0
v 25.6602 26.3081 0
v 24.317 27.5545 0
v 22.9133 28.7323 0
v 21.4526 29.8387 0
v 19.9386 30.871 0
v 18.375 31.8264 0
v 16.7657 32.7028 0
v 15.1148 33.4978 0
v 13.4263 34.2096 0
v 11.7044 34.8363 0
v 9.95339 35.3764 0
v 8.17764 35.8286 0
v 6.38157 36.1917 0
v 4.56963 36.4648 0
v 2.74633 36.6472 0
v 0.916203 36.7386 0
v -0.916203 36.7386 0
v -2.74633 36.6472 0
v -4.56963 36.4648 0
v -6.38157 36.1917 0
v -8.17764 35.8286 0
v -9.95339 35.3764 0
v -11.7044 34.8363 0
v -13.4263 34.2096 0
v -15.1148 33.4978 0
v -16.7657 32.7028 0
v -18.375 31.8264 0
v -19.9386 30.871 0
v -21.4526 29.8387 0
v -22.9133 28.7323 0
v -24.317 27.5545 0
v -25.6602 26.3081 0
v -26.9397 24.9963 0
v -28.1521 23.6224 0
v -29.2946 22.1898 0
v -30.3643 20.702 0
v -31.3584 19.1627 0
v -32.2746 17.5758 0
v -33.1106 15.9452 0
v -33.8643 14.275 0
v -34.5337 12.5692 0
v -35.1173 10.8323 0
v -35.6136 9.06833 0
v -36.0213 7.28187 0
v -36.3395 5.4773 0
v -36.5674 3.65912 0
v -36.7043 1.83184 0
v -36.75 -1.26062e-13 0
v -36.7043 -1.83184 0
v -36.5674 -3.65912 0
v -36.3395 -5.4773 0
v -36.0213 -7.28187 0
v -35.6136 -9.06833 0
v -35.1173 -10.8323 0
v -34.5337 -12.5692 0
v -33.8643 -14.275 0
v -33.1106 -15.9452 0
v -32.2746 -17.5758 0
v -31.3584 -19.1627 0
v -30.3643 -20.702 0
v -29.2946 -22.1898 0
v -28.1521 -23.6224 0
v -26.9397 -24.9963 0
v -25.6602 -26.3081 0
v -24.317 -27.5545 0
v -22.9133 -28.7323 0
v -21.4526 -29.8387 0
v -19.9386 -30.871 0
v -18.375 -31.8264 0
v -16.7657 -32.7028 0
v -15.1148 -33.4978 0
v -13.4263 -34.2096 0
v -11.7044 -34.8363 0
v -9.95339 -35.3764 0
v -8.17764 -35.8286 0
v -6.38157 -36.1917 0
v -4.56963 -36.4648 0
v -2.74633 -36.6472 0
v -0.916203 -36.7386 0
v 0.916203 -36.7386 0
v 2.74633 -36.6472 0
v 4.56963 -36.4648 0
v 6.38157 -36.1917 0
v 8.17764 -35.8286 0
v 9.95339 -35.3764 0
v 11.7044 -34.8363 0
v 13.4263 -34.2096 0
v 15.1148 -33.4978 0
v 16.7657 -32.7028 0
v 18.375 -31.8264 0
v 19.9386 -30.871 0
v 21.4526 -29.8387 0
v 22.9133 -28.7323 0
v 24.317 -27.5545 0
v 25.6602 -26.3081 0
v 26.9397 -24.9963 0
v 28.1521 -23.6224 0
v 29.2946 -22.1898 0
v 30.3643 -20.702 0
v 31.3584 -19.1627 0
v 32.2746 -17.5758 0
v 33.1106 -15.9452 0
v 33.8643 -14.275 0
v 34.5337 -12.5692 0
v 35.1173 -10.8323 0
v 35.6136 -9.06833 0
v 36.0213 -7.28187 0
v 36.3395 -5.4773 0
v 36.5674 -3.65912 0
v 36.7043 -1.83184 0
v 11 -41.3106 24
v 10.9919 -41.3127 24.4213
v 10.9677 -41.3191 24.8422
v 10.9273 -41.3298 25.2622
v 10.8708 -41.3448 25.6812
v 10.7979 -41.3638 26.0988
v 10.7087 -41.387 26.5145
v 10.6031 -41.4142 26.9281
v 10.4809 -41.4453 27.3392
v 10.3421 -41.4802 27.7473
v 10.1863 -41.5187 28.152
v 10.0135 -41.5607 28.5529
v 9.82354 -41.606 28.9496
v 9.61612 -41.6544 29.3414
v 9.39106 -41.7058 29.7278
v 9.14812 -41.7597 30.1083
v 8.88693 -41.8161 30.4825
v 8.60688 -41.8746 30.8499
v 8.30766 -41.935 31.2099
v 7.98902 -41.9969 31.5615
v 7.65071 -42.0598 31.9036
v 7.29253 -42.1234 32.2352
v 6.91429 -42.1871 32.5553
v 6.51584 -42.2505 32.8625
v 6.09707 -42.313 33.1556
v 5.65791 -42.3739 33.4333
v 5.19834 -42.4328 33.6942
v 4.71841 -42.4888 33.9366
v 4.26913 -42.5363 34.1378
v 3.85084 -42.5762 34.3039
v 3.41948 -42.613 34.455
v 2.97549 -42.6463 34.5899
v 2.52032 -42.6756 34.7074
v 2.05566 -42.7005 34.8062
v 1.58324 -42.7207 34.8855
v 1.10485 -42.7357 34.9444
v 0.622268 -42.7455 34.9824
v 0.137335 -42.7498 34.9991
v -0.348119 -42.7486 34.9945
v -0.832254 -42.7419 34.9685
v -1.31324 -42.7298 34.9213
v -1.78926 -42.7125 34.8535
v -2.25852 -42.6903 34.7656
v -2.71927 -42.6634 34.6586
v -3.16979 -42.6323 34.5334
v -3.60842 -42.5974 34.3913
v -4.03412 -42.5592 34.2336
v -4.44669 -42.5181 34.0612
v -4.84601 -42.4744 33.875
v -5.23202 -42.4286 33.6761
v -5.60465 -42.381 33.4651
v -5.96389 -42.332 33.2429
v -6.30975 -42.2818 33.0104
v -6.64225 -42.2308 32.7682
v -6.96143 -42.1794 32.5169
v -7.26737 -42.1278 32.2574
v -7.56014 -42.0762 31.9903
v -7.83983 -42.025 31.716
v -8.10656 -41.9744 31.4353
v -8.36044 -41.9245 31.1486
v -8.6016 -41.8757 30.8566
v -8.83019 -41.8281 30.5596
v -9.04634 -41.7819 30.2581
v -9.25034 -41.7372 29.9524
v -9.44251 -41.6941 29.6426
v -9.62299 -41.6529 29.329
v -9.79189 -41.6135 29.0119
v -9.94934 -41.5761 28.6915
v -10.0954 -41.5409 28.3683
v -10.2303 -41.5079 28.0424
v -10.354 -41.4772 27.714
v -10.4667 -41.4489 27.3835
v -10.5684 -41.4231 27.051
v -10.6592 -41.3998 26.7167
v -10.7392 -41.3791 26.3809
v -10.8085 -41.3611 26.0438
v -10.867 -41.3458 25.7056
v -10.9148 -41.3332 25.3663
v -10.952 -41.3233 25.0263
v -10.9786 -41.3163 24.6857
v -10.9946 -41.312 24.3447
v -11 -41.3106 24.0034
v -10.9948 -41.3119 23.6621
v -10.979 -41.3161 23.3211
v -10.9527 -41.3231 22.9805
v -10.9157 -41.3329 22.6405
v -10.868 -41.3455 22.3013
v -10.8097 -41.3608 21.963
v -10.7407 -41.3787 21.6258
v -10.661 -41.3994 21.29
v -10.5704 -41.4226 20.9558
v -10.4689 -41.4483 20.6232
v -10.3564 -41.4766 20.2926
v -10.2329 -41.5072 19.9642
v -10.0983 -41.5402 19.6383
v -9.9524 -41.5754 19.3149
v -9.79518 -41.6127 18.9946
v -9.62651 -41.652 18.6774
v -9.44627 -41.6933 18.3637
v -9.25433 -41.7363 18.0538
v -9.05058 -41.781 17.748
v -8.83467 -41.8272 17.4465
v -8.60634 -41.8747 17.1494
v -8.36543 -41.9235 16.8572
v -8.1118 -41.9733 16.5704
v -7.84533 -42.024 16.2896
v -7.5659 -42.0752 16.0152
v -7.2734 -42.1267 15.7479
v -6.96773 -42.1784 15.4882
v -6.64881 -42.2298 15.2368
v -6.31658 -42.2808 14.9944
v -5.97099 -42.331 14.7616
v -5.61202 -42.38 14.5393
v -5.23965 -42.4277 14.3281
v -4.85392 -42.4735 14.1289
v -4.45486 -42.5173 13.9425
v -4.04256 -42.5584 13.7698
v -3.61712 -42.5967 13.6117
v -3.17874 -42.6317 13.4693
v -2.72844 -42.6628 13.3438
v -2.26788 -42.6898 13.2363
v -1.79877 -42.7121 13.1481
v -1.32287 -42.7295 13.0798
v -0.841967 -42.7417 13.0323
v -0.357876 -42.7485 13.0058
v 0.12757 -42.7498 13.0007
v 0.612533 -42.7456 13.0171
v 1.09518 -42.736 13.0547
v 1.57368 -42.721 13.1131
v 2.04623 -42.701 13.192
v 2.51107 -42.6762 13.2904
v 2.96644 -42.647 13.4075
v 3.41068 -42.6137 13.5421
v 3.84231 -42.577 13.6929
v 4.26091 -42.5371 13.8588
v 4.66634 -42.4946 14.0388
v 5.0585 -42.4497 14.2321
v 5.43733 -42.4028 14.4378
v 5.80277 -42.3543 14.6551
v 6.15482 -42.3046 14.8831
v 6.4935 -42.254 15.1211
v 6.81882 -42.2027 15.3684
v 7.13084 -42.1511 15.6244
v 7.42964 -42.0994 15.8882
v 7.71529 -42.048 16.1594
v 7.98789 -41.9971 16.4374
v 8.24756 -41.9469 16.7214
v 8.49442 -41.8976 17.0111
v 8.7286 -41.8494 17.3059
v 8.95025 -41.8026 17.6052
v 9.15972 -41.7572 17.9091
v 9.3573 -41.7133 18.2172
v 9.5431 -41.6712 18.5292
v 9.71727 -41.631 18.8449
v 9.87993 -41.5927 19.164
v 10.0312 -41.5564 19.4861
v 10.1711 -41.5224 19.8109
v 10.2999 -41.4907 20.1384
v 10.4175 -41.4613 20.468
v 10.5242 -41.4343 20.7998
v 10.6199 -41.4099 21.1334
v 10.7048 -41.388 21.4686
v 10.7788 -41.3688 21.8052
v 10.8421 -41.3523 22.1431
v 10.8948 -41.3384 22.482
v 10.9367 -41.3274 22.8218
v 10.9681 -41.3191 23.1623
v 10.9888 -41.3135 23.5032
v 10.9972 -41.3113 23.7516
v 11 -41.3106 24
v 11 -14 24
v 10.9863 -14 24.5483
v 10.9453 -14 25.0952
v 10.8771 -14 25.6395
v 10.7819 -14 26.1796
v 10.6599 -14 26.7143
v 10.5113 -14 27.2423
v 10.3366 -14 27.7622
v 10.1362 -14 28.2728
v 9.91066 -14 28.7727
v 9.66044 -14 29.2608
v 9.3862 -14 29.7358
v 9.08863 -14 30.1965
v 8.76846 -14 30.6418
v 8.42649 -14 31.0707
v 8.06357 -14 31.4819
v 7.6806 -14 31.8745
v 7.27854 -14 32.2476
v 6.85839 -14 32.6001
v 6.42118 -14 32.9313
v 5.96801 -14 33.2403
v 5.5 -14 33.5263
v 5.01832 -14 33.7886
v 4.52416 -14 34.0266
v 4.01875 -14 34.2396
v 3.50335 -14 34.4272
v 2.97925 -14 34.5889
v 2.44773 -14 34.7242
v 1.91013 -14 34.8329
v 1.36778 -14 34.9146
v 0.822031 -14 34.9692
v 0.274238 -14 34.9966
v -0.274238 -14 34.9966
v -0.822031 -14 34.9692
v -1.36778 -14 34.9146
v -1.91013 -14 34.8329
v -2.44773 -14 34.7242
v -2.97925 -14 34.5889
v -3.50335 -14 34.4272
v -4.01875 -14 34.2396
v -4.52416 -14 34.0266
v -5.01832 -14 33.7886
v -5.5 -14 33.5263
v -5.96801 -14 33.2403
v -6.42118 -14 32.9313
v -6.85839 -14 32.6001
v -7.27854 -14 32.2476
v -7.6806 -14 31.8745
v -8.06357 -14 31.4819
v -8.42649 -14 31.0707
v -8.76846 -14 30.6418
v -9.08863 -14 30.1965
v -9.3862 -14 29.7358
v -9.66044 -14 29.2608
v -9.91066 -14 28.7727
v -10.1362 -14 28.2728
v -10.3366 -14 27.7622
v -10.5113 -14 27.2423
v -10.6599 -14 26.7143
v -10.7819 -14 26.1796
v -10.8771 -14 25.6395
v -10.9453 -14 25.0952
v -10.9863 -14 24.5483
v -11 -14 24
v -10.9863 -14 23.4517
v -10.9453 -14 22.9048
v -10.8771 -14 22.3605
v -10.7819 -14 21.8204
v -10.6599 -14 21.2857
v -10.5113 -14 20.7577
v -10.3366 -14 20.2378
v -10.1362 -14 19.7272
v -9.91066 -14 19.2273
v -9.66044 -14 18.7392
v -9.3862 -14 18.2642
v -9.08863 -14 17.8035
v -8.76846 -14 17.3582
v -8.42649 -14 16.9293
v -8.06357 -14 16.5181
v -7.6806 -14 16.1255
v -7.27854 -14 15.7524
v -6.85839 -14 15.3999
v -6.42118 -14 15.0687
v -5.96801 -14 14.7597
v -5.5 -14 14.4737
v -5.01832 -14 14.2114
v -4.52416 -14 13.9734
v -4.01875 -14 13.7604
v -3.50335 -14 13.5728
v -2.97925 -14 13.4111
v -2.44773 -14 13.2758
v -1.91013 -14 13.1671
v -1.36778 -14 13.0854
v -0.822031 -14 13.0308
v -0.274238 -14 13.0034
v 0.274238 -14 13.0034
v 0.822031 -14 13.0308
v 1.36778 -14 13.0854
v 1.91013 -14 13.1671
v 2.44773 -14 13.2758
v 2.97925 -14 13.4111
v 3.50335 -14 13.5728
v 4.01875 -14 13.7604
v 4.52416 -14 13.9734
v 5.01832 -14 14.2114
v 5.5 -14 14.4737
v 5.96801 -14 14.7597
v 6.42118 -14 15.0687
v 6.85839 -14 15.3999
v 7.27854 -14 15.7524
v 7.6806 -14 16.1255
v 8.06357 -14 16.5181
v 8.42649 -14 16.9293
v 8.76846 -14 17.3582
v 9.08863 -14 17.8035
v 9.3862 -14 18.2642
v 9.66044 -14 18.7392
v 9.91066 -14 19.2273
v 10.1362 -14 19.7272
v 10.3366 -14 20.2378
v 10.5113 -14 20.7577
v 10.6599 -14 21.2857
v 10.7819 -14 21.8204
v 10.8771 -14 22.3605
v 10.9453 -14 22.9048
v 10.9863 -14 23.4517
v 11 -14 24
v 11 14 24
v 10.9863 14 24.5483
v 10.9453 14 25.0952
v 10.8771 14 25.6395
v 10.7819 14 26.1796
v 10.6599 14 26.7143
v 10.5113 14 27.2423
v 10.3366 14 27.7622
v 10.1362 14 28.2728
v 9.91066 14 28.7727
v 9.66044 14 29.2608
v 9.3862 14 29.7358
v 9.08863 14 30.1965
v 8.76846 14 30.6418
v 8.42649 14 31.0707
v 8.06357 14 31.4819
v 7.6806 14 31.8745
v 7.27854 14 32.2476
v 6.85839 14 32.6001
v 6.42118 14 32.9313
v 5.96801 14 33.2403
v 5.5 14 33.5263
v 5.01832 14 33.7886
v 4.52416 14 34.0266
v 4.01875 14 34.2396
v 3.50335 14 34.4272
v 2.97925 14 34.5889
v 2.44773 14 34.7242
v 1.91013 14 34.8329
v 1.36778 14 34.9146
v 0.822031 14 34.9692
v 0.274238 14 34.9966
v -0.274238 14 34.9966
v -0.822031 14 34.9692
v -1.36778 14 34.9146
v -1.91013 14 34.8329
v -2.44773 14 34.7242
v -2.97925 14 34.5889
v -3.50335 14 34.4272
v -4.01875 14 34.2396
v -4.52416 14 34.0266
v -5.01832 14 33.7886
v -5.5 14 33.5263
v -5.96801 14 33.2403
v -6.42118 14 32.9313
v -6.85839 14 32.6001
v -7.27854 14 32.2476
v -7.6806 14 31.8745
v -8.06357 14 31.4819
v -8.42649 14 31.0707
v -8.76846 14 30.6418
v -9.08863 14 30.1965
v -9.3862 14 29.7358
v -9.66044 14 29.2608
v -9.91066 14 28.7727
v -10.1362 14 28.2728
v -10.3366 14 27.7622
v -10.5113 14 27.2423
v -10.6599 14 26.7143
v -10.7819 14 26.1796
v -10.8771 14 25.6395
v -10.9453 14 25.0952
v -10.9863 14 24.5483
v -11 14 24
v -10.9863 14 23.4517
v -10.9453 14 22.9048
v -10.8771 14 22.3605
v -10.7819 14 21.8204
v -10.6599 14 21.2857
v -10.5113 14 20.7577
v -10.3366 14 20.2378
v -10.1362 14 19.7272
v -9.91066 14 19.2273
v -9.66044 14 18.7392
v -9.3862 14 18.2642
v -9.08863 14 17.8035
v -8.76846 14 17.3582
v -8.42649 14 16.9293
v -8.06357 14 16.5181
v -7.6806 14 16.1255
v -7.27854 14 15.7524
v -6.85839 14 15.3999
v -6.42118 14 15.0687
v -5.96801 14 14.7597
v -5.5 14 14.4737
v -5.01832 14 14.2114
v -4.52416 14 13.9734
v -4.01875 14 13.7604
v -3.50335 14 13.5728
v -2.97925 14 13.4111
v -2.44773 14 13.2758
v -1.91013 14 13.1671
v -1.36778 14 13.0854
v -0.822031 14 13.0308
v -0.274238 14 13.0034
v 0.274238 14 13.0034
v 0.822031 14 13.0308
v 1.36778 14 13.0854
v 1.91013 14 13.1671
v 2.44773 14 13.2758
v 2.97925 14 13.4111
v 3.50335 14 13.5728
v 4.01875 14 13.7604
v 4.52416 14 13.9734
v 5.01832 14 14.2114
v 5.5 14 14.4737
v 5.96801 14 14.7597
v 6.42118 14 15.0687
v 6.85839 14 15.3999
v 7.27854 14 15.7524
v 7.6806 14 16.1255
v 8.06357 14 16.5181
v 8.42649 14 16.9293
v 8.76846 14 17.3582
v 9.08863 14 17.8035
v 9.3862 14 18.2642
v 9.66044 14 18.7392
v 9.91066 14 19.2273
v 10.1362 14 19.7272
v 10.3366 14 20.2378
v 10.5113 14 20.7577
v 10.6599 14 21.2857
v 10.7819 14 21.8204
v 10.8771 14 22.3605
v 10.9453 14 22.9048
v 10.9863 14 23.4517
v 11 14 24
v 11 41.3106 24
v 10.9919 41.3127 24.4213
v 10.9677 41.3191 24.8422
v 10.9273 41.3298 25.2622
v 10.8708 41.3448 25.6812
v 10.7979 41.3638 26.0988
v 10.7087 41.387 26.5145
v 10.6031 41.4142 26.9281
v 10.4809 41.4453 27.3392
v 10.3421 41.4802 27.7473
v 10.1863 41.5187 28.152
v 10.0135 41.5607 28.5529
v 9.82354 41.606 28.9496
v 9.61612 41.6544 29.3414
v 9.39106 41.7058 29.7278
v 9.14812 41.7597 30.1083
v 8.88693 41.8161 30.4825
v 8.60688 41.8746 30.8499
v 8.30766 41.935 31.2099
v 7.98902 41.9969 31.5615
v 7.65071 42.0598 31.9036
v 7.29253 42.1234 32.2352
v 6.91429 42.1871 32.5553
v 6.51584 42.2505 32.8625
v 6.09707 42.313 33.1556
v 5.65791 42.3739 33.4333
v 5.19834 42.4328 33.6942
v 4.71841 42.4888 33.9366
v 4.26913 42.5363 34.1378
v 3.85084 42.5762 34.3039
v 3.41948 42.613 34.455
v 2.97549 42.6463 34.5899
v 2.52032 42.6756 34.7074
v 2.05566 42.7005 34.8062
v 1.58324 42.7207 34.8855
v 1.10485 42.7357 34.9444
v 0.622268 42.7455 34.9824
v 0.137335 42.7498 34.9991
v -0.348119 42.7486 34.9945
v -0.832254 42.7419 34.9685
v -1.31324 42.7298 34.9213
v -1.78926 42.7125 34.8535
v -2.25852 42.6903 34.7656
v -2.71927 42.6634 34.6586
v -3.16979 42.6323 34.5334
v -3.60842 42.5974 34.3913
v -4.03412 42.5592 34.2336
v -4.44669 42.5181 34.0612
v -4.84601 42.4744 33.875
v -5.23202 42.4286 33.6761
v -5.60465 42.381 33.4651
v -5.96389 42.332 33.2429
v -6.30975 42.2818 33.0104
v -6.64225 42.2308 32.7682
v -6.96143 42.1794 32.5169
v -7.26737 42.1278 32.2574
v -7.56014 42.0762 31.9903
v -7.83983 42.025 31.716
v -8.10656 41.9744 31.4353
v -8.36044 41.9245 31.1486
v -8.6016 41.8757 30.8566
v -8.83019 41.8281 30.5596
v -9.04634 41.7819 30.2581
v -9.25034 41.7372 29.9524
v -9.44251 41.6941 29.6426
v -9.62299 41.6529 29.329
v -9.79189 41.6135 29.0119
v -9.94934 41.5761 28.6915
v -10.0954 41.5409 28.3683
v -10.2303 41.5079 28.0424
v -10.354 41.4772 27.714
v -10.4667 41.4489 27.3835
v -10.5684 41.4231 27.051
v -10.6592 41.3998 26.7167
v -10.7392 41.3791 26.3809
v -10.8085 41.3611 26.0438
v -10.867 41.3458 25.7056
v -10.9148 41.3332 25.3663
v -10.952 41.3233 25.0263
v -10.9786 41.3163 24.6857
v -10.9946 41.312 24.3447
v -11 41.3106 24.0034
v -10.9948 41.3119 23.6621
v -10.979 41.3161 23.3211
v -10.9527 41.3231 22.9805
v -10.9157 41.3329 22.6405
v -10.868 41.3455 22.3013
v -10.8097 41.3608 21.963
v -10.7407 41.3787 21.6258
v -10.661 41.3994 21.29
v -10.5704 41.4226 20.9558
v -10.4689 41.4483 20.6232
v -10.3564 41.4766 20.2926
v -10.2329 41.5072 19.9642
v -10.0983 41.5402 19.6383
v -9.9524 41.5754 19.3149
v -9.79518 41.6127 18.9946
v -9.62651 41.652 18.6774
v -9.44627 41.6933 18.3637
v -9.25433 41.7363 18.0538
v -9.05058 41.781 17.748
v -8.83467 41.8272 17.4465
v -8.60634 41.8747 17.1494
v -8.36542 41.9235 16.8572
v -8.1118 41.9733 16.5704
v -7.84533 42.024 16.2896
v -7.5659 42.0752 16.0152
v -7.2734 42.1267 15.7479
v -6.96773 42.1784 15.4882
v -6.64881 42.2298 15.2368
v -6.31658 42.2808 14.9944
v -5.97099 42.331 14.7616
v -5.61202 42.38 14.5393
v -5.23965 42.4277 14.3281
v -4.85392 42.4735 14.1289
v -4.45486 42.5173 13.9425
v -4.04256 42.5584 13.7698
v -3.61712 42.5967 13.6117
v -3.17874 42.6317 13.4693
v -2.72844 42.6628 13.3438
v -2.26788 42.6898 13.2363
v -1.79877 42.7121 13.1481
v -1.32287 42.7295 13.0798
v -0.841967 42.7417 13.0323
v -0.357876 42.7485 13.0058
v 0.12757 42.7498 13.0007
v 0.612533 42.7456 13.0171
v 1.09518 42.736 13.0547
v 1.57368 42.721 13.1131
v 2.04623 42.701 13.192
v 2.51107 42.6762 13.2904
v 2.96644 42.647 13.4075
v 3.41068 42.6137 13.5421
v 3.84231 42.577 13.6929
v 4.26091 42.5371 13.8588
v 4.66634 42.4946 14.0388
v 5.0585 42.4497 14.2321
v 5.43733 42.4028 14.4378
v 5.80277 42.3543 14.6551
v 6.15482 42.3046 14.8831
v 6.4935 42.254 15.1211
v 6.81882 42.2027 15.3684
v 7.13084 42.1511 15.6244
v 7.42964 42.0994 15.8882
v 7.71529 42.048 16.1594
v 7.98789 41.9971 16.4374
v 8.24756 41.9469 16.7214
v 8.49442 41.8976 17.0111
v 8.7286 41.8494 17.3059
v 8.95025 41.8026 17.6052
v 9.15972 41.7572 17.9091
v 9.3573 41.7133 18.2172
v 9.5431 41.6712 18.5292
v 9.71727 41.631 18.8449
v 9.87993 41.5927 19.164
v 10.0312 41.5564 19.4861
v 10.1711 41.5224 19.8109
v 10.2999 41.4907 20.1384
v 10.4175 41.4613 20.468
v 10.5242 41.4343 20.7998
v 10.6199 41.4099 21.1334
v 10.7048 41.388 21.4686
v 10.7788 41.3688 21.8052
v 10.8421 41.3523 22.1431
v 10.8948 41.3384 22.482
v 10.9367 41.3274 22.8218
v 10.9681 41.3191 23.1623
v 10.9888 41.3135 23.5032
v 10.9972 41.3113 23.7516
v 11 41.3106 24
v 36.75 -9.00115e-15 0
v 36.75 -9.00115e-15 50
v 36.7043 1.83184 0
v 36.5674 3.65912 0
v 36.3395 5.4773 0
v 36.0213 7.28187 0
v 35.6136 9.06833 0
v 35.1173 10.8323 0
v 34.5337 12.5692 0
v 33.8643 14.275 0
v 33.1106 15.9452 0
v 32.2746 17.5758 0
v 31.3584 19.1627 0
v 30.3643 20.702 0
v 29.2946 22.1898 0
v 28.1521 23.6224 0
v 26.9397 24.9963 0
v 25.6602 26.3081 0
v 24.317 27.5545 0
v 22.9133 28.7323 0
v 21.4526 29.8387 0
v 19.9386 30.871 0
v 18.375 31.8264 0
v 16.7657 32.7028 0
v 15.1148 33.4978 0
v 13.4263 34.2096 0
v 11.7044 34.8363 0
v 9.95339 35.3764 0
v 8.17764 35.8286 0
v 6.38157 36.1917 0
v 4.56963 36.4648 0
v 2.74633 36.6472 0
v 0.916203 36.7386 0
v -0.916203 36.7386 0
v -2.74633 36.6472 0
v -4.56963 36.4648 0
v -6.38157 36.1917 0
v -8.17764 35.8286 0
v -9.95339 35.3764 0
v -11.7044 34.8363 0
v -13.4263 34.2096 0
v -15.1148 33.4978 0
v -16.7657 32.7028 0
v -18.375 31.8264 0
v -19.9386 30.871 0
v -21.4526 29.8387 0
v -22.9133 28.7323 0
v -24.317 27.5545 0
v -25.6602 26.3081 0
v -26.9397 24.9963 0
v -28.1521 23.6224 0
v -29.2946 22.1898 0
v -30.3643 20.702 0
v -31.3584 19.1627 0
v -32.2746 17.5758 0
v -33.1106 15.9452 0
v -33.8643 14.275 0
v -34.5337 12.5692 0
v -35.1173 10.8323 0
v -35.6136 9.06833 0
v -36.0213 7.28187 0
v -36.3395 5.4773 0
v -36.5674 3.65912 0
v -36.7043 1.83184 0
v -36.75 -1.26062e-13 0
v -36.7043 -1.83184 0
v -36.5674 -3.65912 0
v -36.3395 -5.4773 0
v -36.0213 -7.28187 0
v -35.6136 -9.06833 0
v -35.1173 -10.8323 0
v -34.5337 -12.5692 0
v -33.8643 -14.275 0
v -33.1106 -15.9452 0
v -32.2746 -17.5758 0
v -31.3584 -19.1627 0
v -30.3643 -20.702 0
v -29.2946 -22.1898 0
v -28.1521 -23.6224 0
v -26.9397 -24.9963 0
v -25.6602 -26.3081 0
v -24.317 -27.5545 0
v -22.9133 -28.7323 0
v -21.4526 -29.8387 0
v -19.9386 -30.871 0
v -18.375 -31.8264 0
v -16.7657 -32.7028 0
v -15.1148 -33.4978 0
v -13.4263 -34.2096 0
v -11.7044 -34.8363 0
v -9.95339 -35.3764 0
v -8.17764 -35.8286 0
v -6.38157 -36.1917 0
v -4.56963 -36.4648 0
v -2.74633 -36.6472 0
v -0.916203 -36.7386 0
v 0.916203 -36.7386 0
v 2.74633 -36.6472 0
v 4.56963 -36.4648 0
v 6.38157 -36.1917 0
v 8.17764 -35.8286 0
v 9.95339 -35.3764 0
v 11.7044 -34.8363 0
v 13.4263 -34.2096 0
v 15.1148 -33.4978 0
v 16.7657 -32.7028 0
v 18.375 -31.8264 0
v 19.9386 -30.871 0
v 21.4526 -29.8387 0
v 22.9133 -28.7323 0
v 24.317 -27.5545 0
v 25.6602 -26.3081 0
v 26.9397 -24.9963 0
v 28.1521 -23.6224 0
v 29.2946 -22.1898 0
v 30.3643 -20.702 0
v 31.3584 -19.1627 0
v 32.2746 -17.5758 0
v 33.1106 -15.9452 0
v 33.8643 -14.275 0
v 34.5337 -12.5692 0
v 35.1173 -10.8323 0
v 35.6136 -9.06833 0
v 36.0213 -7.28187 0
v 36.3395 -5.4773 0
v 36.5674 -3.65912 0
v 36.7043 -1.83184 0
v 36.75 -9.00115e-15 0
v 36.75 -9.00115e-15 50
v 36.7043 1.83184 50
v 36.5674 3.65912 50
v 36.3395 5.4773 50
v 36.0213 7.28187 50
v 35.6136 9.06833 50
v 35.1173 10.8323 50
v 34.5337 12.5692 50
v 33.8643 14.275 50
v 33.1106 15.9452 50
v 32.2746 17.5758 50
v 31.3584 19.1627 50
v 30.3643 20.702 50
v 29.2946 22.1898 50
v 28.1521 23.6224 50
v 26.9397 24.9963 50
v 25.6602 26.3081 50
v 24.317 27.5545 50
v 22.9133 28.7323 50
v 21.4526 29.8387 50
v 19.9386 30.871 50
v 18.375 31.8264 50
v 16.7657 32.7028 50
v 15.1148 33.4978 50
v 13.4263 34.2096 50
v 11.7044 34.8363 50
v 9.95339 35.3764 50
v 8.17764 35.8286 50
v 6.38157 36.1917 50
v 4.56963 36.4648 50
v 2.74633 36.6472 50
v 0.916203 36.7386 50
v -0.916203 36.7386 50
v -2.74633 36.6472 50
v -4.56963 36.4648 50
v -6.38157 36.1917 50
v -8.17764 35.8286 50
v -9.95339 35.3764 50
v -11.7044 34.8363 50
v -13.4263 34.2096 50
v -15.1148 33.4978 50
v -16.7657 32.7028 50
v -18.375 31.8264 50
v -19.9386 30.871 50
v -21.4526 29.8387 50
v -22.9133 28.7323 50
v -24.317 27.5545 50
v -25.6602 26.3081 50
v -26.9397 24.9963 50
v -28.1521 23.6224 50
v -29.2946 22.1898 50
v -30.3643 20.702 50
v -31.3584 19.1627 50
v -32.2746 17.5758 50
v -33.1106 15.9452 50
v -33.8643 14.275 50
v -34.5337 12.5692 50
v -35.1173 10.8323 50
v -35.6136 9.06833 50
v -36.0213 7.28187 50
v -36.3395 5.4773 50
v -36.5674 3.65912 50
v -36.7043 1.83184 50
v -36.75 -1.26062e-13 50
v -36.7043 -1.83184 50
v -36.5674 -3.65912 50
v -36.3395 -5.4773 50
v -36.0213 -7.28187 50
v -35.6136 -9.06833 50
v -35.1173 -10.8323 50
v -34.5337 -12.5692 50
v -33.8643 -14.275 50
v -33.1106 -15.9452 50
v -32.2746 -17.5758 50
v -31.3584 -19.1627 50
v -30.3643 -20.702 50
v -29.2946 -22.1898 50
v -28.1521 -23.6224 50
v -26.9397 -24.9963 50
v -25.6602 -26.3081 50
v -24.317 -27.5545 50
v -22.9133 -28.7323 50
v -21.4526 -29.8387 50
v -19.9386 -30.871 50
v -18.375 -31.8264 50
v -16.7657 -32.7028 50
v -15.1148 -33.4978 50
v -13.4263 -34.2096 50
v -11.7044 -34.8363 50
v -9.95339 -35.3764 50
v -8.17764 -35.8286 50
v -6.38157 -36.1917 50
v -4.56963 -36.4648 50
v -2.74633 -36.6472 50
v -0.916203 -36.7386 50
v 0.916203 -36.7386 50
v 2.74633 -36.6472 50
v 4.56963 -36.4648 50
v 6.38157 -36.1917 50
v 8.17764 -35.8286 50
v 9.95339 -35.3764 50
v 11.7044 -34.8363 50
v 13.4263 -34.2096 50
v 15.1148 -33.4978 50
v 16.7657 -32.7028 50
v 18.375 -31.8264 50
v 19.9386 -30.871 50
v 21.4526 -29.8387 50
v 22.9133 -28.7323 50
v 24.317 -27.5545 50
v 25.6602 -26.3081 50
v 26.9397 -24.9963 50
v 28.1521 -23.6224 50
v 29.2946 -22.1898 50
v 30.3643 -20.702 50
v 31.3584 -19.1627 50
v 32.2746 -17.5758 50
v 33.1106 -15.9452 50
v 33.8643 -14.275 50
v 34.5337 -12.5692 50
v 35.1173 -10.8323 50
v 35.6136 -9.06833 50
v 36.0213 -7.28187 50
v 36.3395 -5.4773 50
v 36.5674 -3.65912 50
v 36.7043 -1.83184 50
v 16 33.0842 24
v 15.984 33.0919 24.715
v 15.9361 33.115 25.429
v 15.8561 33.1534 26.1408
v 15.7442 33.2067 26.8495
v 15.6003 33.2745 27.5541
v 15.4242 33.3565 28.2536
v 15.2161 33.4519 28.9468
v 14.9758 33.5602 29.6326
v 14.7031 33.6806 30.3101
v 14.3979 33.8122 30.9786
v 14.0598 33.9542 31.6369
v 13.6884 34.1056 32.2842
v 13.2834 34.2654 32.9192
v 12.8442 34.4324 33.5408
v 12.3704 34.6054 34.1476
v 11.8612 34.7833 34.7384
v 11.3158 34.9645 35.3116
v 10.7334 35.1476 35.8656
v 10.1769 35.3128 36.3463
v 9.6493 35.4606 36.7629
v 9.09584 35.6066 37.163
v 8.51614 35.7497 37.5453
v 7.91001 35.8886 37.908
v 7.27733 36.0223 38.2492
v 6.61796 36.1492 38.5672
v 5.93186 36.2681 38.8598
v 5.2203 36.3773 39.1244
v 4.55945 36.4661 39.3366
v 3.9492 36.5372 39.505
v 3.32529 36.5992 39.6506
v 2.68891 36.6515 39.7724
v 2.04224 36.6932 39.8691
v 1.3877 36.7238 39.9397
v 0.727707 36.7428 39.9834
v 0.0647027 36.7499 39.9999
v -0.5984 36.7451 39.9888
v -1.25863 36.7284 39.9504
v -1.91378 36.7001 39.8851
v -2.56165 36.6606 39.7936
v -3.20009 36.6104 39.6767
v -3.82698 36.5502 39.5356
v -4.44026 36.4808 39.3715
v -5.03842 36.403 39.186
v -5.62096 36.3176 38.9801
v -6.18725 36.2254 38.7553
v -6.73672 36.1273 38.5126
v -7.26885 36.024 38.2536
v -7.7835 35.9163 37.9792
v -8.28071 35.8049 37.6905
v -8.76055 35.6905 37.3885
v -9.22311 35.5738 37.0742
v -9.66852 35.4554 36.7483
v -10.097 35.3357 36.4117
v -10.5088 35.2155 36.0651
v -10.9041 35.0951 35.709
v -11.2833 34.975 35.3441
v -11.6465 34.8557 34.9708
v -11.9942 34.7376 34.5896
v -12.3265 34.6211 34.2009
v -12.6435 34.5066 33.8052
v -12.9454 34.3945 33.403
v -13.2324 34.2851 32.9946
v -13.5047 34.1787 32.5804
v -13.7623 34.0758 32.1607
v -14.0055 33.9766 31.736
v -14.2344 33.8813 31.3064
v -14.4489 33.7904 30.8723
v -14.6494 33.704 30.4338
v -14.8359 33.6223 29.9914
v -15.0084 33.5457 29.5452
v -15.167 33.4742 29.0953
v -15.3118 33.4083 28.6421
v -15.4427 33.3479 28.186
v -15.5598 33.2935 27.7272
v -15.6631 33.245 27.266
v -15.7526 33.2027 26.8028
v -15.8283 33.1667 26.3379
v -15.8902 33.1371 25.8715
v -15.9383 33.1139 25.404
v -15.9726 33.0974 24.9355
v -15.9932 33.0875 24.4665
v -16 33.0842 23.9971
v -15.993 33.0875 23.5277
v -15.9723 33.0976 23.0587
v -15.9378 33.1142 22.5902
v -15.8895 33.1374 22.1227
v -15.8274 33.1671 21.6563
v -15.7516 33.2032 21.1914
v -15.6619 33.2456 20.7282
v -15.5585 33.2941 20.2671
v -15.4412 33.3487 19.8083
v -15.3101 33.409 19.3522
v -15.1651 33.4751 18.899
v -15.0063 33.5466 18.4492
v -14.8335 33.6233 18.0028
v -14.6468 33.7051 17.5602
v -14.446 33.7916 17.1216
v -14.2311 33.8827 16.6873
v -14.0019 33.9781 16.2575
v -13.7584 34.0774 15.8326
v -13.5004 34.1804 15.4128
v -13.2278 34.2868 14.9986
v -12.9405 34.3963 14.5902
v -12.6383 34.5085 14.1881
v -12.3211 34.623 13.7926
v -11.9886 34.7396 13.404
v -11.6406 34.8577 13.0229
v -11.2768 34.9771 12.6495
v -10.8971 35.0972 12.2845
v -10.5012 35.2177 11.9284
v -10.0888 35.3381 11.5816
v -9.65972 35.4578 11.245
v -9.21366 35.5763 10.9192
v -8.75042 35.693 10.6048
v -8.26986 35.8074 10.3029
v -7.77191 35.9188 10.0144
v -7.25651 36.0265 9.74016
v -6.7236 36.1297 9.48128
v -6.17303 36.2278 9.23878
v -5.6054 36.32 9.01402
v -5.02153 36.4053 8.80842
v -4.42229 36.483 8.62329
v -3.80863 36.5521 8.45991
v -3.18152 36.612 8.31951
v -2.54234 36.662 8.20328
v -1.89343 36.7012 8.11243
v -1.23718 36.7292 8.0479
v -0.57604 36.7455 8.01037
v 0.0875437 36.7499 8.00024
v 0.750433 36.7423 8.01761
v 1.40993 36.7229 8.06224
v 2.06384 36.692 8.13367
v 2.70996 36.6499 8.23117
v 3.34616 36.5973 8.35381
v 3.97032 36.5349 8.50043
v 4.58039 36.4634 8.66964
v 5.17519 36.3838 8.86007
v 5.75422 36.2967 9.07053
v 6.31686 36.203 9.29975
v 6.86252 36.1036 9.54643
v 7.39076 35.9992 9.80927
v 7.90151 35.8905 10.0872
v 8.39483 35.7783 10.3792
v 8.87078 35.6633 10.6842
v 9.32947 35.5461 11.0015
v 9.77102 35.4272 11.3301
v 10.1957 35.3074 11.6692
v 10.6037 35.187 12.0183
v 10.9954 35.0666 12.3767
v 11.3709 34.9466 12.7437
v 11.7305 34.8275 13.1191
v 12.0747 34.7097 13.5022
v 12.4034 34.5936 13.8928
v 12.7169 34.4796 14.2902
v 13.0154 34.368 14.6941
v 13.299 34.2593 15.1041
v 13.5678 34.1537 15.5197
v 13.8221 34.0516 15.9408
v 14.0619 33.9533 16.3669
v 14.2873 33.859 16.7978
v 14.4986 33.7691 17.2331
v 14.6958 33.6838 17.6727
v 14.8789 33.6033 18.1162
v 15.0481 33.5279 18.5635
v 15.2034 33.4577 19.0144
v 15.3449 33.3931 19.4685
v 15.4725 33.3341 19.9255
v 15.5863 33.2811 20.3851
v 15.6862 33.2341 20.8469
v 15.7724 33.1933 21.3107
v 15.8447 33.1588 21.7762
v 15.9032 33.1308 22.2431
v 15.948 33.1093 22.7111
v 15.979 33.0943 23.1799
v 15.9947 33.0867 23.5898
v 16 -33.0842 24
v 15.984 -33.0919 24.715
v 15.9361 -33.115 25.429
v 15.8561 -33.1534 26.1408
v 15.7442 -33.2067 26.8495
v 15.6003 -33.2745 27.5541
v 15.4242 -33.3565 28.2536
v 15.2161 -33.4519 28.9468
v 14.9758 -33.5602 29.6326
v 14.7031 -33.6806 30.3101
v 14.3979 -33.8122 30.9786
v 14.0598 -33.9542 31.6369
v 13.6884 -34.1056 32.2842
v 13.2834 -34.2654 32.9192
v 12.8442 -34.4324 33.5408
v 12.3704 -34.6054 34.1476
v 11.8612 -34.7833 34.7384
v 11.3158 -34.9645 35.3116
v 10.7334 -35.1476 35.8656
v 10.1769 -35.3128 36.3463
v 9.6493 -35.4606 36.7629
v 9.09584 -35.6066 37.163
v 8.51614 -35.7497 37.5453
v 7.91001 -35.8886 37.908
v 7.27733 -36.0223 38.2492
v 6.61796 -36.1492 38.5672
v 5.93186 -36.2681 38.8598
v 5.2203 -36.3773 39.1244
v 4.55945 -36.4661 39.3366
v 3.9492 -36.5372 39.505
v 3.32529 -36.5992 39.6506
v 2.68891 -36.6515 39.7724
v 2.04224 -36.6932 39.8691
v 1.3877 -36.7238 39.9397
v 0.727707 -36.7428 39.9834
v 0.0647027 -36.7499 39.9999
v -0.5984 -36.7451 39.9888
v -1.25863 -36.7284 39.9504
v -1.91378 -36.7001 39.8851
v -2.56165 -36.6606 39.7936
v -3.20009 -36.6104 39.6767
v -3.82698 -36.5502 39.5356
v -4.44026 -36.4808 39.3715
v -5.03842 -36.403 39.186
v -5.62096 -36.3176 38.9801
v -6.18725 -36.2254 38.7553
v -6.73672 -36.1273 38.5126
v -7.26885 -36.024 38.2536
v -7.7835 -35.9163 37.9792
v -8.28071 -35.8049 37.6905
v -8.76055 -35.6905 37.3885
v -9.22311 -35.5738 37.0742
v -9.66852 -35.4554 36.7483
v -10.097 -35.3357 36.4117
v -10.5088 -35.2155 36.0651
v -10.9041 -35.0951 35.709
v -11.2833 -34.975 35.3441
v -11.6465 -34.8557 34.9708
v -11.9942 -34.7376 34.5896
v -12.3265 -34.6211 34.2009
v -12.6435 -34.5066 33.8052
v -12.9454 -34.3945 33.403
v -13.2324 -34.2851 32.9946
v -13.5047 -34.1787 32.5804
v -13.7623 -34.0758 32.1607
v -14.0055 -33.9766 31.736
v -14.2344 -33.8813 31.3064
v -14.4489 -33.7904 30.8723
v -14.6494 -33.704 30.4338
v -14.8359 -33.6223 29.9914
v -15.0084 -33.5457 29.5452
v -15.167 -33.4742 29.0953
v -15.3118 -33.4083 28.6421
v -15.4427 -33.3479 28.186
v -15.5598 -33.2935 27.7272
v -15.6631 -33.245 27.266
v -15.7526 -33.2027 26.8028
v -15.8283 -33.1667 26.3379
v -15.8902 -33.1371 25.8715
v -15.9383 -33.1139 25.404
v -15.9726 -33.0974 24.9355
v -15.9932 -33.0875 24.4665
v -16 -33.0842 23.9971
v -15.993 -33.0875 23.5277
v -15.9723 -33.0976 23.0587
v -15.9378 -33.1142 22.5902
v -15.8895 -33.1374 22.1227
v -15.8274 -33.1671 21.6563
v -15.7516 -33.2032 21.1914
v -15.6619 -33.2456 20.7282
v -15.5585 -33.2941 20.2671
v -15.4412 -33.3487 19.8083
v -15.3101 -33.409 19.3522
v -15.1651 -33.4751 18.899
v -15.0063 -33.5466 18.4492
v -14.8335 -33.6233 18.0028
v -14.6468 -33.7051 17.5602
v -14.446 -33.7916 17.1216
v -14.2311 -33.8827 16.6873
v -14.0019 -33.9781 16.2575
v -13.7584 -34.0774 15.8326
v -13.5004 -34.1804 15.4128
v -13.2278 -34.2868 14.9986
v -12.9405 -34.3963 14.5902
v -12.6383 -34.5085 14.1881
v -12.3211 -34.623 13.7926
v -11.9886 -34.7396 13.404
v -11.6406 -34.8577 13.0229
v -11.2768 -34.9771 12.6495
v -10.8971 -35.0972 12.2845
v -10.5012 -35.2177 11.9284
v -10.0888 -35.3381 11.5816
v -9.65972 -35.4578 11.245
v -9.21366 -35.5763 10.9192
v -8.75042 -35.693 10.6048
v -8.26986 -35.8074 10.3029
v -7.77191 -35.9188 10.0144
v -7.25651 -36.0265 9.74016
v -6.7236 -36.1297 9.48128
v -6.17303 -36.2278 9.23878
v -5.6054 -36.32 9.01402
v -5.02153 -36.4053 8.80842
v -4.42229 -36.483 8.62329
v -3.80863 -36.5521 8.45991
v -3.18152 -36.612 8.31951
v -2.54234 -36.662 8.20328
v -1.89343 -36.7012 8.11243
v -1.23718 -36.7292 8.0479
v -0.57604 -36.7455 8.01037
v 0.0875439 -36.7499 8.00024
v 0.750434 -36.7423 8.01761
v 1.40993 -36.7229 8.06224
v 2.06384 -36.692 8.13367
v 2.70996 -36.6499 8.23117
v 3.34616 -36.5973 8.35381
v 3.97032 -36.5349 8.50043
v 4.58039 -36.4634 8.66964
v 5.17519 -36.3838 8.86007
v 5.75422 -36.2967 9.07053
v 6.31686 -36.203 9.29975
v 6.86252 -36.1036 9.54643
v 7.39076 -35.9992 9.80927
v 7.90151 -35.8905 10.0872
v 8.39483 -35.7783 10.3792
v 8.87078 -35.6633 10.6842
v 9.32947 -35.5461 11.0015
v 9.77102 -35.4272 11.3301
v 10.1957 -35.3074 11.6692
v 10.6037 -35.187 12.0183
v 10.9954 -35.0666 12.3767
v 11.3709 -34.9466 12.7437
v 11.7305 -34.8275 13.1191
v 12.0747 -34.7097 13.5022
v 12.4034 -34.5936 13.8928
v 12.7169 -34.4796 14.2902
v 13.0154 -34.368 14.6941
v 13.299 -34.2593 15.1041
v 13.5678 -34.1537 15.5197
v 13.8221 -34.0516 15.9408
v 14.0619 -33.9533 16.3669
v 14.2873 -33.859 16.7978
v 14.4986 -33.7691 17.2331
v 14.6958 -33.6838 17.6727
v 14.8789 -33.6033 18.1162
v 15.0481 -33.5279 18.5635
v 15.2034 -33.4577 19.0144
v 15.3449 -33.3931 19.4685
v 15.4725 -33.3341 19.9255
v 15.5863 -33.2811 20.3851
v 15.6862 -33.2341 20.8469
v 15.7724 -33.1933 21.3107
v 15.8447 -33.1588 21.7762
v 15.9032 -33.1308 22.2431
v 15.948 -33.1093 22.7111
v 15.979 -33.0943 23.1799
v 15.9947 -33.0867 23.5898
v 16 -14 24
v 15.9801 -14 24.7975
v 15.9205 -14 25.5931
v 15.8213 -14 26.3847
v 15.6828 -14 27.1703
v 15.5052 -14 27.9481
v 15.2892 -14 28.7161
v 15.0351 -14 29.4723
v 14.7436 -14 30.215
v 14.4155 -14 30.9421
v 14.0515 -14 31.6521
v 13.6527 -14 32.343
v 13.2198 -14 33.0131
v 12.7541 -14 33.6609
v 12.2567 -14 34.2846
v 11.7288 -14 34.8828
v 11.1718 -14 35.4539
v 10.587 -14 35.9965
v 9.97584 -14 36.5093
v 9.3399 -14 36.991
v 8.68074 -14 37.4404
v 8 -14 37.8564
v 7.29937 -14 38.2379
v 6.58059 -14 38.5841
v 5.84546 -14 38.894
v 5.09579 -14 39.1668
v 4.33345 -14 39.402
v 3.56033 -14 39.5988
v 2.77837 -14 39.7569
v 1.9895 -14 39.8758
v 1.19568 -14 39.9553
v 0.398891 -14 39.995
v -0.398891 -14 39.995
v -1.19568 -14 39.9553
v -1.9895 -14 39.8758
v -2.77837 -14 39.7569
v -3.56033 -14 39.5988
v -4.33345 -14 39.402
v -5.09579 -14 39.1668
v -5.84546 -14 38.894
v -6.58059 -14 38.5841
v -7.29937 -14 38.2379
v -8 -14 37.8564
v -8.68074 -14 37.4404
v -9.3399 -14 36.991
v -9.97584 -14 36.5093
v -10.587 -14 35.9965
v -11.1718 -14 35.4539
v -11.7288 -14 34.8828
v -12.2567 -14 34.2846
v -12.7541 -14 33.6609
v -13.2198 -14 33.0131
v -13.6527 -14 32.343
v -14.0515 -14 31.6521
v -14.4155 -14 30.9421
v -14.7436 -14 30.215
v -15.0351 -14 29.4723
v -15.2892 -14 28.7161
v -15.5052 -14 27.9481
v -15.6828 -14 27.1703
v -15.8213 -14 26.3847
v -15.9205 -14 25.5931
v -15.9801 -14 24.7975
v -16 -14 24
v -15.9801 -14 23.2025
v -15.9205 -14 22.4069
v -15.8213 -14 21.6153
v -15.6828 -14 20.8297
v -15.5052 -14 20.0519
v -15.2892 -14 19.2839
v -15.0351 -14 18.5277
v -14.7436 -14 17.785
v -14.4155 -14 17.0579
v -14.0515 -14 16.3479
v -13.6527 -14 15.657
v -13.2198 -14 14.9869
v -12.7541 -14 14.3391
v -12.2567 -14 13.7154
v -11.7288 -14 13.1172
v -11.1718 -14 12.5461
v -10.587 -14 12.0035
v -9.97584 -14 11.4907
v -9.3399 -14 11.009
v -8.68074 -14 10.5596
v -8 -14 10.1436
v -7.29937 -14 9.76205
v -6.58059 -14 9.41591
v -5.84546 -14 9.10602
v -5.09579 -14 8.83316
v -4.33345 -14 8.59801
v -3.56033 -14 8.40115
v -2.77837 -14 8.24308
v -1.9895 -14 8.12417
v -1.19568 -14 8.04474
v -0.398891 -14 8.00497
v 0.398891 -14 8.00497
v 1.19568 -14 8.04474
v 1.9895 -14 8.12417
v 2.77837 -14 8.24308
v 3.56033 -14 8.40115
v 4.33345 -14 8.59801
v 5.09579 -14 8.83316
v 5.84546 -14 9.10602
v 6.58059 -14 9.41591
v 7.29937 -14 9.76205
v 8 -14 10.1436
v 8.68074 -14 10.5596
v 9.3399 -14 11.009
v 9.97584 -14 11.4907
v 10.587 -14 12.0035
v 11.1718 -14 12.5461
v 11.7288 -14 13.1172
v 12.2567 -14 13.7154
v 12.7541 -14 14.3391
v 13.2198 -14 14.9869
v 13.6527 -14 15.657
v 14.0515 -14 16.3479
v 14.4155 -14 17.0579
v 14.7436 -14 17.785
v 15.0351 -14 18.5277
v 15.2892 -14 19.2839
v 15.5052 -14 20.0519
v 15.6828 -14 20.8297
v 15.8213 -14 21.6153
v 15.9205 -14 22.4069
v 15.9801 -14 23.2025
v 11 -14 24
v 10.9863 -14 24.5483
v 10.9453 -14 25.0952
v 10.8771 -14 25.6395
v 10.7819 -14 26.1796
v 10.6599 -14 26.7143
v 10.5113 -14 27.2423
v 10.3366 -14 27.7622
v 10.1362 -14 28.2728
v 9.91066 -14 28.7727
v 9.66044 -14 29.2608
v 9.3862 -14 29.7358
v 9.08863 -14 30.1965
v 8.76846 -14 30.6418
v 8.42649 -14 31.0707
v 8.06357 -14 31.4819
v 7.6806 -14 31.8745
v 7.27854 -14 32.2476
v 6.85839 -14 32.6001
v 6.42118 -14 32.9313
v 5.96801 -14 33.2403
v 5.5 -14 33.5263
v 5.01832 -14 33.7886
v 4.52416 -14 34.0266
v 4.01875 -14 34.2396
v 3.50335 -14 34.4272
v 2.97925 -14 34.5889
v 2.44773 -14 34.7242
v 1.91013 -14 34.8329
v 1.36778 -14 34.9146
v 0.822031 -14 34.9692
v 0.274238 -14 34.9966
v -0.274238 -14 34.9966
v -0.822031 -14 34.9692
v -1.36778 -14 34.9146
v -1.91013 -14 34.8329
v -2.44773 -14 34.7242
v -2.97925 -14 34.5889
v -3.50335 -14 34.4272
v -4.01875 -14 34.2396
v -4.52416 -14 34.0266
v -5.01832 -14 33.7886
v -5.5 -14 33.5263
v -5.96801 -14 33.2403
v -6.42118 -14 32.9313
v -6.85839 -14 32.6001
v -7.27854 -14 32.2476
v -7.6806 -14 31.8745
v -8.06357 -14 31.4819
v -8.42649 -14 31.0707
v -8.76846 -14 30.6418
v -9.08863 -14 30.1965
v -9.3862 -14 29.7358
v -9.66044 -14 29.2608
v -9.91066 -14 28.7727
v -10.1362 -14 28.2728
v -10.3366 -14 27.7622
v -10.5113 -14 27.2423
v -10.6599 -14 26.7143
v -10.7819 -14 26.1796
v -10.8771 -14 25.6395
v -10.9453 -14 25.0952
v -10.9863 -14 24.5483
v -11 -14 24
v -10.9863 -14 23.4517
v -10.9453 -14 22.9048
v -10.8771 -14 22.3605
v -10.7819 -14 21.8204
v -10.6599 -14 21.2857
v -10.5113 -14 20.7577
v -10.3366 -14 20.2378
v -10.1362 -14 19.7272
v -9.91066 -14 19.2273
v -9.66044 -14 18.7392
v -9.3862 -14 18.2642
v -9.08863 -14 17.8035
v -8.76846 -14 17.3582
v -8.42649 -14 16.9293
v -8.06357 -14 16.5181
v -7.6806 -14 16.1255
v -7.27854 -14 15.7524
v -6.85839 -14 15.3999
v -6.42118 -14 15.0687
v -5.96801 -14 14.7597
v -5.5 -14 14.4737
v -5.01832 -14 14.2114
v -4.52416 -14 13.9734
v -4.01875 -14 13.7604
v -3.50335 -14 13.5728
v -2.97925 -14 13.4111
v -2.44773 -14 13.2758
v -1.91013 -14 13.1671
v -1.36778 -14 13.0854
v -0.822031 -14 13.0308
v -0.274238 -14 13.0034
v 0.274238 -14 13.0034
v 0.822031 -14 13.0308
v 1.36778 -14 13.0854
v 1.91013 -14 13.1671
v 2.44773 -14 13.2758
v 2.97925 -14 13.4111
v 3.50335 -14 13.5728
v 4.01875 -14 13.7604
v 4.52416 -14 13.9734
v 5.01832 -14 14.2114
v 5.5 -14 14.4737
v 5.96801 -14 14.7597
v 6.42118 -14 15.0687
v 6.85839 -14 15.3999
v 7.27854 -14 15.7524
v 7.6806 -14 16.1255
v 8.06357 -14 16.5181
v 8.42649 -14 16.9293
v 8.76846 -14 17.3582
v 9.08863 -14 17.8035
v 9.3862 -14 18.2642
v 9.66044 -14 18.7392
v 9.91066 -14 19.2273
v 10.1362 -14 19.7272
v 10.3366 -14 20.2378
v 10.5113 -14 20.7577
v 10.6599 -14 21.2857
v 10.7819 -14 21.8204
v 10.8771 -14 22.3605
v 10.9453 -14 22.9048
v 10.9863 -14 23.4517
v 16 14 24
v 15.9801 14 24.7975
v 15.9205 14 25.5931
v 15.8213 14 26.3847
v 15.6828 14 27.1703
v 15.5052 14 27.9481
v 15.2892 14 28.7161
v 15.0351 14 29.4723
v 14.7436 14 30.215
v 14.4155 14 30.9421
v 14.0515 14 31.6521
v 13.6527 14 32.343
v 13.2198 14 33.0131
v 12.7541 14 33.6609
v 12.2567 14 34.2846
v 11.7288 14 34.8828
v 11.1718 14 35.4539
v 10.587 14 35.9965
v 9.97584 14 36.5093
v 9.3399 14 36.991
v 8.68074 14 37.4404
v 8 14 37.8564
v 7.29937 14 38.2379
v 6.58059 14 38.5841
v 5.84546 14 38.894
v 5.09579 14 39.1668
v 4.33345 14 39.402
v 3.56033 14 39.5988
v 2.77837 14 39.7569
v 1.9895 14 39.8758
v 1.19568 14 39.9553
v 0.398891 14 39.995
v -0.398891 14 39.995
v -1.19568 14 39.9553
v -1.9895 14 39.8758
v -2.77837 14 39.7569
v -3.56033 14 39.5988
v -4.33345 14 39.402
v -5.09579 14 39.1668
v -5.84546 14 38.894
v -6.58059 14 38.5841
v -7.29937 14 38.2379
v -8 14 37.8564
v -8.68074 14 37.4404
v -9.3399 14 36.991
v -9.97584 14 36.5093
v -10.587 14 35.9965
v -11.1718 14 35.4539
v -11.7288 14 34.8828
v -12.2567 14 34.2846
v -12.7541 14 33.6609
v -13.2198 14 33.0131
v -13.6527 14 32.343
v -14.0515 14 31.6521
v -14.4155 14 30.9421
v -14.7436 14 30.215
v -15.0351 14 29.4723
v -15.2892 14 28.7161
v -15.5052 14 27.9481
v -15.6828 14 27.1703
v -15.8213 14 26.3847
v -15.9205 14 25.5931
v -15.9801 14 24.7975
v -16 14 24
v -15.9801 14 23.2025
v -15.9205 14 22.4069
v -15.8213 14 21.6153
v -15.6828 14 20.8297
v -15.5052 14 20.0519
v -15.2892 14 19.2839
v -15.0351 14 18.5277
v -14.7436 14 17.785
v -14.4155 14 17.0579
v -14.0515 14 16.3479
v -13.6527 14 15.657
v -13.2198 14 14.9869
v -12.7541 14 14.3391
v -12.2567 14 13.7154
v -11.7288 14 13.1172
v -11.1718 14 12.5461
v -10.587 14 12.0035
v -9.97584 14 11.4907
v -9.3399 14 11.009
v -8.68074 14 10.5596
v -8 14 10.1436
v -7.29937 14 9.76205
v -6.58059 14 9.41591
v -5.84546 14 9.10602
v -5.09579 14 8.83316
v -4.33345 14 8.59801
v -3.56033 14 8.40115
v -2.77837 14 8.24308
v -1.9895 14 8.12417
v -1.19568 14 8.04474
v -0.398891 14 8.00497
v 0.398891 14 8.00497
v 1.19568 14 8.04474
v 1.9895 14 8.12417
v 2.77837 14 8.24308
v 3.56033 14 8.40115
v 4.33345 14 8.59801
v 5.09579 14 8.83316
v 5.84546 14 9.10602
v 6.58059 14 9.41591
v 7.29937 14 9.76205
v 8 14 10.1436
v 8.68074 14 10.5596
v 9.3399 14 11.009
v 9.97584 14 11.4907
v 10.587 14 12.0035
v 11.1718 14 12.5461
v 11.7288 14 13.1172
v 12.2567 14 13.7154
v 12.7541 14 14.3391
v 13.2198 14 14.9869
v 13.6527 14 15.657
v 14.0515 14 16.3479
v 14.4155 14 17.0579
v 14.7436 14 17.785
v 15.0351 14 18.5277
v 15.2892 14 19.2839
v 15.5052 14 20.0519
v 15.6828 14 20.8297
v 15.8213 14 21.6153
v 15.9205 14 22.4069
v 15.9801 14 23.2025
v 11 14 24
v 10.9863 14 24.5483
v 10.9453 14 25.0952
v 10.8771 14 25.6395
v 10.7819 14 26.1796
v 10.6599 14 26.7143
v 10.5113 14 27.2423
v 10.3366 14 27.7622
v 10.1362 14 28.2728
v 9.91066 14 28.7727
v 9.66044 14 29.2608
v 9.3862 14 29.7358
v 9.08863 14 30.1965
v 8.76846 14 30.6418
v 8.42649 14 31.0707
v 8.06357 14 31.4819
v 7.6806 14 31.8745
v 7.27854 14 32.2476
v 6.85839 14 32.6001
v 6.42118 14 32.9313
v 5.96801 14 33.2403
v 5.5 14 33.5263
v 5.01832 14 33.7886
v 4.52416 14 34.0266
v 4.01875 14 34.2396
v 3.50335 14 34.4272
v 2.97925 14 34.5889
v 2.44773 14 34.7242
v 1.91013 14 34.8329
v 1.36778 14 34.9146
v 0.822031 14 34.9692
v 0.274238 14 34.9966
v -0.274238 14 34.9966
v -0.822031 14 34.9692
v -1.36778 14 34.9146
v -1.91013 14 34.8329
v -2.44773 14 34.7242
v -2.97925 14 34.5889
v -3.50335 14 34.4272
v -4.01875 14 34.2396
v -4.52416 14 34.0266
v -5.01832 14 33.7886
v -5.5 14 33.5263
v -5.96801 14 33.2403
v -6.42118 14 32.9313
v -6.85839 14 32.6001
v -7.27854 14 32.2476
v -7.6806 14 31.8745
v -8.06357 14 31.4819
v -8.42649 14 31.0707
v -8.76846 14 30.6418
v -9.08863 14 30.1965
v -9.3862 14 29.7358
v -9.66044 14 29.2608
v -9.91066 14 28.7727
v -10.1362 14 28.2728
v -10.3366 14 27.7622
v -10.5113 14 27.2423
v -10.6599 14 26.7143
v -10.7819 14 26.1796
v -10.8771 14 25.6395
v -10.9453 14 25.0952
v -10.9863 14 24.5483
v -11 14 24
v -10.9863 14 23.4517
v -10.9453 14 22.9048
v -10.8771 14 22.3605
v -10.7819 14 21.8204
v -10.6599 14 21.2857
v -10.5113 14 20.7577
v -10.3366 14 20.2378
v -10.1362 14 19.7272
v -9.91066 14 19.2273
v -9.66044 14 18.7392
v -9.3862 14 18.2642
v -9.08863 14 17.8035
v -8.76846 14 17.3582
v -8.42649 14 16.9293
v -8.06357 14 16.5181
v -7.6806 14 16.1255
v -7.27854 14 15.7524
v -6.85839 14 15.3999
v -6.42118 14 15.0687
v -5.96801 14 14.7597
v -5.5 14 14.4737
v -5.01832 14 14.2114
v -4.52416 14 13.9734
v -4.01875 14 13.7604
v -3.50335 14 13.5728
v -2.97925 14 13.4111
v -2.44773 14 13.2758
v -1.91013 14 13.1671
v -1.36778 14 13.0854
v -0.822031 14 13.0308
v -0.274238 14 13.0034
v 0.274238 14 13.0034
v 0.822031 14 13.0308
v 1.36778 14 13.0854
v 1.91013 14 13.1671
v 2.44773 14 13.2758
v 2.97925 14 13.4111
v 3.50335 14 13.5728
v 4.01875 14 13.7604
v 4.52416 14 13.9734
v 5.01832 14 14.2114
v 5.5 14 14.4737
v 5.96801 14 14.7597
v 6.42118 14 15.0687
v 6.85839 14 15.3999
v 7.27854 14 15.7524
v 7.6806 14 16.1255
v 8.06357 14 16.5181
v 8.42649 14 16.9293
v 8.76846 14 17.3582
v 9.08863 14 17.8035
v 9.3862 14 18.2642
v 9.66044 14 18.7392
v 9.91066 14 19.2273
v 10.1362 14 19.7272
v 10.3366 14 20.2378
v 10.5113 14 20.7577
v 10.6599 14 21.2857
v 10.7819 14 21.8204
v 10.8771 14 22.3605
v 10.9453 14 22.9048
v 10.9863 14 23.4517
v 36.75 -9.00115e-15 50
v 36.7043 1.83184 50
v 36.5674 3.65912 50
v 36.3395 5.4773 50
v 36.0213 7.28187 50
v 35.6136 9.06833 50
v 35.1173 10.8323 50
v 34.5337 12.5692 50
v 33.8643 14.275 50
v 33.1106 15.9452 50
v 32.2746 17.5758 50
v 31.3584 19.1627 50
v 30.3643 20.702 50
v 29.2946 22.1898 50
v 28.1521 23.6224 50
v 26.9397 24.9963 50
v 25.6602 26.3081 50
v 24.317 27.5545 50
v 22.9133 28.7323 50
v 21.4526 29.8387 50
v 19.9386 30.871 50
v 18.375 31.8264 50
v 16.7657 32.7028 50
v 15.1148 33.4978 50
v 13.4263 34.2096 50
v 11.7044 34.8363 50
v 9.95339 35.3764 50
v 8.17764 35.8286 50
v 6.38157 36.1917 50
v 4.56963 36.4648 50
v 2.74633 36.6472 50
v 0.916203 36.7386 50
v -0.916203 36.7386 50
v -2.74633 36.6472 50
v -4.56963 36.4648 50
v -6.38157 36.1917 50
v -8.17764 35.8286 50
v -9.95339 35.3764 50
v -11.7044 34.8363 50
v -13.4263 34.2096 50
v -15.1148 33.4978 50
v -16.7657 32.7028 50
v -18.375 31.8264 50
v -19.9386 30.871 50
v -21.4526 29.8387 50
v -22.9133 28.7323 50
v -24.317 27.5545 50
v -25.6602 26.3081 50
v -26.9397 24.9963 50
v -28.1521 23.6224 50
v -29.2946 22.1898 50
v -30.3643 20.702 50
v -31.3584 19.1627 50
v -32.2746 17.5758 50
v -33.1106 15.9452 50
v -33.8643 14.275 50
v -34.5337 12.5692 50
v -35.1173 10.8323 50
v -35.6136 9.06833 50
v -36.0213 7.28187 50
v -36.3395 5.4773 50
v -36.5674 3.65912 50
v -36.7043 1.83184 50
v -36.75 -1.26062e-13 50
v -36.7043 -1.83184 50
v -36.5674 -3.65912 50
v -36.3395 -5.4773 50
v -36.0213 -7.28187 50
v -35.6136 -9.06833 50
v -35.1173 -10.8323 50
v -34.5337 -12.5692 50
v -33.8643 -14.275 50
v -33.1106 -15.9452 50
v -32.2746 -17.5758 50
v -31.3584 -19.1627 50
v -30.3643 -20.702 50
v -29.2946 -22.1898 50
v -28.1521 -23.6224 50
v -26.9397 -24.9963 50
v -25.6602 -26.3081 50
v -24.317 -27.5545 50
v -22.9133 -28.7323 50
v -21.4526 -29.8387 50
v -19.9386 -30.871 50
v -18.375 -31.8264 50
v -16.7657 -32.7028 50
v -15.1148 -33.4978 50
v -13.4263 -34.2096 50
v -11.7044 -34.8363 50
v -9.95339 -35.3764 50
v -8.17764 -35.8286 50
v -6.38157 -36.1917 50
v -4.56963 -36.4648 50
v -2.74633 -36.6472 50
v -0.916203 -36.7386 50
v 0.916203 -36.7386 50
v 2.74633 -36.6472 50
v 4.56963 -36.4648 50
v 6.38157 -36.1917 50
v 8.17764 -35.8286 50
v 9.95339 -35.3764 50
v 11.7044 -34.8363 50
v 13.4263 -34.2096 50
v 15.1148 -33.4978 50
v 16.7657 -32.7028 50
v 18.375 -31.8264 50
v 19.9386 -30.871 50
v 21.4526 -29.8387 50
v 22.9133 -28.7323 50
v 24.317 -27.5545 50
v 25.6602 -26.3081 50
v 26.9397 -24.9963 50
v 28.1521 -23.6224 50
v 29.2946 -22.1898 50
v 30.3643 -20.702 50
v 31.3584 -19.1627 50
v 32.2746 -17.5758 50
v 33.1106 -15.9452 50
v 33.8643 -14.275 50
v 34.5337 -12.5692 50
v 35.1173 -10.8323 50
v 35.6136 -9.06833 50
v 36.0213 -7.28187 50
v 36.3395 -5.4773 50
v 36.5674 -3.65912 50
v 36.7043 -1.83184 50
v 16 33.0842 24
v 16 14 24
v 16 14 24
v 15.9801 14 24.7975
v 15.9205 14 25.5931
v 15.8213 14 26.3847
v 15.6828 14 27.1703
v 15.5052 14 27.9481
v 15.2892 14 28.7161
v 15.0351 14 29.4723
v 14.7436 14 30.215
v 14.4155 14 30.9421
v 14.0515 14 31.6521
v 13.6527 14 32.343
v 13.2198 14 33.0131
v 12.7541 14 33.6609
v 12.2567 14 34.2846
v 11.7288 14 34.8828
v 11.1718 14 35.4539
v 10.587 14 35.9965
v 9.97584 14 36.5093
v 9.3399 14 36.991
v 8.68074 14 37.4404
v 8 14 37.8564
v 7.29937 14 38.2379
v 6.58059 14 38.5841
v 5.84546 14 38.894
v 5.09579 14 39.1668
v 4.33345 14 39.402
v 3.56033 14 39.5988
v 2.77837 14 39.7569
v 1.9895 14 39.8758
v 1.19568 14 39.9553
v 0.398891 14 39.995
v -0.398891 14 39.995
v -1.19568 14 39.9553
v -1.9895 14 39.8758
v -2.77837 14 39.7569
v -3.56033 14 39.5988
v -4.33345 14 39.402
v -5.09579 14 39.1668
v -5.84546 14 38.894
v -6.58059 14 38.5841
v -7.29937 14 38.2379
v -8 14 37.8564
v -8.68074 14 37.4404
v -9.3399 14 36.991
v -9.97584 14 36.5093
v -10.587 14 35.9965
v -11.1718 14 35.4539
v -11.7288 14 34.8828
v -12.2567 14 34.2846
v -12.7541 14 33.6609
v -13.2198 14 33.0131
v -13.6527 14 32.343
v -14.0515 14 31.6521
v -14.4155 14 30.9421
v -14.7436 14 30.215
v -15.0351 14 29.4723
v -15.2892 14 28.7161
v -15.5052 14 27.9481
v -15.6828 14 27.1703
v -15.8213 14 26.3847
v -15.9205 14 25.5931
v -15.9801 14 24.7975
v -16 14 24
v -15.9801 14 23.2025
v -15.9205 14 22.4069
v -15.8213 14 21.6153
v -15.6828 14 20.8297
v -15.5052 14 20.0519
v -15.2892 14 19.2839
v -15.0351 14 18.5277
v -14.7436 14 17.785
v -14.4155 14 17.0579
v -14.0515 14 16.3479
v -13.6527 14 15.657
v -13.2198 14 14.9869
v -12.7541 14 14.3391
v -12.2567 14 13.7154
v -11.7288 14 13.1172
v -11.1718 14 12.5461
v -10.587 14 12.0035
v -9.97584 14 11.4907
v -9.3399 14 11.009
v -8.68074 14 10.5596
v -8 14 10.1436
v -7.29937 14 9.76205
v -6.58059 14 9.41591
v -5.84546 14 9.10602
v -5.09579 14 8.83316
v -4.33345 14 8.59801
v -3.56033 14 8.40115
v -2.77837 14 8.24308
v -1.9895 14 8.12417
v -1.19568 14 8.04474
v -0.398891 14 8.00497
v 0.398891 14 8.00497
v 1.19568 14 8.04474
v 1.9895 14 8.12417
v 2.77837 14 8.24308
v 3.56033 14 8.40115
v 4.33345 14 8.59801
v 5.09579 14 8.83316
v 5.84546 14 9.10602
v 6.58059 14 9.41591
v 7.29937 14 9.76205
v 8 14 10.1436
v 8.68074 14 10.5596
v 9.3399 14 11.009
v 9.97584 14 11.4907
v 10.587 14 12.0035
v 11.1718 14 12.5461
v 11.7288 14 13.1172
v 12.2567 14 13.7154
v 12.7541 14 14.3391
v 13.2198 14 14.9869
v 13.6527 14 15.657
v 14.0515 14 16.3479
v 14.4155 14 17.0579
v 14.7436 14 17.785
v 15.0351 14 18.5277
v 15.2892 14 19.2839
v 15.5052 14 20.0519
v 15.6828 14 20.8297
v 15.8213 14 21.6153
v 15.9205 14 22.4069
v 15.9801 14 23.2025
v 16 33.0842 24
v 15.984 33.0919 24.715
v 15.9361 33.115 25.429
v 15.8561 33.1534 26.1408
v 15.7442 33.2067 26.8495
v 15.6003 33.2745 27.5541
v 15.4242 33.3565 28.2536
v 15.2161 33.4519 28.9468
v 14.9758 33.5602 29.6326
v 14.7031 33.6806 30.3101
v 14.3979 33.8122 30.9786
v 14.0598 33.9542 31.6369
v 13.6884 34.1056 32.2842
v 13.2834 34.2654 32.9192
v 12.8442 34.4324 33.5408
v 12.3704 34.6054 34.1476
v 11.8612 34.7833 34.7384
v 11.3158 34.9645 35.3116
v 10.7334 35.1476 35.8656
v 10.1769 35.3128 36.3463
v 9.6493 35.4606 36.7629
v 9.09584 35.6066 37.163
v 8.51614 35.7497 37.5453
v 7.91001 35.8886 37.908
v 7.27733 36.0223 38.2492
v 6.61796 36.1492 38.5672
v 5.93186 36.2681 38.8598
v 5.2203 36.3773 39.1244
v 4.55945 36.4661 39.3366
v 3.9492 36.5372 39.505
v 3.32529 36.5992 39.6506
v 2.68891 36.6515 39.7724
v 2.04224 36.6932 39.8691
v 1.3877 36.7238 39.9397
v 0.727707 36.7428 39.9834
v 0.0647027 36.7499 39.9999
v -0.5984 36.7451 39.9888
v -1.25863 36.7284 39.9504
v -1.91378 36.7001 39.8851
v -2.56165 36.6606 39.7936
v -3.20009 36.6104 39.6767
v -3.82698 36.5502 39.5356
v -4.44026 36.4808 39.3715
v -5.03842 36.403 39.186
v -5.62096 36.3176 38.9801
v -6.18725 36.2254 38.7553
v -6.73672 36.1273 38.5126
v -7.26885 36.024 38.2536
v -7.7835 35.9163 37.9792
v -8.28071 35.8049 37.6905
v -8.76055 35.6905 37.3885
v -9.22311 35.5738 37.0742
v -9.66852 35.4554 36.7483
v -10.097 35.3357 36.4117
v -10.5088 35.2155 36.0651
v -10.9041 35.0951 35.709
v -11.2833 34.975 35.3441
v -11.6465 34.8557 34.9708
v -11.9942 34.7376 34.5896
v -12.3265 34.6211 34.2009
v -12.6435 34.5066 33.8052
v -12.9454 34.3945 33.403
v -13.2324 34.2851 32.9946
v -13.5047 34.1787 32.5804
v -13.7623 34.0758 32.1607
v -14.0055 33.9766 31.736
v -14.2344 33.8813 31.3064
v -14.4489 33.7904 30.8723
v -14.6494 33.704 30.4338
v -14.8359 33.6223 29.9914
v -15.0084 33.5457 29.5452
v -15.167 33.4742 29.0953
v -15.3118 33.4083 28.6421
v -15.4427 33.3479 28.186
v -15.5598 33.2935 27.7272
v -15.6631 33.245 27.266
v -15.7526 33.2027 26.8028
v -15.8283 33.1667 26.3379
v -15.8902 33.1371 25.8715
v -15.9383 33.1139 25.404
v -15.9726 33.0974 24.9355
v -15.9932 33.0875 24.4665
v -16 33.0842 23.9971
v -15.993 33.0875 23.5277
v -15.9723 33.0976 23.0587
v -15.9378 33.1142 22.5902
v -15.8895 33.1374 22.1227
v -15.8274 33.1671 21.6563
v -15.7516 33.2032 21.1914
v -15.6619 33.2456 20.7282
v -15.5585 33.2941 20.2671
v -15.4412 33.3487 19.8083
v -15.3101 33.409 19.3522
v -15.1651 33.4751 18.899
v -15.0063 33.5466 18.4492
v -14.8335 33.6233 18.0028
v -14.6468 33.7051 17.5602
v -14.446 33.7916 17.1216
v -14.2311 33.8827 16.6873
v -14.0019 33.9781 16.2575
v -13.7584 34.0774 15.8326
v -13.5004 34.1804 15.4128
v -13.2278 34.2868 14.9986
v -12.9405 34.3963 14.5902
v -12.6383 34.5085 14.1881
v -12.3211 34.623 13.7926
v -11.9886 34.7396 13.404
v -11.6406 34.8577 13.0229
v -11.2768 34.9771 12.6495
v -10.8971 35.0972 12.2845
v -10.5012 35.2177 11.9284
v -10.0888 35.3381 11.5816
v -9.65972 35.4578 11.245
v -9.21366 35.5763 10.9192
v -8.75042 35.693 10.6048
v -8.26986 35.8074 10.3029
v -7.77191 35.9188 10.0144
v -7.25651 36.0265 9.74016
v -6.7236 36.1297 9.48128
v -6.17303 36.2278 9.23878
v -5.6054 36.32 9.01402
v -5.02153 36.4053 8.80842
v -4.42229 36.483 8.62329
v -3.80863 36.5521 8.45991
v -3.18152 36.612 8.31951
v -2.54234 36.662 8.20328
v -1.89343 36.7012 8.11243
v -1.23718 36.7292 8.0479
v -0.57604 36.7455 8.01037
v 0.0875437 36.7499 8.00024
v 0.750433 36.7423 8.01761
v 1.40993 36.7229 8.06224
v 2.06384 36.692 8.13367
v 2.70996 36.6499 8.23117
v 3.34616 36.5973 8.35381
v 3.97032 36.5349 8.50043
v 4.58039 36.4634 8.66964
v 5.17519 36.3838 8.86007
v 5.75422 36.2967 9.07053
v 6.31686 36.203 9.29975
v 6.86252 36.1036 9.54643
v 7.39076 35.9992 9.80927
v 7.90151 35.8905 10.0872
v 8.39483 35.7783 10.3792
v 8.87078 35.6633 10.6842
v 9.32947 35.5461 11.0015
v 9.77102 35.4272 11.3301
v 10.1957 35.3074 11.6692
v 10.6037 35.187 12.0183
v 10.9954 35.0666 12.3767
v 11.3709 34.9466 12.7437
v 11.7305 34.8275 13.1191
v 12.0747 34.7097 13.5022
v 12.4034 34.5936 13.8928
v 12.7169 34.4796 14.2902
v 13.0154 34.368 14.6941
v 13.299 34.2593 15.1041
v 13.5678 34.1537 15.5197
v 13.8221 34.0516 15.9408
v 14.0619 33.9533 16.3669
v 14.2873 33.859 16.7978
v 14.4986 33.7691 17.2331
v 14.6958 33.6838 17.6727
v 14.8789 33.6033 18.1162
v 15.0481 33.5279 18.5635
v 15.2034 33.4577 19.0144
v 15.3449 33.3931 19.4685
v 15.4725 33.3341 19.9255
v 15.5863 33.2811 20.3851
v 15.6862 33.2341 20.8469
v 15.7724 33.1933 21.3107
v 15.8447 33.1588 21.7762
v 15.9032 33.1308 22.2431
v 15.948 33.1093 22.7111
v 15.979 33.0943 23.1799
v 15.9947 33.0867 23.5898
v 16 -33.0842 24
v 15.984 -33.0919 24.715
v 15.9361 -33.115 25.429
v 15.8561 -33.1534 26.1408
v 15.7442 -33.2067 26.8495
v 15.6003 -33.2745 27.5541
v 15.4242 -33.3565 28.2536
v 15.2161 -33.4519 28.9468
v 14.9758 -33.5602 29.6326
v 14.7031 -33.6806 30.3101
v 14.3979 -33.8122 30.9786
v 14.0598 -33.9542 31.6369
v 13.6884 -34.1056 32.2842
v 13.2834 -34.2654 32.9192
v 12.8442 -34.4324 33.5408
v 12.3704 -34.6054 34.1476
v 11.8612 -34.7833 34.7384
v 11.3158 -34.9645 35.3116
v 10.7334 -35.1476 35.8656
v 10.1769 -35.3128 36.3463
v 9.6493 -35.4606 36.7629
v 9.09584 -35.6066 37.163
v 8.51614 -35.7497 37.5453
v 7.91001 -35.8886 37.908
v 7.27733 -36.0223 38.2492
v 6.61796 -36.1492 38.5672
v 5.93186 -36.2681 38.8598
v 5.2203 -36.3773 39.1244
v 4.55945 -36.4661 39.3366
v 3.9492 -36.5372 39.505
v 3.32529 -36.5992 39.6506
v 2.68891 -36.6515 39.7724
v 2.04224 -36.6932 39.8691
v 1.3877 -36.7238 39.9397
v 0.727707 -36.7428 39.9834
v 0.0647027 -36.7499 39.9999
v -0.5984 -36.7451 39.9888
v -1.25863 -36.7284 39.9504
v -1.91378 -36.7001 39.8851
v -2.56165 -36.6606 39.7936
v -3.20009 -36.6104 39.6767
v -3.82698 -36.5502 39.5356
v -4.44026 -36.4808 39.3715
v -5.03842 -36.403 39.186
v -5.62096 -36.3176 38.9801
v -6.18725 -36.2254 38.7553
v -6.73672 -36.1273 38.5126
v -7.26885 -36.024 38.2536
v -7.7835 -35.9163 37.9792
v -8.28071 -35.8049 37.6905
v -8.76055 -35.6905 37.3885
v -9.22311 -35.5738 37.0742
v -9.66852 -35.4554 36.7483
v -10.097 -35.3357 36.4117
v -10.5088 -35.2155 36.0651
v -10.9041 -35.0951 35.709
v -11.2833 -34.975 35.3441
v -11.6465 -34.8557 34.9708
v -11.9942 -34.7376 34.5896
v -12.3265 -34.6211 34.2009
v -12.6435 -34.5066 33.8052
v -12.9454 -34.3945 33.403
v -13.2324 -34.2851 32.9946
v -13.5047 -34.1787 32.5804
v -13.7623 -34.0758 32.1607
v -14.0055 -33.9766 31.736
v -14.2344 -33.8813 31.3064
v -14.4489 -33.7904 30.8723
v -14.6494 -33.704 30.4338
v -14.8359 -33.6223 29.9914
v -15.0084 -33.5457 29.5452
v -15.167 -33.4742 29.0953
v -15.3118 -33.4083 28.6421
v -15.4427 -33.3479 28.186
v -15.5598 -33.2935 27.7272
v -15.6631 -33.245 27.266
v -15.7526 -33.2027 26.8028
v -15.8283 -33.1667 26.3379
v -15.8902 -33.1371 25.8715
v -15.9383 -33.1139 25.404
v -15.9726 -33.0974 24.9355
v -15.9932 -33.0875 24.4665
v -16 -33.0842 23.9971
v -15.993 -33.0875 23.5277
v -15.9723 -33.0976 23.0587
v -15.9378 -33.1142 22.5902
v -15.8895 -33.1374 22.1227
v -15.8274 -33.1671 21.6563
v -15.7516 -33.2032 21.1914
v -15.6619 -33.2456 20.7282
v -15.5585 -33.2941 20.2671
v -15.4412 -33.3487 19.8083
v -15.3101 -33.409 19.3522
v -15.1651 -33.4751 18.899
v -15.0063 -33.5466 18.4492
v -14.8335 -33.6233 18.0028
v -14.6468 -33.7051 17.5602
v -14.446 -33.7916 17.1216
v -14.2311 -33.8827 16.6873
v -14.0019 -33.9781 16.2575
v -13.7584 -34.0774 15.8326
v -13.5004 -34.1804 15.4128
v -13.2278 -34.2868 14.9986
v -12.9405 -34.3963 14.5902
v -12.6383 -34.5085 14.1881
v -12.3211 -34.623 13.7926
v -11.9886 -34.7396 13.404
v -11.6406 -34.8577 13.0229
v -11.2768 -34.9771 12.6495
v -10.8971 -35.0972 12.2845
v -10.5012 -35.2177 11.9284
v -10.0888 -35.3381 11.5816
v -9.65972 -35.4578 11.245
v -9.21366 -35.5763 10.9192
v -8.75042 -35.693 10.6048
v -8.26986 -35.8074 10.3029
v -7.77191 -35.9188 10.0144
v -7.25651 -36.0265 9.74016
v -6.7236 -36.1297 9.48128
v -6.17303 -36.2278 9.23878
v -5.6054 -36.32 9.01402
v -5.02153 -36.4053 8.80842
v -4.42229 -36.483 8.62329
v -3.80863 -36.5521 8.45991
v -3.18152 -36.612 8.31951
v -2.54234 -36.662 8.20328
v -1.89343 -36.7012 8.11243
v -1.23718 -36.7292 8.0479
v -0.57604 -36.7455 8.01037
v 0.0875439 -36.7499 8.00024
v 0.750434 -36.7423 8.01761
v 1.40993 -36.7229 8.06224
v 2.06384 -36.692 8.13367
v 2.70996 -36.6499 8.23117
v 3.34616 -36.5973 8.35381
v 3.97032 -36.5349 8.50043
v 4.58039 -36.4634 8.66964
v 5.17519 -36.3838 8.86007
v 5.75422 -36.2967 9.07053
v 6.31686 -36.203 9.29975
v 6.86252 -36.1036 9.54643
v 7.39076 -35.9992 9.80927
v 7.90151 -35.8905 10.0872
v 8.39483 -35.7783 10.3792
v 8.87078 -35.6633 10.6842
v 9.32947 -35.5461 11.0015
v 9.77102 -35.4272 11.3301
v 10.1957 -35.3074 11.6692
v 10.6037 -35.187 12.0183
v 10.9954 -35.0666 12.3767
v 11.3709 -34.9466 12.7437
v 11.7305 -34.8275 13.1191
v 12.0747 -34.7097 13.5022
v 12.4034 -34.5936 13.8928
v 12.7169 -34.4796 14.2902
v 13.0154 -34.368 14.6941
v 13.299 -34.2593 15.1041
v 13.5678 -34.1537 15.5197
v 13.8221 -34.0516 15.9408
v 14.0619 -33.9533 16.3669
v 14.2873 -33.859 16.7978
v 14.4986 -33.7691 17.2331
v 14.6958 -33.6838 17.6727
v 14.8789 -33.6033 18.1162
v 15.0481 -33.5279 18.5635
v 15.2034 -33.4577 19.0144
v 15.3449 -33.3931 19.4685
v 15.4725 -33.3341 19.9255
v 15.5863 -33.2811 20.3851
v 15.6862 -33.2341 20.8469
v 15.7724 -33.1933 21.3107
v 15.8447 -33.1588 21.7762
v 15.9032 -33.1308 22.2431
v 15.948 -33.1093 22.7111
v 15.979 -33.0943 23.1799
v 15.9947 -33.0867 23.5898
v 16 -33.0842 24
v 16 -14 24
v 15.9801 -14 24.7975
v 15.9205 -14 25.5931
v 15.8213 -14 26.3847
v 15.6828 -14 27.1703
v 15.5052 -14 27.9481
v 15.2892 -14 28.7161
v 15.0351 -14 29.4723
v 14.7436 -14 30.215
v 14.4155 -14 30.9421
v 14.0515 -14 31.6521
v 13.6527 -14 32.343
v 13.2198 -14 33.0131
v 12.7541 -14 33.6609
v 12.2567 -14 34.2846
v 11.7288 -14 34.8828
v 11.1718 -14 35.4539
v 10.587 -14 35.9965
v 9.97584 -14 36.5093
v 9.3399 -14 36.991
v 8.68074 -14 37.4404
v 8 -14 37.8564
v 7.29937 -14 38.2379
v 6.58059 -14 38.5841
v 5.84546 -14 38.894
v 5.09579 -14 39.1668
v 4.33345 -14 39.402
v 3.56033 -14 39.5988
v 2.77837 -14 39.7569
v 1.9895 -14 39.8758
v 1.19568 -14 39.9553
v 0.398891 -14 39.995
v -0.398891 -14 39.995
v -1.19568 -14 39.9553
v -1.9895 -14 39.8758
v -2.77837 -14 39.7569
v -3.56033 -14 39.5988
v -4.33345 -14 39.402
v -5.09579 -14 39.1668
v -5.84546 -14 38.894
v -6.58059 -14 38.5841
v -7.29937 -14 38.2379
v -8 -14 37.8564
v -8.68074 -14 37.4404
v -9.3399 -14 36.991
v -9.97584 -14 36.5093
v -10.587 -14 35.9965
v -11.1718 -14 35.4539
v -11.7288 -14 34.8828
v -12.2567 -14 34.2846
v -12.7541 -14 33.6609
v -13.2198 -14 33.0131
v -13.6527 -14 32.343
v -14.0515 -14 31.6521
v -14.4155 -14 30.9421
v -14.7436 -14 30.215
v -15.0351 -14 29.4723
v -15.2892 -14 28.7161
v -15.5052 -14 27.9481
v -15.6828 -14 27.1703
v -15.8213 -14 26.3847
v -15.9205 -14 25.5931
v -15.9801 -14 24.7975
v -16 -14 24
v -15.9801 -14 23.2025
v -15.9205 -14 22.4069
v -15.8213 -14 21.6153
v -15.6828 -14 20.8297
v -15.5052 -14 20.0519
v -15.2892 -14 19.2839
v -15.0351 -14 18.5277
v -14.7436 -14 17.785
v -14.4155 -14 17.0579
v -14.0515 -14 16.3479
v -13.6527 -14 15.657
v -13.2198 -14 14.9869
v -12.7541 -14 14.3391
v -12.2567 -14 13.7154
v -11.7288 -14 13.1172
v -11.1718 -14 12.5461
v -10.587 -14 12.0035
v -9.97584 -14 11.4907
v -9.3399 -14 11.009
v -8.68074 -14 10.5596
v -8 -14 10.1436
v -7.29937 -14 9.76205
v -6.58059 -14 9.41591
v -5.84546 -14 9.10602
v -5.09579 -14 8.83316
v -4.33345 -14 8.59801
v -3.56033 -14 8.40115
v -2.77837 -14 8.24308
v -1.9895 -14 8.12417
v -1.19568 -14 8.04474
v -0.398891 -14 8.00497
v 0.398891 -14 8.00497
v 1.19568 -14 8.04474
v 1.9895 -14 8.12417
v 2.77837 -14 8.24308
v 3.56033 -14 8.40115
v 4.33345 -14 8.59801
v 5.09579 -14 8.83316
v 5.84546 -14 9.10602
v 6.58059 -14 9.41591
v 7.29937 -14 9.76205
v 8 -14 10.1436
v 8.68074 -14 10.5596
v 9.3399 -14 11.009
v 9.97584 -14 11.4907
v 10.587 -14 12.0035
v 11.1718 -14 12.5461
v 11.7288 -14 13.1172
v 12.2567 -14 13.7154
v 12.7541 -14 14.3391
v 13.2198 -14 14.9869
v 13.6527 -14 15.657
v 14.0515 -14 16.3479
v 14.4155 -14 17.0579
v 14.7436 -14 17.785
v 15.0351 -14 18.5277
v 15.2892 -14 19.2839
v 15.5052 -14 20.0519
v 15.6828 -14 20.8297
v 15.8213 -14 21.6153
v 15.9205 -14 22.4069
v 15.9801 -14 23.2025
v 16 -14 24
f 4 3 129
f 4 129 130
f 5 130 131
f 5 4 130
f 6 131 132
f 6 5 131
f 7 132 133
f 7 6 132
f 8 133 134
f 8 7 133
f 9 134 135
f 9 8 134
f 10 135 136
f 10 9 135
f 11 136 137
f 11 137 138
f 11 10 136
f 12 11 138
f 13 138 139
f 13 12 138
f 14 13 139
f 14 139 140
f 15 14 140
f 15 140 141
f 16 15 141
f 16 141 142
f 17 16 142
f 17 142 143
f 17 143 144
f 18 17 144
f 19 18 144
f 19 144 145
f 20 19 145
f 20 145 146
f 21 20 146
f 21 146 147
f 22 21 147
f 22 147 148
f 23 22 148
f 23 148 149
f 24 23 149
f 24 149 150
f 25 24 150
f 25 150 151
f 26 151 152
f 26 25 151
f 26 152 153
f 27 153 154
f 27 26 153
f 28 27 154
f 29 154 155
f 29 28 154
f 30 155 156
f 30 29 155
f 31 156 157
f 31 157 158
f 31 30 156
f 32 31 158
f 33 158 159
f 33 32 158
f 34 159 160
f 34 33 159
f 35 160 161
f 35 34 160
f 36 161 162
f 36 35 161
f 37 162 163
f 37 36 162
f 38 163 164
f 38 37 163
f 39 164 165
f 39 38 164
f 40 39 165
f 40 165 166
f 41 40 166
f 41 166 167
f 42 41 167
f 42 167 168
f 43 42 168
f 43 168 169
f 43 169 170
f 44 43 170
f 44 170 171
f 45 44 171
f 46 45 171
f 46 171 172
f 47 46 172
f 47 172 173
f 48 47 173
f 48 173 174
f 49 48 174
f 49 174 175
f 50 49 175
f 50 175 176
f 50 176 177
f 51 50 177
f 51 177 178
f 52 51 178
f 52 178 179
f 53 52 179
f 54 53 179
f 54 179 180
f 55 54 180
f 55 180 181
f 56 55 181
f 56 181 182
f 56 182 183
f 57 56 183
f 58 57 183
f 58 183 184
f 59 58 184
f 59 184 185
f 59 185 186
f 60 59 186
f 61 186 187
f 61 60 186
f 61 187 188
f 62 61 188
f 63 188 189
f 63 62 188
f 64 189 190
f 64 63 189
f 65 64 190
f 65 190 191
f 66 65 191
f 66 191 192
f 67 66 192
f 67 192 193
f 68 67 193
f 68 193 194
f 69 68 194
f 69 194 195
f 70 69 195
f 70 195 196
f 71 70 196
f 71 196 197
f 71 197 198
f 72 71 198
f 73 72 198
f 73 198 199
f 74 73 199
f 74 199 200
f 74 200 201
f 75 74 201
f 76 202 203
f 76 75 201
f 76 201 202
f 77 76 203
f 78 203 204
f 78 77 203
f 79 204 205
f 79 78 204
f 80 205 206
f 80 79 205
f 81 206 207
f 81 80 206
f 82 207 208
f 82 81 207
f 83 208 209
f 83 82 208
f 84 209 210
f 84 83 209
f 85 210 211
f 85 211 212
f 85 84 210
f 86 85 212
f 87 212 213
f 87 86 212
f 88 213 214
f 88 214 215
f 88 87 213
f 89 88 215
f 90 215 216
f 90 89 215
f 91 90 216
f 91 216 217
f 92 91 217
f 92 217 218
f 92 218 219
f 93 92 219
f 94 93 219
f 94 219 220
f 95 220 221
f 95 94 220
f 96 221 222
f 96 95 221
f 97 222 223
f 97 96 222
f 98 223 224
f 98 224 225
f 98 97 223
f 99 98 225
f 100 225 226
f 100 99 225
f 101 226 227
f 101 100 226
f 102 227 228
f 102 228 229
f 102 101 227
f 103 102 229
f 104 229 230
f 104 103 229
f 105 230 231
f 105 104 230
f 106 231 232
f 106 105 231
f 107 232 233
f 107 106 232
f 108 233 234
f 108 107 233
f 109 234 235
f 109 108 234
f 110 235 236
f 110 236 237
f 110 109 235
f 111 237 238
f 111 110 237
f 112 238 239
f 112 111 238
f 113 112 239
f 114 239 240
f 114 113 239
f 115 114 240
f 115 240 241
f 115 241 242
f 116 115 242
f 117 242 243
f 117 116 242
f 118 117 243
f 118 243 244
f 119 118 244
f 119 244 245
f 120 119 245
f 120 245 246
f 121 120 246
f 121 246 247
f 122 121 247
f 122 247 248
f 123 122 248
f 123 248 249
f 124 123 249
f 124 249 250
f 125 124 250
f 125 250 251
f 126 125 251
f 126 251 252
f 127 126 252
f 127 252 253
f 128 127 253
f 128 253 254
f 2 254 1
f 2 128 254
f 460 334 333
f 460 335 334
f 459 460 333
f 461 335 460
f 458 333 332
f 458 459 333
f 462 335 461
f 462 336 335
f 457 332 331
f 457 458 332
f 463 337 336
f 463 336 462
f 456 457 331
f 456 330 329
f 456 331 330
f 464 337 463
f 464 338 337
f 455 456 329
f 465 338 464
f 465 339 338
f 454 328 327
f 454 329 328
f 454 455 329
f 466 339 465
f 466 340 339
f 453 454 327
f 453 327 326
f 467 341 340
f 467 340 466
f 452 453 326
f 468 341 467
f 468 342 341
f 468 343 342
f 451 452 326
f 451 325 324
f 451 326 325
f 469 343 468
f 450 451 324
f 470 343 469
f 470 344 343
f 449 450 324
f 449 324 323
f 471 344 470
f 471 345 344
f 448 449 323
f 448 322 321
f 448 323 322
f 472 345 471
f 472 346 345
f 472 347 346
f 447 448 321
f 473 347 472
f 446 447 321
f 446 320 319
f 446 321 320
f 474 347 473
f 474 348 347
f 445 446 319
f 475 348 474
f 475 349 348
f 475 350 349
f 444 319 318
f 444 445 319
f 476 350 475
f 443 444 318
f 443 317 316
f 443 318 317
f 477 350 476
f 477 351 350
f 442 443 316
f 478 352 351
f 478 351 477
f 441 316 315
f 441 442 316
f 479 352 478
f 479 353 352
f 440 315 314
f 440 441 315
f 480 353 479
f 480 354 353
f 439 440 314
f 439 314 313
f 481 354 480
f 481 355 354
f 438 439 313
f 438 312 311
f 438 313 312
f 482 356 355
f 482 355 481
f 437 438 311
f 483 357 356
f 483 356 482
f 436 437 311
f 436 311 310
f 484 358 357
f 484 357 483
f 435 436 310
f 435 310 309
f 485 359 358
f 485 358 484
f 434 309 308
f 434 435 309
f 486 360 359
f 486 359 485
f 433 308 307
f 433 434 308
f 487 361 360
f 487 360 486
f 432 433 307
f 432 307 306
f 488 362 361
f 488 361 487
f 431 306 305
f 431 432 306
f 489 363 362
f 489 362 488
f 430 305 304
f 430 431 305
f 364 363 489
f 490 364 489
f 429 304 303
f 429 430 304
f 491 365 364
f 491 364 490
f 302 428 429
f 302 429 303
f 366 491 492
f 366 365 491
f 301 428 302
f 301 427 428
f 493 366 492
f 367 366 493
f 300 427 301
f 300 426 427
f 368 367 493
f 368 493 494
f 299 426 300
f 299 425 426
f 495 368 494
f 369 368 495
f 424 425 299
f 298 424 299
f 423 424 298
f 370 369 495
f 370 495 496
f 297 423 298
f 371 370 496
f 371 496 497
f 296 423 297
f 296 422 423
f 372 497 498
f 372 371 497
f 295 422 296
f 295 421 422
f 373 498 499
f 373 372 498
f 294 421 295
f 294 419 420
f 294 420 421
f 374 499 500
f 374 373 499
f 293 419 294
f 375 500 501
f 375 501 502
f 375 374 500
f 292 418 419
f 292 419 293
f 376 375 502
f 291 417 418
f 291 418 292
f 377 502 503
f 377 503 504
f 377 376 502
f 290 416 417
f 290 417 291
f 378 377 504
f 289 414 415
f 289 415 416
f 289 416 290
f 379 378 504
f 379 504 505
f 379 505 506
f 288 414 289
f 380 379 506
f 287 414 288
f 287 413 414
f 255 381 382
f 255 380 506
f 255 506 381
f 286 413 287
f 286 412 413
f 256 255 382
f 285 412 286
f 285 411 412
f 257 382 383
f 257 383 384
f 257 256 382
f 284 410 411
f 284 411 285
f 258 257 384
f 283 408 409
f 283 409 410
f 283 410 284
f 259 384 385
f 259 385 386
f 259 258 384
f 282 408 283
f 282 407 408
f 260 259 386
f 281 407 282
f 261 386 387
f 261 260 386
f 280 406 407
f 280 407 281
f 262 387 388
f 262 261 387
f 279 406 280
f 279 405 406
f 263 388 389
f 263 262 388
f 278 405 279
f 278 404 405
f 264 263 389
f 264 389 390
f 277 404 278
f 277 402 403
f 277 403 404
f 265 264 390
f 265 390 391
f 265 391 392
f 276 402 277
f 276 401 402
f 266 265 392
f 275 401 276
f 267 266 392
f 267 392 393
f 267 393 394
f 274 400 401
f 274 401 275
f 268 267 394
f 273 400 274
f 273 399 400
f 269 268 394
f 269 394 395
f 272 398 399
f 272 399 273
f 270 395 396
f 270 396 397
f 270 269 395
f 271 398 272
f 271 270 397
f 271 397 398
f 587 585 586
f 588 585 587
f 583 585 588
f 583 584 585
f 589 583 588
f 581 582 583
f 579 583 589
f 579 581 583
f 579 580 581
f 594 591 592
f 594 592 593
f 576 577 578
f 576 578 579
f 596 591 594
f 596 590 591
f 596 594 595
f 575 576 579
f 597 590 596
f 574 579 589
f 574 575 579
f 574 589 590
f 599 597 598
f 600 597 599
f 570 571 572
f 570 572 573
f 603 601 602
f 568 569 570
f 567 570 573
f 567 568 570
f 566 567 573
f 607 603 604
f 607 604 605
f 607 601 603
f 607 605 606
f 610 607 608
f 610 608 609
f 610 590 597
f 610 574 590
f 610 597 600
f 610 601 607
f 610 600 601
f 561 566 573
f 561 562 563
f 561 563 564
f 561 564 565
f 561 565 566
f 559 560 561
f 613 611 612
f 615 610 611
f 615 613 614
f 615 611 613
f 556 557 558
f 556 558 559
f 555 559 561
f 555 556 559
f 618 574 610
f 618 615 616
f 618 616 617
f 618 610 615
f 553 554 555
f 551 552 553
f 551 553 555
f 621 618 619
f 621 619 620
f 622 618 621
f 623 574 618
f 623 618 622
f 547 548 549
f 625 561 573
f 625 623 624
f 625 573 574
f 625 574 623
f 546 549 550
f 546 550 551
f 546 547 549
f 545 546 551
f 628 625 626
f 628 626 627
f 628 561 625
f 543 544 545
f 630 628 629
f 631 628 630
f 632 628 631
f 632 561 628
f 507 561 632
f 537 538 539
f 537 539 540
f 537 540 541
f 510 507 508
f 510 508 509
f 511 507 510
f 534 537 541
f 534 535 536
f 534 536 537
f 534 541 542
f 534 542 543
f 534 545 551
f 534 543 545
f 514 511 512
f 514 512 513
f 514 507 511
f 531 532 533
f 531 533 534
f 515 507 514
f 529 531 534
f 529 530 531
f 517 561 507
f 517 515 516
f 517 507 515
f 517 555 561
f 517 551 555
f 525 526 527
f 525 527 528
f 524 525 528
f 522 519 520
f 522 520 521
f 523 517 518
f 523 518 519
f 523 528 529
f 523 534 551
f 523 529 534
f 523 551 517
f 523 519 522
f 523 524 528
f 634 633 760
f 634 760 761
f 635 761 762
f 635 762 763
f 635 634 761
f 636 635 763
f 637 763 764
f 637 764 765
f 637 636 763
f 638 765 766
f 638 637 765
f 639 638 766
f 640 766 767
f 640 639 766
f 641 767 768
f 641 768 769
f 641 640 767
f 642 641 769
f 643 769 770
f 643 642 769
f 644 643 770
f 644 770 771
f 645 644 771
f 645 771 772
f 646 645 772
f 646 772 773
f 647 646 773
f 647 773 774
f 648 647 774
f 648 774 775
f 649 648 775
f 649 775 776
f 650 649 776
f 650 776 777
f 651 650 777
f 651 777 778
f 652 651 778
f 652 778 779
f 653 652 779
f 653 779 780
f 654 653 780
f 654 780 781
f 655 654 781
f 655 781 782
f 655 782 783
f 656 655 783
f 657 783 784
f 657 784 785
f 657 656 783
f 658 657 785
f 659 785 786
f 659 658 785
f 660 786 787
f 660 787 788
f 660 659 786
f 661 660 788
f 662 788 789
f 662 661 788
f 663 789 790
f 663 790 791
f 663 662 789
f 664 663 791
f 665 791 792
f 665 792 793
f 665 664 791
f 666 665 793
f 667 793 794
f 667 794 795
f 667 666 793
f 668 667 795
f 669 668 795
f 669 795 796
f 670 669 796
f 670 796 797
f 671 670 797
f 671 797 798
f 672 671 798
f 672 798 799
f 673 672 799
f 673 799 800
f 674 673 800
f 674 800 801
f 675 674 801
f 675 801 802
f 675 802 803
f 676 675 803
f 677 676 803
f 677 803 804
f 677 804 805
f 678 677 805
f 678 805 806
f 679 678 806
f 679 806 807
f 680 679 807
f 681 680 807
f 681 807 808
f 682 681 808
f 682 808 809
f 683 682 809
f 683 809 810
f 684 683 810
f 684 810 811
f 685 684 811
f 685 811 812
f 686 685 812
f 686 812 813
f 687 686 813
f 687 813 814
f 688 687 814
f 688 814 815
f 689 688 815
f 689 815 816
f 689 816 817
f 690 817 818
f 690 689 817
f 691 690 818
f 692 818 819
f 692 819 820
f 692 691 818
f 693 820 821
f 693 692 820
f 694 693 821
f 695 694 821
f 695 821 822
f 696 695 822
f 696 822 823
f 697 696 823
f 697 823 824
f 698 697 824
f 698 824 825
f 699 698 825
f 699 825 826
f 700 699 826
f 700 826 827
f 701 700 827
f 701 827 828
f 702 701 828
f 702 828 829
f 703 702 829
f 703 829 830
f 704 703 830
f 704 830 831
f 705 704 831
f 705 831 832
f 706 705 832
f 706 832 833
f 707 706 833
f 707 833 834
f 708 834 835
f 708 707 834
f 709 835 836
f 709 708 835
f 710 836 837
f 710 709 836
f 711 837 838
f 711 710 837
f 712 838 839
f 712 711 838
f 713 839 840
f 713 712 839
f 714 840 841
f 714 841 842
f 714 713 840
f 715 714 842
f 716 842 843
f 716 715 842
f 717 843 844
f 717 844 845
f 717 716 843
f 718 845 846
f 718 717 845
f 719 718 846
f 720 846 847
f 720 719 846
f 721 720 847
f 721 847 848
f 722 721 848
f 722 848 849
f 723 722 849
f 723 849 850
f 724 723 850
f 724 850 851
f 725 851 852
f 725 852 853
f 725 724 851
f 726 853 854
f 726 725 853
f 727 726 854
f 728 854 855
f 728 727 854
f 729 855 856
f 729 728 855
f 730 856 857
f 730 729 856
f 731 857 858
f 731 858 859
f 731 730 857
f 732 731 859
f 733 859 860
f 733 732 859
f 734 860 861
f 734 733 860
f 735 861 862
f 735 734 861
f 736 862 863
f 736 735 862
f 737 863 864
f 737 736 863
f 738 864 865
f 738 737 864
f 739 865 866
f 739 738 865
f 740 866 867
f 740 867 868
f 740 739 866
f 741 740 868
f 742 868 869
f 742 869 870
f 742 741 868
f 743 742 870
f 744 870 871
f 744 743 870
f 745 744 871
f 745 871 872
f 746 745 872
f 746 872 873
f 747 746 873
f 747 873 874
f 748 747 874
f 748 874 875
f 749 748 875
f 749 875 876
f 750 749 876
f 750 876 877
f 751 750 877
f 751 877 878
f 752 751 878
f 752 878 879
f 753 752 879
f 753 879 880
f 754 753 880
f 754 880 881
f 755 754 881
f 755 881 882
f 756 755 882
f 756 882 883
f 757 883 884
f 757 756 883
f 758 757 884
f 758 884 885
f 759 885 886
f 759 758 885
f 1092 965 966
f 1092 966 967
f 1091 965 1092
f 1093 1092 967
f 1090 964 965
f 1090 965 1091
f 1094 1093 967
f 1094 967 968
f 1089 963 964
f 1089 964 1090
f 1095 968 969
f 1095 1094 968
f 1088 963 1089
f 1088 961 962
f 1088 962 963
f 1096 1095 969
f 1096 969 970
f 1087 961 1088
f 1097 1096 970
f 1097 970 971
f 1086 959 960
f 1086 960 961
f 1086 961 1087
f 1098 1097 971
f 1098 971 972
f 1085 959 1086
f 1085 958 959
f 1099 972 973
f 1099 1098 972
f 1084 958 1085
f 1100 1099 973
f 1100 973 974
f 1100 974 975
f 1083 958 1084
f 1083 956 957
f 1083 957 958
f 1101 1100 975
f 1082 956 1083
f 1102 1101 975
f 1102 975 976
f 1081 956 1082
f 1081 955 956
f 1103 1102 976
f 1103 976 977
f 1080 955 1081
f 1080 953 954
f 1080 954 955
f 1104 1103 977
f 1104 977 978
f 1104 978 979
f 1079 953 1080
f 1105 1104 979
f 1078 953 1079
f 1078 951 952
f 1078 952 953
f 1106 1105 979
f 1106 979 980
f 1077 951 1078
f 1107 1106 980
f 1107 980 981
f 1107 981 982
f 1076 950 951
f 1076 951 1077
f 1108 1107 982
f 1075 950 1076
f 1075 948 949
f 1075 949 950
f 1109 1108 982
f 1109 982 983
f 1074 948 1075
f 1110 983 984
f 1110 1109 983
f 1073 947 948
f 1073 948 1074
f 1111 1110 984
f 1111 984 985
f 1072 946 947
f 1072 947 1073
f 1112 1111 985
f 1112 985 986
f 1071 946 1072
f 1071 945 946
f 1113 1112 986
f 1113 986 987
f 1070 945 1071
f 1070 943 944
f 1070 944 945
f 1114 987 988
f 1114 1113 987
f 1069 943 1070
f 1115 988 989
f 1115 1114 988
f 1068 943 1069
f 1068 942 943
f 1116 989 990
f 1116 1115 989
f 1067 942 1068
f 1067 941 942
f 1117 990 991
f 1117 1116 990
f 1066 940 941
f 1066 941 1067
f 1118 991 992
f 1118 1117 991
f 1065 939 940
f 1065 940 1066
f 1119 992 993
f 1119 1118 992
f 1064 939 1065
f 1064 938 939
f 1120 993 994
f 1120 1119 993
f 1063 937 938
f 1063 938 1064
f 1121 994 995
f 1121 1120 994
f 1062 936 937
f 1062 937 1063
f 996 1121 995
f 1122 1121 996
f 1061 935 936
f 1061 936 1062
f 1123 996 997
f 1123 1122 996
f 934 1061 1060
f 934 935 1061
f 998 1124 1123
f 998 1123 997
f 933 934 1060
f 933 1060 1059
f 1125 1124 998
f 999 1125 998
f 932 933 1059
f 932 1059 1058
f 1000 1125 999
f 1000 1126 1125
f 931 932 1058
f 931 1058 1057
f 1127 1126 1000
f 1001 1127 1000
f 1056 931 1057
f 930 931 1056
f 1055 930 1056
f 1002 1127 1001
f 1002 1128 1127
f 929 930 1055
f 1003 1128 1002
f 1003 1129 1128
f 928 929 1055
f 928 1055 1054
f 1004 1130 1129
f 1004 1129 1003
f 927 928 1054
f 927 1054 1053
f 1005 1131 1130
f 1005 1130 1004
f 926 927 1053
f 926 1052 1051
f 926 1053 1052
f 1006 1132 1131
f 1006 1131 1005
f 925 926 1051
f 1007 1133 1132
f 1007 1134 1133
f 1007 1132 1006
f 924 1051 1050
f 924 925 1051
f 1008 1134 1007
f 923 1050 1049
f 923 924 1050
f 1009 1135 1134
f 1009 1136 1135
f 1009 1134 1008
f 922 1049 1048
f 922 923 1049
f 1010 1136 1009
f 921 1047 1046
f 921 1048 1047
f 921 922 1048
f 1011 1136 1010
f 1011 1137 1136
f 1011 1138 1137
f 920 921 1046
f 1012 1138 1011
f 919 920 1046
f 919 1046 1045
f 887 1014 1013
f 887 1138 1012
f 887 1013 1138
f 918 919 1045
f 918 1045 1044
f 888 1014 887
f 917 918 1044
f 917 1044 1043
f 889 1015 1014
f 889 1016 1015
f 889 1014 888
f 916 1043 1042
f 916 917 1043
f 890 1016 889
f 915 1041 1040
f 915 1042 1041
f 915 916 1042
f 891 1017 1016
f 891 1018 1017
f 891 1016 890
f 914 915 1040
f 914 1040 1039
f 892 1018 891
f 913 914 1039
f 893 1019 1018
f 893 1018 892
f 912 1039 1038
f 912 913 1039
f 894 1020 1019
f 894 1019 893
f 911 912 1038
f 911 1038 1037
f 895 1021 1020
f 895 1020 894
f 910 911 1037
f 910 1037 1036
f 896 1021 895
f 896 1022 1021
f 909 910 1036
f 909 1035 1034
f 909 1036 1035
f 897 1022 896
f 897 1023 1022
f 897 1024 1023
f 908 909 1034
f 908 1034 1033
f 898 1024 897
f 907 908 1033
f 899 1024 898
f 899 1025 1024
f 899 1026 1025
f 906 1033 1032
f 906 907 1033
f 900 1026 899
f 905 906 1032
f 905 1032 1031
f 901 1026 900
f 901 1027 1026
f 904 1031 1030
f 904 905 1031
f 902 1028 1027
f 902 1029 1028
f 902 1027 901
f 903 904 1030
f 903 1029 902
f 903 1030 1029
f 1142 1141 1267
f 1142 1267 1268
f 1143 1268 1269
f 1143 1269 1270
f 1143 1142 1268
f 1144 1143 1270
f 1145 1270 1271
f 1145 1271 1272
f 1145 1144 1270
f 1146 1272 1273
f 1146 1145 1272
f 1147 1146 1273
f 1148 1273 1274
f 1148 1147 1273
f 1149 1274 1275
f 1149 1275 1276
f 1149 1148 1274
f 1150 1149 1276
f 1151 1276 1277
f 1151 1150 1276
f 1152 1151 1277
f 1152 1277 1278
f 1153 1152 1278
f 1153 1278 1279
f 1154 1153 1279
f 1154 1279 1280
f 1155 1154 1280
f 1155 1280 1281
f 1156 1155 1281
f 1156 1281 1282
f 1157 1156 1282
f 1157 1282 1283
f 1158 1157 1283
f 1158 1283 1284
f 1159 1158 1284
f 1159 1284 1285
f 1160 1159 1285
f 1160 1285 1286
f 1161 1160 1286
f 1161 1286 1287
f 1162 1161 1287
f 1162 1287 1288
f 1163 1162 1288
f 1163 1288 1289
f 1163 1289 1290
f 1164 1163 1290
f 1165 1290 1291
f 1165 1291 1292
f 1165 1164 1290
f 1166 1165 1292
f 1167 1292 1293
f 1167 1166 1292
f 1168 1293 1294
f 1168 1294 1295
f 1168 1167 1293
f 1169 1168 1295
f 1170 1295 1296
f 1170 1169 1295
f 1171 1296 1297
f 1171 1297 1298
f 1171 1170 1296
f 1172 1171 1298
f 1173 1298 1299
f 1173 1299 1300
f 1173 1172 1298
f 1174 1173 1300
f 1175 1300 1301
f 1175 1301 1302
f 1175 1174 1300
f 1176 1175 1302
f 1177 1176 1302
f 1177 1302 1303
f 1178 1177 1303
f 1178 1303 1304
f 1179 1178 1304
f 1179 1304 1305
f 1180 1179 1305
f 1180 1305 1306
f 1181 1180 1306
f 1181 1306 1307
f 1182 1181 1307
f 1182 1307 1308
f 1183 1182 1308
f 1183 1308 1309
f 1183 1309 1310
f 1184 1183 1310
f 1185 1184 1310
f 1185 1310 1311
f 1185 1311 1312
f 1186 1185 1312
f 1186 1312 1313
f 1187 1186 1313
f 1187 1313 1314
f 1188 1187 1314
f 1189 1188 1314
f 1189 1314 1315
f 1190 1189 1315
f 1190 1315 1316
f 1191 1190 1316
f 1191 1316 1317
f 1192 1191 1317
f 1192 1317 1318
f 1193 1192 1318
f 1193 1318 1319
f 1194 1193 1319
f 1194 1319 1320
f 1195 1194 1320
f 1195 1320 1321
f 1196 1195 1321
f 1196 1321 1322
f 1197 1196 1322
f 1197 1322 1323
f 1197 1323 1324
f 1198 1324 1325
f 1198 1197 1324
f 1199 1198 1325
f 1200 1325 1326
f 1200 1326 1327
f 1200 1199 1325
f 1201 1327 1328
f 1201 1200 1327
f 1202 1201 1328
f 1203 1202 1328
f 1203 1328 1329
f 1204 1203 1329
f 1204 1329 1330
f 1205 1204 1330
f 1205 1330 1331
f 1206 1205 1331
f 1206 1331 1332
f 1207 1206 1332
f 1207 1332 1333
f 1208 1207 1333
f 1208 1333 1334
f 1209 1208 1334
f 1209 1334 1335
f 1210 1209 1335
f 1210 1335 1336
f 1211 1210 1336
f 1211 1336 1337
f 1212 1211 1337
f 1212 1337 1338
f 1213 1212 1338
f 1213 1338 1339
f 1214 1213 1339
f 1214 1339 1340
f 1215 1340 1341
f 1215 1214 1340
f 1216 1341 1342
f 1216 1215 1341
f 1217 1342 1343
f 1217 1216 1342
f 1218 1343 1344
f 1218 1217 1343
f 1219 1344 1345
f 1219 1218 1344
f 1220 1345 1346
f 1220 1219 1345
f 1221 1346 1347
f 1221 1220 1346
f 1222 1347 1348
f 1222 1348 1349
f 1222 1221 1347
f 1223 1222 1349
f 1224 1349 1350
f 1224 1223 1349
f 1225 1350 1351
f 1225 1351 1352
f 1225 1224 1350
f 1226 1352 1353
f 1226 1225 1352
f 1227 1226 1353
f 1228 1353 1354
f 1228 1227 1353
f 1229 1228 1354
f 1229 1354 1355
f 1230 1229 1355
f 1230 1355 1356
f 1231 1230 1356
f 1231 1356 1357
f 1232 1231 1357
f 1232 1357 1358
f 1233 1358 1359
f 1233 1359 1360
f 1233 1232 1358
f 1234 1360 1361
f 1234 1233 1360
f 1235 1234 1361
f 1236 1361 1362
f 1236 1235 1361
f 1237 1362 1363
f 1237 1236 1362
f 1238 1363 1364
f 1238 1237 1363
f 1239 1364 1365
f 1239 1365 1366
f 1239 1238 1364
f 1240 1239 1366
f 1241 1366 1367
f 1241 1240 1366
f 1242 1367 1368
f 1242 1241 1367
f 1243 1368 1369
f 1243 1242 1368
f 1244 1369 1370
f 1244 1243 1369
f 1245 1370 1371
f 1245 1244 1370
f 1246 1371 1372
f 1246 1245 1371
f 1247 1372 1373
f 1247 1246 1372
f 1248 1373 1374
f 1248 1374 1375
f 1248 1247 1373
f 1249 1248 1375
f 1250 1375 1376
f 1250 1376 1377
f 1250 1249 1375
f 1251 1250 1377
f 1252 1377 1378
f 1252 1251 1377
f 1253 1252 1378
f 1253 1378 1379
f 1254 1253 1379
f 1254 1379 1380
f 1255 1254 1380
f 1255 1380 1381
f 1256 1255 1381
f 1256 1381 1382
f 1257 1256 1382
f 1257 1382 1383
f 1258 1257 1383
f 1258 1383 1384
f 1259 1258 1384
f 1259 1384 1385
f 1260 1259 1385
f 1260 1385 1386
f 1261 1260 1386
f 1261 1386 1387
f 1262 1261 1387
f 1262 1387 1388
f 1263 1262 1388
f 1263 1388 1389
f 1264 1263 1389
f 1264 1389 1390
f 1265 1390 1391
f 1265 1264 1390
f 1266 1391 1392
f 1266 1265 1391
f 1140 1266 1392
f 1140 1392 1139
f 1598 1472 1471
f 1598 1473 1472
f 1597 1598 1471
f 1599 1473 1598
f 1596 1471 1470
f 1596 1597 1471
f 1600 1473 1599
f 1600 1474 1473
f 1595 1470 1469
f 1595 1596 1470
f 1601 1475 1474
f 1601 1474 1600
f 1594 1595 1469
f 1594 1468 1467
f 1594 1469 1468
f 1602 1475 1601
f 1602 1476 1475
f 1593 1594 1467
f 1603 1476 1602
f 1603 1477 1476
f 1592 1466 1465
f 1592 1467 1466
f 1592 1593 1467
f 1604 1477 1603
f 1604 1478 1477
f 1591 1592 1465
f 1591 1465 1464
f 1605 1479 1478
f 1605 1478 1604
f 1590 1591 1464
f 1606 1479 1605
f 1606 1480 1479
f 1606 1481 1480
f 1589 1590 1464
f 1589 1463 1462
f 1589 1464 1463
f 1607 1481 1606
f 1588 1589 1462
f 1608 1481 1607
f 1608 1482 1481
f 1587 1588 1462
f 1587 1462 1461
f 1609 1482 1608
f 1609 1483 1482
f 1586 1587 1461
f 1586 1460 1459
f 1586 1461 1460
f 1610 1483 1609
f 1610 1484 1483
f 1610 1485 1484
f 1585 1586 1459
f 1611 1485 1610
f 1584 1585 1459
f 1584 1458 1457
f 1584 1459 1458
f 1612 1485 1611
f 1612 1486 1485
f 1583 1584 1457
f 1613 1486 1612
f 1613 1487 1486
f 1613 1488 1487
f 1582 1457 1456
f 1582 1583 1457
f 1614 1488 1613
f 1581 1582 1456
f 1581 1455 1454
f 1581 1456 1455
f 1615 1488 1614
f 1615 1489 1488
f 1580 1581 1454
f 1616 1490 1489
f 1616 1489 1615
f 1579 1454 1453
f 1579 1580 1454
f 1617 1490 1616
f 1617 1491 1490
f 1578 1453 1452
f 1578 1579 1453
f 1618 1491 1617
f 1618 1492 1491
f 1577 1578 1452
f 1577 1452 1451
f 1619 1492 1618
f 1619 1493 1492
f 1576 1577 1451
f 1576 1450 1449
f 1576 1451 1450
f 1620 1494 1493
f 1620 1493 1619
f 1575 1576 1449
f 1621 1495 1494
f 1621 1494 1620
f 1574 1575 1449
f 1574 1449 1448
f 1622 1496 1495
f 1622 1495 1621
f 1573 1574 1448
f 1573 1448 1447
f 1623 1497 1496
f 1623 1496 1622
f 1572 1447 1446
f 1572 1573 1447
f 1624 1498 1497
f 1624 1497 1623
f 1571 1446 1445
f 1571 1572 1446
f 1625 1499 1498
f 1625 1498 1624
f 1570 1571 1445
f 1570 1445 1444
f 1626 1500 1499
f 1626 1499 1625
f 1569 1444 1443
f 1569 1570 1444
f 1627 1501 1500
f 1627 1500 1626
f 1568 1443 1442
f 1568 1569 1443
f 1502 1501 1627
f 1628 1502 1627
f 1567 1442 1441
f 1567 1568 1442
f 1629 1503 1502
f 1629 1502 1628
f 1440 1566 1567
f 1440 1567 1441
f 1504 1629 1630
f 1504 1503 1629
f 1439 1566 1440
f 1439 1565 1566
f 1631 1504 1630
f 1505 1504 1631
f 1438 1565 1439
f 1438 1564 1565
f 1506 1505 1631
f 1506 1631 1632
f 1437 1564 1438
f 1437 1563 1564
f 1633 1506 1632
f 1507 1506 1633
f 1562 1563 1437
f 1436 1562 1437
f 1561 1562 1436
f 1508 1507 1633
f 1508 1633 1634
f 1435 1561 1436
f 1509 1508 1634
f 1509 1634 1635
f 1434 1561 1435
f 1434 1560 1561
f 1510 1635 1636
f 1510 1509 1635
f 1433 1560 1434
f 1433 1559 1560
f 1511 1636 1637
f 1511 1510 1636
f 1432 1559 1433
f 1432 1557 1558
f 1432 1558 1559
f 1512 1637 1638
f 1512 1511 1637
f 1431 1557 1432
f 1513 1638 1639
f 1513 1639 1640
f 1513 1512 1638
f 1430 1556 1557
f 1430 1557 1431
f 1514 1513 1640
f 1429 1555 1556
f 1429 1556 1430
f 1515 1640 1641
f 1515 1641 1642
f 1515 1514 1640
f 1428 1554 1555
f 1428 1555 1429
f 1516 1515 1642
f 1427 1552 1553
f 1427 1553 1554
f 1427 1554 1428
f 1517 1516 1642
f 1517 1642 1643
f 1517 1643 1644
f 1426 1552 1427
f 1518 1517 1644
f 1425 1552 1426
f 1425 1551 1552
f 1393 1519 1520
f 1393 1518 1644
f 1393 1644 1519
f 1424 1551 1425
f 1424 1550 1551
f 1394 1393 1520
f 1423 1550 1424
f 1423 1549 1550
f 1395 1520 1521
f 1395 1521 1522
f 1395 1394 1520
f 1422 1548 1549
f 1422 1549 1423
f 1396 1395 1522
f 1421 1546 1547
f 1421 1547 1548
f 1421 1548 1422
f 1397 1522 1523
f 1397 1523 1524
f 1397 1396 1522
f 1420 1546 1421
f 1420 1545 1546
f 1398 1397 1524
f 1419 1545 1420
f 1399 1524 1525
f 1399 1398 1524
f 1418 1544 1545
f 1418 1545 1419
f 1400 1525 1526
f 1400 1399 1525
f 1417 1544 1418
f 1417 1543 1544
f 1401 1526 1527
f 1401 1400 1526
f 1416 1543 1417
f 1416 1542 1543
f 1402 1401 1527
f 1402 1527 1528
f 1415 1542 1416
f 1415 1540 1541
f 1415 1541 1542
f 1403 1402 1528
f 1403 1528 1529
f 1403 1529 1530
f 1414 1540 1415
f 1414 1539 1540
f 1404 1403 1530
f 1413 1539 1414
f 1405 1404 1530
f 1405 1530 1531
f 1405 1531 1532
f 1412 1538 1539
f 1412 1539 1413
f 1406 1405 1532
f 1411 1538 1412
f 1411 1537 1538
f 1407 1406 1532
f 1407 1532 1533
f 1410 1536 1537
f 1410 1537 1411
f 1408 1533 1534
f 1408 1534 1535
f 1408 1407 1533
f 1409 1536 1410
f 1409 1408 1535
f 1409 1535 1536
f 1646 1645 1772
f 1646 1772 1773
f 1647 1773 1774
f 1647 1774 1775
f 1647 1646 1773
f 1648 1647 1775
f 1649 1775 1776
f 1649 1776 1777
f 1649 1648 1775
f 1650 1777 1778
f 1650 1649 1777
f 1651 1650 1778
f 1652 1778 1779
f 1652 1651 1778
f 1653 1779 1780
f 1653 1780 1781
f 1653 1652 1779
f 1654 1653 1781
f 1655 1781 1782
f 1655 1654 1781
f 1656 1655 1782
f 1656 1782 1783
f 1657 1656 1783
f 1657 1783 1784
f 1658 1657 1784
f 1658 1784 1785
f 1659 1658 1785
f 1659 1785 1786
f 1660 1659 1786
f 1660 1786 1787
f 1661 1660 1787
f 1661 1787 1788
f 1662 1661 1788
f 1662 1788 1789
f 1663 1662 1789
f 1663 1789 1790
f 1664 1663 1790
f 1664 1790 1791
f 1665 1664 1791
f 1665 1791 1792
f 1666 1665 1792
f 1666 1792 1793
f 1667 1666 1793
f 1667 1793 1794
f 1667 1794 1795
f 1668 1667 1795
f 1669 1795 1796
f 1669 1796 1797
f 1669 1668 1795
f 1670 1669 1797
f 1671 1797 1798
f 1671 1670 1797
f 1672 1798 1799
f 1672 1799 1800
f 1672 1671 1798
f 1673 1672 1800
f 1674 1800 1801
f 1674 1673 1800
f 1675 1801 1802
f 1675 1802 1803
f 1675 1674 1801
f 1676 1675 1803
f 1677 1803 1804
f 1677 1804 1805
f 1677 1676 1803
f 1678 1677 1805
f 1679 1805 1806
f 1679 1806 1807
f 1679 1678 1805
f 1680 1679 1807
f 1681 1680 1807
f 1681 1807 1808
f 1682 1681 1808
f 1682 1808 1809
f 1683 1682 1809
f 1683 1809 1810
f 1684 1683 1810
f 1684 1810 1811
f 1685 1684 1811
f 1685 1811 1812
f 1686 1685 1812
f 1686 1812 1813
f 1687 1686 1813
f 1687 1813 1814
f 1687 1814 1815
f 1688 1687 1815
f 1689 1688 1815
f 1689 1815 1816
f 1689 1816 1817
f 1690 1689 1817
f 1690 1817 1818
f 1691 1690 1818
f 1691 1818 1819
f 1692 1691 1819
f 1693 1692 1819
f 1693 1819 1820
f 1694 1693 1820
f 1694 1820 1821
f 1695 1694 1821
f 1695 1821 1822
f 1696 1695 1822
f 1696 1822 1823
f 1697 1696 1823
f 1697 1823 1824
f 1698 1697 1824
f 1698 1824 1825
f 1699 1698 1825
f 1699 1825 1826
f 1700 1699 1826
f 1700 1826 1827
f 1701 1700 1827
f 1701 1827 1828
f 1701 1828 1829
f 1702 1829 1830
f 1702 1701 1829
f 1703 1702 1830
f 1704 1830 1831
f 1704 1831 1832
f 1704 1703 1830
f 1705 1832 1833
f 1705 1704 1832
f 1706 1705 1833
f 1707 1706 1833
f 1707 1833 1834
f 1708 1707 1834
f 1708 1834 1835
f 1709 1708 1835
f 1709 1835 1836
f 1710 1709 1836
f 1710 1836 1837
f 1711 1710 1837
f 1711 1837 1838
f 1712 1711 1838
f 1712 1838 1839
f 1713 1712 1839
f 1713 1839 1840
f 1714 1713 1840
f 1714 1840 1841
f 1715 1714 1841
f 1715 1841 1842
f 1716 1715 1842
f 1716 1842 1843
f 1717 1716 1843
f 1717 1843 1844
f 1718 1717 1844
f 1718 1844 1845
f 1719 1718 1845
f 1719 1845 1846
f 1720 1846 1847
f 1720 1719 1846
f 1721 1847 1848
f 1721 1720 1847
f 1722 1848 1849
f 1722 1721 1848
f 1723 1849 1850
f 1723 1722 1849
f 1724 1850 1851
f 1724 1723 1850
f 1725 1851 1852
f 1725 1724 1851
f 1726 1852 1853
f 1726 1853 1854
f 1726 1725 1852
f 1727 1726 1854
f 1728 1854 1855
f 1728 1727 1854
f 1729 1855 1856
f 1729 1856 1857
f 1729 1728 1855
f 1730 1857 1858
f 1730 1729 1857
f 1731 1730 1858
f 1732 1858 1859
f 1732 1731 1858
f 1733 1732 1859
f 1733 1859 1860
f 1734 1733 1860
f 1734 1860 1861
f 1735 1734 1861
f 1735 1861 1862
f 1736 1735 1862
f 1736 1862 1863
f 1737 1863 1864
f 1737 1864 1865
f 1737 1736 1863
f 1738 1865 1866
f 1738 1737 1865
f 1739 1738 1866
f 1740 1866 1867
f 1740 1739 1866
f 1741 1867 1868
f 1741 1740 1867
f 1742 1868 1869
f 1742 1741 1868
f 1743 1869 1870
f 1743 1870 1871
f 1743 1742 1869
f 1744 1743 1871
f 1745 1871 1872
f 1745 1744 1871
f 1746 1872 1873
f 1746 1745 1872
f 1747 1873 1874
f 1747 1746 1873
f 1748 1874 1875
f 1748 1747 1874
f 1749 1875 1876
f 1749 1748 1875
f 1750 1876 1877
f 1750 1749 1876
f 1751 1877 1878
f 1751 1750 1877
f 1752 1878 1879
f 1752 1879 1880
f 1752 1751 1878
f 1753 1752 1880
f 1754 1880 1881
f 1754 1881 1882
f 1754 1753 1880
f 1755 1754 1882
f 1756 1882 1883
f 1756 1755 1882
f 1757 1756 1883
f 1757 1883 1884
f 1758 1757 1884
f 1758 1884 1885
f 1759 1758 1885
f 1759 1885 1886
f 1760 1759 1886
f 1760 1886 1887
f 1761 1760 1887
f 1761 1887 1888
f 1762 1761 1888
f 1762 1888 1889
f 1763 1762 1889
f 1763 1889 1890
f 1764 1763 1890
f 1764 1890 1891
f 1765 1764 1891
f 1765 1891 1892
f 1766 1765 1892
f 1766 1892 1893
f 1767 1766 1893
f 1767 1893 1894
f 1768 1767 1894
f 1768 1894 1895
f 1769 1895 1896
f 1769 1768 1895
f 1770 1769 1896
f 1770 1896 1897
f 1771 1897 1898
f 1771 1770 1897
f 2104 1977 1978
f 2104 1978 1979
f 2103 1977 2104
f 2105 2104 1979
f 2102 1976 1977
f 2102 1977 2103
f 2106 2105 1979
f 2106 1979 1980
f 2101 1975 1976
f 2101 1976 2102
f 2107 1980 1981
f 2107 2106 1980
f 2100 1975 2101
f 2100 1973 1974
f 2100 1974 1975
f 2108 2107 1981
f 2108 1981 1982
f 2099 1973 2100
f 2109 2108 1982
f 2109 1982 1983
f 2098 1971 1972
f 2098 1972 1973
f 2098 1973 2099
f 2110 2109 1983
f 2110 1983 1984
f 2097 1971 2098
f 2097 1970 1971
f 2111 1984 1985
f 2111 2110 1984
f 2096 1970 2097
f 2112 2111 1985
f 2112 1985 1986
f 2112 1986 1987
f 2095 1970 2096
f 2095 1968 1969
f 2095 1969 1970
f 2113 2112 1987
f 2094 1968 2095
f 2114 2113 1987
f 2114 1987 1988
f 2093 1968 2094
f 2093 1967 1968
f 2115 2114 1988
f 2115 1988 1989
f 2092 1967 2093
f 2092 1965 1966
f 2092 1966 1967
f 2116 2115 1989
f 2116 1989 1990
f 2116 1990 1991
f 2091 1965 2092
f 2117 2116 1991
f 2090 1965 2091
f 2090 1963 1964
f 2090 1964 1965
f 2118 2117 1991
f 2118 1991 1992
f 2089 1963 2090
f 2119 2118 1992
f 2119 1992 1993
f 2119 1993 1994
f 2088 1962 1963
f 2088 1963 2089
f 2120 2119 1994
f 2087 1962 2088
f 2087 1960 1961
f 2087 1961 1962
f 2121 2120 1994
f 2121 1994 1995
f 2086 1960 2087
f 2122 1995 1996
f 2122 2121 1995
f 2085 1959 1960
f 2085 1960 2086
f 2123 2122 1996
f 2123 1996 1997
f 2084 1958 1959
f 2084 1959 2085
f 2124 2123 1997
f 2124 1997 1998
f 2083 1958 2084
f 2083 1957 1958
f 2125 2124 1998
f 2125 1998 1999
f 2082 1957 2083
f 2082 1955 1956
f 2082 1956 1957
f 2126 1999 2000
f 2126 2125 1999
f 2081 1955 2082
f 2127 2000 2001
f 2127 2126 2000
f 2080 1955 2081
f 2080 1954 1955
f 2128 2001 2002
f 2128 2127 2001
f 2079 1954 2080
f 2079 1953 1954
f 2129 2002 2003
f 2129 2128 2002
f 2078 1952 1953
f 2078 1953 2079
f 2130 2003 2004
f 2130 2129 2003
f 2077 1951 1952
f 2077 1952 2078
f 2131 2004 2005
f 2131 2130 2004
f 2076 1951 2077
f 2076 1950 1951
f 2132 2005 2006
f 2132 2131 2005
f 2075 1949 1950
f 2075 1950 2076
f 2133 2006 2007
f 2133 2132 2006
f 2074 1948 1949
f 2074 1949 2075
f 2008 2133 2007
f 2134 2133 2008
f 2073 1947 1948
f 2073 1948 2074
f 2135 2008 2009
f 2135 2134 2008
f 1946 2073 2072
f 1946 1947 2073
f 2010 2136 2135
f 2010 2135 2009
f 1945 1946 2072
f 1945 2072 2071
f 2137 2136 2010
f 2011 2137 2010
f 1944 1945 2071
f 1944 2071 2070
f 2012 2137 2011
f 2012 2138 2137
f 1943 1944 2070
f 1943 2070 2069
f 2139 2138 2012
f 2013 2139 2012
f 2068 1943 2069
f 1942 1943 2068
f 2067 1942 2068
f 2014 2139 2013
f 2014 2140 2139
f 1941 1942 2067
f 2015 2140 2014
f 2015 2141 2140
f 1940 1941 2067
f 1940 2067 2066
f 2016 2142 2141
f 2016 2141 2015
f 1939 1940 2066
f 1939 2066 2065
f 2017 2143 2142
f 2017 2142 2016
f 1938 1939 2065
f 1938 2064 2063
f 1938 2065 2064
f 2018 2144 2143
f 2018 2143 2017
f 1937 1938 2063
f 2019 2145 2144
f 2019 2146 2145
f 2019 2144 2018
f 1936 2063 2062
f 1936 1937 2063
f 2020 2146 2019
f 1935 2062 2061
f 1935 1936 2062
f 2021 2147 2146
f 2021 2148 2147
f 2021 2146 2020
f 1934 2061 2060
f 1934 1935 2061
f 2022 2148 2021
f 1933 2059 2058
f 1933 2060 2059
f 1933 1934 2060
f 2023 2148 2022
f 2023 2149 2148
f 2023 2150 2149
f 1932 1933 2058
f 2024 2150 2023
f 1931 1932 2058
f 1931 2058 2057
f 1899 2026 2025
f 1899 2150 2024
f 1899 2025 2150
f 1930 1931 2057
f 1930 2057 2056
f 1900 2026 1899
f 1929 1930 2056
f 1929 2056 2055
f 1901 2027 2026
f 1901 2028 2027
f 1901 2026 1900
f 1928 2055 2054
f 1928 1929 2055
f 1902 2028 1901
f 1927 2053 2052
f 1927 2054 2053
f 1927 1928 2054
f 1903 2029 2028
f 1903 2030 2029
f 1903 2028 1902
f 1926 1927 2052
f 1926 2052 2051
f 1904 2030 1903
f 1925 1926 2051
f 1905 2031 2030
f 1905 2030 1904
f 1924 2051 2050
f 1924 1925 2051
f 1906 2032 2031
f 1906 2031 1905
f 1923 1924 2050
f 1923 2050 2049
f 1907 2033 2032
f 1907 2032 1906
f 1922 1923 2049
f 1922 2049 2048
f 1908 2033 1907
f 1908 2034 2033
f 1921 1922 2048
f 1921 2047 2046
f 1921 2048 2047
f 1909 2034 1908
f 1909 2035 2034
f 1909 2036 2035
f 1920 1921 2046
f 1920 2046 2045
f 1910 2036 1909
f 1919 1920 2045
f 1911 2036 1910
f 1911 2037 2036
f 1911 2038 2037
f 1918 2045 2044
f 1918 1919 2045
f 1912 2038 1911
f 1917 1918 2044
f 1917 2044 2043
f 1913 2038 1912
f 1913 2039 2038
f 1916 2043 2042
f 1916 1917 2043
f 1914 2040 2039
f 1914 2041 2040
f 1914 2039 1913
f 1915 1916 2042
f 1915 2041 1914
f 1915 2042 2041
f 2154 2153 2279
f 2154 2279 2280
f 2155 2280 2281
f 2155 2281 2282
f 2155 2154 2280
f 2156 2155 2282
f 2157 2282 2283
f 2157 2283 2284
f 2157 2156 2282
f 2158 2284 2285
f 2158 2157 2284
f 2159 2158 2285
f 2160 2285 2286
f 2160 2159 2285
f 2161 2286 2287
f 2161 2287 2288
f 2161 2160 2286
f 2162 2161 2288
f 2163 2288 2289
f 2163 2162 2288
f 2164 2163 2289
f 2164 2289 2290
f 2165 2164 2290
f 2165 2290 2291
f 2166 2165 2291
f 2166 2291 2292
f 2167 2166 2292
f 2167 2292 2293
f 2168 2167 2293
f 2168 2293 2294
f 2169 2168 2294
f 2169 2294 2295
f 2170 2169 2295
f 2170 2295 2296
f 2171 2170 2296
f 2171 2296 2297
f 2172 2171 2297
f 2172 2297 2298
f 2173 2172 2298
f 2173 2298 2299
f 2174 2173 2299
f 2174 2299 2300
f 2175 2174 2300
f 2175 2300 2301
f 2175 2301 2302
f 2176 2175 2302
f 2177 2302 2303
f 2177 2303 2304
f 2177 2176 2302
f 2178 2177 2304
f 2179 2304 2305
f 2179 2178 2304
f 2180 2305 2306
f 2180 2306 2307
f 2180 2179 2305
f 2181 2180 2307
f 2182 2307 2308
f 2182 2181 2307
f 2183 2308 2309
f 2183 2309 2310
f 2183 2182 2308
f 2184 2183 2310
f 2185 2310 2311
f 2185 2311 2312
f 2185 2184 2310
f 2186 2185 2312
f 2187 2312 2313
f 2187 2313 2314
f 2187 2186 2312
f 2188 2187 2314
f 2189 2188 2314
f 2189 2314 2315
f 2190 2189 2315
f 2190 2315 2316
f 2191 2190 2316
f 2191 2316 2317
f 2192 2191 2317
f 2192 2317 2318
f 2193 2192 2318
f 2193 2318 2319
f 2194 2193 2319
f 2194 2319 2320
f 2195 2194 2320
f 2195 2320 2321
f 2195 2321 2322
f 2196 2195 2322
f 2197 2196 2322
f 2197 2322 2323
f 2197 2323 2324
f 2198 2197 2324
f 2198 2324 2325
f 2199 2198 2325
f 2199 2325 2326
f 2200 2199 2326
f 2201 2200 2326
f 2201 2326 2327
f 2202 2201 2327
f 2202 2327 2328
f 2203 2202 2328
f 2203 2328 2329
f 2204 2203 2329
f 2204 2329 2330
f 2205 2204 2330
f 2205 2330 2331
f 2206 2205 2331
f 2206 2331 2332
f 2207 2206 2332
f 2207 2332 2333
f 2208 2207 2333
f 2208 2333 2334
f 2209 2208 2334
f 2209 2334 2335
f 2209 2335 2336
f 2210 2336 2337
f 2210 2209 2336
f 2211 2210 2337
f 2212 2337 2338
f 2212 2338 2339
f 2212 2211 2337
f 2213 2339 2340
f 2213 2212 2339
f 2214 2213 2340
f 2215 2214 2340
f 2215 2340 2341
f 2216 2215 2341
f 2216 2341 2342
f 2217 2216 2342
f 2217 2342 2343
f 2218 2217 2343
f 2218 2343 2344
f 2219 2218 2344
f 2219 2344 2345
f 2220 2219 2345
f 2220 2345 2346
f 2221 2220 2346
f 2221 2346 2347
f 2222 2221 2347
f 2222 2347 2348
f 2223 2222 2348
f 2223 2348 2349
f 2224 2223 2349
f 2224 2349 2350
f 2225 2224 2350
f 2225 2350 2351
f 2226 2225 2351
f 2226 2351 2352
f 2227 2352 2353
f 2227 2226 2352
f 2228 2353 2354
f 2228 2227 2353
f 2229 2354 2355
f 2229 2228 2354
f 2230 2355 2356
f 2230 2229 2355
f 2231 2356 2357
f 2231 2230 2356
f 2232 2357 2358
f 2232 2231 2357
f 2233 2358 2359
f 2233 2232 2358
f 2234 2359 2360
f 2234 2360 2361
f 2234 2233 2359
f 2235 2234 2361
f 2236 2361 2362
f 2236 2235 2361
f 2237 2362 2363
f 2237 2363 2364
f 2237 2236 2362
f 2238 2364 2365
f 2238 2237 2364
f 2239 2238 2365
f 2240 2365 2366
f 2240 2239 2365
f 2241 2240 2366
f 2241 2366 2367
f 2242 2241 2367
f 2242 2367 2368
f 2243 2242 2368
f 2243 2368 2369
f 2244 2243 2369
f 2244 2369 2370
f 2245 2370 2371
f 2245 2371 2372
f 2245 2244 2370
f 2246 2372 2373
f 2246 2245 2372
f 2247 2246 2373
f 2248 2373 2374
f 2248 2247 2373
f 2249 2374 2375
f 2249 2248 2374
f 2250 2375 2376
f 2250 2249 2375
f 2251 2376 2377
f 2251 2377 2378
f 2251 2250 2376
f 2252 2251 2378
f 2253 2378 2379
f 2253 2252 2378
f 2254 2379 2380
f 2254 2253 2379
f 2255 2380 2381
f 2255 2254 2380
f 2256 2381 2382
f 2256 2255 2381
f 2257 2382 2383
f 2257 2256 2382
f 2258 2383 2384
f 2258 2257 2383
f 2259 2384 2385
f 2259 2258 2384
f 2260 2385 2386
f 2260 2386 2387
f 2260 2259 2385
f 2261 2260 2387
f 2262 2387 2388
f 2262 2388 2389
f 2262 2261 2387
f 2263 2262 2389
f 2264 2389 2390
f 2264 2263 2389
f 2265 2264 2390
f 2265 2390 2391
f 2266 2265 2391
f 2266 2391 2392
f 2267 2266 2392
f 2267 2392 2393
f 2268 2267 2393
f 2268 2393 2394
f 2269 2268 2394
f 2269 2394 2395
f 2270 2269 2395
f 2270 2395 2396
f 2271 2270 2396
f 2271 2396 2397
f 2272 2271 2397
f 2272 2397 2398
f 2273 2272 2398
f 2273 2398 2399
f 2274 2273 2399
f 2274 2399 2400
f 2275 2274 2400
f 2275 2400 2401
f 2276 2275 2401
f 2276 2401 2402
f 2277 2402 2403
f 2277 2276 2402
f 2278 2403 2404
f 2278 2277 2403
f 2152 2278 2404
f 2152 2404 2151
f 2610 2484 2483
f 2610 2485 2484
f 2609 2610 2483
f 2611 2485 2610
f 2608 2483 2482
f 2608 2609 2483
f 2612 2485 2611
f 2612 2486 2485
f 2607 2482 2481
f 2607 2608 2482
f 2613 2487 2486
f 2613 2486 2612
f 2606 2607 2481
f 2606 2480 2479
f 2606 2481 2480
f 2614 2487 2613
f 2614 2488 2487
f 2605 2606 2479
f 2615 2488 2614
f 2615 2489 2488
f 2604 2478 2477
f 2604 2479 2478
f 2604 2605 2479
f 2616 2489 2615
f 2616 2490 2489
f 2603 2604 2477
f 2603 2477 2476
f 2617 2491 2490
f 2617 2490 2616
f 2602 2603 2476
f 2618 2491 2617
f 2618 2492 2491
f 2618 2493 2492
f 2601 2602 2476
f 2601 2475 2474
f 2601 2476 2475
f 2619 2493 2618
f 2600 2601 2474
f 2620 2493 2619
f 2620 2494 2493
f 2599 2600 2474
f 2599 2474 2473
f 2621 2494 2620
f 2621 2495 2494
f 2598 2599 2473
f 2598 2472 2471
f 2598 2473 2472
f 2622 2495 2621
f 2622 2496 2495
f 2622 2497 2496
f 2597 2598 2471
f 2623 2497 2622
f 2596 2597 2471
f 2596 2470 2469
f 2596 2471 2470
f 2624 2497 2623
f 2624 2498 2497
f 2595 2596 2469
f 2625 2498 2624
f 2625 2499 2498
f 2625 2500 2499
f 2594 2469 2468
f 2594 2595 2469
f 2626 2500 2625
f 2593 2594 2468
f 2593 2467 2466
f 2593 2468 2467
f 2627 2500 2626
f 2627 2501 2500
f 2592 2593 2466
f 2628 2502 2501
f 2628 2501 2627
f 2591 2466 2465
f 2591 2592 2466
f 2629 2502 2628
f 2629 2503 2502
f 2590 2465 2464
f 2590 2591 2465
f 2630 2503 2629
f 2630 2504 2503
f 2589 2590 2464
f 2589 2464 2463
f 2631 2504 2630
f 2631 2505 2504
f 2588 2589 2463
f 2588 2462 2461
f 2588 2463 2462
f 2632 2506 2505
f 2632 2505 2631
f 2587 2588 2461
f 2633 2507 2506
f 2633 2506 2632
f 2586 2587 2461
f 2586 2461 2460
f 2634 2508 2507
f 2634 2507 2633
f 2585 2586 2460
f 2585 2460 2459
f 2635 2509 2508
f 2635 2508 2634
f 2584 2459 2458
f 2584 2585 2459
f 2636 2510 2509
f 2636 2509 2635
f 2583 2458 2457
f 2583 2584 2458
f 2637 2511 2510
f 2637 2510 2636
f 2582 2583 2457
f 2582 2457 2456
f 2638 2512 2511
f 2638 2511 2637
f 2581 2456 2455
f 2581 2582 2456
f 2639 2513 2512
f 2639 2512 2638
f 2580 2455 2454
f 2580 2581 2455
f 2514 2513 2639
f 2640 2514 2639
f 2579 2454 2453
f 2579 2580 2454
f 2641 2515 2514
f 2641 2514 2640
f 2452 2578 2579
f 2452 2579 2453
f 2516 2641 2642
f 2516 2515 2641
f 2451 2578 2452
f 2451 2577 2578
f 2643 2516 2642
f 2517 2516 2643
f 2450 2577 2451
f 2450 2576 2577
f 2518 2517 2643
f 2518 2643 2644
f 2449 2576 2450
f 2449 2575 2576
f 2645 2518 2644
f 2519 2518 2645
f 2574 2575 2449
f 2448 2574 2449
f 2573 2574 2448
f 2520 2519 2645
f 2520 2645 2646
f 2447 2573 2448
f 2521 2520 2646
f 2521 2646 2647
f 2446 2573 2447
f 2446 2572 2573
f 2522 2647 2648
f 2522 2521 2647
f 2445 2572 2446
f 2445 2571 2572
f 2523 2648 2649
f 2523 2522 2648
f 2444 2571 2445
f 2444 2569 2570
f 2444 2570 2571
f 2524 2649 2650
f 2524 2523 2649
f 2443 2569 2444
f 2525 2650 2651
f 2525 2651 2652
f 2525 2524 2650
f 2442 2568 2569
f 2442 2569 2443
f 2526 2525 2652
f 2441 2567 2568
f 2441 2568 2442
f 2527 2652 2653
f 2527 2653 2654
f 2527 2526 2652
f 2440 2566 2567
f 2440 2567 2441
f 2528 2527 2654
f 2439 2564 2565
f 2439 2565 2566
f 2439 2566 2440
f 2529 2528 2654
f 2529 2654 2655
f 2529 2655 2656
f 2438 2564 2439
f 2530 2529 2656
f 2437 2564 2438
f 2437 2563 2564
f 2405 2531 2532
f 2405 2530 2656
f 2405 2656 2531
f 2436 2563 2437
f 2436 2562 2563
f 2406 2405 2532
f 2435 2562 2436
f 2435 2561 2562
f 2407 2532 2533
f 2407 2533 2534
f 2407 2406 2532
f 2434 2560 2561
f 2434 2561 2435
f 2408 2407 2534
f 2433 2558 2559
f 2433 2559 2560
f 2433 2560 2434
f 2409 2534 2535
f 2409 2535 2536
f 2409 2408 2534
f 2432 2558 2433
f 2432 2557 2558
f 2410 2409 2536
f 2431 2557 2432
f 2411 2536 2537
f 2411 2410 2536
f 2430 2556 2557
f 2430 2557 2431
f 2412 2537 2538
f 2412 2411 2537
f 2429 2556 2430
f 2429 2555 2556
f 2413 2538 2539
f 2413 2412 2538
f 2428 2555 2429
f 2428 2554 2555
f 2414 2413 2539
f 2414 2539 2540
f 2427 2554 2428
f 2427 2552 2553
f 2427 2553 2554
f 2415 2414 2540
f 2415 2540 2541
f 2415 2541 2542
f 2426 2552 2427
f 2426 2551 2552
f 2416 2415 2542
f 2425 2551 2426
f 2417 2416 2542
f 2417 2542 2543
f 2417 2543 2544
f 2424 2550 2551
f 2424 2551 2425
f 2418 2417 2544
f 2423 2550 2424
f 2423 2549 2550
f 2419 2418 2544
f 2419 2544 2545
f 2422 2548 2549
f 2422 2549 2423
f 2420 2545 2546
f 2420 2546 2547
f 2420 2419 2545
f 2421 2548 2422
f 2421 2420 2547
f 2421 2547 2548
f 2658 2657 2784
f 2658 2784 2785
f 2659 2785 2786
f 2659 2786 2787
f 2659 2658 2785
f 2660 2659 2787
f 2661 2787 2788
f 2661 2788 2789
f 2661 2660 2787
f 2662 2789 2790
f 2662 2661 2789
f 2663 2662 2790
f 2664 2790 2791
f 2664 2663 2790
f 2665 2791 2792
f 2665 2792 2793
f 2665 2664 2791
f 2666 2665 2793
f 2667 2793 2794
f 2667 2666 2793
f 2668 2667 2794
f 2668 2794 2795
f 2669 2668 2795
f 2669 2795 2796
f 2670 2669 2796
f 2670 2796 2797
f 2671 2670 2797
f 2671 2797 2798
f 2672 2671 2798
f 2672 2798 2799
f 2673 2672 2799
f 2673 2799 2800
f 2674 2673 2800
f 2674 2800 2801
f 2675 2674 2801
f 2675 2801 2802
f 2676 2675 2802
f 2676 2802 2803
f 2677 2676 2803
f 2677 2803 2804
f 2678 2677 2804
f 2678 2804 2805
f 2679 2678 2805
f 2679 2805 2806
f 2679 2806 2807
f 2680 2679 2807
f 2681 2807 2808
f 2681 2808 2809
f 2681 2680 2807
f 2682 2681 2809
f 2683 2809 2810
f 2683 2682 2809
f 2684 2810 2811
f 2684 2811 2812
f 2684 2683 2810
f 2685 2684 2812
f 2686 2812 2813
f 2686 2685 2812
f 2687 2813 2814
f 2687 2814 2815
f 2687 2686 2813
f 2688 2687 2815
f 2689 2815 2816
f 2689 2816 2817
f 2689 2688 2815
f 2690 2689 2817
f 2691 2817 2818
f 2691 2818 2819
f 2691 2690 2817
f 2692 2691 2819
f 2693 2692 2819
f 2693 2819 2820
f 2694 2693 2820
f 2694 2820 2821
f 2695 2694 2821
f 2695 2821 2822
f 2696 2695 2822
f 2696 2822 2823
f 2697 2696 2823
f 2697 2823 2824
f 2698 2697 2824
f 2698 2824 2825
f 2699 2698 2825
f 2699 2825 2826
f 2699 2826 2827
f 2700 2699 2827
f 2701 2700 2827
f 2701 2827 2828
f 2701 2828 2829
f 2702 2701 2829
f 2702 2829 2830
f 2703 2702 2830
f 2703 2830 2831
f 2704 2703 2831
f 2705 2704 2831
f 2705 2831 2832
f 2706 2705 2832
f 2706 2832 2833
f 2707 2706 2833
f 2707 2833 2834
f 2708 2707 2834
f 2708 2834 2835
f 2709 2708 2835
f 2709 2835 2836
f 2710 2709 2836
f 2710 2836 2837
f 2711 2710 2837
f 2711 2837 2838
f 2712 2711 2838
f 2712 2838 2839
f 2713 2712 2839
f 2713 2839 2840
f 2713 2840 2841
f 2714 2841 2842
f 2714 2713 2841
f 2715 2714 2842
f 2716 2842 2843
f 2716 2843 2844
f 2716 2715 2842
f 2717 2844 2845
f 2717 2716 2844
f 2718 2717 2845
f 2719 2718 2845
f 2719 2845 2846
f 2720 2719 2846
f 2720 2846 2847
f 2721 2720 2847
f 2721 2847 2848
f 2722 2721 2848
f 2722 2848 2849
f 2723 2722 2849
f 2723 2849 2850
f 2724 2723 2850
f 2724 2850 2851
f 2725 2724 2851
f 2725 2851 2852
f 2726 2725 2852
f 2726 2852 2853
f 2727 2726 2853
f 2727 2853 2854
f 2728 2727 2854
f 2728 2854 2855
f 2729 2728 2855
f 2729 2855 2856
f 2730 2729 2856
f 2730 2856 2857
f 2731 2730 2857
f 2731 2857 2858
f 2732 2858 2859
f 2732 2731 2858
f 2733 2859 2860
f 2733 2732 2859
f 2734 2860 2861
f 2734 2733 2860
f 2735 2861 2862
f 2735 2734 2861
f 2736 2862 2863
f 2736 2735 2862
f 2737 2863 2864
f 2737 2736 2863
f 2738 2864 2865
f 2738 2865 2866
f 2738 2737 2864
f 2739 2738 2866
f 2740 2866 2867
f 2740 2739 2866
f 2741 2867 2868
f 2741 2868 2869
f 2741 2740 2867
f 2742 2869 2870
f 2742 2741 2869
f 2743 2742 2870
f 2744 2870 2871
f 2744 2743 2870
f 2745 2744 2871
f 2745 2871 2872
f 2746 2745 2872
f 2746 2872 2873
f 2747 2746 2873
f 2747 2873 2874
f 2748 2747 2874
f 2748 2874 2875
f 2749 2875 2876
f 2749 2876 2877
f 2749 2748 2875
f 2750 2877 2878
f 2750 2749 2877
f 2751 2750 2878
f 2752 2878 2879
f 2752 2751 2878
f 2753 2879 2880
f 2753 2752 2879
f 2754 2880 2881
f 2754 2753 2880
f 2755 2881 2882
f 2755 2882 2883
f 2755 2754 2881
f 2756 2755 2883
f 2757 2883 2884
f 2757 2756 2883
f 2758 2884 2885
f 2758 2757 2884
f 2759 2885 2886
f 2759 2758 2885
f 2760 2886 2887
f 2760 2759 2886
f 2761 2887 2888
f 2761 2760 2887
f 2762 2888 2889
f 2762 2761 2888
f 2763 2889 2890
f 2763 2762 2889
f 2764 2890 2891
f 2764 2891 2892
f 2764 2763 2890
f 2765 2764 2892
f 2766 2892 2893
f 2766 2893 2894
f 2766 2765 2892
f 2767 2766 2894
f 2768 2894 2895
f 2768 2767 2894
f 2769 2768 2895
f 2769 2895 2896
f 2770 2769 2896
f 2770 2896 2897
f 2771 2770 2897
f 2771 2897 2898
f 2772 2771 2898
f 2772 2898 2899
f 2773 2772 2899
f 2773 2899 2900
f 2774 2773 2900
f 2774 2900 2901
f 2775 2774 2901
f 2775 2901 2902
f 2776 2775 2902
f 2776 2902 2903
f 2777 2776 2903
f 2777 2903 2904
f 2778 2777 2904
f 2778 2904 2905
f 2779 2778 2905
f 2779 2905 2906
f 2780 2779 2906
f 2780 2906 2907
f 2781 2907 2908
f 2781 2780 2907
f 2782 2781 2908
f 2782 2908 2909
f 2783 2909 2910
f 2783 2782 2909
f 3116 2989 2990
f 3116 2990 2991
f 3115 2989 3116
f 3117 3116 2991
f 3114 2988 2989
f 3114 2989 3115
f 3118 3117 2991
f 3118 2991 2992
f 3113 2987 2988
f 3113 2988 3114
f 3119 2992 2993
f 3119 3118 2992
f 3112 2987 3113
f 3112 2985 2986
f 3112 2986 2987
f 3120 3119 2993
f 3120 2993 2994
f 3111 2985 3112
f 3121 3120 2994
f 3121 2994 2995
f 3110 2983 2984
f 3110 2984 2985
f 3110 2985 3111
f 3122 3121 2995
f 3122 2995 2996
f 3109 2983 3110
f 3109 2982 2983
f 3123 2996 2997
f 3123 3122 2996
f 3108 2982 3109
f 3124 3123 2997
f 3124 2997 2998
f 3124 2998 2999
f 3107 2982 3108
f 3107 2980 2981
f 3107 2981 2982
f 3125 3124 2999
f 3106 2980 3107
f 3126 3125 2999
f 3126 2999 3000
f 3105 2980 3106
f 3105 2979 2980
f 3127 3126 3000
f 3127 3000 3001
f 3104 2979 3105
f 3104 2977 2978
f 3104 2978 2979
f 3128 3127 3001
f 3128 3001 3002
f 3128 3002 3003
f 3103 2977 3104
f 3129 3128 3003
f 3102 2977 3103
f 3102 2975 2976
f 3102 2976 2977
f 3130 3129 3003
f 3130 3003 3004
f 3101 2975 3102
f 3131 3130 3004
f 3131 3004 3005
f 3131 3005 3006
f 3100 2974 2975
f 3100 2975 3101
f 3132 3131 3006
f 3099 2974 3100
f 3099 2972 2973
f 3099 2973 2974
f 3133 3132 3006
f 3133 3006 3007
f 3098 2972 3099
f 3134 3007 3008
f 3134 3133 3007
f 3097 2971 2972
f 3097 2972 3098
f 3135 3134 3008
f 3135 3008 3009
f 3096 2970 2971
f 3096 2971 3097
f 3136 3135 3009
f 3136 3009 3010
f 3095 2970 3096
f 3095 2969 2970
f 3137 3136 3010
f 3137 3010 3011
f 3094 2969 3095
f 3094 2967 2968
f 3094 2968 2969
f 3138 3011 3012
f 3138 3137 3011
f 3093 2967 3094
f 3139 3012 3013
f 3139 3138 3012
f 3092 2967 3093
f 3092 2966 2967
f 3140 3013 3014
f 3140 3139 3013
f 3091 2966 3092
f 3091 2965 2966
f 3141 3014 3015
f 3141 3140 3014
f 3090 2964 2965
f 3090 2965 3091
f 3142 3015 3016
f 3142 3141 3015
f 3089 2963 2964
f 3089 2964 3090
f 3143 3016 3017
f 3143 3142 3016
f 3088 2963 3089
f 3088 2962 2963
f 3144 3017 3018
f 3144 3143 3017
f 3087 2961 2962
f 3087 2962 3088
f 3145 3018 3019
f 3145 3144 3018
f 3086 2960 2961
f 3086 2961 3087
f 3020 3145 3019
f 3146 3145 3020
f 3085 2959 2960
f 3085 2960 3086
f 3147 3020 3021
f 3147 3146 3020
f 2958 3085 3084
f 2958 2959 3085
f 3022 3148 3147
f 3022 3147 3021
f 2957 2958 3084
f 2957 3084 3083
f 3149 3148 3022
f 3023 3149 3022
f 2956 2957 3083
f 2956 3083 3082
f 3024 3149 3023
f 3024 3150 3149
f 2955 2956 3082
f 2955 3082 3081
f 3151 3150 3024
f 3025 3151 3024
f 3080 2955 3081
f 2954 2955 3080
f 3079 2954 3080
f 3026 3151 3025
f 3026 3152 3151
f 2953 2954 3079
f 3027 3152 3026
f 3027 3153 3152
f 2952 2953 3079
f 2952 3079 3078
f 3028 3154 3153
f 3028 3153 3027
f 2951 2952 3078
f 2951 3078 3077
f 3029 3155 3154
f 3029 3154 3028
f 2950 2951 3077
f 2950 3076 3075
f 2950 3077 3076
f 3030 3156 3155
f 3030 3155 3029
f 2949 2950 3075
f 3031 3157 3156
f 3031 3158 3157
f 3031 3156 3030
f 2948 3075 3074
f 2948 2949 3075
f 3032 3158 3031
f 2947 3074 3073
f 2947 2948 3074
f 3033 3159 3158
f 3033 3160 3159
f 3033 3158 3032
f 2946 3073 3072
f 2946 2947 3073
f 3034 3160 3033
f 2945 3071 3070
f 2945 3072 3071
f 2945 2946 3072
f 3035 3160 3034
f 3035 3161 3160
f 3035 3162 3161
f 2944 2945 3070
f 3036 3162 3035
f 2943 2944 3070
f 2943 3070 3069
f 2911 3038 3037
f 2911 3162 3036
f 2911 3037 3162
f 2942 2943 3069
f 2942 3069 3068
f 2912 3038 2911
f 2941 2942 3068
f 2941 3068 3067
f 2913 3039 3038
f 2913 3040 3039
f 2913 3038 2912
f 2940 3067 3066
f 2940 2941 3067
f 2914 3040 2913
f 2939 3065 3064
f 2939 3066 3065
f 2939 2940 3066
f 2915 3041 3040
f 2915 3042 3041
f 2915 3040 2914
f 2938 2939 3064
f 2938 3064 3063
f 2916 3042 2915
f 2937 2938 3063
f 2917 3043 3042
f 2917 3042 2916
f 2936 3063 3062
f 2936 2937 3063
f 2918 3044 3043
f 2918 3043 2917
f 2935 2936 3062
f 2935 3062 3061
f 2919 3045 3044
f 2919 3044 2918
f 2934 2935 3061
f 2934 3061 3060
f 2920 3045 2919
f 2920 3046 3045
f 2933 2934 3060
f 2933 3059 3058
f 2933 3060 3059
f 2921 3046 2920
f 2921 3047 3046
f 2921 3048 3047
f 2932 2933 3058
f 2932 3058 3057
f 2922 3048 2921
f 2931 2932 3057
f 2923 3048 2922
f 2923 3049 3048
f 2923 3050 3049
f 2930 3057 3056
f 2930 2931 3057
f 2924 3050 2923
f 2929 2930 3056
f 2929 3056 3055
f 2925 3050 2924
f 2925 3051 3050
f 2928 3055 3054
f 2928 2929 3055
f 2926 3052 3051
f 2926 3053 3052
f 2926 3051 2925
f 2927 2928 3054
f 2927 3053 2926
f 2927 3054 3053
f 3165 3291 3292
f 3166 3165 3292
f 3167 3166 3292
f 3167 3292 3293
f 3167 3293 3294
f 3168 3167 3294
f 3169 3168 3294
f 3169 3294 3295
f 3169 3295 3296
f 3170 3169 3296
f 3171 3170 3296
f 3171 3296 3297
f 3172 3171 3297
f 3172 3297 3298
f 3172 3298 3299
f 3173 3172 3299
f 3174 3173 3299
f 3174 3299 3300
f 3174 3300 3301
f 3175 3174 3301
f 3176 3175 3301
f 3176 3301 3302
f 3176 3302 3303
f 3177 3176 3303
f 3178 3303 3304
f 3178 3177 3303
f 3179 3304 3305
f 3179 3305 3306
f 3179 3178 3304
f 3180 3306 3307
f 3180 3179 3306
f 3181 3180 3307
f 3182 3307 3308
f 3182 3181 3307
f 3183 3308 3309
f 3183 3182 3308
f 3184 3309 3310
f 3184 3183 3309
f 3185 3310 3311
f 3185 3184 3310
f 3186 3311 3312
f 3186 3185 3311
f 3187 3312 3313
f 3187 3186 3312
f 3188 3313 3314
f 3188 3187 3313
f 3189 3314 3315
f 3189 3188 3314
f 3190 3315 3316
f 3190 3189 3315
f 3752 3317 3751
f 3750 3751 3317
f 3753 3317 3752
f 3753 3316 3317
f 3749 3750 3317
f 3754 3190 3316
f 3754 3316 3753
f 3748 3749 3317
f 3586 3190 3754
f 3747 3748 3317
f 3587 3190 3586
f 3746 3747 3317
f 3745 3746 3317
f 3744 3745 3317
f 3743 3744 3317
f 3742 3743 3317
f 3742 3317 3318
f 3741 3742 3318
f 3740 3741 3318
f 3739 3740 3318
f 3738 3739 3318
f 3737 3738 3318
f 3191 3190 3587
f 3191 3587 3588
f 3191 3588 3589
f 3191 3589 3590
f 3191 3590 3591
f 3191 3591 3592
f 3191 3592 3593
f 3191 3593 3594
f 3191 3594 3595
f 3736 3737 3318
f 3735 3736 3318
f 3734 3735 3318
f 3733 3734 3318
f 3732 3318 3319
f 3732 3733 3318
f 3731 3732 3319
f 3730 3731 3319
f 3729 3730 3319
f 3728 3729 3319
f 3192 3595 3596
f 3192 3596 3597
f 3192 3597 3598
f 3192 3598 3599
f 3192 3599 3600
f 3192 3191 3595
f 3192 3600 3601
f 3192 3601 3602
f 3192 3602 3603
f 3727 3728 3319
f 3604 3192 3603
f 3726 3727 3319
f 3725 3319 3320
f 3725 3726 3319
f 3724 3725 3320
f 3723 3724 3320
f 3722 3723 3320
f 3193 3604 3605
f 3193 3605 3606
f 3193 3606 3607
f 3193 3607 3608
f 3193 3192 3604
f 3721 3722 3320
f 3609 3193 3608
f 3720 3721 3320
f 3720 3320 3321
f 3610 3193 3609
f 3719 3720 3321
f 3718 3719 3321
f 3717 3718 3321
f 3716 3717 3321
f 3194 3193 3610
f 3194 3610 3611
f 3194 3611 3612
f 3194 3612 3613
f 3715 3716 3321
f 3715 3321 3322
f 3614 3194 3613
f 3714 3715 3322
f 3713 3714 3322
f 3712 3713 3322
f 3195 3194 3614
f 3195 3614 3615
f 3195 3615 3616
f 3195 3616 3617
f 3618 3195 3617
f 3711 3322 3323
f 3711 3712 3322
f 3619 3195 3618
f 3710 3711 3323
f 3709 3710 3323
f 3708 3709 3323
f 3707 3708 3323
f 3196 3619 3620
f 3196 3620 3621
f 3196 3621 3622
f 3196 3195 3619
f 3623 3196 3622
f 3706 3323 3324
f 3706 3707 3323
f 3705 3706 3324
f 3704 3705 3324
f 3703 3704 3324
f 3197 3623 3624
f 3197 3624 3625
f 3197 3625 3626
f 3197 3196 3623
f 3627 3197 3626
f 3702 3703 3324
f 3702 3324 3325
f 3701 3702 3325
f 3628 3197 3627
f 3700 3701 3325
f 3699 3700 3325
f 3698 3699 3325
f 3198 3197 3628
f 3198 3628 3629
f 3198 3629 3630
f 3198 3630 3631
f 3697 3698 3325
f 3632 3198 3631
f 3696 3697 3325
f 3696 3325 3326
f 3695 3696 3326
f 3694 3695 3326
f 3693 3694 3326
f 3692 3693 3326
f 3199 3198 3632
f 3199 3632 3633
f 3199 3633 3634
f 3199 3634 3635
f 3199 3635 3636
f 3199 3636 3637
f 3691 3692 3326
f 3638 3199 3637
f 3690 3691 3326
f 3689 3326 3327
f 3689 3690 3326
f 3688 3689 3327
f 3687 3688 3327
f 3686 3687 3327
f 3685 3686 3327
f 3684 3685 3327
f 3683 3684 3327
f 3200 3199 3638
f 3200 3638 3639
f 3200 3639 3640
f 3200 3640 3641
f 3200 3641 3642
f 3200 3642 3643
f 3200 3643 3644
f 3645 3200 3644
f 3682 3683 3327
f 3681 3682 3327
f 3680 3681 3327
f 3679 3680 3327
f 3679 3327 3328
f 3678 3679 3328
f 3677 3678 3328
f 3676 3677 3328
f 3675 3676 3328
f 3674 3675 3328
f 3673 3674 3328
f 3672 3673 3328
f 3671 3672 3328
f 3670 3671 3328
f 3669 3670 3328
f 3329 3668 3669
f 3329 3669 3328
f 3201 3645 3646
f 3201 3646 3647
f 3201 3647 3648
f 3201 3648 3649
f 3201 3649 3650
f 3201 3650 3651
f 3201 3651 3652
f 3201 3652 3653
f 3201 3653 3654
f 3201 3654 3655
f 3201 3200 3645
f 3202 3201 3655
f 3202 3655 3656
f 3202 3656 3657
f 3202 3657 3658
f 3202 3658 3659
f 3202 3659 3660
f 3202 3660 3661
f 3202 3661 3662
f 3202 3662 3663
f 3202 3663 3664
f 3202 3664 3665
f 3202 3665 3666
f 3203 3667 3668
f 3203 3668 3329
f 3203 3329 3330
f 3203 3202 3666
f 3203 3666 3667
f 3204 3203 3330
f 3205 3330 3331
f 3205 3204 3330
f 3206 3331 3332
f 3206 3205 3331
f 3207 3332 3333
f 3207 3206 3332
f 3208 3333 3334
f 3208 3207 3333
f 3209 3208 3334
f 3209 3334 3335
f 3210 3209 3335
f 3210 3335 3336
f 3210 3336 3337
f 3211 3210 3337
f 3212 3211 3337
f 3212 3337 3338
f 3213 3212 3338
f 3213 3338 3339
f 3214 3213 3339
f 3214 3339 3340
f 3215 3214 3340
f 3215 3340 3341
f 3215 3341 3342
f 3216 3215 3342
f 3217 3216 3342
f 3217 3342 3343
f 3217 3343 3344
f 3218 3217 3344
f 3219 3218 3344
f 3219 3344 3345
f 3220 3219 3345
f 3220 3345 3346
f 3221 3220 3346
f 3221 3346 3347
f 3222 3221 3347
f 3222 3347 3348
f 3222 3348 3349
f 3223 3222 3349
f 3224 3223 3349
f 3224 3349 3350
f 3225 3224 3350
f 3225 3350 3351
f 3225 3351 3352
f 3226 3225 3352
f 3226 3352 3353
f 3227 3226 3353
f 3227 3353 3354
f 3228 3227 3354
f 3228 3354 3355
f 3229 3228 3355
f 3230 3229 3355
f 3230 3355 3356
f 3230 3356 3357
f 3231 3230 3357
f 3231 3357 3358
f 3232 3231 3358
f 3233 3358 3359
f 3233 3232 3358
f 3234 3233 3359
f 3234 3359 3360
f 3234 3360 3361
f 3235 3234 3361
f 3236 3235 3361
f 3236 3361 3362
f 3237 3236 3362
f 3237 3362 3363
f 3238 3237 3363
f 3238 3363 3364
f 3239 3364 3365
f 3239 3238 3364
f 3240 3365 3366
f 3240 3239 3365
f 3241 3366 3367
f 3241 3240 3366
f 3242 3367 3368
f 3242 3241 3367
f 3243 3368 3369
f 3243 3242 3368
f 3244 3369 3370
f 3244 3243 3369
f 3245 3370 3371
f 3245 3244 3370
f 3246 3371 3372
f 3246 3245 3371
f 3247 3372 3373
f 3247 3246 3372
f 3248 3373 3374
f 3248 3374 3375
f 3248 3247 3373
f 3249 3248 3375
f 3250 3375 3376
f 3250 3249 3375
f 3251 3376 3377
f 3251 3377 3378
f 3251 3250 3376
f 3252 3251 3378
f 3253 3378 3379
f 3253 3252 3378
f 3502 3501 3380
f 3500 3379 3380
f 3500 3380 3501
f 3503 3502 3380
f 3499 3253 3379
f 3499 3379 3500
f 3504 3503 3380
f 3498 3253 3499
f 3505 3504 3380
f 3497 3253 3498
f 3506 3505 3380
f 3507 3506 3380
f 3508 3507 3380
f 3509 3508 3380
f 3510 3509 3380
f 3510 3380 3381
f 3511 3510 3381
f 3512 3511 3381
f 3513 3512 3381
f 3514 3513 3381
f 3515 3514 3381
f 3254 3488 3487
f 3254 3489 3488
f 3254 3490 3489
f 3254 3491 3490
f 3254 3492 3491
f 3254 3493 3492
f 3254 3494 3493
f 3254 3495 3494
f 3254 3496 3495
f 3254 3497 3496
f 3254 3253 3497
f 3516 3515 3381
f 3486 3254 3487
f 3517 3516 3381
f 3518 3517 3381
f 3519 3518 3381
f 3520 3381 3382
f 3520 3519 3381
f 3521 3520 3382
f 3522 3521 3382
f 3523 3522 3382
f 3524 3523 3382
f 3525 3524 3382
f 3255 3478 3477
f 3255 3479 3478
f 3255 3480 3479
f 3255 3481 3480
f 3255 3482 3481
f 3255 3483 3482
f 3255 3484 3483
f 3255 3485 3484
f 3255 3486 3485
f 3255 3254 3486
f 3476 3255 3477
f 3526 3525 3382
f 3527 3382 3383
f 3527 3526 3382
f 3528 3527 3383
f 3529 3528 3383
f 3530 3529 3383
f 3531 3530 3383
f 3256 3472 3471
f 3256 3473 3472
f 3256 3474 3473
f 3256 3475 3474
f 3256 3476 3475
f 3256 3255 3476
f 3470 3256 3471
f 3532 3531 3383
f 3469 3256 3470
f 3533 3383 3384
f 3533 3532 3383
f 3534 3533 3384
f 3535 3534 3384
f 3536 3535 3384
f 3257 3466 3465
f 3257 3467 3466
f 3257 3468 3467
f 3257 3469 3468
f 3257 3256 3469
f 3537 3384 3385
f 3537 3536 3384
f 3464 3257 3465
f 3538 3537 3385
f 3463 3257 3464
f 3539 3538 3385
f 3540 3539 3385
f 3541 3540 3385
f 3258 3257 3463
f 3258 3461 3460
f 3258 3462 3461
f 3258 3463 3462
f 3459 3258 3460
f 3542 3385 3386
f 3542 3541 3385
f 3543 3542 3386
f 3544 3543 3386
f 3545 3544 3386
f 3259 3258 3459
f 3259 3457 3456
f 3259 3458 3457
f 3259 3459 3458
f 3455 3259 3456
f 3546 3386 3387
f 3546 3545 3386
f 3454 3259 3455
f 3547 3546 3387
f 3548 3547 3387
f 3549 3548 3387
f 3550 3549 3387
f 3260 3452 3451
f 3260 3259 3454
f 3260 3453 3452
f 3260 3454 3453
f 3551 3387 3388
f 3551 3550 3387
f 3450 3260 3451
f 3552 3551 3388
f 3553 3552 3388
f 3554 3553 3388
f 3555 3554 3388
f 3261 3260 3450
f 3261 3448 3447
f 3261 3449 3448
f 3261 3450 3449
f 3446 3261 3447
f 3556 3555 3388
f 3556 3388 3389
f 3445 3261 3446
f 3557 3556 3389
f 3558 3557 3389
f 3559 3558 3389
f 3560 3559 3389
f 3561 3560 3389
f 3262 3261 3445
f 3262 3443 3442
f 3262 3444 3443
f 3262 3445 3444
f 3441 3262 3442
f 3562 3561 3389
f 3563 3389 3390
f 3563 3562 3389
f 3564 3563 3390
f 3565 3564 3390
f 3566 3565 3390
f 3567 3566 3390
f 3568 3567 3390
f 3569 3568 3390
f 3263 3262 3441
f 3263 3436 3435
f 3263 3437 3436
f 3263 3438 3437
f 3263 3439 3438
f 3263 3440 3439
f 3263 3441 3440
f 3570 3569 3390
f 3571 3570 3390
f 3572 3571 3390
f 3573 3390 3391
f 3573 3572 3390
f 3574 3573 3391
f 3575 3574 3391
f 3576 3575 3391
f 3577 3576 3391
f 3578 3577 3391
f 3579 3578 3391
f 3580 3579 3391
f 3581 3580 3391
f 3582 3581 3391
f 3583 3582 3391
f 3584 3583 3391
f 3392 3585 3584
f 3392 3584 3391
f 3264 3427 3426
f 3264 3428 3427
f 3264 3429 3428
f 3264 3430 3429
f 3264 3431 3430
f 3264 3432 3431
f 3264 3433 3432
f 3264 3434 3433
f 3264 3435 3434
f 3264 3263 3435
f 3265 3264 3426
f 3265 3419 3418
f 3265 3420 3419
f 3265 3421 3420
f 3265 3422 3421
f 3265 3423 3422
f 3265 3424 3423
f 3265 3425 3424
f 3265 3426 3425
f 3266 3417 3585
f 3266 3585 3392
f 3266 3418 3417
f 3266 3265 3418
f 3267 3392 3393
f 3267 3393 3394
f 3267 3266 3392
f 3268 3394 3395
f 3268 3267 3394
f 3269 3395 3396
f 3269 3268 3395
f 3270 3269 3396
f 3271 3396 3397
f 3271 3270 3396
f 3272 3397 3398
f 3272 3271 3397
f 3273 3398 3399
f 3273 3272 3398
f 3274 3399 3400
f 3274 3273 3399
f 3275 3400 3401
f 3275 3274 3400
f 3276 3401 3402
f 3276 3402 3403
f 3276 3275 3401
f 3277 3276 3403
f 3278 3277 3403
f 3278 3403 3404
f 3278 3404 3405
f 3279 3278 3405
f 3280 3279 3405
f 3280 3405 3406
f 3281 3280 3406
f 3281 3406 3407
f 3281 3407 3408
f 3282 3281 3408
f 3283 3282 3408
f 3283 3408 3409
f 3284 3283 3409
f 3284 3409 3410
f 3284 3410 3411
f 3285 3284 3411
f 3286 3285 3411
f 3286 3411 3412
f 3287 3286 3412
f 3287 3412 3413
f 3288 3287 3413
f 3288 3413 3414
f 3289 3414 3415
f 3289 3288 3414
f 3290 3415 3416
f 3290 3289 3415
f 3164 3290 3416
f 3164 3416 3163
f 3960 3834 3833
f 3959 3960 3833
f 3961 3834 3960
f 3961 3835 3834
f 3958 3959 3833
f 3958 3832 3831
f 3958 3833 3832
f 3962 3836 3835
f 3962 3835 3961
f 3957 3958 3831
f 3963 3836 3962
f 3963 3837 3836
f 3963 3838 3837
f 3956 3830 3829
f 3956 3831 3830
f 3956 3957 3831
f 3964 3838 3963
f 3955 3956 3829
f 3965 3838 3964
f 3965 3839 3838
f 3954 3955 3829
f 3954 3829 3828
f 3966 3839 3965
f 3966 3840 3839
f 3966 3841 3840
f 3953 3954 3828
f 3953 3828 3827
f 3967 3841 3966
f 3967 3842 3841
f 3952 3953 3827
f 3952 3827 3826
f 3968 3842 3967
f 3968 3843 3842
f 3951 3952 3826
f 3951 3826 3825
f 3969 3843 3968
f 3950 3951 3825
f 3950 3824 3823
f 3950 3825 3824
f 3970 3843 3969
f 3970 3844 3843
f 3949 3950 3823
f 3971 3844 3970
f 3971 3845 3844
f 3948 3949 3823
f 3948 3823 3822
f 3972 3845 3971
f 3972 3846 3845
f 3972 3847 3846
f 3947 3948 3822
f 3947 3822 3821
f 3973 3847 3972
f 3946 3947 3821
f 3946 3821 3820
f 3974 3847 3973
f 3974 3848 3847
f 3945 3946 3820
f 3945 3820 3819
f 3975 3848 3974
f 3975 3849 3848
f 3944 3819 3818
f 3944 3945 3819
f 3976 3849 3975
f 3976 3850 3849
f 3976 3851 3850
f 3943 3817 3816
f 3943 3818 3817
f 3943 3944 3818
f 3977 3851 3976
f 3977 3852 3851
f 3942 3943 3816
f 3978 3852 3977
f 3941 3942 3816
f 3941 3816 3815
f 3979 3852 3978
f 3979 3853 3852
f 3979 3854 3853
f 3940 3941 3815
f 3940 3815 3814
f 3980 3854 3979
f 3939 3940 3814
f 3939 3813 3812
f 3939 3814 3813
f 3981 3856 3855
f 3981 3854 3980
f 3981 3855 3854
f 3938 3939 3812
f 3982 3856 3981
f 3937 3938 3812
f 3937 3812 3811
f 3983 3857 3856
f 3983 3858 3857
f 3983 3856 3982
f 3936 3937 3811
f 3936 3811 3810
f 3984 3858 3983
f 3935 3936 3810
f 3935 3810 3809
f 3985 3859 3858
f 3985 3858 3984
f 3934 3809 3808
f 3934 3935 3809
f 3986 3860 3859
f 3986 3859 3985
f 3861 3860 3986
f 3933 3808 3807
f 3933 3934 3808
f 3987 3861 3986
f 3932 3807 3806
f 3932 3933 3807
f 3988 3862 3861
f 3988 3861 3987
f 3931 3806 3805
f 3931 3932 3806
f 3989 3863 3862
f 3989 3862 3988
f 3930 3805 3804
f 3930 3931 3805
f 3990 3864 3863
f 3990 3863 3989
f 3929 3804 3803
f 3929 3930 3804
f 3991 3865 3864
f 3991 3864 3990
f 3802 3928 3929
f 3802 3929 3803
f 3992 3865 3991
f 3866 3865 3992
f 3927 3928 3802
f 3801 3927 3802
f 3993 3866 3992
f 3867 3866 3993
f 3800 3927 3801
f 3800 3926 3927
f 3868 3867 3993
f 3868 3993 3994
f 3995 3868 3994
f 3799 3926 3800
f 3799 3925 3926
f 3924 3925 3799
f 3869 3868 3995
f 3798 3924 3799
f 3923 3924 3798
f 3870 3869 3995
f 3870 3995 3996
f 3797 3923 3798
f 3871 3996 3997
f 3871 3870 3996
f 3796 3923 3797
f 3796 3922 3923
f 3872 3871 3997
f 3872 3997 3998
f 3795 3922 3796
f 3795 3920 3921
f 3795 3921 3922
f 3873 3998 3999
f 3873 3999 4000
f 3873 3872 3998
f 3794 3920 3795
f 3874 3873 4000
f 3874 4000 4001
f 3793 3918 3919
f 3793 3919 3920
f 3793 3920 3794
f 3875 3874 4001
f 3792 3918 3793
f 3876 4001 4002
f 3876 4002 4003
f 3876 3875 4001
f 3791 3917 3918
f 3791 3918 3792
f 3877 3876 4003
f 3790 3917 3791
f 3790 3916 3917
f 3878 3877 4003
f 3878 4003 4004
f 3878 4004 4005
f 3789 3916 3790
f 3789 3915 3916
f 3879 3878 4005
f 3788 3915 3789
f 3788 3914 3915
f 3880 3879 4005
f 3880 4005 4006
f 3787 3914 3788
f 3787 3913 3914
f 3755 3880 4006
f 3755 4006 3881
f 3786 3913 3787
f 3786 3912 3913
f 3756 3881 3882
f 3756 3755 3881
f 3785 3912 3786
f 3785 3911 3912
f 3757 3882 3883
f 3757 3883 3884
f 3757 3756 3882
f 3784 3909 3910
f 3784 3910 3911
f 3784 3911 3785
f 3758 3757 3884
f 3783 3909 3784
f 3759 3884 3885
f 3759 3885 3886
f 3759 3758 3884
f 3782 3908 3909
f 3782 3909 3783
f 3760 3759 3886
f 3781 3906 3907
f 3781 3907 3908
f 3781 3908 3782
f 3761 3760 3886
f 3761 3886 3887
f 3761 3887 3888
f 3780 3906 3781
f 3762 3761 3888
f 3779 3905 3906
f 3779 3906 3780
f 3763 3888 3889
f 3763 3762 3888
f 3778 3905 3779
f 3778 3903 3904
f 3778 3904 3905
f 3764 3889 3890
f 3764 3763 3889
f 3777 3903 3778
f 3765 3764 3890
f 3765 3890 3891
f 3765 3891 3892
f 3776 3903 3777
f 3776 3902 3903
f 3766 3765 3892
f 3775 3902 3776
f 3775 3900 3901
f 3775 3901 3902
f 3767 3892 3893
f 3767 3766 3892
f 3774 3900 3775
f 3768 3767 3893
f 3768 3893 3894
f 3773 3900 3774
f 3773 3899 3900
f 3769 3894 3895
f 3769 3895 3896
f 3769 3768 3894
f 3772 3897 3898
f 3772 3898 3899
f 3772 3899 3773
f 3770 3896 3897
f 3770 3769 3896
f 3771 3897 3772
f 3771 3770 3897
f 4008 4177 4007
f 4008 4178 4177
f 4009 4178 4008
f 4009 4179 4178
f 4010 4179 4009
f 4010 4180 4179
f 4011 4180 4010
f 4012 4180 4011
f 4012 4181 4180
f 4013 4181 4012
f 4013 4182 4181
f 4014 4182 4013
f 4014 4183 4182
f 4015 4183 4014
f 4015 4184 4183
f 4016 4184 4015
f 4017 4184 4016
f 4017 4185 4184
f 4018 4185 4017
f 4018 4186 4185
f 4019 4186 4018
f 4019 4187 4186
f 4020 4187 4019
f 4020 4188 4187
f 4021 4188 4020
f 4022 4188 4021
f 4022 4189 4188
f 4023 4189 4022
f 4023 4190 4189
f 4024 4190 4023
f 4024 4191 4190
f 4025 4191 4024
f 4025 4192 4191
f 4026 4192 4025
f 4026 4193 4192
f 4027 4193 4026
f 4027 4194 4193
f 4028 4194 4027
f 4029 4194 4028
f 4029 4195 4194
f 4030 4195 4029
f 4030 4196 4195
f 4031 4196 4030
f 4031 4197 4196
f 4032 4198 4197
f 4032 4197 4031
f 4033 4199 4198
f 4033 4198 4032
f 4034 4200 4199
f 4034 4199 4033
f 4035 4200 4034
f 4035 4201 4200
f 4036 4201 4035
f 4036 4202 4201
f 4037 4202 4036
f 4037 4203 4202
f 4038 4203 4037
f 4039 4203 4038
f 4039 4204 4203
f 4040 4204 4039
f 4040 4205 4204
f 4041 4205 4040
f 4041 4206 4205
f 4042 4206 4041
f 4042 4207 4206
f 4043 4207 4042
f 4043 4208 4207
f 4044 4209 4208
f 4044 4208 4043
f 4045 4210 4209
f 4045 4209 4044
f 4046 4210 4045
f 4047 4211 4210
f 4047 4210 4046
f 4048 4212 4211
f 4048 4211 4047
f 4049 4213 4212
f 4049 4212 4048
f 4050 4214 4213
f 4050 4213 4049
f 4051 4215 4214
f 4051 4214 4050
f 4052 4216 4215
f 4052 4215 4051
f 4053 4216 4052
f 4054 4217 4216
f 4054 4216 4053
f 4055 4218 4217
f 4055 4217 4054
f 4056 4219 4218
f 4056 4218 4055
f 4057 4220 4219
f 4057 4219 4056
f 4058 4220 4057
f 4059 4221 4220
f 4059 4220 4058
f 4060 4222 4221
f 4060 4221 4059
f 4061 4223 4222
f 4061 4222 4060
f 4062 4223 4061
f 4063 4223 4062
f 4063 4224 4223
f 4064 4224 4063
f 4064 4225 4224
f 4065 4225 4064
f 4066 4225 4065
f 4066 4226 4225
f 4067 4227 4226
f 4067 4226 4066
f 4068 4228 4227
f 4068 4227 4067
f 4069 4228 4068
f 4070 4229 4228
f 4070 4228 4069
f 4071 4230 4229
f 4071 4229 4070
f 4072 4230 4071
f 4073 4231 4230
f 4073 4230 4072
f 4074 4231 4073
f 4075 4232 4231
f 4075 4231 4074
f 4076 4233 4232
f 4076 4232 4075
f 4077 4233 4076
f 4078 4234 4233
f 4078 4233 4077
f 4079 4235 4234
f 4079 4234 4078
f 4080 4235 4079
f 4081 4236 4235
f 4081 4235 4080
f 4082 4237 4236
f 4082 4236 4081
f 4083 4237 4082
f 4084 4238 4237
f 4084 4237 4083
f 4085 4238 4084
f 4086 4239 4238
f 4086 4238 4085
f 4087 4240 4239
f 4087 4239 4086
f 4088 4240 4087
f 4089 4241 4240
f 4089 4240 4088
f 4090 4242 4241
f 4090 4241 4089
f 4091 4242 4090
f 4092 4243 4242
f 4092 4242 4091
f 4093 4243 4092
f 4094 4243 4093
f 4094 4244 4243
f 4095 4244 4094
f 4095 4245 4244
f 4096 4245 4095
f 4097 4245 4096
f 4097 4246 4245
f 4098 4246 4097
f 4098 4247 4246
f 4099 4247 4098
f 4100 4247 4099
f 4100 4248 4247
f 4101 4248 4100
f 4101 4249 4248
f 4102 4249 4101
f 4103 4249 4102
f 4103 4250 4249
f 4104 4250 4103
f 4105 4250 4104
f 4105 4251 4250
f 4106 4252 4251
f 4106 4251 4105
f 4107 4252 4106
f 4108 4253 4252
f 4108 4252 4107
f 4109 4253 4108
f 4109 4254 4253
f 4110 4255 4254
f 4110 4254 4109
f 4111 4255 4110
f 4112 4256 4255
f 4112 4255 4111
f 4113 4257 4256
f 4113 4256 4112
f 4114 4257 4113
f 4115 4258 4257
f 4115 4257 4114
f 4116 4259 4258
f 4116 4258 4115
f 4117 4260 4259
f 4117 4259 4116
f 4118 4260 4117
f 4119 4261 4260
f 4119 4260 4118
f 4120 4262 4261
f 4120 4261 4119
f 4121 4263 4262
f 4121 4262 4120
f 4122 4264 4263
f 4122 4263 4121
f 4123 4264 4122
f 4124 4264 4123
f 4124 4265 4264
f 4125 4265 4124
f 4125 4266 4265
f 4126 4266 4125
f 4126 4267 4266
f 4127 4267 4126
f 4127 4268 4267
f 4128 4268 4127
f 4128 4269 4268
f 4129 4269 4128
f 4129 4270 4269
f 4130 4270 4129
f 4131 4270 4130
f 4131 4271 4270
f 4132 4271 4131
f 4132 4272 4271
f 4133 4272 4132
f 4133 4273 4272
f 4134 4273 4133
f 4134 4274 4273
f 4135 4274 4134
f 4135 4275 4274
f 4136 4275 4135
f 4136 4276 4275
f 4137 4276 4136
f 4137 4277 4276
f 4138 4277 4137
f 4139 4277 4138
f 4139 4278 4277
f 4140 4278 4139
f 4140 4279 4278
f 4141 4279 4140
f 4141 4280 4279
f 4142 4280 4141
f 4142 4281 4280
f 4143 4281 4142
f 4144 4282 4281
f 4144 4281 4143
f 4145 4283 4282
f 4145 4282 4144
f 4146 4284 4283
f 4146 4283 4145
f 4147 4285 4284
f 4147 4284 4146
f 4148 4285 4147
f 4149 4286 4285
f 4149 4285 4148
f 4150 4287 4286
f 4150 4286 4149
f 4151 4287 4150
f 4152 4287 4151
f 4152 4288 4287
f 4153 4288 4152
f 4153 4289 4288
f 4154 4289 4153
f 4154 4290 4289
f 4155 4290 4154
f 4156 4290 4155
f 4156 4291 4290
f 4157 4291 4156
f 4157 4292 4291
f 4158 4292 4157
f 4159 4292 4158
f 4159 4293 4292
f 4160 4293 4159
f 4160 4294 4293
f 4161 4294 4160
f 4162 4294 4161
f 4162 4295 4294
f 4163 4295 4162
f 4164 4295 4163
f 4164 4296 4295
f 4165 4296 4164
f 4165 4297 4296
f 4166 4297 4165
f 4167 4297 4166
f 4167 4298 4297
f 4168 4298 4167
f 4168 4299 4298
f 4169 4299 4168
f 4170 4299 4169
f 4170 4300 4299
f 4171 4300 4170
f 4171 4301 4300
f 4172 4301 4171
f 4173 4301 4172
f 4173 4302 4301
f 4174 4302 4173
f 4175 4302 4174
f 4175 4303 4302
f 4176 4303 4175
f 4304 4432 4431
f 4305 4432 4304
f 4305 4433 4432
f 4306 4433 4305
f 4306 4434 4433
f 4307 4434 4306
f 4307 4435 4434
f 4307 4436 4435
f 4308 4436 4307
f 4308 4437 4436
f 4309 4437 4308
f 4309 4438 4437
f 4310 4438 4309
f 4310 4439 4438
f 4311 4439 4310
f 4311 4440 4439
f 4311 4441 4440
f 4312 4442 4441
f 4312 4441 4311
f 4313 4443 4442
f 4313 4442 4312
f 4314 4444 4443
f 4314 4443 4313
f 4315 4445 4444
f 4315 4446 4445
f 4315 4444 4314
f 4316 4447 4446
f 4316 4446 4315
f 4317 4448 4447
f 4317 4447 4316
f 4318 4449 4448
f 4318 4448 4317
f 4319 4450 4449
f 4319 4449 4318
f 4320 4451 4450
f 4320 4450 4319
f 4321 4452 4451
f 4321 4453 4452
f 4321 4451 4320
f 4322 4454 4453
f 4322 4453 4321
f 4323 4455 4454
f 4323 4454 4322
f 4324 4456 4455
f 4324 4455 4323
f 4325 4457 4456
f 4325 4456 4324
f 4326 4458 4457
f 4326 4457 4325
f 4327 4459 4458
f 4327 4458 4326
f 4328 4459 4327
f 4328 4460 4459
f 4329 4460 4328
f 4329 4461 4460
f 4330 4461 4329
f 4330 4462 4461
f 4330 4463 4462
f 4331 4463 4330
f 4331 4464 4463
f 4332 4464 4331
f 4332 4465 4464
f 4333 4465 4332
f 4333 4466 4465
f 4334 4466 4333
f 4334 4467 4466
f 4335 4467 4334
f 4335 4468 4467
f 4336 4468 4335
f 4336 4469 4468
f 4337 4469 4336
f 4337 4470 4469
f 4337 4471 4470
f 4338 4471 4337
f 4338 4472 4471
f 4339 4472 4338
f 4339 4473 4472
f 4340 4473 4339
f 4340 4474 4473
f 4341 4474 4340
f 4341 4475 4474
f 4342 4475 4341
f 4342 4476 4475
f 4343 4476 4342
f 4343 4477 4476
f 4343 4478 4477
f 4344 4479 4478
f 4344 4478 4343
f 4345 4480 4479
f 4345 4479 4344
f 4346 4480 4345
f 4346 4481 4480
f 4347 4482 4481
f 4347 4483 4482
f 4347 4481 4346
f 4348 4484 4483
f 4348 4483 4347
f 4349 4485 4484
f 4349 4484 4348
f 4350 4486 4485
f 4350 4487 4486
f 4350 4485 4349
f 4351 4487 4350
f 4351 4488 4487
f 4352 4488 4351
f 4352 4489 4488
f 4352 4490 4489
f 4353 4490 4352
f 4353 4491 4490
f 4354 4491 4353
f 4354 4492 4491
f 4355 4492 4354
f 4355 4493 4492
f 4355 4494 4493
f 4356 4494 4355
f 4356 4495 4494
f 4357 4495 4356
f 4357 4496 4495
f 4357 4497 4496
f 4358 4497 4357
f 4358 4498 4497
f 4358 4499 4498
f 4359 4499 4358
f 4359 4500 4499
f 4360 4500 4359
f 4360 4501 4500
f 4360 4502 4501
f 4361 4502 4360
f 4361 4503 4502
f 4362 4503 4361
f 4362 4504 4503
f 4362 4505 4504
f 4363 4506 4505
f 4363 4505 4362
f 4364 4507 4506
f 4364 4508 4507
f 4364 4506 4363
f 4365 4509 4508
f 4365 4510 4509
f 4365 4508 4364
f 4366 4511 4510
f 4366 4510 4365
f 4367 4512 4511
f 4367 4513 4512
f 4367 4511 4366
f 4368 4514 4513
f 4368 4513 4367
f 4369 4515 4514
f 4369 4516 4515
f 4369 4514 4368
f 4370 4516 4369
f 4370 4517 4516
f 4370 4518 4517
f 4371 4518 4370
f 4371 4519 4518
f 4372 4519 4371
f 4372 4520 4519
f 4372 4521 4520
f 4373 4521 4372
f 4373 4522 4521
f 4374 4523 4522
f 4374 4522 4373
f 4374 4524 4523
f 4375 4525 4524
f 4375 4524 4374
f 4376 4526 4525
f 4376 4527 4526
f 4376 4525 4375
f 4377 4528 4527
f 4377 4529 4528
f 4377 4527 4376
f 4378 4530 4529
f 4378 4529 4377
f 4379 4530 4378
f 4379 4531 4530
f 4379 4532 4531
f 4380 4533 4532
f 4380 4532 4379
f 4381 4534 4533
f 4381 4533 4380
f 4382 4535 4534
f 4382 4536 4535
f 4382 4534 4381
f 4383 4536 4382
f 4383 4537 4536
f 4384 4538 4537
f 4384 4539 4538
f 4384 4537 4383
f 4385 4540 4539
f 4385 4539 4384
f 4386 4541 4540
f 4386 4540 4385
f 4387 4542 4541
f 4387 4543 4542
f 4387 4541 4386
f 4388 4544 4543
f 4388 4543 4387
f 4389 4545 4544
f 4389 4544 4388
f 4390 4546 4545
f 4390 4545 4389
f 4391 4546 4390
f 4391 4547 4546
f 4391 4548 4547
f 4392 4548 4391
f 4392 4549 4548
f 4393 4550 4549
f 4393 4549 4392
f 4394 4550 4393
f 4394 4551 4550
f 4395 4551 4394
f 4395 4552 4551
f 4396 4552 4395
f 4396 4553 4552
f 4397 4553 4396
f 4397 4554 4553
f 4397 4555 4554
f 4398 4555 4397
f 4398 4556 4555
f 4399 4556 4398
f 4399 4557 4556
f 4400 4557 4399
f 4400 4558 4557
f 4401 4558 4400
f 4401 4559 4558
f 4402 4559 4401
f 4402 4560 4559
f 4403 4560 4402
f 4403 4561 4560
f 4404 4561 4403
f 4404 4562 4561
f 4404 4563 4562
f 4405 4564 4563
f 4405 4563 4404
f 4406 4565 4564
f 4406 4564 4405
f 4407 4566 4565
f 4407 4565 4406
f 4408 4567 4566
f 4408 4568 4567
f 4408 4566 4407
f 4409 4569 4568
f 4409 4568 4408
f 4410 4570 4569
f 4410 4569 4409
f 4411 4571 4570
f 4411 4570 4410
f 4412 4572 4571
f 4412 4573 4572
f 4412 4571 4411
f 4413 4574 4573
f 4413 4573 4412
f 4414 4575 4574
f 4414 4576 4575
f 4414 4574 4413
f 4415 4576 4414
f 4415 4577 4576
f 4416 4577 4415
f 4416 4578 4577
f 4417 4578 4416
f 4417 4579 4578
f 4417 4580 4579
f 4418 4580 4417
f 4418 4581 4580
f 4419 4581 4418
f 4419 4582 4581
f 4419 4583 4582
f 4420 4583 4419
f 4420 4584 4583
f 4421 4584 4420
f 4421 4585 4584
f 4421 4586 4585
f 4422 4586 4421
f 4422 4587 4586
f 4422 4588 4587
f 4423 4588 4422
f 4423 4589 4588
f 4424 4589 4423
f 4424 4590 4589
f 4424 4591 4590
f 4425 4591 4424
f 4425 4592 4591
f 4426 4592 4425
f 4426 4593 4592
f 4426 4594 4593
f 4427 4594 4426
f 4427 4595 4594
f 4428 4595 4427
f 4428 4596 4595
f 4428 4597 4596
f 4429 4597 4428
f 4429 4598 4597
f 4429 4599 4598
f 4430 4599 4429
f 4430 4600 4599
f 4730 4601 4602
f 4730 4603 4601
f 4730 4604 4603
f 4731 4605 4604
f 4731 4604 4730
f 4732 4606 4605
f 4732 4605 4731
f 4733 4606 4732
f 4734 4607 4606
f 4734 4608 4607
f 4734 4606 4733
f 4735 4609 4608
f 4735 4608 4734
f 4736 4609 4735
f 4737 4610 4609
f 4737 4609 4736
f 4738 4611 4610
f 4738 4612 4611
f 4738 4610 4737
f 4739 4612 4738
f 4740 4613 4612
f 4740 4612 4739
f 4741 4614 4613
f 4741 4615 4614
f 4741 4613 4740
f 4742 4615 4741
f 4743 4616 4615
f 4743 4615 4742
f 4744 4617 4616
f 4744 4616 4743
f 4745 4618 4617
f 4745 4617 4744
f 4746 4619 4618
f 4746 4618 4745
f 4747 4620 4619
f 4747 4619 4746
f 4748 4621 4620
f 4748 4620 4747
f 4749 4622 4621
f 4749 4621 4748
f 4750 4623 4622
f 4750 4622 4749
f 5029 5028 4624
f 5030 5029 4624
f 5027 4624 5028
f 4855 4624 4623
f 4855 4623 4750
f 4855 5030 4624
f 5026 4624 5027
f 5025 4624 5026
f 5024 4624 5025
f 5024 4625 4624
f 5023 4625 5024
f 5022 4625 5023
f 5021 4625 5022
f 5020 4625 5021
f 5019 4625 5020
f 5018 4625 5019
f 5017 4625 5018
f 4751 4855 4750
f 4751 4856 4855
f 4751 4857 4856
f 4751 4858 4857
f 4751 4859 4858
f 4751 4860 4859
f 5016 4625 5017
f 5015 4625 5016
f 5014 4626 4625
f 5014 4625 5015
f 5013 4626 5014
f 5012 4626 5013
f 5011 4626 5012
f 5010 4626 5011
f 5009 4626 5010
f 4752 4860 4751
f 4752 4861 4860
f 4752 4862 4861
f 4752 4863 4862
f 4752 4864 4863
f 4752 4865 4864
f 4752 4866 4865
f 5008 4627 4626
f 5008 4626 5009
f 5007 4627 5008
f 5006 4627 5007
f 5005 4627 5006
f 5004 4627 5005
f 4753 4867 4866
f 4753 4868 4867
f 4753 4869 4868
f 4753 4870 4869
f 4753 4866 4752
f 5003 4628 4627
f 5003 4627 5004
f 5002 4628 5003
f 5001 4628 5002
f 5000 4628 5001
f 4754 4871 4870
f 4754 4872 4871
f 4754 4873 4872
f 4754 4870 4753
f 4999 4629 4628
f 4999 4628 5000
f 4998 4629 4999
f 4997 4629 4998
f 4996 4629 4997
f 4630 4629 4996
f 4755 4873 4754
f 4755 4874 4873
f 4755 4875 4874
f 4755 4876 4875
f 4995 4630 4996
f 4994 4630 4995
f 4993 4630 4994
f 4756 4876 4755
f 4756 4877 4876
f 4756 4878 4877
f 4992 4631 4630
f 4992 4630 4993
f 4879 4878 4756
f 4991 4631 4992
f 4990 4631 4991
f 4757 4879 4756
f 4757 4880 4879
f 4757 4881 4880
f 4989 4632 4631
f 4989 4631 4990
f 4882 4881 4757
f 4988 4632 4989
f 4987 4632 4988
f 4633 4632 4987
f 4758 4882 4757
f 4758 4883 4882
f 4758 4884 4883
f 4986 4633 4987
f 4985 4633 4986
f 4984 4633 4985
f 4634 4633 4984
f 4759 4884 4758
f 4759 4885 4884
f 4759 4886 4885
f 4759 4887 4886
f 4983 4634 4984
f 4982 4634 4983
f 4981 4634 4982
f 4635 4634 4981
f 4760 4888 4887
f 4760 4889 4888
f 4760 4887 4759
f 4890 4889 4760
f 4980 4635 4981
f 4979 4635 4980
f 4978 4635 4979
f 4636 4635 4978
f 4761 4890 4760
f 4761 4891 4890
f 4761 4892 4891
f 4893 4892 4761
f 4977 4636 4978
f 4976 4636 4977
f 4975 4636 4976
f 4637 4636 4975
f 4762 4894 4893
f 4762 4895 4894
f 4762 4893 4761
f 4896 4895 4762
f 4974 4637 4975
f 4973 4637 4974
f 4972 4637 4973
f 4638 4637 4972
f 4763 4896 4762
f 4763 4897 4896
f 4763 4898 4897
f 4899 4898 4763
f 4971 4638 4972
f 4970 4638 4971
f 4969 4638 4970
f 4764 4899 4763
f 4764 4900 4899
f 4764 4901 4900
f 4968 4639 4638
f 4968 4638 4969
f 4902 4901 4764
f 4967 4639 4968
f 4966 4639 4967
f 4965 4639 4966
f 4765 4904 4903
f 4765 4905 4904
f 4765 4902 4764
f 4765 4903 4902
f 4964 4640 4639
f 4964 4639 4965
f 4906 4905 4765
f 4963 4640 4964
f 4962 4640 4963
f 4961 4640 4962
f 4960 4640 4961
f 4766 4907 4906
f 4766 4908 4907
f 4766 4909 4908
f 4766 4910 4909
f 4766 4906 4765
f 4959 4641 4640
f 4959 4640 4960
f 4958 4641 4959
f 4957 4641 4958
f 4956 4641 4957
f 4955 4641 4956
f 4954 4641 4955
f 4767 4911 4910
f 4767 4912 4911
f 4767 4913 4912
f 4767 4914 4913
f 4767 4915 4914
f 4767 4910 4766
f 4953 4641 4954
f 4953 4642 4641
f 4952 4642 4953
f 4951 4642 4952
f 4950 4642 4951
f 4949 4642 4950
f 4948 4642 4949
f 4947 4642 4948
f 4946 4642 4947
f 4768 4916 4915
f 4768 4917 4916
f 4768 4918 4917
f 4768 4919 4918
f 4768 4920 4919
f 4768 4921 4920
f 4768 4915 4767
f 4945 4642 4946
f 4944 4643 4642
f 4944 4642 4945
f 4943 4643 4944
f 4942 4643 4943
f 4941 4643 4942
f 4940 4643 4941
f 4939 4643 4940
f 4938 4643 4939
f 4937 4643 4938
f 4644 4643 4937
f 4769 4922 4921
f 4769 4923 4922
f 4769 4924 4923
f 4769 4925 4924
f 4769 4926 4925
f 4769 4927 4926
f 4769 4928 4927
f 4769 4929 4928
f 4769 4930 4929
f 4769 4921 4768
f 4770 4931 4930
f 4770 4932 4931
f 4770 4933 4932
f 4770 4934 4933
f 4770 4935 4934
f 4770 4936 4935
f 4770 4937 4936
f 4770 4930 4769
f 4771 4937 4770
f 4771 4644 4937
f 4772 4644 4771
f 4772 4645 4644
f 4773 4645 4772
f 4773 4646 4645
f 4773 4647 4646
f 4774 4647 4773
f 4775 4647 4774
f 4775 4648 4647
f 4776 4648 4775
f 4776 4649 4648
f 4776 4650 4649
f 4777 4650 4776
f 4778 4650 4777
f 4778 4651 4650
f 4778 4652 4651
f 4779 4652 4778
f 4780 4653 4652
f 4780 4652 4779
f 4781 4654 4653
f 4781 4655 4654
f 4781 4653 4780
f 4782 4655 4781
f 4783 4656 4655
f 4783 4657 4656
f 4783 4655 4782
f 4784 4657 4783
f 4785 4658 4657
f 4785 4659 4658
f 4785 4657 4784
f 4786 4659 4785
f 4787 4660 4659
f 4787 4661 4660
f 4787 4659 4786
f 4788 4662 4661
f 4788 4661 4787
f 4789 4663 4662
f 4789 4662 4788
f 4790 4663 4789
f 4791 4663 4790
f 4791 4664 4663
f 4792 4664 4791
f 4792 4665 4664
f 4793 4665 4792
f 4793 4666 4665
f 4794 4666 4793
f 4794 4667 4666
f 4795 4667 4794
f 4795 4668 4667
f 4796 4668 4795
f 4796 4669 4668
f 4797 4669 4796
f 4797 4670 4669
f 4798 4670 4797
f 4798 4671 4670
f 4799 4671 4798
f 4799 4672 4671
f 4800 4672 4799
f 4800 4673 4672
f 4801 4673 4800
f 4801 4674 4673
f 4802 4674 4801
f 4802 4675 4674
f 4803 4675 4802
f 4803 4676 4675
f 4803 4677 4676
f 4804 4677 4803
f 4804 4678 4677
f 4805 4678 4804
f 4806 4678 4805
f 4806 4679 4678
f 4807 4679 4806
f 4807 4680 4679
f 4808 4680 4807
f 4808 4681 4680
f 4808 4682 4681
f 4809 4682 4808
f 4810 4682 4809
f 4810 4683 4682
f 4811 4683 4810
f 4811 4684 4683
f 4811 4685 4684
f 4812 4685 4811
f 4813 4686 4685
f 4813 4685 4812
f 5116 4687 5115
f 5114 5115 4687
f 5117 4687 5116
f 5113 4687 4686
f 5113 4686 4813
f 5113 5114 4687
f 5118 4687 5117
f 5119 4687 5118
f 5120 4687 5119
f 5120 4688 4687
f 5121 4688 5120
f 5122 4688 5121
f 5123 4688 5122
f 5124 4688 5123
f 5125 4688 5124
f 5126 4688 5125
f 5127 4688 5126
f 4814 5106 5107
f 4814 5107 5108
f 4814 5108 5109
f 4814 5113 4813
f 4814 5109 5110
f 4814 5110 5111
f 4814 5111 5112
f 4814 5112 5113
f 5128 4688 5127
f 5129 4688 5128
f 5129 4689 4688
f 5130 4689 5129
f 5131 4689 5130
f 5132 4689 5131
f 5133 4689 5132
f 5134 4689 5133
f 4815 5105 5106
f 4815 5106 4814
f 4815 5097 5098
f 4815 5098 5099
f 4815 5099 5100
f 4815 5100 5101
f 4815 5101 5102
f 4815 5102 5103
f 4815 5103 5104
f 4815 5104 5105
f 5135 4689 5134
f 5135 4690 4689
f 5136 4690 5135
f 5137 4690 5136
f 5138 4690 5137
f 5139 4690 5138
f 5140 4690 5139
f 4691 4690 5140
f 4816 5097 4815
f 4816 5091 5092
f 4816 5092 5093
f 4816 5093 5094
f 4816 5094 5095
f 4816 5095 5096
f 4816 5096 5097
f 5141 4691 5140
f 5142 4691 5141
f 5143 4691 5142
f 5144 4691 5143
f 4692 4691 5144
f 4817 5086 5087
f 4817 5087 5088
f 4817 5088 5089
f 4817 5089 5090
f 4817 5090 5091
f 4817 5091 4816
f 5145 4692 5144
f 5146 4692 5145
f 5147 4692 5146
f 5148 4692 5147
f 4693 4692 5148
f 4818 5086 4817
f 4818 5082 5083
f 4818 5083 5084
f 4818 5084 5085
f 4818 5085 5086
f 5149 4693 5148
f 5150 4693 5149
f 5151 4693 5150
f 4694 4693 5151
f 4819 5082 4818
f 4819 5079 5080
f 4819 5080 5081
f 4819 5081 5082
f 5078 5079 4819
f 5152 4694 5151
f 5153 4694 5152
f 5154 4694 5153
f 4695 4694 5154
f 4820 5078 4819
f 4820 5075 5076
f 4820 5076 5077
f 4820 5077 5078
f 5155 4695 5154
f 5156 4695 5155
f 5157 4695 5156
f 4696 4695 5157
f 4821 5072 5073
f 4821 5073 5074
f 4821 5074 5075
f 4821 5075 4820
f 5158 4696 5157
f 5159 4696 5158
f 5160 4696 5159
f 4697 4696 5160
f 4822 5070 5071
f 4822 5071 5072
f 4822 5072 4821
f 5069 5070 4822
f 5161 4697 5160
f 5162 4697 5161
f 5163 4697 5162
f 4698 4697 5163
f 4823 5067 5068
f 4823 5068 5069
f 4823 5069 4822
f 5066 5067 4823
f 5164 4698 5163
f 5165 4698 5164
f 4699 4698 5165
f 4824 5066 4823
f 4824 5064 5065
f 4824 5065 5066
f 5166 4699 5165
f 5063 5064 4824
f 5167 4699 5166
f 5168 4699 5167
f 4700 4699 5168
f 4825 5063 4824
f 4825 5061 5062
f 4825 5062 5063
f 5169 4700 5168
f 5060 5061 4825
f 5170 4700 5169
f 5171 4700 5170
f 5172 4700 5171
f 4701 4700 5172
f 4826 5060 4825
f 4826 5058 5059
f 4826 5059 5060
f 5173 4701 5172
f 5174 4701 5173
f 5175 4701 5174
f 4702 4701 5175
f 4827 5058 4826
f 4827 5056 5057
f 4827 5057 5058
f 5055 5056 4827
f 5176 4702 5175
f 5177 4702 5176
f 5178 4702 5177
f 5179 4702 5178
f 4703 4702 5179
f 4828 5053 5054
f 4828 5054 5055
f 4828 5055 4827
f 5052 5053 4828
f 5180 4703 5179
f 5181 4703 5180
f 5182 4703 5181
f 5183 4703 5182
f 5184 4703 5183
f 4704 4703 5184
f 4829 5052 4828
f 4829 5049 5050
f 4829 5050 5051
f 4829 5051 5052
f 5185 4704 5184
f 5186 4704 5185
f 5187 4704 5186
f 5188 4704 5187
f 5189 4704 5188
f 4830 5049 4829
f 4830 5046 5047
f 4830 5047 5048
f 4830 5048 5049
f 5190 4705 4704
f 5190 4704 5189
f 5191 4705 5190
f 5192 4705 5191
f 5193 4705 5192
f 5194 4705 5193
f 5195 4705 5194
f 5196 4705 5195
f 5197 4705 5196
f 4831 5046 4830
f 4831 5042 5043
f 4831 5043 5044
f 4831 5044 5045
f 4831 5045 5046
f 5198 4705 5197
f 5199 4705 5198
f 5200 4706 4705
f 5200 4705 5199
f 5201 4706 5200
f 5202 4706 5201
f 5203 4706 5202
f 5204 4706 5203
f 5205 4706 5204
f 5206 4706 5205
f 5031 4706 5206
f 4707 4706 5031
f 4832 5036 5037
f 4832 5037 5038
f 4832 5038 5039
f 4832 5039 5040
f 4832 5040 5041
f 4832 5041 5042
f 4832 5042 4831
f 4833 5031 5032
f 4833 5032 5033
f 4833 5033 5034
f 4833 5034 5035
f 4833 5035 5036
f 4833 5036 4832
f 4834 4707 5031
f 4834 5031 4833
f 4835 4707 4834
f 4835 4708 4707
f 4836 4708 4835
f 4836 4709 4708
f 4837 4710 4709
f 4837 4711 4710
f 4837 4709 4836
f 4838 4711 4837
f 4839 4712 4711
f 4839 4711 4838
f 4840 4713 4712
f 4840 4712 4839
f 4841 4714 4713
f 4841 4715 4714
f 4841 4713 4840
f 4842 4715 4841
f 4843 4716 4715
f 4843 4717 4716
f 4843 4715 4842
f 4844 4717 4843
f 4845 4718 4717
f 4845 4717 4844
f 4846 4719 4718
f 4846 4718 4845
f 4847 4720 4719
f 4847 4719 4846
f 4848 4721 4720
f 4848 4720 4847
f 4849 4722 4721
f 4849 4723 4722
f 4849 4721 4848
f 4850 4723 4849
f 4851 4724 4723
f 4851 4723 4850
f 4852 4725 4724
f 4852 4724 4851
f 4853 4726 4725
f 4853 4725 4852
f 4854 4727 4726
f 4854 4726 4853
f 4729 4727 4854
f 4729 4728 4727
f 5411 5286 5285
f 5411 5412 5286
f 5413 5287 5286
f 5413 5286 5412
f 5410 5411 5285
f 5410 5284 5283
f 5410 5285 5284
f 5414 5287 5413
f 5414 5288 5287
f 5409 5410 5283
f 5409 5283 5282
f 5415 5288 5414
f 5415 5289 5288
f 5408 5409 5282
f 5408 5282 5281
f 5416 5289 5415
f 5416 5290 5289
f 5407 5408 5281
f 5417 5290 5416
f 5417 5291 5290
f 5406 5407 5281
f 5406 5280 5279
f 5406 5281 5280
f 5418 5291 5417
f 5418 5292 5291
f 5405 5406 5279
f 5419 5292 5418
f 5419 5293 5292
f 5404 5279 5278
f 5404 5405 5279
f 5420 5293 5419
f 5420 5294 5293
f 5420 5295 5294
f 5403 5404 5278
f 5403 5278 5277
f 5421 5295 5420
f 5402 5403 5277
f 5402 5276 5275
f 5402 5277 5276
f 5422 5295 5421
f 5422 5296 5295
f 5422 5297 5296
f 5401 5402 5275
f 5423 5297 5422
f 5400 5275 5274
f 5400 5401 5275
f 5424 5297 5423
f 5424 5298 5297
f 5424 5299 5298
f 5399 5274 5273
f 5399 5400 5274
f 5425 5299 5424
f 5425 5300 5299
f 5398 5399 5273
f 5398 5272 5271
f 5398 5273 5272
f 5426 5300 5425
f 5426 5301 5300
f 5397 5398 5271
f 5397 5271 5270
f 5427 5301 5426
f 5396 5397 5270
f 5428 5301 5427
f 5428 5302 5301
f 5395 5269 5268
f 5395 5270 5269
f 5395 5396 5270
f 5429 5303 5302
f 5429 5304 5303
f 5429 5302 5428
f 5394 5268 5267
f 5394 5395 5268
f 5430 5304 5429
f 5393 5394 5267
f 5431 5304 5430
f 5431 5305 5304
f 5392 5393 5267
f 5392 5267 5266
f 5432 5305 5431
f 5432 5306 5305
f 5391 5392 5266
f 5391 5265 5264
f 5391 5266 5265
f 5433 5306 5432
f 5433 5307 5306
f 5390 5391 5264
f 5434 5308 5307
f 5434 5307 5433
f 5389 5264 5263
f 5389 5390 5264
f 5435 5309 5308
f 5435 5310 5309
f 5435 5308 5434
f 5388 5389 5263
f 5388 5263 5262
f 5436 5311 5310
f 5436 5310 5435
f 5387 5388 5262
f 5387 5262 5261
f 5437 5311 5436
f 5386 5261 5260
f 5386 5387 5261
f 5438 5312 5311
f 5438 5311 5437
f 5385 5260 5259
f 5385 5386 5260
f 5439 5313 5312
f 5439 5312 5438
f 5384 5258 5257
f 5384 5259 5258
f 5384 5385 5259
f 5440 5314 5313
f 5440 5313 5439
f 5383 5384 5257
f 5441 5315 5314
f 5441 5314 5440
f 5316 5315 5441
f 5382 5257 5256
f 5382 5383 5257
f 5442 5316 5441
f 5381 5256 5255
f 5381 5382 5256
f 5443 5317 5316
f 5443 5316 5442
f 5254 5380 5381
f 5254 5381 5255
f 5444 5317 5443
f 5318 5317 5444
f 5253 5380 5254
f 5253 5379 5380
f 5378 5379 5253
f 5319 5318 5444
f 5319 5444 5445
f 5446 5319 5445
f 5252 5378 5253
f 5320 5319 5446
f 5251 5378 5252
f 5251 5377 5378
f 5321 5320 5446
f 5321 5446 5447
f 5250 5377 5251
f 5250 5376 5377
f 5322 5447 5448
f 5322 5321 5447
f 5249 5376 5250
f 5249 5375 5376
f 5323 5322 5448
f 5323 5448 5449
f 5323 5449 5450
f 5248 5375 5249
f 5248 5374 5375
f 5324 5323 5450
f 5247 5373 5374
f 5247 5374 5248
f 5325 5324 5450
f 5325 5450 5451
f 5325 5451 5452
f 5246 5371 5372
f 5246 5372 5373
f 5246 5373 5247
f 5326 5452 5453
f 5326 5325 5452
f 5245 5371 5246
f 5327 5326 5453
f 5244 5369 5370
f 5244 5370 5371
f 5244 5371 5245
f 5328 5453 5454
f 5328 5327 5453
f 5243 5369 5244
f 5329 5328 5454
f 5329 5454 5455
f 5329 5455 5456
f 5242 5369 5243
f 5242 5367 5368
f 5242 5368 5369
f 5330 5456 5457
f 5330 5329 5456
f 5241 5367 5242
f 5241 5366 5367
f 5331 5330 5457
f 5240 5366 5241
f 5332 5457 5458
f 5332 5331 5457
f 5239 5366 5240
f 5239 5365 5366
f 5207 5332 5458
f 5207 5458 5333
f 5238 5363 5364
f 5238 5364 5365
f 5238 5365 5239
f 5208 5333 5334
f 5208 5334 5335
f 5208 5207 5333
f 5237 5362 5363
f 5237 5363 5238
f 5209 5335 5336
f 5209 5208 5335
f 5236 5362 5237
f 5210 5209 5336
f 5235 5360 5361
f 5235 5361 5362
f 5235 5362 5236
f 5211 5336 5337
f 5211 5210 5336
f 5234 5360 5235
f 5212 5337 5338
f 5212 5211 5337
f 5233 5360 5234
f 5233 5359 5360
f 5213 5338 5339
f 5213 5212 5338
f 5232 5359 5233
f 5232 5358 5359
f 5214 5339 5340
f 5214 5340 5341
f 5214 5213 5339
f 5231 5358 5232
f 5231 5356 5357
f 5231 5357 5358
f 5215 5214 5341
f 5230 5356 5231
f 5216 5341 5342
f 5216 5215 5341
f 5229 5356 5230
f 5229 5355 5356
f 5217 5342 5343
f 5217 5216 5342
f 5228 5355 5229
f 5228 5353 5354
f 5228 5354 5355
f 5218 5217 5343
f 5218 5343 5344
f 5218 5344 5345
f 5227 5353 5228
f 5219 5218 5345
f 5226 5353 5227
f 5226 5352 5353
f 5220 5219 5345
f 5220 5345 5346
f 5220 5346 5347
f 5225 5352 5226
f 5225 5351 5352
f 5221 5220 5347
f 5224 5350 5351
f 5224 5351 5225
f 5222 5347 5348
f 5222 5221 5347
f 5223 5348 5349
f 5223 5349 5350
f 5223 5350 5224
f 5223 5222 5348
f 5663 5537 5538
f 5663 5538 5664
f 5665 5538 5539
f 5665 5664 5538
f 5662 5537 5663
f 5662 5536 5537
f 5666 5665 5539
f 5666 5539 5540
f 5661 5536 5662
f 5661 5535 5536
f 5667 5666 5540
f 5667 5540 5541
f 5660 5535 5661
f 5660 5533 5534
f 5660 5534 5535
f 5668 5667 5541
f 5668 5541 5542
f 5659 5533 5660
f 5669 5542 5543
f 5669 5668 5542
f 5658 5531 5532
f 5658 5532 5533
f 5658 5533 5659
f 5670 5669 5543
f 5670 5543 5544
f 5657 5531 5658
f 5671 5670 5544
f 5671 5544 5545
f 5656 5531 5657
f 5656 5530 5531
f 5672 5671 5545
f 5672 5545 5546
f 5672 5546 5547
f 5655 5530 5656
f 5655 5529 5530
f 5673 5672 5547
f 5654 5529 5655
f 5654 5528 5529
f 5674 5673 5547
f 5674 5547 5548
f 5653 5528 5654
f 5653 5527 5528
f 5675 5674 5548
f 5675 5548 5549
f 5652 5526 5527
f 5652 5527 5653
f 5676 5549 5550
f 5676 5675 5549
f 5651 5526 5652
f 5651 5525 5526
f 5677 5676 5550
f 5677 5550 5551
f 5677 5551 5552
f 5650 5525 5651
f 5650 5524 5525
f 5678 5677 5552
f 5678 5552 5553
f 5649 5523 5524
f 5649 5524 5650
f 5679 5678 5553
f 5648 5522 5523
f 5648 5523 5649
f 5680 5679 5553
f 5680 5553 5554
f 5647 5521 5522
f 5647 5522 5648
f 5681 5554 5555
f 5681 5555 5556
f 5681 5680 5554
f 5646 5521 5647
f 5646 5519 5520
f 5646 5520 5521
f 5682 5681 5556
f 5645 5519 5646
f 5683 5682 5556
f 5683 5556 5557
f 5644 5519 5645
f 5644 5518 5519
f 5684 5683 5557
f 5684 5557 5558
f 5643 5518 5644
f 5643 5517 5518
f 5685 5684 5558
f 5685 5558 5559
f 5642 5516 5517
f 5642 5517 5643
f 5686 5559 5560
f 5686 5685 5559
f 5641 5516 5642
f 5641 5515 5516
f 5687 5560 5561
f 5687 5686 5560
f 5640 5515 5641
f 5640 5514 5515
f 5688 5561 5562
f 5688 5687 5561
f 5639 5514 5640
f 5639 5513 5514
f 5689 5562 5563
f 5689 5688 5562
f 5638 5512 5513
f 5638 5513 5639
f 5690 5563 5564
f 5690 5689 5563
f 5637 5511 5512
f 5637 5512 5638
f 5691 5564 5565
f 5691 5690 5564
f 5636 5510 5511
f 5636 5511 5637
f 5692 5565 5566
f 5692 5566 5567
f 5692 5691 5565
f 5635 5509 5510
f 5635 5510 5636
f 5693 5692 5567
f 5634 5508 5509
f 5634 5509 5635
f 5694 5567 5568
f 5694 5693 5567
f 5633 5507 5508
f 5633 5508 5634
f 5695 5568 5569
f 5695 5694 5568
f 5506 5633 5632
f 5506 5507 5633
f 5696 5695 5569
f 5570 5696 5569
f 5505 5506 5632
f 5505 5632 5631
f 5630 5505 5631
f 5571 5696 5570
f 5571 5697 5696
f 5504 5505 5630
f 5504 5630 5629
f 5572 5697 5571
f 5572 5698 5697
f 5503 5504 5629
f 5503 5629 5628
f 5573 5698 5572
f 5573 5699 5698
f 5502 5503 5628
f 5574 5700 5699
f 5574 5699 5573
f 5501 5502 5628
f 5501 5628 5627
f 5575 5700 5574
f 5575 5701 5700
f 5575 5702 5701
f 5500 5501 5627
f 5500 5627 5626
f 5576 5702 5575
f 5576 5703 5702
f 5499 5626 5625
f 5499 5500 5626
f 5577 5704 5703
f 5577 5703 5576
f 5498 5624 5623
f 5498 5625 5624
f 5498 5499 5625
f 5578 5704 5577
f 5497 5498 5623
f 5579 5705 5704
f 5579 5704 5578
f 5496 5622 5621
f 5496 5623 5622
f 5496 5497 5623
f 5580 5706 5705
f 5580 5705 5579
f 5495 5496 5621
f 5581 5706 5580
f 5581 5707 5706
f 5494 5620 5619
f 5494 5621 5620
f 5494 5495 5621
f 5582 5708 5707
f 5582 5709 5708
f 5582 5707 5581
f 5493 5494 5619
f 5583 5709 5582
f 5492 5493 5619
f 5492 5618 5617
f 5492 5619 5618
f 5584 5709 5583
f 5584 5710 5709
f 5491 5492 5617
f 5459 5585 5710
f 5459 5710 5584
f 5490 5616 5615
f 5490 5617 5616
f 5490 5491 5617
f 5460 5586 5585
f 5460 5585 5459
f 5489 5490 5615
f 5461 5587 5586
f 5461 5586 5460
f 5488 5615 5614
f 5488 5489 5615
f 5462 5588 5587
f 5462 5587 5461
f 5487 5613 5612
f 5487 5614 5613
f 5487 5488 5614
f 5463 5589 5588
f 5463 5588 5462
f 5486 5487 5612
f 5464 5590 5589
f 5464 5591 5590
f 5464 5589 5463
f 5485 5611 5610
f 5485 5612 5611
f 5485 5486 5612
f 5465 5592 5591
f 5465 5591 5464
f 5484 5485 5610
f 5466 5592 5465
f 5483 5484 5610
f 5483 5609 5608
f 5483 5610 5609
f 5467 5592 5466
f 5467 5593 5592
f 5482 5483 5608
f 5468 5594 5593
f 5468 5593 5467
f 5481 5482 5608
f 5481 5607 5606
f 5481 5608 5607
f 5469 5595 5594
f 5469 5596 5595
f 5469 5594 5468
f 5480 5481 5606
f 5470 5597 5596
f 5470 5596 5469
f 5479 5480 5606
f 5479 5606 5605
f 5471 5597 5470
f 5478 5479 5605
f 5478 5604 5603
f 5478 5605 5604
f 5472 5597 5471
f 5472 5598 5597
f 5477 5478 5603
f 5473 5598 5472
f 5473 5599 5598
f 5476 5477 5603
f 5476 5603 5602
f 5474 5600 5599
f 5474 5599 5473
f 5475 5601 5600
f 5475 5602 5601
f 5475 5600 5474
f 5475 5476 5602
f 5787 5789 5788
f 5794 5792 5791
f 5794 5793 5792
f 5785 5789 5787
f 5785 5787 5786
f 5795 5794 5791
f 5795 5791 5790
f 5783 5789 5785
f 5783 5785 5784
f 5783 5790 5789
f 5798 5797 5796
f 5781 5790 5783
f 5781 5795 5790
f 5781 5783 5782
f 5799 5798 5796
f 5800 5799 5796
f 5800 5796 5795
f 5779 5795 5781
f 5779 5781 5780
f 5802 5801 5800
f 5803 5800 5795
f 5803 5802 5800
f 5776 5778 5777
f 5776 5779 5778
f 5774 5776 5775
f 5806 5805 5804
f 5773 5779 5776
f 5773 5776 5774
f 5770 5772 5771
f 5770 5773 5772
f 5810 5809 5808
f 5769 5773 5770
f 5811 5810 5808
f 5811 5804 5803
f 5811 5806 5804
f 5811 5807 5806
f 5811 5808 5807
f 5767 5769 5768
f 5813 5812 5811
f 5766 5769 5767
f 5765 5773 5769
f 5765 5769 5766
f 5765 5795 5779
f 5765 5779 5773
f 5815 5814 5813
f 5815 5811 5803
f 5815 5813 5811
f 5763 5765 5764
f 5818 5817 5816
f 5819 5816 5815
f 5819 5818 5816
f 5820 5819 5815
f 5759 5761 5760
f 5759 5762 5761
f 5822 5821 5820
f 5822 5820 5815
f 5757 5759 5758
f 5756 5759 5757
f 5755 5759 5756
f 5825 5824 5823
f 5826 5825 5823
f 5753 5765 5763
f 5753 5755 5754
f 5753 5762 5759
f 5753 5763 5762
f 5753 5759 5755
f 5827 5826 5823
f 5829 5828 5827
f 5829 5827 5823
f 5750 5795 5765
f 5750 5752 5751
f 5750 5753 5752
f 5750 5765 5753
f 5750 5803 5795
f 5830 5829 5823
f 5833 5832 5831
f 5834 5833 5831
f 5745 5747 5746
f 5835 5834 5831
f 5744 5747 5745
f 5744 5748 5747
f 5836 5831 5830
f 5836 5830 5823
f 5836 5835 5831
f 5743 5749 5748
f 5743 5748 5744
f 5714 5712 5711
f 5714 5713 5712
f 5739 5741 5740
f 5739 5742 5741
f 5715 5714 5711
f 5715 5711 5836
f 5738 5742 5739
f 5738 5743 5742
f 5737 5743 5738
f 5717 5716 5715
f 5717 5823 5822
f 5717 5836 5823
f 5717 5715 5836
f 5717 5822 5815
f 5719 5718 5717
f 5734 5736 5735
f 5734 5737 5736
f 5721 5720 5719
f 5731 5733 5732
f 5731 5734 5733
f 5723 5815 5803
f 5723 5722 5721
f 5723 5719 5717
f 5723 5717 5815
f 5723 5721 5719
f 5729 5731 5730
f 5729 5743 5737
f 5729 5734 5731
f 5729 5737 5734
f 5726 5725 5724
f 5727 5724 5723
f 5727 5749 5743
f 5727 5729 5728
f 5727 5750 5749
f 5727 5743 5729
f 5727 5723 5803
f 5727 5726 5724
f 5727 5803 5750
f 5839 5965 5966
f 5840 5839 5966
f 5840 5966 5967
f 5841 5840 5967
f 5841 5967 5968
f 5842 5841 5968
f 5842 5968 5969
f 5843 5842 5969
f 5843 5969 5970
f 5844 5843 5970
f 5844 5970 5971
f 5845 5844 5971
f 5845 5971 5972
f 5846 5972 5973
f 5846 5845 5972
f 5847 5973 5974
f 5847 5846 5973
f 5848 5974 5975
f 5848 5847 5974
f 5849 5975 5976
f 5849 5976 5977
f 5849 5848 5975
f 5850 5977 5978
f 5850 5849 5977
f 5851 5978 5979
f 5851 5850 5978
f 5852 5979 5980
f 5852 5851 5979
f 5853 5980 5981
f 5853 5852 5980
f 5854 5981 5982
f 5854 5853 5981
f 5855 5982 5983
f 5855 5854 5982
f 5856 5983 5984
f 5856 5855 5983
f 5857 5984 5985
f 5857 5856 5984
f 5858 5985 5986
f 5858 5857 5985
f 5859 5986 5987
f 5859 5858 5986
f 5860 5987 5988
f 5860 5859 5987
f 5861 5988 5989
f 5861 5860 5988
f 5862 5989 5990
f 5862 5990 5991
f 5862 5861 5989
f 5863 5862 5991
f 5863 5991 5992
f 5864 5863 5992
f 5864 5992 5993
f 5865 5864 5993
f 5865 5993 5994
f 5866 5865 5994
f 5866 5994 5995
f 5867 5866 5995
f 5867 5995 5996
f 5868 5867 5996
f 5868 5996 5997
f 5868 5997 5998
f 5869 5868 5998
f 5869 5998 5999
f 5870 5869 5999
f 5870 5999 6000
f 5871 5870 6000
f 5871 6000 6001
f 5872 5871 6001
f 5872 6001 6002
f 5872 6002 6003
f 5873 5872 6003
f 5873 6003 6004
f 5874 5873 6004
f 5874 6004 6005
f 5875 5874 6005
f 5875 6005 6006
f 5876 5875 6006
f 5876 6006 6007
f 5877 5876 6007
f 5877 6007 6008
f 5877 6008 6009
f 5878 6009 6010
f 5878 5877 6009
f 5879 6010 6011
f 5879 5878 6010
f 5880 6011 6012
f 5880 6012 6013
f 5880 5879 6011
f 5881 6013 6014
f 5881 5880 6013
f 5882 6014 6015
f 5882 6015 6016
f 5882 5881 6014
f 5883 6016 6017
f 5883 5882 6016
f 5884 5883 6017
f 5884 6017 6018
f 5885 5884 6018
f 5885 6018 6019
f 5885 6019 6020
f 5886 5885 6020
f 5886 6020 6021
f 5887 5886 6021
f 5887 6021 6022
f 5887 6022 6023
f 5888 5887 6023
f 5888 6023 6024
f 5888 6024 6025
f 5889 5888 6025
f 5889 6025 6026
f 5890 5889 6026
f 5890 6026 6027
f 5890 6027 6028
f 5891 5890 6028
f 5891 6028 6029
f 5892 5891 6029
f 5892 6029 6030
f 5892 6030 6031
f 5893 5892 6031
f 5893 6031 6032
f 5893 6032 6033
f 5894 5893 6033
f 5894 6033 6034
f 5895 5894 6034
f 5895 6034 6035
f 5895 6035 6036
f 5896 5895 6036
f 5896 6036 6037
f 5896 6037 6038
f 5897 6038 6039
f 5897 5896 6038
f 5898 6039 6040
f 5898 6040 6041
f 5898 5897 6039
f 5899 6041 6042
f 5899 6042 6043
f 5899 5898 6041
f 5900 6043 6044
f 5900 5899 6043
f 5901 6044 6045
f 5901 6045 6046
f 5901 5900 6044
f 5902 6046 6047
f 5902 6047 6048
f 5902 5901 6046
f 5903 6048 6049
f 5903 6049 6050
f 5903 5902 6048
f 5904 5903 6050
f 5904 6050 6051
f 5905 6051 6052
f 5905 6052 6053
f 5905 5904 6051
f 5906 6053 6054
f 5906 5905 6053
f 5906 6054 6055
f 5907 5906 6055
f 5907 6055 6056
f 5908 6056 6057
f 5908 6057 6058
f 5908 5907 6056
f 5909 5908 6058
f 5909 6058 6059
f 5909 6059 6060
f 5910 6060 6061
f 5910 5909 6060
f 5911 5910 6061
f 5911 6061 6062
f 5911 6062 6063
f 5912 6063 6064
f 5912 6064 6065
f 5912 5911 6063
f 5913 6065 6066
f 5913 5912 6065
f 5914 6066 6067
f 5914 6067 6068
f 5914 5913 6066
f 5915 6068 6069
f 5915 5914 6068
f 5916 6069 6070
f 5916 6070 6071
f 5916 5915 6069
f 5917 5916 6071
f 5917 6071 6072
f 5918 6072 6073
f 5918 6073 6074
f 5918 5917 6072
f 5919 6074 6075
f 5919 6075 6076
f 5919 5918 6074
f 5920 6076 6077
f 5920 5919 6076
f 5921 6077 6078
f 5921 5920 6077
f 5922 6078 6079
f 5922 6079 6080
f 5922 5921 6078
f 5923 5922 6080
f 5923 6080 6081
f 5924 5923 6081
f 5924 6081 6082
f 5924 6082 6083
f 5925 5924 6083
f 5925 6083 6084
f 5926 5925 6084
f 5926 6084 6085
f 5927 5926 6085
f 5927 6085 6086
f 5927 6086 6087
f 5928 5927 6087
f 5928 6087 6088
f 5929 5928 6088
f 5929 6088 6089
f 5930 5929 6089
f 5930 6089 6090
f 5931 5930 6090
f 5931 6090 6091
f 5932 5931 6091
f 5932 6091 6092
f 5932 6092 6093
f 5933 5932 6093
f 5933 6093 6094
f 5934 5933 6094
f 5934 6094 6095
f 5935 6095 6096
f 5935 5934 6095
f 5936 6096 6097
f 5936 6097 6098
f 5936 5935 6096
f 5937 6098 6099
f 5937 5936 6098
f 5938 6099 6100
f 5938 5937 6099
f 5939 6100 6101
f 5939 5938 6100
f 5940 6101 6102
f 5940 6102 6103
f 5940 5939 6101
f 5941 6103 6104
f 5941 5940 6103
f 5942 6104 6105
f 5942 5941 6104
f 5943 6105 6106
f 5943 6106 6107
f 5943 5942 6105
f 5944 6107 6108
f 5944 5943 6107
f 5945 5944 6108
f 5945 6108 6109
f 5946 5945 6109
f 5946 6109 6110
f 5946 6110 6111
f 5947 5946 6111
f 5947 6111 6112
f 5948 5947 6112
f 5948 6112 6113
f 5948 6113 6114
f 5949 5948 6114
f 5949 6114 6115
f 5950 5949 6115
f 5950 6115 6116
f 5950 6116 6117
f 5951 5950 6117
f 5951 6117 6118
f 5952 5951 6118
f 5952 6118 6119
f 5952 6119 6120
f 5953 5952 6120
f 5953 6120 6121
f 5953 6121 6122
f 5954 5953 6122
f 5954 6122 6123
f 5955 5954 6123
f 5955 6123 6124
f 5955 6124 6125
f 5956 5955 6125
f 5956 6125 6126
f 5957 5956 6126
f 5957 6126 6127
f 5957 6127 6128
f 5958 5957 6128
f 5958 6128 6129
f 5958 6129 6130
f 5959 5958 6130
f 5959 6130 6131
f 5960 5959 6131
f 5960 6131 6132
f 5960 6132 6133
f 5961 5960 6133
f 5961 6133 6134
f 5961 6134 6135
f 5962 5961 6135
f 5962 6135 6136
f 5962 6136 6137
f 5963 5962 6137
f 5963 6137 6138
f 5964 6139 6140
f 5964 5963 6138
f 5964 6138 6139
f 5838 6140 5837
f 5838 5964 6140
f 6142 6141 6318
f 6142 6318 6319
f 6143 6142 6319
f 6143 6319 6320
f 6144 6143 6320
f 6144 6320 6321
f 6145 6144 6321
f 6145 6321 6322
f 6146 6145 6322
f 6146 6322 6323
f 6147 6146 6323
f 6147 6323 6324
f 6148 6147 6324
f 6148 6324 6325
f 6149 6148 6325
f 6149 6325 6326
f 6150 6149 6326
f 6150 6326 6327
f 6151 6150 6327
f 6151 6327 6328
f 6152 6151 6328
f 6153 6152 6328
f 6153 6328 6329
f 6154 6153 6329
f 6154 6329 6330
f 6155 6154 6330
f 6155 6330 6331
f 6156 6155 6331
f 6156 6331 6332
f 6157 6156 6332
f 6157 6332 6333
f 6158 6157 6333
f 6158 6333 6334
f 6159 6158 6334
f 6159 6334 6335
f 6160 6159 6335
f 6160 6335 6336
f 6161 6160 6336
f 6161 6336 6337
f 6162 6161 6337
f 6162 6337 6338
f 6163 6162 6338
f 6163 6338 6339
f 6164 6163 6339
f 6164 6339 6340
f 6165 6340 6341
f 6165 6164 6340
f 6166 6165 6341
f 6167 6166 6341
f 6167 6341 6342
f 6168 6342 6343
f 6168 6167 6342
f 6169 6343 6344
f 6169 6168 6343
f 6170 6344 6345
f 6170 6169 6344
f 6171 6345 6346
f 6171 6170 6345
f 6172 6346 6347
f 6172 6171 6346
f 6173 6172 6347
f 6174 6347 6348
f 6174 6173 6347
f 6175 6348 6349
f 6175 6174 6348
f 6176 6349 6350
f 6176 6175 6349
f 6177 6350 6351
f 6177 6176 6350
f 6178 6177 6351
f 6179 6351 6352
f 6179 6178 6351
f 6180 6352 6353
f 6180 6179 6352
f 6181 6353 6354
f 6181 6180 6353
f 6182 6354 6355
f 6182 6181 6354
f 6183 6355 6356
f 6183 6182 6355
f 6184 6183 6356
f 6185 6356 6357
f 6185 6184 6356
f 6186 6357 6358
f 6186 6185 6357
f 6187 6358 6359
f 6187 6186 6358
f 6188 6187 6359
f 6189 6359 6360
f 6189 6188 6359
f 6190 6360 6361
f 6190 6189 6360
f 6191 6190 6361
f 6192 6361 6362
f 6192 6191 6361
f 6193 6362 6363
f 6193 6192 6362
f 6194 6193 6363
f 6194 6363 6364
f 6195 6194 6364
f 6196 6195 6364
f 6196 6364 6365
f 6197 6196 6365
f 6197 6365 6366
f 6198 6197 6366
f 6199 6198 6366
f 6199 6366 6367
f 6200 6199 6367
f 6201 6367 6368
f 6201 6200 6367
f 6202 6368 6369
f 6202 6201 6368
f 6203 6202 6369
f 6204 6369 6370
f 6204 6203 6369
f 6205 6370 6371
f 6205 6204 6370
f 6206 6205 6371
f 6207 6371 6372
f 6207 6206 6371
f 6208 6207 6372
f 6209 6372 6373
f 6209 6208 6372
f 6210 6373 6374
f 6210 6209 6373
f 6211 6210 6374
f 6212 6374 6375
f 6212 6211 6374
f 6213 6212 6375
f 6214 6375 6376
f 6214 6213 6375
f 6215 6376 6377
f 6215 6214 6376
f 6216 6215 6377
f 6217 6377 6378
f 6217 6216 6377
f 6218 6217 6378
f 6219 6378 6379
f 6219 6218 6378
f 6220 6379 6380
f 6220 6219 6379
f 6221 6220 6380
f 6222 6380 6381
f 6222 6221 6380
f 6223 6222 6381
f 6224 6381 6382
f 6224 6223 6381
f 6225 6224 6382
f 6226 6225 6382
f 6226 6382 6383
f 6227 6226 6383
f 6227 6383 6384
f 6228 6227 6384
f 6229 6228 6384
f 6229 6384 6385
f 6230 6229 6385
f 6231 6230 6385
f 6231 6385 6386
f 6232 6231 6386
f 6232 6386 6387
f 6233 6232 6387
f 6234 6233 6387
f 6234 6387 6388
f 6235 6234 6388
f 6236 6235 6388
f 6236 6388 6389
f 6237 6236 6389
f 6237 6389 6390
f 6238 6237 6390
f 6239 6238 6390
f 6239 6390 6391
f 6240 6239 6391
f 6241 6391 6392
f 6241 6240 6391
f 6242 6392 6393
f 6242 6241 6392
f 6243 6242 6393
f 6244 6393 6394
f 6244 6243 6393
f 6245 6394 6395
f 6245 6244 6394
f 6246 6245 6395
f 6247 6395 6396
f 6247 6246 6395
f 6248 6396 6397
f 6248 6247 6396
f 6249 6248 6397
f 6250 6397 6398
f 6250 6249 6397
f 6251 6250 6398
f 6252 6398 6399
f 6252 6251 6398
f 6253 6399 6400
f 6253 6252 6399
f 6254 6400 6401
f 6254 6253 6400
f 6255 6254 6401
f 6256 6255 6401
f 6256 6401 6402
f 6257 6256 6402
f 6257 6402 6403
f 6258 6257 6403
f 6259 6258 6403
f 6259 6403 6404
f 6260 6259 6404
f 6260 6404 6405
f 6261 6260 6405
f 6261 6405 6406
f 6262 6261 6406
f 6263 6262 6406
f 6263 6406 6407
f 6264 6263 6407
f 6264 6407 6408
f 6265 6264 6408
f 6265 6408 6409
f 6266 6265 6409
f 6266 6409 6410
f 6267 6266 6410
f 6267 6410 6411
f 6268 6267 6411
f 6269 6268 6411
f 6269 6411 6412
f 6270 6269 6412
f 6270 6412 6413
f 6271 6270 6413
f 6271 6413 6414
f 6272 6271 6414
f 6272 6414 6415
f 6273 6272 6415
f 6274 6273 6415
f 6274 6415 6416
f 6275 6274 6416
f 6275 6416 6417
f 6276 6275 6417
f 6276 6417 6418
f 6277 6418 6419
f 6277 6276 6418
f 6278 6277 6419
f 6279 6278 6419
f 6279 6419 6420
f 6280 6420 6421
f 6280 6279 6420
f 6281 6421 6422
f 6281 6280 6421
f 6282 6281 6422
f 6283 6422 6423
f 6283 6282 6422
f 6284 6423 6424
f 6284 6283 6423
f 6285 6284 6424
f 6285 6424 6425
f 6286 6285 6425
f 6287 6286 6425
f 6287 6425 6426
f 6288 6287 6426
f 6288 6426 6427
f 6289 6288 6427
f 6290 6289 6427
f 6290 6427 6428
f 6291 6290 6428
f 6291 6428 6429
f 6292 6291 6429
f 6293 6292 6429
f 6293 6429 6430
f 6294 6293 6430
f 6294 6430 6431
f 6295 6294 6431
f 6296 6295 6431
f 6296 6431 6432
f 6297 6296 6432
f 6298 6297 6432
f 6298 6432 6433
f 6299 6298 6433
f 6299 6433 6434
f 6300 6299 6434
f 6301 6300 6434
f 6301 6434 6435
f 6302 6301 6435
f 6302 6435 6436
f 6303 6302 6436
f 6304 6303 6436
f 6304 6436 6437
f 6305 6304 6437
f 6306 6305 6437
f 6306 6437 6438
f 6307 6306 6438
f 6307 6438 6439
f 6308 6307 6439
f 6309 6308 6439
f 6309 6439 6440
f 6310 6309 6440
f 6311 6310 6440
f 6311 6440 6441
f 6312 6311 6441
f 6313 6312 6441
f 6313 6441 6442
f 6314 6313 6442
f 6314 6442 6443
f 6315 6314 6443
f 6316 6443 6444
f 6316 6315 6443
f 6317 6316 6444
