# Cadless export: model
v 40 -30 -15
v 40 -30 15
v 40 30 -15
v 40 30 15
v -40 -30 -15
v 40 -30 -15
v -40 -30 15
v 40 -30 15
v -40 -30 15
v -40 30 15
v 40 -30 15
v 40 30 15
v 37 -27 15
v 37 27 15
v -37 -27 15
v -37 27 15
v -40 30 -15
v 40 30 -15
v -40 30 15
v 40 30 15
v -40 -30 -15
v -40 30 -15
v 40 -30 -15
v 40 30 -15
v -40 -30 -15
v -40 -30 15
v -40 30 -15
v -40 30 15
v 37 -27 15
v 37 27 15
v 37 -27 -12
v 37 27 -12
v -37 -27 15
v 37 -27 15
v 37 -27 -12
v -37 -27 -12
v -37 -27 15
v -37 27 15
v -37 -27 -12
v -37 27 -12
v -37 27 15
v 37 27 15
v 37 27 -12
v -37 27 -12
v -37 27 -12
v -37 -27 -12
v 37 -27 -12
v 37 27 -12
v -26 -20 -12
v -26.005 -19.8006 -12
v -26.0199 -19.6017 -12
v -26.0447 -19.4038 -12
v -26.0793 -19.2074 -12
v -26.1237 -19.013 -12
v -26.1777 -18.821 -12
v -26.2412 -18.6319 -12
v -26.3141 -18.4463 -12
v -26.3961 -18.2645 -12
v -26.4871 -18.087 -12
v -26.5868 -17.9143 -12
v -26.695 -17.7467 -12
v -26.8115 -17.5848 -12
v -26.9358 -17.4288 -12
v -27.0678 -17.2793 -12
v -27.2071 -17.1365 -12
v -27.3533 -17.0009 -12
v -27.506 -16.8727 -12
v -27.665 -16.7522 -12
v -27.8298 -16.6399 -12
v -28 -16.5359 -12
v -28.1752 -16.4405 -12
v -28.3549 -16.354 -12
v -28.5386 -16.2765 -12
v -28.7261 -16.2083 -12
v -28.9166 -16.1495 -12
v -29.1099 -16.1003 -12
v -29.3054 -16.0608 -12
v -29.5026 -16.031 -12
v -29.7011 -16.0112 -12
v -29.9003 -16.0012 -12
v -30.0997 -16.0012 -12
v -30.2989 -16.0112 -12
v -30.4974 -16.031 -12
v -30.6946 -16.0608 -12
v -30.8901 -16.1003 -12
v -31.0834 -16.1495 -12
v -31.2739 -16.2083 -12
v -31.4614 -16.2765 -12
v -31.6451 -16.354 -12
v -31.8248 -16.4405 -12
v -32 -16.5359 -12
v -32.1702 -16.6399 -12
v -32.335 -16.7522 -12
v -32.494 -16.8727 -12
v -32.6467 -17.0009 -12
v -32.7929 -17.1365 -12
v -32.9322 -17.2793 -12
v -33.0642 -17.4288 -12
v -33.1885 -17.5848 -12
v -33.305 -17.7467 -12
v -33.4132 -17.9143 -12
v -33.5129 -18.087 -12
v -33.6039 -18.2645 -12
v -33.6859 -18.4463 -12
v -33.7588 -18.6319 -12
v -33.8223 -18.821 -12
v -33.8763 -19.013 -12
v -33.9207 -19.2074 -12
v -33.9553 -19.4038 -12
v -33.9801 -19.6017 -12
v -33.995 -19.8006 -12
v -34 -20 -12
v -33.995 -20.1994 -12
v -33.9801 -20.3983 -12
v -33.9553 -20.5962 -12
v -33.9207 -20.7926 -12
v -33.8763 -20.987 -12
v -33.8223 -21.179 -12
v -33.7588 -21.3681 -12
v -33.6859 -21.5537 -12
v -33.6039 -21.7355 -12
v -33.5129 -21.913 -12
v -33.4132 -22.0857 -12
v -33.305 -22.2533 -12
v -33.1885 -22.4152 -12
v -33.0642 -22.5712 -12
v -32.9322 -22.7207 -12
v -32.7929 -22.8635 -12
v -32.6467 -22.9991 -12
v -32.494 -23.1273 -12
v -32.335 -23.2478 -12
v -32.1702 -23.3601 -12
v -32 -23.4641 -12
v -31.8248 -23.5595 -12
v -31.6451 -23.646 -12
v -31.4614 -23.7235 -12
v -31.2739 -23.7917 -12
v -31.0834 -23.8505 -12
v -30.8901 -23.8997 -12
v -30.6946 -23.9392 -12
v -30.4974 -23.969 -12
v -30.2989 -23.9888 -12
v -30.0997 -23.9988 -12
v -29.9003 -23.9988 -12
v -29.7011 -23.9888 -12
v -29.5026 -23.969 -12
v -29.3054 -23.9392 -12
v -29.1099 -23.8997 -12
v -28.9166 -23.8505 -12
v -28.7261 -23.7917 -12
v -28.5386 -23.7235 -12
v -28.3549 -23.646 -12
v -28.1752 -23.5595 -12
v -28 -23.4641 -12
v -27.8298 -23.3601 -12
v -27.665 -23.2478 -12
v -27.506 -23.1273 -12
v -27.3533 -22.9991 -12
v -27.2071 -22.8635 -12
v -27.0678 -22.7207 -12
v -26.9358 -22.5712 -12
v -26.8115 -22.4152 -12
v -26.695 -22.2533 -12
v -26.5868 -22.0857 -12
v -26.4871 -21.913 -12
v -26.3961 -21.7355 -12
v -26.3141 -21.5537 -12
v -26.2412 -21.3681 -12
v -26.1777 -21.179 -12
v -26.1237 -20.987 -12
v -26.0793 -20.7926 -12
v -26.0447 -20.5962 -12
v -26.0199 -20.3983 -12
v -26.005 -20.1994 -12
v 34 -20 -12
v 33.995 -19.8006 -12
v 33.9801 -19.6017 -12
v 33.9553 -19.4038 -12
v 33.9207 -19.2074 -12
v 33.8763 -19.013 -12
v 33.8223 -18.821 -12
v 33.7588 -18.6319 -12
v 33.6859 -18.4463 -12
v 33.6039 -18.2645 -12
v 33.5129 -18.087 -12
v 33.4132 -17.9143 -12
v 33.305 -17.7467 -12
v 33.1885 -17.5848 -12
v 33.0642 -17.4288 -12
v 32.9322 -17.2793 -12
v 32.7929 -17.1365 -12
v 32.6467 -17.0009 -12
v 32.494 -16.8727 -12
v 32.335 -16.7522 -12
v 32.1702 -16.6399 -12
v 32 -16.5359 -12
v 31.8248 -16.4405 -12
v 31.6451 -16.354 -12
v 31.4614 -16.2765 -12
v 31.2739 -16.2083 -12
v 31.0834 -16.1495 -12
v 30.8901 -16.1003 -12
v 30.6946 -16.0608 -12
v 30.4974 -16.031 -12
v 30.2989 -16.0112 -12
v 30.0997 -16.0012 -12
v 29.9003 -16.0012 -12
v 29.7011 -16.0112 -12
v 29.5026 -16.031 -12
v 29.3054 -16.0608 -12
v 29.1099 -16.1003 -12
v 28.9166 -16.1495 -12
v 28.7261 -16.2083 -12
v 28.5386 -16.2765 -12
v 28.3549 -16.354 -12
v 28.1752 -16.4405 -12
v 28 -16.5359 -12
v 27.8298 -16.6399 -12
v 27.665 -16.7522 -12
v 27.506 -16.8727 -12
v 27.3533 -17.0009 -12
v 27.2071 -17.1365 -12
v 27.0678 -17.2793 -12
v 26.9358 -17.4288 -12
v 26.8115 -17.5848 -12
v 26.695 -17.7467 -12
v 26.5868 -17.9143 -12
v 26.4871 -18.087 -12
v 26.3961 -18.2645 -12
v 26.3141 -18.4463 -12
v 26.2412 -18.6319 -12
v 26.1777 -18.821 -12
v 26.1237 -19.013 -12
v 26.0793 -19.2074 -12
v 26.0447 -19.4038 -12
v 26.0199 -19.6017 -12
v 26.005 -19.8006 -12
v 26 -20 -12
v 26.005 -20.1994 -12
v 26.0199 -20.3983 -12
v 26.0447 -20.5962 -12
v 26.0793 -20.7926 -12
v 26.1237 -20.987 -12
v 26.1777 -21.179 -12
v 26.2412 -21.3681 -12
v 26.3141 -21.5537 -12
v 26.3961 -21.7355 -12
v 26.4871 -21.913 -12
v 26.5868 -22.0857 -12
v 26.695 -22.2533 -12
v 26.8115 -22.4152 -12
v 26.9358 -22.5712 -12
v 27.0678 -22.7207 -12
v 27.2071 -22.8635 -12
v 27.3533 -22.9991 -12
v 27.506 -23.1273 -12
v 27.665 -23.2478 -12
v 27.8298 -23.3601 -12
v 28 -23.4641 -12
v 28.1752 -23.5595 -12
v 28.3549 -23.646 -12
v 28.5386 -23.7235 -12
v 28.7261 -23.7917 -12
v 28.9166 -23.8505 -12
v 29.1099 -23.8997 -12
v 29.3054 -23.9392 -12
v 29.5026 -23.969 -12
v 29.7011 -23.9888 -12
v 29.9003 -23.9988 -12
v 30.0997 -23.9988 -12
v 30.2989 -23.9888 -12
v 30.4974 -23.969 -12
v 30.6946 -23.9392 -12
v 30.8901 -23.8997 -12
v 31.0834 -23.8505 -12
v 31.2739 -23.7917 -12
v 31.4614 -23.7235 -12
v 31.6451 -23.646 -12
v 31.8248 -23.5595 -12
v 32 -23.4641 -12
v 32.1702 -23.3601 -12
v 32.335 -23.2478 -12
v 32.494 -23.1273 -12
v 32.6467 -22.9991 -12
v 32.7929 -22.8635 -12
v 32.9322 -22.7207 -12
v 33.0642 -22.5712 -12
v 33.1885 -22.4152 -12
v 33.305 -22.2533 -12
v 33.4132 -22.0857 -12
v 33.5129 -21.913 -12
v 33.6039 -21.7355 -12
v 33.6859 -21.5537 -12
v 33.7588 -21.3681 -12
v 33.8223 -21.179 -12
v 33.8763 -20.987 -12
v 33.9207 -20.7926 -12
v 33.9553 -20.5962 -12
v 33.9801 -20.3983 -12
v 33.995 -20.1994 -12
v -26 20 -12
v -26.005 20.1994 -12
v -26.0199 20.3983 -12
v -26.0447 20.5962 -12
v -26.0793 20.7926 -12
v -26.1237 20.987 -12
v -26.1777 21.179 -12
v -26.2412 21.3681 -12
v -26.3141 21.5537 -12
v -26.3961 21.7355 -12
v -26.4871 21.913 -12
v -26.5868 22.0857 -12
v -26.695 22.2533 -12
v -26.8115 22.4152 -12
v -26.9358 22.5712 -12
v -27.0678 22.7207 -12
v -27.2071 22.8635 -12
v -27.3533 22.9991 -12
v -27.506 23.1273 -12
v -27.665 23.2478 -12
v -27.8298 23.3601 -12
v -28 23.4641 -12
v -28.1752 23.5595 -12
v -28.3549 23.646 -12
v -28.5386 23.7235 -12
v -28.7261 23.7917 -12
v -28.9166 23.8505 -12
v -29.1099 23.8997 -12
v -29.3054 23.9392 -12
v -29.5026 23.969 -12
v -29.7011 23.9888 -12
v -29.9003 23.9988 -12
v -30.0997 23.9988 -12
v -30.2989 23.9888 -12
v -30.4974 23.969 -12
v -30.6946 23.9392 -12
v -30.8901 23.8997 -12
v -31.0834 23.8505 -12
v -31.2739 23.7917 -12
v -31.4614 23.7235 -12
v -31.6451 23.646 -12
v -31.8248 23.5595 -12
v -32 23.4641 -12
v -32.1702 23.3601 -12
v -32.335 23.2478 -12
v -32.494 23.1273 -12
v -32.6467 22.9991 -12
v -32.7929 22.8635 -12
v -32.9322 22.7207 -12
v -33.0642 22.5712 -12
v -33.1885 22.4152 -12
v -33.305 22.2533 -12
v -33.4132 22.0857 -12
v -33.5129 21.913 -12
v -33.6039 21.7355 -12
v -33.6859 21.5537 -12
v -33.7588 21.3681 -12
v -33.8223 21.179 -12
v -33.8763 20.987 -12
v -33.9207 20.7926 -12
v -33.9553 20.5962 -12
v -33.9801 20.3983 -12
v -33.995 20.1994 -12
v -34 20 -12
v -33.995 19.8006 -12
v -33.9801 19.6017 -12
v -33.9553 19.4038 -12
v -33.9207 19.2074 -12
v -33.8763 19.013 -12
v -33.8223 18.821 -12
v -33.7588 18.6319 -12
v -33.6859 18.4463 -12
v -33.6039 18.2645 -12
v -33.5129 18.087 -12
v -33.4132 17.9143 -12
v -33.305 17.7467 -12
v -33.1885 17.5848 -12
v -33.0642 17.4288 -12
v -32.9322 17.2793 -12
v -32.7929 17.1365 -12
v -32.6467 17.0009 -12
v -32.494 16.8727 -12
v -32.335 16.7522 -12
v -32.1702 16.6399 -12
v -32 16.5359 -12
v -31.8248 16.4405 -12
v -31.6451 16.354 -12
v -31.4614 16.2765 -12
v -31.2739 16.2083 -12
v -31.0834 16.1495 -12
v -30.8901 16.1003 -12
v -30.6946 16.0608 -12
v -30.4974 16.031 -12
v -30.2989 16.0112 -12
v -30.0997 16.0012 -12
v -29.9003 16.0012 -12
v -29.7011 16.0112 -12
v -29.5026 16.031 -12
v -29.3054 16.0608 -12
v -29.1099 16.1003 -12
v -28.9166 16.1495 -12
v -28.7261 16.2083 -12
v -28.5386 16.2765 -12
v -28.3549 16.354 -12
v -28.1752 16.4405 -12
v -28 16.5359 -12
v -27.8298 16.6399 -12
v -27.665 16.7522 -12
v -27.506 16.8727 -12
v -27.3533 17.0009 -12
v -27.2071 17.1365 -12
v -27.0678 17.2793 -12
v -26.9358 17.4288 -12
v -26.8115 17.5848 -12
v -26.695 17.7467 -12
v -26.5868 17.9143 -12
v -26.4871 18.087 -12
v -26.3961 18.2645 -12
v -26.3141 18.4463 -12
v -26.2412 18.6319 -12
v -26.1777 18.821 -12
v -26.1237 19.013 -12
v -26.0793 19.2074 -12
v -26.0447 19.4038 -12
v -26.0199 19.6017 -12
v -26.005 19.8006 -12
v 34 20 -12
v 33.995 20.1994 -12
v 33.9801 20.3983 -12
v 33.9553 20.5962 -12
v 33.9207 20.7926 -12
v 33.8763 20.987 -12
v 33.8223 21.179 -12
v 33.7588 21.3681 -12
v 33.6859 21.5537 -12
v 33.6039 21.7355 -12
v 33.5129 21.913 -12
v 33.4132 22.0857 -12
v 33.305 22.2533 -12
v 33.1885 22.4152 -12
v 33.0642 22.5712 -12
v 32.9322 22.7207 -12
v 32.7929 22.8635 -12
v 32.6467 22.9991 -12
v 32.494 23.1273 -12
v 32.335 23.2478 -12
v 32.1702 23.3601 -12
v 32 23.4641 -12
v 31.8248 23.5595 -12
v 31.6451 23.646 -12
v 31.4614 23.7235 -12
v 31.2739 23.7917 -12
v 31.0834 23.8505 -12
v 30.8901 23.8997 -12
v 30.6946 23.9392 -12
v 30.4974 23.969 -12
v 30.2989 23.9888 -12
v 30.0997 23.9988 -12
v 29.9003 23.9988 -12
v 29.7011 23.9888 -12
v 29.5026 23.969 -12
v 29.3054 23.9392 -12
v 29.1099 23.8997 -12
v 28.9166 23.8505 -12
v 28.7261 23.7917 -12
v 28.5386 23.7235 -12
v 28.3549 23.646 -12
v 28.1752 23.5595 -12
v 28 23.4641 -12
v 27.8298 23.3601 -12
v 27.665 23.2478 -12
v 27.506 23.1273 -12
v 27.3533 22.9991 -12
v 27.2071 22.8635 -12
v 27.0678 22.7207 -12
v 26.9358 22.5712 -12
v 26.8115 22.4152 -12
v 26.695 22.2533 -12
v 26.5868 22.0857 -12
v 26.4871 21.913 -12
v 26.3961 21.7355 -12
v 26.3141 21.5537 -12
v 26.2412 21.3681 -12
v 26.1777 21.179 -12
v 26.1237 20.987 -12
v 26.0793 20.7926 -12
v 26.0447 20.5962 -12
v 26.0199 20.3983 -12
v 26.005 20.1994 -12
v 26 20 -12
v 26.005 19.8006 -12
v 26.0199 19.6017 -12
v 26.0447 19.4038 -12
v 26.0793 19.2074 -12
v 26.1237 19.013 -12
v 26.1777 18.821 -12
v 26.2412 18.6319 -12
v 26.3141 18.4463 -12
v 26.3961 18.2645 -12
v 26.4871 18.087 -12
v 26.5868 17.9143 -12
v 26.695 17.7467 -12
v 26.8115 17.5848 -12
v 26.9358 17.4288 -12
v 27.0678 17.2793 -12
v 27.2071 17.1365 -12
v 27.3533 17.0009 -12
v 27.506 16.8727 -12
v 27.665 16.7522 -12
v 27.8298 16.6399 -12
v 28 16.5359 -12
v 28.1752 16.4405 -12
v 28.3549 16.354 -12
v 28.5386 16.2765 -12
v 28.7261 16.2083 -12
v 28.9166 16.1495 -12
v 29.1099 16.1003 -12
v 29.3054 16.0608 -12
v 29.5026 16.031 -12
v 29.7011 16.0112 -12
v 29.9003 16.0012 -12
v 30.0997 16.0012 -12
v 30.2989 16.0112 -12
v 30.4974 16.031 -12
v 30.6946 16.0608 -12
v 30.8901 16.1003 -12
v 31.0834 16.1495 -12
v 31.2739 16.2083 -12
v 31.4614 16.2765 -12
v 31.6451 16.354 -12
v 31.8248 16.4405 -12
v 32 16.5359 -12
v 32.1702 16.6399 -12
v 32.335 16.7522 -12
v 32.494 16.8727 -12
v 32.6467 17.0009 -12
v 32.7929 17.1365 -12
v 32.9322 17.2793 -12
v 33.0642 17.4288 -12
v 33.1885 17.5848 -12
v 33.305 17.7467 -12
v 33.4132 17.9143 -12
v 33.5129 18.087 -12
v 33.6039 18.2645 -12
v 33.6859 18.4463 -12
v 33.7588 18.6319 -12
v 33.8223 18.821 -12
v 33.8763 19.013 -12
v 33.9207 19.2074 -12
v 33.9553 19.4038 -12
v 33.9801 19.6017 -12
v 33.995 19.8006 -12
v -26 -20 6
v -26.005 -19.8006 6
v -26.0199 -19.6017 6
v -26.0447 -19.4038 6
v -26.0793 -19.2074 6
v -26.1237 -19.013 6
v -26.1777 -18.821 6
v -26.2412 -18.6319 6
v -26.3141 -18.4463 6
v -26.3961 -18.2645 6
v -26.4871 -18.087 6
v -26.5868 -17.9143 6
v -26.695 -17.7467 6
v -26.8115 -17.5848 6
v -26.9358 -17.4288 6
v -27.0678 -17.2793 6
v -27.2071 -17.1365 6
v -27.3533 -17.0009 6
v -27.506 -16.8727 6
v -27.665 -16.7522 6
v -27.8298 -16.6399 6
v -28 -16.5359 6
v -28.1752 -16.4405 6
v -28.3549 -16.354 6
v -28.5386 -16.2765 6
v -28.7261 -16.2083 6
v -28.9166 -16.1495 6
v -29.1099 -16.1003 6
v -29.3054 -16.0608 6
v -29.5026 -16.031 6
v -29.7011 -16.0112 6
v -29.9003 -16.0012 6
v -30.0997 -16.0012 6
v -30.2989 -16.0112 6
v -30.4974 -16.031 6
v -30.6946 -16.0608 6
v -30.8901 -16.1003 6
v -31.0834 -16.1495 6
v -31.2739 -16.2083 6
v -31.4614 -16.2765 6
v -31.6451 -16.354 6
v -31.8248 -16.4405 6
v -32 -16.5359 6
v -32.1702 -16.6399 6
v -32.335 -16.7522 6
v -32.494 -16.8727 6
v -32.6467 -17.0009 6
v -32.7929 -17.1365 6
v -32.9322 -17.2793 6
v -33.0642 -17.4288 6
v -33.1885 -17.5848 6
v -33.305 -17.7467 6
v -33.4132 -17.9143 6
v -33.5129 -18.087 6
v -33.6039 -18.2645 6
v -33.6859 -18.4463 6
v -33.7588 -18.6319 6
v -33.8223 -18.821 6
v -33.8763 -19.013 6
v -33.9207 -19.2074 6
v -33.9553 -19.4038 6
v -33.9801 -19.6017 6
v -33.995 -19.8006 6
v -34 -20 6
v -33.995 -20.1994 6
v -33.9801 -20.3983 6
v -33.9553 -20.5962 6
v -33.9207 -20.7926 6
v -33.8763 -20.987 6
v -33.8223 -21.179 6
v -33.7588 -21.3681 6
v -33.6859 -21.5537 6
v -33.6039 -21.7355 6
v -33.5129 -21.913 6
v -33.4132 -22.0857 6
v -33.305 -22.2533 6
v -33.1885 -22.4152 6
v -33.0642 -22.5712 6
v -32.9322 -22.7207 6
v -32.7929 -22.8635 6
v -32.6467 -22.9991 6
v -32.494 -23.1273 6
v -32.335 -23.2478 6
v -32.1702 -23.3601 6
v -32 -23.4641 6
v -31.8248 -23.5595 6
v -31.6451 -23.646 6
v -31.4614 -23.7235 6
v -31.2739 -23.7917 6
v -31.0834 -23.8505 6
v -30.8901 -23.8997 6
v -30.6946 -23.9392 6
v -30.4974 -23.969 6
v -30.2989 -23.9888 6
v -30.0997 -23.9988 6
v -29.9003 -23.9988 6
v -29.7011 -23.9888 6
v -29.5026 -23.969 6
v -29.3054 -23.9392 6
v -29.1099 -23.8997 6
v -28.9166 -23.8505 6
v -28.7261 -23.7917 6
v -28.5386 -23.7235 6
v -28.3549 -23.646 6
v -28.1752 -23.5595 6
v -28 -23.4641 6
v -27.8298 -23.3601 6
v -27.665 -23.2478 6
v -27.506 -23.1273 6
v -27.3533 -22.9991 6
v -27.2071 -22.8635 6
v -27.0678 -22.7207 6
v -26.9358 -22.5712 6
v -26.8115 -22.4152 6
v -26.695 -22.2533 6
v -26.5868 -22.0857 6
v -26.4871 -21.913 6
v -26.3961 -21.7355 6
v -26.3141 -21.5537 6
v -26.2412 -21.3681 6
v -26.1777 -21.179 6
v -26.1237 -20.987 6
v -26.0793 -20.7926 6
v -26.0447 -20.5962 6
v -26.0199 -20.3983 6
v -26.005 -20.1994 6
v -26 -20 6
v -26 -20 -12
v -26.005 -19.8006 -12
v -26.0199 -19.6017 -12
v -26.0447 -19.4038 -12
v -26.0793 -19.2074 -12
v -26.1237 -19.013 -12
v -26.1777 -18.821 -12
v -26.2412 -18.6319 -12
v -26.3141 -18.4463 -12
v -26.3961 -18.2645 -12
v -26.4871 -18.087 -12
v -26.5868 -17.9143 -12
v -26.695 -17.7467 -12
v -26.8115 -17.5848 -12
v -26.9358 -17.4288 -12
v -27.0678 -17.2793 -12
v -27.2071 -17.1365 -12
v -27.3533 -17.0009 -12
v -27.506 -16.8727 -12
v -27.665 -16.7522 -12
v -27.8298 -16.6399 -12
v -28 -16.5359 -12
v -28.1752 -16.4405 -12
v -28.3549 -16.354 -12
v -28.5386 -16.2765 -12
v -28.7261 -16.2083 -12
v -28.9166 -16.1495 -12
v -29.1099 -16.1003 -12
v -29.3054 -16.0608 -12
v -29.5026 -16.031 -12
v -29.7011 -16.0112 -12
v -29.9003 -16.0012 -12
v -30.0997 -16.0012 -12
v -30.2989 -16.0112 -12
v -30.4974 -16.031 -12
v -30.6946 -16.0608 -12
v -30.8901 -16.1003 -12
v -31.0834 -16.1495 -12
v -31.2739 -16.2083 -12
v -31.4614 -16.2765 -12
v -31.6451 -16.354 -12
v -31.8248 -16.4405 -12
v -32 -16.5359 -12
v -32.1702 -16.6399 -12
v -32.335 -16.7522 -12
v -32.494 -16.8727 -12
v -32.6467 -17.0009 -12
v -32.7929 -17.1365 -12
v -32.9322 -17.2793 -12
v -33.0642 -17.4288 -12
v -33.1885 -17.5848 -12
v -33.305 -17.7467 -12
v -33.4132 -17.9143 -12
v -33.5129 -18.087 -12
v -33.6039 -18.2645 -12
v -33.6859 -18.4463 -12
v -33.7588 -18.6319 -12
v -33.8223 -18.821 -12
v -33.8763 -19.013 -12
v -33.9207 -19.2074 -12
v -33.9553 -19.4038 -12
v -33.9801 -19.6017 -12
v -33.995 -19.8006 -12
v -34 -20 -12
v -33.995 -20.1994 -12
v -33.9801 -20.3983 -12
v -33.9553 -20.5962 -12
v -33.9207 -20.7926 -12
v -33.8763 -20.987 -12
v -33.8223 -21.179 -12
v -33.7588 -21.3681 -12
v -33.6859 -21.5537 -12
v -33.6039 -21.7355 -12
v -33.5129 -21.913 -12
v -33.4132 -22.0857 -12
v -33.305 -22.2533 -12
v -33.1885 -22.4152 -12
v -33.0642 -22.5712 -12
v -32.9322 -22.7207 -12
v -32.7929 -22.8635 -12
v -32.6467 -22.9991 -12
v -32.494 -23.1273 -12
v -32.335 -23.2478 -12
v -32.1702 -23.3601 -12
v -32 -23.4641 -12
v -31.8248 -23.5595 -12
v -31.6451 -23.646 -12
v -31.4614 -23.7235 -12
v -31.2739 -23.7917 -12
v -31.0834 -23.8505 -12
v -30.8901 -23.8997 -12
v -30.6946 -23.9392 -12
v -30.4974 -23.969 -12
v -30.2989 -23.9888 -12
v -30.0997 -23.9988 -12
v -29.9003 -23.9988 -12
v -29.7011 -23.9888 -12
v -29.5026 -23.969 -12
v -29.3054 -23.9392 -12
v -29.1099 -23.8997 -12
v -28.9166 -23.8505 -12
v -28.7261 -23.7917 -12
v -28.5386 -23.7235 -12
v -28.3549 -23.646 -12
v -28.1752 -23.5595 -12
v -28 -23.4641 -12
v -27.8298 -23.3601 -12
v -27.665 -23.2478 -12
v -27.506 -23.1273 -12
v -27.3533 -22.9991 -12
v -27.2071 -22.8635 -12
v -27.0678 -22.7207 -12
v -26.9358 -22.5712 -12
v -26.8115 -22.4152 -12
v -26.695 -22.2533 -12
v -26.5868 -22.0857 -12
v -26.4871 -21.913 -12
v -26.3961 -21.7355 -12
v -26.3141 -21.5537 -12
v -26.2412 -21.3681 -12
v -26.1777 -21.179 -12
v -26.1237 -20.987 -12
v -26.0793 -20.7926 -12
v -26.0447 -20.5962 -12
v -26.0199 -20.3983 -12
v -26.005 -20.1994 -12
v -26 -20 -12
v 34 -20 6
v 33.995 -19.8006 6
v 33.9801 -19.6017 6
v 33.9553 -19.4038 6
v 33.9207 -19.2074 6
v 33.8763 -19.013 6
v 33.8223 -18.821 6
v 33.7588 -18.6319 6
v 33.6859 -18.4463 6
v 33.6039 -18.2645 6
v 33.5129 -18.087 6
v 33.4132 -17.9143 6
v 33.305 -17.7467 6
v 33.1885 -17.5848 6
v 33.0642 -17.4288 6
v 32.9322 -17.2793 6
v 32.7929 -17.1365 6
v 32.6467 -17.0009 6
v 32.494 -16.8727 6
v 32.335 -16.7522 6
v 32.1702 -16.6399 6
v 32 -16.5359 6
v 31.8248 -16.4405 6
v 31.6451 -16.354 6
v 31.4614 -16.2765 6
v 31.2739 -16.2083 6
v 31.0834 -16.1495 6
v 30.8901 -16.1003 6
v 30.6946 -16.0608 6
v 30.4974 -16.031 6
v 30.2989 -16.0112 6
v 30.0997 -16.0012 6
v 29.9003 -16.0012 6
v 29.7011 -16.0112 6
v 29.5026 -16.031 6
v 29.3054 -16.0608 6
v 29.1099 -16.1003 6
v 28.9166 -16.1495 6
v 28.7261 -16.2083 6
v 28.5386 -16.2765 6
v 28.3549 -16.354 6
v 28.1752 -16.4405 6
v 28 -16.5359 6
v 27.8298 -16.6399 6
v 27.665 -16.7522 6
v 27.506 -16.8727 6
v 27.3533 -17.0009 6
v 27.2071 -17.1365 6
v 27.0678 -17.2793 6
v 26.9358 -17.4288 6
v 26.8115 -17.5848 6
v 26.695 -17.7467 6
v 26.5868 -17.9143 6
v 26.4871 -18.087 6
v 26.3961 -18.2645 6
v 26.3141 -18.4463 6
v 26.2412 -18.6319 6
v 26.1777 -18.821 6
v 26.1237 -19.013 6
v 26.0793 -19.2074 6
v 26.0447 -19.4038 6
v 26.0199 -19.6017 6
v 26.005 -19.8006 6
v 26 -20 6
v 26.005 -20.1994 6
v 26.0199 -20.3983 6
v 26.0447 -20.5962 6
v 26.0793 -20.7926 6
v 26.1237 -20.987 6
v 26.1777 -21.179 6
v 26.2412 -21.3681 6
v 26.3141 -21.5537 6
v 26.3961 -21.7355 6
v 26.4871 -21.913 6
v 26.5868 -22.0857 6
v 26.695 -22.2533 6
v 26.8115 -22.4152 6
v 26.9358 -22.5712 6
v 27.0678 -22.7207 6
v 27.2071 -22.8635 6
v 27.3533 -22.9991 6
v 27.506 -23.1273 6
v 27.665 -23.2478 6
v 27.8298 -23.3601 6
v 28 -23.4641 6
v 28.1752 -23.5595 6
v 28.3549 -23.646 6
v 28.5386 -23.7235 6
v 28.7261 -23.7917 6
v 28.9166 -23.8505 6
v 29.1099 -23.8997 6
v 29.3054 -23.9392 6
v 29.5026 -23.969 6
v 29.7011 -23.9888 6
v 29.9003 -23.9988 6
v 30.0997 -23.9988 6
v 30.2989 -23.9888 6
v 30.4974 -23.969 6
v 30.6946 -23.9392 6
v 30.8901 -23.8997 6
v 31.0834 -23.8505 6
v 31.2739 -23.7917 6
v 31.4614 -23.7235 6
v 31.6451 -23.646 6
v 31.8248 -23.5595 6
v 32 -23.4641 6
v 32.1702 -23.3601 6
v 32.335 -23.2478 6
v 32.494 -23.1273 6
v 32.6467 -22.9991 6
v 32.7929 -22.8635 6
v 32.9322 -22.7207 6
v 33.0642 -22.5712 6
v 33.1885 -22.4152 6
v 33.305 -22.2533 6
v 33.4132 -22.0857 6
v 33.5129 -21.913 6
v 33.6039 -21.7355 6
v 33.6859 -21.5537 6
v 33.7588 -21.3681 6
v 33.8223 -21.179 6
v 33.8763 -20.987 6
v 33.9207 -20.7926 6
v 33.9553 -20.5962 6
v 33.9801 -20.3983 6
v 33.995 -20.1994 6
v 34 -20 6
v 34 -20 -12
v 33.995 -19.8006 -12
v 33.9801 -19.6017 -12
v 33.9553 -19.4038 -12
v 33.9207 -19.2074 -12
v 33.8763 -19.013 -12
v 33.8223 -18.821 -12
v 33.7588 -18.6319 -12
v 33.6859 -18.4463 -12
v 33.6039 -18.2645 -12
v 33.5129 -18.087 -12
v 33.4132 -17.9143 -12
v 33.305 -17.7467 -12
v 33.1885 -17.5848 -12
v 33.0642 -17.4288 -12
v 32.9322 -17.2793 -12
v 32.7929 -17.1365 -12
v 32.6467 -17.0009 -12
v 32.494 -16.8727 -12
v 32.335 -16.7522 -12
v 32.1702 -16.6399 -12
v 32 -16.5359 -12
v 31.8248 -16.4405 -12
v 31.6451 -16.354 -12
v 31.4614 -16.2765 -12
v 31.2739 -16.2083 -12
v 31.0834 -16.1495 -12
v 30.8901 -16.1003 -12
v 30.6946 -16.0608 -12
v 30.4974 -16.031 -12
v 30.2989 -16.0112 -12
v 30.0997 -16.0012 -12
v 29.9003 -16.0012 -12
v 29.7011 -16.0112 -12
v 29.5026 -16.031 -12
v 29.3054 -16.0608 -12
v 29.1099 -16.1003 -12
v 28.9166 -16.1495 -12
v 28.7261 -16.2083 -12
v 28.5386 -16.2765 -12
v 28.3549 -16.354 -12
v 28.1752 -16.4405 -12
v 28 -16.5359 -12
v 27.8298 -16.6399 -12
v 27.665 -16.7522 -12
v 27.506 -16.8727 -12
v 27.3533 -17.0009 -12
v 27.2071 -17.1365 -12
v 27.0678 -17.2793 -12
v 26.9358 -17.4288 -12
v 26.8115 -17.5848 -12
v 26.695 -17.7467 -12
v 26.5868 -17.9143 -12
v 26.4871 -18.087 -12
v 26.3961 -18.2645 -12
v 26.3141 -18.4463 -12
v 26.2412 -18.6319 -12
v 26.1777 -18.821 -12
v 26.1237 -19.013 -12
v 26.0793 -19.2074 -12
v 26.0447 -19.4038 -12
v 26.0199 -19.6017 -12
v 26.005 -19.8006 -12
v 26 -20 -12
v 26.005 -20.1994 -12
v 26.0199 -20.3983 -12
v 26.0447 -20.5962 -12
v 26.0793 -20.7926 -12
v 26.1237 -20.987 -12
v 26.1777 -21.179 -12
v 26.2412 -21.3681 -12
v 26.3141 -21.5537 -12
v 26.3961 -21.7355 -12
v 26.4871 -21.913 -12
v 26.5868 -22.0857 -12
v 26.695 -22.2533 -12
v 26.8115 -22.4152 -12
v 26.9358 -22.5712 -12
v 27.0678 -22.7207 -12
v 27.2071 -22.8635 -12
v 27.3533 -22.9991 -12
v 27.506 -23.1273 -12
v 27.665 -23.2478 -12
v 27.8298 -23.3601 -12
v 28 -23.4641 -12
v 28.1752 -23.5595 -12
v 28.3549 -23.646 -12
v 28.5386 -23.7235 -12
v 28.7261 -23.7917 -12
v 28.9166 -23.8505 -12
v 29.1099 -23.8997 -12
v 29.3054 -23.9392 -12
v 29.5026 -23.969 -12
v 29.7011 -23.9888 -12
v 29.9003 -23.9988 -12
v 30.0997 -23.9988 -12
v 30.2989 -23.9888 -12
v 30.4974 -23.969 -12
v 30.6946 -23.9392 -12
v 30.8901 -23.8997 -12
v 31.0834 -23.8505 -12
v 31.2739 -23.7917 -12
v 31.4614 -23.7235 -12
v 31.6451 -23.646 -12
v 31.8248 -23.5595 -12
v 32 -23.4641 -12
v 32.1702 -23.3601 -12
v 32.335 -23.2478 -12
v 32.494 -23.1273 -12
v 32.6467 -22.9991 -12
v 32.7929 -22.8635 -12
v 32.9322 -22.7207 -12
v 33.0642 -22.5712 -12
v 33.1885 -22.4152 -12
v 33.305 -22.2533 -12
v 33.4132 -22.0857 -12
v 33.5129 -21.913 -12
v 33.6039 -21.7355 -12
v 33.6859 -21.5537 -12
v 33.7588 -21.3681 -12
v 33.8223 -21.179 -12
v 33.8763 -20.987 -12
v 33.9207 -20.7926 -12
v 33.9553 -20.5962 -12
v 33.9801 -20.3983 -12
v 33.995 -20.1994 -12
v 34 -20 -12
v -26 20 6
v -26.005 20.1994 6
v -26.0199 20.3983 6
v -26.0447 20.5962 6
v -26.0793 20.7926 6
v -26.1237 20.987 6
v -26.1777 21.179 6
v -26.2412 21.3681 6
v -26.3141 21.5537 6
v -26.3961 21.7355 6
v -26.4871 21.913 6
v -26.5868 22.0857 6
v -26.695 22.2533 6
v -26.8115 22.4152 6
v -26.9358 22.5712 6
v -27.0678 22.7207 6
v -27.2071 22.8635 6
v -27.3533 22.9991 6
v -27.506 23.1273 6
v -27.665 23.2478 6
v -27.8298 23.3601 6
v -28 23.4641 6
v -28.1752 23.5595 6
v -28.3549 23.646 6
v -28.5386 23.7235 6
v -28.7261 23.7917 6
v -28.9166 23.8505 6
v -29.1099 23.8997 6
v -29.3054 23.9392 6
v -29.5026 23.969 6
v -29.7011 23.9888 6
v -29.9003 23.9988 6
v -30.0997 23.9988 6
v -30.2989 23.9888 6
v -30.4974 23.969 6
v -30.6946 23.9392 6
v -30.8901 23.8997 6
v -31.0834 23.8505 6
v -31.2739 23.7917 6
v -31.4614 23.7235 6
v -31.6451 23.646 6
v -31.8248 23.5595 6
v -32 23.4641 6
v -32.1702 23.3601 6
v -32.335 23.2478 6
v -32.494 23.1273 6
v -32.6467 22.9991 6
v -32.7929 22.8635 6
v -32.9322 22.7207 6
v -33.0642 22.5712 6
v -33.1885 22.4152 6
v -33.305 22.2533 6
v -33.4132 22.0857 6
v -33.5129 21.913 6
v -33.6039 21.7355 6
v -33.6859 21.5537 6
v -33.7588 21.3681 6
v -33.8223 21.179 6
v -33.8763 20.987 6
v -33.9207 20.7926 6
v -33.9553 20.5962 6
v -33.9801 20.3983 6
v -33.995 20.1994 6
v -34 20 6
v -33.995 19.8006 6
v -33.9801 19.6017 6
v -33.9553 19.4038 6
v -33.9207 19.2074 6
v -33.8763 19.013 6
v -33.8223 18.821 6
v -33.7588 18.6319 6
v -33.6859 18.4463 6
v -33.6039 18.2645 6
v -33.5129 18.087 6
v -33.4132 17.9143 6
v -33.305 17.7467 6
v -33.1885 17.5848 6
v -33.0642 17.4288 6
v -32.9322 17.2793 6
v -32.7929 17.1365 6
v -32.6467 17.0009 6
v -32.494 16.8727 6
v -32.335 16.7522 6
v -32.1702 16.6399 6
v -32 16.5359 6
v -31.8248 16.4405 6
v -31.6451 16.354 6
v -31.4614 16.2765 6
v -31.2739 16.2083 6
v -31.0834 16.1495 6
v -30.8901 16.1003 6
v -30.6946 16.0608 6
v -30.4974 16.031 6
v -30.2989 16.0112 6
v -30.0997 16.0012 6
v -29.9003 16.0012 6
v -29.7011 16.0112 6
v -29.5026 16.031 6
v -29.3054 16.0608 6
v -29.1099 16.1003 6
v -28.9166 16.1495 6
v -28.7261 16.2083 6
v -28.5386 16.2765 6
v -28.3549 16.354 6
v -28.1752 16.4405 6
v -28 16.5359 6
v -27.8298 16.6399 6
v -27.665 16.7522 6
v -27.506 16.8727 6
v -27.3533 17.0009 6
v -27.2071 17.1365 6
v -27.0678 17.2793 6
v -26.9358 17.4288 6
v -26.8115 17.5848 6
v -26.695 17.7467 6
v -26.5868 17.9143 6
v -26.4871 18.087 6
v -26.3961 18.2645 6
v -26.3141 18.4463 6
v -26.2412 18.6319 6
v -26.1777 18.821 6
v -26.1237 19.013 6
v -26.0793 19.2074 6
v -26.0447 19.4038 6
v -26.0199 19.6017 6
v -26.005 19.8006 6
v -26 20 6
v -26 20 -12
v -26.005 20.1994 -12
v -26.0199 20.3983 -12
v -26.0447 20.5962 -12
v -26.0793 20.7926 -12
v -26.1237 20.987 -12
v -26.1777 21.179 -12
v -26.2412 21.3681 -12
v -26.3141 21.5537 -12
v -26.3961 21.7355 -12
v -26.4871 21.913 -12
v -26.5868 22.0857 -12
v -26.695 22.2533 -12
v -26.8115 22.4152 -12
v -26.9358 22.5712 -12
v -27.0678 22.7207 -12
v -27.2071 22.8635 -12
v -27.3533 22.9991 -12
v -27.506 23.1273 -12
v -27.665 23.2478 -12
v -27.8298 23.3601 -12
v -28 23.4641 -12
v -28.1752 23.5595 -12
v -28.3549 23.646 -12
v -28.5386 23.7235 -12
v -28.7261 23.7917 -12
v -28.9166 23.8505 -12
v -29.1099 23.8997 -12
v -29.3054 23.9392 -12
v -29.5026 23.969 -12
v -29.7011 23.9888 -12
v -29.9003 23.9988 -12
v -30.0997 23.9988 -12
v -30.2989 23.9888 -12
v -30.4974 23.969 -12
v -30.6946 23.9392 -12
v -30.8901 23.8997 -12
v -31.0834 23.8505 -12
v -31.2739 23.7917 -12
v -31.4614 23.7235 -12
v -31.6451 23.646 -12
v -31.8248 23.5595 -12
v -32 23.4641 -12
v -32.1702 23.3601 -12
v -32.335 23.2478 -12
v -32.494 23.1273 -12
v -32.6467 22.9991 -12
v -32.7929 22.8635 -12
v -32.9322 22.7207 -12
v -33.0642 22.5712 -12
v -33.1885 22.4152 -12
v -33.305 22.2533 -12
v -33.4132 22.0857 -12
v -33.5129 21.913 -12
v -33.6039 21.7355 -12
v -33.6859 21.5537 -12
v -33.7588 21.3681 -12
v -33.8223 21.179 -12
v -33.8763 20.987 -12
v -33.9207 20.7926 -12
v -33.9553 20.5962 -12
v -33.9801 20.3983 -12
v -33.995 20.1994 -12
v -34 20 -12
v -33.995 19.8006 -12
v -33.9801 19.6017 -12
v -33.9553 19.4038 -12
v -33.9207 19.2074 -12
v -33.8763 19.013 -12
v -33.8223 18.821 -12
v -33.7588 18.6319 -12
v -33.6859 18.4463 -12
v -33.6039 18.2645 -12
v -33.5129 18.087 -12
v -33.4132 17.9143 -12
v -33.305 17.7467 -12
v -33.1885 17.5848 -12
v -33.0642 17.4288 -12
v -32.9322 17.2793 -12
v -32.7929 17.1365 -12
v -32.6467 17.0009 -12
v -32.494 16.8727 -12
v -32.335 16.7522 -12
v -32.1702 16.6399 -12
v -32 16.5359 -12
v -31.8248 16.4405 -12
v -31.6451 16.354 -12
v -31.4614 16.2765 -12
v -31.2739 16.2083 -12
v -31.0834 16.1495 -12
v -30.8901 16.1003 -12
v -30.6946 16.0608 -12
v -30.4974 16.031 -12
v -30.2989 16.0112 -12
v -30.0997 16.0012 -12
v -29.9003 16.0012 -12
v -29.7011 16.0112 -12
v -29.5026 16.031 -12
v -29.3054 16.0608 -12
v -29.1099 16.1003 -12
v -28.9166 16.1495 -12
v -28.7261 16.2083 -12
v -28.5386 16.2765 -12
v -28.3549 16.354 -12
v -28.1752 16.4405 -12
v -28 16.5359 -12
v -27.8298 16.6399 -12
v -27.665 16.7522 -12
v -27.506 16.8727 -12
v -27.3533 17.0009 -12
v -27.2071 17.1365 -12
v -27.0678 17.2793 -12
v -26.9358 17.4288 -12
v -26.8115 17.5848 -12
v -26.695 17.7467 -12
v -26.5868 17.9143 -12
v -26.4871 18.087 -12
v -26.3961 18.2645 -12
v -26.3141 18.4463 -12
v -26.2412 18.6319 -12
v -26.1777 18.821 -12
v -26.1237 19.013 -12
v -26.0793 19.2074 -12
v -26.0447 19.4038 -12
v -26.0199 19.6017 -12
v -26.005 19.8006 -12
v -26 20 -12
v 34 20 6
v 33.995 20.1994 6
v 33.9801 20.3983 6
v 33.9553 20.5962 6
v 33.9207 20.7926 6
v 33.8763 20.987 6
v 33.8223 21.179 6
v 33.7588 21.3681 6
v 33.6859 21.5537 6
v 33.6039 21.7355 6
v 33.5129 21.913 6
v 33.4132 22.0857 6
v 33.305 22.2533 6
v 33.1885 22.4152 6
v 33.0642 22.5712 6
v 32.9322 22.7207 6
v 32.7929 22.8635 6
v 32.6467 22.9991 6
v 32.494 23.1273 6
v 32.335 23.2478 6
v 32.1702 23.3601 6
v 32 23.4641 6
v 31.8248 23.5595 6
v 31.6451 23.646 6
v 31.4614 23.7235 6
v 31.2739 23.7917 6
v 31.0834 23.8505 6
v 30.8901 23.8997 6
v 30.6946 23.9392 6
v 30.4974 23.969 6
v 30.2989 23.9888 6
v 30.0997 23.9988 6
v 29.9003 23.9988 6
v 29.7011 23.9888 6
v 29.5026 23.969 6
v 29.3054 23.9392 6
v 29.1099 23.8997 6
v 28.9166 23.8505 6
v 28.7261 23.7917 6
v 28.5386 23.7235 6
v 28.3549 23.646 6
v 28.1752 23.5595 6
v 28 23.4641 6
v 27.8298 23.3601 6
v 27.665 23.2478 6
v 27.506 23.1273 6
v 27.3533 22.9991 6
v 27.2071 22.8635 6
v 27.0678 22.7207 6
v 26.9358 22.5712 6
v 26.8115 22.4152 6
v 26.695 22.2533 6
v 26.5868 22.0857 6
v 26.4871 21.913 6
v 26.3961 21.7355 6
v 26.3141 21.5537 6
v 26.2412 21.3681 6
v 26.1777 21.179 6
v 26.1237 20.987 6
v 26.0793 20.7926 6
v 26.0447 20.5962 6
v 26.0199 20.3983 6
v 26.005 20.1994 6
v 26 20 6
v 26.005 19.8006 6
v 26.0199 19.6017 6
v 26.0447 19.4038 6
v 26.0793 19.2074 6
v 26.1237 19.013 6
v 26.1777 18.821 6
v 26.2412 18.6319 6
v 26.3141 18.4463 6
v 26.3961 18.2645 6
v 26.4871 18.087 6
v 26.5868 17.9143 6
v 26.695 17.7467 6
v 26.8115 17.5848 6
v 26.9358 17.4288 6
v 27.0678 17.2793 6
v 27.2071 17.1365 6
v 27.3533 17.0009 6
v 27.506 16.8727 6
v 27.665 16.7522 6
v 27.8298 16.6399 6
v 28 16.5359 6
v 28.1752 16.4405 6
v 28.3549 16.354 6
v 28.5386 16.2765 6
v 28.7261 16.2083 6
v 28.9166 16.1495 6
v 29.1099 16.1003 6
v 29.3054 16.0608 6
v 29.5026 16.031 6
v 29.7011 16.0112 6
v 29.9003 16.0012 6
v 30.0997 16.0012 6
v 30.2989 16.0112 6
v 30.4974 16.031 6
v 30.6946 16.0608 6
v 30.8901 16.1003 6
v 31.0834 16.1495 6
v 31.2739 16.2083 6
v 31.4614 16.2765 6
v 31.6451 16.354 6
v 31.8248 16.4405 6
v 32 16.5359 6
v 32.1702 16.6399 6
v 32.335 16.7522 6
v 32.494 16.8727 6
v 32.6467 17.0009 6
v 32.7929 17.1365 6
v 32.9322 17.2793 6
v 33.0642 17.4288 6
v 33.1885 17.5848 6
v 33.305 17.7467 6
v 33.4132 17.9143 6
v 33.5129 18.087 6
v 33.6039 18.2645 6
v 33.6859 18.4463 6
v 33.7588 18.6319 6
v 33.8223 18.821 6
v 33.8763 19.013 6
v 33.9207 19.2074 6
v 33.9553 19.4038 6
v 33.9801 19.6017 6
v 33.995 19.8006 6
v 34 20 6
v 34 20 -12
v 33.995 20.1994 -12
v 33.9801 20.3983 -12
v 33.9553 20.5962 -12
v 33.9207 20.7926 -12
v 33.8763 20.987 -12
v 33.8223 21.179 -12
v 33.7588 21.3681 -12
v 33.6859 21.5537 -12
v 33.6039 21.7355 -12
v 33.5129 21.913 -12
v 33.4132 22.0857 -12
v 33.305 22.2533 -12
v 33.1885 22.4152 -12
v 33.0642 22.5712 -12
v 32.9322 22.7207 -12
v 32.7929 22.8635 -12
v 32.6467 22.9991 -12
v 32.494 23.1273 -12
v 32.335 23.2478 -12
v 32.1702 23.3601 -12
v 32 23.4641 -12
v 31.8248 23.5595 -12
v 31.6451 23.646 -12
v 31.4614 23.7235 -12
v 31.2739 23.7917 -12
v 31.0834 23.8505 -12
v 30.8901 23.8997 -12
v 30.6946 23.9392 -12
v 30.4974 23.969 -12
v 30.2989 23.9888 -12
v 30.0997 23.9988 -12
v 29.9003 23.9988 -12
v 29.7011 23.9888 -12
v 29.5026 23.969 -12
v 29.3054 23.9392 -12
v 29.1099 23.8997 -12
v 28.9166 23.8505 -12
v 28.7261 23.7917 -12
v 28.5386 23.7235 -12
v 28.3549 23.646 -12
v 28.1752 23.5595 -12
v 28 23.4641 -12
v 27.8298 23.3601 -12
v 27.665 23.2478 -12
v 27.506 23.1273 -12
v 27.3533 22.9991 -12
v 27.2071 22.8635 -12
v 27.0678 22.7207 -12
v 26.9358 22.5712 -12
v 26.8115 22.4152 -12
v 26.695 22.2533 -12
v 26.5868 22.0857 -12
v 26.4871 21.913 -12
v 26.3961 21.7355 -12
v 26.3141 21.5537 -12
v 26.2412 21.3681 -12
v 26.1777 21.179 -12
v 26.1237 20.987 -12
v 26.0793 20.7926 -12
v 26.0447 20.5962 -12
v 26.0199 20.3983 -12
v 26.005 20.1994 -12
v 26 20 -12
v 26.005 19.8006 -12
v 26.0199 19.6017 -12
v 26.0447 19.4038 -12
v 26.0793 19.2074 -12
v 26.1237 19.013 -12
v 26.1777 18.821 -12
v 26.2412 18.6319 -12
v 26.3141 18.4463 -12
v 26.3961 18.2645 -12
v 26.4871 18.087 -12
v 26.5868 17.9143 -12
v 26.695 17.7467 -12
v 26.8115 17.5848 -12
v 26.9358 17.4288 -12
v 27.0678 17.2793 -12
v 27.2071 17.1365 -12
v 27.3533 17.0009 -12
v 27.506 16.8727 -12
v 27.665 16.7522 -12
v 27.8298 16.6399 -12
v 28 16.5359 -12
v 28.1752 16.4405 -12
v 28.3549 16.354 -12
v 28.5386 16.2765 -12
v 28.7261 16.2083 -12
v 28.9166 16.1495 -12
v 29.1099 16.1003 -12
v 29.3054 16.0608 -12
v 29.5026 16.031 -12
v 29.7011 16.0112 -12
v 29.9003 16.0012 -12
v 30.0997 16.0012 -12
v 30.2989 16.0112 -12
v 30.4974 16.031 -12
v 30.6946 16.0608 -12
v 30.8901 16.1003 -12
v 31.0834 16.1495 -12
v 31.2739 16.2083 -12
v 31.4614 16.2765 -12
v 31.6451 16.354 -12
v 31.8248 16.4405 -12
v 32 16.5359 -12
v 32.1702 16.6399 -12
v 32.335 16.7522 -12
v 32.494 16.8727 -12
v 32.6467 17.0009 -12
v 32.7929 17.1365 -12
v 32.9322 17.2793 -12
v 33.0642 17.4288 -12
v 33.1885 17.5848 -12
v 33.305 17.7467 -12
v 33.4132 17.9143 -12
v 33.5129 18.087 -12
v 33.6039 18.2645 -12
v 33.6859 18.4463 -12
v 33.7588 18.6319 -12
v 33.8223 18.821 -12
v 33.8763 19.013 -12
v 33.9207 19.2074 -12
v 33.9553 19.4038 -12
v 33.9801 19.6017 -12
v 33.995 19.8006 -12
v 34 20 -12
v -26 -20 6
v -26.005 -19.8006 6
v -26.0199 -19.6017 6
v -26.0447 -19.4038 6
v -26.0793 -19.2074 6
v -26.1237 -19.013 6
v -26.1777 -18.821 6
v -26.2412 -18.6319 6
v -26.3141 -18.4463 6
v -26.3961 -18.2645 6
v -26.4871 -18.087 6
v -26.5868 -17.9143 6
v -26.695 -17.7467 6
v -26.8115 -17.5848 6
v -26.9358 -17.4288 6
v -27.0678 -17.2793 6
v -27.2071 -17.1365 6
v -27.3533 -17.0009 6
v -27.506 -16.8727 6
v -27.665 -16.7522 6
v -27.8298 -16.6399 6
v -28 -16.5359 6
v -28.1752 -16.4405 6
v -28.3549 -16.354 6
v -28.5386 -16.2765 6
v -28.7261 -16.2083 6
v -28.9166 -16.1495 6
v -29.1099 -16.1003 6
v -29.3054 -16.0608 6
v -29.5026 -16.031 6
v -29.7011 -16.0112 6
v -29.9003 -16.0012 6
v -30.0997 -16.0012 6
v -30.2989 -16.0112 6
v -30.4974 -16.031 6
v -30.6946 -16.0608 6
v -30.8901 -16.1003 6
v -31.0834 -16.1495 6
v -31.2739 -16.2083 6
v -31.4614 -16.2765 6
v -31.6451 -16.354 6
v -31.8248 -16.4405 6
v -32 -16.5359 6
v -32.1702 -16.6399 6
v -32.335 -16.7522 6
v -32.494 -16.8727 6
v -32.6467 -17.0009 6
v -32.7929 -17.1365 6
v -32.9322 -17.2793 6
v -33.0642 -17.4288 6
v -33.1885 -17.5848 6
v -33.305 -17.7467 6
v -33.4132 -17.9143 6
v -33.5129 -18.087 6
v -33.6039 -18.2645 6
v -33.6859 -18.4463 6
v -33.7588 -18.6319 6
v -33.8223 -18.821 6
v -33.8763 -19.013 6
v -33.9207 -19.2074 6
v -33.9553 -19.4038 6
v -33.9801 -19.6017 6
v -33.995 -19.8006 6
v -34 -20 6
v -33.995 -20.1994 6
v -33.9801 -20.3983 6
v -33.9553 -20.5962 6
v -33.9207 -20.7926 6
v -33.8763 -20.987 6
v -33.8223 -21.179 6
v -33.7588 -21.3681 6
v -33.6859 -21.5537 6
v -33.6039 -21.7355 6
v -33.5129 -21.913 6
v -33.4132 -22.0857 6
v -33.305 -22.2533 6
v -33.1885 -22.4152 6
v -33.0642 -22.5712 6
v -32.9322 -22.7207 6
v -32.7929 -22.8635 6
v -32.6467 -22.9991 6
v -32.494 -23.1273 6
v -32.335 -23.2478 6
v -32.1702 -23.3601 6
v -32 -23.4641 6
v -31.8248 -23.5595 6
v -31.6451 -23.646 6
v -31.4614 -23.7235 6
v -31.2739 -23.7917 6
v -31.0834 -23.8505 6
v -30.8901 -23.8997 6
v -30.6946 -23.9392 6
v -30.4974 -23.969 6
v -30.2989 -23.9888 6
v -30.0997 -23.9988 6
v -29.9003 -23.9988 6
v -29.7011 -23.9888 6
v -29.5026 -23.969 6
v -29.3054 -23.9392 6
v -29.1099 -23.8997 6
v -28.9166 -23.8505 6
v -28.7261 -23.7917 6
v -28.5386 -23.7235 6
v -28.3549 -23.646 6
v -28.1752 -23.5595 6
v -28 -23.4641 6
v -27.8298 -23.3601 6
v -27.665 -23.2478 6
v -27.506 -23.1273 6
v -27.3533 -22.9991 6
v -27.2071 -22.8635 6
v -27.0678 -22.7207 6
v -26.9358 -22.5712 6
v -26.8115 -22.4152 6
v -26.695 -22.2533 6
v -26.5868 -22.0857 6
v -26.4871 -21.913 6
v -26.3961 -21.7355 6
v -26.3141 -21.5537 6
v -26.2412 -21.3681 6
v -26.1777 -21.179 6
v -26.1237 -20.987 6
v -26.0793 -20.7926 6
v -26.0447 -20.5962 6
v -26.0199 -20.3983 6
v -26.005 -20.1994 6
v -28.5 -20 6
v -28.5019 -19.9252 6
v -28.5075 -19.8506 6
v -28.5168 -19.7764 6
v -28.5297 -19.7028 6
v -28.5464 -19.6299 6
v -28.5666 -19.5579 6
v -28.5905 -19.487 6
v -28.6178 -19.4173 6
v -28.6485 -19.3492 6
v -28.6827 -19.2826 6
v -28.7201 -19.2178 6
v -28.7606 -19.155 6
v -28.8043 -19.0943 6
v -28.8509 -19.0358 6
v -28.9004 -18.9797 6
v -28.9526 -18.9262 6
v -29.0075 -18.8753 6
v -29.0648 -18.8273 6
v -29.1244 -18.7821 6
v -29.1862 -18.74 6
v -29.25 -18.701 6
v -29.3157 -18.6652 6
v -29.3831 -18.6327 6
v -29.452 -18.6037 6
v -29.5223 -18.5781 6
v -29.5937 -18.5561 6
v -29.6662 -18.5376 6
v -29.7395 -18.5228 6
v -29.8135 -18.5116 6
v -29.8879 -18.5042 6
v -29.9626 -18.5005 6
v -30.0374 -18.5005 6
v -30.1121 -18.5042 6
v -30.1865 -18.5116 6
v -30.2605 -18.5228 6
v -30.3338 -18.5376 6
v -30.4063 -18.5561 6
v -30.4777 -18.5781 6
v -30.548 -18.6037 6
v -30.6169 -18.6327 6
v -30.6843 -18.6652 6
v -30.75 -18.701 6
v -30.8138 -18.74 6
v -30.8756 -18.7821 6
v -30.9352 -18.8273 6
v -30.9925 -18.8753 6
v -31.0474 -18.9262 6
v -31.0996 -18.9797 6
v -31.1491 -19.0358 6
v -31.1957 -19.0943 6
v -31.2394 -19.155 6
v -31.2799 -19.2178 6
v -31.3173 -19.2826 6
v -31.3515 -19.3492 6
v -31.3822 -19.4173 6
v -31.4095 -19.487 6
v -31.4334 -19.5579 6
v -31.4536 -19.6299 6
v -31.4703 -19.7028 6
v -31.4832 -19.7764 6
v -31.4925 -19.8506 6
v -31.4981 -19.9252 6
v -31.5 -20 6
v -31.4981 -20.0748 6
v -31.4925 -20.1494 6
v -31.4832 -20.2236 6
v -31.4703 -20.2972 6
v -31.4536 -20.3701 6
v -31.4334 -20.4421 6
v -31.4095 -20.513 6
v -31.3822 -20.5827 6
v -31.3515 -20.6508 6
v -31.3173 -20.7174 6
v -31.2799 -20.7822 6
v -31.2394 -20.845 6
v -31.1957 -20.9057 6
v -31.1491 -20.9642 6
v -31.0996 -21.0203 6
v -31.0474 -21.0738 6
v -30.9925 -21.1247 6
v -30.9352 -21.1727 6
v -30.8756 -21.2179 6
v -30.8138 -21.26 6
v -30.75 -21.299 6
v -30.6843 -21.3348 6
v -30.6169 -21.3673 6
v -30.548 -21.3963 6
v -30.4777 -21.4219 6
v -30.4063 -21.4439 6
v -30.3338 -21.4624 6
v -30.2605 -21.4772 6
v -30.1865 -21.4884 6
v -30.1121 -21.4958 6
v -30.0374 -21.4995 6
v -29.9626 -21.4995 6
v -29.8879 -21.4958 6
v -29.8135 -21.4884 6
v -29.7395 -21.4772 6
v -29.6662 -21.4624 6
v -29.5937 -21.4439 6
v -29.5223 -21.4219 6
v -29.452 -21.3963 6
v -29.3831 -21.3673 6
v -29.3157 -21.3348 6
v -29.25 -21.299 6
v -29.1862 -21.26 6
v -29.1244 -21.2179 6
v -29.0648 -21.1727 6
v -29.0075 -21.1247 6
v -28.9526 -21.0738 6
v -28.9004 -21.0203 6
v -28.8509 -20.9642 6
v -28.8043 -20.9057 6
v -28.7606 -20.845 6
v -28.7201 -20.7822 6
v -28.6827 -20.7174 6
v -28.6485 -20.6508 6
v -28.6178 -20.5827 6
v -28.5905 -20.513 6
v -28.5666 -20.4421 6
v -28.5464 -20.3701 6
v -28.5297 -20.2972 6
v -28.5168 -20.2236 6
v -28.5075 -20.1494 6
v -28.5019 -20.0748 6
v 34 -20 6
v 33.995 -19.8006 6
v 33.9801 -19.6017 6
v 33.9553 -19.4038 6
v 33.9207 -19.2074 6
v 33.8763 -19.013 6
v 33.8223 -18.821 6
v 33.7588 -18.6319 6
v 33.6859 -18.4463 6
v 33.6039 -18.2645 6
v 33.5129 -18.087 6
v 33.4132 -17.9143 6
v 33.305 -17.7467 6
v 33.1885 -17.5848 6
v 33.0642 -17.4288 6
v 32.9322 -17.2793 6
v 32.7929 -17.1365 6
v 32.6467 -17.0009 6
v 32.494 -16.8727 6
v 32.335 -16.7522 6
v 32.1702 -16.6399 6
v 32 -16.5359 6
v 31.8248 -16.4405 6
v 31.6451 -16.354 6
v 31.4614 -16.2765 6
v 31.2739 -16.2083 6
v 31.0834 -16.1495 6
v 30.8901 -16.1003 6
v 30.6946 -16.0608 6
v 30.4974 -16.031 6
v 30.2989 -16.0112 6
v 30.0997 -16.0012 6
v 29.9003 -16.0012 6
v 29.7011 -16.0112 6
v 29.5026 -16.031 6
v 29.3054 -16.0608 6
v 29.1099 -16.1003 6
v 28.9166 -16.1495 6
v 28.7261 -16.2083 6
v 28.5386 -16.2765 6
v 28.3549 -16.354 6
v 28.1752 -16.4405 6
v 28 -16.5359 6
v 27.8298 -16.6399 6
v 27.665 -16.7522 6
v 27.506 -16.8727 6
v 27.3533 -17.0009 6
v 27.2071 -17.1365 6
v 27.0678 -17.2793 6
v 26.9358 -17.4288 6
v 26.8115 -17.5848 6
v 26.695 -17.7467 6
v 26.5868 -17.9143 6
v 26.4871 -18.087 6
v 26.3961 -18.2645 6
v 26.3141 -18.4463 6
v 26.2412 -18.6319 6
v 26.1777 -18.821 6
v 26.1237 -19.013 6
v 26.0793 -19.2074 6
v 26.0447 -19.4038 6
v 26.0199 -19.6017 6
v 26.005 -19.8006 6
v 26 -20 6
v 26.005 -20.1994 6
v 26.0199 -20.3983 6
v 26.0447 -20.5962 6
v 26.0793 -20.7926 6
v 26.1237 -20.987 6
v 26.1777 -21.179 6
v 26.2412 -21.3681 6
v 26.3141 -21.5537 6
v 26.3961 -21.7355 6
v 26.4871 -21.913 6
v 26.5868 -22.0857 6
v 26.695 -22.2533 6
v 26.8115 -22.4152 6
v 26.9358 -22.5712 6
v 27.0678 -22.7207 6
v 27.2071 -22.8635 6
v 27.3533 -22.9991 6
v 27.506 -23.1273 6
v 27.665 -23.2478 6
v 27.8298 -23.3601 6
v 28 -23.4641 6
v 28.1752 -23.5595 6
v 28.3549 -23.646 6
v 28.5386 -23.7235 6
v 28.7261 -23.7917 6
v 28.9166 -23.8505 6
v 29.1099 -23.8997 6
v 29.3054 -23.9392 6
v 29.5026 -23.969 6
v 29.7011 -23.9888 6
v 29.9003 -23.9988 6
v 30.0997 -23.9988 6
v 30.2989 -23.9888 6
v 30.4974 -23.969 6
v 30.6946 -23.9392 6
v 30.8901 -23.8997 6
v 31.0834 -23.8505 6
v 31.2739 -23.7917 6
v 31.4614 -23.7235 6
v 31.6451 -23.646 6
v 31.8248 -23.5595 6
v 32 -23.4641 6
v 32.1702 -23.3601 6
v 32.335 -23.2478 6
v 32.494 -23.1273 6
v 32.6467 -22.9991 6
v 32.7929 -22.8635 6
v 32.9322 -22.7207 6
v 33.0642 -22.5712 6
v 33.1885 -22.4152 6
v 33.305 -22.2533 6
v 33.4132 -22.0857 6
v 33.5129 -21.913 6
v 33.6039 -21.7355 6
v 33.6859 -21.5537 6
v 33.7588 -21.3681 6
v 33.8223 -21.179 6
v 33.8763 -20.987 6
v 33.9207 -20.7926 6
v 33.9553 -20.5962 6
v 33.9801 -20.3983 6
v 33.995 -20.1994 6
v 31.5 -20 6
v 31.4981 -19.9252 6
v 31.4925 -19.8506 6
v 31.4832 -19.7764 6
v 31.4703 -19.7028 6
v 31.4536 -19.6299 6
v 31.4334 -19.5579 6
v 31.4095 -19.487 6
v 31.3822 -19.4173 6
v 31.3515 -19.3492 6
v 31.3173 -19.2826 6
v 31.2799 -19.2178 6
v 31.2394 -19.155 6
v 31.1957 -19.0943 6
v 31.1491 -19.0358 6
v 31.0996 -18.9797 6
v 31.0474 -18.9262 6
v 30.9925 -18.8753 6
v 30.9352 -18.8273 6
v 30.8756 -18.7821 6
v 30.8138 -18.74 6
v 30.75 -18.701 6
v 30.6843 -18.6652 6
v 30.6169 -18.6327 6
v 30.548 -18.6037 6
v 30.4777 -18.5781 6
v 30.4063 -18.5561 6
v 30.3338 -18.5376 6
v 30.2605 -18.5228 6
v 30.1865 -18.5116 6
v 30.1121 -18.5042 6
v 30.0374 -18.5005 6
v 29.9626 -18.5005 6
v 29.8879 -18.5042 6
v 29.8135 -18.5116 6
v 29.7395 -18.5228 6
v 29.6662 -18.5376 6
v 29.5937 -18.5561 6
v 29.5223 -18.5781 6
v 29.452 -18.6037 6
v 29.3831 -18.6327 6
v 29.3157 -18.6652 6
v 29.25 -18.701 6
v 29.1862 -18.74 6
v 29.1244 -18.7821 6
v 29.0648 -18.8273 6
v 29.0075 -18.8753 6
v 28.9526 -18.9262 6
v 28.9004 -18.9797 6
v 28.8509 -19.0358 6
v 28.8043 -19.0943 6
v 28.7606 -19.155 6
v 28.7201 -19.2178 6
v 28.6827 -19.2826 6
v 28.6485 -19.3492 6
v 28.6178 -19.4173 6
v 28.5905 -19.487 6
v 28.5666 -19.5579 6
v 28.5464 -19.6299 6
v 28.5297 -19.7028 6
v 28.5168 -19.7764 6
v 28.5075 -19.8506 6
v 28.5019 -19.9252 6
v 28.5 -20 6
v 28.5019 -20.0748 6
v 28.5075 -20.1494 6
v 28.5168 -20.2236 6
v 28.5297 -20.2972 6
v 28.5464 -20.3701 6
v 28.5666 -20.4421 6
v 28.5905 -20.513 6
v 28.6178 -20.5827 6
v 28.6485 -20.6508 6
v 28.6827 -20.7174 6
v 28.7201 -20.7822 6
v 28.7606 -20.845 6
v 28.8043 -20.9057 6
v 28.8509 -20.9642 6
v 28.9004 -21.0203 6
v 28.9526 -21.0738 6
v 29.0075 -21.1247 6
v 29.0648 -21.1727 6
v 29.1244 -21.2179 6
v 29.1862 -21.26 6
v 29.25 -21.299 6
v 29.3157 -21.3348 6
v 29.3831 -21.3673 6
v 29.452 -21.3963 6
v 29.5223 -21.4219 6
v 29.5937 -21.4439 6
v 29.6662 -21.4624 6
v 29.7395 -21.4772 6
v 29.8135 -21.4884 6
v 29.8879 -21.4958 6
v 29.9626 -21.4995 6
v 30.0374 -21.4995 6
v 30.1121 -21.4958 6
v 30.1865 -21.4884 6
v 30.2605 -21.4772 6
v 30.3338 -21.4624 6
v 30.4063 -21.4439 6
v 30.4777 -21.4219 6
v 30.548 -21.3963 6
v 30.6169 -21.3673 6
v 30.6843 -21.3348 6
v 30.75 -21.299 6
v 30.8138 -21.26 6
v 30.8756 -21.2179 6
v 30.9352 -21.1727 6
v 30.9925 -21.1247 6
v 31.0474 -21.0738 6
v 31.0996 -21.0203 6
v 31.1491 -20.9642 6
v 31.1957 -20.9057 6
v 31.2394 -20.845 6
v 31.2799 -20.7822 6
v 31.3173 -20.7174 6
v 31.3515 -20.6508 6
v 31.3822 -20.5827 6
v 31.4095 -20.513 6
v 31.4334 -20.4421 6
v 31.4536 -20.3701 6
v 31.4703 -20.2972 6
v 31.4832 -20.2236 6
v 31.4925 -20.1494 6
v 31.4981 -20.0748 6
v -26 20 6
v -26.005 20.1994 6
v -26.0199 20.3983 6
v -26.0447 20.5962 6
v -26.0793 20.7926 6
v -26.1237 20.987 6
v -26.1777 21.179 6
v -26.2412 21.3681 6
v -26.3141 21.5537 6
v -26.3961 21.7355 6
v -26.4871 21.913 6
v -26.5868 22.0857 6
v -26.695 22.2533 6
v -26.8115 22.4152 6
v -26.9358 22.5712 6
v -27.0678 22.7207 6
v -27.2071 22.8635 6
v -27.3533 22.9991 6
v -27.506 23.1273 6
v -27.665 23.2478 6
v -27.8298 23.3601 6
v -28 23.4641 6
v -28.1752 23.5595 6
v -28.3549 23.646 6
v -28.5386 23.7235 6
v -28.7261 23.7917 6
v -28.9166 23.8505 6
v -29.1099 23.8997 6
v -29.3054 23.9392 6
v -29.5026 23.969 6
v -29.7011 23.9888 6
v -29.9003 23.9988 6
v -30.0997 23.9988 6
v -30.2989 23.9888 6
v -30.4974 23.969 6
v -30.6946 23.9392 6
v -30.8901 23.8997 6
v -31.0834 23.8505 6
v -31.2739 23.7917 6
v -31.4614 23.7235 6
v -31.6451 23.646 6
v -31.8248 23.5595 6
v -32 23.4641 6
v -32.1702 23.3601 6
v -32.335 23.2478 6
v -32.494 23.1273 6
v -32.6467 22.9991 6
v -32.7929 22.8635 6
v -32.9322 22.7207 6
v -33.0642 22.5712 6
v -33.1885 22.4152 6
v -33.305 22.2533 6
v -33.4132 22.0857 6
v -33.5129 21.913 6
v -33.6039 21.7355 6
v -33.6859 21.5537 6
v -33.7588 21.3681 6
v -33.8223 21.179 6
v -33.8763 20.987 6
v -33.9207 20.7926 6
v -33.9553 20.5962 6
v -33.9801 20.3983 6
v -33.995 20.1994 6
v -34 20 6
v -33.995 19.8006 6
v -33.9801 19.6017 6
v -33.9553 19.4038 6
v -33.9207 19.2074 6
v -33.8763 19.013 6
v -33.8223 18.821 6
v -33.7588 18.6319 6
v -33.6859 18.4463 6
v -33.6039 18.2645 6
v -33.5129 18.087 6
v -33.4132 17.9143 6
v -33.305 17.7467 6
v -33.1885 17.5848 6
v -33.0642 17.4288 6
v -32.9322 17.2793 6
v -32.7929 17.1365 6
v -32.6467 17.0009 6
v -32.494 16.8727 6
v -32.335 16.7522 6
v -32.1702 16.6399 6
v -32 16.5359 6
v -31.8248 16.4405 6
v -31.6451 16.354 6
v -31.4614 16.2765 6
v -31.2739 16.2083 6
v -31.0834 16.1495 6
v -30.8901 16.1003 6
v -30.6946 16.0608 6
v -30.4974 16.031 6
v -30.2989 16.0112 6
v -30.0997 16.0012 6
v -29.9003 16.0012 6
v -29.7011 16.0112 6
v -29.5026 16.031 6
v -29.3054 16.0608 6
v -29.1099 16.1003 6
v -28.9166 16.1495 6
v -28.7261 16.2083 6
v -28.5386 16.2765 6
v -28.3549 16.354 6
v -28.1752 16.4405 6
v -28 16.5359 6
v -27.8298 16.6399 6
v -27.665 16.7522 6
v -27.506 16.8727 6
v -27.3533 17.0009 6
v -27.2071 17.1365 6
v -27.0678 17.2793 6
v -26.9358 17.4288 6
v -26.8115 17.5848 6
v -26.695 17.7467 6
v -26.5868 17.9143 6
v -26.4871 18.087 6
v -26.3961 18.2645 6
v -26.3141 18.4463 6
v -26.2412 18.6319 6
v -26.1777 18.821 6
v -26.1237 19.013 6
v -26.0793 19.2074 6
v -26.0447 19.4038 6
v -26.0199 19.6017 6
v -26.005 19.8006 6
v -28.5 20 6
v -28.5019 20.0748 6
v -28.5075 20.1494 6
v -28.5168 20.2236 6
v -28.5297 20.2972 6
v -28.5464 20.3701 6
v -28.5666 20.4421 6
v -28.5905 20.513 6
v -28.6178 20.5827 6
v -28.6485 20.6508 6
v -28.6827 20.7174 6
v -28.7201 20.7822 6
v -28.7606 20.845 6
v -28.8043 20.9057 6
v -28.8509 20.9642 6
v -28.9004 21.0203 6
v -28.9526 21.0738 6
v -29.0075 21.1247 6
v -29.0648 21.1727 6
v -29.1244 21.2179 6
v -29.1862 21.26 6
v -29.25 21.299 6
v -29.3157 21.3348 6
v -29.3831 21.3673 6
v -29.452 21.3963 6
v -29.5223 21.4219 6
v -29.5937 21.4439 6
v -29.6662 21.4624 6
v -29.7395 21.4772 6
v -29.8135 21.4884 6
v -29.8879 21.4958 6
v -29.9626 21.4995 6
v -30.0374 21.4995 6
v -30.1121 21.4958 6
v -30.1865 21.4884 6
v -30.2605 21.4772 6
v -30.3338 21.4624 6
v -30.4063 21.4439 6
v -30.4777 21.4219 6
v -30.548 21.3963 6
v -30.6169 21.3673 6
v -30.6843 21.3348 6
v -30.75 21.299 6
v -30.8138 21.26 6
v -30.8756 21.2179 6
v -30.9352 21.1727 6
v -30.9925 21.1247 6
v -31.0474 21.0738 6
v -31.0996 21.0203 6
v -31.1491 20.9642 6
v -31.1957 20.9057 6
v -31.2394 20.845 6
v -31.2799 20.7822 6
v -31.3173 20.7174 6
v -31.3515 20.6508 6
v -31.3822 20.5827 6
v -31.4095 20.513 6
v -31.4334 20.4421 6
v -31.4536 20.3701 6
v -31.4703 20.2972 6
v -31.4832 20.2236 6
v -31.4925 20.1494 6
v -31.4981 20.0748 6
v -31.5 20 6
v -31.4981 19.9252 6
v -31.4925 19.8506 6
v -31.4832 19.7764 6
v -31.4703 19.7028 6
v -31.4536 19.6299 6
v -31.4334 19.5579 6
v -31.4095 19.487 6
v -31.3822 19.4173 6
v -31.3515 19.3492 6
v -31.3173 19.2826 6
v -31.2799 19.2178 6
v -31.2394 19.155 6
v -31.1957 19.0943 6
v -31.1491 19.0358 6
v -31.0996 18.9797 6
v -31.0474 18.9262 6
v -30.9925 18.8753 6
v -30.9352 18.8273 6
v -30.8756 18.7821 6
v -30.8138 18.74 6
v -30.75 18.701 6
v -30.6843 18.6652 6
v -30.6169 18.6327 6
v -30.548 18.6037 6
v -30.4777 18.5781 6
v -30.4063 18.5561 6
v -30.3338 18.5376 6
v -30.2605 18.5228 6
v -30.1865 18.5116 6
v -30.1121 18.5042 6
v -30.0374 18.5005 6
v -29.9626 18.5005 6
v -29.8879 18.5042 6
v -29.8135 18.5116 6
v -29.7395 18.5228 6
v -29.6662 18.5376 6
v -29.5937 18.5561 6
v -29.5223 18.5781 6
v -29.452 18.6037 6
v -29.3831 18.6327 6
v -29.3157 18.6652 6
v -29.25 18.701 6
v -29.1862 18.74 6
v -29.1244 18.7821 6
v -29.0648 18.8273 6
v -29.0075 18.8753 6
v -28.9526 18.9262 6
v -28.9004 18.9797 6
v -28.8509 19.0358 6
v -28.8043 19.0943 6
v -28.7606 19.155 6
v -28.7201 19.2178 6
v -28.6827 19.2826 6
v -28.6485 19.3492 6
v -28.6178 19.4173 6
v -28.5905 19.487 6
v -28.5666 19.5579 6
v -28.5464 19.6299 6
v -28.5297 19.7028 6
v -28.5168 19.7764 6
v -28.5075 19.8506 6
v -28.5019 19.9252 6
v 34 20 6
v 33.995 20.1994 6
v 33.9801 20.3983 6
v 33.9553 20.5962 6
v 33.9207 20.7926 6
v 33.8763 20.987 6
v 33.8223 21.179 6
v 33.7588 21.3681 6
v 33.6859 21.5537 6
v 33.6039 21.7355 6
v 33.5129 21.913 6
v 33.4132 22.0857 6
v 33.305 22.2533 6
v 33.1885 22.4152 6
v 33.0642 22.5712 6
v 32.9322 22.7207 6
v 32.7929 22.8635 6
v 32.6467 22.9991 6
v 32.494 23.1273 6
v 32.335 23.2478 6
v 32.1702 23.3601 6
v 32 23.4641 6
v 31.8248 23.5595 6
v 31.6451 23.646 6
v 31.4614 23.7235 6
v 31.2739 23.7917 6
v 31.0834 23.8505 6
v 30.8901 23.8997 6
v 30.6946 23.9392 6
v 30.4974 23.969 6
v 30.2989 23.9888 6
v 30.0997 23.9988 6
v 29.9003 23.9988 6
v 29.7011 23.9888 6
v 29.5026 23.969 6
v 29.3054 23.9392 6
v 29.1099 23.8997 6
v 28.9166 23.8505 6
v 28.7261 23.7917 6
v 28.5386 23.7235 6
v 28.3549 23.646 6
v 28.1752 23.5595 6
v 28 23.4641 6
v 27.8298 23.3601 6
v 27.665 23.2478 6
v 27.506 23.1273 6
v 27.3533 22.9991 6
v 27.2071 22.8635 6
v 27.0678 22.7207 6
v 26.9358 22.5712 6
v 26.8115 22.4152 6
v 26.695 22.2533 6
v 26.5868 22.0857 6
v 26.4871 21.913 6
v 26.3961 21.7355 6
v 26.3141 21.5537 6
v 26.2412 21.3681 6
v 26.1777 21.179 6
v 26.1237 20.987 6
v 26.0793 20.7926 6
v 26.0447 20.5962 6
v 26.0199 20.3983 6
v 26.005 20.1994 6
v 26 20 6
v 26.005 19.8006 6
v 26.0199 19.6017 6
v 26.0447 19.4038 6
v 26.0793 19.2074 6
v 26.1237 19.013 6
v 26.1777 18.821 6
v 26.2412 18.6319 6
v 26.3141 18.4463 6
v 26.3961 18.2645 6
v 26.4871 18.087 6
v 26.5868 17.9143 6
v 26.695 17.7467 6
v 26.8115 17.5848 6
v 26.9358 17.4288 6
v 27.0678 17.2793 6
v 27.2071 17.1365 6
v 27.3533 17.0009 6
v 27.506 16.8727 6
v 27.665 16.7522 6
v 27.8298 16.6399 6
v 28 16.5359 6
v 28.1752 16.4405 6
v 28.3549 16.354 6
v 28.5386 16.2765 6
v 28.7261 16.2083 6
v 28.9166 16.1495 6
v 29.1099 16.1003 6
v 29.3054 16.0608 6
v 29.5026 16.031 6
v 29.7011 16.0112 6
v 29.9003 16.0012 6
v 30.0997 16.0012 6
v 30.2989 16.0112 6
v 30.4974 16.031 6
v 30.6946 16.0608 6
v 30.8901 16.1003 6
v 31.0834 16.1495 6
v 31.2739 16.2083 6
v 31.4614 16.2765 6
v 31.6451 16.354 6
v 31.8248 16.4405 6
v 32 16.5359 6
v 32.1702 16.6399 6
v 32.335 16.7522 6
v 32.494 16.8727 6
v 32.6467 17.0009 6
v 32.7929 17.1365 6
v 32.9322 17.2793 6
v 33.0642 17.4288 6
v 33.1885 17.5848 6
v 33.305 17.7467 6
v 33.4132 17.9143 6
v 33.5129 18.087 6
v 33.6039 18.2645 6
v 33.6859 18.4463 6
v 33.7588 18.6319 6
v 33.8223 18.821 6
v 33.8763 19.013 6
v 33.9207 19.2074 6
v 33.9553 19.4038 6
v 33.9801 19.6017 6
v 33.995 19.8006 6
v 31.5 20 6
v 31.4981 20.0748 6
v 31.4925 20.1494 6
v 31.4832 20.2236 6
v 31.4703 20.2972 6
v 31.4536 20.3701 6
v 31.4334 20.4421 6
v 31.4095 20.513 6
v 31.3822 20.5827 6
v 31.3515 20.6508 6
v 31.3173 20.7174 6
v 31.2799 20.7822 6
v 31.2394 20.845 6
v 31.1957 20.9057 6
v 31.1491 20.9642 6
v 31.0996 21.0203 6
v 31.0474 21.0738 6
v 30.9925 21.1247 6
v 30.9352 21.1727 6
v 30.8756 21.2179 6
v 30.8138 21.26 6
v 30.75 21.299 6
v 30.6843 21.3348 6
v 30.6169 21.3673 6
v 30.548 21.3963 6
v 30.4777 21.4219 6
v 30.4063 21.4439 6
v 30.3338 21.4624 6
v 30.2605 21.4772 6
v 30.1865 21.4884 6
v 30.1121 21.4958 6
v 30.0374 21.4995 6
v 29.9626 21.4995 6
v 29.8879 21.4958 6
v 29.8135 21.4884 6
v 29.7395 21.4772 6
v 29.6662 21.4624 6
v 29.5937 21.4439 6
v 29.5223 21.4219 6
v 29.452 21.3963 6
v 29.3831 21.3673 6
v 29.3157 21.3348 6
v 29.25 21.299 6
v 29.1862 21.26 6
v 29.1244 21.2179 6
v 29.0648 21.1727 6
v 29.0075 21.1247 6
v 28.9526 21.0738 6
v 28.9004 21.0203 6
v 28.8509 20.9642 6
v 28.8043 20.9057 6
v 28.7606 20.845 6
v 28.7201 20.7822 6
v 28.6827 20.7174 6
v 28.6485 20.6508 6
v 28.6178 20.5827 6
v 28.5905 20.513 6
v 28.5666 20.4421 6
v 28.5464 20.3701 6
v 28.5297 20.2972 6
v 28.5168 20.2236 6
v 28.5075 20.1494 6
v 28.5019 20.0748 6
v 28.5 20 6
v 28.5019 19.9252 6
v 28.5075 19.8506 6
v 28.5168 19.7764 6
v 28.5297 19.7028 6
v 28.5464 19.6299 6
v 28.5666 19.5579 6
v 28.5905 19.487 6
v 28.6178 19.4173 6
v 28.6485 19.3492 6
v 28.6827 19.2826 6
v 28.7201 19.2178 6
v 28.7606 19.155 6
v 28.8043 19.0943 6
v 28.8509 19.0358 6
v 28.9004 18.9797 6
v 28.9526 18.9262 6
v 29.0075 18.8753 6
v 29.0648 18.8273 6
v 29.1244 18.7821 6
v 29.1862 18.74 6
v 29.25 18.701 6
v 29.3157 18.6652 6
v 29.3831 18.6327 6
v 29.452 18.6037 6
v 29.5223 18.5781 6
v 29.5937 18.5561 6
v 29.6662 18.5376 6
v 29.7395 18.5228 6
v 29.8135 18.5116 6
v 29.8879 18.5042 6
v 29.9626 18.5005 6
v 30.0374 18.5005 6
v 30.1121 18.5042 6
v 30.1865 18.5116 6
v 30.2605 18.5228 6
v 30.3338 18.5376 6
v 30.4063 18.5561 6
v 30.4777 18.5781 6
v 30.548 18.6037 6
v 30.6169 18.6327 6
v 30.6843 18.6652 6
v 30.75 18.701 6
v 30.8138 18.74 6
v 30.8756 18.7821 6
v 30.9352 18.8273 6
v 30.9925 18.8753 6
v 31.0474 18.9262 6
v 31.0996 18.9797 6
v 31.1491 19.0358 6
v 31.1957 19.0943 6
v 31.2394 19.155 6
v 31.2799 19.2178 6
v 31.3173 19.2826 6
v 31.3515 19.3492 6
v 31.3822 19.4173 6
v 31.4095 19.487 6
v 31.4334 19.5579 6
v 31.4536 19.6299 6
v 31.4703 19.7028 6
v 31.4832 19.7764 6
v 31.4925 19.8506 6
v 31.4981 19.9252 6
v -28.5 -20 6
v -28.5019 -19.9252 6
v -28.5075 -19.8506 6
v -28.5168 -19.7764 6
v -28.5297 -19.7028 6
v -28.5464 -19.6299 6
v -28.5666 -19.5579 6
v -28.5905 -19.487 6
v -28.6178 -19.4173 6
v -28.6485 -19.3492 6
v -28.6827 -19.2826 6
v -28.7201 -19.2178 6
v -28.7606 -19.155 6
v -28.8043 -19.0943 6
v -28.8509 -19.0358 6
v -28.9004 -18.9797 6
v -28.9526 -18.9262 6
v -29.0075 -18.8753 6
v -29.0648 -18.8273 6
v -29.1244 -18.7821 6
v -29.1862 -18.74 6
v -29.25 -18.701 6
v -29.3157 -18.6652 6
v -29.3831 -18.6327 6
v -29.452 -18.6037 6
v -29.5223 -18.5781 6
v -29.5937 -18.5561 6
v -29.6662 -18.5376 6
v -29.7395 -18.5228 6
v -29.8135 -18.5116 6
v -29.8879 -18.5042 6
v -29.9626 -18.5005 6
v -30.0374 -18.5005 6
v -30.1121 -18.5042 6
v -30.1865 -18.5116 6
v -30.2605 -18.5228 6
v -30.3338 -18.5376 6
v -30.4063 -18.5561 6
v -30.4777 -18.5781 6
v -30.548 -18.6037 6
v -30.6169 -18.6327 6
v -30.6843 -18.6652 6
v -30.75 -18.701 6
v -30.8138 -18.74 6
v -30.8756 -18.7821 6
v -30.9352 -18.8273 6
v -30.9925 -18.8753 6
v -31.0474 -18.9262 6
v -31.0996 -18.9797 6
v -31.1491 -19.0358 6
v -31.1957 -19.0943 6
v -31.2394 -19.155 6
v -31.2799 -19.2178 6
v -31.3173 -19.2826 6
v -31.3515 -19.3492 6
v -31.3822 -19.4173 6
v -31.4095 -19.487 6
v -31.4334 -19.5579 6
v -31.4536 -19.6299 6
v -31.4703 -19.7028 6
v -31.4832 -19.7764 6
v -31.4925 -19.8506 6
v -31.4981 -19.9252 6
v -31.5 -20 6
v -31.4981 -20.0748 6
v -31.4925 -20.1494 6
v -31.4832 -20.2236 6
v -31.4703 -20.2972 6
v -31.4536 -20.3701 6
v -31.4334 -20.4421 6
v -31.4095 -20.513 6
v -31.3822 -20.5827 6
v -31.3515 -20.6508 6
v -31.3173 -20.7174 6
v -31.2799 -20.7822 6
v -31.2394 -20.845 6
v -31.1957 -20.9057 6
v -31.1491 -20.9642 6
v -31.0996 -21.0203 6
v -31.0474 -21.0738 6
v -30.9925 -21.1247 6
v -30.9352 -21.1727 6
v -30.8756 -21.2179 6
v -30.8138 -21.26 6
v -30.75 -21.299 6
v -30.6843 -21.3348 6
v -30.6169 -21.3673 6
v -30.548 -21.3963 6
v -30.4777 -21.4219 6
v -30.4063 -21.4439 6
v -30.3338 -21.4624 6
v -30.2605 -21.4772 6
v -30.1865 -21.4884 6
v -30.1121 -21.4958 6
v -30.0374 -21.4995 6
v -29.9626 -21.4995 6
v -29.8879 -21.4958 6
v -29.8135 -21.4884 6
v -29.7395 -21.4772 6
v -29.6662 -21.4624 6
v -29.5937 -21.4439 6
v -29.5223 -21.4219 6
v -29.452 -21.3963 6
v -29.3831 -21.3673 6
v -29.3157 -21.3348 6
v -29.25 -21.299 6
v -29.1862 -21.26 6
v -29.1244 -21.2179 6
v -29.0648 -21.1727 6
v -29.0075 -21.1247 6
v -28.9526 -21.0738 6
v -28.9004 -21.0203 6
v -28.8509 -20.9642 6
v -28.8043 -20.9057 6
v -28.7606 -20.845 6
v -28.7201 -20.7822 6
v -28.6827 -20.7174 6
v -28.6485 -20.6508 6
v -28.6178 -20.5827 6
v -28.5905 -20.513 6
v -28.5666 -20.4421 6
v -28.5464 -20.3701 6
v -28.5297 -20.2972 6
v -28.5168 -20.2236 6
v -28.5075 -20.1494 6
v -28.5019 -20.0748 6
v -28.5 -20 6
v -28.5 -20 -12
v -28.5019 -19.9252 -12
v -28.5075 -19.8506 -12
v -28.5168 -19.7764 -12
v -28.5297 -19.7028 -12
v -28.5464 -19.6299 -12
v -28.5666 -19.5579 -12
v -28.5905 -19.487 -12
v -28.6178 -19.4173 -12
v -28.6485 -19.3492 -12
v -28.6827 -19.2826 -12
v -28.7201 -19.2178 -12
v -28.7606 -19.155 -12
v -28.8043 -19.0943 -12
v -28.8509 -19.0358 -12
v -28.9004 -18.9797 -12
v -28.9526 -18.9262 -12
v -29.0075 -18.8753 -12
v -29.0648 -18.8273 -12
v -29.1244 -18.7821 -12
v -29.1862 -18.74 -12
v -29.25 -18.701 -12
v -29.3157 -18.6652 -12
v -29.3831 -18.6327 -12
v -29.452 -18.6037 -12
v -29.5223 -18.5781 -12
v -29.5937 -18.5561 -12
v -29.6662 -18.5376 -12
v -29.7395 -18.5228 -12
v -29.8135 -18.5116 -12
v -29.8879 -18.5042 -12
v -29.9626 -18.5005 -12
v -30.0374 -18.5005 -12
v -30.1121 -18.5042 -12
v -30.1865 -18.5116 -12
v -30.2605 -18.5228 -12
v -30.3338 -18.5376 -12
v -30.4063 -18.5561 -12
v -30.4777 -18.5781 -12
v -30.548 -18.6037 -12
v -30.6169 -18.6327 -12
v -30.6843 -18.6652 -12
v -30.75 -18.701 -12
v -30.8138 -18.74 -12
v -30.8756 -18.7821 -12
v -30.9352 -18.8273 -12
v -30.9925 -18.8753 -12
v -31.0474 -18.9262 -12
v -31.0996 -18.9797 -12
v -31.1491 -19.0358 -12
v -31.1957 -19.0943 -12
v -31.2394 -19.155 -12
v -31.2799 -19.2178 -12
v -31.3173 -19.2826 -12
v -31.3515 -19.3492 -12
v -31.3822 -19.4173 -12
v -31.4095 -19.487 -12
v -31.4334 -19.5579 -12
v -31.4536 -19.6299 -12
v -31.4703 -19.7028 -12
v -31.4832 -19.7764 -12
v -31.4925 -19.8506 -12
v -31.4981 -19.9252 -12
v -31.5 -20 -12
v -31.4981 -20.0748 -12
v -31.4925 -20.1494 -12
v -31.4832 -20.2236 -12
v -31.4703 -20.2972 -12
v -31.4536 -20.3701 -12
v -31.4334 -20.4421 -12
v -31.4095 -20.513 -12
v -31.3822 -20.5827 -12
v -31.3515 -20.6508 -12
v -31.3173 -20.7174 -12
v -31.2799 -20.7822 -12
v -31.2394 -20.845 -12
v -31.1957 -20.9057 -12
v -31.1491 -20.9642 -12
v -31.0996 -21.0203 -12
v -31.0474 -21.0738 -12
v -30.9925 -21.1247 -12
v -30.9352 -21.1727 -12
v -30.8756 -21.2179 -12
v -30.8138 -21.26 -12
v -30.75 -21.299 -12
v -30.6843 -21.3348 -12
v -30.6169 -21.3673 -12
v -30.548 -21.3963 -12
v -30.4777 -21.4219 -12
v -30.4063 -21.4439 -12
v -30.3338 -21.4624 -12
v -30.2605 -21.4772 -12
v -30.1865 -21.4884 -12
v -30.1121 -21.4958 -12
v -30.0374 -21.4995 -12
v -29.9626 -21.4995 -12
v -29.8879 -21.4958 -12
v -29.8135 -21.4884 -12
v -29.7395 -21.4772 -12
v -29.6662 -21.4624 -12
v -29.5937 -21.4439 -12
v -29.5223 -21.4219 -12
v -29.452 -21.3963 -12
v -29.3831 -21.3673 -12
v -29.3157 -21.3348 -12
v -29.25 -21.299 -12
v -29.1862 -21.26 -12
v -29.1244 -21.2179 -12
v -29.0648 -21.1727 -12
v -29.0075 -21.1247 -12
v -28.9526 -21.0738 -12
v -28.9004 -21.0203 -12
v -28.8509 -20.9642 -12
v -28.8043 -20.9057 -12
v -28.7606 -20.845 -12
v -28.7201 -20.7822 -12
v -28.6827 -20.7174 -12
v -28.6485 -20.6508 -12
v -28.6178 -20.5827 -12
v -28.5905 -20.513 -12
v -28.5666 -20.4421 -12
v -28.5464 -20.3701 -12
v -28.5297 -20.2972 -12
v -28.5168 -20.2236 -12
v -28.5075 -20.1494 -12
v -28.5019 -20.0748 -12
v -28.5 -20 -12
v 31.5 -20 6
v 31.4981 -19.9252 6
v 31.4925 -19.8506 6
v 31.4832 -19.7764 6
v 31.4703 -19.7028 6
v 31.4536 -19.6299 6
v 31.4334 -19.5579 6
v 31.4095 -19.487 6
v 31.3822 -19.4173 6
v 31.3515 -19.3492 6
v 31.3173 -19.2826 6
v 31.2799 -19.2178 6
v 31.2394 -19.155 6
v 31.1957 -19.0943 6
v 31.1491 -19.0358 6
v 31.0996 -18.9797 6
v 31.0474 -18.9262 6
v 30.9925 -18.8753 6
v 30.9352 -18.8273 6
v 30.8756 -18.7821 6
v 30.8138 -18.74 6
v 30.75 -18.701 6
v 30.6843 -18.6652 6
v 30.6169 -18.6327 6
v 30.548 -18.6037 6
v 30.4777 -18.5781 6
v 30.4063 -18.5561 6
v 30.3338 -18.5376 6
v 30.2605 -18.5228 6
v 30.1865 -18.5116 6
v 30.1121 -18.5042 6
v 30.0374 -18.5005 6
v 29.9626 -18.5005 6
v 29.8879 -18.5042 6
v 29.8135 -18.5116 6
v 29.7395 -18.5228 6
v 29.6662 -18.5376 6
v 29.5937 -18.5561 6
v 29.5223 -18.5781 6
v 29.452 -18.6037 6
v 29.3831 -18.6327 6
v 29.3157 -18.6652 6
v 29.25 -18.701 6
v 29.1862 -18.74 6
v 29.1244 -18.7821 6
v 29.0648 -18.8273 6
v 29.0075 -18.8753 6
v 28.9526 -18.9262 6
v 28.9004 -18.9797 6
v 28.8509 -19.0358 6
v 28.8043 -19.0943 6
v 28.7606 -19.155 6
v 28.7201 -19.2178 6
v 28.6827 -19.2826 6
v 28.6485 -19.3492 6
v 28.6178 -19.4173 6
v 28.5905 -19.487 6
v 28.5666 -19.5579 6
v 28.5464 -19.6299 6
v 28.5297 -19.7028 6
v 28.5168 -19.7764 6
v 28.5075 -19.8506 6
v 28.5019 -19.9252 6
v 28.5 -20 6
v 28.5019 -20.0748 6
v 28.5075 -20.1494 6
v 28.5168 -20.2236 6
v 28.5297 -20.2972 6
v 28.5464 -20.3701 6
v 28.5666 -20.4421 6
v 28.5905 -20.513 6
v 28.6178 -20.5827 6
v 28.6485 -20.6508 6
v 28.6827 -20.7174 6
v 28.7201 -20.7822 6
v 28.7606 -20.845 6
v 28.8043 -20.9057 6
v 28.8509 -20.9642 6
v 28.9004 -21.0203 6
v 28.9526 -21.0738 6
v 29.0075 -21.1247 6
v 29.0648 -21.1727 6
v 29.1244 -21.2179 6
v 29.1862 -21.26 6
v 29.25 -21.299 6
v 29.3157 -21.3348 6
v 29.3831 -21.3673 6
v 29.452 -21.3963 6
v 29.5223 -21.4219 6
v 29.5937 -21.4439 6
v 29.6662 -21.4624 6
v 29.7395 -21.4772 6
v 29.8135 -21.4884 6
v 29.8879 -21.4958 6
v 29.9626 -21.4995 6
v 30.0374 -21.4995 6
v 30.1121 -21.4958 6
v 30.1865 -21.4884 6
v 30.2605 -21.4772 6
v 30.3338 -21.4624 6
v 30.4063 -21.4439 6
v 30.4777 -21.4219 6
v 30.548 -21.3963 6
v 30.6169 -21.3673 6
v 30.6843 -21.3348 6
v 30.75 -21.299 6
v 30.8138 -21.26 6
v 30.8756 -21.2179 6
v 30.9352 -21.1727 6
v 30.9925 -21.1247 6
v 31.0474 -21.0738 6
v 31.0996 -21.0203 6
v 31.1491 -20.9642 6
v 31.1957 -20.9057 6
v 31.2394 -20.845 6
v 31.2799 -20.7822 6
v 31.3173 -20.7174 6
v 31.3515 -20.6508 6
v 31.3822 -20.5827 6
v 31.4095 -20.513 6
v 31.4334 -20.4421 6
v 31.4536 -20.3701 6
v 31.4703 -20.2972 6
v 31.4832 -20.2236 6
v 31.4925 -20.1494 6
v 31.4981 -20.0748 6
v 31.5 -20 6
v 31.5 -20 -12
v 31.4981 -19.9252 -12
v 31.4925 -19.8506 -12
v 31.4832 -19.7764 -12
v 31.4703 -19.7028 -12
v 31.4536 -19.6299 -12
v 31.4334 -19.5579 -12
v 31.4095 -19.487 -12
v 31.3822 -19.4173 -12
v 31.3515 -19.3492 -12
v 31.3173 -19.2826 -12
v 31.2799 -19.2178 -12
v 31.2394 -19.155 -12
v 31.1957 -19.0943 -12
v 31.1491 -19.0358 -12
v 31.0996 -18.9797 -12
v 31.0474 -18.9262 -12
v 30.9925 -18.8753 -12
v 30.9352 -18.8273 -12
v 30.8756 -18.7821 -12
v 30.8138 -18.74 -12
v 30.75 -18.701 -12
v 30.6843 -18.6652 -12
v 30.6169 -18.6327 -12
v 30.548 -18.6037 -12
v 30.4777 -18.5781 -12
v 30.4063 -18.5561 -12
v 30.3338 -18.5376 -12
v 30.2605 -18.5228 -12
v 30.1865 -18.5116 -12
v 30.1121 -18.5042 -12
v 30.0374 -18.5005 -12
v 29.9626 -18.5005 -12
v 29.8879 -18.5042 -12
v 29.8135 -18.5116 -12
v 29.7395 -18.5228 -12
v 29.6662 -18.5376 -12
v 29.5937 -18.5561 -12
v 29.5223 -18.5781 -12
v 29.452 -18.6037 -12
v 29.3831 -18.6327 -12
v 29.3157 -18.6652 -12
v 29.25 -18.701 -12
v 29.1862 -18.74 -12
v 29.1244 -18.7821 -12
v 29.0648 -18.8273 -12
v 29.0075 -18.8753 -12
v 28.9526 -18.9262 -12
v 28.9004 -18.9797 -12
v 28.8509 -19.0358 -12
v 28.8043 -19.0943 -12
v 28.7606 -19.155 -12
v 28.7201 -19.2178 -12
v 28.6827 -19.2826 -12
v 28.6485 -19.3492 -12
v 28.6178 -19.4173 -12
v 28.5905 -19.487 -12
v 28.5666 -19.5579 -12
v 28.5464 -19.6299 -12
v 28.5297 -19.7028 -12
v 28.5168 -19.7764 -12
v 28.5075 -19.8506 -12
v 28.5019 -19.9252 -12
v 28.5 -20 -12
v 28.5019 -20.0748 -12
v 28.5075 -20.1494 -12
v 28.5168 -20.2236 -12
v 28.5297 -20.2972 -12
v 28.5464 -20.3701 -12
v 28.5666 -20.4421 -12
v 28.5905 -20.513 -12
v 28.6178 -20.5827 -12
v 28.6485 -20.6508 -12
v 28.6827 -20.7174 -12
v 28.7201 -20.7822 -12
v 28.7606 -20.845 -12
v 28.8043 -20.9057 -12
v 28.8509 -20.9642 -12
v 28.9004 -21.0203 -12
v 28.9526 -21.0738 -12
v 29.0075 -21.1247 -12
v 29.0648 -21.1727 -12
v 29.1244 -21.2179 -12
v 29.1862 -21.26 -12
v 29.25 -21.299 -12
v 29.3157 -21.3348 -12
v 29.3831 -21.3673 -12
v 29.452 -21.3963 -12
v 29.5223 -21.4219 -12
v 29.5937 -21.4439 -12
v 29.6662 -21.4624 -12
v 29.7395 -21.4772 -12
v 29.8135 -21.4884 -12
v 29.8879 -21.4958 -12
v 29.9626 -21.4995 -12
v 30.0374 -21.4995 -12
v 30.1121 -21.4958 -12
v 30.1865 -21.4884 -12
v 30.2605 -21.4772 -12
v 30.3338 -21.4624 -12
v 30.4063 -21.4439 -12
v 30.4777 -21.4219 -12
v 30.548 -21.3963 -12
v 30.6169 -21.3673 -12
v 30.6843 -21.3348 -12
v 30.75 -21.299 -12
v 30.8138 -21.26 -12
v 30.8756 -21.2179 -12
v 30.9352 -21.1727 -12
v 30.9925 -21.1247 -12
v 31.0474 -21.0738 -12
v 31.0996 -21.0203 -12
v 31.1491 -20.9642 -12
v 31.1957 -20.9057 -12
v 31.2394 -20.845 -12
v 31.2799 -20.7822 -12
v 31.3173 -20.7174 -12
v 31.3515 -20.6508 -12
v 31.3822 -20.5827 -12
v 31.4095 -20.513 -12
v 31.4334 -20.4421 -12
v 31.4536 -20.3701 -12
v 31.4703 -20.2972 -12
v 31.4832 -20.2236 -12
v 31.4925 -20.1494 -12
v 31.4981 -20.0748 -12
v 31.5 -20 -12
v -28.5 20 6
v -28.5019 20.0748 6
v -28.5075 20.1494 6
v -28.5168 20.2236 6
v -28.5297 20.2972 6
v -28.5464 20.3701 6
v -28.5666 20.4421 6
v -28.5905 20.513 6
v -28.6178 20.5827 6
v -28.6485 20.6508 6
v -28.6827 20.7174 6
v -28.7201 20.7822 6
v -28.7606 20.845 6
v -28.8043 20.9057 6
v -28.8509 20.9642 6
v -28.9004 21.0203 6
v -28.9526 21.0738 6
v -29.0075 21.1247 6
v -29.0648 21.1727 6
v -29.1244 21.2179 6
v -29.1862 21.26 6
v -29.25 21.299 6
v -29.3157 21.3348 6
v -29.3831 21.3673 6
v -29.452 21.3963 6
v -29.5223 21.4219 6
v -29.5937 21.4439 6
v -29.6662 21.4624 6
v -29.7395 21.4772 6
v -29.8135 21.4884 6
v -29.8879 21.4958 6
v -29.9626 21.4995 6
v -30.0374 21.4995 6
v -30.1121 21.4958 6
v -30.1865 21.4884 6
v -30.2605 21.4772 6
v -30.3338 21.4624 6
v -30.4063 21.4439 6
v -30.4777 21.4219 6
v -30.548 21.3963 6
v -30.6169 21.3673 6
v -30.6843 21.3348 6
v -30.75 21.299 6
v -30.8138 21.26 6
v -30.8756 21.2179 6
v -30.9352 21.1727 6
v -30.9925 21.1247 6
v -31.0474 21.0738 6
v -31.0996 21.0203 6
v -31.1491 20.9642 6
v -31.1957 20.9057 6
v -31.2394 20.845 6
v -31.2799 20.7822 6
v -31.3173 20.7174 6
v -31.3515 20.6508 6
v -31.3822 20.5827 6
v -31.4095 20.513 6
v -31.4334 20.4421 6
v -31.4536 20.3701 6
v -31.4703 20.2972 6
v -31.4832 20.2236 6
v -31.4925 20.1494 6
v -31.4981 20.0748 6
v -31.5 20 6
v -31.4981 19.9252 6
v -31.4925 19.8506 6
v -31.4832 19.7764 6
v -31.4703 19.7028 6
v -31.4536 19.6299 6
v -31.4334 19.5579 6
v -31.4095 19.487 6
v -31.3822 19.4173 6
v -31.3515 19.3492 6
v -31.3173 19.2826 6
v -31.2799 19.2178 6
v -31.2394 19.155 6
v -31.1957 19.0943 6
v -31.1491 19.0358 6
v -31.0996 18.9797 6
v -31.0474 18.9262 6
v -30.9925 18.8753 6
v -30.9352 18.8273 6
v -30.8756 18.7821 6
v -30.8138 18.74 6
v -30.75 18.701 6
v -30.6843 18.6652 6
v -30.6169 18.6327 6
v -30.548 18.6037 6
v -30.4777 18.5781 6
v -30.4063 18.5561 6
v -30.3338 18.5376 6
v -30.2605 18.5228 6
v -30.1865 18.5116 6
v -30.1121 18.5042 6
v -30.0374 18.5005 6
v -29.9626 18.5005 6
v -29.8879 18.5042 6
v -29.8135 18.5116 6
v -29.7395 18.5228 6
v -29.6662 18.5376 6
v -29.5937 18.5561 6
v -29.5223 18.5781 6
v -29.452 18.6037 6
v -29.3831 18.6327 6
v -29.3157 18.6652 6
v -29.25 18.701 6
v -29.1862 18.74 6
v -29.1244 18.7821 6
v -29.0648 18.8273 6
v -29.0075 18.8753 6
v -28.9526 18.9262 6
v -28.9004 18.9797 6
v -28.8509 19.0358 6
v -28.8043 19.0943 6
v -28.7606 19.155 6
v -28.7201 19.2178 6
v -28.6827 19.2826 6
v -28.6485 19.3492 6
v -28.6178 19.4173 6
v -28.5905 19.487 6
v -28.5666 19.5579 6
v -28.5464 19.6299 6
v -28.5297 19.7028 6
v -28.5168 19.7764 6
v -28.5075 19.8506 6
v -28.5019 19.9252 6
v -28.5 20 6
v -28.5 20 -12
v -28.5019 20.0748 -12
v -28.5075 20.1494 -12
v -28.5168 20.2236 -12
v -28.5297 20.2972 -12
v -28.5464 20.3701 -12
v -28.5666 20.4421 -12
v -28.5905 20.513 -12
v -28.6178 20.5827 -12
v -28.6485 20.6508 -12
v -28.6827 20.7174 -12
v -28.7201 20.7822 -12
v -28.7606 20.845 -12
v -28.8043 20.9057 -12
v -28.8509 20.9642 -12
v -28.9004 21.0203 -12
v -28.9526 21.0738 -12
v -29.0075 21.1247 -12
v -29.0648 21.1727 -12
v -29.1244 21.2179 -12
v -29.1862 21.26 -12
v -29.25 21.299 -12
v -29.3157 21.3348 -12
v -29.3831 21.3673 -12
v -29.452 21.3963 -12
v -29.5223 21.4219 -12
v -29.5937 21.4439 -12
v -29.6662 21.4624 -12
v -29.7395 21.4772 -12
v -29.8135 21.4884 -12
v -29.8879 21.4958 -12
v -29.9626 21.4995 -12
v -30.0374 21.4995 -12
v -30.1121 21.4958 -12
v -30.1865 21.4884 -12
v -30.2605 21.4772 -12
v -30.3338 21.4624 -12
v -30.4063 21.4439 -12
v -30.4777 21.4219 -12
v -30.548 21.3963 -12
v -30.6169 21.3673 -12
v -30.6843 21.3348 -12
v -30.75 21.299 -12
v -30.8138 21.26 -12
v -30.8756 21.2179 -12
v -30.9352 21.1727 -12
v -30.9925 21.1247 -12
v -31.0474 21.0738 -12
v -31.0996 21.0203 -12
v -31.1491 20.9642 -12
v -31.1957 20.9057 -12
v -31.2394 20.845 -12
v -31.2799 20.7822 -12
v -31.3173 20.7174 -12
v -31.3515 20.6508 -12
v -31.3822 20.5827 -12
v -31.4095 20.513 -12
v -31.4334 20.4421 -12
v -31.4536 20.3701 -12
v -31.4703 20.2972 -12
v -31.4832 20.2236 -12
v -31.4925 20.1494 -12
v -31.4981 20.0748 -12
v -31.5 20 -12
v -31.4981 19.9252 -12
v -31.4925 19.8506 -12
v -31.4832 19.7764 -12
v -31.4703 19.7028 -12
v -31.4536 19.6299 -12
v -31.4334 19.5579 -12
v -31.4095 19.487 -12
v -31.3822 19.4173 -12
v -31.3515 19.3492 -12
v -31.3173 19.2826 -12
v -31.2799 19.2178 -12
v -31.2394 19.155 -12
v -31.1957 19.0943 -12
v -31.1491 19.0358 -12
v -31.0996 18.9797 -12
v -31.0474 18.9262 -12
v -30.9925 18.8753 -12
v -30.9352 18.8273 -12
v -30.8756 18.7821 -12
v -30.8138 18.74 -12
v -30.75 18.701 -12
v -30.6843 18.6652 -12
v -30.6169 18.6327 -12
v -30.548 18.6037 -12
v -30.4777 18.5781 -12
v -30.4063 18.5561 -12
v -30.3338 18.5376 -12
v -30.2605 18.5228 -12
v -30.1865 18.5116 -12
v -30.1121 18.5042 -12
v -30.0374 18.5005 -12
v -29.9626 18.5005 -12
v -29.8879 18.5042 -12
v -29.8135 18.5116 -12
v -29.7395 18.5228 -12
v -29.6662 18.5376 -12
v -29.5937 18.5561 -12
v -29.5223 18.5781 -12
v -29.452 18.6037 -12
v -29.3831 18.6327 -12
v -29.3157 18.6652 -12
v -29.25 18.701 -12
v -29.1862 18.74 -12
v -29.1244 18.7821 -12
v -29.0648 18.8273 -12
v -29.0075 18.8753 -12
v -28.9526 18.9262 -12
v -28.9004 18.9797 -12
v -28.8509 19.0358 -12
v -28.8043 19.0943 -12
v -28.7606 19.155 -12
v -28.7201 19.2178 -12
v -28.6827 19.2826 -12
v -28.6485 19.3492 -12
v -28.6178 19.4173 -12
v -28.5905 19.487 -12
v -28.5666 19.5579 -12
v -28.5464 19.6299 -12
v -28.5297 19.7028 -12
v -28.5168 19.7764 -12
v -28.5075 19.8506 -12
v -28.5019 19.9252 -12
v -28.5 20 -12
v 31.5 20 6
v 31.4981 20.0748 6
v 31.4925 20.1494 6
v 31.4832 20.2236 6
v 31.4703 20.2972 6
v 31.4536 20.3701 6
v 31.4334 20.4421 6
v 31.4095 20.513 6
v 31.3822 20.5827 6
v 31.3515 20.6508 6
v 31.3173 20.7174 6
v 31.2799 20.7822 6
v 31.2394 20.845 6
v 31.1957 20.9057 6
v 31.1491 20.9642 6
v 31.0996 21.0203 6
v 31.0474 21.0738 6
v 30.9925 21.1247 6
v 30.9352 21.1727 6
v 30.8756 21.2179 6
v 30.8138 21.26 6
v 30.75 21.299 6
v 30.6843 21.3348 6
v 30.6169 21.3673 6
v 30.548 21.3963 6
v 30.4777 21.4219 6
v 30.4063 21.4439 6
v 30.3338 21.4624 6
v 30.2605 21.4772 6
v 30.1865 21.4884 6
v 30.1121 21.4958 6
v 30.0374 21.4995 6
v 29.9626 21.4995 6
v 29.8879 21.4958 6
v 29.8135 21.4884 6
v 29.7395 21.4772 6
v 29.6662 21.4624 6
v 29.5937 21.4439 6
v 29.5223 21.4219 6
v 29.452 21.3963 6
v 29.3831 21.3673 6
v 29.3157 21.3348 6
v 29.25 21.299 6
v 29.1862 21.26 6
v 29.1244 21.2179 6
v 29.0648 21.1727 6
v 29.0075 21.1247 6
v 28.9526 21.0738 6
v 28.9004 21.0203 6
v 28.8509 20.9642 6
v 28.8043 20.9057 6
v 28.7606 20.845 6
v 28.7201 20.7822 6
v 28.6827 20.7174 6
v 28.6485 20.6508 6
v 28.6178 20.5827 6
v 28.5905 20.513 6
v 28.5666 20.4421 6
v 28.5464 20.3701 6
v 28.5297 20.2972 6
v 28.5168 20.2236 6
v 28.5075 20.1494 6
v 28.5019 20.0748 6
v 28.5 20 6
v 28.5019 19.9252 6
v 28.5075 19.8506 6
v 28.5168 19.7764 6
v 28.5297 19.7028 6
v 28.5464 19.6299 6
v 28.5666 19.5579 6
v 28.5905 19.487 6
v 28.6178 19.4173 6
v 28.6485 19.3492 6
v 28.6827 19.2826 6
v 28.7201 19.2178 6
v 28.7606 19.155 6
v 28.8043 19.0943 6
v 28.8509 19.0358 6
v 28.9004 18.9797 6
v 28.9526 18.9262 6
v 29.0075 18.8753 6
v 29.0648 18.8273 6
v 29.1244 18.7821 6
v 29.1862 18.74 6
v 29.25 18.701 6
v 29.3157 18.6652 6
v 29.3831 18.6327 6
v 29.452 18.6037 6
v 29.5223 18.5781 6
v 29.5937 18.5561 6
v 29.6662 18.5376 6
v 29.7395 18.5228 6
v 29.8135 18.5116 6
v 29.8879 18.5042 6
v 29.9626 18.5005 6
v 30.0374 18.5005 6
v 30.1121 18.5042 6
v 30.1865 18.5116 6
v 30.2605 18.5228 6
v 30.3338 18.5376 6
v 30.4063 18.5561 6
v 30.4777 18.5781 6
v 30.548 18.6037 6
v 30.6169 18.6327 6
v 30.6843 18.6652 6
v 30.75 18.701 6
v 30.8138 18.74 6
v 30.8756 18.7821 6
v 30.9352 18.8273 6
v 30.9925 18.8753 6
v 31.0474 18.9262 6
v 31.0996 18.9797 6
v 31.1491 19.0358 6
v 31.1957 19.0943 6
v 31.2394 19.155 6
v 31.2799 19.2178 6
v 31.3173 19.2826 6
v 31.3515 19.3492 6
v 31.3822 19.4173 6
v 31.4095 19.487 6
v 31.4334 19.5579 6
v 31.4536 19.6299 6
v 31.4703 19.7028 6
v 31.4832 19.7764 6
v 31.4925 19.8506 6
v 31.4981 19.9252 6
v 31.5 20 6
v 31.5 20 -12
v 31.4981 20.0748 -12
v 31.4925 20.1494 -12
v 31.4832 20.2236 -12
v 31.4703 20.2972 -12
v 31.4536 20.3701 -12
v 31.4334 20.4421 -12
v 31.4095 20.513 -12
v 31.3822 20.5827 -12
v 31.3515 20.6508 -12
v 31.3173 20.7174 -12
v 31.2799 20.7822 -12
v 31.2394 20.845 -12
v 31.1957 20.9057 -12
v 31.1491 20.9642 -12
v 31.0996 21.0203 -12
v 31.0474 21.0738 -12
v 30.9925 21.1247 -12
v 30.9352 21.1727 -12
v 30.8756 21.2179 -12
v 30.8138 21.26 -12
v 30.75 21.299 -12
v 30.6843 21.3348 -12
v 30.6169 21.3673 -12
v 30.548 21.3963 -12
v 30.4777 21.4219 -12
v 30.4063 21.4439 -12
v 30.3338 21.4624 -12
v 30.2605 21.4772 -12
v 30.1865 21.4884 -12
v 30.1121 21.4958 -12
v 30.0374 21.4995 -12
v 29.9626 21.4995 -12
v 29.8879 21.4958 -12
v 29.8135 21.4884 -12
v 29.7395 21.4772 -12
v 29.6662 21.4624 -12
v 29.5937 21.4439 -12
v 29.5223 21.4219 -12
v 29.452 21.3963 -12
v 29.3831 21.3673 -12
v 29.3157 21.3348 -12
v 29.25 21.299 -12
v 29.1862 21.26 -12
v 29.1244 21.2179 -12
v 29.0648 21.1727 -12
v 29.0075 21.1247 -12
v 28.9526 21.0738 -12
v 28.9004 21.0203 -12
v 28.8509 20.9642 -12
v 28.8043 20.9057 -12
v 28.7606 20.845 -12
v 28.7201 20.7822 -12
v 28.6827 20.7174 -12
v 28.6485 20.6508 -12
v 28.6178 20.5827 -12
v 28.5905 20.513 -12
v 28.5666 20.4421 -12
v 28.5464 20.3701 -12
v 28.5297 20.2972 -12
v 28.5168 20.2236 -12
v 28.5075 20.1494 -12
v 28.5019 20.0748 -12
v 28.5 20 -12
v 28.5019 19.9252 -12
v 28.5075 19.8506 -12
v 28.5168 19.7764 -12
v 28.5297 19.7028 -12
v 28.5464 19.6299 -12
v 28.5666 19.5579 -12
v 28.5905 19.487 -12
v 28.6178 19.4173 -12
v 28.6485 19.3492 -12
v 28.6827 19.2826 -12
v 28.7201 19.2178 -12
v 28.7606 19.155 -12
v 28.8043 19.0943 -12
v 28.8509 19.0358 -12
v 28.9004 18.9797 -12
v 28.9526 18.9262 -12
v 29.0075 18.8753 -12
v 29.0648 18.8273 -12
v 29.1244 18.7821 -12
v 29.1862 18.74 -12
v 29.25 18.701 -12
v 29.3157 18.6652 -12
v 29.3831 18.6327 -12
v 29.452 18.6037 -12
v 29.5223 18.5781 -12
v 29.5937 18.5561 -12
v 29.6662 18.5376 -12
v 29.7395 18.5228 -12
v 29.8135 18.5116 -12
v 29.8879 18.5042 -12
v 29.9626 18.5005 -12
v 30.0374 18.5005 -12
v 30.1121 18.5042 -12
v 30.1865 18.5116 -12
v 30.2605 18.5228 -12
v 30.3338 18.5376 -12
v 30.4063 18.5561 -12
v 30.4777 18.5781 -12
v 30.548 18.6037 -12
v 30.6169 18.6327 -12
v 30.6843 18.6652 -12
v 30.75 18.701 -12
v 30.8138 18.74 -12
v 30.8756 18.7821 -12
v 30.9352 18.8273 -12
v 30.9925 18.8753 -12
v 31.0474 18.9262 -12
v 31.0996 18.9797 -12
v 31.1491 19.0358 -12
v 31.1957 19.0943 -12
v 31.2394 19.155 -12
v 31.2799 19.2178 -12
v 31.3173 19.2826 -12
v 31.3515 19.3492 -12
v 31.3822 19.4173 -12
v 31.4095 19.487 -12
v 31.4334 19.5579 -12
v 31.4536 19.6299 -12
v 31.4703 19.7028 -12
v 31.4832 19.7764 -12
v 31.4925 19.8506 -12
v 31.4981 19.9252 -12
v 31.5 20 -12
v -28.5 -20 -12
v -28.5019 -19.9252 -12
v -28.5075 -19.8506 -12
v -28.5168 -19.7764 -12
v -28.5297 -19.7028 -12
v -28.5464 -19.6299 -12
v -28.5666 -19.5579 -12
v -28.5905 -19.487 -12
v -28.6178 -19.4173 -12
v -28.6485 -19.3492 -12
v -28.6827 -19.2826 -12
v -28.7201 -19.2178 -12
v -28.7606 -19.155 -12
v -28.8043 -19.0943 -12
v -28.8509 -19.0358 -12
v -28.9004 -18.9797 -12
v -28.9526 -18.9262 -12
v -29.0075 -18.8753 -12
v -29.0648 -18.8273 -12
v -29.1244 -18.7821 -12
v -29.1862 -18.74 -12
v -29.25 -18.701 -12
v -29.3157 -18.6652 -12
v -29.3831 -18.6327 -12
v -29.452 -18.6037 -12
v -29.5223 -18.5781 -12
v -29.5937 -18.5561 -12
v -29.6662 -18.5376 -12
v -29.7395 -18.5228 -12
v -29.8135 -18.5116 -12
v -29.8879 -18.5042 -12
v -29.9626 -18.5005 -12
v -30.0374 -18.5005 -12
v -30.1121 -18.5042 -12
v -30.1865 -18.5116 -12
v -30.2605 -18.5228 -12
v -30.3338 -18.5376 -12
v -30.4063 -18.5561 -12
v -30.4777 -18.5781 -12
v -30.548 -18.6037 -12
v -30.6169 -18.6327 -12
v -30.6843 -18.6652 -12
v -30.75 -18.701 -12
v -30.8138 -18.74 -12
v -30.8756 -18.7821 -12
v -30.9352 -18.8273 -12
v -30.9925 -18.8753 -12
v -31.0474 -18.9262 -12
v -31.0996 -18.9797 -12
v -31.1491 -19.0358 -12
v -31.1957 -19.0943 -12
v -31.2394 -19.155 -12
v -31.2799 -19.2178 -12
v -31.3173 -19.2826 -12
v -31.3515 -19.3492 -12
v -31.3822 -19.4173 -12
v -31.4095 -19.487 -12
v -31.4334 -19.5579 -12
v -31.4536 -19.6299 -12
v -31.4703 -19.7028 -12
v -31.4832 -19.7764 -12
v -31.4925 -19.8506 -12
v -31.4981 -19.9252 -12
v -31.5 -20 -12
v -31.4981 -20.0748 -12
v -31.4925 -20.1494 -12
v -31.4832 -20.2236 -12
v -31.4703 -20.2972 -12
v -31.4536 -20.3701 -12
v -31.4334 -20.4421 -12
v -31.4095 -20.513 -12
v -31.3822 -20.5827 -12
v -31.3515 -20.6508 -12
v -31.3173 -20.7174 -12
v -31.2799 -20.7822 -12
v -31.2394 -20.845 -12
v -31.1957 -20.9057 -12
v -31.1491 -20.9642 -12
v -31.0996 -21.0203 -12
v -31.0474 -21.0738 -12
v -30.9925 -21.1247 -12
v -30.9352 -21.1727 -12
v -30.8756 -21.2179 -12
v -30.8138 -21.26 -12
v -30.75 -21.299 -12
v -30.6843 -21.3348 -12
v -30.6169 -21.3673 -12
v -30.548 -21.3963 -12
v -30.4777 -21.4219 -12
v -30.4063 -21.4439 -12
v -30.3338 -21.4624 -12
v -30.2605 -21.4772 -12
v -30.1865 -21.4884 -12
v -30.1121 -21.4958 -12
v -30.0374 -21.4995 -12
v -29.9626 -21.4995 -12
v -29.8879 -21.4958 -12
v -29.8135 -21.4884 -12
v -29.7395 -21.4772 -12
v -29.6662 -21.4624 -12
v -29.5937 -21.4439 -12
v -29.5223 -21.4219 -12
v -29.452 -21.3963 -12
v -29.3831 -21.3673 -12
v -29.3157 -21.3348 -12
v -29.25 -21.299 -12
v -29.1862 -21.26 -12
v -29.1244 -21.2179 -12
v -29.0648 -21.1727 -12
v -29.0075 -21.1247 -12
v -28.9526 -21.0738 -12
v -28.9004 -21.0203 -12
v -28.8509 -20.9642 -12
v -28.8043 -20.9057 -12
v -28.7606 -20.845 -12
v -28.7201 -20.7822 -12
v -28.6827 -20.7174 -12
v -28.6485 -20.6508 -12
v -28.6178 -20.5827 -12
v -28.5905 -20.513 -12
v -28.5666 -20.4421 -12
v -28.5464 -20.3701 -12
v -28.5297 -20.2972 -12
v -28.5168 -20.2236 -12
v -28.5075 -20.1494 -12
v -28.5019 -20.0748 -12
v 31.5 -20 -12
v 31.4981 -19.9252 -12
v 31.4925 -19.8506 -12
v 31.4832 -19.7764 -12
v 31.4703 -19.7028 -12
v 31.4536 -19.6299 -12
v 31.4334 -19.5579 -12
v 31.4095 -19.487 -12
v 31.3822 -19.4173 -12
v 31.3515 -19.3492 -12
v 31.3173 -19.2826 -12
v 31.2799 -19.2178 -12
v 31.2394 -19.155 -12
v 31.1957 -19.0943 -12
v 31.1491 -19.0358 -12
v 31.0996 -18.9797 -12
v 31.0474 -18.9262 -12
v 30.9925 -18.8753 -12
v 30.9352 -18.8273 -12
v 30.8756 -18.7821 -12
v 30.8138 -18.74 -12
v 30.75 -18.701 -12
v 30.6843 -18.6652 -12
v 30.6169 -18.6327 -12
v 30.548 -18.6037 -12
v 30.4777 -18.5781 -12
v 30.4063 -18.5561 -12
v 30.3338 -18.5376 -12
v 30.2605 -18.5228 -12
v 30.1865 -18.5116 -12
v 30.1121 -18.5042 -12
v 30.0374 -18.5005 -12
v 29.9626 -18.5005 -12
v 29.8879 -18.5042 -12
v 29.8135 -18.5116 -12
v 29.7395 -18.5228 -12
v 29.6662 -18.5376 -12
v 29.5937 -18.5561 -12
v 29.5223 -18.5781 -12
v 29.452 -18.6037 -12
v 29.3831 -18.6327 -12
v 29.3157 -18.6652 -12
v 29.25 -18.701 -12
v 29.1862 -18.74 -12
v 29.1244 -18.7821 -12
v 29.0648 -18.8273 -12
v 29.0075 -18.8753 -12
v 28.9526 -18.9262 -12
v 28.9004 -18.9797 -12
v 28.8509 -19.0358 -12
v 28.8043 -19.0943 -12
v 28.7606 -19.155 -12
v 28.7201 -19.2178 -12
v 28.6827 -19.2826 -12
v 28.6485 -19.3492 -12
v 28.6178 -19.4173 -12
v 28.5905 -19.487 -12
v 28.5666 -19.5579 -12
v 28.5464 -19.6299 -12
v 28.5297 -19.7028 -12
v 28.5168 -19.7764 -12
v 28.5075 -19.8506 -12
v 28.5019 -19.9252 -12
v 28.5 -20 -12
v 28.5019 -20.0748 -12
v 28.5075 -20.1494 -12
v 28.5168 -20.2236 -12
v 28.5297 -20.2972 -12
v 28.5464 -20.3701 -12
v 28.5666 -20.4421 -12
v 28.5905 -20.513 -12
v 28.6178 -20.5827 -12
v 28.6485 -20.6508 -12
v 28.6827 -20.7174 -12
v 28.7201 -20.7822 -12
v 28.7606 -20.845 -12
v 28.8043 -20.9057 -12
v 28.8509 -20.9642 -12
v 28.9004 -21.0203 -12
v 28.9526 -21.0738 -12
v 29.0075 -21.1247 -12
v 29.0648 -21.1727 -12
v 29.1244 -21.2179 -12
v 29.1862 -21.26 -12
v 29.25 -21.299 -12
v 29.3157 -21.3348 -12
v 29.3831 -21.3673 -12
v 29.452 -21.3963 -12
v 29.5223 -21.4219 -12
v 29.5937 -21.4439 -12
v 29.6662 -21.4624 -12
v 29.7395 -21.4772 -12
v 29.8135 -21.4884 -12
v 29.8879 -21.4958 -12
v 29.9626 -21.4995 -12
v 30.0374 -21.4995 -12
v 30.1121 -21.4958 -12
v 30.1865 -21.4884 -12
v 30.2605 -21.4772 -12
v 30.3338 -21.4624 -12
v 30.4063 -21.4439 -12
v 30.4777 -21.4219 -12
v 30.548 -21.3963 -12
v 30.6169 -21.3673 -12
v 30.6843 -21.3348 -12
v 30.75 -21.299 -12
v 30.8138 -21.26 -12
v 30.8756 -21.2179 -12
v 30.9352 -21.1727 -12
v 30.9925 -21.1247 -12
v 31.0474 -21.0738 -12
v 31.0996 -21.0203 -12
v 31.1491 -20.9642 -12
v 31.1957 -20.9057 -12
v 31.2394 -20.845 -12
v 31.2799 -20.7822 -12
v 31.3173 -20.7174 -12
v 31.3515 -20.6508 -12
v 31.3822 -20.5827 -12
v 31.4095 -20.513 -12
v 31.4334 -20.4421 -12
v 31.4536 -20.3701 -12
v 31.4703 -20.2972 -12
v 31.4832 -20.2236 -12
v 31.4925 -20.1494 -12
v 31.4981 -20.0748 -12
v -28.5 20 -12
v -28.5019 20.0748 -12
v -28.5075 20.1494 -12
v -28.5168 20.2236 -12
v -28.5297 20.2972 -12
v -28.5464 20.3701 -12
v -28.5666 20.4421 -12
v -28.5905 20.513 -12
v -28.6178 20.5827 -12
v -28.6485 20.6508 -12
v -28.6827 20.7174 -12
v -28.7201 20.7822 -12
v -28.7606 20.845 -12
v -28.8043 20.9057 -12
v -28.8509 20.9642 -12
v -28.9004 21.0203 -12
v -28.9526 21.0738 -12
v -29.0075 21.1247 -12
v -29.0648 21.1727 -12
v -29.1244 21.2179 -12
v -29.1862 21.26 -12
v -29.25 21.299 -12
v -29.3157 21.3348 -12
v -29.3831 21.3673 -12
v -29.452 21.3963 -12
v -29.5223 21.4219 -12
v -29.5937 21.4439 -12
v -29.6662 21.4624 -12
v -29.7395 21.4772 -12
v -29.8135 21.4884 -12
v -29.8879 21.4958 -12
v -29.9626 21.4995 -12
v -30.0374 21.4995 -12
v -30.1121 21.4958 -12
v -30.1865 21.4884 -12
v -30.2605 21.4772 -12
v -30.3338 21.4624 -12
v -30.4063 21.4439 -12
v -30.4777 21.4219 -12
v -30.548 21.3963 -12
v -30.6169 21.3673 -12
v -30.6843 21.3348 -12
v -30.75 21.299 -12
v -30.8138 21.26 -12
v -30.8756 21.2179 -12
v -30.9352 21.1727 -12
v -30.9925 21.1247 -12
v -31.0474 21.0738 -12
v -31.0996 21.0203 -12
v -31.1491 20.9642 -12
v -31.1957 20.9057 -12
v -31.2394 20.845 -12
v -31.2799 20.7822 -12
v -31.3173 20.7174 -12
v -31.3515 20.6508 -12
v -31.3822 20.5827 -12
v -31.4095 20.513 -12
v -31.4334 20.4421 -12
v -31.4536 20.3701 -12
v -31.4703 20.2972 -12
v -31.4832 20.2236 -12
v -31.4925 20.1494 -12
v -31.4981 20.0748 -12
v -31.5 20 -12
v -31.4981 19.9252 -12
v -31.4925 19.8506 -12
v -31.4832 19.7764 -12
v -31.4703 19.7028 -12
v -31.4536 19.6299 -12
v -31.4334 19.5579 -12
v -31.4095 19.487 -12
v -31.3822 19.4173 -12
v -31.3515 19.3492 -12
v -31.3173 19.2826 -12
v -31.2799 19.2178 -12
v -31.2394 19.155 -12
v -31.1957 19.0943 -12
v -31.1491 19.0358 -12
v -31.0996 18.9797 -12
v -31.0474 18.9262 -12
v -30.9925 18.8753 -12
v -30.9352 18.8273 -12
v -30.8756 18.7821 -12
v -30.8138 18.74 -12
v -30.75 18.701 -12
v -30.6843 18.6652 -12
v -30.6169 18.6327 -12
v -30.548 18.6037 -12
v -30.4777 18.5781 -12
v -30.4063 18.5561 -12
v -30.3338 18.5376 -12
v -30.2605 18.5228 -12
v -30.1865 18.5116 -12
v -30.1121 18.5042 -12
v -30.0374 18.5005 -12
v -29.9626 18.5005 -12
v -29.8879 18.5042 -12
v -29.8135 18.5116 -12
v -29.7395 18.5228 -12
v -29.6662 18.5376 -12
v -29.5937 18.5561 -12
v -29.5223 18.5781 -12
v -29.452 18.6037 -12
v -29.3831 18.6327 -12
v -29.3157 18.6652 -12
v -29.25 18.701 -12
v -29.1862 18.74 -12
v -29.1244 18.7821 -12
v -29.0648 18.8273 -12
v -29.0075 18.8753 -12
v -28.9526 18.9262 -12
v -28.9004 18.9797 -12
v -28.8509 19.0358 -12
v -28.8043 19.0943 -12
v -28.7606 19.155 -12
v -28.7201 19.2178 -12
v -28.6827 19.2826 -12
v -28.6485 19.3492 -12
v -28.6178 19.4173 -12
v -28.5905 19.487 -12
v -28.5666 19.5579 -12
v -28.5464 19.6299 -12
v -28.5297 19.7028 -12
v -28.5168 19.7764 -12
v -28.5075 19.8506 -12
v -28.5019 19.9252 -12
v 31.5 20 -12
v 31.4981 20.0748 -12
v 31.4925 20.1494 -12
v 31.4832 20.2236 -12
v 31.4703 20.2972 -12
v 31.4536 20.3701 -12
v 31.4334 20.4421 -12
v 31.4095 20.513 -12
v 31.3822 20.5827 -12
v 31.3515 20.6508 -12
v 31.3173 20.7174 -12
v 31.2799 20.7822 -12
v 31.2394 20.845 -12
v 31.1957 20.9057 -12
v 31.1491 20.9642 -12
v 31.0996 21.0203 -12
v 31.0474 21.0738 -12
v 30.9925 21.1247 -12
v 30.9352 21.1727 -12
v 30.8756 21.2179 -12
v 30.8138 21.26 -12
v 30.75 21.299 -12
v 30.6843 21.3348 -12
v 30.6169 21.3673 -12
v 30.548 21.3963 -12
v 30.4777 21.4219 -12
v 30.4063 21.4439 -12
v 30.3338 21.4624 -12
v 30.2605 21.4772 -12
v 30.1865 21.4884 -12
v 30.1121 21.4958 -12
v 30.0374 21.4995 -12
v 29.9626 21.4995 -12
v 29.8879 21.4958 -12
v 29.8135 21.4884 -12
v 29.7395 21.4772 -12
v 29.6662 21.4624 -12
v 29.5937 21.4439 -12
v 29.5223 21.4219 -12
v 29.452 21.3963 -12
v 29.3831 21.3673 -12
v 29.3157 21.3348 -12
v 29.25 21.299 -12
v 29.1862 21.26 -12
v 29.1244 21.2179 -12
v 29.0648 21.1727 -12
v 29.0075 21.1247 -12
v 28.9526 21.0738 -12
v 28.9004 21.0203 -12
v 28.8509 20.9642 -12
v 28.8043 20.9057 -12
v 28.7606 20.845 -12
v 28.7201 20.7822 -12
v 28.6827 20.7174 -12
v 28.6485 20.6508 -12
v 28.6178 20.5827 -12
v 28.5905 20.513 -12
v 28.5666 20.4421 -12
v 28.5464 20.3701 -12
v 28.5297 20.2972 -12
v 28.5168 20.2236 -12
v 28.5075 20.1494 -12
v 28.5019 20.0748 -12
v 28.5 20 -12
v 28.5019 19.9252 -12
v 28.5075 19.8506 -12
v 28.5168 19.7764 -12
v 28.5297 19.7028 -12
v 28.5464 19.6299 -12
v 28.5666 19.5579 -12
v 28.5905 19.487 -12
v 28.6178 19.4173 -12
v 28.6485 19.3492 -12
v 28.6827 19.2826 -12
v 28.7201 19.2178 -12
v 28.7606 19.155 -12
v 28.8043 19.0943 -12
v 28.8509 19.0358 -12
v 28.9004 18.9797 -12
v 28.9526 18.9262 -12
v 29.0075 18.8753 -12
v 29.0648 18.8273 -12
v 29.1244 18.7821 -12
v 29.1862 18.74 -12
v 29.25 18.701 -12
v 29.3157 18.6652 -12
v 29.3831 18.6327 -12
v 29.452 18.6037 -12
v 29.5223 18.5781 -12
v 29.5937 18.5561 -12
v 29.6662 18.5376 -12
v 29.7395 18.5228 -12
v 29.8135 18.5116 -12
v 29.8879 18.5042 -12
v 29.9626 18.5005 -12
v 30.0374 18.5005 -12
v 30.1121 18.5042 -12
v 30.1865 18.5116 -12
v 30.2605 18.5228 -12
v 30.3338 18.5376 -12
v 30.4063 18.5561 -12
v 30.4777 18.5781 -12
v 30.548 18.6037 -12
v 30.6169 18.6327 -12
v 30.6843 18.6652 -12
v 30.75 18.701 -12
v 30.8138 18.74 -12
v 30.8756 18.7821 -12
v 30.9352 18.8273 -12
v 30.9925 18.8753 -12
v 31.0474 18.9262 -12
v 31.0996 18.9797 -12
v 31.1491 19.0358 -12
v 31.1957 19.0943 -12
v 31.2394 19.155 -12
v 31.2799 19.2178 -12
v 31.3173 19.2826 -12
v 31.3515 19.3492 -12
v 31.3822 19.4173 -12
v 31.4095 19.487 -12
v 31.4334 19.5579 -12
v 31.4536 19.6299 -12
v 31.4703 19.7028 -12
v 31.4832 19.7764 -12
v 31.4925 19.8506 -12
v 31.4981 19.9252 -12
f 1 3 4
f 2 1 4
f 6 7 5
f 8 7 6
f 10 9 15
f 16 10 15
f 13 9 11
f 13 15 9
f 14 13 11
f 12 14 11
f 12 10 16
f 12 16 14
f 18 17 19
f 20 18 19
f 24 21 22
f 24 23 21
f 25 28 27
f 26 28 25
f 29 32 31
f 29 30 32
f 35 36 33
f 34 35 33
f 37 39 40
f 37 40 38
f 43 41 44
f 42 41 43
f 127 46 128
f 129 128 46
f 126 46 127
f 130 129 46
f 125 46 126
f 131 130 46
f 124 46 125
f 132 131 46
f 123 46 124
f 133 132 46
f 122 46 123
f 134 133 46
f 121 46 122
f 135 134 46
f 120 46 121
f 136 135 46
f 119 46 120
f 137 136 46
f 118 46 119
f 138 137 46
f 117 46 118
f 139 138 46
f 116 46 117
f 140 139 46
f 115 46 116
f 141 140 46
f 114 46 115
f 142 141 46
f 113 46 114
f 143 142 46
f 112 46 113
f 144 143 46
f 111 46 112
f 145 144 46
f 110 46 111
f 146 145 46
f 109 46 110
f 147 146 46
f 108 46 109
f 148 147 46
f 107 46 108
f 149 148 46
f 106 46 107
f 150 149 46
f 379 96 380
f 379 97 96
f 379 98 97
f 381 380 96
f 381 95 94
f 381 96 95
f 378 98 379
f 382 381 94
f 377 98 378
f 377 99 98
f 383 94 93
f 383 382 94
f 376 100 99
f 376 101 100
f 376 99 377
f 384 92 91
f 384 93 92
f 384 383 93
f 375 101 376
f 385 384 91
f 385 91 90
f 374 102 101
f 374 101 375
f 386 90 89
f 386 385 90
f 373 103 102
f 373 102 374
f 387 386 89
f 372 104 103
f 372 105 104
f 372 103 373
f 388 89 88
f 388 387 89
f 371 105 372
f 389 87 86
f 389 88 87
f 389 388 88
f 370 106 105
f 370 105 371
f 390 389 86
f 391 390 86
f 391 86 85
f 392 391 85
f 392 84 83
f 392 85 84
f 393 83 82
f 393 392 83
f 394 393 82
f 395 82 81
f 395 394 82
f 396 395 81
f 396 80 79
f 396 81 80
f 397 396 79
f 398 79 78
f 398 397 79
f 399 398 78
f 399 77 76
f 399 78 77
f 400 399 76
f 400 76 75
f 401 400 75
f 402 74 73
f 402 75 74
f 402 401 75
f 403 73 72
f 403 402 73
f 404 403 72
f 405 71 70
f 405 72 71
f 405 404 72
f 406 70 69
f 406 405 70
f 407 406 69
f 408 68 67
f 408 69 68
f 408 407 69
f 409 408 67
f 410 66 65
f 410 67 66
f 410 409 67
f 411 410 65
f 45 350 349
f 45 351 350
f 45 352 351
f 45 353 352
f 45 354 353
f 45 355 354
f 45 356 355
f 45 357 356
f 45 358 357
f 45 359 358
f 45 360 359
f 45 361 360
f 45 362 361
f 45 363 362
f 45 364 363
f 45 365 364
f 45 366 365
f 45 367 366
f 45 368 367
f 45 369 368
f 45 370 369
f 45 46 106
f 45 106 370
f 348 45 349
f 412 411 65
f 412 64 63
f 412 65 64
f 347 45 348
f 413 412 63
f 346 45 347
f 414 62 61
f 414 63 62
f 414 413 63
f 345 45 346
f 415 414 61
f 344 45 345
f 343 45 344
f 342 45 343
f 341 45 342
f 340 45 341
f 339 45 340
f 338 45 339
f 337 45 338
f 336 45 337
f 335 45 336
f 334 45 335
f 333 45 334
f 332 45 333
f 331 45 332
f 330 45 331
f 329 45 330
f 328 45 329
f 327 45 328
f 253 160 159
f 253 159 254
f 255 159 158
f 255 254 159
f 252 160 253
f 252 161 160
f 256 158 157
f 256 255 158
f 251 162 161
f 251 161 252
f 257 157 156
f 257 256 157
f 250 162 251
f 250 163 162
f 258 156 155
f 258 257 156
f 249 164 163
f 249 163 250
f 259 155 154
f 259 258 155
f 248 165 164
f 248 164 249
f 260 153 152
f 260 154 153
f 260 259 154
f 247 165 248
f 247 166 165
f 261 260 152
f 246 167 166
f 246 168 167
f 246 166 247
f 262 152 151
f 262 261 152
f 245 168 246
f 263 151 150
f 263 262 151
f 244 168 245
f 244 169 168
f 243 170 169
f 243 169 244
f 242 171 170
f 242 170 243
f 241 171 242
f 241 172 171
f 240 173 172
f 240 172 241
f 239 174 173
f 239 173 240
f 238 174 239
f 238 49 174
f 237 50 49
f 237 51 50
f 237 49 238
f 236 51 237
f 235 52 51
f 235 51 236
f 234 53 52
f 234 52 235
f 233 54 53
f 233 55 54
f 233 53 234
f 232 55 233
f 231 56 55
f 231 55 232
f 230 56 231
f 230 57 56
f 229 58 57
f 229 59 58
f 229 57 230
f 228 59 229
f 227 60 59
f 227 59 228
f 226 60 227
f 226 61 60
f 47 264 263
f 47 265 264
f 47 266 265
f 47 267 266
f 47 268 267
f 47 269 268
f 47 270 269
f 47 271 270
f 47 272 271
f 47 273 272
f 47 274 273
f 47 275 274
f 47 263 150
f 47 276 275
f 47 277 276
f 47 278 277
f 47 279 278
f 47 280 279
f 47 281 280
f 47 282 281
f 47 283 282
f 47 284 283
f 47 285 284
f 47 150 46
f 286 285 47
f 287 286 47
f 288 287 47
f 289 288 47
f 290 289 47
f 291 290 47
f 292 291 47
f 293 292 47
f 294 293 47
f 295 294 47
f 296 295 47
f 297 296 47
f 298 297 47
f 299 298 47
f 300 299 47
f 175 300 47
f 176 175 47
f 177 176 47
f 178 177 47
f 179 178 47
f 180 179 47
f 181 180 47
f 505 223 222
f 505 224 223
f 505 222 506
f 507 221 220
f 507 222 221
f 507 506 222
f 504 224 505
f 508 507 220
f 503 224 504
f 503 225 224
f 509 508 220
f 509 219 218
f 509 220 219
f 502 61 226
f 502 225 503
f 502 226 225
f 502 415 61
f 510 509 218
f 501 416 415
f 501 415 502
f 511 218 217
f 511 510 218
f 500 416 501
f 500 417 416
f 512 217 216
f 512 511 217
f 499 417 500
f 499 418 417
f 513 216 215
f 513 512 216
f 498 419 418
f 498 420 419
f 498 418 499
f 514 215 214
f 514 513 215
f 497 420 498
f 515 213 212
f 515 214 213
f 515 514 214
f 496 421 420
f 496 420 497
f 516 212 211
f 516 515 212
f 495 421 496
f 495 422 421
f 517 516 211
f 494 422 495
f 494 423 422
f 518 517 211
f 518 210 209
f 518 211 210
f 493 424 423
f 493 423 494
f 519 518 209
f 519 209 208
f 492 424 493
f 492 425 424
f 520 519 208
f 520 208 207
f 491 425 492
f 491 426 425
f 521 520 207
f 490 426 491
f 490 301 426
f 522 521 207
f 522 206 205
f 522 207 206
f 489 301 490
f 489 302 301
f 523 522 205
f 523 205 204
f 488 302 489
f 488 303 302
f 524 523 204
f 487 304 303
f 487 303 488
f 525 203 202
f 525 204 203
f 525 524 204
f 486 304 487
f 486 305 304
f 526 525 202
f 526 202 201
f 485 306 305
f 485 305 486
f 527 526 201
f 484 306 485
f 484 307 306
f 484 308 307
f 528 200 199
f 528 201 200
f 528 527 201
f 483 308 484
f 529 528 199
f 529 199 198
f 482 308 483
f 482 309 308
f 530 529 198
f 481 310 309
f 481 309 482
f 531 197 196
f 531 198 197
f 531 530 198
f 480 310 481
f 480 311 310
f 480 312 311
f 532 531 196
f 532 196 195
f 479 312 480
f 533 532 195
f 478 313 312
f 478 312 479
f 534 194 193
f 534 195 194
f 534 533 195
f 477 313 478
f 477 314 313
f 535 534 193
f 476 315 314
f 476 316 315
f 476 314 477
f 536 192 191
f 536 193 192
f 536 535 193
f 475 316 476
f 537 536 191
f 474 317 316
f 474 318 317
f 474 316 475
f 538 190 189
f 538 191 190
f 538 537 191
f 473 318 474
f 539 538 189
f 472 319 318
f 472 318 473
f 540 188 187
f 540 189 188
f 540 539 189
f 541 187 186
f 541 540 187
f 542 541 186
f 543 185 184
f 543 186 185
f 543 542 186
f 544 543 184
f 545 544 184
f 545 183 182
f 545 184 183
f 546 545 182
f 546 182 181
f 547 546 181
f 48 550 549
f 48 449 448
f 48 551 550
f 48 450 449
f 48 552 551
f 48 451 450
f 48 427 552
f 48 452 451
f 48 453 452
f 48 454 453
f 48 455 454
f 48 456 455
f 48 457 456
f 48 458 457
f 48 459 458
f 48 460 459
f 48 461 460
f 48 462 461
f 48 463 462
f 48 464 463
f 48 181 47
f 48 547 181
f 48 428 427
f 48 429 428
f 48 430 429
f 48 431 430
f 48 432 431
f 48 433 432
f 48 434 433
f 48 435 434
f 48 436 435
f 48 437 436
f 48 438 437
f 48 439 438
f 48 440 439
f 48 441 440
f 48 442 441
f 48 443 442
f 48 444 443
f 48 445 444
f 48 446 445
f 48 548 547
f 48 447 446
f 48 549 548
f 48 448 447
f 48 45 327
f 48 327 326
f 48 326 325
f 48 325 324
f 48 324 323
f 48 323 322
f 48 322 321
f 48 321 320
f 48 320 319
f 48 319 464
f 464 319 465
f 465 319 466
f 466 319 467
f 467 319 468
f 468 319 469
f 469 319 470
f 470 319 471
f 471 319 472
f 554 553 680
f 554 680 681
f 555 681 682
f 555 554 681
f 556 682 683
f 556 555 682
f 557 683 684
f 557 684 685
f 557 556 683
f 558 557 685
f 559 685 686
f 559 558 685
f 560 686 687
f 560 687 688
f 560 559 686
f 561 560 688
f 562 688 689
f 562 689 690
f 562 561 688
f 563 690 691
f 563 562 690
f 564 563 691
f 564 691 692
f 565 564 692
f 566 565 692
f 566 692 693
f 566 693 694
f 567 566 694
f 568 567 694
f 568 694 695
f 569 568 695
f 569 695 696
f 570 569 696
f 570 696 697
f 571 570 697
f 571 697 698
f 571 698 699
f 572 571 699
f 573 572 699
f 573 699 700
f 574 573 700
f 574 700 701
f 575 574 701
f 575 701 702
f 575 702 703
f 576 575 703
f 577 703 704
f 577 576 703
f 578 704 705
f 578 577 704
f 579 705 706
f 579 578 705
f 580 706 707
f 580 579 706
f 581 707 708
f 581 708 709
f 581 580 707
f 582 581 709
f 583 709 710
f 583 710 711
f 583 582 709
f 584 583 711
f 585 711 712
f 585 712 713
f 585 584 711
f 586 585 713
f 587 713 714
f 587 714 715
f 587 586 713
f 588 715 716
f 588 587 715
f 589 588 716
f 590 589 716
f 590 716 717
f 591 590 717
f 591 717 718
f 592 591 718
f 592 718 719
f 593 592 719
f 593 719 720
f 594 593 720
f 594 720 721
f 595 594 721
f 595 721 722
f 596 595 722
f 596 722 723
f 597 596 723
f 597 723 724
f 597 724 725
f 598 597 725
f 598 725 726
f 599 598 726
f 599 726 727
f 600 599 727
f 601 600 727
f 601 727 728
f 601 728 729
f 602 601 729
f 602 729 730
f 603 602 730
f 604 603 730
f 604 730 731
f 605 604 731
f 605 731 732
f 606 605 732
f 606 732 733
f 607 606 733
f 607 733 734
f 608 607 734
f 608 734 735
f 608 735 736
f 609 608 736
f 610 609 736
f 610 736 737
f 611 737 738
f 611 610 737
f 612 738 739
f 612 611 738
f 613 739 740
f 613 612 739
f 614 740 741
f 614 613 740
f 615 614 741
f 615 741 742
f 616 615 742
f 616 742 743
f 617 616 743
f 617 743 744
f 618 617 744
f 618 744 745
f 618 745 746
f 619 618 746
f 620 619 746
f 620 746 747
f 620 747 748
f 621 620 748
f 622 621 748
f 622 748 749
f 622 749 750
f 623 622 750
f 624 623 750
f 624 750 751
f 625 624 751
f 625 751 752
f 625 752 753
f 626 625 753
f 627 754 755
f 627 626 753
f 627 753 754
f 628 627 755
f 629 755 756
f 629 756 757
f 629 628 755
f 630 629 757
f 631 757 758
f 631 630 757
f 632 758 759
f 632 759 760
f 632 631 758
f 633 632 760
f 634 760 761
f 634 633 760
f 635 761 762
f 635 762 763
f 635 634 761
f 636 763 764
f 636 635 763
f 637 636 764
f 638 764 765
f 638 637 764
f 639 765 766
f 639 638 765
f 640 766 767
f 640 639 766
f 641 640 767
f 641 767 768
f 642 641 768
f 642 768 769
f 643 642 769
f 643 769 770
f 644 643 770
f 644 770 771
f 645 771 772
f 645 644 771
f 646 772 773
f 646 773 774
f 646 645 772
f 647 646 774
f 648 774 775
f 648 775 776
f 648 647 774
f 649 648 776
f 650 776 777
f 650 649 776
f 651 777 778
f 651 650 777
f 652 778 779
f 652 651 778
f 653 779 780
f 653 652 779
f 654 780 781
f 654 653 780
f 655 781 782
f 655 654 781
f 656 782 783
f 656 655 782
f 657 783 784
f 657 656 783
f 658 784 785
f 658 785 786
f 658 657 784
f 659 658 786
f 660 786 787
f 660 659 786
f 661 787 788
f 661 660 787
f 662 788 789
f 662 661 788
f 663 789 790
f 663 662 789
f 664 790 791
f 664 663 790
f 665 791 792
f 665 792 793
f 665 664 791
f 666 665 793
f 666 793 794
f 667 666 794
f 668 667 794
f 668 794 795
f 668 795 796
f 669 668 796
f 669 796 797
f 670 669 797
f 671 670 797
f 671 797 798
f 672 671 798
f 672 798 799
f 673 672 799
f 673 799 800
f 674 673 800
f 674 800 801
f 675 674 801
f 675 801 802
f 676 675 802
f 676 802 803
f 677 676 803
f 677 803 804
f 678 804 805
f 678 677 804
f 679 805 806
f 679 678 805
f 808 807 934
f 808 934 935
f 809 935 936
f 809 808 935
f 810 936 937
f 810 809 936
f 811 937 938
f 811 938 939
f 811 810 937
f 812 811 939
f 813 939 940
f 813 812 939
f 814 940 941
f 814 941 942
f 814 813 940
f 815 814 942
f 816 942 943
f 816 943 944
f 816 815 942
f 817 944 945
f 817 816 944
f 818 817 945
f 818 945 946
f 819 818 946
f 820 819 946
f 820 946 947
f 820 947 948
f 821 820 948
f 822 821 948
f 822 948 949
f 823 822 949
f 823 949 950
f 824 823 950
f 824 950 951
f 825 824 951
f 825 951 952
f 825 952 953
f 826 825 953
f 827 826 953
f 827 953 954
f 828 827 954
f 828 954 955
f 829 828 955
f 829 955 956
f 829 956 957
f 830 829 957
f 831 957 958
f 831 830 957
f 832 958 959
f 832 831 958
f 833 959 960
f 833 832 959
f 834 960 961
f 834 833 960
f 835 961 962
f 835 962 963
f 835 834 961
f 836 835 963
f 837 963 964
f 837 964 965
f 837 836 963
f 838 837 965
f 839 965 966
f 839 966 967
f 839 838 965
f 840 839 967
f 841 967 968
f 841 968 969
f 841 840 967
f 842 969 970
f 842 841 969
f 843 842 970
f 844 843 970
f 844 970 971
f 845 844 971
f 845 971 972
f 846 845 972
f 846 972 973
f 847 846 973
f 847 973 974
f 848 847 974
f 848 974 975
f 849 848 975
f 849 975 976
f 850 849 976
f 850 976 977
f 851 850 977
f 851 977 978
f 851 978 979
f 852 851 979
f 852 979 980
f 853 852 980
f 853 980 981
f 854 853 981
f 855 854 981
f 855 981 982
f 855 982 983
f 856 855 983
f 856 983 984
f 857 856 984
f 858 857 984
f 858 984 985
f 859 858 985
f 859 985 986
f 860 859 986
f 860 986 987
f 861 860 987
f 861 987 988
f 862 861 988
f 862 988 989
f 862 989 990
f 863 862 990
f 864 863 990
f 864 990 991
f 865 991 992
f 865 864 991
f 866 992 993
f 866 865 992
f 867 993 994
f 867 866 993
f 868 994 995
f 868 867 994
f 869 868 995
f 869 995 996
f 870 869 996
f 870 996 997
f 871 870 997
f 871 997 998
f 872 871 998
f 872 998 999
f 872 999 1000
f 873 872 1000
f 874 873 1000
f 874 1000 1001
f 874 1001 1002
f 875 874 1002
f 876 875 1002
f 876 1002 1003
f 876 1003 1004
f 877 876 1004
f 878 877 1004
f 878 1004 1005
f 879 878 1005
f 879 1005 1006
f 879 1006 1007
f 880 879 1007
f 881 1008 1009
f 881 880 1007
f 881 1007 1008
f 882 881 1009
f 883 1009 1010
f 883 1010 1011
f 883 882 1009
f 884 883 1011
f 885 1011 1012
f 885 884 1011
f 886 1012 1013
f 886 1013 1014
f 886 885 1012
f 887 886 1014
f 888 1014 1015
f 888 887 1014
f 889 1015 1016
f 889 1016 1017
f 889 888 1015
f 890 1017 1018
f 890 889 1017
f 891 890 1018
f 892 1018 1019
f 892 891 1018
f 893 1019 1020
f 893 892 1019
f 894 1020 1021
f 894 893 1020
f 895 894 1021
f 895 1021 1022
f 896 895 1022
f 896 1022 1023
f 897 896 1023
f 897 1023 1024
f 898 897 1024
f 898 1024 1025
f 899 1025 1026
f 899 898 1025
f 900 1026 1027
f 900 1027 1028
f 900 899 1026
f 901 900 1028
f 902 1028 1029
f 902 1029 1030
f 902 901 1028
f 903 902 1030
f 904 1030 1031
f 904 903 1030
f 905 1031 1032
f 905 904 1031
f 906 1032 1033
f 906 905 1032
f 907 1033 1034
f 907 906 1033
f 908 1034 1035
f 908 907 1034
f 909 1035 1036
f 909 908 1035
f 910 1036 1037
f 910 909 1036
f 911 1037 1038
f 911 910 1037
f 912 1038 1039
f 912 1039 1040
f 912 911 1038
f 913 912 1040
f 914 1040 1041
f 914 913 1040
f 915 1041 1042
f 915 914 1041
f 916 1042 1043
f 916 915 1042
f 917 1043 1044
f 917 916 1043
f 918 1044 1045
f 918 917 1044
f 919 1045 1046
f 919 1046 1047
f 919 918 1045
f 920 919 1047
f 920 1047 1048
f 921 920 1048
f 922 921 1048
f 922 1048 1049
f 922 1049 1050
f 923 922 1050
f 923 1050 1051
f 924 923 1051
f 925 924 1051
f 925 1051 1052
f 926 925 1052
f 926 1052 1053
f 927 926 1053
f 927 1053 1054
f 928 927 1054
f 928 1054 1055
f 929 928 1055
f 929 1055 1056
f 930 929 1056
f 930 1056 1057
f 931 930 1057
f 931 1057 1058
f 932 1058 1059
f 932 931 1058
f 933 1059 1060
f 933 932 1059
f 1062 1061 1188
f 1062 1188 1189
f 1063 1189 1190
f 1063 1062 1189
f 1064 1190 1191
f 1064 1063 1190
f 1065 1191 1192
f 1065 1192 1193
f 1065 1064 1191
f 1066 1065 1193
f 1067 1193 1194
f 1067 1066 1193
f 1068 1194 1195
f 1068 1195 1196
f 1068 1067 1194
f 1069 1068 1196
f 1070 1196 1197
f 1070 1197 1198
f 1070 1069 1196
f 1071 1198 1199
f 1071 1070 1198
f 1072 1071 1199
f 1072 1199 1200
f 1073 1072 1200
f 1074 1073 1200
f 1074 1200 1201
f 1074 1201 1202
f 1075 1074 1202
f 1076 1075 1202
f 1076 1202 1203
f 1077 1076 1203
f 1077 1203 1204
f 1078 1077 1204
f 1078 1204 1205
f 1079 1078 1205
f 1079 1205 1206
f 1079 1206 1207
f 1080 1079 1207
f 1081 1080 1207
f 1081 1207 1208
f 1082 1081 1208
f 1082 1208 1209
f 1083 1082 1209
f 1083 1209 1210
f 1083 1210 1211
f 1084 1083 1211
f 1085 1211 1212
f 1085 1084 1211
f 1086 1212 1213
f 1086 1085 1212
f 1087 1213 1214
f 1087 1086 1213
f 1088 1214 1215
f 1088 1087 1214
f 1089 1215 1216
f 1089 1216 1217
f 1089 1088 1215
f 1090 1089 1217
f 1091 1217 1218
f 1091 1218 1219
f 1091 1090 1217
f 1092 1091 1219
f 1093 1219 1220
f 1093 1220 1221
f 1093 1092 1219
f 1094 1093 1221
f 1095 1221 1222
f 1095 1222 1223
f 1095 1094 1221
f 1096 1223 1224
f 1096 1095 1223
f 1097 1096 1224
f 1098 1097 1224
f 1098 1224 1225
f 1099 1098 1225
f 1099 1225 1226
f 1100 1099 1226
f 1100 1226 1227
f 1101 1100 1227
f 1101 1227 1228
f 1102 1101 1228
f 1102 1228 1229
f 1103 1102 1229
f 1103 1229 1230
f 1104 1103 1230
f 1104 1230 1231
f 1105 1104 1231
f 1105 1231 1232
f 1105 1232 1233
f 1106 1105 1233
f 1106 1233 1234
f 1107 1106 1234
f 1107 1234 1235
f 1108 1107 1235
f 1109 1108 1235
f 1109 1235 1236
f 1109 1236 1237
f 1110 1109 1237
f 1110 1237 1238
f 1111 1110 1238
f 1112 1111 1238
f 1112 1238 1239
f 1113 1112 1239
f 1113 1239 1240
f 1114 1113 1240
f 1114 1240 1241
f 1115 1114 1241
f 1115 1241 1242
f 1116 1115 1242
f 1116 1242 1243
f 1116 1243 1244
f 1117 1116 1244
f 1118 1117 1244
f 1118 1244 1245
f 1119 1245 1246
f 1119 1118 1245
f 1120 1246 1247
f 1120 1119 1246
f 1121 1247 1248
f 1121 1120 1247
f 1122 1248 1249
f 1122 1121 1248
f 1123 1122 1249
f 1123 1249 1250
f 1124 1123 1250
f 1124 1250 1251
f 1125 1124 1251
f 1125 1251 1252
f 1126 1125 1252
f 1126 1252 1253
f 1126 1253 1254
f 1127 1126 1254
f 1128 1127 1254
f 1128 1254 1255
f 1128 1255 1256
f 1129 1128 1256
f 1130 1129 1256
f 1130 1256 1257
f 1130 1257 1258
f 1131 1130 1258
f 1132 1131 1258
f 1132 1258 1259
f 1133 1132 1259
f 1133 1259 1260
f 1133 1260 1261
f 1134 1133 1261
f 1135 1262 1263
f 1135 1134 1261
f 1135 1261 1262
f 1136 1135 1263
f 1137 1263 1264
f 1137 1264 1265
f 1137 1136 1263
f 1138 1137 1265
f 1139 1265 1266
f 1139 1138 1265
f 1140 1266 1267
f 1140 1267 1268
f 1140 1139 1266
f 1141 1140 1268
f 1142 1268 1269
f 1142 1141 1268
f 1143 1269 1270
f 1143 1270 1271
f 1143 1142 1269
f 1144 1271 1272
f 1144 1143 1271
f 1145 1144 1272
f 1146 1272 1273
f 1146 1145 1272
f 1147 1273 1274
f 1147 1146 1273
f 1148 1274 1275
f 1148 1147 1274
f 1149 1148 1275
f 1149 1275 1276
f 1150 1149 1276
f 1150 1276 1277
f 1151 1150 1277
f 1151 1277 1278
f 1152 1151 1278
f 1152 1278 1279
f 1153 1279 1280
f 1153 1152 1279
f 1154 1280 1281
f 1154 1281 1282
f 1154 1153 1280
f 1155 1154 1282
f 1156 1282 1283
f 1156 1283 1284
f 1156 1155 1282
f 1157 1156 1284
f 1158 1284 1285
f 1158 1157 1284
f 1159 1285 1286
f 1159 1158 1285
f 1160 1286 1287
f 1160 1159 1286
f 1161 1287 1288
f 1161 1160 1287
f 1162 1288 1289
f 1162 1161 1288
f 1163 1289 1290
f 1163 1162 1289
f 1164 1290 1291
f 1164 1163 1290
f 1165 1291 1292
f 1165 1164 1291
f 1166 1292 1293
f 1166 1293 1294
f 1166 1165 1292
f 1167 1166 1294
f 1168 1294 1295
f 1168 1167 1294
f 1169 1295 1296
f 1169 1168 1295
f 1170 1296 1297
f 1170 1169 1296
f 1171 1297 1298
f 1171 1170 1297
f 1172 1298 1299
f 1172 1171 1298
f 1173 1299 1300
f 1173 1300 1301
f 1173 1172 1299
f 1174 1173 1301
f 1174 1301 1302
f 1175 1174 1302
f 1176 1175 1302
f 1176 1302 1303
f 1176 1303 1304
f 1177 1176 1304
f 1177 1304 1305
f 1178 1177 1305
f 1179 1178 1305
f 1179 1305 1306
f 1180 1179 1306
f 1180 1306 1307
f 1181 1180 1307
f 1181 1307 1308
f 1182 1181 1308
f 1182 1308 1309
f 1183 1182 1309
f 1183 1309 1310
f 1184 1183 1310
f 1184 1310 1311
f 1185 1184 1311
f 1185 1311 1312
f 1186 1312 1313
f 1186 1185 1312
f 1187 1313 1314
f 1187 1186 1313
f 1316 1315 1442
f 1316 1442 1443
f 1317 1443 1444
f 1317 1316 1443
f 1318 1444 1445
f 1318 1317 1444
f 1319 1445 1446
f 1319 1446 1447
f 1319 1318 1445
f 1320 1319 1447
f 1321 1447 1448
f 1321 1320 1447
f 1322 1448 1449
f 1322 1449 1450
f 1322 1321 1448
f 1323 1322 1450
f 1324 1450 1451
f 1324 1451 1452
f 1324 1323 1450
f 1325 1452 1453
f 1325 1324 1452
f 1326 1325 1453
f 1326 1453 1454
f 1327 1326 1454
f 1328 1327 1454
f 1328 1454 1455
f 1328 1455 1456
f 1329 1328 1456
f 1330 1329 1456
f 1330 1456 1457
f 1331 1330 1457
f 1331 1457 1458
f 1332 1331 1458
f 1332 1458 1459
f 1333 1332 1459
f 1333 1459 1460
f 1333 1460 1461
f 1334 1333 1461
f 1335 1334 1461
f 1335 1461 1462
f 1336 1335 1462
f 1336 1462 1463
f 1337 1336 1463
f 1337 1463 1464
f 1337 1464 1465
f 1338 1337 1465
f 1339 1465 1466
f 1339 1338 1465
f 1340 1466 1467
f 1340 1339 1466
f 1341 1467 1468
f 1341 1340 1467
f 1342 1468 1469
f 1342 1341 1468
f 1343 1469 1470
f 1343 1470 1471
f 1343 1342 1469
f 1344 1343 1471
f 1345 1471 1472
f 1345 1472 1473
f 1345 1344 1471
f 1346 1345 1473
f 1347 1473 1474
f 1347 1474 1475
f 1347 1346 1473
f 1348 1347 1475
f 1349 1475 1476
f 1349 1476 1477
f 1349 1348 1475
f 1350 1477 1478
f 1350 1349 1477
f 1351 1350 1478
f 1352 1351 1478
f 1352 1478 1479
f 1353 1352 1479
f 1353 1479 1480
f 1354 1353 1480
f 1354 1480 1481
f 1355 1354 1481
f 1355 1481 1482
f 1356 1355 1482
f 1356 1482 1483
f 1357 1356 1483
f 1357 1483 1484
f 1358 1357 1484
f 1358 1484 1485
f 1359 1358 1485
f 1359 1485 1486
f 1359 1486 1487
f 1360 1359 1487
f 1360 1487 1488
f 1361 1360 1488
f 1361 1488 1489
f 1362 1361 1489
f 1363 1362 1489
f 1363 1489 1490
f 1363 1490 1491
f 1364 1363 1491
f 1364 1491 1492
f 1365 1364 1492
f 1366 1365 1492
f 1366 1492 1493
f 1367 1366 1493
f 1367 1493 1494
f 1368 1367 1494
f 1368 1494 1495
f 1369 1368 1495
f 1369 1495 1496
f 1370 1369 1496
f 1370 1496 1497
f 1370 1497 1498
f 1371 1370 1498
f 1372 1371 1498
f 1372 1498 1499
f 1373 1499 1500
f 1373 1372 1499
f 1374 1500 1501
f 1374 1373 1500
f 1375 1501 1502
f 1375 1374 1501
f 1376 1502 1503
f 1376 1375 1502
f 1377 1376 1503
f 1377 1503 1504
f 1378 1377 1504
f 1378 1504 1505
f 1379 1378 1505
f 1379 1505 1506
f 1380 1379 1506
f 1380 1506 1507
f 1380 1507 1508
f 1381 1380 1508
f 1382 1381 1508
f 1382 1508 1509
f 1382 1509 1510
f 1383 1382 1510
f 1384 1383 1510
f 1384 1510 1511
f 1384 1511 1512
f 1385 1384 1512
f 1386 1385 1512
f 1386 1512 1513
f 1387 1386 1513
f 1387 1513 1514
f 1387 1514 1515
f 1388 1387 1515
f 1389 1516 1517
f 1389 1388 1515
f 1389 1515 1516
f 1390 1389 1517
f 1391 1517 1518
f 1391 1518 1519
f 1391 1390 1517
f 1392 1391 1519
f 1393 1519 1520
f 1393 1392 1519
f 1394 1520 1521
f 1394 1521 1522
f 1394 1393 1520
f 1395 1394 1522
f 1396 1522 1523
f 1396 1395 1522
f 1397 1523 1524
f 1397 1524 1525
f 1397 1396 1523
f 1398 1525 1526
f 1398 1397 1525
f 1399 1398 1526
f 1400 1526 1527
f 1400 1399 1526
f 1401 1527 1528
f 1401 1400 1527
f 1402 1528 1529
f 1402 1401 1528
f 1403 1402 1529
f 1403 1529 1530
f 1404 1403 1530
f 1404 1530 1531
f 1405 1404 1531
f 1405 1531 1532
f 1406 1405 1532
f 1406 1532 1533
f 1407 1533 1534
f 1407 1406 1533
f 1408 1534 1535
f 1408 1535 1536
f 1408 1407 1534
f 1409 1408 1536
f 1410 1536 1537
f 1410 1537 1538
f 1410 1409 1536
f 1411 1410 1538
f 1412 1538 1539
f 1412 1411 1538
f 1413 1539 1540
f 1413 1412 1539
f 1414 1540 1541
f 1414 1413 1540
f 1415 1541 1542
f 1415 1414 1541
f 1416 1542 1543
f 1416 1415 1542
f 1417 1543 1544
f 1417 1416 1543
f 1418 1544 1545
f 1418 1417 1544
f 1419 1545 1546
f 1419 1418 1545
f 1420 1546 1547
f 1420 1547 1548
f 1420 1419 1546
f 1421 1420 1548
f 1422 1548 1549
f 1422 1421 1548
f 1423 1549 1550
f 1423 1422 1549
f 1424 1550 1551
f 1424 1423 1550
f 1425 1551 1552
f 1425 1424 1551
f 1426 1552 1553
f 1426 1425 1552
f 1427 1553 1554
f 1427 1554 1555
f 1427 1426 1553
f 1428 1427 1555
f 1428 1555 1556
f 1429 1428 1556
f 1430 1429 1556
f 1430 1556 1557
f 1430 1557 1558
f 1431 1430 1558
f 1431 1558 1559
f 1432 1431 1559
f 1433 1432 1559
f 1433 1559 1560
f 1434 1433 1560
f 1434 1560 1561
f 1435 1434 1561
f 1435 1561 1562
f 1436 1435 1562
f 1436 1562 1563
f 1437 1436 1563
f 1437 1563 1564
f 1438 1437 1564
f 1438 1564 1565
f 1439 1438 1565
f 1439 1565 1566
f 1440 1566 1567
f 1440 1439 1566
f 1441 1567 1568
f 1441 1440 1567
f 1773 1647 1648
f 1773 1648 1774
f 1775 1648 1649
f 1775 1774 1648
f 1772 1647 1773
f 1772 1646 1647
f 1776 1775 1649
f 1776 1649 1650
f 1771 1646 1772
f 1771 1645 1646
f 1777 1776 1650
f 1777 1650 1651
f 1770 1645 1771
f 1770 1644 1645
f 1778 1777 1651
f 1778 1651 1652
f 1769 1644 1770
f 1769 1643 1644
f 1779 1778 1652
f 1779 1652 1653
f 1768 1643 1769
f 1768 1642 1643
f 1780 1779 1653
f 1780 1653 1654
f 1767 1641 1642
f 1767 1642 1768
f 1781 1780 1654
f 1781 1654 1655
f 1766 1640 1641
f 1766 1641 1767
f 1782 1781 1655
f 1782 1655 1656
f 1765 1640 1766
f 1765 1639 1640
f 1783 1782 1656
f 1783 1656 1657
f 1764 1639 1765
f 1764 1638 1639
f 1784 1783 1657
f 1784 1657 1658
f 1763 1638 1764
f 1763 1637 1638
f 1785 1784 1658
f 1785 1658 1659
f 1762 1637 1763
f 1762 1636 1637
f 1786 1785 1659
f 1786 1659 1660
f 1786 1660 1661
f 1761 1636 1762
f 1761 1635 1636
f 1787 1786 1661
f 1760 1635 1761
f 1760 1634 1635
f 1788 1787 1661
f 1788 1661 1662
f 1759 1634 1760
f 1759 1633 1634
f 1789 1788 1662
f 1789 1662 1663
f 1758 1633 1759
f 1758 1632 1633
f 1790 1789 1663
f 1790 1663 1664
f 1757 1631 1632
f 1757 1632 1758
f 1791 1790 1664
f 1791 1664 1665
f 1791 1665 1666
f 1756 1631 1757
f 1756 1630 1631
f 1792 1791 1666
f 1755 1630 1756
f 1755 1629 1630
f 1793 1792 1666
f 1793 1666 1667
f 1754 1629 1755
f 1754 1628 1629
f 1794 1793 1667
f 1794 1667 1668
f 1753 1628 1754
f 1753 1627 1628
f 1795 1794 1668
f 1795 1668 1669
f 1752 1627 1753
f 1752 1626 1627
f 1796 1669 1670
f 1796 1795 1669
f 1751 1626 1752
f 1751 1624 1625
f 1751 1625 1626
f 1797 1670 1671
f 1797 1796 1670
f 1750 1624 1751
f 1798 1671 1672
f 1798 1797 1671
f 1749 1624 1750
f 1749 1623 1624
f 1799 1672 1673
f 1799 1798 1672
f 1748 1622 1623
f 1748 1623 1749
f 1800 1673 1674
f 1800 1799 1673
f 1747 1621 1622
f 1747 1622 1748
f 1801 1674 1675
f 1801 1800 1674
f 1746 1621 1747
f 1746 1620 1621
f 1802 1675 1676
f 1802 1801 1675
f 1745 1618 1619
f 1745 1619 1620
f 1745 1620 1746
f 1803 1676 1677
f 1803 1802 1676
f 1744 1618 1745
f 1804 1677 1678
f 1804 1803 1677
f 1743 1617 1618
f 1743 1618 1744
f 1805 1678 1679
f 1805 1804 1678
f 1616 1743 1742
f 1616 1617 1743
f 1680 1806 1805
f 1680 1807 1806
f 1680 1805 1679
f 1615 1616 1742
f 1615 1742 1741
f 1681 1807 1680
f 1614 1615 1741
f 1614 1741 1740
f 1682 1807 1681
f 1682 1808 1807
f 1682 1809 1808
f 1613 1614 1740
f 1613 1740 1739
f 1683 1809 1682
f 1683 1810 1809
f 1612 1613 1739
f 1612 1739 1738
f 1684 1810 1683
f 1611 1738 1737
f 1611 1612 1738
f 1685 1811 1810
f 1685 1810 1684
f 1610 1736 1735
f 1610 1737 1736
f 1610 1611 1737
f 1686 1812 1811
f 1686 1811 1685
f 1609 1735 1734
f 1609 1610 1735
f 1687 1813 1812
f 1687 1812 1686
f 1608 1609 1734
f 1688 1813 1687
f 1688 1814 1813
f 1688 1815 1814
f 1607 1608 1734
f 1607 1734 1733
f 1689 1815 1688
f 1606 1732 1731
f 1606 1733 1732
f 1606 1607 1733
f 1690 1815 1689
f 1690 1816 1815
f 1605 1606 1731
f 1691 1816 1690
f 1691 1817 1816
f 1604 1605 1731
f 1604 1731 1730
f 1692 1818 1817
f 1692 1819 1818
f 1692 1817 1691
f 1603 1730 1729
f 1603 1604 1730
f 1693 1819 1692
f 1602 1728 1727
f 1602 1729 1728
f 1602 1603 1729
f 1694 1819 1693
f 1694 1820 1819
f 1694 1695 1820
f 1601 1727 1726
f 1601 1602 1727
f 1569 1696 1695
f 1569 1695 1694
f 1600 1601 1726
f 1570 1696 1569
f 1599 1726 1725
f 1599 1600 1726
f 1571 1697 1696
f 1571 1696 1570
f 1598 1599 1725
f 1598 1724 1723
f 1598 1725 1724
f 1572 1697 1571
f 1572 1698 1697
f 1572 1699 1698
f 1597 1598 1723
f 1573 1699 1572
f 1596 1723 1722
f 1596 1597 1723
f 1574 1700 1699
f 1574 1699 1573
f 1595 1596 1722
f 1595 1721 1720
f 1595 1722 1721
f 1575 1700 1574
f 1575 1701 1700
f 1575 1702 1701
f 1594 1595 1720
f 1576 1702 1575
f 1593 1594 1720
f 1593 1720 1719
f 1577 1702 1576
f 1577 1703 1702
f 1577 1704 1703
f 1592 1593 1719
f 1592 1719 1718
f 1578 1704 1577
f 1591 1592 1718
f 1591 1717 1716
f 1591 1718 1717
f 1579 1704 1578
f 1579 1705 1704
f 1579 1706 1705
f 1590 1591 1716
f 1590 1716 1715
f 1580 1706 1579
f 1580 1707 1706
f 1589 1590 1715
f 1581 1707 1580
f 1588 1589 1715
f 1588 1715 1714
f 1582 1707 1581
f 1582 1708 1707
f 1587 1588 1714
f 1587 1714 1713
f 1583 1708 1582
f 1583 1709 1708
f 1586 1713 1712
f 1586 1587 1713
f 1584 1710 1709
f 1584 1709 1583
f 1585 1710 1584
f 1585 1711 1710
f 1585 1712 1711
f 1585 1586 1712
f 2025 1899 1900
f 2025 1900 2026
f 2027 1900 1901
f 2027 2026 1900
f 2024 1899 2025
f 2024 1898 1899
f 2028 2027 1901
f 2028 1901 1902
f 2023 1898 2024
f 2023 1897 1898
f 2029 2028 1902
f 2029 1902 1903
f 2022 1897 2023
f 2022 1896 1897
f 2030 2029 1903
f 2030 1903 1904
f 2021 1896 2022
f 2021 1895 1896
f 2031 2030 1904
f 2031 1904 1905
f 2020 1895 2021
f 2020 1894 1895
f 2032 2031 1905
f 2032 1905 1906
f 2019 1893 1894
f 2019 1894 2020
f 2033 2032 1906
f 2033 1906 1907
f 2018 1892 1893
f 2018 1893 2019
f 2034 2033 1907
f 2034 1907 1908
f 2017 1892 2018
f 2017 1891 1892
f 2035 2034 1908
f 2035 1908 1909
f 2016 1891 2017
f 2016 1890 1891
f 2036 2035 1909
f 2036 1909 1910
f 2015 1890 2016
f 2015 1889 1890
f 2037 2036 1910
f 2037 1910 1911
f 2014 1889 2015
f 2014 1888 1889
f 2038 2037 1911
f 2038 1911 1912
f 2038 1912 1913
f 2013 1888 2014
f 2013 1887 1888
f 2039 2038 1913
f 2012 1887 2013
f 2012 1886 1887
f 2040 2039 1913
f 2040 1913 1914
f 2011 1886 2012
f 2011 1885 1886
f 2041 2040 1914
f 2041 1914 1915
f 2010 1885 2011
f 2010 1884 1885
f 2042 2041 1915
f 2042 1915 1916
f 2009 1883 1884
f 2009 1884 2010
f 2043 2042 1916
f 2043 1916 1917
f 2043 1917 1918
f 2008 1883 2009
f 2008 1882 1883
f 2044 2043 1918
f 2007 1882 2008
f 2007 1881 1882
f 2045 2044 1918
f 2045 1918 1919
f 2006 1881 2007
f 2006 1880 1881
f 2046 2045 1919
f 2046 1919 1920
f 2005 1880 2006
f 2005 1879 1880
f 2047 2046 1920
f 2047 1920 1921
f 2004 1879 2005
f 2004 1878 1879
f 2048 1921 1922
f 2048 2047 1921
f 2003 1878 2004
f 2003 1876 1877
f 2003 1877 1878
f 2049 1922 1923
f 2049 2048 1922
f 2002 1876 2003
f 2050 1923 1924
f 2050 2049 1923
f 2001 1876 2002
f 2001 1875 1876
f 2051 1924 1925
f 2051 2050 1924
f 2000 1874 1875
f 2000 1875 2001
f 2052 1925 1926
f 2052 2051 1925
f 1999 1873 1874
f 1999 1874 2000
f 2053 1926 1927
f 2053 2052 1926
f 1998 1873 1999
f 1998 1872 1873
f 2054 1927 1928
f 2054 2053 1927
f 1997 1870 1871
f 1997 1871 1872
f 1997 1872 1998
f 2055 1928 1929
f 2055 2054 1928
f 1996 1870 1997
f 2056 1929 1930
f 2056 2055 1929
f 1995 1869 1870
f 1995 1870 1996
f 2057 1930 1931
f 2057 2056 1930
f 1868 1995 1994
f 1868 1869 1995
f 1932 2058 2057
f 1932 2059 2058
f 1932 2057 1931
f 1867 1868 1994
f 1867 1994 1993
f 1933 2059 1932
f 1866 1867 1993
f 1866 1993 1992
f 1934 2059 1933
f 1934 2060 2059
f 1934 2061 2060
f 1865 1866 1992
f 1865 1992 1991
f 1935 2061 1934
f 1935 2062 2061
f 1864 1865 1991
f 1864 1991 1990
f 1936 2062 1935
f 1863 1990 1989
f 1863 1864 1990
f 1937 2063 2062
f 1937 2062 1936
f 1862 1988 1987
f 1862 1989 1988
f 1862 1863 1989
f 1938 2064 2063
f 1938 2063 1937
f 1861 1987 1986
f 1861 1862 1987
f 1939 2065 2064
f 1939 2064 1938
f 1860 1861 1986
f 1940 2065 1939
f 1940 2066 2065
f 1940 2067 2066
f 1859 1860 1986
f 1859 1986 1985
f 1941 2067 1940
f 1858 1984 1983
f 1858 1985 1984
f 1858 1859 1985
f 1942 2067 1941
f 1942 2068 2067
f 1857 1858 1983
f 1943 2068 1942
f 1943 2069 2068
f 1856 1857 1983
f 1856 1983 1982
f 1944 2070 2069
f 1944 2071 2070
f 1944 2069 1943
f 1855 1982 1981
f 1855 1856 1982
f 1945 2071 1944
f 1854 1980 1979
f 1854 1981 1980
f 1854 1855 1981
f 1946 2071 1945
f 1946 2072 2071
f 1946 1947 2072
f 1853 1979 1978
f 1853 1854 1979
f 1821 1948 1947
f 1821 1947 1946
f 1852 1853 1978
f 1822 1948 1821
f 1851 1978 1977
f 1851 1852 1978
f 1823 1949 1948
f 1823 1948 1822
f 1850 1851 1977
f 1850 1976 1975
f 1850 1977 1976
f 1824 1949 1823
f 1824 1950 1949
f 1824 1951 1950
f 1849 1850 1975
f 1825 1951 1824
f 1848 1975 1974
f 1848 1849 1975
f 1826 1952 1951
f 1826 1951 1825
f 1847 1848 1974
f 1847 1973 1972
f 1847 1974 1973
f 1827 1952 1826
f 1827 1953 1952
f 1827 1954 1953
f 1846 1847 1972
f 1828 1954 1827
f 1845 1846 1972
f 1845 1972 1971
f 1829 1954 1828
f 1829 1955 1954
f 1829 1956 1955
f 1844 1845 1971
f 1844 1971 1970
f 1830 1956 1829
f 1843 1844 1970
f 1843 1969 1968
f 1843 1970 1969
f 1831 1956 1830
f 1831 1957 1956
f 1831 1958 1957
f 1842 1843 1968
f 1842 1968 1967
f 1832 1958 1831
f 1832 1959 1958
f 1841 1842 1967
f 1833 1959 1832
f 1840 1841 1967
f 1840 1967 1966
f 1834 1959 1833
f 1834 1960 1959
f 1839 1840 1966
f 1839 1966 1965
f 1835 1960 1834
f 1835 1961 1960
f 1838 1965 1964
f 1838 1839 1965
f 1836 1962 1961
f 1836 1961 1835
f 1837 1962 1836
f 1837 1963 1962
f 1837 1964 1963
f 1837 1838 1964
f 2277 2151 2152
f 2277 2152 2278
f 2279 2152 2153
f 2279 2278 2152
f 2276 2151 2277
f 2276 2150 2151
f 2280 2279 2153
f 2280 2153 2154
f 2275 2150 2276
f 2275 2149 2150
f 2281 2280 2154
f 2281 2154 2155
f 2274 2149 2275
f 2274 2148 2149
f 2282 2281 2155
f 2282 2155 2156
f 2273 2148 2274
f 2273 2147 2148
f 2283 2282 2156
f 2283 2156 2157
f 2272 2147 2273
f 2272 2146 2147
f 2284 2283 2157
f 2284 2157 2158
f 2271 2145 2146
f 2271 2146 2272
f 2285 2284 2158
f 2285 2158 2159
f 2270 2144 2145
f 2270 2145 2271
f 2286 2285 2159
f 2286 2159 2160
f 2269 2144 2270
f 2269 2143 2144
f 2287 2286 2160
f 2287 2160 2161
f 2268 2143 2269
f 2268 2142 2143
f 2288 2287 2161
f 2288 2161 2162
f 2267 2142 2268
f 2267 2141 2142
f 2289 2288 2162
f 2289 2162 2163
f 2266 2141 2267
f 2266 2140 2141
f 2290 2289 2163
f 2290 2163 2164
f 2290 2164 2165
f 2265 2140 2266
f 2265 2139 2140
f 2291 2290 2165
f 2264 2139 2265
f 2264 2138 2139
f 2292 2291 2165
f 2292 2165 2166
f 2263 2138 2264
f 2263 2137 2138
f 2293 2292 2166
f 2293 2166 2167
f 2262 2137 2263
f 2262 2136 2137
f 2294 2293 2167
f 2294 2167 2168
f 2261 2135 2136
f 2261 2136 2262
f 2295 2294 2168
f 2295 2168 2169
f 2295 2169 2170
f 2260 2135 2261
f 2260 2134 2135
f 2296 2295 2170
f 2259 2134 2260
f 2259 2133 2134
f 2297 2296 2170
f 2297 2170 2171
f 2258 2133 2259
f 2258 2132 2133
f 2298 2297 2171
f 2298 2171 2172
f 2257 2132 2258
f 2257 2131 2132
f 2299 2298 2172
f 2299 2172 2173
f 2256 2131 2257
f 2256 2130 2131
f 2300 2173 2174
f 2300 2299 2173
f 2255 2130 2256
f 2255 2128 2129
f 2255 2129 2130
f 2301 2174 2175
f 2301 2300 2174
f 2254 2128 2255
f 2302 2175 2176
f 2302 2301 2175
f 2253 2128 2254
f 2253 2127 2128
f 2303 2176 2177
f 2303 2302 2176
f 2252 2126 2127
f 2252 2127 2253
f 2304 2177 2178
f 2304 2303 2177
f 2251 2125 2126
f 2251 2126 2252
f 2305 2178 2179
f 2305 2304 2178
f 2250 2125 2251
f 2250 2124 2125
f 2306 2179 2180
f 2306 2305 2179
f 2249 2122 2123
f 2249 2123 2124
f 2249 2124 2250
f 2307 2180 2181
f 2307 2306 2180
f 2248 2122 2249
f 2308 2181 2182
f 2308 2307 2181
f 2247 2121 2122
f 2247 2122 2248
f 2309 2182 2183
f 2309 2308 2182
f 2120 2247 2246
f 2120 2121 2247
f 2184 2310 2309
f 2184 2311 2310
f 2184 2309 2183
f 2119 2120 2246
f 2119 2246 2245
f 2185 2311 2184
f 2118 2119 2245
f 2118 2245 2244
f 2186 2311 2185
f 2186 2312 2311
f 2186 2313 2312
f 2117 2118 2244
f 2117 2244 2243
f 2187 2313 2186
f 2187 2314 2313
f 2116 2117 2243
f 2116 2243 2242
f 2188 2314 2187
f 2115 2242 2241
f 2115 2116 2242
f 2189 2315 2314
f 2189 2314 2188
f 2114 2240 2239
f 2114 2241 2240
f 2114 2115 2241
f 2190 2316 2315
f 2190 2315 2189
f 2113 2239 2238
f 2113 2114 2239
f 2191 2317 2316
f 2191 2316 2190
f 2112 2113 2238
f 2192 2317 2191
f 2192 2318 2317
f 2192 2319 2318
f 2111 2112 2238
f 2111 2238 2237
f 2193 2319 2192
f 2110 2236 2235
f 2110 2237 2236
f 2110 2111 2237
f 2194 2319 2193
f 2194 2320 2319
f 2109 2110 2235
f 2195 2320 2194
f 2195 2321 2320
f 2108 2109 2235
f 2108 2235 2234
f 2196 2322 2321
f 2196 2323 2322
f 2196 2321 2195
f 2107 2234 2233
f 2107 2108 2234
f 2197 2323 2196
f 2106 2232 2231
f 2106 2233 2232
f 2106 2107 2233
f 2198 2323 2197
f 2198 2324 2323
f 2198 2199 2324
f 2105 2231 2230
f 2105 2106 2231
f 2073 2200 2199
f 2073 2199 2198
f 2104 2105 2230
f 2074 2200 2073
f 2103 2230 2229
f 2103 2104 2230
f 2075 2201 2200
f 2075 2200 2074
f 2102 2103 2229
f 2102 2228 2227
f 2102 2229 2228
f 2076 2201 2075
f 2076 2202 2201
f 2076 2203 2202
f 2101 2102 2227
f 2077 2203 2076
f 2100 2227 2226
f 2100 2101 2227
f 2078 2204 2203
f 2078 2203 2077
f 2099 2100 2226
f 2099 2225 2224
f 2099 2226 2225
f 2079 2204 2078
f 2079 2205 2204
f 2079 2206 2205
f 2098 2099 2224
f 2080 2206 2079
f 2097 2098 2224
f 2097 2224 2223
f 2081 2206 2080
f 2081 2207 2206
f 2081 2208 2207
f 2096 2097 2223
f 2096 2223 2222
f 2082 2208 2081
f 2095 2096 2222
f 2095 2221 2220
f 2095 2222 2221
f 2083 2208 2082
f 2083 2209 2208
f 2083 2210 2209
f 2094 2095 2220
f 2094 2220 2219
f 2084 2210 2083
f 2084 2211 2210
f 2093 2094 2219
f 2085 2211 2084
f 2092 2093 2219
f 2092 2219 2218
f 2086 2211 2085
f 2086 2212 2211
f 2091 2092 2218
f 2091 2218 2217
f 2087 2212 2086
f 2087 2213 2212
f 2090 2217 2216
f 2090 2091 2217
f 2088 2214 2213
f 2088 2213 2087
f 2089 2214 2088
f 2089 2215 2214
f 2089 2216 2215
f 2089 2090 2216
f 2529 2403 2404
f 2529 2404 2530
f 2531 2404 2405
f 2531 2530 2404
f 2528 2403 2529
f 2528 2402 2403
f 2532 2531 2405
f 2532 2405 2406
f 2527 2402 2528
f 2527 2401 2402
f 2533 2532 2406
f 2533 2406 2407
f 2526 2401 2527
f 2526 2400 2401
f 2534 2533 2407
f 2534 2407 2408
f 2525 2400 2526
f 2525 2399 2400
f 2535 2534 2408
f 2535 2408 2409
f 2524 2399 2525
f 2524 2398 2399
f 2536 2535 2409
f 2536 2409 2410
f 2523 2397 2398
f 2523 2398 2524
f 2537 2536 2410
f 2537 2410 2411
f 2522 2396 2397
f 2522 2397 2523
f 2538 2537 2411
f 2538 2411 2412
f 2521 2396 2522
f 2521 2395 2396
f 2539 2538 2412
f 2539 2412 2413
f 2520 2395 2521
f 2520 2394 2395
f 2540 2539 2413
f 2540 2413 2414
f 2519 2394 2520
f 2519 2393 2394
f 2541 2540 2414
f 2541 2414 2415
f 2518 2393 2519
f 2518 2392 2393
f 2542 2541 2415
f 2542 2415 2416
f 2542 2416 2417
f 2517 2392 2518
f 2517 2391 2392
f 2543 2542 2417
f 2516 2391 2517
f 2516 2390 2391
f 2544 2543 2417
f 2544 2417 2418
f 2515 2390 2516
f 2515 2389 2390
f 2545 2544 2418
f 2545 2418 2419
f 2514 2389 2515
f 2514 2388 2389
f 2546 2545 2419
f 2546 2419 2420
f 2513 2387 2388
f 2513 2388 2514
f 2547 2546 2420
f 2547 2420 2421
f 2547 2421 2422
f 2512 2387 2513
f 2512 2386 2387
f 2548 2547 2422
f 2511 2386 2512
f 2511 2385 2386
f 2549 2548 2422
f 2549 2422 2423
f 2510 2385 2511
f 2510 2384 2385
f 2550 2549 2423
f 2550 2423 2424
f 2509 2384 2510
f 2509 2383 2384
f 2551 2550 2424
f 2551 2424 2425
f 2508 2383 2509
f 2508 2382 2383
f 2552 2425 2426
f 2552 2551 2425
f 2507 2382 2508
f 2507 2380 2381
f 2507 2381 2382
f 2553 2426 2427
f 2553 2552 2426
f 2506 2380 2507
f 2554 2427 2428
f 2554 2553 2427
f 2505 2380 2506
f 2505 2379 2380
f 2555 2428 2429
f 2555 2554 2428
f 2504 2378 2379
f 2504 2379 2505
f 2556 2429 2430
f 2556 2555 2429
f 2503 2377 2378
f 2503 2378 2504
f 2557 2430 2431
f 2557 2556 2430
f 2502 2377 2503
f 2502 2376 2377
f 2558 2431 2432
f 2558 2557 2431
f 2501 2374 2375
f 2501 2375 2376
f 2501 2376 2502
f 2559 2432 2433
f 2559 2558 2432
f 2500 2374 2501
f 2560 2433 2434
f 2560 2559 2433
f 2499 2373 2374
f 2499 2374 2500
f 2561 2434 2435
f 2561 2560 2434
f 2372 2499 2498
f 2372 2373 2499
f 2436 2562 2561
f 2436 2563 2562
f 2436 2561 2435
f 2371 2372 2498
f 2371 2498 2497
f 2437 2563 2436
f 2370 2371 2497
f 2370 2497 2496
f 2438 2563 2437
f 2438 2564 2563
f 2438 2565 2564
f 2369 2370 2496
f 2369 2496 2495
f 2439 2565 2438
f 2439 2566 2565
f 2368 2369 2495
f 2368 2495 2494
f 2440 2566 2439
f 2367 2494 2493
f 2367 2368 2494
f 2441 2567 2566
f 2441 2566 2440
f 2366 2492 2491
f 2366 2493 2492
f 2366 2367 2493
f 2442 2568 2567
f 2442 2567 2441
f 2365 2491 2490
f 2365 2366 2491
f 2443 2569 2568
f 2443 2568 2442
f 2364 2365 2490
f 2444 2569 2443
f 2444 2570 2569
f 2444 2571 2570
f 2363 2364 2490
f 2363 2490 2489
f 2445 2571 2444
f 2362 2488 2487
f 2362 2489 2488
f 2362 2363 2489
f 2446 2571 2445
f 2446 2572 2571
f 2361 2362 2487
f 2447 2572 2446
f 2447 2573 2572
f 2360 2361 2487
f 2360 2487 2486
f 2448 2574 2573
f 2448 2575 2574
f 2448 2573 2447
f 2359 2486 2485
f 2359 2360 2486
f 2449 2575 2448
f 2358 2484 2483
f 2358 2485 2484
f 2358 2359 2485
f 2450 2575 2449
f 2450 2576 2575
f 2450 2451 2576
f 2357 2483 2482
f 2357 2358 2483
f 2325 2452 2451
f 2325 2451 2450
f 2356 2357 2482
f 2326 2452 2325
f 2355 2482 2481
f 2355 2356 2482
f 2327 2453 2452
f 2327 2452 2326
f 2354 2355 2481
f 2354 2480 2479
f 2354 2481 2480
f 2328 2453 2327
f 2328 2454 2453
f 2328 2455 2454
f 2353 2354 2479
f 2329 2455 2328
f 2352 2479 2478
f 2352 2353 2479
f 2330 2456 2455
f 2330 2455 2329
f 2351 2352 2478
f 2351 2477 2476
f 2351 2478 2477
f 2331 2456 2330
f 2331 2457 2456
f 2331 2458 2457
f 2350 2351 2476
f 2332 2458 2331
f 2349 2350 2476
f 2349 2476 2475
f 2333 2458 2332
f 2333 2459 2458
f 2333 2460 2459
f 2348 2349 2475
f 2348 2475 2474
f 2334 2460 2333
f 2347 2348 2474
f 2347 2473 2472
f 2347 2474 2473
f 2335 2460 2334
f 2335 2461 2460
f 2335 2462 2461
f 2346 2347 2472
f 2346 2472 2471
f 2336 2462 2335
f 2336 2463 2462
f 2345 2346 2471
f 2337 2463 2336
f 2344 2345 2471
f 2344 2471 2470
f 2338 2463 2337
f 2338 2464 2463
f 2343 2344 2470
f 2343 2470 2469
f 2339 2464 2338
f 2339 2465 2464
f 2342 2469 2468
f 2342 2343 2469
f 2340 2466 2465
f 2340 2465 2339
f 2341 2466 2340
f 2341 2467 2466
f 2341 2468 2467
f 2341 2342 2468
f 2578 2704 2577
f 2578 2705 2704
f 2579 2706 2705
f 2579 2705 2578
f 2580 2707 2706
f 2580 2706 2579
f 2581 2708 2707
f 2581 2709 2708
f 2581 2707 2580
f 2582 2709 2581
f 2583 2710 2709
f 2583 2709 2582
f 2584 2711 2710
f 2584 2712 2711
f 2584 2710 2583
f 2585 2712 2584
f 2586 2713 2712
f 2586 2714 2713
f 2586 2712 2585
f 2587 2715 2714
f 2587 2714 2586
f 2588 2715 2587
f 2588 2716 2715
f 2589 2716 2588
f 2590 2716 2589
f 2590 2717 2716
f 2590 2718 2717
f 2591 2718 2590
f 2592 2718 2591
f 2592 2719 2718
f 2593 2719 2592
f 2593 2720 2719
f 2594 2720 2593
f 2594 2721 2720
f 2595 2721 2594
f 2595 2722 2721
f 2595 2723 2722
f 2596 2723 2595
f 2597 2723 2596
f 2597 2724 2723
f 2598 2724 2597
f 2598 2725 2724
f 2599 2725 2598
f 2599 2726 2725
f 2599 2727 2726
f 2600 2727 2599
f 2601 2728 2727
f 2601 2727 2600
f 2602 2729 2728
f 2602 2728 2601
f 2603 2730 2729
f 2603 2729 2602
f 2604 2731 2730
f 2604 2730 2603
f 2605 2732 2731
f 2605 2733 2732
f 2605 2731 2604
f 2606 2733 2605
f 2607 2734 2733
f 2607 2735 2734
f 2607 2733 2606
f 2608 2735 2607
f 2609 2736 2735
f 2609 2737 2736
f 2609 2735 2608
f 2610 2737 2609
f 2611 2738 2737
f 2611 2739 2738
f 2611 2737 2610
f 2612 2740 2739
f 2612 2739 2611
f 2613 2740 2612
f 2614 2740 2613
f 2614 2741 2740
f 2615 2741 2614
f 2615 2742 2741
f 2616 2742 2615
f 2616 2743 2742
f 2617 2743 2616
f 2617 2744 2743
f 2618 2744 2617
f 2618 2745 2744
f 2619 2745 2618
f 2619 2746 2745
f 2620 2746 2619
f 2620 2747 2746
f 2621 2747 2620
f 2621 2748 2747
f 2621 2749 2748
f 2622 2749 2621
f 2622 2750 2749
f 2623 2750 2622
f 2623 2751 2750
f 2624 2751 2623
f 2625 2751 2624
f 2625 2752 2751
f 2625 2753 2752
f 2626 2753 2625
f 2626 2754 2753
f 2627 2754 2626
f 2628 2754 2627
f 2628 2755 2754
f 2629 2755 2628
f 2629 2756 2755
f 2630 2756 2629
f 2630 2757 2756
f 2631 2757 2630
f 2631 2758 2757
f 2632 2758 2631
f 2632 2759 2758
f 2632 2760 2759
f 2633 2760 2632
f 2634 2760 2633
f 2634 2761 2760
f 2635 2762 2761
f 2635 2761 2634
f 2636 2763 2762
f 2636 2762 2635
f 2637 2764 2763
f 2637 2763 2636
f 2638 2765 2764
f 2638 2764 2637
f 2639 2765 2638
f 2639 2766 2765
f 2640 2766 2639
f 2640 2767 2766
f 2641 2767 2640
f 2641 2768 2767
f 2642 2768 2641
f 2642 2769 2768
f 2642 2770 2769
f 2643 2770 2642
f 2644 2770 2643
f 2644 2771 2770
f 2644 2772 2771
f 2645 2772 2644
f 2646 2772 2645
f 2646 2773 2772
f 2646 2774 2773
f 2647 2774 2646
f 2648 2774 2647
f 2648 2775 2774
f 2649 2775 2648
f 2649 2776 2775
f 2649 2777 2776
f 2650 2777 2649
f 2651 2779 2778
f 2651 2777 2650
f 2651 2778 2777
f 2652 2779 2651
f 2653 2780 2779
f 2653 2781 2780
f 2653 2779 2652
f 2654 2781 2653
f 2655 2782 2781
f 2655 2781 2654
f 2656 2783 2782
f 2656 2784 2783
f 2656 2782 2655
f 2657 2784 2656
f 2658 2785 2784
f 2658 2784 2657
f 2659 2786 2785
f 2659 2787 2786
f 2659 2785 2658
f 2660 2788 2787
f 2660 2787 2659
f 2661 2788 2660
f 2662 2789 2788
f 2662 2788 2661
f 2663 2790 2789
f 2663 2789 2662
f 2664 2791 2790
f 2664 2790 2663
f 2665 2791 2664
f 2665 2792 2791
f 2666 2792 2665
f 2666 2793 2792
f 2667 2793 2666
f 2667 2794 2793
f 2668 2794 2667
f 2668 2795 2794
f 2669 2796 2795
f 2669 2795 2668
f 2670 2797 2796
f 2670 2798 2797
f 2670 2796 2669
f 2671 2798 2670
f 2672 2799 2798
f 2672 2800 2799
f 2672 2798 2671
f 2673 2800 2672
f 2674 2801 2800
f 2674 2800 2673
f 2675 2802 2801
f 2675 2801 2674
f 2676 2803 2802
f 2676 2802 2675
f 2677 2804 2803
f 2677 2803 2676
f 2678 2805 2804
f 2678 2804 2677
f 2679 2806 2805
f 2679 2805 2678
f 2680 2807 2806
f 2680 2806 2679
f 2681 2808 2807
f 2681 2807 2680
f 2682 2809 2808
f 2682 2810 2809
f 2682 2808 2681
f 2683 2810 2682
f 2684 2811 2810
f 2684 2810 2683
f 2685 2812 2811
f 2685 2811 2684
f 2686 2813 2812
f 2686 2812 2685
f 2687 2814 2813
f 2687 2813 2686
f 2688 2815 2814
f 2688 2814 2687
f 2689 2816 2815
f 2689 2817 2816
f 2689 2815 2688
f 2690 2817 2689
f 2690 2818 2817
f 2691 2818 2690
f 2692 2818 2691
f 2692 2819 2818
f 2692 2820 2819
f 2693 2820 2692
f 2693 2821 2820
f 2694 2821 2693
f 2695 2821 2694
f 2695 2822 2821
f 2696 2822 2695
f 2696 2823 2822
f 2697 2823 2696
f 2697 2824 2823
f 2698 2824 2697
f 2698 2825 2824
f 2699 2825 2698
f 2699 2826 2825
f 2700 2826 2699
f 2700 2827 2826
f 2701 2827 2700
f 2701 2828 2827
f 2702 2829 2828
f 2702 2828 2701
f 2703 2830 2829
f 2703 2829 2702
f 2832 2958 2831
f 2832 2959 2958
f 2833 2960 2959
f 2833 2959 2832
f 2834 2961 2960
f 2834 2960 2833
f 2835 2962 2961
f 2835 2963 2962
f 2835 2961 2834
f 2836 2963 2835
f 2837 2964 2963
f 2837 2963 2836
f 2838 2965 2964
f 2838 2966 2965
f 2838 2964 2837
f 2839 2966 2838
f 2840 2967 2966
f 2840 2968 2967
f 2840 2966 2839
f 2841 2969 2968
f 2841 2968 2840
f 2842 2969 2841
f 2842 2970 2969
f 2843 2970 2842
f 2844 2970 2843
f 2844 2971 2970
f 2844 2972 2971
f 2845 2972 2844
f 2846 2972 2845
f 2846 2973 2972
f 2847 2973 2846
f 2847 2974 2973
f 2848 2974 2847
f 2848 2975 2974
f 2849 2975 2848
f 2849 2976 2975
f 2849 2977 2976
f 2850 2977 2849
f 2851 2977 2850
f 2851 2978 2977
f 2852 2978 2851
f 2852 2979 2978
f 2853 2979 2852
f 2853 2980 2979
f 2853 2981 2980
f 2854 2981 2853
f 2855 2982 2981
f 2855 2981 2854
f 2856 2983 2982
f 2856 2982 2855
f 2857 2984 2983
f 2857 2983 2856
f 2858 2985 2984
f 2858 2984 2857
f 2859 2986 2985
f 2859 2987 2986
f 2859 2985 2858
f 2860 2987 2859
f 2861 2988 2987
f 2861 2989 2988
f 2861 2987 2860
f 2862 2989 2861
f 2863 2990 2989
f 2863 2991 2990
f 2863 2989 2862
f 2864 2991 2863
f 2865 2992 2991
f 2865 2993 2992
f 2865 2991 2864
f 2866 2994 2993
f 2866 2993 2865
f 2867 2994 2866
f 2868 2994 2867
f 2868 2995 2994
f 2869 2995 2868
f 2869 2996 2995
f 2870 2996 2869
f 2870 2997 2996
f 2871 2997 2870
f 2871 2998 2997
f 2872 2998 2871
f 2872 2999 2998
f 2873 2999 2872
f 2873 3000 2999
f 2874 3000 2873
f 2874 3001 3000
f 2875 3001 2874
f 2875 3002 3001
f 2875 3003 3002
f 2876 3003 2875
f 2876 3004 3003
f 2877 3004 2876
f 2877 3005 3004
f 2878 3005 2877
f 2879 3005 2878
f 2879 3006 3005
f 2879 3007 3006
f 2880 3007 2879
f 2880 3008 3007
f 2881 3008 2880
f 2882 3008 2881
f 2882 3009 3008
f 2883 3009 2882
f 2883 3010 3009
f 2884 3010 2883
f 2884 3011 3010
f 2885 3011 2884
f 2885 3012 3011
f 2886 3012 2885
f 2886 3013 3012
f 2886 3014 3013
f 2887 3014 2886
f 2888 3014 2887
f 2888 3015 3014
f 2889 3016 3015
f 2889 3015 2888
f 2890 3017 3016
f 2890 3016 2889
f 2891 3018 3017
f 2891 3017 2890
f 2892 3019 3018
f 2892 3018 2891
f 2893 3019 2892
f 2893 3020 3019
f 2894 3020 2893
f 2894 3021 3020
f 2895 3021 2894
f 2895 3022 3021
f 2896 3022 2895
f 2896 3023 3022
f 2896 3024 3023
f 2897 3024 2896
f 2898 3024 2897
f 2898 3025 3024
f 2898 3026 3025
f 2899 3026 2898
f 2900 3026 2899
f 2900 3027 3026
f 2900 3028 3027
f 2901 3028 2900
f 2902 3028 2901
f 2902 3029 3028
f 2903 3029 2902
f 2903 3030 3029
f 2903 3031 3030
f 2904 3031 2903
f 2905 3033 3032
f 2905 3031 2904
f 2905 3032 3031
f 2906 3033 2905
f 2907 3034 3033
f 2907 3035 3034
f 2907 3033 2906
f 2908 3035 2907
f 2909 3036 3035
f 2909 3035 2908
f 2910 3037 3036
f 2910 3038 3037
f 2910 3036 2909
f 2911 3038 2910
f 2912 3039 3038
f 2912 3038 2911
f 2913 3040 3039
f 2913 3041 3040
f 2913 3039 2912
f 2914 3042 3041
f 2914 3041 2913
f 2915 3042 2914
f 2916 3043 3042
f 2916 3042 2915
f 2917 3044 3043
f 2917 3043 2916
f 2918 3045 3044
f 2918 3044 2917
f 2919 3045 2918
f 2919 3046 3045
f 2920 3046 2919
f 2920 3047 3046
f 2921 3047 2920
f 2921 3048 3047
f 2922 3048 2921
f 2922 3049 3048
f 2923 3050 3049
f 2923 3049 2922
f 2924 3051 3050
f 2924 3052 3051
f 2924 3050 2923
f 2925 3052 2924
f 2926 3053 3052
f 2926 3054 3053
f 2926 3052 2925
f 2927 3054 2926
f 2928 3055 3054
f 2928 3054 2927
f 2929 3056 3055
f 2929 3055 2928
f 2930 3057 3056
f 2930 3056 2929
f 2931 3058 3057
f 2931 3057 2930
f 2932 3059 3058
f 2932 3058 2931
f 2933 3060 3059
f 2933 3059 2932
f 2934 3061 3060
f 2934 3060 2933
f 2935 3062 3061
f 2935 3061 2934
f 2936 3063 3062
f 2936 3064 3063
f 2936 3062 2935
f 2937 3064 2936
f 2938 3065 3064
f 2938 3064 2937
f 2939 3066 3065
f 2939 3065 2938
f 2940 3067 3066
f 2940 3066 2939
f 2941 3068 3067
f 2941 3067 2940
f 2942 3069 3068
f 2942 3068 2941
f 2943 3070 3069
f 2943 3071 3070
f 2943 3069 2942
f 2944 3071 2943
f 2944 3072 3071
f 2945 3072 2944
f 2946 3072 2945
f 2946 3073 3072
f 2946 3074 3073
f 2947 3074 2946
f 2947 3075 3074
f 2948 3075 2947
f 2949 3075 2948
f 2949 3076 3075
f 2950 3076 2949
f 2950 3077 3076
f 2951 3077 2950
f 2951 3078 3077
f 2952 3078 2951
f 2952 3079 3078
f 2953 3079 2952
f 2953 3080 3079
f 2954 3080 2953
f 2954 3081 3080
f 2955 3081 2954
f 2955 3082 3081
f 2956 3083 3082
f 2956 3082 2955
f 2957 3084 3083
f 2957 3083 2956
f 3086 3212 3085
f 3086 3213 3212
f 3087 3214 3213
f 3087 3213 3086
f 3088 3215 3214
f 3088 3214 3087
f 3089 3216 3215
f 3089 3217 3216
f 3089 3215 3088
f 3090 3217 3089
f 3091 3218 3217
f 3091 3217 3090
f 3092 3219 3218
f 3092 3220 3219
f 3092 3218 3091
f 3093 3220 3092
f 3094 3221 3220
f 3094 3222 3221
f 3094 3220 3093
f 3095 3223 3222
f 3095 3222 3094
f 3096 3223 3095
f 3096 3224 3223
f 3097 3224 3096
f 3098 3224 3097
f 3098 3225 3224
f 3098 3226 3225
f 3099 3226 3098
f 3100 3226 3099
f 3100 3227 3226
f 3101 3227 3100
f 3101 3228 3227
f 3102 3228 3101
f 3102 3229 3228
f 3103 3229 3102
f 3103 3230 3229
f 3103 3231 3230
f 3104 3231 3103
f 3105 3231 3104
f 3105 3232 3231
f 3106 3232 3105
f 3106 3233 3232
f 3107 3233 3106
f 3107 3234 3233
f 3107 3235 3234
f 3108 3235 3107
f 3109 3236 3235
f 3109 3235 3108
f 3110 3237 3236
f 3110 3236 3109
f 3111 3238 3237
f 3111 3237 3110
f 3112 3239 3238
f 3112 3238 3111
f 3113 3240 3239
f 3113 3241 3240
f 3113 3239 3112
f 3114 3241 3113
f 3115 3242 3241
f 3115 3243 3242
f 3115 3241 3114
f 3116 3243 3115
f 3117 3244 3243
f 3117 3245 3244
f 3117 3243 3116
f 3118 3245 3117
f 3119 3246 3245
f 3119 3247 3246
f 3119 3245 3118
f 3120 3248 3247
f 3120 3247 3119
f 3121 3248 3120
f 3122 3248 3121
f 3122 3249 3248
f 3123 3249 3122
f 3123 3250 3249
f 3124 3250 3123
f 3124 3251 3250
f 3125 3251 3124
f 3125 3252 3251
f 3126 3252 3125
f 3126 3253 3252
f 3127 3253 3126
f 3127 3254 3253
f 3128 3254 3127
f 3128 3255 3254
f 3129 3255 3128
f 3129 3256 3255
f 3129 3257 3256
f 3130 3257 3129
f 3130 3258 3257
f 3131 3258 3130
f 3131 3259 3258
f 3132 3259 3131
f 3133 3259 3132
f 3133 3260 3259
f 3133 3261 3260
f 3134 3261 3133
f 3134 3262 3261
f 3135 3262 3134
f 3136 3262 3135
f 3136 3263 3262
f 3137 3263 3136
f 3137 3264 3263
f 3138 3264 3137
f 3138 3265 3264
f 3139 3265 3138
f 3139 3266 3265
f 3140 3266 3139
f 3140 3267 3266
f 3140 3268 3267
f 3141 3268 3140
f 3142 3268 3141
f 3142 3269 3268
f 3143 3270 3269
f 3143 3269 3142
f 3144 3271 3270
f 3144 3270 3143
f 3145 3272 3271
f 3145 3271 3144
f 3146 3273 3272
f 3146 3272 3145
f 3147 3273 3146
f 3147 3274 3273
f 3148 3274 3147
f 3148 3275 3274
f 3149 3275 3148
f 3149 3276 3275
f 3150 3276 3149
f 3150 3277 3276
f 3150 3278 3277
f 3151 3278 3150
f 3152 3278 3151
f 3152 3279 3278
f 3152 3280 3279
f 3153 3280 3152
f 3154 3280 3153
f 3154 3281 3280
f 3154 3282 3281
f 3155 3282 3154
f 3156 3282 3155
f 3156 3283 3282
f 3157 3283 3156
f 3157 3284 3283
f 3157 3285 3284
f 3158 3285 3157
f 3159 3287 3286
f 3159 3285 3158
f 3159 3286 3285
f 3160 3287 3159
f 3161 3288 3287
f 3161 3289 3288
f 3161 3287 3160
f 3162 3289 3161
f 3163 3290 3289
f 3163 3289 3162
f 3164 3291 3290
f 3164 3292 3291
f 3164 3290 3163
f 3165 3292 3164
f 3166 3293 3292
f 3166 3292 3165
f 3167 3294 3293
f 3167 3295 3294
f 3167 3293 3166
f 3168 3296 3295
f 3168 3295 3167
f 3169 3296 3168
f 3170 3297 3296
f 3170 3296 3169
f 3171 3298 3297
f 3171 3297 3170
f 3172 3299 3298
f 3172 3298 3171
f 3173 3299 3172
f 3173 3300 3299
f 3174 3300 3173
f 3174 3301 3300
f 3175 3301 3174
f 3175 3302 3301
f 3176 3302 3175
f 3176 3303 3302
f 3177 3304 3303
f 3177 3303 3176
f 3178 3305 3304
f 3178 3306 3305
f 3178 3304 3177
f 3179 3306 3178
f 3180 3307 3306
f 3180 3308 3307
f 3180 3306 3179
f 3181 3308 3180
f 3182 3309 3308
f 3182 3308 3181
f 3183 3310 3309
f 3183 3309 3182
f 3184 3311 3310
f 3184 3310 3183
f 3185 3312 3311
f 3185 3311 3184
f 3186 3313 3312
f 3186 3312 3185
f 3187 3314 3313
f 3187 3313 3186
f 3188 3315 3314
f 3188 3314 3187
f 3189 3316 3315
f 3189 3315 3188
f 3190 3317 3316
f 3190 3318 3317
f 3190 3316 3189
f 3191 3318 3190
f 3192 3319 3318
f 3192 3318 3191
f 3193 3320 3319
f 3193 3319 3192
f 3194 3321 3320
f 3194 3320 3193
f 3195 3322 3321
f 3195 3321 3194
f 3196 3323 3322
f 3196 3322 3195
f 3197 3324 3323
f 3197 3325 3324
f 3197 3323 3196
f 3198 3325 3197
f 3198 3326 3325
f 3199 3326 3198
f 3200 3326 3199
f 3200 3327 3326
f 3200 3328 3327
f 3201 3328 3200
f 3201 3329 3328
f 3202 3329 3201
f 3203 3329 3202
f 3203 3330 3329
f 3204 3330 3203
f 3204 3331 3330
f 3205 3331 3204
f 3205 3332 3331
f 3206 3332 3205
f 3206 3333 3332
f 3207 3333 3206
f 3207 3334 3333
f 3208 3334 3207
f 3208 3335 3334
f 3209 3335 3208
f 3209 3336 3335
f 3210 3337 3336
f 3210 3336 3209
f 3211 3338 3337
f 3211 3337 3210
f 3340 3466 3339
f 3340 3467 3466
f 3341 3468 3467
f 3341 3467 3340
f 3342 3469 3468
f 3342 3468 3341
f 3343 3470 3469
f 3343 3471 3470
f 3343 3469 3342
f 3344 3471 3343
f 3345 3472 3471
f 3345 3471 3344
f 3346 3473 3472
f 3346 3474 3473
f 3346 3472 3345
f 3347 3474 3346
f 3348 3475 3474
f 3348 3476 3475
f 3348 3474 3347
f 3349 3477 3476
f 3349 3476 3348
f 3350 3477 3349
f 3350 3478 3477
f 3351 3478 3350
f 3352 3478 3351
f 3352 3479 3478
f 3352 3480 3479
f 3353 3480 3352
f 3354 3480 3353
f 3354 3481 3480
f 3355 3481 3354
f 3355 3482 3481
f 3356 3482 3355
f 3356 3483 3482
f 3357 3483 3356
f 3357 3484 3483
f 3357 3485 3484
f 3358 3485 3357
f 3359 3485 3358
f 3359 3486 3485
f 3360 3486 3359
f 3360 3487 3486
f 3361 3487 3360
f 3361 3488 3487
f 3361 3489 3488
f 3362 3489 3361
f 3363 3490 3489
f 3363 3489 3362
f 3364 3491 3490
f 3364 3490 3363
f 3365 3492 3491
f 3365 3491 3364
f 3366 3493 3492
f 3366 3492 3365
f 3367 3494 3493
f 3367 3495 3494
f 3367 3493 3366
f 3368 3495 3367
f 3369 3496 3495
f 3369 3497 3496
f 3369 3495 3368
f 3370 3497 3369
f 3371 3498 3497
f 3371 3499 3498
f 3371 3497 3370
f 3372 3499 3371
f 3373 3500 3499
f 3373 3501 3500
f 3373 3499 3372
f 3374 3502 3501
f 3374 3501 3373
f 3375 3502 3374
f 3376 3502 3375
f 3376 3503 3502
f 3377 3503 3376
f 3377 3504 3503
f 3378 3504 3377
f 3378 3505 3504
f 3379 3505 3378
f 3379 3506 3505
f 3380 3506 3379
f 3380 3507 3506
f 3381 3507 3380
f 3381 3508 3507
f 3382 3508 3381
f 3382 3509 3508
f 3383 3509 3382
f 3383 3510 3509
f 3383 3511 3510
f 3384 3511 3383
f 3384 3512 3511
f 3385 3512 3384
f 3385 3513 3512
f 3386 3513 3385
f 3387 3513 3386
f 3387 3514 3513
f 3387 3515 3514
f 3388 3515 3387
f 3388 3516 3515
f 3389 3516 3388
f 3390 3516 3389
f 3390 3517 3516
f 3391 3517 3390
f 3391 3518 3517
f 3392 3518 3391
f 3392 3519 3518
f 3393 3519 3392
f 3393 3520 3519
f 3394 3520 3393
f 3394 3521 3520
f 3394 3522 3521
f 3395 3522 3394
f 3396 3522 3395
f 3396 3523 3522
f 3397 3524 3523
f 3397 3523 3396
f 3398 3525 3524
f 3398 3524 3397
f 3399 3526 3525
f 3399 3525 3398
f 3400 3527 3526
f 3400 3526 3399
f 3401 3527 3400
f 3401 3528 3527
f 3402 3528 3401
f 3402 3529 3528
f 3403 3529 3402
f 3403 3530 3529
f 3404 3530 3403
f 3404 3531 3530
f 3404 3532 3531
f 3405 3532 3404
f 3406 3532 3405
f 3406 3533 3532
f 3406 3534 3533
f 3407 3534 3406
f 3408 3534 3407
f 3408 3535 3534
f 3408 3536 3535
f 3409 3536 3408
f 3410 3536 3409
f 3410 3537 3536
f 3411 3537 3410
f 3411 3538 3537
f 3411 3539 3538
f 3412 3539 3411
f 3413 3541 3540
f 3413 3539 3412
f 3413 3540 3539
f 3414 3541 3413
f 3415 3542 3541
f 3415 3543 3542
f 3415 3541 3414
f 3416 3543 3415
f 3417 3544 3543
f 3417 3543 3416
f 3418 3545 3544
f 3418 3546 3545
f 3418 3544 3417
f 3419 3546 3418
f 3420 3547 3546
f 3420 3546 3419
f 3421 3548 3547
f 3421 3549 3548
f 3421 3547 3420
f 3422 3550 3549
f 3422 3549 3421
f 3423 3550 3422
f 3424 3551 3550
f 3424 3550 3423
f 3425 3552 3551
f 3425 3551 3424
f 3426 3553 3552
f 3426 3552 3425
f 3427 3553 3426
f 3427 3554 3553
f 3428 3554 3427
f 3428 3555 3554
f 3429 3555 3428
f 3429 3556 3555
f 3430 3556 3429
f 3430 3557 3556
f 3431 3558 3557
f 3431 3557 3430
f 3432 3559 3558
f 3432 3560 3559
f 3432 3558 3431
f 3433 3560 3432
f 3434 3561 3560
f 3434 3562 3561
f 3434 3560 3433
f 3435 3562 3434
f 3436 3563 3562
f 3436 3562 3435
f 3437 3564 3563
f 3437 3563 3436
f 3438 3565 3564
f 3438 3564 3437
f 3439 3566 3565
f 3439 3565 3438
f 3440 3567 3566
f 3440 3566 3439
f 3441 3568 3567
f 3441 3567 3440
f 3442 3569 3568
f 3442 3568 3441
f 3443 3570 3569
f 3443 3569 3442
f 3444 3571 3570
f 3444 3572 3571
f 3444 3570 3443
f 3445 3572 3444
f 3446 3573 3572
f 3446 3572 3445
f 3447 3574 3573
f 3447 3573 3446
f 3448 3575 3574
f 3448 3574 3447
f 3449 3576 3575
f 3449 3575 3448
f 3450 3577 3576
f 3450 3576 3449
f 3451 3578 3577
f 3451 3579 3578
f 3451 3577 3450
f 3452 3579 3451
f 3452 3580 3579
f 3453 3580 3452
f 3454 3580 3453
f 3454 3581 3580
f 3454 3582 3581
f 3455 3582 3454
f 3455 3583 3582
f 3456 3583 3455
f 3457 3583 3456
f 3457 3584 3583
f 3458 3584 3457
f 3458 3585 3584
f 3459 3585 3458
f 3459 3586 3585
f 3460 3586 3459
f 3460 3587 3586
f 3461 3587 3460
f 3461 3588 3587
f 3462 3588 3461
f 3462 3589 3588
f 3463 3589 3462
f 3463 3590 3589
f 3464 3591 3590
f 3464 3590 3463
f 3465 3592 3591
f 3465 3591 3464
f 3678 3671 3672
f 3678 3672 3673
f 3678 3673 3674
f 3678 3674 3675
f 3678 3675 3676
f 3678 3676 3677
f 3665 3666 3667
f 3681 3678 3679
f 3681 3679 3680
f 3662 3663 3664
f 3683 3681 3682
f 3684 3681 3683
f 3686 3684 3685
f 3688 3686 3687
f 3691 3688 3689
f 3691 3689 3690
f 3693 3688 3691
f 3693 3691 3692
f 3650 3651 3652
f 3650 3652 3653
f 3648 3649 3650
f 3696 3693 3694
f 3696 3694 3695
f 3697 3693 3696
f 3644 3645 3646
f 3644 3646 3647
f 3644 3647 3648
f 3700 3697 3698
f 3700 3698 3699
f 3701 3693 3697
f 3701 3697 3700
f 3642 3650 3653
f 3642 3648 3650
f 3642 3644 3648
f 3642 3643 3644
f 3642 3653 3654
f 3642 3654 3655
f 3642 3655 3656
f 3642 3656 3657
f 3642 3657 3658
f 3642 3658 3659
f 3703 3701 3702
f 3706 3704 3705
f 3637 3638 3639
f 3637 3639 3640
f 3637 3640 3641
f 3637 3641 3642
f 3707 3703 3704
f 3707 3701 3703
f 3707 3704 3706
f 3708 3701 3707
f 3710 3708 3709
f 3710 3701 3708
f 3633 3642 3659
f 3633 3634 3635
f 3633 3635 3636
f 3633 3637 3642
f 3633 3636 3637
f 3633 3659 3660
f 3633 3660 3661
f 3631 3632 3633
f 3713 3710 3711
f 3713 3711 3712
f 3713 3693 3701
f 3713 3701 3710
f 3629 3630 3631
f 3715 3713 3714
f 3628 3629 3631
f 3626 3627 3628
f 3718 3688 3693
f 3718 3715 3716
f 3718 3716 3717
f 3718 3671 3678
f 3718 3678 3681
f 3718 3681 3684
f 3718 3684 3686
f 3718 3693 3713
f 3718 3686 3688
f 3718 3713 3715
f 3625 3626 3628
f 3624 3625 3628
f 3595 3593 3594
f 3595 3718 3593
f 3620 3621 3622
f 3620 3622 3623
f 3600 3595 3596
f 3600 3596 3597
f 3600 3597 3598
f 3600 3598 3599
f 3617 3618 3619
f 3601 3718 3595
f 3601 3595 3600
f 3602 3718 3601
f 3615 3616 3617
f 3615 3619 3620
f 3615 3617 3619
f 3603 3671 3718
f 3603 3718 3602
f 3603 3665 3667
f 3603 3667 3668
f 3603 3668 3669
f 3603 3669 3670
f 3603 3670 3671
f 3614 3620 3623
f 3614 3623 3624
f 3614 3615 3620
f 3612 3624 3628
f 3612 3613 3614
f 3612 3614 3624
f 3607 3605 3606
f 3610 3611 3612
f 3608 3603 3604
f 3608 3604 3605
f 3608 3605 3607
f 3609 3628 3631
f 3609 3612 3628
f 3609 3665 3603
f 3609 3633 3661
f 3609 3603 3608
f 3609 3662 3664
f 3609 3610 3612
f 3609 3661 3662
f 3609 3664 3665
f 3609 3631 3633
f 3804 3797 3798
f 3804 3798 3799
f 3804 3799 3800
f 3804 3800 3801
f 3804 3801 3802
f 3804 3802 3803
f 3791 3792 3793
f 3807 3804 3805
f 3807 3805 3806
f 3788 3789 3790
f 3809 3807 3808
f 3810 3807 3809
f 3812 3810 3811
f 3814 3812 3813
f 3817 3814 3815
f 3817 3815 3816
f 3819 3814 3817
f 3819 3817 3818
f 3776 3777 3778
f 3776 3778 3779
f 3774 3775 3776
f 3822 3819 3820
f 3822 3820 3821
f 3823 3819 3822
f 3770 3771 3772
f 3770 3772 3773
f 3770 3773 3774
f 3826 3823 3824
f 3826 3824 3825
f 3827 3819 3823
f 3827 3823 3826
f 3768 3776 3779
f 3768 3774 3776
f 3768 3770 3774
f 3768 3769 3770
f 3768 3779 3780
f 3768 3780 3781
f 3768 3781 3782
f 3768 3782 3783
f 3768 3783 3784
f 3768 3784 3785
f 3829 3827 3828
f 3832 3830 3831
f 3763 3764 3765
f 3763 3765 3766
f 3763 3766 3767
f 3763 3767 3768
f 3833 3829 3830
f 3833 3827 3829
f 3833 3830 3832
f 3834 3827 3833
f 3836 3834 3835
f 3836 3827 3834
f 3759 3768 3785
f 3759 3760 3761
f 3759 3761 3762
f 3759 3763 3768
f 3759 3762 3763
f 3759 3785 3786
f 3759 3786 3787
f 3757 3758 3759
f 3839 3836 3837
f 3839 3837 3838
f 3839 3819 3827
f 3839 3827 3836
f 3755 3756 3757
f 3841 3839 3840
f 3754 3755 3757
f 3752 3753 3754
f 3844 3814 3819
f 3844 3841 3842
f 3844 3842 3843
f 3844 3797 3804
f 3844 3804 3807
f 3844 3807 3810
f 3844 3810 3812
f 3844 3819 3839
f 3844 3812 3814
f 3844 3839 3841
f 3751 3752 3754
f 3750 3751 3754
f 3721 3719 3720
f 3721 3844 3719
f 3746 3747 3748
f 3746 3748 3749
f 3726 3721 3722
f 3726 3722 3723
f 3726 3723 3724
f 3726 3724 3725
f 3743 3744 3745
f 3727 3844 3721
f 3727 3721 3726
f 3728 3844 3727
f 3741 3742 3743
f 3741 3745 3746
f 3741 3743 3745
f 3729 3797 3844
f 3729 3844 3728
f 3729 3791 3793
f 3729 3793 3794
f 3729 3794 3795
f 3729 3795 3796
f 3729 3796 3797
f 3740 3746 3749
f 3740 3749 3750
f 3740 3741 3746
f 3738 3750 3754
f 3738 3739 3740
f 3738 3740 3750
f 3733 3731 3732
f 3736 3737 3738
f 3734 3729 3730
f 3734 3730 3731
f 3734 3731 3733
f 3735 3754 3757
f 3735 3738 3754
f 3735 3791 3729
f 3735 3759 3787
f 3735 3729 3734
f 3735 3788 3790
f 3735 3736 3738
f 3735 3787 3788
f 3735 3790 3791
f 3735 3757 3759
f 3930 3923 3924
f 3930 3924 3925
f 3930 3925 3926
f 3930 3926 3927
f 3930 3927 3928
f 3930 3928 3929
f 3917 3918 3919
f 3933 3930 3931
f 3933 3931 3932
f 3914 3915 3916
f 3935 3933 3934
f 3936 3933 3935
f 3938 3936 3937
f 3940 3938 3939
f 3943 3940 3941
f 3943 3941 3942
f 3945 3940 3943
f 3945 3943 3944
f 3902 3903 3904
f 3902 3904 3905
f 3900 3901 3902
f 3948 3945 3946
f 3948 3946 3947
f 3949 3945 3948
f 3896 3897 3898
f 3896 3898 3899
f 3896 3899 3900
f 3952 3949 3950
f 3952 3950 3951
f 3953 3945 3949
f 3953 3949 3952
f 3894 3902 3905
f 3894 3900 3902
f 3894 3896 3900
f 3894 3895 3896
f 3894 3905 3906
f 3894 3906 3907
f 3894 3907 3908
f 3894 3908 3909
f 3894 3909 3910
f 3894 3910 3911
f 3955 3953 3954
f 3958 3956 3957
f 3889 3890 3891
f 3889 3891 3892
f 3889 3892 3893
f 3889 3893 3894
f 3959 3955 3956
f 3959 3953 3955
f 3959 3956 3958
f 3960 3953 3959
f 3962 3960 3961
f 3962 3953 3960
f 3885 3894 3911
f 3885 3886 3887
f 3885 3887 3888
f 3885 3889 3894
f 3885 3888 3889
f 3885 3911 3912
f 3885 3912 3913
f 3883 3884 3885
f 3965 3962 3963
f 3965 3963 3964
f 3965 3945 3953
f 3965 3953 3962
f 3881 3882 3883
f 3967 3965 3966
f 3880 3881 3883
f 3878 3879 3880
f 3970 3940 3945
f 3970 3967 3968
f 3970 3968 3969
f 3970 3923 3930
f 3970 3930 3933
f 3970 3933 3936
f 3970 3936 3938
f 3970 3945 3965
f 3970 3938 3940
f 3970 3965 3967
f 3877 3878 3880
f 3876 3877 3880
f 3847 3845 3846
f 3847 3970 3845
f 3872 3873 3874
f 3872 3874 3875
f 3852 3847 3848
f 3852 3848 3849
f 3852 3849 3850
f 3852 3850 3851
f 3869 3870 3871
f 3853 3970 3847
f 3853 3847 3852
f 3854 3970 3853
f 3867 3868 3869
f 3867 3871 3872
f 3867 3869 3871
f 3855 3923 3970
f 3855 3970 3854
f 3855 3917 3919
f 3855 3919 3920
f 3855 3920 3921
f 3855 3921 3922
f 3855 3922 3923
f 3866 3872 3875
f 3866 3875 3876
f 3866 3867 3872
f 3864 3876 3880
f 3864 3865 3866
f 3864 3866 3876
f 3859 3857 3858
f 3862 3863 3864
f 3860 3855 3856
f 3860 3856 3857
f 3860 3857 3859
f 3861 3880 3883
f 3861 3864 3880
f 3861 3917 3855
f 3861 3885 3913
f 3861 3855 3860
f 3861 3914 3916
f 3861 3862 3864
f 3861 3913 3914
f 3861 3916 3917
f 3861 3883 3885
f 4056 4049 4050
f 4056 4050 4051
f 4056 4051 4052
f 4056 4052 4053
f 4056 4053 4054
f 4056 4054 4055
f 4043 4044 4045
f 4059 4056 4057
f 4059 4057 4058
f 4040 4041 4042
f 4061 4059 4060
f 4062 4059 4061
f 4064 4062 4063
f 4066 4064 4065
f 4069 4066 4067
f 4069 4067 4068
f 4071 4066 4069
f 4071 4069 4070
f 4028 4029 4030
f 4028 4030 4031
f 4026 4027 4028
f 4074 4071 4072
f 4074 4072 4073
f 4075 4071 4074
f 4022 4023 4024
f 4022 4024 4025
f 4022 4025 4026
f 4078 4075 4076
f 4078 4076 4077
f 4079 4071 4075
f 4079 4075 4078
f 4020 4028 4031
f 4020 4026 4028
f 4020 4022 4026
f 4020 4021 4022
f 4020 4031 4032
f 4020 4032 4033
f 4020 4033 4034
f 4020 4034 4035
f 4020 4035 4036
f 4020 4036 4037
f 4081 4079 4080
f 4084 4082 4083
f 4015 4016 4017
f 4015 4017 4018
f 4015 4018 4019
f 4015 4019 4020
f 4085 4081 4082
f 4085 4079 4081
f 4085 4082 4084
f 4086 4079 4085
f 4088 4086 4087
f 4088 4079 4086
f 4011 4020 4037
f 4011 4012 4013
f 4011 4013 4014
f 4011 4015 4020
f 4011 4014 4015
f 4011 4037 4038
f 4011 4038 4039
f 4009 4010 4011
f 4091 4088 4089
f 4091 4089 4090
f 4091 4071 4079
f 4091 4079 4088
f 4007 4008 4009
f 4093 4091 4092
f 4006 4007 4009
f 4004 4005 4006
f 4096 4066 4071
f 4096 4093 4094
f 4096 4094 4095
f 4096 4049 4056
f 4096 4056 4059
f 4096 4059 4062
f 4096 4062 4064
f 4096 4071 4091
f 4096 4064 4066
f 4096 4091 4093
f 4003 4004 4006
f 4002 4003 4006
f 3973 3971 3972
f 3973 4096 3971
f 3998 3999 4000
f 3998 4000 4001
f 3978 3973 3974
f 3978 3974 3975
f 3978 3975 3976
f 3978 3976 3977
f 3995 3996 3997
f 3979 4096 3973
f 3979 3973 3978
f 3980 4096 3979
f 3993 3994 3995
f 3993 3997 3998
f 3993 3995 3997
f 3981 4049 4096
f 3981 4096 3980
f 3981 4043 4045
f 3981 4045 4046
f 3981 4046 4047
f 3981 4047 4048
f 3981 4048 4049
f 3992 3998 4001
f 3992 4001 4002
f 3992 3993 3998
f 3990 4002 4006
f 3990 3991 3992
f 3990 3992 4002
f 3985 3983 3984
f 3988 3989 3990
f 3986 3981 3982
f 3986 3982 3983
f 3986 3983 3985
f 3987 4006 4009
f 3987 3990 4006
f 3987 4043 3981
f 3987 4011 4039
f 3987 3981 3986
f 3987 4040 4042
f 3987 3988 3990
f 3987 4039 4040
f 3987 4042 4043
f 3987 4009 4011
