# Cadless export: model
v -50 -30 3
v -50 30 3
v -50 -30 0
v -50 30 0
v -50 -30 3
v -50 30 3
v -49.994 -30.2453 3
v -49.9759 -30.4901 3
v -49.9459 -30.7337 3
v -49.9039 -30.9755 3
v -49.8502 -31.2149 3
v -49.7847 -31.4514 3
v -49.7077 -31.6844 3
v -49.6194 -31.9134 3
v -49.5199 -32.1378 3
v -49.4096 -32.357 3
v -49.2886 -32.5705 3
v -49.1573 -32.7779 3
v -49.016 -32.9785 3
v -48.8651 -33.172 3
v -48.7048 -33.3578 3
v -48.5355 -33.5355 3
v -48.3578 -33.7048 3
v -48.172 -33.8651 3
v -47.9785 -34.016 3
v -47.7779 -34.1573 3
v -47.5705 -34.2886 3
v -47.357 -34.4096 3
v -47.1378 -34.5199 3
v -46.9134 -34.6194 3
v -46.6844 -34.7077 3
v -46.4514 -34.7847 3
v -46.2149 -34.8502 3
v -45.9755 -34.9039 3
v -45.7337 -34.9459 3
v -45.4901 -34.9759 3
v -45.2453 -34.994 3
v -45 -35 3
v 45 -35 3
v 50 -30 3
v 49.994 -30.2453 3
v 49.9759 -30.4901 3
v 49.9459 -30.7337 3
v 49.9039 -30.9755 3
v 49.8502 -31.2149 3
v 49.7847 -31.4514 3
v 49.7077 -31.6844 3
v 49.6194 -31.9134 3
v 49.5199 -32.1378 3
v 49.4096 -32.357 3
v 49.2886 -32.5705 3
v 49.1573 -32.7779 3
v 49.016 -32.9785 3
v 48.8651 -33.172 3
v 48.7048 -33.3578 3
v 48.5355 -33.5355 3
v 48.3578 -33.7048 3
v 48.172 -33.8651 3
v 47.9785 -34.016 3
v 47.7779 -34.1573 3
v 47.5705 -34.2886 3
v 47.357 -34.4096 3
v 47.1378 -34.5199 3
v 46.9134 -34.6194 3
v 46.6844 -34.7077 3
v 46.4514 -34.7847 3
v 46.2149 -34.8502 3
v 45.9755 -34.9039 3
v 45.7337 -34.9459 3
v 45.4901 -34.9759 3
v 45.2453 -34.994 3
v 50 30 3
v 49.994 30.2453 3
v 49.9759 30.4901 3
v 49.9459 30.7337 3
v 49.9039 30.9755 3
v 49.8502 31.2149 3
v 49.7847 31.4514 3
v 49.7077 31.6844 3
v 49.6194 31.9134 3
v 49.5199 32.1378 3
v 49.4096 32.357 3
v 49.2886 32.5705 3
v 49.1573 32.7779 3
v 49.016 32.9785 3
v 48.8651 33.172 3
v 48.7048 33.3578 3
v 48.5355 33.5355 3
v 48.3578 33.7048 3
v 48.172 33.8651 3
v 47.9785 34.016 3
v 47.7779 34.1573 3
v 47.5705 34.2886 3
v 47.357 34.4096 3
v 47.1378 34.5199 3
v 46.9134 34.6194 3
v 46.6844 34.7077 3
v 46.4514 34.7847 3
v 46.2149 34.8502 3
v 45.9755 34.9039 3
v 45.7337 34.9459 3
v 45.4901 34.9759 3
v 45.2453 34.994 3
v 45 35 3
v -45 35 3
v -49.994 30.2453 3
v -49.9759 30.4901 3
v -49.9459 30.7337 3
v -49.9039 30.9755 3
v -49.8502 31.2149 3
v -49.7847 31.4514 3
v -49.7077 31.6844 3
v -49.6194 31.9134 3
v -49.5199 32.1378 3
v -49.4096 32.357 3
v -49.2886 32.5705 3
v -49.1573 32.7779 3
v -49.016 32.9785 3
v -48.8651 33.172 3
v -48.7048 33.3578 3
v -48.5355 33.5355 3
v -48.3578 33.7048 3
v -48.172 33.8651 3
v -47.9785 34.016 3
v -47.7779 34.1573 3
v -47.5705 34.2886 3
v -47.357 34.4096 3
v -47.1378 34.5199 3
v -46.9134 34.6194 3
v -46.6844 34.7077 3
v -46.4514 34.7847 3
v -46.2149 34.8502 3
v -45.9755 34.9039 3
v -45.7337 34.9459 3
v -45.4901 34.9759 3
v -45.2453 34.994 3
v -43.9 -31 3
v -43.9026 -30.8953 3
v -43.9104 -30.7909 3
v -43.9235 -30.687 3
v -43.9416 -30.5839 3
v -43.9649 -30.4818 3
v -43.9933 -30.381 3
v -44.0266 -30.2818 3
v -44.0649 -30.1843 3
v -44.108 -30.0888 3
v -44.1557 -29.9957 3
v -44.2081 -29.905 3
v -44.2649 -29.817 3
v -44.326 -29.732 3
v -44.3913 -29.6501 3
v -44.4606 -29.5716 3
v -44.5337 -29.4967 3
v -44.6105 -29.4255 3
v -44.6907 -29.3582 3
v -44.7741 -29.2949 3
v -44.8607 -29.2359 3
v -44.95 -29.1813 3
v -45.042 -29.1313 3
v -45.1363 -29.0858 3
v -45.2328 -29.0452 3
v -45.3312 -29.0094 3
v -45.4312 -28.9785 3
v -45.5327 -28.9527 3
v -45.6353 -28.9319 3
v -45.7389 -28.9163 3
v -45.8431 -28.9059 3
v -45.9476 -28.9007 3
v -46.0524 -28.9007 3
v -46.1569 -28.9059 3
v -46.2611 -28.9163 3
v -46.3647 -28.9319 3
v -46.4673 -28.9527 3
v -46.5688 -28.9785 3
v -46.6688 -29.0094 3
v -46.7672 -29.0452 3
v -46.8637 -29.0858 3
v -46.958 -29.1313 3
v -47.05 -29.1813 3
v -47.1393 -29.2359 3
v -47.2259 -29.2949 3
v -47.3093 -29.3582 3
v -47.3895 -29.4255 3
v -47.4663 -29.4967 3
v -47.5394 -29.5716 3
v -47.6087 -29.6501 3
v -47.674 -29.732 3
v -47.7351 -29.817 3
v -47.7919 -29.905 3
v -47.8443 -29.9957 3
v -47.892 -30.0888 3
v -47.9351 -30.1843 3
v -47.9734 -30.2818 3
v -48.0067 -30.381 3
v -48.0351 -30.4818 3
v -48.0584 -30.5839 3
v -48.0765 -30.687 3
v -48.0896 -30.7909 3
v -48.0974 -30.8953 3
v -48.1 -31 3
v -48.0974 -31.1047 3
v -48.0896 -31.2091 3
v -48.0765 -31.313 3
v -48.0584 -31.4161 3
v -48.0351 -31.5182 3
v -48.0067 -31.619 3
v -47.9734 -31.7182 3
v -47.9351 -31.8157 3
v -47.892 -31.9112 3
v -47.8443 -32.0043 3
v -47.7919 -32.095 3
v -47.7351 -32.183 3
v -47.674 -32.268 3
v -47.6087 -32.3499 3
v -47.5394 -32.4284 3
v -47.4663 -32.5033 3
v -47.3895 -32.5745 3
v -47.3093 -32.6418 3
v -47.2259 -32.7051 3
v -47.1393 -32.7641 3
v -47.05 -32.8187 3
v -46.958 -32.8687 3
v -46.8637 -32.9142 3
v -46.7672 -32.9548 3
v -46.6688 -32.9906 3
v -46.5688 -33.0215 3
v -46.4673 -33.0473 3
v -46.3647 -33.0681 3
v -46.2611 -33.0837 3
v -46.1569 -33.0941 3
v -46.0524 -33.0993 3
v -45.9476 -33.0993 3
v -45.8431 -33.0941 3
v -45.7389 -33.0837 3
v -45.6353 -33.0681 3
v -45.5327 -33.0473 3
v -45.4312 -33.0215 3
v -45.3312 -32.9906 3
v -45.2328 -32.9548 3
v -45.1363 -32.9142 3
v -45.042 -32.8687 3
v -44.95 -32.8187 3
v -44.8607 -32.7641 3
v -44.7741 -32.7051 3
v -44.6907 -32.6418 3
v -44.6105 -32.5745 3
v -44.5337 -32.5033 3
v -44.4606 -32.4284 3
v -44.3913 -32.3499 3
v -44.326 -32.268 3
v -44.2649 -32.183 3
v -44.2081 -32.095 3
v -44.1557 -32.0043 3
v -44.108 -31.9112 3
v -44.0649 -31.8157 3
v -44.0266 -31.7182 3
v -43.9933 -31.619 3
v -43.9649 -31.5182 3
v -43.9416 -31.4161 3
v -43.9235 -31.313 3
v -43.9104 -31.2091 3
v -43.9026 -31.1047 3
v -16.85 -15 3
v -16.8639 -14.4442 3
v -16.9054 -13.8898 3
v -16.9745 -13.3382 3
v -17.0711 -12.7907 3
v -17.1948 -12.2487 3
v -17.3454 -11.7135 3
v -17.5224 -11.1865 3
v -17.7255 -10.669 3
v -17.9542 -10.1622 3
v -18.2078 -9.66747 3
v -18.4858 -9.186 3
v -18.7874 -8.71898 3
v -19.112 -8.26758 3
v -19.4586 -7.83292 3
v -19.8265 -7.41607 3
v -20.2147 -7.01808 3
v -20.6222 -6.63994 3
v -21.0481 -6.28258 3
v -21.4913 -5.94689 3
v -21.9506 -5.63371 3
v -22.425 -5.34382 3
v -22.9133 -5.07793 3
v -23.4141 -4.83671 3
v -23.9264 -4.62076 3
v -24.4489 -4.43061 3
v -24.9801 -4.26674 3
v -25.5189 -4.12955 3
v -26.0638 -4.01939 3
v -26.6136 -3.93653 3
v -27.1668 -3.88118 3
v -27.722 -3.85347 3
v -28.278 -3.85347 3
v -28.8332 -3.88118 3
v -29.3864 -3.93653 3
v -29.9362 -4.01939 3
v -30.4811 -4.12955 3
v -31.0199 -4.26674 3
v -31.5511 -4.43061 3
v -32.0736 -4.62076 3
v -32.5859 -4.83671 3
v -33.0867 -5.07793 3
v -33.575 -5.34382 3
v -34.0494 -5.63371 3
v -34.5087 -5.94689 3
v -34.9519 -6.28258 3
v -35.3778 -6.63994 3
v -35.7853 -7.01808 3
v -36.1735 -7.41607 3
v -36.5414 -7.83292 3
v -36.888 -8.26758 3
v -37.2126 -8.71898 3
v -37.5142 -9.186 3
v -37.7922 -9.66747 3
v -38.0458 -10.1622 3
v -38.2745 -10.669 3
v -38.4776 -11.1865 3
v -38.6546 -11.7135 3
v -38.8052 -12.2487 3
v -38.9289 -12.7907 3
v -39.0255 -13.3382 3
v -39.0946 -13.8898 3
v -39.1361 -14.4442 3
v -39.15 -15 3
v -39.1361 -15.5558 3
v -39.0946 -16.1102 3
v -39.0255 -16.6618 3
v -38.9289 -17.2093 3
v -38.8052 -17.7513 3
v -38.6546 -18.2865 3
v -38.4776 -18.8135 3
v -38.2745 -19.331 3
v -38.0458 -19.8378 3
v -37.7922 -20.3325 3
v -37.5142 -20.814 3
v -37.2126 -21.281 3
v -36.888 -21.7324 3
v -36.5414 -22.1671 3
v -36.1735 -22.5839 3
v -35.7853 -22.9819 3
v -35.3778 -23.3601 3
v -34.9519 -23.7174 3
v -34.5087 -24.0531 3
v -34.0494 -24.3663 3
v -33.575 -24.6562 3
v -33.0867 -24.9221 3
v -32.5859 -25.1633 3
v -32.0736 -25.3792 3
v -31.5511 -25.5694 3
v -31.0199 -25.7333 3
v -30.4811 -25.8704 3
v -29.9362 -25.9806 3
v -29.3864 -26.0635 3
v -28.8332 -26.1188 3
v -28.278 -26.1465 3
v -27.722 -26.1465 3
v -27.1668 -26.1188 3
v -26.6136 -26.0635 3
v -26.0638 -25.9806 3
v -25.5189 -25.8704 3
v -24.9801 -25.7333 3
v -24.4489 -25.5694 3
v -23.9264 -25.3792 3
v -23.4141 -25.1633 3
v -22.9133 -24.9221 3
v -22.425 -24.6562 3
v -21.9506 -24.3663 3
v -21.4913 -24.0531 3
v -21.0481 -23.7174 3
v -20.6222 -23.3601 3
v -20.2147 -22.9819 3
v -19.8265 -22.5839 3
v -19.4586 -22.1671 3
v -19.112 -21.7324 3
v -18.7874 -21.281 3
v -18.4858 -20.814 3
v -18.2078 -20.3325 3
v -17.9542 -19.8378 3
v -17.7255 -19.331 3
v -17.5224 -18.8135 3
v -17.3454 -18.2865 3
v -17.1948 -17.7513 3
v -17.0711 -17.2093 3
v -16.9745 -16.6618 3
v -16.9054 -16.1102 3
v -16.8639 -15.5558 3
v 48.1 -31 3
v 48.0974 -30.8953 3
v 48.0896 -30.7909 3
v 48.0765 -30.687 3
v 48.0584 -30.5839 3
v 48.0351 -30.4818 3
v 48.0067 -30.381 3
v 47.9734 -30.2818 3
v 47.9351 -30.1843 3
v 47.892 -30.0888 3
v 47.8443 -29.9957 3
v 47.7919 -29.905 3
v 47.7351 -29.817 3
v 47.674 -29.732 3
v 47.6087 -29.6501 3
v 47.5394 -29.5716 3
v 47.4663 -29.4967 3
v 47.3895 -29.4255 3
v 47.3093 -29.3582 3
v 47.2259 -29.2949 3
v 47.1393 -29.2359 3
v 47.05 -29.1813 3
v 46.958 -29.1313 3
v 46.8637 -29.0858 3
v 46.7672 -29.0452 3
v 46.6688 -29.0094 3
v 46.5688 -28.9785 3
v 46.4673 -28.9527 3
v 46.3647 -28.9319 3
v 46.2611 -28.9163 3
v 46.1569 -28.9059 3
v 46.0524 -28.9007 3
v 45.9476 -28.9007 3
v 45.8431 -28.9059 3
v 45.7389 -28.9163 3
v 45.6353 -28.9319 3
v 45.5327 -28.9527 3
v 45.4312 -28.9785 3
v 45.3312 -29.0094 3
v 45.2328 -29.0452 3
v 45.1363 -29.0858 3
v 45.042 -29.1313 3
v 44.95 -29.1813 3
v 44.8607 -29.2359 3
v 44.7741 -29.2949 3
v 44.6907 -29.3582 3
v 44.6105 -29.4255 3
v 44.5337 -29.4967 3
v 44.4606 -29.5716 3
v 44.3913 -29.6501 3
v 44.326 -29.732 3
v 44.2649 -29.817 3
v 44.2081 -29.905 3
v 44.1557 -29.9957 3
v 44.108 -30.0888 3
v 44.0649 -30.1843 3
v 44.0266 -30.2818 3
v 43.9933 -30.381 3
v 43.9649 -30.4818 3
v 43.9416 -30.5839 3
v 43.9235 -30.687 3
v 43.9104 -30.7909 3
v 43.9026 -30.8953 3
v 43.9 -31 3
v 43.9026 -31.1047 3
v 43.9104 -31.2091 3
v 43.9235 -31.313 3
v 43.9416 -31.4161 3
v 43.9649 -31.5182 3
v 43.9933 -31.619 3
v 44.0266 -31.7182 3
v 44.0649 -31.8157 3
v 44.108 -31.9112 3
v 44.1557 -32.0043 3
v 44.2081 -32.095 3
v 44.2649 -32.183 3
v 44.326 -32.268 3
v 44.3913 -32.3499 3
v 44.4606 -32.4284 3
v 44.5337 -32.5033 3
v 44.6105 -32.5745 3
v 44.6907 -32.6418 3
v 44.7741 -32.7051 3
v 44.8607 -32.7641 3
v 44.95 -32.8187 3
v 45.042 -32.8687 3
v 45.1363 -32.9142 3
v 45.2328 -32.9548 3
v 45.3312 -32.9906 3
v 45.4312 -33.0215 3
v 45.5327 -33.0473 3
v 45.6353 -33.0681 3
v 45.7389 -33.0837 3
v 45.8431 -33.0941 3
v 45.9476 -33.0993 3
v 46.0524 -33.0993 3
v 46.1569 -33.0941 3
v 46.2611 -33.0837 3
v 46.3647 -33.0681 3
v 46.4673 -33.0473 3
v 46.5688 -33.0215 3
v 46.6688 -32.9906 3
v 46.7672 -32.9548 3
v 46.8637 -32.9142 3
v 46.958 -32.8687 3
v 47.05 -32.8187 3
v 47.1393 -32.7641 3
v 47.2259 -32.7051 3
v 47.3093 -32.6418 3
v 47.3895 -32.5745 3
v 47.4663 -32.5033 3
v 47.5394 -32.4284 3
v 47.6087 -32.3499 3
v 47.674 -32.268 3
v 47.7351 -32.183 3
v 47.7919 -32.095 3
v 47.8443 -32.0043 3
v 47.892 -31.9112 3
v 47.9351 -31.8157 3
v 47.9734 -31.7182 3
v 48.0067 -31.619 3
v 48.0351 -31.5182 3
v 48.0584 -31.4161 3
v 48.0765 -31.313 3
v 48.0896 -31.2091 3
v 48.0974 -31.1047 3
v 39.15 -15 3
v 39.1361 -14.4442 3
v 39.0946 -13.8898 3
v 39.0255 -13.3382 3
v 38.9289 -12.7907 3
v 38.8052 -12.2487 3
v 38.6546 -11.7135 3
v 38.4776 -11.1865 3
v 38.2745 -10.669 3
v 38.0458 -10.1622 3
v 37.7922 -9.66747 3
v 37.5142 -9.186 3
v 37.2126 -8.71898 3
v 36.888 -8.26758 3
v 36.5414 -7.83292 3
v 36.1735 -7.41607 3
v 35.7853 -7.01808 3
v 35.3778 -6.63994 3
v 34.9519 -6.28258 3
v 34.5087 -5.94689 3
v 34.0494 -5.63371 3
v 33.575 -5.34382 3
v 33.0867 -5.07793 3
v 32.5859 -4.83671 3
v 32.0736 -4.62076 3
v 31.5511 -4.43061 3
v 31.0199 -4.26674 3
v 30.4811 -4.12955 3
v 29.9362 -4.01939 3
v 29.3864 -3.93653 3
v 28.8332 -3.88118 3
v 28.278 -3.85347 3
v 27.722 -3.85347 3
v 27.1668 -3.88118 3
v 26.6136 -3.93653 3
v 26.0638 -4.01939 3
v 25.5189 -4.12955 3
v 24.9801 -4.26674 3
v 24.4489 -4.43061 3
v 23.9264 -4.62076 3
v 23.4141 -4.83671 3
v 22.9133 -5.07793 3
v 22.425 -5.34382 3
v 21.9506 -5.63371 3
v 21.4913 -5.94689 3
v 21.0481 -6.28258 3
v 20.6222 -6.63994 3
v 20.2147 -7.01808 3
v 19.8265 -7.41607 3
v 19.4586 -7.83292 3
v 19.112 -8.26758 3
v 18.7874 -8.71898 3
v 18.4858 -9.186 3
v 18.2078 -9.66747 3
v 17.9542 -10.1622 3
v 17.7255 -10.669 3
v 17.5224 -11.1865 3
v 17.3454 -11.7135 3
v 17.1948 -12.2487 3
v 17.0711 -12.7907 3
v 16.9745 -13.3382 3
v 16.9054 -13.8898 3
v 16.8639 -14.4442 3
v 16.85 -15 3
v 16.8639 -15.5558 3
v 16.9054 -16.1102 3
v 16.9745 -16.6618 3
v 17.0711 -17.2093 3
v 17.1948 -17.7513 3
v 17.3454 -18.2865 3
v 17.5224 -18.8135 3
v 17.7255 -19.331 3
v 17.9542 -19.8378 3
v 18.2078 -20.3325 3
v 18.4858 -20.814 3
v 18.7874 -21.281 3
v 19.112 -21.7324 3
v 19.4586 -22.1671 3
v 19.8265 -22.5839 3
v 20.2147 -22.9819 3
v 20.6222 -23.3601 3
v 21.0481 -23.7174 3
v 21.4913 -24.0531 3
v 21.9506 -24.3663 3
v 22.425 -24.6562 3
v 22.9133 -24.9221 3
v 23.4141 -25.1633 3
v 23.9264 -25.3792 3
v 24.4489 -25.5694 3
v 24.9801 -25.7333 3
v 25.5189 -25.8704 3
v 26.0638 -25.9806 3
v 26.6136 -26.0635 3
v 27.1668 -26.1188 3
v 27.722 -26.1465 3
v 28.278 -26.1465 3
v 28.8332 -26.1188 3
v 29.3864 -26.0635 3
v 29.9362 -25.9806 3
v 30.4811 -25.8704 3
v 31.0199 -25.7333 3
v 31.5511 -25.5694 3
v 32.0736 -25.3792 3
v 32.5859 -25.1633 3
v 33.0867 -24.9221 3
v 33.575 -24.6562 3
v 34.0494 -24.3663 3
v 34.5087 -24.0531 3
v 34.9519 -23.7174 3
v 35.3778 -23.3601 3
v 35.7853 -22.9819 3
v 36.1735 -22.5839 3
v 36.5414 -22.1671 3
v 36.888 -21.7324 3
v 37.2126 -21.281 3
v 37.5142 -20.814 3
v 37.7922 -20.3325 3
v 38.0458 -19.8378 3
v 38.2745 -19.331 3
v 38.4776 -18.8135 3
v 38.6546 -18.2865 3
v 38.8052 -17.7513 3
v 38.9289 -17.2093 3
v 39.0255 -16.6618 3
v 39.0946 -16.1102 3
v 39.1361 -15.5558 3
v -43.9 31 3
v -43.9026 31.1047 3
v -43.9104 31.2091 3
v -43.9235 31.313 3
v -43.9416 31.4161 3
v -43.9649 31.5182 3
v -43.9933 31.619 3
v -44.0266 31.7182 3
v -44.0649 31.8157 3
v -44.108 31.9112 3
v -44.1557 32.0043 3
v -44.2081 32.095 3
v -44.2649 32.183 3
v -44.326 32.268 3
v -44.3913 32.3499 3
v -44.4606 32.4284 3
v -44.5337 32.5033 3
v -44.6105 32.5745 3
v -44.6907 32.6418 3
v -44.7741 32.7051 3
v -44.8607 32.7641 3
v -44.95 32.8187 3
v -45.042 32.8687 3
v -45.1363 32.9142 3
v -45.2328 32.9548 3
v -45.3312 32.9906 3
v -45.4312 33.0215 3
v -45.5327 33.0473 3
v -45.6353 33.0681 3
v -45.7389 33.0837 3
v -45.8431 33.0941 3
v -45.9476 33.0993 3
v -46.0524 33.0993 3
v -46.1569 33.0941 3
v -46.2611 33.0837 3
v -46.3647 33.0681 3
v -46.4673 33.0473 3
v -46.5688 33.0215 3
v -46.6688 32.9906 3
v -46.7672 32.9548 3
v -46.8637 32.9142 3
v -46.958 32.8687 3
v -47.05 32.8187 3
v -47.1393 32.7641 3
v -47.2259 32.7051 3
v -47.3093 32.6418 3
v -47.3895 32.5745 3
v -47.4663 32.5033 3
v -47.5394 32.4284 3
v -47.6087 32.3499 3
v -47.674 32.268 3
v -47.7351 32.183 3
v -47.7919 32.095 3
v -47.8443 32.0043 3
v -47.892 31.9112 3
v -47.9351 31.8157 3
v -47.9734 31.7182 3
v -48.0067 31.619 3
v -48.0351 31.5182 3
v -48.0584 31.4161 3
v -48.0765 31.313 3
v -48.0896 31.2091 3
v -48.0974 31.1047 3
v -48.1 31 3
v -48.0974 30.8953 3
v -48.0896 30.7909 3
v -48.0765 30.687 3
v -48.0584 30.5839 3
v -48.0351 30.4818 3
v -48.0067 30.381 3
v -47.9734 30.2818 3
v -47.9351 30.1843 3
v -47.892 30.0888 3
v -47.8443 29.9957 3
v -47.7919 29.905 3
v -47.7351 29.817 3
v -47.674 29.732 3
v -47.6087 29.6501 3
v -47.5394 29.5716 3
v -47.4663 29.4967 3
v -47.3895 29.4255 3
v -47.3093 29.3582 3
v -47.2259 29.2949 3
v -47.1393 29.2359 3
v -47.05 29.1813 3
v -46.958 29.1313 3
v -46.8637 29.0858 3
v -46.7672 29.0452 3
v -46.6688 29.0094 3
v -46.5688 28.9785 3
v -46.4673 28.9527 3
v -46.3647 28.9319 3
v -46.2611 28.9163 3
v -46.1569 28.9059 3
v -46.0524 28.9007 3
v -45.9476 28.9007 3
v -45.8431 28.9059 3
v -45.7389 28.9163 3
v -45.6353 28.9319 3
v -45.5327 28.9527 3
v -45.4312 28.9785 3
v -45.3312 29.0094 3
v -45.2328 29.0452 3
v -45.1363 29.0858 3
v -45.042 29.1313 3
v -44.95 29.1813 3
v -44.8607 29.2359 3
v -44.7741 29.2949 3
v -44.6907 29.3582 3
v -44.6105 29.4255 3
v -44.5337 29.4967 3
v -44.4606 29.5716 3
v -44.3913 29.6501 3
v -44.326 29.732 3
v -44.2649 29.817 3
v -44.2081 29.905 3
v -44.1557 29.9957 3
v -44.108 30.0888 3
v -44.0649 30.1843 3
v -44.0266 30.2818 3
v -43.9933 30.381 3
v -43.9649 30.4818 3
v -43.9416 30.5839 3
v -43.9235 30.687 3
v -43.9104 30.7909 3
v -43.9026 30.8953 3
v 25 5 3
v -25 5 3
v -25 25 3
v 25 25 3
v 48.1 31 3
v 48.0974 31.1047 3
v 48.0896 31.2091 3
v 48.0765 31.313 3
v 48.0584 31.4161 3
v 48.0351 31.5182 3
v 48.0067 31.619 3
v 47.9734 31.7182 3
v 47.9351 31.8157 3
v 47.892 31.9112 3
v 47.8443 32.0043 3
v 47.7919 32.095 3
v 47.7351 32.183 3
v 47.674 32.268 3
v 47.6087 32.3499 3
v 47.5394 32.4284 3
v 47.4663 32.5033 3
v 47.3895 32.5745 3
v 47.3093 32.6418 3
v 47.2259 32.7051 3
v 47.1393 32.7641 3
v 47.05 32.8187 3
v 46.958 32.8687 3
v 46.8637 32.9142 3
v 46.7672 32.9548 3
v 46.6688 32.9906 3
v 46.5688 33.0215 3
v 46.4673 33.0473 3
v 46.3647 33.0681 3
v 46.2611 33.0837 3
v 46.1569 33.0941 3
v 46.0524 33.0993 3
v 45.9476 33.0993 3
v 45.8431 33.0941 3
v 45.7389 33.0837 3
v 45.6353 33.0681 3
v 45.5327 33.0473 3
v 45.4312 33.0215 3
v 45.3312 32.9906 3
v 45.2328 32.9548 3
v 45.1363 32.9142 3
v 45.042 32.8687 3
v 44.95 32.8187 3
v 44.8607 32.7641 3
v 44.7741 32.7051 3
v 44.6907 32.6418 3
v 44.6105 32.5745 3
v 44.5337 32.5033 3
v 44.4606 32.4284 3
v 44.3913 32.3499 3
v 44.326 32.268 3
v 44.2649 32.183 3
v 44.2081 32.095 3
v 44.1557 32.0043 3
v 44.108 31.9112 3
v 44.0649 31.8157 3
v 44.0266 31.7182 3
v 43.9933 31.619 3
v 43.9649 31.5182 3
v 43.9416 31.4161 3
v 43.9235 31.313 3
v 43.9104 31.2091 3
v 43.9026 31.1047 3
v 43.9 31 3
v 43.9026 30.8953 3
v 43.9104 30.7909 3
v 43.9235 30.687 3
v 43.9416 30.5839 3
v 43.9649 30.4818 3
v 43.9933 30.381 3
v 44.0266 30.2818 3
v 44.0649 30.1843 3
v 44.108 30.0888 3
v 44.1557 29.9957 3
v 44.2081 29.905 3
v 44.2649 29.817 3
v 44.326 29.732 3
v 44.3913 29.6501 3
v 44.4606 29.5716 3
v 44.5337 29.4967 3
v 44.6105 29.4255 3
v 44.6907 29.3582 3
v 44.7741 29.2949 3
v 44.8607 29.2359 3
v 44.95 29.1813 3
v 45.042 29.1313 3
v 45.1363 29.0858 3
v 45.2328 29.0452 3
v 45.3312 29.0094 3
v 45.4312 28.9785 3
v 45.5327 28.9527 3
v 45.6353 28.9319 3
v 45.7389 28.9163 3
v 45.8431 28.9059 3
v 45.9476 28.9007 3
v 46.0524 28.9007 3
v 46.1569 28.9059 3
v 46.2611 28.9163 3
v 46.3647 28.9319 3
v 46.4673 28.9527 3
v 46.5688 28.9785 3
v 46.6688 29.0094 3
v 46.7672 29.0452 3
v 46.8637 29.0858 3
v 46.958 29.1313 3
v 47.05 29.1813 3
v 47.1393 29.2359 3
v 47.2259 29.2949 3
v 47.3093 29.3582 3
v 47.3895 29.4255 3
v 47.4663 29.4967 3
v 47.5394 29.5716 3
v 47.6087 29.6501 3
v 47.674 29.732 3
v 47.7351 29.817 3
v 47.7919 29.905 3
v 47.8443 29.9957 3
v 47.892 30.0888 3
v 47.9351 30.1843 3
v 47.9734 30.2818 3
v 48.0067 30.381 3
v 48.0351 30.4818 3
v 48.0584 30.5839 3
v 48.0765 30.687 3
v 48.0896 30.7909 3
v 48.0974 30.8953 3
v -50 -30 0
v -49.994 -30.2453 0
v -49.9759 -30.4901 0
v -49.9459 -30.7337 0
v -49.9039 -30.9755 0
v -49.8502 -31.2149 0
v -49.7847 -31.4514 0
v -49.7077 -31.6844 0
v -49.6194 -31.9134 0
v -49.5199 -32.1378 0
v -49.4096 -32.357 0
v -49.2886 -32.5705 0
v -49.1573 -32.7779 0
v -49.016 -32.9785 0
v -48.8651 -33.172 0
v -48.7048 -33.3578 0
v -48.5355 -33.5355 0
v -48.3578 -33.7048 0
v -48.172 -33.8651 0
v -47.9785 -34.016 0
v -47.7779 -34.1573 0
v -47.5705 -34.2886 0
v -47.357 -34.4096 0
v -47.1378 -34.5199 0
v -46.9134 -34.6194 0
v -46.6844 -34.7077 0
v -46.4514 -34.7847 0
v -46.2149 -34.8502 0
v -45.9755 -34.9039 0
v -45.7337 -34.9459 0
v -45.4901 -34.9759 0
v -45.2453 -34.994 0
v -45 -35 0
v -45 -35 3
v -50 -30 3
v -49.994 -30.2453 3
v -49.9759 -30.4901 3
v -49.9459 -30.7337 3
v -49.9039 -30.9755 3
v -49.8502 -31.2149 3
v -49.7847 -31.4514 3
v -49.7077 -31.6844 3
v -49.6194 -31.9134 3
v -49.5199 -32.1378 3
v -49.4096 -32.357 3
v -49.2886 -32.5705 3
v -49.1573 -32.7779 3
v -49.016 -32.9785 3
v -48.8651 -33.172 3
v -48.7048 -33.3578 3
v -48.5355 -33.5355 3
v -48.3578 -33.7048 3
v -48.172 -33.8651 3
v -47.9785 -34.016 3
v -47.7779 -34.1573 3
v -47.5705 -34.2886 3
v -47.357 -34.4096 3
v -47.1378 -34.5199 3
v -46.9134 -34.6194 3
v -46.6844 -34.7077 3
v -46.4514 -34.7847 3
v -46.2149 -34.8502 3
v -45.9755 -34.9039 3
v -45.7337 -34.9459 3
v -45.4901 -34.9759 3
v -45.2453 -34.994 3
v -50 30 0
v -49.994 30.2453 0
v -49.9759 30.4901 0
v -49.9459 30.7337 0
v -49.9039 30.9755 0
v -49.8502 31.2149 0
v -49.7847 31.4514 0
v -49.7077 31.6844 0
v -49.6194 31.9134 0
v -49.5199 32.1378 0
v -49.4096 32.357 0
v -49.2886 32.5705 0
v -49.1573 32.7779 0
v -49.016 32.9785 0
v -48.8651 33.172 0
v -48.7048 33.3578 0
v -48.5355 33.5355 0
v -48.3578 33.7048 0
v -48.172 33.8651 0
v -47.9785 34.016 0
v -47.7779 34.1573 0
v -47.5705 34.2886 0
v -47.357 34.4096 0
v -47.1378 34.5199 0
v -46.9134 34.6194 0
v -46.6844 34.7077 0
v -46.4514 34.7847 0
v -46.2149 34.8502 0
v -45.9755 34.9039 0
v -45.7337 34.9459 0
v -45.4901 34.9759 0
v -45.2453 34.994 0
v -45 35 0
v -45 35 3
v -50 30 3
v -49.994 30.2453 3
v -49.9759 30.4901 3
v -49.9459 30.7337 3
v -49.9039 30.9755 3
v -49.8502 31.2149 3
v -49.7847 31.4514 3
v -49.7077 31.6844 3
v -49.6194 31.9134 3
v -49.5199 32.1378 3
v -49.4096 32.357 3
v -49.2886 32.5705 3
v -49.1573 32.7779 3
v -49.016 32.9785 3
v -48.8651 33.172 3
v -48.7048 33.3578 3
v -48.5355 33.5355 3
v -48.3578 33.7048 3
v -48.172 33.8651 3
v -47.9785 34.016 3
v -47.7779 34.1573 3
v -47.5705 34.2886 3
v -47.357 34.4096 3
v -47.1378 34.5199 3
v -46.9134 34.6194 3
v -46.6844 34.7077 3
v -46.4514 34.7847 3
v -46.2149 34.8502 3
v -45.9755 34.9039 3
v -45.7337 34.9459 3
v -45.4901 34.9759 3
v -45.2453 34.994 3
v -50 -30 0
v -50 30 0
v -49.994 -30.2453 0
v -49.9759 -30.4901 0
v -49.9459 -30.7337 0
v -49.9039 -30.9755 0
v -49.8502 -31.2149 0
v -49.7847 -31.4514 0
v -49.7077 -31.6844 0
v -49.6194 -31.9134 0
v -49.5199 -32.1378 0
v -49.4096 -32.357 0
v -49.2886 -32.5705 0
v -49.1573 -32.7779 0
v -49.016 -32.9785 0
v -48.8651 -33.172 0
v -48.7048 -33.3578 0
v -48.5355 -33.5355 0
v -48.3578 -33.7048 0
v -48.172 -33.8651 0
v -47.9785 -34.016 0
v -47.7779 -34.1573 0
v -47.5705 -34.2886 0
v -47.357 -34.4096 0
v -47.1378 -34.5199 0
v -46.9134 -34.6194 0
v -46.6844 -34.7077 0
v -46.4514 -34.7847 0
v -46.2149 -34.8502 0
v -45.9755 -34.9039 0
v -45.7337 -34.9459 0
v -45.4901 -34.9759 0
v -45.2453 -34.994 0
v -45 -35 0
v 45 -35 0
v 50 -30 0
v 49.994 -30.2453 0
v 49.9759 -30.4901 0
v 49.9459 -30.7337 0
v 49.9039 -30.9755 0
v 49.8502 -31.2149 0
v 49.7847 -31.4514 0
v 49.7077 -31.6844 0
v 49.6194 -31.9134 0
v 49.5199 -32.1378 0
v 49.4096 -32.357 0
v 49.2886 -32.5705 0
v 49.1573 -32.7779 0
v 49.016 -32.9785 0
v 48.8651 -33.172 0
v 48.7048 -33.3578 0
v 48.5355 -33.5355 0
v 48.3578 -33.7048 0
v 48.172 -33.8651 0
v 47.9785 -34.016 0
v 47.7779 -34.1573 0
v 47.5705 -34.2886 0
v 47.357 -34.4096 0
v 47.1378 -34.5199 0
v 46.9134 -34.6194 0
v 46.6844 -34.7077 0
v 46.4514 -34.7847 0
v 46.2149 -34.8502 0
v 45.9755 -34.9039 0
v 45.7337 -34.9459 0
v 45.4901 -34.9759 0
v 45.2453 -34.994 0
v 50 30 0
v 49.994 30.2453 0
v 49.9759 30.4901 0
v 49.9459 30.7337 0
v 49.9039 30.9755 0
v 49.8502 31.2149 0
v 49.7847 31.4514 0
v 49.7077 31.6844 0
v 49.6194 31.9134 0
v 49.5199 32.1378 0
v 49.4096 32.357 0
v 49.2886 32.5705 0
v 49.1573 32.7779 0
v 49.016 32.9785 0
v 48.8651 33.172 0
v 48.7048 33.3578 0
v 48.5355 33.5355 0
v 48.3578 33.7048 0
v 48.172 33.8651 0
v 47.9785 34.016 0
v 47.7779 34.1573 0
v 47.5705 34.2886 0
v 47.357 34.4096 0
v 47.1378 34.5199 0
v 46.9134 34.6194 0
v 46.6844 34.7077 0
v 46.4514 34.7847 0
v 46.2149 34.8502 0
v 45.9755 34.9039 0
v 45.7337 34.9459 0
v 45.4901 34.9759 0
v 45.2453 34.994 0
v 45 35 0
v -45 35 0
v -49.994 30.2453 0
v -49.9759 30.4901 0
v -49.9459 30.7337 0
v -49.9039 30.9755 0
v -49.8502 31.2149 0
v -49.7847 31.4514 0
v -49.7077 31.6844 0
v -49.6194 31.9134 0
v -49.5199 32.1378 0
v -49.4096 32.357 0
v -49.2886 32.5705 0
v -49.1573 32.7779 0
v -49.016 32.9785 0
v -48.8651 33.172 0
v -48.7048 33.3578 0
v -48.5355 33.5355 0
v -48.3578 33.7048 0
v -48.172 33.8651 0
v -47.9785 34.016 0
v -47.7779 34.1573 0
v -47.5705 34.2886 0
v -47.357 34.4096 0
v -47.1378 34.5199 0
v -46.9134 34.6194 0
v -46.6844 34.7077 0
v -46.4514 34.7847 0
v -46.2149 34.8502 0
v -45.9755 34.9039 0
v -45.7337 34.9459 0
v -45.4901 34.9759 0
v -45.2453 34.994 0
v -43.9 -31 0
v -43.9026 -30.8953 0
v -43.9104 -30.7909 0
v -43.9235 -30.687 0
v -43.9416 -30.5839 0
v -43.9649 -30.4818 0
v -43.9933 -30.381 0
v -44.0266 -30.2818 0
v -44.0649 -30.1843 0
v -44.108 -30.0888 0
v -44.1557 -29.9957 0
v -44.2081 -29.905 0
v -44.2649 -29.817 0
v -44.326 -29.732 0
v -44.3913 -29.6501 0
v -44.4606 -29.5716 0
v -44.5337 -29.4967 0
v -44.6105 -29.4255 0
v -44.6907 -29.3582 0
v -44.7741 -29.2949 0
v -44.8607 -29.2359 0
v -44.95 -29.1813 0
v -45.042 -29.1313 0
v -45.1363 -29.0858 0
v -45.2328 -29.0452 0
v -45.3312 -29.0094 0
v -45.4312 -28.9785 0
v -45.5327 -28.9527 0
v -45.6353 -28.9319 0
v -45.7389 -28.9163 0
v -45.8431 -28.9059 0
v -45.9476 -28.9007 0
v -46.0524 -28.9007 0
v -46.1569 -28.9059 0
v -46.2611 -28.9163 0
v -46.3647 -28.9319 0
v -46.4673 -28.9527 0
v -46.5688 -28.9785 0
v -46.6688 -29.0094 0
v -46.7672 -29.0452 0
v -46.8637 -29.0858 0
v -46.958 -29.1313 0
v -47.05 -29.1813 0
v -47.1393 -29.2359 0
v -47.2259 -29.2949 0
v -47.3093 -29.3582 0
v -47.3895 -29.4255 0
v -47.4663 -29.4967 0
v -47.5394 -29.5716 0
v -47.6087 -29.6501 0
v -47.674 -29.732 0
v -47.7351 -29.817 0
v -47.7919 -29.905 0
v -47.8443 -29.9957 0
v -47.892 -30.0888 0
v -47.9351 -30.1843 0
v -47.9734 -30.2818 0
v -48.0067 -30.381 0
v -48.0351 -30.4818 0
v -48.0584 -30.5839 0
v -48.0765 -30.687 0
v -48.0896 -30.7909 0
v -48.0974 -30.8953 0
v -48.1 -31 0
v -48.0974 -31.1047 0
v -48.0896 -31.2091 0
v -48.0765 -31.313 0
v -48.0584 -31.4161 0
v -48.0351 -31.5182 0
v -48.0067 -31.619 0
v -47.9734 -31.7182 0
v -47.9351 -31.8157 0
v -47.892 -31.9112 0
v -47.8443 -32.0043 0
v -47.7919 -32.095 0
v -47.7351 -32.183 0
v -47.674 -32.268 0
v -47.6087 -32.3499 0
v -47.5394 -32.4284 0
v -47.4663 -32.5033 0
v -47.3895 -32.5745 0
v -47.3093 -32.6418 0
v -47.2259 -32.7051 0
v -47.1393 -32.7641 0
v -47.05 -32.8187 0
v -46.958 -32.8687 0
v -46.8637 -32.9142 0
v -46.7672 -32.9548 0
v -46.6688 -32.9906 0
v -46.5688 -33.0215 0
v -46.4673 -33.0473 0
v -46.3647 -33.0681 0
v -46.2611 -33.0837 0
v -46.1569 -33.0941 0
v -46.0524 -33.0993 0
v -45.9476 -33.0993 0
v -45.8431 -33.0941 0
v -45.7389 -33.0837 0
v -45.6353 -33.0681 0
v -45.5327 -33.0473 0
v -45.4312 -33.0215 0
v -45.3312 -32.9906 0
v -45.2328 -32.9548 0
v -45.1363 -32.9142 0
v -45.042 -32.8687 0
v -44.95 -32.8187 0
v -44.8607 -32.7641 0
v -44.7741 -32.7051 0
v -44.6907 -32.6418 0
v -44.6105 -32.5745 0
v -44.5337 -32.5033 0
v -44.4606 -32.4284 0
v -44.3913 -32.3499 0
v -44.326 -32.268 0
v -44.2649 -32.183 0
v -44.2081 -32.095 0
v -44.1557 -32.0043 0
v -44.108 -31.9112 0
v -44.0649 -31.8157 0
v -44.0266 -31.7182 0
v -43.9933 -31.619 0
v -43.9649 -31.5182 0
v -43.9416 -31.4161 0
v -43.9235 -31.313 0
v -43.9104 -31.2091 0
v -43.9026 -31.1047 0
v -16.85 -15 0
v -16.8639 -14.4442 0
v -16.9054 -13.8898 0
v -16.9745 -13.3382 0
v -17.0711 -12.7907 0
v -17.1948 -12.2487 0
v -17.3454 -11.7135 0
v -17.5224 -11.1865 0
v -17.7255 -10.669 0
v -17.9542 -10.1622 0
v -18.2078 -9.66747 0
v -18.4858 -9.186 0
v -18.7874 -8.71898 0
v -19.112 -8.26758 0
v -19.4586 -7.83292 0
v -19.8265 -7.41607 0
v -20.2147 -7.01808 0
v -20.6222 -6.63994 0
v -21.0481 -6.28258 0
v -21.4913 -5.94689 0
v -21.9506 -5.63371 0
v -22.425 -5.34382 0
v -22.9133 -5.07793 0
v -23.4141 -4.83671 0
v -23.9264 -4.62076 0
v -24.4489 -4.43061 0
v -24.9801 -4.26674 0
v -25.5189 -4.12955 0
v -26.0638 -4.01939 0
v -26.6136 -3.93653 0
v -27.1668 -3.88118 0
v -27.722 -3.85347 0
v -28.278 -3.85347 0
v -28.8332 -3.88118 0
v -29.3864 -3.93653 0
v -29.9362 -4.01939 0
v -30.4811 -4.12955 0
v -31.0199 -4.26674 0
v -31.5511 -4.43061 0
v -32.0736 -4.62076 0
v -32.5859 -4.83671 0
v -33.0867 -5.07793 0
v -33.575 -5.34382 0
v -34.0494 -5.63371 0
v -34.5087 -5.94689 0
v -34.9519 -6.28258 0
v -35.3778 -6.63994 0
v -35.7853 -7.01808 0
v -36.1735 -7.41607 0
v -36.5414 -7.83292 0
v -36.888 -8.26758 0
v -37.2126 -8.71898 0
v -37.5142 -9.186 0
v -37.7922 -9.66747 0
v -38.0458 -10.1622 0
v -38.2745 -10.669 0
v -38.4776 -11.1865 0
v -38.6546 -11.7135 0
v -38.8052 -12.2487 0
v -38.9289 -12.7907 0
v -39.0255 -13.3382 0
v -39.0946 -13.8898 0
v -39.1361 -14.4442 0
v -39.15 -15 0
v -39.1361 -15.5558 0
v -39.0946 -16.1102 0
v -39.0255 -16.6618 0
v -38.9289 -17.2093 0
v -38.8052 -17.7513 0
v -38.6546 -18.2865 0
v -38.4776 -18.8135 0
v -38.2745 -19.331 0
v -38.0458 -19.8378 0
v -37.7922 -20.3325 0
v -37.5142 -20.814 0
v -37.2126 -21.281 0
v -36.888 -21.7324 0
v -36.5414 -22.1671 0
v -36.1735 -22.5839 0
v -35.7853 -22.9819 0
v -35.3778 -23.3601 0
v -34.9519 -23.7174 0
v -34.5087 -24.0531 0
v -34.0494 -24.3663 0
v -33.575 -24.6562 0
v -33.0867 -24.9221 0
v -32.5859 -25.1633 0
v -32.0736 -25.3792 0
v -31.5511 -25.5694 0
v -31.0199 -25.7333 0
v -30.4811 -25.8704 0
v -29.9362 -25.9806 0
v -29.3864 -26.0635 0
v -28.8332 -26.1188 0
v -28.278 -26.1465 0
v -27.722 -26.1465 0
v -27.1668 -26.1188 0
v -26.6136 -26.0635 0
v -26.0638 -25.9806 0
v -25.5189 -25.8704 0
v -24.9801 -25.7333 0
v -24.4489 -25.5694 0
v -23.9264 -25.3792 0
v -23.4141 -25.1633 0
v -22.9133 -24.9221 0
v -22.425 -24.6562 0
v -21.9506 -24.3663 0
v -21.4913 -24.0531 0
v -21.0481 -23.7174 0
v -20.6222 -23.3601 0
v -20.2147 -22.9819 0
v -19.8265 -22.5839 0
v -19.4586 -22.1671 0
v -19.112 -21.7324 0
v -18.7874 -21.281 0
v -18.4858 -20.814 0
v -18.2078 -20.3325 0
v -17.9542 -19.8378 0
v -17.7255 -19.331 0
v -17.5224 -18.8135 0
v -17.3454 -18.2865 0
v -17.1948 -17.7513 0
v -17.0711 -17.2093 0
v -16.9745 -16.6618 0
v -16.9054 -16.1102 0
v -16.8639 -15.5558 0
v 48.1 -31 0
v 48.0974 -30.8953 0
v 48.0896 -30.7909 0
v 48.0765 -30.687 0
v 48.0584 -30.5839 0
v 48.0351 -30.4818 0
v 48.0067 -30.381 0
v 47.9734 -30.2818 0
v 47.9351 -30.1843 0
v 47.892 -30.0888 0
v 47.8443 -29.9957 0
v 47.7919 -29.905 0
v 47.7351 -29.817 0
v 47.674 -29.732 0
v 47.6087 -29.6501 0
v 47.5394 -29.5716 0
v 47.4663 -29.4967 0
v 47.3895 -29.4255 0
v 47.3093 -29.3582 0
v 47.2259 -29.2949 0
v 47.1393 -29.2359 0
v 47.05 -29.1813 0
v 46.958 -29.1313 0
v 46.8637 -29.0858 0
v 46.7672 -29.0452 0
v 46.6688 -29.0094 0
v 46.5688 -28.9785 0
v 46.4673 -28.9527 0
v 46.3647 -28.9319 0
v 46.2611 -28.9163 0
v 46.1569 -28.9059 0
v 46.0524 -28.9007 0
v 45.9476 -28.9007 0
v 45.8431 -28.9059 0
v 45.7389 -28.9163 0
v 45.6353 -28.9319 0
v 45.5327 -28.9527 0
v 45.4312 -28.9785 0
v 45.3312 -29.0094 0
v 45.2328 -29.0452 0
v 45.1363 -29.0858 0
v 45.042 -29.1313 0
v 44.95 -29.1813 0
v 44.8607 -29.2359 0
v 44.7741 -29.2949 0
v 44.6907 -29.3582 0
v 44.6105 -29.4255 0
v 44.5337 -29.4967 0
v 44.4606 -29.5716 0
v 44.3913 -29.6501 0
v 44.326 -29.732 0
v 44.2649 -29.817 0
v 44.2081 -29.905 0
v 44.1557 -29.9957 0
v 44.108 -30.0888 0
v 44.0649 -30.1843 0
v 44.0266 -30.2818 0
v 43.9933 -30.381 0
v 43.9649 -30.4818 0
v 43.9416 -30.5839 0
v 43.9235 -30.687 0
v 43.9104 -30.7909 0
v 43.9026 -30.8953 0
v 43.9 -31 0
v 43.9026 -31.1047 0
v 43.9104 -31.2091 0
v 43.9235 -31.313 0
v 43.9416 -31.4161 0
v 43.9649 -31.5182 0
v 43.9933 -31.619 0
v 44.0266 -31.7182 0
v 44.0649 -31.8157 0
v 44.108 -31.9112 0
v 44.1557 -32.0043 0
v 44.2081 -32.095 0
v 44.2649 -32.183 0
v 44.326 -32.268 0
v 44.3913 -32.3499 0
v 44.4606 -32.4284 0
v 44.5337 -32.5033 0
v 44.6105 -32.5745 0
v 44.6907 -32.6418 0
v 44.7741 -32.7051 0
v 44.8607 -32.7641 0
v 44.95 -32.8187 0
v 45.042 -32.8687 0
v 45.1363 -32.9142 0
v 45.2328 -32.9548 0
v 45.3312 -32.9906 0
v 45.4312 -33.0215 0
v 45.5327 -33.0473 0
v 45.6353 -33.0681 0
v 45.7389 -33.0837 0
v 45.8431 -33.0941 0
v 45.9476 -33.0993 0
v 46.0524 -33.0993 0
v 46.1569 -33.0941 0
v 46.2611 -33.0837 0
v 46.3647 -33.0681 0
v 46.4673 -33.0473 0
v 46.5688 -33.0215 0
v 46.6688 -32.9906 0
v 46.7672 -32.9548 0
v 46.8637 -32.9142 0
v 46.958 -32.8687 0
v 47.05 -32.8187 0
v 47.1393 -32.7641 0
v 47.2259 -32.7051 0
v 47.3093 -32.6418 0
v 47.3895 -32.5745 0
v 47.4663 -32.5033 0
v 47.5394 -32.4284 0
v 47.6087 -32.3499 0
v 47.674 -32.268 0
v 47.7351 -32.183 0
v 47.7919 -32.095 0
v 47.8443 -32.0043 0
v 47.892 -31.9112 0
v 47.9351 -31.8157 0
v 47.9734 -31.7182 0
v 48.0067 -31.619 0
v 48.0351 -31.5182 0
v 48.0584 -31.4161 0
v 48.0765 -31.313 0
v 48.0896 -31.2091 0
v 48.0974 -31.1047 0
v 39.15 -15 0
v 39.1361 -14.4442 0
v 39.0946 -13.8898 0
v 39.0255 -13.3382 0
v 38.9289 -12.7907 0
v 38.8052 -12.2487 0
v 38.6546 -11.7135 0
v 38.4776 -11.1865 0
v 38.2745 -10.669 0
v 38.0458 -10.1622 0
v 37.7922 -9.66747 0
v 37.5142 -9.186 0
v 37.2126 -8.71898 0
v 36.888 -8.26758 0
v 36.5414 -7.83292 0
v 36.1735 -7.41607 0
v 35.7853 -7.01808 0
v 35.3778 -6.63994 0
v 34.9519 -6.28258 0
v 34.5087 -5.94689 0
v 34.0494 -5.63371 0
v 33.575 -5.34382 0
v 33.0867 -5.07793 0
v 32.5859 -4.83671 0
v 32.0736 -4.62076 0
v 31.5511 -4.43061 0
v 31.0199 -4.26674 0
v 30.4811 -4.12955 0
v 29.9362 -4.01939 0
v 29.3864 -3.93653 0
v 28.8332 -3.88118 0
v 28.278 -3.85347 0
v 27.722 -3.85347 0
v 27.1668 -3.88118 0
v 26.6136 -3.93653 0
v 26.0638 -4.01939 0
v 25.5189 -4.12955 0
v 24.9801 -4.26674 0
v 24.4489 -4.43061 0
v 23.9264 -4.62076 0
v 23.4141 -4.83671 0
v 22.9133 -5.07793 0
v 22.425 -5.34382 0
v 21.9506 -5.63371 0
v 21.4913 -5.94689 0
v 21.0481 -6.28258 0
v 20.6222 -6.63994 0
v 20.2147 -7.01808 0
v 19.8265 -7.41607 0
v 19.4586 -7.83292 0
v 19.112 -8.26758 0
v 18.7874 -8.71898 0
v 18.4858 -9.186 0
v 18.2078 -9.66747 0
v 17.9542 -10.1622 0
v 17.7255 -10.669 0
v 17.5224 -11.1865 0
v 17.3454 -11.7135 0
v 17.1948 -12.2487 0
v 17.0711 -12.7907 0
v 16.9745 -13.3382 0
v 16.9054 -13.8898 0
v 16.8639 -14.4442 0
v 16.85 -15 0
v 16.8639 -15.5558 0
v 16.9054 -16.1102 0
v 16.9745 -16.6618 0
v 17.0711 -17.2093 0
v 17.1948 -17.7513 0
v 17.3454 -18.2865 0
v 17.5224 -18.8135 0
v 17.7255 -19.331 0
v 17.9542 -19.8378 0
v 18.2078 -20.3325 0
v 18.4858 -20.814 0
v 18.7874 -21.281 0
v 19.112 -21.7324 0
v 19.4586 -22.1671 0
v 19.8265 -22.5839 0
v 20.2147 -22.9819 0
v 20.6222 -23.3601 0
v 21.0481 -23.7174 0
v 21.4913 -24.0531 0
v 21.9506 -24.3663 0
v 22.425 -24.6562 0
v 22.9133 -24.9221 0
v 23.4141 -25.1633 0
v 23.9264 -25.3792 0
v 24.4489 -25.5694 0
v 24.9801 -25.7333 0
v 25.5189 -25.8704 0
v 26.0638 -25.9806 0
v 26.6136 -26.0635 0
v 27.1668 -26.1188 0
v 27.722 -26.1465 0
v 28.278 -26.1465 0
v 28.8332 -26.1188 0
v 29.3864 -26.0635 0
v 29.9362 -25.9806 0
v 30.4811 -25.8704 0
v 31.0199 -25.7333 0
v 31.5511 -25.5694 0
v 32.0736 -25.3792 0
v 32.5859 -25.1633 0
v 33.0867 -24.9221 0
v 33.575 -24.6562 0
v 34.0494 -24.3663 0
v 34.5087 -24.0531 0
v 34.9519 -23.7174 0
v 35.3778 -23.3601 0
v 35.7853 -22.9819 0
v 36.1735 -22.5839 0
v 36.5414 -22.1671 0
v 36.888 -21.7324 0
v 37.2126 -21.281 0
v 37.5142 -20.814 0
v 37.7922 -20.3325 0
v 38.0458 -19.8378 0
v 38.2745 -19.331 0
v 38.4776 -18.8135 0
v 38.6546 -18.2865 0
v 38.8052 -17.7513 0
v 38.9289 -17.2093 0
v 39.0255 -16.6618 0
v 39.0946 -16.1102 0
v 39.1361 -15.5558 0
v -43.9 31 0
v -43.9026 31.1047 0
v -43.9104 31.2091 0
v -43.9235 31.313 0
v -43.9416 31.4161 0
v -43.9649 31.5182 0
v -43.9933 31.619 0
v -44.0266 31.7182 0
v -44.0649 31.8157 0
v -44.108 31.9112 0
v -44.1557 32.0043 0
v -44.2081 32.095 0
v -44.2649 32.183 0
v -44.326 32.268 0
v -44.3913 32.3499 0
v -44.4606 32.4284 0
v -44.5337 32.5033 0
v -44.6105 32.5745 0
v -44.6907 32.6418 0
v -44.7741 32.7051 0
v -44.8607 32.7641 0
v -44.95 32.8187 0
v -45.042 32.8687 0
v -45.1363 32.9142 0
v -45.2328 32.9548 0
v -45.3312 32.9906 0
v -45.4312 33.0215 0
v -45.5327 33.0473 0
v -45.6353 33.0681 0
v -45.7389 33.0837 0
v -45.8431 33.0941 0
v -45.9476 33.0993 0
v -46.0524 33.0993 0
v -46.1569 33.0941 0
v -46.2611 33.0837 0
v -46.3647 33.0681 0
v -46.4673 33.0473 0
v -46.5688 33.0215 0
v -46.6688 32.9906 0
v -46.7672 32.9548 0
v -46.8637 32.9142 0
v -46.958 32.8687 0
v -47.05 32.8187 0
v -47.1393 32.7641 0
v -47.2259 32.7051 0
v -47.3093 32.6418 0
v -47.3895 32.5745 0
v -47.4663 32.5033 0
v -47.5394 32.4284 0
v -47.6087 32.3499 0
v -47.674 32.268 0
v -47.7351 32.183 0
v -47.7919 32.095 0
v -47.8443 32.0043 0
v -47.892 31.9112 0
v -47.9351 31.8157 0
v -47.9734 31.7182 0
v -48.0067 31.619 0
v -48.0351 31.5182 0
v -48.0584 31.4161 0
v -48.0765 31.313 0
v -48.0896 31.2091 0
v -48.0974 31.1047 0
v -48.1 31 0
v -48.0974 30.8953 0
v -48.0896 30.7909 0
v -48.0765 30.687 0
v -48.0584 30.5839 0
v -48.0351 30.4818 0
v -48.0067 30.381 0
v -47.9734 30.2818 0
v -47.9351 30.1843 0
v -47.892 30.0888 0
v -47.8443 29.9957 0
v -47.7919 29.905 0
v -47.7351 29.817 0
v -47.674 29.732 0
v -47.6087 29.6501 0
v -47.5394 29.5716 0
v -47.4663 29.4967 0
v -47.3895 29.4255 0
v -47.3093 29.3582 0
v -47.2259 29.2949 0
v -47.1393 29.2359 0
v -47.05 29.1813 0
v -46.958 29.1313 0
v -46.8637 29.0858 0
v -46.7672 29.0452 0
v -46.6688 29.0094 0
v -46.5688 28.9785 0
v -46.4673 28.9527 0
v -46.3647 28.9319 0
v -46.2611 28.9163 0
v -46.1569 28.9059 0
v -46.0524 28.9007 0
v -45.9476 28.9007 0
v -45.8431 28.9059 0
v -45.7389 28.9163 0
v -45.6353 28.9319 0
v -45.5327 28.9527 0
v -45.4312 28.9785 0
v -45.3312 29.0094 0
v -45.2328 29.0452 0
v -45.1363 29.0858 0
v -45.042 29.1313 0
v -44.95 29.1813 0
v -44.8607 29.2359 0
v -44.7741 29.2949 0
v -44.6907 29.3582 0
v -44.6105 29.4255 0
v -44.5337 29.4967 0
v -44.4606 29.5716 0
v -44.3913 29.6501 0
v -44.326 29.732 0
v -44.2649 29.817 0
v -44.2081 29.905 0
v -44.1557 29.9957 0
v -44.108 30.0888 0
v -44.0649 30.1843 0
v -44.0266 30.2818 0
v -43.9933 30.381 0
v -43.9649 30.4818 0
v -43.9416 30.5839 0
v -43.9235 30.687 0
v -43.9104 30.7909 0
v -43.9026 30.8953 0
v 25 5 0
v -25 5 0
v -25 25 0
v 25 25 0
v 48.1 31 0
v 48.0974 31.1047 0
v 48.0896 31.2091 0
v 48.0765 31.313 0
v 48.0584 31.4161 0
v 48.0351 31.5182 0
v 48.0067 31.619 0
v 47.9734 31.7182 0
v 47.9351 31.8157 0
v 47.892 31.9112 0
v 47.8443 32.0043 0
v 47.7919 32.095 0
v 47.7351 32.183 0
v 47.674 32.268 0
v 47.6087 32.3499 0
v 47.5394 32.4284 0
v 47.4663 32.5033 0
v 47.3895 32.5745 0
v 47.3093 32.6418 0
v 47.2259 32.7051 0
v 47.1393 32.7641 0
v 47.05 32.8187 0
v 46.958 32.8687 0
v 46.8637 32.9142 0
v 46.7672 32.9548 0
v 46.6688 32.9906 0
v 46.5688 33.0215 0
v 46.4673 33.0473 0
v 46.3647 33.0681 0
v 46.2611 33.0837 0
v 46.1569 33.0941 0
v 46.0524 33.0993 0
v 45.9476 33.0993 0
v 45.8431 33.0941 0
v 45.7389 33.0837 0
v 45.6353 33.0681 0
v 45.5327 33.0473 0
v 45.4312 33.0215 0
v 45.3312 32.9906 0
v 45.2328 32.9548 0
v 45.1363 32.9142 0
v 45.042 32.8687 0
v 44.95 32.8187 0
v 44.8607 32.7641 0
v 44.7741 32.7051 0
v 44.6907 32.6418 0
v 44.6105 32.5745 0
v 44.5337 32.5033 0
v 44.4606 32.4284 0
v 44.3913 32.3499 0
v 44.326 32.268 0
v 44.2649 32.183 0
v 44.2081 32.095 0
v 44.1557 32.0043 0
v 44.108 31.9112 0
v 44.0649 31.8157 0
v 44.0266 31.7182 0
v 43.9933 31.619 0
v 43.9649 31.5182 0
v 43.9416 31.4161 0
v 43.9235 31.313 0
v 43.9104 31.2091 0
v 43.9026 31.1047 0
v 43.9 31 0
v 43.9026 30.8953 0
v 43.9104 30.7909 0
v 43.9235 30.687 0
v 43.9416 30.5839 0
v 43.9649 30.4818 0
v 43.9933 30.381 0
v 44.0266 30.2818 0
v 44.0649 30.1843 0
v 44.108 30.0888 0
v 44.1557 29.9957 0
v 44.2081 29.905 0
v 44.2649 29.817 0
v 44.326 29.732 0
v 44.3913 29.6501 0
v 44.4606 29.5716 0
v 44.5337 29.4967 0
v 44.6105 29.4255 0
v 44.6907 29.3582 0
v 44.7741 29.2949 0
v 44.8607 29.2359 0
v 44.95 29.1813 0
v 45.042 29.1313 0
v 45.1363 29.0858 0
v 45.2328 29.0452 0
v 45.3312 29.0094 0
v 45.4312 28.9785 0
v 45.5327 28.9527 0
v 45.6353 28.9319 0
v 45.7389 28.9163 0
v 45.8431 28.9059 0
v 45.9476 28.9007 0
v 46.0524 28.9007 0
v 46.1569 28.9059 0
v 46.2611 28.9163 0
v 46.3647 28.9319 0
v 46.4673 28.9527 0
v 46.5688 28.9785 0
v 46.6688 29.0094 0
v 46.7672 29.0452 0
v 46.8637 29.0858 0
v 46.958 29.1313 0
v 47.05 29.1813 0
v 47.1393 29.2359 0
v 47.2259 29.2949 0
v 47.3093 29.3582 0
v 47.3895 29.4255 0
v 47.4663 29.4967 0
v 47.5394 29.5716 0
v 47.6087 29.6501 0
v 47.674 29.732 0
v 47.7351 29.817 0
v 47.7919 29.905 0
v 47.8443 29.9957 0
v 47.892 30.0888 0
v 47.9351 30.1843 0
v 47.9734 30.2818 0
v 48.0067 30.381 0
v 48.0351 30.4818 0
v 48.0584 30.5839 0
v 48.0765 30.687 0
v 48.0896 30.7909 0
v 48.0974 30.8953 0
v -45 -35 0
v 45 -35 0
v -45 -35 3
v 45 -35 3
v -45 35 0
v 45 35 0
v -45 35 3
v 45 35 3
v 50 -30 0
v 49.994 -30.2453 0
v 49.9759 -30.4901 0
v 49.9459 -30.7337 0
v 49.9039 -30.9755 0
v 49.8502 -31.2149 0
v 49.7847 -31.4514 0
v 49.7077 -31.6844 0
v 49.6194 -31.9134 0
v 49.5199 -32.1378 0
v 49.4096 -32.357 0
v 49.2886 -32.5705 0
v 49.1573 -32.7779 0
v 49.016 -32.9785 0
v 48.8651 -33.172 0
v 48.7048 -33.3578 0
v 48.5355 -33.5355 0
v 48.3578 -33.7048 0
v 48.172 -33.8651 0
v 47.9785 -34.016 0
v 47.7779 -34.1573 0
v 47.5705 -34.2886 0
v 47.357 -34.4096 0
v 47.1378 -34.5199 0
v 46.9134 -34.6194 0
v 46.6844 -34.7077 0
v 46.4514 -34.7847 0
v 46.2149 -34.8502 0
v 45.9755 -34.9039 0
v 45.7337 -34.9459 0
v 45.4901 -34.9759 0
v 45.2453 -34.994 0
v 45 -35 0
v 45 -35 3
v 50 -30 3
v 49.994 -30.2453 3
v 49.9759 -30.4901 3
v 49.9459 -30.7337 3
v 49.9039 -30.9755 3
v 49.8502 -31.2149 3
v 49.7847 -31.4514 3
v 49.7077 -31.6844 3
v 49.6194 -31.9134 3
v 49.5199 -32.1378 3
v 49.4096 -32.357 3
v 49.2886 -32.5705 3
v 49.1573 -32.7779 3
v 49.016 -32.9785 3
v 48.8651 -33.172 3
v 48.7048 -33.3578 3
v 48.5355 -33.5355 3
v 48.3578 -33.7048 3
v 48.172 -33.8651 3
v 47.9785 -34.016 3
v 47.7779 -34.1573 3
v 47.5705 -34.2886 3
v 47.357 -34.4096 3
v 47.1378 -34.5199 3
v 46.9134 -34.6194 3
v 46.6844 -34.7077 3
v 46.4514 -34.7847 3
v 46.2149 -34.8502 3
v 45.9755 -34.9039 3
v 45.7337 -34.9459 3
v 45.4901 -34.9759 3
v 45.2453 -34.994 3
v 50 30 0
v 49.994 30.2453 0
v 49.9759 30.4901 0
v 49.9459 30.7337 0
v 49.9039 30.9755 0
v 49.8502 31.2149 0
v 49.7847 31.4514 0
v 49.7077 31.6844 0
v 49.6194 31.9134 0
v 49.5199 32.1378 0
v 49.4096 32.357 0
v 49.2886 32.5705 0
v 49.1573 32.7779 0
v 49.016 32.9785 0
v 48.8651 33.172 0
v 48.7048 33.3578 0
v 48.5355 33.5355 0
v 48.3578 33.7048 0
v 48.172 33.8651 0
v 47.9785 34.016 0
v 47.7779 34.1573 0
v 47.5705 34.2886 0
v 47.357 34.4096 0
v 47.1378 34.5199 0
v 46.9134 34.6194 0
v 46.6844 34.7077 0
v 46.4514 34.7847 0
v 46.2149 34.8502 0
v 45.9755 34.9039 0
v 45.7337 34.9459 0
v 45.4901 34.9759 0
v 45.2453 34.994 0
v 45 35 0
v 45 35 3
v 50 30 3
v 49.994 30.2453 3
v 49.9759 30.4901 3
v 49.9459 30.7337 3
v 49.9039 30.9755 3
v 49.8502 31.2149 3
v 49.7847 31.4514 3
v 49.7077 31.6844 3
v 49.6194 31.9134 3
v 49.5199 32.1378 3
v 49.4096 32.357 3
v 49.2886 32.5705 3
v 49.1573 32.7779 3
v 49.016 32.9785 3
v 48.8651 33.172 3
v 48.7048 33.3578 3
v 48.5355 33.5355 3
v 48.3578 33.7048 3
v 48.172 33.8651 3
v 47.9785 34.016 3
v 47.7779 34.1573 3
v 47.5705 34.2886 3
v 47.357 34.4096 3
v 47.1378 34.5199 3
v 46.9134 34.6194 3
v 46.6844 34.7077 3
v 46.4514 34.7847 3
v 46.2149 34.8502 3
v 45.9755 34.9039 3
v 45.7337 34.9459 3
v 45.4901 34.9759 3
v 45.2453 34.994 3
v 50 -30 3
v 50 30 3
v 50 -30 0
v 50 30 0
v -43.9 -31 3
v -43.9026 -30.8953 3
v -43.9104 -30.7909 3
v -43.9235 -30.687 3
v -43.9416 -30.5839 3
v -43.9649 -30.4818 3
v -43.9933 -30.381 3
v -44.0266 -30.2818 3
v -44.0649 -30.1843 3
v -44.108 -30.0888 3
v -44.1557 -29.9957 3
v -44.2081 -29.905 3
v -44.2649 -29.817 3
v -44.326 -29.732 3
v -44.3913 -29.6501 3
v -44.4606 -29.5716 3
v -44.5337 -29.4967 3
v -44.6105 -29.4255 3
v -44.6907 -29.3582 3
v -44.7741 -29.2949 3
v -44.8607 -29.2359 3
v -44.95 -29.1813 3
v -45.042 -29.1313 3
v -45.1363 -29.0858 3
v -45.2328 -29.0452 3
v -45.3312 -29.0094 3
v -45.4312 -28.9785 3
v -45.5327 -28.9527 3
v -45.6353 -28.9319 3
v -45.7389 -28.9163 3
v -45.8431 -28.9059 3
v -45.9476 -28.9007 3
v -46.0524 -28.9007 3
v -46.1569 -28.9059 3
v -46.2611 -28.9163 3
v -46.3647 -28.9319 3
v -46.4673 -28.9527 3
v -46.5688 -28.9785 3
v -46.6688 -29.0094 3
v -46.7672 -29.0452 3
v -46.8637 -29.0858 3
v -46.958 -29.1313 3
v -47.05 -29.1813 3
v -47.1393 -29.2359 3
v -47.2259 -29.2949 3
v -47.3093 -29.3582 3
v -47.3895 -29.4255 3
v -47.4663 -29.4967 3
v -47.5394 -29.5716 3
v -47.6087 -29.6501 3
v -47.674 -29.732 3
v -47.7351 -29.817 3
v -47.7919 -29.905 3
v -47.8443 -29.9957 3
v -47.892 -30.0888 3
v -47.9351 -30.1843 3
v -47.9734 -30.2818 3
v -48.0067 -30.381 3
v -48.0351 -30.4818 3
v -48.0584 -30.5839 3
v -48.0765 -30.687 3
v -48.0896 -30.7909 3
v -48.0974 -30.8953 3
v -48.1 -31 3
v -48.0974 -31.1047 3
v -48.0896 -31.2091 3
v -48.0765 -31.313 3
v -48.0584 -31.4161 3
v -48.0351 -31.5182 3
v -48.0067 -31.619 3
v -47.9734 -31.7182 3
v -47.9351 -31.8157 3
v -47.892 -31.9112 3
v -47.8443 -32.0043 3
v -47.7919 -32.095 3
v -47.7351 -32.183 3
v -47.674 -32.268 3
v -47.6087 -32.3499 3
v -47.5394 -32.4284 3
v -47.4663 -32.5033 3
v -47.3895 -32.5745 3
v -47.3093 -32.6418 3
v -47.2259 -32.7051 3
v -47.1393 -32.7641 3
v -47.05 -32.8187 3
v -46.958 -32.8687 3
v -46.8637 -32.9142 3
v -46.7672 -32.9548 3
v -46.6688 -32.9906 3
v -46.5688 -33.0215 3
v -46.4673 -33.0473 3
v -46.3647 -33.0681 3
v -46.2611 -33.0837 3
v -46.1569 -33.0941 3
v -46.0524 -33.0993 3
v -45.9476 -33.0993 3
v -45.8431 -33.0941 3
v -45.7389 -33.0837 3
v -45.6353 -33.0681 3
v -45.5327 -33.0473 3
v -45.4312 -33.0215 3
v -45.3312 -32.9906 3
v -45.2328 -32.9548 3
v -45.1363 -32.9142 3
v -45.042 -32.8687 3
v -44.95 -32.8187 3
v -44.8607 -32.7641 3
v -44.7741 -32.7051 3
v -44.6907 -32.6418 3
v -44.6105 -32.5745 3
v -44.5337 -32.5033 3
v -44.4606 -32.4284 3
v -44.3913 -32.3499 3
v -44.326 -32.268 3
v -44.2649 -32.183 3
v -44.2081 -32.095 3
v -44.1557 -32.0043 3
v -44.108 -31.9112 3
v -44.0649 -31.8157 3
v -44.0266 -31.7182 3
v -43.9933 -31.619 3
v -43.9649 -31.5182 3
v -43.9416 -31.4161 3
v -43.9235 -31.313 3
v -43.9104 -31.2091 3
v -43.9026 -31.1047 3
v -43.9 -31 3
v -43.9 -31 0
v -43.9026 -30.8953 0
v -43.9104 -30.7909 0
v -43.9235 -30.687 0
v -43.9416 -30.5839 0
v -43.9649 -30.4818 0
v -43.9933 -30.381 0
v -44.0266 -30.2818 0
v -44.0649 -30.1843 0
v -44.108 -30.0888 0
v -44.1557 -29.9957 0
v -44.2081 -29.905 0
v -44.2649 -29.817 0
v -44.326 -29.732 0
v -44.3913 -29.6501 0
v -44.4606 -29.5716 0
v -44.5337 -29.4967 0
v -44.6105 -29.4255 0
v -44.6907 -29.3582 0
v -44.7741 -29.2949 0
v -44.8607 -29.2359 0
v -44.95 -29.1813 0
v -45.042 -29.1313 0
v -45.1363 -29.0858 0
v -45.2328 -29.0452 0
v -45.3312 -29.0094 0
v -45.4312 -28.9785 0
v -45.5327 -28.9527 0
v -45.6353 -28.9319 0
v -45.7389 -28.9163 0
v -45.8431 -28.9059 0
v -45.9476 -28.9007 0
v -46.0524 -28.9007 0
v -46.1569 -28.9059 0
v -46.2611 -28.9163 0
v -46.3647 -28.9319 0
v -46.4673 -28.9527 0
v -46.5688 -28.9785 0
v -46.6688 -29.0094 0
v -46.7672 -29.0452 0
v -46.8637 -29.0858 0
v -46.958 -29.1313 0
v -47.05 -29.1813 0
v -47.1393 -29.2359 0
v -47.2259 -29.2949 0
v -47.3093 -29.3582 0
v -47.3895 -29.4255 0
v -47.4663 -29.4967 0
v -47.5394 -29.5716 0
v -47.6087 -29.6501 0
v -47.674 -29.732 0
v -47.7351 -29.817 0
v -47.7919 -29.905 0
v -47.8443 -29.9957 0
v -47.892 -30.0888 0
v -47.9351 -30.1843 0
v -47.9734 -30.2818 0
v -48.0067 -30.381 0
v -48.0351 -30.4818 0
v -48.0584 -30.5839 0
v -48.0765 -30.687 0
v -48.0896 -30.7909 0
v -48.0974 -30.8953 0
v -48.1 -31 0
v -48.0974 -31.1047 0
v -48.0896 -31.2091 0
v -48.0765 -31.313 0
v -48.0584 -31.4161 0
v -48.0351 -31.5182 0
v -48.0067 -31.619 0
v -47.9734 -31.7182 0
v -47.9351 -31.8157 0
v -47.892 -31.9112 0
v -47.8443 -32.0043 0
v -47.7919 -32.095 0
v -47.7351 -32.183 0
v -47.674 -32.268 0
v -47.6087 -32.3499 0
v -47.5394 -32.4284 0
v -47.4663 -32.5033 0
v -47.3895 -32.5745 0
v -47.3093 -32.6418 0
v -47.2259 -32.7051 0
v -47.1393 -32.7641 0
v -47.05 -32.8187 0
v -46.958 -32.8687 0
v -46.8637 -32.9142 0
v -46.7672 -32.9548 0
v -46.6688 -32.9906 0
v -46.5688 -33.0215 0
v -46.4673 -33.0473 0
v -46.3647 -33.0681 0
v -46.2611 -33.0837 0
v -46.1569 -33.0941 0
v -46.0524 -33.0993 0
v -45.9476 -33.0993 0
v -45.8431 -33.0941 0
v -45.7389 -33.0837 0
v -45.6353 -33.0681 0
v -45.5327 -33.0473 0
v -45.4312 -33.0215 0
v -45.3312 -32.9906 0
v -45.2328 -32.9548 0
v -45.1363 -32.9142 0
v -45.042 -32.8687 0
v -44.95 -32.8187 0
v -44.8607 -32.7641 0
v -44.7741 -32.7051 0
v -44.6907 -32.6418 0
v -44.6105 -32.5745 0
v -44.5337 -32.5033 0
v -44.4606 -32.4284 0
v -44.3913 -32.3499 0
v -44.326 -32.268 0
v -44.2649 -32.183 0
v -44.2081 -32.095 0
v -44.1557 -32.0043 0
v -44.108 -31.9112 0
v -44.0649 -31.8157 0
v -44.0266 -31.7182 0
v -43.9933 -31.619 0
v -43.9649 -31.5182 0
v -43.9416 -31.4161 0
v -43.9235 -31.313 0
v -43.9104 -31.2091 0
v -43.9026 -31.1047 0
v -43.9 -31 0
v -16.85 -15 3
v -16.8639 -14.4442 3
v -16.9054 -13.8898 3
v -16.9745 -13.3382 3
v -17.0711 -12.7907 3
v -17.1948 -12.2487 3
v -17.3454 -11.7135 3
v -17.5224 -11.1865 3
v -17.7255 -10.669 3
v -17.9542 -10.1622 3
v -18.2078 -9.66747 3
v -18.4858 -9.186 3
v -18.7874 -8.71898 3
v -19.112 -8.26758 3
v -19.4586 -7.83292 3
v -19.8265 -7.41607 3
v -20.2147 -7.01808 3
v -20.6222 -6.63994 3
v -21.0481 -6.28258 3
v -21.4913 -5.94689 3
v -21.9506 -5.63371 3
v -22.425 -5.34382 3
v -22.9133 -5.07793 3
v -23.4141 -4.83671 3
v -23.9264 -4.62076 3
v -24.4489 -4.43061 3
v -24.9801 -4.26674 3
v -25.5189 -4.12955 3
v -26.0638 -4.01939 3
v -26.6136 -3.93653 3
v -27.1668 -3.88118 3
v -27.722 -3.85347 3
v -28.278 -3.85347 3
v -28.8332 -3.88118 3
v -29.3864 -3.93653 3
v -29.9362 -4.01939 3
v -30.4811 -4.12955 3
v -31.0199 -4.26674 3
v -31.5511 -4.43061 3
v -32.0736 -4.62076 3
v -32.5859 -4.83671 3
v -33.0867 -5.07793 3
v -33.575 -5.34382 3
v -34.0494 -5.63371 3
v -34.5087 -5.94689 3
v -34.9519 -6.28258 3
v -35.3778 -6.63994 3
v -35.7853 -7.01808 3
v -36.1735 -7.41607 3
v -36.5414 -7.83292 3
v -36.888 -8.26758 3
v -37.2126 -8.71898 3
v -37.5142 -9.186 3
v -37.7922 -9.66747 3
v -38.0458 -10.1622 3
v -38.2745 -10.669 3
v -38.4776 -11.1865 3
v -38.6546 -11.7135 3
v -38.8052 -12.2487 3
v -38.9289 -12.7907 3
v -39.0255 -13.3382 3
v -39.0946 -13.8898 3
v -39.1361 -14.4442 3
v -39.15 -15 3
v -39.1361 -15.5558 3
v -39.0946 -16.1102 3
v -39.0255 -16.6618 3
v -38.9289 -17.2093 3
v -38.8052 -17.7513 3
v -38.6546 -18.2865 3
v -38.4776 -18.8135 3
v -38.2745 -19.331 3
v -38.0458 -19.8378 3
v -37.7922 -20.3325 3
v -37.5142 -20.814 3
v -37.2126 -21.281 3
v -36.888 -21.7324 3
v -36.5414 -22.1671 3
v -36.1735 -22.5839 3
v -35.7853 -22.9819 3
v -35.3778 -23.3601 3
v -34.9519 -23.7174 3
v -34.5087 -24.0531 3
v -34.0494 -24.3663 3
v -33.575 -24.6562 3
v -33.0867 -24.9221 3
v -32.5859 -25.1633 3
v -32.0736 -25.3792 3
v -31.5511 -25.5694 3
v -31.0199 -25.7333 3
v -30.4811 -25.8704 3
v -29.9362 -25.9806 3
v -29.3864 -26.0635 3
v -28.8332 -26.1188 3
v -28.278 -26.1465 3
v -27.722 -26.1465 3
v -27.1668 -26.1188 3
v -26.6136 -26.0635 3
v -26.0638 -25.9806 3
v -25.5189 -25.8704 3
v -24.9801 -25.7333 3
v -24.4489 -25.5694 3
v -23.9264 -25.3792 3
v -23.4141 -25.1633 3
v -22.9133 -24.9221 3
v -22.425 -24.6562 3
v -21.9506 -24.3663 3
v -21.4913 -24.0531 3
v -21.0481 -23.7174 3
v -20.6222 -23.3601 3
v -20.2147 -22.9819 3
v -19.8265 -22.5839 3
v -19.4586 -22.1671 3
v -19.112 -21.7324 3
v -18.7874 -21.281 3
v -18.4858 -20.814 3
v -18.2078 -20.3325 3
v -17.9542 -19.8378 3
v -17.7255 -19.331 3
v -17.5224 -18.8135 3
v -17.3454 -18.2865 3
v -17.1948 -17.7513 3
v -17.0711 -17.2093 3
v -16.9745 -16.6618 3
v -16.9054 -16.1102 3
v -16.8639 -15.5558 3
v -16.85 -15 3
v -16.85 -15 0
v -16.8639 -14.4442 0
v -16.9054 -13.8898 0
v -16.9745 -13.3382 0
v -17.0711 -12.7907 0
v -17.1948 -12.2487 0
v -17.3454 -11.7135 0
v -17.5224 -11.1865 0
v -17.7255 -10.669 0
v -17.9542 -10.1622 0
v -18.2078 -9.66747 0
v -18.4858 -9.186 0
v -18.7874 -8.71898 0
v -19.112 -8.26758 0
v -19.4586 -7.83292 0
v -19.8265 -7.41607 0
v -20.2147 -7.01808 0
v -20.6222 -6.63994 0
v -21.0481 -6.28258 0
v -21.4913 -5.94689 0
v -21.9506 -5.63371 0
v -22.425 -5.34382 0
v -22.9133 -5.07793 0
v -23.4141 -4.83671 0
v -23.9264 -4.62076 0
v -24.4489 -4.43061 0
v -24.9801 -4.26674 0
v -25.5189 -4.12955 0
v -26.0638 -4.01939 0
v -26.6136 -3.93653 0
v -27.1668 -3.88118 0
v -27.722 -3.85347 0
v -28.278 -3.85347 0
v -28.8332 -3.88118 0
v -29.3864 -3.93653 0
v -29.9362 -4.01939 0
v -30.4811 -4.12955 0
v -31.0199 -4.26674 0
v -31.5511 -4.43061 0
v -32.0736 -4.62076 0
v -32.5859 -4.83671 0
v -33.0867 -5.07793 0
v -33.575 -5.34382 0
v -34.0494 -5.63371 0
v -34.5087 -5.94689 0
v -34.9519 -6.28258 0
v -35.3778 -6.63994 0
v -35.7853 -7.01808 0
v -36.1735 -7.41607 0
v -36.5414 -7.83292 0
v -36.888 -8.26758 0
v -37.2126 -8.71898 0
v -37.5142 -9.186 0
v -37.7922 -9.66747 0
v -38.0458 -10.1622 0
v -38.2745 -10.669 0
v -38.4776 -11.1865 0
v -38.6546 -11.7135 0
v -38.8052 -12.2487 0
v -38.9289 -12.7907 0
v -39.0255 -13.3382 0
v -39.0946 -13.8898 0
v -39.1361 -14.4442 0
v -39.15 -15 0
v -39.1361 -15.5558 0
v -39.0946 -16.1102 0
v -39.0255 -16.6618 0
v -38.9289 -17.2093 0
v -38.8052 -17.7513 0
v -38.6546 -18.2865 0
v -38.4776 -18.8135 0
v -38.2745 -19.331 0
v -38.0458 -19.8378 0
v -37.7922 -20.3325 0
v -37.5142 -20.814 0
v -37.2126 -21.281 0
v -36.888 -21.7324 0
v -36.5414 -22.1671 0
v -36.1735 -22.5839 0
v -35.7853 -22.9819 0
v -35.3778 -23.3601 0
v -34.9519 -23.7174 0
v -34.5087 -24.0531 0
v -34.0494 -24.3663 0
v -33.575 -24.6562 0
v -33.0867 -24.9221 0
v -32.5859 -25.1633 0
v -32.0736 -25.3792 0
v -31.5511 -25.5694 0
v -31.0199 -25.7333 0
v -30.4811 -25.8704 0
v -29.9362 -25.9806 0
v -29.3864 -26.0635 0
v -28.8332 -26.1188 0
v -28.278 -26.1465 0
v -27.722 -26.1465 0
v -27.1668 -26.1188 0
v -26.6136 -26.0635 0
v -26.0638 -25.9806 0
v -25.5189 -25.8704 0
v -24.9801 -25.7333 0
v -24.4489 -25.5694 0
v -23.9264 -25.3792 0
v -23.4141 -25.1633 0
v -22.9133 -24.9221 0
v -22.425 -24.6562 0
v -21.9506 -24.3663 0
v -21.4913 -24.0531 0
v -21.0481 -23.7174 0
v -20.6222 -23.3601 0
v -20.2147 -22.9819 0
v -19.8265 -22.5839 0
v -19.4586 -22.1671 0
v -19.112 -21.7324 0
v -18.7874 -21.281 0
v -18.4858 -20.814 0
v -18.2078 -20.3325 0
v -17.9542 -19.8378 0
v -17.7255 -19.331 0
v -17.5224 -18.8135 0
v -17.3454 -18.2865 0
v -17.1948 -17.7513 0
v -17.0711 -17.2093 0
v -16.9745 -16.6618 0
v -16.9054 -16.1102 0
v -16.8639 -15.5558 0
v -16.85 -15 0
v 48.1 -31 3
v 48.0974 -30.8953 3
v 48.0896 -30.7909 3
v 48.0765 -30.687 3
v 48.0584 -30.5839 3
v 48.0351 -30.4818 3
v 48.0067 -30.381 3
v 47.9734 -30.2818 3
v 47.9351 -30.1843 3
v 47.892 -30.0888 3
v 47.8443 -29.9957 3
v 47.7919 -29.905 3
v 47.7351 -29.817 3
v 47.674 -29.732 3
v 47.6087 -29.6501 3
v 47.5394 -29.5716 3
v 47.4663 -29.4967 3
v 47.3895 -29.4255 3
v 47.3093 -29.3582 3
v 47.2259 -29.2949 3
v 47.1393 -29.2359 3
v 47.05 -29.1813 3
v 46.958 -29.1313 3
v 46.8637 -29.0858 3
v 46.7672 -29.0452 3
v 46.6688 -29.0094 3
v 46.5688 -28.9785 3
v 46.4673 -28.9527 3
v 46.3647 -28.9319 3
v 46.2611 -28.9163 3
v 46.1569 -28.9059 3
v 46.0524 -28.9007 3
v 45.9476 -28.9007 3
v 45.8431 -28.9059 3
v 45.7389 -28.9163 3
v 45.6353 -28.9319 3
v 45.5327 -28.9527 3
v 45.4312 -28.9785 3
v 45.3312 -29.0094 3
v 45.2328 -29.0452 3
v 45.1363 -29.0858 3
v 45.042 -29.1313 3
v 44.95 -29.1813 3
v 44.8607 -29.2359 3
v 44.7741 -29.2949 3
v 44.6907 -29.3582 3
v 44.6105 -29.4255 3
v 44.5337 -29.4967 3
v 44.4606 -29.5716 3
v 44.3913 -29.6501 3
v 44.326 -29.732 3
v 44.2649 -29.817 3
v 44.2081 -29.905 3
v 44.1557 -29.9957 3
v 44.108 -30.0888 3
v 44.0649 -30.1843 3
v 44.0266 -30.2818 3
v 43.9933 -30.381 3
v 43.9649 -30.4818 3
v 43.9416 -30.5839 3
v 43.9235 -30.687 3
v 43.9104 -30.7909 3
v 43.9026 -30.8953 3
v 43.9 -31 3
v 43.9026 -31.1047 3
v 43.9104 -31.2091 3
v 43.9235 -31.313 3
v 43.9416 -31.4161 3
v 43.9649 -31.5182 3
v 43.9933 -31.619 3
v 44.0266 -31.7182 3
v 44.0649 -31.8157 3
v 44.108 -31.9112 3
v 44.1557 -32.0043 3
v 44.2081 -32.095 3
v 44.2649 -32.183 3
v 44.326 -32.268 3
v 44.3913 -32.3499 3
v 44.4606 -32.4284 3
v 44.5337 -32.5033 3
v 44.6105 -32.5745 3
v 44.6907 -32.6418 3
v 44.7741 -32.7051 3
v 44.8607 -32.7641 3
v 44.95 -32.8187 3
v 45.042 -32.8687 3
v 45.1363 -32.9142 3
v 45.2328 -32.9548 3
v 45.3312 -32.9906 3
v 45.4312 -33.0215 3
v 45.5327 -33.0473 3
v 45.6353 -33.0681 3
v 45.7389 -33.0837 3
v 45.8431 -33.0941 3
v 45.9476 -33.0993 3
v 46.0524 -33.0993 3
v 46.1569 -33.0941 3
v 46.2611 -33.0837 3
v 46.3647 -33.0681 3
v 46.4673 -33.0473 3
v 46.5688 -33.0215 3
v 46.6688 -32.9906 3
v 46.7672 -32.9548 3
v 46.8637 -32.9142 3
v 46.958 -32.8687 3
v 47.05 -32.8187 3
v 47.1393 -32.7641 3
v 47.2259 -32.7051 3
v 47.3093 -32.6418 3
v 47.3895 -32.5745 3
v 47.4663 -32.5033 3
v 47.5394 -32.4284 3
v 47.6087 -32.3499 3
v 47.674 -32.268 3
v 47.7351 -32.183 3
v 47.7919 -32.095 3
v 47.8443 -32.0043 3
v 47.892 -31.9112 3
v 47.9351 -31.8157 3
v 47.9734 -31.7182 3
v 48.0067 -31.619 3
v 48.0351 -31.5182 3
v 48.0584 -31.4161 3
v 48.0765 -31.313 3
v 48.0896 -31.2091 3
v 48.0974 -31.1047 3
v 48.1 -31 3
v 48.1 -31 0
v 48.0974 -30.8953 0
v 48.0896 -30.7909 0
v 48.0765 -30.687 0
v 48.0584 -30.5839 0
v 48.0351 -30.4818 0
v 48.0067 -30.381 0
v 47.9734 -30.2818 0
v 47.9351 -30.1843 0
v 47.892 -30.0888 0
v 47.8443 -29.9957 0
v 47.7919 -29.905 0
v 47.7351 -29.817 0
v 47.674 -29.732 0
v 47.6087 -29.6501 0
v 47.5394 -29.5716 0
v 47.4663 -29.4967 0
v 47.3895 -29.4255 0
v 47.3093 -29.3582 0
v 47.2259 -29.2949 0
v 47.1393 -29.2359 0
v 47.05 -29.1813 0
v 46.958 -29.1313 0
v 46.8637 -29.0858 0
v 46.7672 -29.0452 0
v 46.6688 -29.0094 0
v 46.5688 -28.9785 0
v 46.4673 -28.9527 0
v 46.3647 -28.9319 0
v 46.2611 -28.9163 0
v 46.1569 -28.9059 0
v 46.0524 -28.9007 0
v 45.9476 -28.9007 0
v 45.8431 -28.9059 0
v 45.7389 -28.9163 0
v 45.6353 -28.9319 0
v 45.5327 -28.9527 0
v 45.4312 -28.9785 0
v 45.3312 -29.0094 0
v 45.2328 -29.0452 0
v 45.1363 -29.0858 0
v 45.042 -29.1313 0
v 44.95 -29.1813 0
v 44.8607 -29.2359 0
v 44.7741 -29.2949 0
v 44.6907 -29.3582 0
v 44.6105 -29.4255 0
v 44.5337 -29.4967 0
v 44.4606 -29.5716 0
v 44.3913 -29.6501 0
v 44.326 -29.732 0
v 44.2649 -29.817 0
v 44.2081 -29.905 0
v 44.1557 -29.9957 0
v 44.108 -30.0888 0
v 44.0649 -30.1843 0
v 44.0266 -30.2818 0
v 43.9933 -30.381 0
v 43.9649 -30.4818 0
v 43.9416 -30.5839 0
v 43.9235 -30.687 0
v 43.9104 -30.7909 0
v 43.9026 -30.8953 0
v 43.9 -31 0
v 43.9026 -31.1047 0
v 43.9104 -31.2091 0
v 43.9235 -31.313 0
v 43.9416 -31.4161 0
v 43.9649 -31.5182 0
v 43.9933 -31.619 0
v 44.0266 -31.7182 0
v 44.0649 -31.8157 0
v 44.108 -31.9112 0
v 44.1557 -32.0043 0
v 44.2081 -32.095 0
v 44.2649 -32.183 0
v 44.326 -32.268 0
v 44.3913 -32.3499 0
v 44.4606 -32.4284 0
v 44.5337 -32.5033 0
v 44.6105 -32.5745 0
v 44.6907 -32.6418 0
v 44.7741 -32.7051 0
v 44.8607 -32.7641 0
v 44.95 -32.8187 0
v 45.042 -32.8687 0
v 45.1363 -32.9142 0
v 45.2328 -32.9548 0
v 45.3312 -32.9906 0
v 45.4312 -33.0215 0
v 45.5327 -33.0473 0
v 45.6353 -33.0681 0
v 45.7389 -33.0837 0
v 45.8431 -33.0941 0
v 45.9476 -33.0993 0
v 46.0524 -33.0993 0
v 46.1569 -33.0941 0
v 46.2611 -33.0837 0
v 46.3647 -33.0681 0
v 46.4673 -33.0473 0
v 46.5688 -33.0215 0
v 46.6688 -32.9906 0
v 46.7672 -32.9548 0
v 46.8637 -32.9142 0
v 46.958 -32.8687 0
v 47.05 -32.8187 0
v 47.1393 -32.7641 0
v 47.2259 -32.7051 0
v 47.3093 -32.6418 0
v 47.3895 -32.5745 0
v 47.4663 -32.5033 0
v 47.5394 -32.4284 0
v 47.6087 -32.3499 0
v 47.674 -32.268 0
v 47.7351 -32.183 0
v 47.7919 -32.095 0
v 47.8443 -32.0043 0
v 47.892 -31.9112 0
v 47.9351 -31.8157 0
v 47.9734 -31.7182 0
v 48.0067 -31.619 0
v 48.0351 -31.5182 0
v 48.0584 -31.4161 0
v 48.0765 -31.313 0
v 48.0896 -31.2091 0
v 48.0974 -31.1047 0
v 48.1 -31 0
v 39.15 -15 3
v 39.1361 -14.4442 3
v 39.0946 -13.8898 3
v 39.0255 -13.3382 3
v 38.9289 -12.7907 3
v 38.8052 -12.2487 3
v 38.6546 -11.7135 3
v 38.4776 -11.1865 3
v 38.2745 -10.669 3
v 38.0458 -10.1622 3
v 37.7922 -9.66747 3
v 37.5142 -9.186 3
v 37.2126 -8.71898 3
v 36.888 -8.26758 3
v 36.5414 -7.83292 3
v 36.1735 -7.41607 3
v 35.7853 -7.01808 3
v 35.3778 -6.63994 3
v 34.9519 -6.28258 3
v 34.5087 -5.94689 3
v 34.0494 -5.63371 3
v 33.575 -5.34382 3
v 33.0867 -5.07793 3
v 32.5859 -4.83671 3
v 32.0736 -4.62076 3
v 31.5511 -4.43061 3
v 31.0199 -4.26674 3
v 30.4811 -4.12955 3
v 29.9362 -4.01939 3
v 29.3864 -3.93653 3
v 28.8332 -3.88118 3
v 28.278 -3.85347 3
v 27.722 -3.85347 3
v 27.1668 -3.88118 3
v 26.6136 -3.93653 3
v 26.0638 -4.01939 3
v 25.5189 -4.12955 3
v 24.9801 -4.26674 3
v 24.4489 -4.43061 3
v 23.9264 -4.62076 3
v 23.4141 -4.83671 3
v 22.9133 -5.07793 3
v 22.425 -5.34382 3
v 21.9506 -5.63371 3
v 21.4913 -5.94689 3
v 21.0481 -6.28258 3
v 20.6222 -6.63994 3
v 20.2147 -7.01808 3
v 19.8265 -7.41607 3
v 19.4586 -7.83292 3
v 19.112 -8.26758 3
v 18.7874 -8.71898 3
v 18.4858 -9.186 3
v 18.2078 -9.66747 3
v 17.9542 -10.1622 3
v 17.7255 -10.669 3
v 17.5224 -11.1865 3
v 17.3454 -11.7135 3
v 17.1948 -12.2487 3
v 17.0711 -12.7907 3
v 16.9745 -13.3382 3
v 16.9054 -13.8898 3
v 16.8639 -14.4442 3
v 16.85 -15 3
v 16.8639 -15.5558 3
v 16.9054 -16.1102 3
v 16.9745 -16.6618 3
v 17.0711 -17.2093 3
v 17.1948 -17.7513 3
v 17.3454 -18.2865 3
v 17.5224 -18.8135 3
v 17.7255 -19.331 3
v 17.9542 -19.8378 3
v 18.2078 -20.3325 3
v 18.4858 -20.814 3
v 18.7874 -21.281 3
v 19.112 -21.7324 3
v 19.4586 -22.1671 3
v 19.8265 -22.5839 3
v 20.2147 -22.9819 3
v 20.6222 -23.3601 3
v 21.0481 -23.7174 3
v 21.4913 -24.0531 3
v 21.9506 -24.3663 3
v 22.425 -24.6562 3
v 22.9133 -24.9221 3
v 23.4141 -25.1633 3
v 23.9264 -25.3792 3
v 24.4489 -25.5694 3
v 24.9801 -25.7333 3
v 25.5189 -25.8704 3
v 26.0638 -25.9806 3
v 26.6136 -26.0635 3
v 27.1668 -26.1188 3
v 27.722 -26.1465 3
v 28.278 -26.1465 3
v 28.8332 -26.1188 3
v 29.3864 -26.0635 3
v 29.9362 -25.9806 3
v 30.4811 -25.8704 3
v 31.0199 -25.7333 3
v 31.5511 -25.5694 3
v 32.0736 -25.3792 3
v 32.5859 -25.1633 3
v 33.0867 -24.9221 3
v 33.575 -24.6562 3
v 34.0494 -24.3663 3
v 34.5087 -24.0531 3
v 34.9519 -23.7174 3
v 35.3778 -23.3601 3
v 35.7853 -22.9819 3
v 36.1735 -22.5839 3
v 36.5414 -22.1671 3
v 36.888 -21.7324 3
v 37.2126 -21.281 3
v 37.5142 -20.814 3
v 37.7922 -20.3325 3
v 38.0458 -19.8378 3
v 38.2745 -19.331 3
v 38.4776 -18.8135 3
v 38.6546 -18.2865 3
v 38.8052 -17.7513 3
v 38.9289 -17.2093 3
v 39.0255 -16.6618 3
v 39.0946 -16.1102 3
v 39.1361 -15.5558 3
v 39.15 -15 3
v 39.15 -15 0
v 39.1361 -14.4442 0
v 39.0946 -13.8898 0
v 39.0255 -13.3382 0
v 38.9289 -12.7907 0
v 38.8052 -12.2487 0
v 38.6546 -11.7135 0
v 38.4776 -11.1865 0
v 38.2745 -10.669 0
v 38.0458 -10.1622 0
v 37.7922 -9.66747 0
v 37.5142 -9.186 0
v 37.2126 -8.71898 0
v 36.888 -8.26758 0
v 36.5414 -7.83292 0
v 36.1735 -7.41607 0
v 35.7853 -7.01808 0
v 35.3778 -6.63994 0
v 34.9519 -6.28258 0
v 34.5087 -5.94689 0
v 34.0494 -5.63371 0
v 33.575 -5.34382 0
v 33.0867 -5.07793 0
v 32.5859 -4.83671 0
v 32.0736 -4.62076 0
v 31.5511 -4.43061 0
v 31.0199 -4.26674 0
v 30.4811 -4.12955 0
v 29.9362 -4.01939 0
v 29.3864 -3.93653 0
v 28.8332 -3.88118 0
v 28.278 -3.85347 0
v 27.722 -3.85347 0
v 27.1668 -3.88118 0
v 26.6136 -3.93653 0
v 26.0638 -4.01939 0
v 25.5189 -4.12955 0
v 24.9801 -4.26674 0
v 24.4489 -4.43061 0
v 23.9264 -4.62076 0
v 23.4141 -4.83671 0
v 22.9133 -5.07793 0
v 22.425 -5.34382 0
v 21.9506 -5.63371 0
v 21.4913 -5.94689 0
v 21.0481 -6.28258 0
v 20.6222 -6.63994 0
v 20.2147 -7.01808 0
v 19.8265 -7.41607 0
v 19.4586 -7.83292 0
v 19.112 -8.26758 0
v 18.7874 -8.71898 0
v 18.4858 -9.186 0
v 18.2078 -9.66747 0
v 17.9542 -10.1622 0
v 17.7255 -10.669 0
v 17.5224 -11.1865 0
v 17.3454 -11.7135 0
v 17.1948 -12.2487 0
v 17.0711 -12.7907 0
v 16.9745 -13.3382 0
v 16.9054 -13.8898 0
v 16.8639 -14.4442 0
v 16.85 -15 0
v 16.8639 -15.5558 0
v 16.9054 -16.1102 0
v 16.9745 -16.6618 0
v 17.0711 -17.2093 0
v 17.1948 -17.7513 0
v 17.3454 -18.2865 0
v 17.5224 -18.8135 0
v 17.7255 -19.331 0
v 17.9542 -19.8378 0
v 18.2078 -20.3325 0
v 18.4858 -20.814 0
v 18.7874 -21.281 0
v 19.112 -21.7324 0
v 19.4586 -22.1671 0
v 19.8265 -22.5839 0
v 20.2147 -22.9819 0
v 20.6222 -23.3601 0
v 21.0481 -23.7174 0
v 21.4913 -24.0531 0
v 21.9506 -24.3663 0
v 22.425 -24.6562 0
v 22.9133 -24.9221 0
v 23.4141 -25.1633 0
v 23.9264 -25.3792 0
v 24.4489 -25.5694 0
v 24.9801 -25.7333 0
v 25.5189 -25.8704 0
v 26.0638 -25.9806 0
v 26.6136 -26.0635 0
v 27.1668 -26.1188 0
v 27.722 -26.1465 0
v 28.278 -26.1465 0
v 28.8332 -26.1188 0
v 29.3864 -26.0635 0
v 29.9362 -25.9806 0
v 30.4811 -25.8704 0
v 31.0199 -25.7333 0
v 31.5511 -25.5694 0
v 32.0736 -25.3792 0
v 32.5859 -25.1633 0
v 33.0867 -24.9221 0
v 33.575 -24.6562 0
v 34.0494 -24.3663 0
v 34.5087 -24.0531 0
v 34.9519 -23.7174 0
v 35.3778 -23.3601 0
v 35.7853 -22.9819 0
v 36.1735 -22.5839 0
v 36.5414 -22.1671 0
v 36.888 -21.7324 0
v 37.2126 -21.281 0
v 37.5142 -20.814 0
v 37.7922 -20.3325 0
v 38.0458 -19.8378 0
v 38.2745 -19.331 0
v 38.4776 -18.8135 0
v 38.6546 -18.2865 0
v 38.8052 -17.7513 0
v 38.9289 -17.2093 0
v 39.0255 -16.6618 0
v 39.0946 -16.1102 0
v 39.1361 -15.5558 0
v 39.15 -15 0
v -43.9 31 3
v -43.9026 31.1047 3
v -43.9104 31.2091 3
v -43.9235 31.313 3
v -43.9416 31.4161 3
v -43.9649 31.5182 3
v -43.9933 31.619 3
v -44.0266 31.7182 3
v -44.0649 31.8157 3
v -44.108 31.9112 3
v -44.1557 32.0043 3
v -44.2081 32.095 3
v -44.2649 32.183 3
v -44.326 32.268 3
v -44.3913 32.3499 3
v -44.4606 32.4284 3
v -44.5337 32.5033 3
v -44.6105 32.5745 3
v -44.6907 32.6418 3
v -44.7741 32.7051 3
v -44.8607 32.7641 3
v -44.95 32.8187 3
v -45.042 32.8687 3
v -45.1363 32.9142 3
v -45.2328 32.9548 3
v -45.3312 32.9906 3
v -45.4312 33.0215 3
v -45.5327 33.0473 3
v -45.6353 33.0681 3
v -45.7389 33.0837 3
v -45.8431 33.0941 3
v -45.9476 33.0993 3
v -46.0524 33.0993 3
v -46.1569 33.0941 3
v -46.2611 33.0837 3
v -46.3647 33.0681 3
v -46.4673 33.0473 3
v -46.5688 33.0215 3
v -46.6688 32.9906 3
v -46.7672 32.9548 3
v -46.8637 32.9142 3
v -46.958 32.8687 3
v -47.05 32.8187 3
v -47.1393 32.7641 3
v -47.2259 32.7051 3
v -47.3093 32.6418 3
v -47.3895 32.5745 3
v -47.4663 32.5033 3
v -47.5394 32.4284 3
v -47.6087 32.3499 3
v -47.674 32.268 3
v -47.7351 32.183 3
v -47.7919 32.095 3
v -47.8443 32.0043 3
v -47.892 31.9112 3
v -47.9351 31.8157 3
v -47.9734 31.7182 3
v -48.0067 31.619 3
v -48.0351 31.5182 3
v -48.0584 31.4161 3
v -48.0765 31.313 3
v -48.0896 31.2091 3
v -48.0974 31.1047 3
v -48.1 31 3
v -48.0974 30.8953 3
v -48.0896 30.7909 3
v -48.0765 30.687 3
v -48.0584 30.5839 3
v -48.0351 30.4818 3
v -48.0067 30.381 3
v -47.9734 30.2818 3
v -47.9351 30.1843 3
v -47.892 30.0888 3
v -47.8443 29.9957 3
v -47.7919 29.905 3
v -47.7351 29.817 3
v -47.674 29.732 3
v -47.6087 29.6501 3
v -47.5394 29.5716 3
v -47.4663 29.4967 3
v -47.3895 29.4255 3
v -47.3093 29.3582 3
v -47.2259 29.2949 3
v -47.1393 29.2359 3
v -47.05 29.1813 3
v -46.958 29.1313 3
v -46.8637 29.0858 3
v -46.7672 29.0452 3
v -46.6688 29.0094 3
v -46.5688 28.9785 3
v -46.4673 28.9527 3
v -46.3647 28.9319 3
v -46.2611 28.9163 3
v -46.1569 28.9059 3
v -46.0524 28.9007 3
v -45.9476 28.9007 3
v -45.8431 28.9059 3
v -45.7389 28.9163 3
v -45.6353 28.9319 3
v -45.5327 28.9527 3
v -45.4312 28.9785 3
v -45.3312 29.0094 3
v -45.2328 29.0452 3
v -45.1363 29.0858 3
v -45.042 29.1313 3
v -44.95 29.1813 3
v -44.8607 29.2359 3
v -44.7741 29.2949 3
v -44.6907 29.3582 3
v -44.6105 29.4255 3
v -44.5337 29.4967 3
v -44.4606 29.5716 3
v -44.3913 29.6501 3
v -44.326 29.732 3
v -44.2649 29.817 3
v -44.2081 29.905 3
v -44.1557 29.9957 3
v -44.108 30.0888 3
v -44.0649 30.1843 3
v -44.0266 30.2818 3
v -43.9933 30.381 3
v -43.9649 30.4818 3
v -43.9416 30.5839 3
v -43.9235 30.687 3
v -43.9104 30.7909 3
v -43.9026 30.8953 3
v -43.9 31 3
v -43.9 31 0
v -43.9026 31.1047 0
v -43.9104 31.2091 0
v -43.9235 31.313 0
v -43.9416 31.4161 0
v -43.9649 31.5182 0
v -43.9933 31.619 0
v -44.0266 31.7182 0
v -44.0649 31.8157 0
v -44.108 31.9112 0
v -44.1557 32.0043 0
v -44.2081 32.095 0
v -44.2649 32.183 0
v -44.326 32.268 0
v -44.3913 32.3499 0
v -44.4606 32.4284 0
v -44.5337 32.5033 0
v -44.6105 32.5745 0
v -44.6907 32.6418 0
v -44.7741 32.7051 0
v -44.8607 32.7641 0
v -44.95 32.8187 0
v -45.042 32.8687 0
v -45.1363 32.9142 0
v -45.2328 32.9548 0
v -45.3312 32.9906 0
v -45.4312 33.0215 0
v -45.5327 33.0473 0
v -45.6353 33.0681 0
v -45.7389 33.0837 0
v -45.8431 33.0941 0
v -45.9476 33.0993 0
v -46.0524 33.0993 0
v -46.1569 33.0941 0
v -46.2611 33.0837 0
v -46.3647 33.0681 0
v -46.4673 33.0473 0
v -46.5688 33.0215 0
v -46.6688 32.9906 0
v -46.7672 32.9548 0
v -46.8637 32.9142 0
v -46.958 32.8687 0
v -47.05 32.8187 0
v -47.1393 32.7641 0
v -47.2259 32.7051 0
v -47.3093 32.6418 0
v -47.3895 32.5745 0
v -47.4663 32.5033 0
v -47.5394 32.4284 0
v -47.6087 32.3499 0
v -47.674 32.268 0
v -47.7351 32.183 0
v -47.7919 32.095 0
v -47.8443 32.0043 0
v -47.892 31.9112 0
v -47.9351 31.8157 0
v -47.9734 31.7182 0
v -48.0067 31.619 0
v -48.0351 31.5182 0
v -48.0584 31.4161 0
v -48.0765 31.313 0
v -48.0896 31.2091 0
v -48.0974 31.1047 0
v -48.1 31 0
v -48.0974 30.8953 0
v -48.0896 30.7909 0
v -48.0765 30.687 0
v -48.0584 30.5839 0
v -48.0351 30.4818 0
v -48.0067 30.381 0
v -47.9734 30.2818 0
v -47.9351 30.1843 0
v -47.892 30.0888 0
v -47.8443 29.9957 0
v -47.7919 29.905 0
v -47.7351 29.817 0
v -47.674 29.732 0
v -47.6087 29.6501 0
v -47.5394 29.5716 0
v -47.4663 29.4967 0
v -47.3895 29.4255 0
v -47.3093 29.3582 0
v -47.2259 29.2949 0
v -47.1393 29.2359 0
v -47.05 29.1813 0
v -46.958 29.1313 0
v -46.8637 29.0858 0
v -46.7672 29.0452 0
v -46.6688 29.0094 0
v -46.5688 28.9785 0
v -46.4673 28.9527 0
v -46.3647 28.9319 0
v -46.2611 28.9163 0
v -46.1569 28.9059 0
v -46.0524 28.9007 0
v -45.9476 28.9007 0
v -45.8431 28.9059 0
v -45.7389 28.9163 0
v -45.6353 28.9319 0
v -45.5327 28.9527 0
v -45.4312 28.9785 0
v -45.3312 29.0094 0
v -45.2328 29.0452 0
v -45.1363 29.0858 0
v -45.042 29.1313 0
v -44.95 29.1813 0
v -44.8607 29.2359 0
v -44.7741 29.2949 0
v -44.6907 29.3582 0
v -44.6105 29.4255 0
v -44.5337 29.4967 0
v -44.4606 29.5716 0
v -44.3913 29.6501 0
v -44.326 29.732 0
v -44.2649 29.817 0
v -44.2081 29.905 0
v -44.1557 29.9957 0
v -44.108 30.0888 0
v -44.0649 30.1843 0
v -44.0266 30.2818 0
v -43.9933 30.381 0
v -43.9649 30.4818 0
v -43.9416 30.5839 0
v -43.9235 30.687 0
v -43.9104 30.7909 0
v -43.9026 30.8953 0
v -43.9 31 0
v 25 5 0
v 25 5 3
v -25 5 0
v -25 5 3
v 25 5 0
v 25 5 3
v 25 25 0
v 25 25 3
v -25 5 0
v -25 5 3
v -25 25 0
v -25 25 3
v 25 25 0
v 25 25 3
v -25 25 0
v -25 25 3
v 48.1 31 3
v 48.0974 31.1047 3
v 48.0896 31.2091 3
v 48.0765 31.313 3
v 48.0584 31.4161 3
v 48.0351 31.5182 3
v 48.0067 31.619 3
v 47.9734 31.7182 3
v 47.9351 31.8157 3
v 47.892 31.9112 3
v 47.8443 32.0043 3
v 47.7919 32.095 3
v 47.7351 32.183 3
v 47.674 32.268 3
v 47.6087 32.3499 3
v 47.5394 32.4284 3
v 47.4663 32.5033 3
v 47.3895 32.5745 3
v 47.3093 32.6418 3
v 47.2259 32.7051 3
v 47.1393 32.7641 3
v 47.05 32.8187 3
v 46.958 32.8687 3
v 46.8637 32.9142 3
v 46.7672 32.9548 3
v 46.6688 32.9906 3
v 46.5688 33.0215 3
v 46.4673 33.0473 3
v 46.3647 33.0681 3
v 46.2611 33.0837 3
v 46.1569 33.0941 3
v 46.0524 33.0993 3
v 45.9476 33.0993 3
v 45.8431 33.0941 3
v 45.7389 33.0837 3
v 45.6353 33.0681 3
v 45.5327 33.0473 3
v 45.4312 33.0215 3
v 45.3312 32.9906 3
v 45.2328 32.9548 3
v 45.1363 32.9142 3
v 45.042 32.8687 3
v 44.95 32.8187 3
v 44.8607 32.7641 3
v 44.7741 32.7051 3
v 44.6907 32.6418 3
v 44.6105 32.5745 3
v 44.5337 32.5033 3
v 44.4606 32.4284 3
v 44.3913 32.3499 3
v 44.326 32.268 3
v 44.2649 32.183 3
v 44.2081 32.095 3
v 44.1557 32.0043 3
v 44.108 31.9112 3
v 44.0649 31.8157 3
v 44.0266 31.7182 3
v 43.9933 31.619 3
v 43.9649 31.5182 3
v 43.9416 31.4161 3
v 43.9235 31.313 3
v 43.9104 31.2091 3
v 43.9026 31.1047 3
v 43.9 31 3
v 43.9026 30.8953 3
v 43.9104 30.7909 3
v 43.9235 30.687 3
v 43.9416 30.5839 3
v 43.9649 30.4818 3
v 43.9933 30.381 3
v 44.0266 30.2818 3
v 44.0649 30.1843 3
v 44.108 30.0888 3
v 44.1557 29.9957 3
v 44.2081 29.905 3
v 44.2649 29.817 3
v 44.326 29.732 3
v 44.3913 29.6501 3
v 44.4606 29.5716 3
v 44.5337 29.4967 3
v 44.6105 29.4255 3
v 44.6907 29.3582 3
v 44.7741 29.2949 3
v 44.8607 29.2359 3
v 44.95 29.1813 3
v 45.042 29.1313 3
v 45.1363 29.0858 3
v 45.2328 29.0452 3
v 45.3312 29.0094 3
v 45.4312 28.9785 3
v 45.5327 28.9527 3
v 45.6353 28.9319 3
v 45.7389 28.9163 3
v 45.8431 28.9059 3
v 45.9476 28.9007 3
v 46.0524 28.9007 3
v 46.1569 28.9059 3
v 46.2611 28.9163 3
v 46.3647 28.9319 3
v 46.4673 28.9527 3
v 46.5688 28.9785 3
v 46.6688 29.0094 3
v 46.7672 29.0452 3
v 46.8637 29.0858 3
v 46.958 29.1313 3
v 47.05 29.1813 3
v 47.1393 29.2359 3
v 47.2259 29.2949 3
v 47.3093 29.3582 3
v 47.3895 29.4255 3
v 47.4663 29.4967 3
v 47.5394 29.5716 3
v 47.6087 29.6501 3
v 47.674 29.732 3
v 47.7351 29.817 3
v 47.7919 29.905 3
v 47.8443 29.9957 3
v 47.892 30.0888 3
v 47.9351 30.1843 3
v 47.9734 30.2818 3
v 48.0067 30.381 3
v 48.0351 30.4818 3
v 48.0584 30.5839 3
v 48.0765 30.687 3
v 48.0896 30.7909 3
v 48.0974 30.8953 3
v 48.1 31 3
v 48.1 31 0
v 48.0974 31.1047 0
v 48.0896 31.2091 0
v 48.0765 31.313 0
v 48.0584 31.4161 0
v 48.0351 31.5182 0
v 48.0067 31.619 0
v 47.9734 31.7182 0
v 47.9351 31.8157 0
v 47.892 31.9112 0
v 47.8443 32.0043 0
v 47.7919 32.095 0
v 47.7351 32.183 0
v 47.674 32.268 0
v 47.6087 32.3499 0
v 47.5394 32.4284 0
v 47.4663 32.5033 0
v 47.3895 32.5745 0
v 47.3093 32.6418 0
v 47.2259 32.7051 0
v 47.1393 32.7641 0
v 47.05 32.8187 0
v 46.958 32.8687 0
v 46.8637 32.9142 0
v 46.7672 32.9548 0
v 46.6688 32.9906 0
v 46.5688 33.0215 0
v 46.4673 33.0473 0
v 46.3647 33.0681 0
v 46.2611 33.0837 0
v 46.1569 33.0941 0
v 46.0524 33.0993 0
v 45.9476 33.0993 0
v 45.8431 33.0941 0
v 45.7389 33.0837 0
v 45.6353 33.0681 0
v 45.5327 33.0473 0
v 45.4312 33.0215 0
v 45.3312 32.9906 0
v 45.2328 32.9548 0
v 45.1363 32.9142 0
v 45.042 32.8687 0
v 44.95 32.8187 0
v 44.8607 32.7641 0
v 44.7741 32.7051 0
v 44.6907 32.6418 0
v 44.6105 32.5745 0
v 44.5337 32.5033 0
v 44.4606 32.4284 0
v 44.3913 32.3499 0
v 44.326 32.268 0
v 44.2649 32.183 0
v 44.2081 32.095 0
v 44.1557 32.0043 0
v 44.108 31.9112 0
v 44.0649 31.8157 0
v 44.0266 31.7182 0
v 43.9933 31.619 0
v 43.9649 31.5182 0
v 43.9416 31.4161 0
v 43.9235 31.313 0
v 43.9104 31.2091 0
v 43.9026 31.1047 0
v 43.9 31 0
v 43.9026 30.8953 0
v 43.9104 30.7909 0
v 43.9235 30.687 0
v 43.9416 30.5839 0
v 43.9649 30.4818 0
v 43.9933 30.381 0
v 44.0266 30.2818 0
v 44.0649 30.1843 0
v 44.108 30.0888 0
v 44.1557 29.9957 0
v 44.2081 29.905 0
v 44.2649 29.817 0
v 44.326 29.732 0
v 44.3913 29.6501 0
v 44.4606 29.5716 0
v 44.5337 29.4967 0
v 44.6105 29.4255 0
v 44.6907 29.3582 0
v 44.7741 29.2949 0
v 44.8607 29.2359 0
v 44.95 29.1813 0
v 45.042 29.1313 0
v 45.1363 29.0858 0
v 45.2328 29.0452 0
v 45.3312 29.0094 0
v 45.4312 28.9785 0
v 45.5327 28.9527 0
v 45.6353 28.9319 0
v 45.7389 28.9163 0
v 45.8431 28.9059 0
v 45.9476 28.9007 0
v 46.0524 28.9007 0
v 46.1569 28.9059 0
v 46.2611 28.9163 0
v 46.3647 28.9319 0
v 46.4673 28.9527 0
v 46.5688 28.9785 0
v 46.6688 29.0094 0
v 46.7672 29.0452 0
v 46.8637 29.0858 0
v 46.958 29.1313 0
v 47.05 29.1813 0
v 47.1393 29.2359 0
v 47.2259 29.2949 0
v 47.3093 29.3582 0
v 47.3895 29.4255 0
v 47.4663 29.4967 0
v 47.5394 29.5716 0
v 47.6087 29.6501 0
v 47.674 29.732 0
v 47.7351 29.817 0
v 47.7919 29.905 0
v 47.8443 29.9957 0
v 47.892 30.0888 0
v 47.9351 30.1843 0
v 47.9734 30.2818 0
v 48.0067 30.381 0
v 48.0351 30.4818 0
v 48.0584 30.5839 0
v 48.0765 30.687 0
v 48.0896 30.7909 0
v 48.0974 30.8953 0
v 48.1 31 0
f 1 4 3
f 1 2 4
f 216 22 23
f 215 21 22
f 215 22 216
f 217 216 23
f 214 20 21
f 214 21 215
f 218 23 24
f 218 217 23
f 213 20 214
f 219 218 24
f 219 24 25
f 212 19 20
f 212 20 213
f 220 219 25
f 211 18 19
f 211 19 212
f 221 220 25
f 221 25 26
f 210 18 211
f 222 26 27
f 222 221 26
f 209 17 18
f 209 18 210
f 223 222 27
f 208 16 17
f 208 17 209
f 224 27 28
f 224 223 27
f 207 16 208
f 225 224 28
f 225 28 29
f 206 15 16
f 206 16 207
f 226 225 29
f 205 14 15
f 205 15 206
f 227 29 30
f 227 226 29
f 204 14 205
f 228 227 30
f 228 30 31
f 203 13 14
f 203 14 204
f 229 31 32
f 229 228 31
f 202 12 13
f 202 13 203
f 230 229 32
f 201 11 12
f 201 12 202
f 231 230 32
f 231 32 33
f 200 11 201
f 232 33 34
f 232 231 33
f 199 11 200
f 199 10 11
f 233 232 34
f 198 10 199
f 198 9 10
f 234 233 34
f 234 34 35
f 197 8 9
f 197 9 198
f 235 35 36
f 235 234 35
f 196 8 197
f 236 235 36
f 236 36 37
f 195 7 8
f 195 8 196
f 237 236 37
f 237 37 38
f 194 5 7
f 194 7 195
f 238 237 38
f 193 5 194
f 239 238 38
f 192 5 193
f 240 239 38
f 191 5 192
f 241 240 38
f 190 5 191
f 242 241 38
f 189 5 190
f 243 242 38
f 188 5 189
f 244 243 38
f 187 5 188
f 245 244 38
f 186 5 187
f 246 245 38
f 185 5 186
f 247 246 38
f 184 5 185
f 248 247 38
f 183 5 184
f 249 248 38
f 182 5 183
f 250 249 38
f 181 5 182
f 251 250 38
f 180 5 181
f 252 251 38
f 179 5 180
f 253 252 38
f 178 5 179
f 254 253 38
f 177 5 178
f 342 148 147
f 342 149 148
f 342 150 149
f 341 151 150
f 341 152 151
f 341 150 342
f 343 146 145
f 343 147 146
f 343 342 147
f 340 152 341
f 340 153 152
f 340 154 153
f 344 144 143
f 344 145 144
f 344 343 145
f 339 155 154
f 339 156 155
f 339 154 340
f 345 344 143
f 345 142 141
f 345 143 142
f 338 156 339
f 338 157 156
f 338 158 157
f 346 140 139
f 346 141 140
f 346 345 141
f 337 158 338
f 337 159 158
f 337 160 159
f 347 346 139
f 347 138 137
f 347 139 138
f 336 161 160
f 336 162 161
f 336 163 162
f 336 160 337
f 348 347 137
f 348 262 261
f 348 137 262
f 335 164 163
f 335 165 164
f 335 163 336
f 349 348 261
f 349 260 259
f 349 261 260
f 334 165 335
f 334 166 165
f 334 167 166
f 350 349 259
f 350 258 257
f 350 259 258
f 333 167 334
f 333 168 167
f 333 169 168
f 351 350 257
f 351 256 255
f 351 257 256
f 332 169 333
f 332 170 169
f 352 254 38
f 352 351 255
f 352 255 254
f 331 170 332
f 331 171 170
f 331 172 171
f 353 352 38
f 330 172 331
f 330 173 172
f 330 174 173
f 354 353 38
f 329 174 330
f 329 175 174
f 329 176 175
f 355 354 38
f 328 5 177
f 328 176 329
f 328 177 176
f 356 355 38
f 327 5 328
f 357 356 38
f 326 5 327
f 358 357 38
f 325 5 326
f 359 358 38
f 324 5 325
f 360 359 38
f 323 5 324
f 361 360 38
f 322 5 323
f 362 361 38
f 321 5 322
f 363 362 38
f 320 5 321
f 768 278 277
f 768 279 278
f 768 280 279
f 768 281 280
f 768 282 281
f 768 283 282
f 768 284 283
f 768 285 284
f 768 286 285
f 768 287 286
f 768 288 287
f 768 289 288
f 768 290 289
f 768 291 290
f 768 292 291
f 768 293 292
f 768 294 293
f 768 295 294
f 768 296 295
f 768 297 296
f 768 298 297
f 768 299 298
f 768 300 299
f 768 301 300
f 768 302 301
f 768 303 302
f 768 304 303
f 768 305 304
f 6 313 312
f 6 314 313
f 6 315 314
f 6 316 315
f 6 317 316
f 6 318 317
f 6 319 318
f 6 320 319
f 6 5 320
f 719 6 720
f 721 720 6
f 718 6 719
f 722 721 6
f 717 6 718
f 723 722 6
f 716 6 717
f 724 723 6
f 715 6 716
f 725 724 6
f 714 6 715
f 726 725 6
f 713 6 714
f 727 726 6
f 712 6 713
f 728 6 312
f 728 727 6
f 711 6 712
f 729 312 311
f 729 728 312
f 710 106 6
f 710 6 711
f 730 729 311
f 709 107 106
f 709 106 710
f 731 730 311
f 731 311 310
f 708 107 709
f 732 310 309
f 732 731 310
f 707 108 107
f 707 107 708
f 733 732 309
f 706 109 108
f 706 108 707
f 734 309 308
f 734 733 309
f 705 110 109
f 705 109 706
f 735 308 307
f 735 734 308
f 704 110 705
f 736 735 307
f 736 307 306
f 703 111 110
f 703 110 704
f 737 736 306
f 702 112 111
f 702 111 703
f 738 737 306
f 738 306 305
f 701 113 112
f 701 112 702
f 739 738 305
f 739 305 768
f 700 113 701
f 740 739 768
f 699 114 113
f 699 113 700
f 741 740 768
f 698 115 114
f 698 114 699
f 742 741 768
f 697 115 698
f 743 742 768
f 696 116 115
f 696 115 697
f 744 743 768
f 695 117 116
f 695 116 696
f 745 744 768
f 694 117 695
f 693 118 117
f 693 117 694
f 692 119 118
f 692 118 693
f 691 119 692
f 690 120 119
f 690 119 691
f 689 120 690
f 121 120 689
f 688 121 689
f 122 121 688
f 122 687 686
f 122 688 687
f 123 122 686
f 123 686 685
f 124 123 685
f 124 684 683
f 124 685 684
f 125 124 683
f 125 683 682
f 126 125 682
f 126 681 680
f 126 682 681
f 127 680 679
f 127 126 680
f 128 678 677
f 128 679 678
f 128 127 679
f 129 128 677
f 129 677 676
f 130 129 676
f 130 676 675
f 131 130 675
f 131 674 673
f 131 675 674
f 132 131 673
f 132 673 672
f 133 132 672
f 133 671 670
f 133 672 671
f 134 133 670
f 134 670 669
f 135 669 668
f 135 134 669
f 136 668 667
f 136 135 668
f 105 650 649
f 105 651 650
f 105 652 651
f 105 653 652
f 105 654 653
f 105 655 654
f 105 656 655
f 105 657 656
f 105 658 657
f 105 659 658
f 105 660 659
f 105 661 660
f 105 662 661
f 105 663 662
f 105 664 663
f 105 665 664
f 105 666 665
f 105 667 666
f 105 136 667
f 594 373 372
f 593 373 594
f 593 374 373
f 595 594 372
f 595 372 371
f 592 375 374
f 592 374 593
f 596 371 370
f 596 595 371
f 591 375 592
f 591 376 375
f 597 370 369
f 597 596 370
f 590 377 376
f 590 376 591
f 598 369 368
f 598 597 369
f 589 378 377
f 589 377 590
f 599 368 367
f 599 598 368
f 588 379 378
f 588 378 589
f 600 599 367
f 587 379 588
f 587 380 379
f 601 366 365
f 601 367 366
f 601 600 367
f 586 381 380
f 586 380 587
f 602 365 364
f 602 601 365
f 585 381 586
f 585 382 381
f 603 364 363
f 603 602 364
f 584 382 585
f 584 383 382
f 604 603 363
f 583 384 383
f 583 383 584
f 582 384 583
f 582 385 384
f 769 642 641
f 769 643 642
f 769 644 643
f 769 746 745
f 769 645 644
f 769 747 746
f 769 646 645
f 769 748 747
f 769 647 646
f 769 749 748
f 769 648 647
f 769 750 749
f 769 649 648
f 769 751 750
f 769 752 751
f 769 753 752
f 769 754 753
f 769 755 754
f 769 756 755
f 769 757 756
f 769 758 757
f 769 759 758
f 769 760 759
f 769 761 760
f 769 762 761
f 769 763 762
f 769 764 763
f 769 765 764
f 769 766 765
f 769 641 766
f 769 745 768
f 769 105 649
f 581 385 582
f 581 386 385
f 580 386 581
f 580 387 386
f 579 387 580
f 579 388 387
f 578 388 579
f 578 263 388
f 577 264 263
f 577 263 578
f 576 264 577
f 576 265 264
f 575 265 576
f 575 266 265
f 574 266 575
f 574 267 266
f 573 267 574
f 573 268 267
f 572 269 268
f 572 268 573
f 571 269 572
f 571 270 269
f 570 270 571
f 570 271 270
f 569 272 271
f 569 273 272
f 569 271 570
f 568 273 569
f 568 274 273
f 567 274 568
f 39 611 610
f 39 612 611
f 39 613 612
f 39 614 613
f 39 615 614
f 39 604 363
f 39 363 38
f 39 605 604
f 39 606 605
f 39 607 606
f 39 608 607
f 39 609 608
f 39 610 609
f 566 274 567
f 566 275 274
f 565 276 275
f 565 277 276
f 565 275 566
f 564 277 565
f 467 39 468
f 469 468 39
f 466 39 467
f 470 469 39
f 465 39 466
f 471 470 39
f 464 39 465
f 472 471 39
f 463 39 464
f 473 472 39
f 462 39 463
f 474 473 39
f 461 39 462
f 461 615 39
f 475 474 39
f 460 616 615
f 460 615 461
f 476 475 39
f 459 616 460
f 477 476 39
f 458 617 616
f 458 616 459
f 478 477 39
f 478 39 71
f 457 617 458
f 479 478 71
f 479 71 70
f 456 618 617
f 456 617 457
f 480 479 70
f 480 70 69
f 455 618 456
f 481 69 68
f 481 480 69
f 454 619 618
f 454 618 455
f 482 481 68
f 453 619 454
f 483 68 67
f 483 482 68
f 452 620 619
f 452 619 453
f 484 67 66
f 484 483 67
f 451 620 452
f 485 484 66
f 450 621 620
f 450 620 451
f 486 66 65
f 486 485 66
f 449 621 450
f 487 486 65
f 487 65 64
f 448 622 621
f 448 621 449
f 488 64 63
f 488 487 64
f 447 622 448
f 489 488 63
f 446 623 622
f 446 622 447
f 490 489 63
f 490 63 62
f 445 623 446
f 491 490 62
f 491 62 61
f 444 623 445
f 444 624 623
f 492 491 61
f 443 624 444
f 493 492 61
f 493 61 60
f 442 625 624
f 442 624 443
f 494 493 60
f 494 60 59
f 441 625 442
f 495 494 59
f 440 625 441
f 496 495 59
f 496 59 58
f 439 626 625
f 439 625 440
f 497 496 58
f 497 58 57
f 438 626 439
f 498 497 57
f 437 627 626
f 437 626 438
f 499 498 57
f 56 499 57
f 436 627 437
f 500 499 56
f 435 628 627
f 435 627 436
f 434 628 435
f 55 500 56
f 55 501 500
f 433 628 434
f 54 501 55
f 54 502 501
f 54 503 502
f 629 628 433
f 629 432 431
f 629 433 432
f 53 503 54
f 53 504 503
f 52 504 53
f 52 505 504
f 52 506 505
f 630 430 429
f 630 431 430
f 630 629 431
f 51 506 52
f 51 507 506
f 50 507 51
f 50 508 507
f 50 509 508
f 49 510 509
f 49 509 50
f 631 630 429
f 631 427 426
f 631 428 427
f 631 429 428
f 48 511 510
f 48 512 511
f 48 510 49
f 47 513 512
f 47 512 48
f 632 425 424
f 632 426 425
f 632 631 426
f 46 514 513
f 46 513 47
f 45 389 514
f 45 514 46
f 45 390 389
f 44 390 45
f 44 391 390
f 633 423 422
f 633 424 423
f 633 632 424
f 43 391 44
f 43 392 391
f 42 392 43
f 42 393 392
f 42 394 393
f 634 421 420
f 634 422 421
f 634 633 422
f 41 394 42
f 41 395 394
f 40 409 408
f 40 410 409
f 40 411 410
f 40 412 411
f 40 395 41
f 40 396 395
f 40 397 396
f 40 398 397
f 40 399 398
f 40 400 399
f 40 401 400
f 40 402 401
f 40 403 402
f 40 404 403
f 40 405 404
f 40 406 405
f 40 407 406
f 40 408 407
f 635 420 419
f 635 634 420
f 636 418 417
f 636 419 418
f 636 635 419
f 637 416 415
f 637 417 416
f 637 636 417
f 638 414 413
f 638 415 414
f 638 637 415
f 639 413 412
f 639 412 40
f 639 638 413
f 640 639 40
f 515 640 40
f 516 515 40
f 517 516 40
f 518 517 40
f 519 518 40
f 520 519 40
f 521 520 40
f 767 277 564
f 767 537 536
f 767 538 537
f 767 539 538
f 767 540 539
f 767 541 540
f 767 542 541
f 767 543 542
f 767 544 543
f 767 545 544
f 767 546 545
f 767 768 277
f 767 547 546
f 767 548 547
f 767 549 548
f 767 550 549
f 767 551 550
f 767 552 551
f 767 553 552
f 767 554 553
f 767 555 554
f 767 556 555
f 767 557 556
f 767 558 557
f 767 559 558
f 767 560 559
f 767 561 560
f 767 562 561
f 767 563 562
f 767 564 563
f 849 770 850
f 851 850 770
f 848 770 849
f 852 851 770
f 847 770 848
f 853 852 770
f 846 770 847
f 854 853 770
f 845 770 846
f 855 854 770
f 844 770 845
f 856 770 767
f 856 855 770
f 843 770 844
f 857 856 767
f 842 770 843
f 858 857 767
f 841 770 842
f 859 858 767
f 840 770 841
f 860 859 767
f 839 770 840
f 861 860 767
f 838 770 839
f 862 767 536
f 862 861 767
f 837 770 838
f 863 536 535
f 863 862 536
f 836 770 837
f 864 863 535
f 835 770 836
f 865 864 535
f 865 535 534
f 834 770 835
f 866 534 533
f 866 865 534
f 833 770 834
f 867 533 532
f 867 866 533
f 832 770 833
f 868 867 532
f 831 770 832
f 869 532 531
f 869 868 532
f 830 770 831
f 870 869 531
f 870 531 530
f 829 770 830
f 871 870 530
f 828 770 829
f 872 530 529
f 872 871 530
f 827 770 828
f 873 872 529
f 826 770 827
f 104 813 812
f 104 814 813
f 104 815 814
f 104 816 815
f 104 817 816
f 104 818 817
f 104 819 818
f 104 820 819
f 104 821 820
f 104 822 821
f 104 823 822
f 104 824 823
f 104 825 824
f 104 826 825
f 104 770 826
f 104 809 808
f 104 810 809
f 104 811 810
f 104 812 811
f 72 522 521
f 72 523 522
f 72 524 523
f 72 525 524
f 72 526 525
f 72 527 526
f 72 528 527
f 72 529 528
f 72 873 529
f 72 874 873
f 72 875 874
f 72 876 875
f 72 877 876
f 72 878 877
f 72 879 878
f 72 880 879
f 72 881 880
f 72 882 881
f 72 883 882
f 72 884 883
f 72 885 884
f 72 886 885
f 72 887 886
f 72 888 887
f 72 889 888
f 72 890 889
f 72 891 890
f 72 521 40
f 73 891 72
f 73 892 891
f 103 104 808
f 103 808 807
f 102 807 806
f 102 103 807
f 74 892 73
f 74 893 892
f 74 894 893
f 75 894 74
f 75 895 894
f 101 806 805
f 101 102 806
f 76 895 75
f 76 896 895
f 100 101 805
f 100 804 803
f 100 805 804
f 77 896 76
f 77 772 771
f 77 771 896
f 99 100 803
f 99 803 802
f 78 772 77
f 78 773 772
f 98 99 802
f 98 801 800
f 98 802 801
f 97 98 800
f 97 800 799
f 79 773 78
f 79 774 773
f 96 97 799
f 96 799 798
f 80 775 774
f 80 776 775
f 80 774 79
f 95 96 798
f 95 797 796
f 95 798 797
f 81 776 80
f 81 777 776
f 94 95 796
f 94 796 795
f 82 777 81
f 82 778 777
f 82 779 778
f 83 780 779
f 83 779 82
f 93 94 795
f 93 794 793
f 93 795 794
f 92 93 793
f 92 793 792
f 84 780 83
f 84 781 780
f 84 782 781
f 91 92 792
f 91 791 790
f 91 792 791
f 85 783 782
f 85 782 84
f 90 91 790
f 90 790 789
f 86 784 783
f 86 783 85
f 86 785 784
f 89 90 789
f 89 788 787
f 89 789 788
f 87 785 86
f 87 786 785
f 88 89 787
f 88 786 87
f 88 787 786
f 104 105 769
f 104 769 770
f 932 897 898
f 932 931 897
f 933 898 899
f 933 932 898
f 934 899 900
f 934 933 899
f 935 900 901
f 935 934 900
f 936 901 902
f 936 935 901
f 937 902 903
f 937 936 902
f 938 903 904
f 938 937 903
f 939 904 905
f 939 938 904
f 940 939 905
f 940 905 906
f 941 906 907
f 941 940 906
f 942 907 908
f 942 941 907
f 943 908 909
f 943 942 908
f 944 909 910
f 944 943 909
f 945 910 911
f 945 911 912
f 945 944 910
f 946 945 912
f 947 912 913
f 947 946 912
f 948 913 914
f 948 947 913
f 949 914 915
f 949 915 916
f 949 948 914
f 950 949 916
f 951 916 917
f 951 950 916
f 952 917 918
f 952 918 919
f 952 951 917
f 953 952 919
f 954 919 920
f 954 953 919
f 955 920 921
f 955 954 920
f 956 921 922
f 956 955 921
f 957 922 923
f 957 956 922
f 958 923 924
f 958 957 923
f 959 924 925
f 959 925 926
f 959 958 924
f 960 959 926
f 961 926 927
f 961 960 926
f 962 927 928
f 962 961 927
f 930 928 929
f 930 962 928
f 998 964 963
f 998 963 997
f 999 965 964
f 999 964 998
f 1000 966 965
f 1000 967 966
f 1000 965 999
f 1001 967 1000
f 1002 968 967
f 1002 967 1001
f 1003 969 968
f 1003 968 1002
f 1004 970 969
f 1004 969 1003
f 1005 971 970
f 1005 972 971
f 1005 970 1004
f 1006 972 1005
f 1007 973 972
f 1007 972 1006
f 1008 974 973
f 1008 973 1007
f 1009 975 974
f 1009 976 975
f 1009 974 1008
f 1010 977 976
f 1010 976 1009
f 1011 977 1010
f 1012 978 977
f 1012 977 1011
f 1013 979 978
f 1013 978 1012
f 1014 980 979
f 1014 979 1013
f 1015 981 980
f 1015 980 1014
f 1016 982 981
f 1016 983 982
f 1016 981 1015
f 1017 983 1016
f 1018 984 983
f 1018 983 1017
f 1019 985 984
f 1019 984 1018
f 1020 986 985
f 1020 987 986
f 1020 985 1019
f 1021 988 987
f 1021 987 1020
f 1022 988 1021
f 1023 989 988
f 1023 988 1022
f 1024 990 989
f 1024 991 990
f 1024 989 1023
f 1025 992 991
f 1025 991 1024
f 1026 992 1025
f 1027 993 992
f 1027 992 1026
f 1028 994 993
f 1028 995 994
f 1028 993 1027
f 996 995 1028
f 1240 1047 1046
f 1239 1046 1045
f 1239 1240 1046
f 1241 1047 1240
f 1238 1045 1044
f 1238 1239 1045
f 1242 1048 1047
f 1242 1047 1241
f 1237 1238 1044
f 1243 1048 1242
f 1243 1049 1048
f 1236 1044 1043
f 1236 1237 1044
f 1244 1049 1243
f 1235 1043 1042
f 1235 1236 1043
f 1245 1049 1244
f 1245 1050 1049
f 1234 1235 1042
f 1246 1051 1050
f 1246 1050 1245
f 1233 1042 1041
f 1233 1234 1042
f 1247 1051 1246
f 1232 1041 1040
f 1232 1233 1041
f 1248 1052 1051
f 1248 1051 1247
f 1231 1232 1040
f 1249 1052 1248
f 1249 1053 1052
f 1230 1040 1039
f 1230 1231 1040
f 1250 1053 1249
f 1229 1039 1038
f 1229 1230 1039
f 1251 1054 1053
f 1251 1053 1250
f 1228 1229 1038
f 1252 1054 1251
f 1252 1055 1054
f 1227 1038 1037
f 1227 1228 1038
f 1253 1056 1055
f 1253 1055 1252
f 1226 1037 1036
f 1226 1227 1037
f 1254 1056 1253
f 1225 1036 1035
f 1225 1226 1036
f 1255 1056 1254
f 1255 1057 1056
f 1224 1225 1035
f 1256 1058 1057
f 1256 1057 1255
f 1223 1224 1035
f 1223 1035 1034
f 1257 1058 1256
f 1222 1223 1034
f 1222 1034 1033
f 1258 1058 1257
f 1258 1059 1058
f 1221 1033 1032
f 1221 1222 1033
f 1259 1060 1059
f 1259 1059 1258
f 1220 1221 1032
f 1260 1060 1259
f 1260 1061 1060
f 1219 1032 1031
f 1219 1220 1032
f 1261 1061 1260
f 1261 1062 1061
f 1218 1031 1029
f 1218 1219 1031
f 1262 1062 1261
f 1217 1218 1029
f 1263 1062 1262
f 1216 1217 1029
f 1264 1062 1263
f 1215 1216 1029
f 1265 1062 1264
f 1214 1215 1029
f 1266 1062 1265
f 1213 1214 1029
f 1267 1062 1266
f 1212 1213 1029
f 1268 1062 1267
f 1211 1212 1029
f 1269 1062 1268
f 1210 1211 1029
f 1270 1062 1269
f 1209 1210 1029
f 1271 1062 1270
f 1208 1209 1029
f 1272 1062 1271
f 1207 1208 1029
f 1273 1062 1272
f 1206 1207 1029
f 1274 1062 1273
f 1205 1206 1029
f 1275 1062 1274
f 1204 1205 1029
f 1276 1062 1275
f 1203 1204 1029
f 1277 1062 1276
f 1202 1203 1029
f 1278 1062 1277
f 1201 1202 1029
f 1366 1171 1172
f 1366 1172 1173
f 1366 1173 1174
f 1365 1174 1175
f 1365 1175 1176
f 1365 1366 1174
f 1367 1169 1170
f 1367 1170 1171
f 1367 1171 1366
f 1364 1365 1176
f 1364 1176 1177
f 1364 1177 1178
f 1368 1167 1168
f 1368 1168 1169
f 1368 1169 1367
f 1363 1178 1179
f 1363 1179 1180
f 1363 1364 1178
f 1369 1167 1368
f 1369 1165 1166
f 1369 1166 1167
f 1362 1363 1180
f 1362 1180 1181
f 1362 1181 1182
f 1370 1163 1164
f 1370 1164 1165
f 1370 1165 1369
f 1361 1362 1182
f 1361 1182 1183
f 1361 1183 1184
f 1371 1163 1370
f 1371 1161 1162
f 1371 1162 1163
f 1360 1184 1185
f 1360 1185 1186
f 1360 1186 1187
f 1360 1361 1184
f 1372 1161 1371
f 1372 1285 1286
f 1372 1286 1161
f 1359 1187 1188
f 1359 1188 1189
f 1359 1360 1187
f 1373 1285 1372
f 1373 1283 1284
f 1373 1284 1285
f 1358 1359 1189
f 1358 1189 1190
f 1358 1190 1191
f 1374 1283 1373
f 1374 1281 1282
f 1374 1282 1283
f 1357 1358 1191
f 1357 1191 1192
f 1357 1192 1193
f 1375 1281 1374
f 1375 1279 1280
f 1375 1280 1281
f 1356 1357 1193
f 1356 1193 1194
f 1376 1062 1278
f 1376 1279 1375
f 1376 1278 1279
f 1355 1356 1194
f 1355 1194 1195
f 1355 1195 1196
f 1377 1062 1376
f 1354 1355 1196
f 1354 1196 1197
f 1354 1197 1198
f 1378 1062 1377
f 1353 1354 1198
f 1353 1198 1199
f 1353 1199 1200
f 1379 1062 1378
f 1352 1201 1029
f 1352 1353 1200
f 1352 1200 1201
f 1380 1062 1379
f 1351 1352 1029
f 1381 1062 1380
f 1350 1351 1029
f 1382 1062 1381
f 1349 1350 1029
f 1383 1062 1382
f 1348 1349 1029
f 1384 1062 1383
f 1347 1348 1029
f 1385 1062 1384
f 1346 1347 1029
f 1386 1062 1385
f 1345 1346 1029
f 1387 1062 1386
f 1344 1345 1029
f 1792 1301 1302
f 1792 1302 1303
f 1792 1303 1304
f 1792 1304 1305
f 1792 1305 1306
f 1792 1306 1307
f 1792 1307 1308
f 1792 1308 1309
f 1792 1309 1310
f 1792 1310 1311
f 1792 1311 1312
f 1792 1312 1313
f 1792 1313 1314
f 1792 1314 1315
f 1792 1315 1316
f 1792 1316 1317
f 1792 1317 1318
f 1792 1318 1319
f 1792 1319 1320
f 1792 1320 1321
f 1792 1321 1322
f 1792 1322 1323
f 1792 1323 1324
f 1792 1324 1325
f 1792 1325 1326
f 1792 1326 1327
f 1792 1327 1328
f 1792 1328 1329
f 1030 1336 1337
f 1030 1337 1338
f 1030 1338 1339
f 1030 1339 1340
f 1030 1340 1341
f 1030 1341 1342
f 1030 1342 1343
f 1030 1343 1344
f 1030 1344 1029
f 1743 1744 1030
f 1745 1030 1744
f 1742 1743 1030
f 1746 1030 1745
f 1741 1742 1030
f 1747 1030 1746
f 1740 1741 1030
f 1748 1030 1747
f 1739 1740 1030
f 1749 1030 1748
f 1738 1739 1030
f 1750 1030 1749
f 1737 1738 1030
f 1751 1030 1750
f 1736 1737 1030
f 1752 1336 1030
f 1752 1030 1751
f 1735 1736 1030
f 1753 1335 1336
f 1753 1336 1752
f 1734 1030 1130
f 1734 1735 1030
f 1754 1335 1753
f 1733 1130 1131
f 1733 1734 1130
f 1755 1335 1754
f 1755 1334 1335
f 1732 1733 1131
f 1756 1333 1334
f 1756 1334 1755
f 1731 1131 1132
f 1731 1732 1131
f 1757 1333 1756
f 1730 1132 1133
f 1730 1731 1132
f 1758 1332 1333
f 1758 1333 1757
f 1729 1133 1134
f 1729 1730 1133
f 1759 1331 1332
f 1759 1332 1758
f 1728 1729 1134
f 1760 1331 1759
f 1760 1330 1331
f 1727 1134 1135
f 1727 1728 1134
f 1761 1330 1760
f 1726 1135 1136
f 1726 1727 1135
f 1762 1330 1761
f 1762 1329 1330
f 1725 1136 1137
f 1725 1726 1136
f 1763 1329 1762
f 1763 1792 1329
f 1724 1725 1137
f 1764 1792 1763
f 1723 1137 1138
f 1723 1724 1137
f 1765 1792 1764
f 1722 1138 1139
f 1722 1723 1138
f 1766 1792 1765
f 1721 1722 1139
f 1767 1792 1766
f 1720 1139 1140
f 1720 1721 1139
f 1768 1792 1767
f 1719 1140 1141
f 1719 1720 1140
f 1769 1792 1768
f 1718 1719 1141
f 1717 1141 1142
f 1717 1718 1141
f 1716 1142 1143
f 1716 1717 1142
f 1715 1716 1143
f 1714 1143 1144
f 1714 1715 1143
f 1713 1714 1144
f 1145 1713 1144
f 1712 1713 1145
f 1146 1712 1145
f 1146 1710 1711
f 1146 1711 1712
f 1147 1710 1146
f 1147 1709 1710
f 1148 1709 1147
f 1148 1707 1708
f 1148 1708 1709
f 1149 1707 1148
f 1149 1706 1707
f 1150 1706 1149
f 1150 1704 1705
f 1150 1705 1706
f 1151 1703 1704
f 1151 1704 1150
f 1152 1701 1702
f 1152 1702 1703
f 1152 1703 1151
f 1153 1701 1152
f 1153 1700 1701
f 1154 1700 1153
f 1154 1699 1700
f 1155 1699 1154
f 1155 1697 1698
f 1155 1698 1699
f 1156 1697 1155
f 1156 1696 1697
f 1157 1696 1156
f 1157 1694 1695
f 1157 1695 1696
f 1158 1694 1157
f 1158 1693 1694
f 1159 1692 1693
f 1159 1693 1158
f 1160 1691 1692
f 1160 1692 1159
f 1129 1673 1674
f 1129 1674 1675
f 1129 1675 1676
f 1129 1676 1677
f 1129 1677 1678
f 1129 1678 1679
f 1129 1679 1680
f 1129 1680 1681
f 1129 1681 1682
f 1129 1682 1683
f 1129 1683 1684
f 1129 1684 1685
f 1129 1685 1686
f 1129 1686 1687
f 1129 1687 1688
f 1129 1688 1689
f 1129 1689 1690
f 1129 1690 1691
f 1129 1691 1160
f 1618 1396 1397
f 1617 1618 1397
f 1617 1397 1398
f 1619 1396 1618
f 1619 1395 1396
f 1616 1398 1399
f 1616 1617 1398
f 1620 1394 1395
f 1620 1395 1619
f 1615 1616 1399
f 1615 1399 1400
f 1621 1393 1394
f 1621 1394 1620
f 1614 1400 1401
f 1614 1615 1400
f 1622 1392 1393
f 1622 1393 1621
f 1613 1401 1402
f 1613 1614 1401
f 1623 1391 1392
f 1623 1392 1622
f 1612 1402 1403
f 1612 1613 1402
f 1624 1391 1623
f 1611 1612 1403
f 1611 1403 1404
f 1625 1389 1390
f 1625 1390 1391
f 1625 1391 1624
f 1610 1404 1405
f 1610 1611 1404
f 1626 1388 1389
f 1626 1389 1625
f 1609 1610 1405
f 1609 1405 1406
f 1627 1387 1388
f 1627 1388 1626
f 1608 1609 1406
f 1608 1406 1407
f 1628 1387 1627
f 1607 1407 1408
f 1607 1608 1407
f 1606 1607 1408
f 1606 1408 1409
f 1793 1665 1666
f 1793 1666 1667
f 1793 1667 1668
f 1793 1769 1770
f 1793 1668 1669
f 1793 1770 1771
f 1793 1669 1670
f 1793 1771 1772
f 1793 1670 1671
f 1793 1772 1773
f 1793 1671 1672
f 1793 1773 1774
f 1793 1672 1673
f 1793 1774 1775
f 1793 1775 1776
f 1793 1776 1777
f 1793 1777 1778
f 1793 1778 1779
f 1793 1779 1780
f 1793 1780 1781
f 1793 1781 1782
f 1793 1782 1783
f 1793 1783 1784
f 1793 1784 1785
f 1793 1785 1786
f 1793 1786 1787
f 1793 1787 1788
f 1793 1788 1789
f 1793 1789 1790
f 1793 1790 1665
f 1793 1792 1769
f 1793 1673 1129
f 1605 1606 1409
f 1605 1409 1410
f 1604 1605 1410
f 1604 1410 1411
f 1603 1604 1411
f 1603 1411 1412
f 1602 1603 1412
f 1602 1412 1287
f 1601 1287 1288
f 1601 1602 1287
f 1600 1601 1288
f 1600 1288 1289
f 1599 1600 1289
f 1599 1289 1290
f 1598 1599 1290
f 1598 1290 1291
f 1597 1598 1291
f 1597 1291 1292
f 1596 1292 1293
f 1596 1597 1292
f 1595 1596 1293
f 1595 1293 1294
f 1594 1595 1294
f 1594 1294 1295
f 1593 1295 1296
f 1593 1296 1297
f 1593 1594 1295
f 1592 1593 1297
f 1592 1297 1298
f 1591 1592 1298
f 1063 1634 1635
f 1063 1635 1636
f 1063 1636 1637
f 1063 1637 1638
f 1063 1638 1639
f 1063 1387 1628
f 1063 1062 1387
f 1063 1628 1629
f 1063 1629 1630
f 1063 1630 1631
f 1063 1631 1632
f 1063 1632 1633
f 1063 1633 1634
f 1590 1591 1298
f 1590 1298 1299
f 1589 1299 1300
f 1589 1300 1301
f 1589 1590 1299
f 1588 1589 1301
f 1491 1492 1063
f 1493 1063 1492
f 1490 1491 1063
f 1494 1063 1493
f 1489 1490 1063
f 1495 1063 1494
f 1488 1489 1063
f 1496 1063 1495
f 1487 1488 1063
f 1497 1063 1496
f 1486 1487 1063
f 1498 1063 1497
f 1485 1486 1063
f 1485 1063 1639
f 1499 1063 1498
f 1484 1639 1640
f 1484 1485 1639
f 1500 1063 1499
f 1483 1484 1640
f 1501 1063 1500
f 1482 1640 1641
f 1482 1483 1640
f 1502 1063 1501
f 1502 1095 1063
f 1481 1482 1641
f 1503 1095 1502
f 1503 1094 1095
f 1480 1641 1642
f 1480 1481 1641
f 1504 1094 1503
f 1504 1093 1094
f 1479 1480 1642
f 1505 1092 1093
f 1505 1093 1504
f 1478 1642 1643
f 1478 1479 1642
f 1506 1092 1505
f 1477 1478 1643
f 1507 1091 1092
f 1507 1092 1506
f 1476 1643 1644
f 1476 1477 1643
f 1508 1090 1091
f 1508 1091 1507
f 1475 1476 1644
f 1509 1090 1508
f 1474 1644 1645
f 1474 1475 1644
f 1510 1089 1090
f 1510 1090 1509
f 1473 1474 1645
f 1511 1089 1510
f 1511 1088 1089
f 1472 1645 1646
f 1472 1473 1645
f 1512 1087 1088
f 1512 1088 1511
f 1471 1472 1646
f 1513 1087 1512
f 1470 1646 1647
f 1470 1471 1646
f 1514 1087 1513
f 1514 1086 1087
f 1469 1470 1647
f 1515 1086 1514
f 1515 1085 1086
f 1468 1469 1647
f 1468 1647 1648
f 1516 1085 1515
f 1467 1468 1648
f 1517 1085 1516
f 1517 1084 1085
f 1466 1648 1649
f 1466 1467 1648
f 1518 1084 1517
f 1518 1083 1084
f 1465 1466 1649
f 1519 1083 1518
f 1464 1465 1649
f 1520 1083 1519
f 1520 1082 1083
f 1463 1649 1650
f 1463 1464 1649
f 1521 1082 1520
f 1521 1081 1082
f 1462 1463 1650
f 1522 1081 1521
f 1461 1650 1651
f 1461 1462 1650
f 1523 1081 1522
f 1080 1081 1523
f 1460 1461 1651
f 1524 1080 1523
f 1459 1651 1652
f 1459 1460 1651
f 1458 1459 1652
f 1079 1080 1524
f 1079 1524 1525
f 1457 1458 1652
f 1078 1079 1525
f 1078 1525 1526
f 1078 1526 1527
f 1653 1457 1652
f 1653 1455 1456
f 1653 1456 1457
f 1077 1078 1527
f 1077 1527 1528
f 1076 1077 1528
f 1076 1528 1529
f 1076 1529 1530
f 1654 1453 1454
f 1654 1454 1455
f 1654 1455 1653
f 1075 1076 1530
f 1075 1530 1531
f 1074 1075 1531
f 1074 1531 1532
f 1074 1532 1533
f 1073 1533 1534
f 1073 1074 1533
f 1655 1453 1654
f 1655 1450 1451
f 1655 1451 1452
f 1655 1452 1453
f 1072 1534 1535
f 1072 1535 1536
f 1072 1073 1534
f 1071 1536 1537
f 1071 1072 1536
f 1656 1448 1449
f 1656 1449 1450
f 1656 1450 1655
f 1070 1537 1538
f 1070 1071 1537
f 1069 1538 1413
f 1069 1070 1538
f 1069 1413 1414
f 1068 1069 1414
f 1068 1414 1415
f 1657 1446 1447
f 1657 1447 1448
f 1657 1448 1656
f 1067 1068 1415
f 1067 1415 1416
f 1066 1067 1416
f 1066 1416 1417
f 1066 1417 1418
f 1658 1444 1445
f 1658 1445 1446
f 1658 1446 1657
f 1065 1066 1418
f 1065 1418 1419
f 1064 1432 1433
f 1064 1433 1434
f 1064 1434 1435
f 1064 1435 1436
f 1064 1065 1419
f 1064 1419 1420
f 1064 1420 1421
f 1064 1421 1422
f 1064 1422 1423
f 1064 1423 1424
f 1064 1424 1425
f 1064 1425 1426
f 1064 1426 1427
f 1064 1427 1428
f 1064 1428 1429
f 1064 1429 1430
f 1064 1430 1431
f 1064 1431 1432
f 1659 1443 1444
f 1659 1444 1658
f 1660 1441 1442
f 1660 1442 1443
f 1660 1443 1659
f 1661 1439 1440
f 1661 1440 1441
f 1661 1441 1660
f 1662 1437 1438
f 1662 1438 1439
f 1662 1439 1661
f 1663 1436 1437
f 1663 1064 1436
f 1663 1437 1662
f 1664 1064 1663
f 1539 1064 1664
f 1540 1064 1539
f 1541 1064 1540
f 1542 1064 1541
f 1543 1064 1542
f 1544 1064 1543
f 1545 1064 1544
f 1791 1588 1301
f 1791 1560 1561
f 1791 1561 1562
f 1791 1562 1563
f 1791 1563 1564
f 1791 1564 1565
f 1791 1565 1566
f 1791 1566 1567
f 1791 1567 1568
f 1791 1568 1569
f 1791 1569 1570
f 1791 1301 1792
f 1791 1570 1571
f 1791 1571 1572
f 1791 1572 1573
f 1791 1573 1574
f 1791 1574 1575
f 1791 1575 1576
f 1791 1576 1577
f 1791 1577 1578
f 1791 1578 1579
f 1791 1579 1580
f 1791 1580 1581
f 1791 1581 1582
f 1791 1582 1583
f 1791 1583 1584
f 1791 1584 1585
f 1791 1585 1586
f 1791 1586 1587
f 1791 1587 1588
f 1873 1874 1794
f 1875 1794 1874
f 1872 1873 1794
f 1876 1794 1875
f 1871 1872 1794
f 1877 1794 1876
f 1870 1871 1794
f 1878 1794 1877
f 1869 1870 1794
f 1879 1794 1878
f 1868 1869 1794
f 1880 1791 1794
f 1880 1794 1879
f 1867 1868 1794
f 1881 1791 1880
f 1866 1867 1794
f 1882 1791 1881
f 1865 1866 1794
f 1883 1791 1882
f 1864 1865 1794
f 1884 1791 1883
f 1863 1864 1794
f 1885 1791 1884
f 1862 1863 1794
f 1886 1560 1791
f 1886 1791 1885
f 1861 1862 1794
f 1887 1559 1560
f 1887 1560 1886
f 1860 1861 1794
f 1888 1559 1887
f 1859 1860 1794
f 1889 1559 1888
f 1889 1558 1559
f 1858 1859 1794
f 1890 1557 1558
f 1890 1558 1889
f 1857 1858 1794
f 1891 1556 1557
f 1891 1557 1890
f 1856 1857 1794
f 1892 1556 1891
f 1855 1856 1794
f 1893 1555 1556
f 1893 1556 1892
f 1854 1855 1794
f 1894 1555 1893
f 1894 1554 1555
f 1853 1854 1794
f 1895 1554 1894
f 1852 1853 1794
f 1896 1553 1554
f 1896 1554 1895
f 1851 1852 1794
f 1897 1553 1896
f 1850 1851 1794
f 1128 1836 1837
f 1128 1837 1838
f 1128 1838 1839
f 1128 1839 1840
f 1128 1840 1841
f 1128 1841 1842
f 1128 1842 1843
f 1128 1843 1844
f 1128 1844 1845
f 1128 1845 1846
f 1128 1846 1847
f 1128 1847 1848
f 1128 1848 1849
f 1128 1849 1850
f 1128 1850 1794
f 1128 1832 1833
f 1128 1833 1834
f 1128 1834 1835
f 1128 1835 1836
f 1096 1545 1546
f 1096 1546 1547
f 1096 1547 1548
f 1096 1548 1549
f 1096 1549 1550
f 1096 1550 1551
f 1096 1551 1552
f 1096 1552 1553
f 1096 1553 1897
f 1096 1897 1898
f 1096 1898 1899
f 1096 1899 1900
f 1096 1900 1901
f 1096 1901 1902
f 1096 1902 1903
f 1096 1903 1904
f 1096 1904 1905
f 1096 1905 1906
f 1096 1906 1907
f 1096 1907 1908
f 1096 1908 1909
f 1096 1909 1910
f 1096 1910 1911
f 1096 1911 1912
f 1096 1912 1913
f 1096 1913 1914
f 1096 1914 1915
f 1096 1064 1545
f 1097 1096 1915
f 1097 1915 1916
f 1127 1832 1128
f 1127 1831 1832
f 1126 1830 1831
f 1126 1831 1127
f 1098 1097 1916
f 1098 1916 1917
f 1098 1917 1918
f 1099 1098 1918
f 1099 1918 1919
f 1125 1829 1830
f 1125 1830 1126
f 1100 1099 1919
f 1100 1919 1920
f 1124 1829 1125
f 1124 1827 1828
f 1124 1828 1829
f 1101 1100 1920
f 1101 1795 1796
f 1101 1920 1795
f 1123 1827 1124
f 1123 1826 1827
f 1102 1101 1796
f 1102 1796 1797
f 1122 1826 1123
f 1122 1824 1825
f 1122 1825 1826
f 1121 1824 1122
f 1121 1823 1824
f 1103 1102 1797
f 1103 1797 1798
f 1120 1823 1121
f 1120 1822 1823
f 1104 1798 1799
f 1104 1799 1800
f 1104 1103 1798
f 1119 1822 1120
f 1119 1820 1821
f 1119 1821 1822
f 1105 1104 1800
f 1105 1800 1801
f 1118 1820 1119
f 1118 1819 1820
f 1106 1105 1801
f 1106 1801 1802
f 1106 1802 1803
f 1107 1803 1804
f 1107 1106 1803
f 1117 1819 1118
f 1117 1817 1818
f 1117 1818 1819
f 1116 1817 1117
f 1116 1816 1817
f 1108 1107 1804
f 1108 1804 1805
f 1108 1805 1806
f 1115 1816 1116
f 1115 1814 1815
f 1115 1815 1816
f 1109 1806 1807
f 1109 1108 1806
f 1114 1814 1115
f 1114 1813 1814
f 1110 1807 1808
f 1110 1109 1807
f 1110 1808 1809
f 1113 1813 1114
f 1113 1811 1812
f 1113 1812 1813
f 1111 1110 1809
f 1111 1809 1810
f 1112 1811 1113
f 1112 1111 1810
f 1112 1810 1811
f 1128 1793 1129
f 1128 1794 1793
f 1922 1923 1921
f 1924 1923 1922
f 1926 1925 1927
f 1928 1926 1927
f 1964 1930 1929
f 1964 1929 1963
f 1965 1931 1930
f 1965 1930 1964
f 1966 1932 1931
f 1966 1931 1965
f 1967 1933 1932
f 1967 1932 1966
f 1968 1934 1933
f 1968 1933 1967
f 1969 1935 1934
f 1969 1934 1968
f 1970 1936 1935
f 1970 1935 1969
f 1971 1937 1936
f 1971 1936 1970
f 1972 1937 1971
f 1972 1938 1937
f 1973 1939 1938
f 1973 1938 1972
f 1974 1940 1939
f 1974 1939 1973
f 1975 1941 1940
f 1975 1940 1974
f 1976 1942 1941
f 1976 1941 1975
f 1977 1943 1942
f 1977 1944 1943
f 1977 1942 1976
f 1978 1944 1977
f 1979 1945 1944
f 1979 1944 1978
f 1980 1946 1945
f 1980 1945 1979
f 1981 1947 1946
f 1981 1948 1947
f 1981 1946 1980
f 1982 1948 1981
f 1983 1949 1948
f 1983 1948 1982
f 1984 1950 1949
f 1984 1951 1950
f 1984 1949 1983
f 1985 1951 1984
f 1986 1952 1951
f 1986 1951 1985
f 1987 1953 1952
f 1987 1952 1986
f 1988 1954 1953
f 1988 1953 1987
f 1989 1955 1954
f 1989 1954 1988
f 1990 1956 1955
f 1990 1955 1989
f 1991 1957 1956
f 1991 1958 1957
f 1991 1956 1990
f 1992 1958 1991
f 1993 1959 1958
f 1993 1958 1992
f 1994 1960 1959
f 1994 1959 1993
f 1962 1961 1960
f 1962 1960 1994
f 2030 1995 1996
f 2030 2029 1995
f 2031 1996 1997
f 2031 2030 1996
f 2032 1997 1998
f 2032 1998 1999
f 2032 2031 1997
f 2033 2032 1999
f 2034 1999 2000
f 2034 2033 1999
f 2035 2000 2001
f 2035 2034 2000
f 2036 2001 2002
f 2036 2035 2001
f 2037 2002 2003
f 2037 2003 2004
f 2037 2036 2002
f 2038 2037 2004
f 2039 2004 2005
f 2039 2038 2004
f 2040 2005 2006
f 2040 2039 2005
f 2041 2006 2007
f 2041 2007 2008
f 2041 2040 2006
f 2042 2008 2009
f 2042 2041 2008
f 2043 2042 2009
f 2044 2009 2010
f 2044 2043 2009
f 2045 2010 2011
f 2045 2044 2010
f 2046 2011 2012
f 2046 2045 2011
f 2047 2012 2013
f 2047 2046 2012
f 2048 2013 2014
f 2048 2014 2015
f 2048 2047 2013
f 2049 2048 2015
f 2050 2015 2016
f 2050 2049 2015
f 2051 2016 2017
f 2051 2050 2016
f 2052 2017 2018
f 2052 2018 2019
f 2052 2051 2017
f 2053 2019 2020
f 2053 2052 2019
f 2054 2053 2020
f 2055 2020 2021
f 2055 2054 2020
f 2056 2021 2022
f 2056 2022 2023
f 2056 2055 2021
f 2057 2023 2024
f 2057 2056 2023
f 2058 2057 2024
f 2059 2024 2025
f 2059 2058 2024
f 2060 2025 2026
f 2060 2026 2027
f 2060 2059 2025
f 2028 2060 2027
f 2061 2063 2064
f 2061 2064 2062
f 2066 2192 2065
f 2066 2193 2192
f 2067 2194 2193
f 2067 2195 2194
f 2067 2193 2066
f 2068 2195 2067
f 2069 2196 2195
f 2069 2197 2196
f 2069 2195 2068
f 2070 2198 2197
f 2070 2197 2069
f 2071 2198 2070
f 2072 2199 2198
f 2072 2198 2071
f 2073 2200 2199
f 2073 2201 2200
f 2073 2199 2072
f 2074 2201 2073
f 2075 2202 2201
f 2075 2201 2074
f 2076 2202 2075
f 2076 2203 2202
f 2077 2203 2076
f 2077 2204 2203
f 2078 2204 2077
f 2078 2205 2204
f 2079 2205 2078
f 2079 2206 2205
f 2080 2206 2079
f 2080 2207 2206
f 2081 2207 2080
f 2081 2208 2207
f 2082 2208 2081
f 2082 2209 2208
f 2083 2209 2082
f 2083 2210 2209
f 2084 2210 2083
f 2084 2211 2210
f 2085 2211 2084
f 2085 2212 2211
f 2086 2212 2085
f 2086 2213 2212
f 2087 2213 2086
f 2087 2214 2213
f 2087 2215 2214
f 2088 2215 2087
f 2089 2216 2215
f 2089 2217 2216
f 2089 2215 2088
f 2090 2217 2089
f 2091 2218 2217
f 2091 2217 2090
f 2092 2219 2218
f 2092 2220 2219
f 2092 2218 2091
f 2093 2220 2092
f 2094 2221 2220
f 2094 2220 2093
f 2095 2222 2221
f 2095 2223 2222
f 2095 2221 2094
f 2096 2223 2095
f 2097 2224 2223
f 2097 2225 2224
f 2097 2223 2096
f 2098 2225 2097
f 2099 2226 2225
f 2099 2227 2226
f 2099 2225 2098
f 2100 2227 2099
f 2101 2227 2100
f 2101 2228 2227
f 2102 2228 2101
f 2102 2229 2228
f 2103 2229 2102
f 2103 2230 2229
f 2104 2230 2103
f 2104 2231 2230
f 2105 2231 2104
f 2105 2232 2231
f 2106 2232 2105
f 2106 2233 2232
f 2107 2233 2106
f 2107 2234 2233
f 2107 2235 2234
f 2108 2235 2107
f 2109 2235 2108
f 2109 2236 2235
f 2109 2237 2236
f 2110 2237 2109
f 2110 2238 2237
f 2111 2238 2110
f 2111 2239 2238
f 2112 2239 2111
f 2113 2239 2112
f 2113 2240 2239
f 2114 2240 2113
f 2114 2241 2240
f 2115 2241 2114
f 2115 2242 2241
f 2116 2242 2115
f 2116 2243 2242
f 2117 2243 2116
f 2117 2244 2243
f 2118 2244 2117
f 2118 2245 2244
f 2119 2245 2118
f 2119 2246 2245
f 2120 2246 2119
f 2120 2247 2246
f 2121 2247 2120
f 2121 2248 2247
f 2121 2249 2248
f 2122 2250 2249
f 2122 2249 2121
f 2123 2250 2122
f 2124 2251 2250
f 2124 2252 2251
f 2124 2250 2123
f 2125 2253 2252
f 2125 2252 2124
f 2126 2253 2125
f 2127 2253 2126
f 2127 2254 2253
f 2128 2254 2127
f 2128 2255 2254
f 2129 2255 2128
f 2129 2256 2255
f 2130 2256 2129
f 2130 2257 2256
f 2131 2257 2130
f 2131 2258 2257
f 2132 2258 2131
f 2132 2259 2258
f 2133 2259 2132
f 2133 2260 2259
f 2134 2260 2133
f 2134 2261 2260
f 2135 2261 2134
f 2135 2262 2261
f 2136 2262 2135
f 2136 2263 2262
f 2137 2263 2136
f 2137 2264 2263
f 2138 2264 2137
f 2138 2265 2264
f 2139 2265 2138
f 2139 2266 2265
f 2140 2267 2266
f 2140 2266 2139
f 2141 2268 2267
f 2141 2267 2140
f 2142 2269 2268
f 2142 2268 2141
f 2143 2270 2269
f 2143 2269 2142
f 2144 2271 2270
f 2144 2270 2143
f 2145 2272 2271
f 2145 2271 2144
f 2146 2273 2272
f 2146 2274 2273
f 2146 2272 2145
f 2147 2274 2146
f 2148 2275 2274
f 2148 2274 2147
f 2149 2276 2275
f 2149 2277 2276
f 2149 2275 2148
f 2150 2278 2277
f 2150 2277 2149
f 2151 2278 2150
f 2152 2279 2278
f 2152 2278 2151
f 2153 2279 2152
f 2153 2280 2279
f 2154 2280 2153
f 2154 2281 2280
f 2155 2281 2154
f 2155 2282 2281
f 2156 2282 2155
f 2156 2283 2282
f 2157 2284 2283
f 2157 2285 2284
f 2157 2283 2156
f 2158 2286 2285
f 2158 2285 2157
f 2159 2286 2158
f 2160 2287 2286
f 2160 2286 2159
f 2161 2288 2287
f 2161 2287 2160
f 2162 2289 2288
f 2162 2288 2161
f 2163 2290 2289
f 2163 2291 2290
f 2163 2289 2162
f 2164 2291 2163
f 2165 2292 2291
f 2165 2291 2164
f 2166 2293 2292
f 2166 2292 2165
f 2167 2294 2293
f 2167 2293 2166
f 2168 2295 2294
f 2168 2294 2167
f 2169 2296 2295
f 2169 2295 2168
f 2170 2297 2296
f 2170 2296 2169
f 2171 2298 2297
f 2171 2297 2170
f 2172 2299 2298
f 2172 2300 2299
f 2172 2298 2171
f 2173 2300 2172
f 2174 2301 2300
f 2174 2302 2301
f 2174 2300 2173
f 2175 2302 2174
f 2176 2303 2302
f 2176 2302 2175
f 2177 2303 2176
f 2177 2304 2303
f 2178 2304 2177
f 2178 2305 2304
f 2179 2305 2178
f 2179 2306 2305
f 2180 2306 2179
f 2180 2307 2306
f 2181 2307 2180
f 2181 2308 2307
f 2182 2308 2181
f 2182 2309 2308
f 2183 2309 2182
f 2183 2310 2309
f 2184 2310 2183
f 2184 2311 2310
f 2185 2311 2184
f 2185 2312 2311
f 2186 2312 2185
f 2186 2313 2312
f 2187 2313 2186
f 2187 2314 2313
f 2188 2314 2187
f 2188 2315 2314
f 2189 2316 2315
f 2189 2315 2188
f 2190 2316 2189
f 2190 2317 2316
f 2191 2318 2317
f 2191 2317 2190
f 2320 2446 2319
f 2320 2447 2446
f 2321 2448 2447
f 2321 2449 2448
f 2321 2447 2320
f 2322 2449 2321
f 2323 2450 2449
f 2323 2451 2450
f 2323 2449 2322
f 2324 2452 2451
f 2324 2451 2323
f 2325 2452 2324
f 2326 2453 2452
f 2326 2452 2325
f 2327 2454 2453
f 2327 2455 2454
f 2327 2453 2326
f 2328 2455 2327
f 2329 2456 2455
f 2329 2455 2328
f 2330 2456 2329
f 2330 2457 2456
f 2331 2457 2330
f 2331 2458 2457
f 2332 2458 2331
f 2332 2459 2458
f 2333 2459 2332
f 2333 2460 2459
f 2334 2460 2333
f 2334 2461 2460
f 2335 2461 2334
f 2335 2462 2461
f 2336 2462 2335
f 2336 2463 2462
f 2337 2463 2336
f 2337 2464 2463
f 2338 2464 2337
f 2338 2465 2464
f 2339 2465 2338
f 2339 2466 2465
f 2340 2466 2339
f 2340 2467 2466
f 2341 2467 2340
f 2341 2468 2467
f 2341 2469 2468
f 2342 2469 2341
f 2343 2470 2469
f 2343 2471 2470
f 2343 2469 2342
f 2344 2471 2343
f 2345 2472 2471
f 2345 2471 2344
f 2346 2473 2472
f 2346 2474 2473
f 2346 2472 2345
f 2347 2474 2346
f 2348 2475 2474
f 2348 2474 2347
f 2349 2476 2475
f 2349 2477 2476
f 2349 2475 2348
f 2350 2477 2349
f 2351 2478 2477
f 2351 2479 2478
f 2351 2477 2350
f 2352 2479 2351
f 2353 2480 2479
f 2353 2481 2480
f 2353 2479 2352
f 2354 2481 2353
f 2355 2481 2354
f 2355 2482 2481
f 2356 2482 2355
f 2356 2483 2482
f 2357 2483 2356
f 2357 2484 2483
f 2358 2484 2357
f 2358 2485 2484
f 2359 2485 2358
f 2359 2486 2485
f 2360 2486 2359
f 2360 2487 2486
f 2361 2487 2360
f 2361 2488 2487
f 2361 2489 2488
f 2362 2489 2361
f 2363 2489 2362
f 2363 2490 2489
f 2363 2491 2490
f 2364 2491 2363
f 2364 2492 2491
f 2365 2492 2364
f 2365 2493 2492
f 2366 2493 2365
f 2367 2493 2366
f 2367 2494 2493
f 2368 2494 2367
f 2368 2495 2494
f 2369 2495 2368
f 2369 2496 2495
f 2370 2496 2369
f 2370 2497 2496
f 2371 2497 2370
f 2371 2498 2497
f 2372 2498 2371
f 2372 2499 2498
f 2373 2499 2372
f 2373 2500 2499
f 2374 2500 2373
f 2374 2501 2500
f 2375 2501 2374
f 2375 2502 2501
f 2375 2503 2502
f 2376 2504 2503
f 2376 2503 2375
f 2377 2504 2376
f 2378 2505 2504
f 2378 2506 2505
f 2378 2504 2377
f 2379 2507 2506
f 2379 2506 2378
f 2380 2507 2379
f 2381 2507 2380
f 2381 2508 2507
f 2382 2508 2381
f 2382 2509 2508
f 2383 2509 2382
f 2383 2510 2509
f 2384 2510 2383
f 2384 2511 2510
f 2385 2511 2384
f 2385 2512 2511
f 2386 2512 2385
f 2386 2513 2512
f 2387 2513 2386
f 2387 2514 2513
f 2388 2514 2387
f 2388 2515 2514
f 2389 2515 2388
f 2389 2516 2515
f 2390 2516 2389
f 2390 2517 2516
f 2391 2517 2390
f 2391 2518 2517
f 2392 2518 2391
f 2392 2519 2518
f 2393 2519 2392
f 2393 2520 2519
f 2394 2521 2520
f 2394 2520 2393
f 2395 2522 2521
f 2395 2521 2394
f 2396 2523 2522
f 2396 2522 2395
f 2397 2524 2523
f 2397 2523 2396
f 2398 2525 2524
f 2398 2524 2397
f 2399 2526 2525
f 2399 2525 2398
f 2400 2527 2526
f 2400 2528 2527
f 2400 2526 2399
f 2401 2528 2400
f 2402 2529 2528
f 2402 2528 2401
f 2403 2530 2529
f 2403 2531 2530
f 2403 2529 2402
f 2404 2532 2531
f 2404 2531 2403
f 2405 2532 2404
f 2406 2533 2532
f 2406 2532 2405
f 2407 2533 2406
f 2407 2534 2533
f 2408 2534 2407
f 2408 2535 2534
f 2409 2535 2408
f 2409 2536 2535
f 2410 2536 2409
f 2410 2537 2536
f 2411 2538 2537
f 2411 2539 2538
f 2411 2537 2410
f 2412 2540 2539
f 2412 2539 2411
f 2413 2540 2412
f 2414 2541 2540
f 2414 2540 2413
f 2415 2542 2541
f 2415 2541 2414
f 2416 2543 2542
f 2416 2542 2415
f 2417 2544 2543
f 2417 2545 2544
f 2417 2543 2416
f 2418 2545 2417
f 2419 2546 2545
f 2419 2545 2418
f 2420 2547 2546
f 2420 2546 2419
f 2421 2548 2547
f 2421 2547 2420
f 2422 2549 2548
f 2422 2548 2421
f 2423 2550 2549
f 2423 2549 2422
f 2424 2551 2550
f 2424 2550 2423
f 2425 2552 2551
f 2425 2551 2424
f 2426 2553 2552
f 2426 2554 2553
f 2426 2552 2425
f 2427 2554 2426
f 2428 2555 2554
f 2428 2556 2555
f 2428 2554 2427
f 2429 2556 2428
f 2430 2557 2556
f 2430 2556 2429
f 2431 2557 2430
f 2431 2558 2557
f 2432 2558 2431
f 2432 2559 2558
f 2433 2559 2432
f 2433 2560 2559
f 2434 2560 2433
f 2434 2561 2560
f 2435 2561 2434
f 2435 2562 2561
f 2436 2562 2435
f 2436 2563 2562
f 2437 2563 2436
f 2437 2564 2563
f 2438 2564 2437
f 2438 2565 2564
f 2439 2565 2438
f 2439 2566 2565
f 2440 2566 2439
f 2440 2567 2566
f 2441 2567 2440
f 2441 2568 2567
f 2442 2568 2441
f 2442 2569 2568
f 2443 2570 2569
f 2443 2569 2442
f 2444 2570 2443
f 2444 2571 2570
f 2445 2572 2571
f 2445 2571 2444
f 2574 2700 2573
f 2574 2701 2700
f 2575 2702 2701
f 2575 2703 2702
f 2575 2701 2574
f 2576 2703 2575
f 2577 2704 2703
f 2577 2705 2704
f 2577 2703 2576
f 2578 2706 2705
f 2578 2705 2577
f 2579 2706 2578
f 2580 2707 2706
f 2580 2706 2579
f 2581 2708 2707
f 2581 2709 2708
f 2581 2707 2580
f 2582 2709 2581
f 2583 2710 2709
f 2583 2709 2582
f 2584 2710 2583
f 2584 2711 2710
f 2585 2711 2584
f 2585 2712 2711
f 2586 2712 2585
f 2586 2713 2712
f 2587 2713 2586
f 2587 2714 2713
f 2588 2714 2587
f 2588 2715 2714
f 2589 2715 2588
f 2589 2716 2715
f 2590 2716 2589
f 2590 2717 2716
f 2591 2717 2590
f 2591 2718 2717
f 2592 2718 2591
f 2592 2719 2718
f 2593 2719 2592
f 2593 2720 2719
f 2594 2720 2593
f 2594 2721 2720
f 2595 2721 2594
f 2595 2722 2721
f 2595 2723 2722
f 2596 2723 2595
f 2597 2724 2723
f 2597 2725 2724
f 2597 2723 2596
f 2598 2725 2597
f 2599 2726 2725
f 2599 2725 2598
f 2600 2727 2726
f 2600 2728 2727
f 2600 2726 2599
f 2601 2728 2600
f 2602 2729 2728
f 2602 2728 2601
f 2603 2730 2729
f 2603 2731 2730
f 2603 2729 2602
f 2604 2731 2603
f 2605 2732 2731
f 2605 2733 2732
f 2605 2731 2604
f 2606 2733 2605
f 2607 2734 2733
f 2607 2735 2734
f 2607 2733 2606
f 2608 2735 2607
f 2609 2735 2608
f 2609 2736 2735
f 2610 2736 2609
f 2610 2737 2736
f 2611 2737 2610
f 2611 2738 2737
f 2612 2738 2611
f 2612 2739 2738
f 2613 2739 2612
f 2613 2740 2739
f 2614 2740 2613
f 2614 2741 2740
f 2615 2741 2614
f 2615 2742 2741
f 2615 2743 2742
f 2616 2743 2615
f 2617 2743 2616
f 2617 2744 2743
f 2617 2745 2744
f 2618 2745 2617
f 2618 2746 2745
f 2619 2746 2618
f 2619 2747 2746
f 2620 2747 2619
f 2621 2747 2620
f 2621 2748 2747
f 2622 2748 2621
f 2622 2749 2748
f 2623 2749 2622
f 2623 2750 2749
f 2624 2750 2623
f 2624 2751 2750
f 2625 2751 2624
f 2625 2752 2751
f 2626 2752 2625
f 2626 2753 2752
f 2627 2753 2626
f 2627 2754 2753
f 2628 2754 2627
f 2628 2755 2754
f 2629 2755 2628
f 2629 2756 2755
f 2629 2757 2756
f 2630 2758 2757
f 2630 2757 2629
f 2631 2758 2630
f 2632 2759 2758
f 2632 2760 2759
f 2632 2758 2631
f 2633 2761 2760
f 2633 2760 2632
f 2634 2761 2633
f 2635 2761 2634
f 2635 2762 2761
f 2636 2762 2635
f 2636 2763 2762
f 2637 2763 2636
f 2637 2764 2763
f 2638 2764 2637
f 2638 2765 2764
f 2639 2765 2638
f 2639 2766 2765
f 2640 2766 2639
f 2640 2767 2766
f 2641 2767 2640
f 2641 2768 2767
f 2642 2768 2641
f 2642 2769 2768
f 2643 2769 2642
f 2643 2770 2769
f 2644 2770 2643
f 2644 2771 2770
f 2645 2771 2644
f 2645 2772 2771
f 2646 2772 2645
f 2646 2773 2772
f 2647 2773 2646
f 2647 2774 2773
f 2648 2775 2774
f 2648 2774 2647
f 2649 2776 2775
f 2649 2775 2648
f 2650 2777 2776
f 2650 2776 2649
f 2651 2778 2777
f 2651 2777 2650
f 2652 2779 2778
f 2652 2778 2651
f 2653 2780 2779
f 2653 2779 2652
f 2654 2781 2780
f 2654 2782 2781
f 2654 2780 2653
f 2655 2782 2654
f 2656 2783 2782
f 2656 2782 2655
f 2657 2784 2783
f 2657 2785 2784
f 2657 2783 2656
f 2658 2786 2785
f 2658 2785 2657
f 2659 2786 2658
f 2660 2787 2786
f 2660 2786 2659
f 2661 2787 2660
f 2661 2788 2787
f 2662 2788 2661
f 2662 2789 2788
f 2663 2789 2662
f 2663 2790 2789
f 2664 2790 2663
f 2664 2791 2790
f 2665 2792 2791
f 2665 2793 2792
f 2665 2791 2664
f 2666 2794 2793
f 2666 2793 2665
f 2667 2794 2666
f 2668 2795 2794
f 2668 2794 2667
f 2669 2796 2795
f 2669 2795 2668
f 2670 2797 2796
f 2670 2796 2669
f 2671 2798 2797
f 2671 2799 2798
f 2671 2797 2670
f 2672 2799 2671
f 2673 2800 2799
f 2673 2799 2672
f 2674 2801 2800
f 2674 2800 2673
f 2675 2802 2801
f 2675 2801 2674
f 2676 2803 2802
f 2676 2802 2675
f 2677 2804 2803
f 2677 2803 2676
f 2678 2805 2804
f 2678 2804 2677
f 2679 2806 2805
f 2679 2805 2678
f 2680 2807 2806
f 2680 2808 2807
f 2680 2806 2679
f 2681 2808 2680
f 2682 2809 2808
f 2682 2810 2809
f 2682 2808 2681
f 2683 2810 2682
f 2684 2811 2810
f 2684 2810 2683
f 2685 2811 2684
f 2685 2812 2811
f 2686 2812 2685
f 2686 2813 2812
f 2687 2813 2686
f 2687 2814 2813
f 2688 2814 2687
f 2688 2815 2814
f 2689 2815 2688
f 2689 2816 2815
f 2690 2816 2689
f 2690 2817 2816
f 2691 2817 2690
f 2691 2818 2817
f 2692 2818 2691
f 2692 2819 2818
f 2693 2819 2692
f 2693 2820 2819
f 2694 2820 2693
f 2694 2821 2820
f 2695 2821 2694
f 2695 2822 2821
f 2696 2822 2695
f 2696 2823 2822
f 2697 2824 2823
f 2697 2823 2696
f 2698 2824 2697
f 2698 2825 2824
f 2699 2826 2825
f 2699 2825 2698
f 2828 2954 2827
f 2828 2955 2954
f 2829 2956 2955
f 2829 2957 2956
f 2829 2955 2828
f 2830 2957 2829
f 2831 2958 2957
f 2831 2959 2958
f 2831 2957 2830
f 2832 2960 2959
f 2832 2959 2831
f 2833 2960 2832
f 2834 2961 2960
f 2834 2960 2833
f 2835 2962 2961
f 2835 2963 2962
f 2835 2961 2834
f 2836 2963 2835
f 2837 2964 2963
f 2837 2963 2836
f 2838 2964 2837
f 2838 2965 2964
f 2839 2965 2838
f 2839 2966 2965
f 2840 2966 2839
f 2840 2967 2966
f 2841 2967 2840
f 2841 2968 2967
f 2842 2968 2841
f 2842 2969 2968
f 2843 2969 2842
f 2843 2970 2969
f 2844 2970 2843
f 2844 2971 2970
f 2845 2971 2844
f 2845 2972 2971
f 2846 2972 2845
f 2846 2973 2972
f 2847 2973 2846
f 2847 2974 2973
f 2848 2974 2847
f 2848 2975 2974
f 2849 2975 2848
f 2849 2976 2975
f 2849 2977 2976
f 2850 2977 2849
f 2851 2978 2977
f 2851 2979 2978
f 2851 2977 2850
f 2852 2979 2851
f 2853 2980 2979
f 2853 2979 2852
f 2854 2981 2980
f 2854 2982 2981
f 2854 2980 2853
f 2855 2982 2854
f 2856 2983 2982
f 2856 2982 2855
f 2857 2984 2983
f 2857 2985 2984
f 2857 2983 2856
f 2858 2985 2857
f 2859 2986 2985
f 2859 2987 2986
f 2859 2985 2858
f 2860 2987 2859
f 2861 2988 2987
f 2861 2989 2988
f 2861 2987 2860
f 2862 2989 2861
f 2863 2989 2862
f 2863 2990 2989
f 2864 2990 2863
f 2864 2991 2990
f 2865 2991 2864
f 2865 2992 2991
f 2866 2992 2865
f 2866 2993 2992
f 2867 2993 2866
f 2867 2994 2993
f 2868 2994 2867
f 2868 2995 2994
f 2869 2995 2868
f 2869 2996 2995
f 2869 2997 2996
f 2870 2997 2869
f 2871 2997 2870
f 2871 2998 2997
f 2871 2999 2998
f 2872 2999 2871
f 2872 3000 2999
f 2873 3000 2872
f 2873 3001 3000
f 2874 3001 2873
f 2875 3001 2874
f 2875 3002 3001
f 2876 3002 2875
f 2876 3003 3002
f 2877 3003 2876
f 2877 3004 3003
f 2878 3004 2877
f 2878 3005 3004
f 2879 3005 2878
f 2879 3006 3005
f 2880 3006 2879
f 2880 3007 3006
f 2881 3007 2880
f 2881 3008 3007
f 2882 3008 2881
f 2882 3009 3008
f 2883 3009 2882
f 2883 3010 3009
f 2883 3011 3010
f 2884 3012 3011
f 2884 3011 2883
f 2885 3012 2884
f 2886 3013 3012
f 2886 3014 3013
f 2886 3012 2885
f 2887 3015 3014
f 2887 3014 2886
f 2888 3015 2887
f 2889 3015 2888
f 2889 3016 3015
f 2890 3016 2889
f 2890 3017 3016
f 2891 3017 2890
f 2891 3018 3017
f 2892 3018 2891
f 2892 3019 3018
f 2893 3019 2892
f 2893 3020 3019
f 2894 3020 2893
f 2894 3021 3020
f 2895 3021 2894
f 2895 3022 3021
f 2896 3022 2895
f 2896 3023 3022
f 2897 3023 2896
f 2897 3024 3023
f 2898 3024 2897
f 2898 3025 3024
f 2899 3025 2898
f 2899 3026 3025
f 2900 3026 2899
f 2900 3027 3026
f 2901 3027 2900
f 2901 3028 3027
f 2902 3029 3028
f 2902 3028 2901
f 2903 3030 3029
f 2903 3029 2902
f 2904 3031 3030
f 2904 3030 2903
f 2905 3032 3031
f 2905 3031 2904
f 2906 3033 3032
f 2906 3032 2905
f 2907 3034 3033
f 2907 3033 2906
f 2908 3035 3034
f 2908 3036 3035
f 2908 3034 2907
f 2909 3036 2908
f 2910 3037 3036
f 2910 3036 2909
f 2911 3038 3037
f 2911 3039 3038
f 2911 3037 2910
f 2912 3040 3039
f 2912 3039 2911
f 2913 3040 2912
f 2914 3041 3040
f 2914 3040 2913
f 2915 3041 2914
f 2915 3042 3041
f 2916 3042 2915
f 2916 3043 3042
f 2917 3043 2916
f 2917 3044 3043
f 2918 3044 2917
f 2918 3045 3044
f 2919 3046 3045
f 2919 3047 3046
f 2919 3045 2918
f 2920 3048 3047
f 2920 3047 2919
f 2921 3048 2920
f 2922 3049 3048
f 2922 3048 2921
f 2923 3050 3049
f 2923 3049 2922
f 2924 3051 3050
f 2924 3050 2923
f 2925 3052 3051
f 2925 3053 3052
f 2925 3051 2924
f 2926 3053 2925
f 2927 3054 3053
f 2927 3053 2926
f 2928 3055 3054
f 2928 3054 2927
f 2929 3056 3055
f 2929 3055 2928
f 2930 3057 3056
f 2930 3056 2929
f 2931 3058 3057
f 2931 3057 2930
f 2932 3059 3058
f 2932 3058 2931
f 2933 3060 3059
f 2933 3059 2932
f 2934 3061 3060
f 2934 3062 3061
f 2934 3060 2933
f 2935 3062 2934
f 2936 3063 3062
f 2936 3064 3063
f 2936 3062 2935
f 2937 3064 2936
f 2938 3065 3064
f 2938 3064 2937
f 2939 3065 2938
f 2939 3066 3065
f 2940 3066 2939
f 2940 3067 3066
f 2941 3067 2940
f 2941 3068 3067
f 2942 3068 2941
f 2942 3069 3068
f 2943 3069 2942
f 2943 3070 3069
f 2944 3070 2943
f 2944 3071 3070
f 2945 3071 2944
f 2945 3072 3071
f 2946 3072 2945
f 2946 3073 3072
f 2947 3073 2946
f 2947 3074 3073
f 2948 3074 2947
f 2948 3075 3074
f 2949 3075 2948
f 2949 3076 3075
f 2950 3076 2949
f 2950 3077 3076
f 2951 3078 3077
f 2951 3077 2950
f 2952 3078 2951
f 2952 3079 3078
f 2953 3080 3079
f 2953 3079 2952
f 3082 3208 3081
f 3082 3209 3208
f 3083 3210 3209
f 3083 3211 3210
f 3083 3209 3082
f 3084 3211 3083
f 3085 3212 3211
f 3085 3213 3212
f 3085 3211 3084
f 3086 3214 3213
f 3086 3213 3085
f 3087 3214 3086
f 3088 3215 3214
f 3088 3214 3087
f 3089 3216 3215
f 3089 3217 3216
f 3089 3215 3088
f 3090 3217 3089
f 3091 3218 3217
f 3091 3217 3090
f 3092 3218 3091
f 3092 3219 3218
f 3093 3219 3092
f 3093 3220 3219
f 3094 3220 3093
f 3094 3221 3220
f 3095 3221 3094
f 3095 3222 3221
f 3096 3222 3095
f 3096 3223 3222
f 3097 3223 3096
f 3097 3224 3223
f 3098 3224 3097
f 3098 3225 3224
f 3099 3225 3098
f 3099 3226 3225
f 3100 3226 3099
f 3100 3227 3226
f 3101 3227 3100
f 3101 3228 3227
f 3102 3228 3101
f 3102 3229 3228
f 3103 3229 3102
f 3103 3230 3229
f 3103 3231 3230
f 3104 3231 3103
f 3105 3232 3231
f 3105 3233 3232
f 3105 3231 3104
f 3106 3233 3105
f 3107 3234 3233
f 3107 3233 3106
f 3108 3235 3234
f 3108 3236 3235
f 3108 3234 3107
f 3109 3236 3108
f 3110 3237 3236
f 3110 3236 3109
f 3111 3238 3237
f 3111 3239 3238
f 3111 3237 3110
f 3112 3239 3111
f 3113 3240 3239
f 3113 3241 3240
f 3113 3239 3112
f 3114 3241 3113
f 3115 3242 3241
f 3115 3243 3242
f 3115 3241 3114
f 3116 3243 3115
f 3117 3243 3116
f 3117 3244 3243
f 3118 3244 3117
f 3118 3245 3244
f 3119 3245 3118
f 3119 3246 3245
f 3120 3246 3119
f 3120 3247 3246
f 3121 3247 3120
f 3121 3248 3247
f 3122 3248 3121
f 3122 3249 3248
f 3123 3249 3122
f 3123 3250 3249
f 3123 3251 3250
f 3124 3251 3123
f 3125 3251 3124
f 3125 3252 3251
f 3125 3253 3252
f 3126 3253 3125
f 3126 3254 3253
f 3127 3254 3126
f 3127 3255 3254
f 3128 3255 3127
f 3129 3255 3128
f 3129 3256 3255
f 3130 3256 3129
f 3130 3257 3256
f 3131 3257 3130
f 3131 3258 3257
f 3132 3258 3131
f 3132 3259 3258
f 3133 3259 3132
f 3133 3260 3259
f 3134 3260 3133
f 3134 3261 3260
f 3135 3261 3134
f 3135 3262 3261
f 3136 3262 3135
f 3136 3263 3262
f 3137 3263 3136
f 3137 3264 3263
f 3137 3265 3264
f 3138 3266 3265
f 3138 3265 3137
f 3139 3266 3138
f 3140 3267 3266
f 3140 3268 3267
f 3140 3266 3139
f 3141 3269 3268
f 3141 3268 3140
f 3142 3269 3141
f 3143 3269 3142
f 3143 3270 3269
f 3144 3270 3143
f 3144 3271 3270
f 3145 3271 3144
f 3145 3272 3271
f 3146 3272 3145
f 3146 3273 3272
f 3147 3273 3146
f 3147 3274 3273
f 3148 3274 3147
f 3148 3275 3274
f 3149 3275 3148
f 3149 3276 3275
f 3150 3276 3149
f 3150 3277 3276
f 3151 3277 3150
f 3151 3278 3277
f 3152 3278 3151
f 3152 3279 3278
f 3153 3279 3152
f 3153 3280 3279
f 3154 3280 3153
f 3154 3281 3280
f 3155 3281 3154
f 3155 3282 3281
f 3156 3283 3282
f 3156 3282 3155
f 3157 3284 3283
f 3157 3283 3156
f 3158 3285 3284
f 3158 3284 3157
f 3159 3286 3285
f 3159 3285 3158
f 3160 3287 3286
f 3160 3286 3159
f 3161 3288 3287
f 3161 3287 3160
f 3162 3289 3288
f 3162 3290 3289
f 3162 3288 3161
f 3163 3290 3162
f 3164 3291 3290
f 3164 3290 3163
f 3165 3292 3291
f 3165 3293 3292
f 3165 3291 3164
f 3166 3294 3293
f 3166 3293 3165
f 3167 3294 3166
f 3168 3295 3294
f 3168 3294 3167
f 3169 3295 3168
f 3169 3296 3295
f 3170 3296 3169
f 3170 3297 3296
f 3171 3297 3170
f 3171 3298 3297
f 3172 3298 3171
f 3172 3299 3298
f 3173 3300 3299
f 3173 3301 3300
f 3173 3299 3172
f 3174 3302 3301
f 3174 3301 3173
f 3175 3302 3174
f 3176 3303 3302
f 3176 3302 3175
f 3177 3304 3303
f 3177 3303 3176
f 3178 3305 3304
f 3178 3304 3177
f 3179 3306 3305
f 3179 3307 3306
f 3179 3305 3178
f 3180 3307 3179
f 3181 3308 3307
f 3181 3307 3180
f 3182 3309 3308
f 3182 3308 3181
f 3183 3310 3309
f 3183 3309 3182
f 3184 3311 3310
f 3184 3310 3183
f 3185 3312 3311
f 3185 3311 3184
f 3186 3313 3312
f 3186 3312 3185
f 3187 3314 3313
f 3187 3313 3186
f 3188 3315 3314
f 3188 3316 3315
f 3188 3314 3187
f 3189 3316 3188
f 3190 3317 3316
f 3190 3318 3317
f 3190 3316 3189
f 3191 3318 3190
f 3192 3319 3318
f 3192 3318 3191
f 3193 3319 3192
f 3193 3320 3319
f 3194 3320 3193
f 3194 3321 3320
f 3195 3321 3194
f 3195 3322 3321
f 3196 3322 3195
f 3196 3323 3322
f 3197 3323 3196
f 3197 3324 3323
f 3198 3324 3197
f 3198 3325 3324
f 3199 3325 3198
f 3199 3326 3325
f 3200 3326 3199
f 3200 3327 3326
f 3201 3327 3200
f 3201 3328 3327
f 3202 3328 3201
f 3202 3329 3328
f 3203 3329 3202
f 3203 3330 3329
f 3204 3330 3203
f 3204 3331 3330
f 3205 3332 3331
f 3205 3331 3204
f 3206 3332 3205
f 3206 3333 3332
f 3207 3334 3333
f 3207 3333 3206
f 3336 3335 3337
f 3336 3337 3338
f 3340 3341 3339
f 3340 3342 3341
f 3344 3343 3345
f 3344 3345 3346
f 3348 3349 3347
f 3348 3350 3349
f 3352 3478 3351
f 3352 3479 3478
f 3353 3480 3479
f 3353 3481 3480
f 3353 3479 3352
f 3354 3481 3353
f 3355 3482 3481
f 3355 3483 3482
f 3355 3481 3354
f 3356 3484 3483
f 3356 3483 3355
f 3357 3484 3356
f 3358 3485 3484
f 3358 3484 3357
f 3359 3486 3485
f 3359 3487 3486
f 3359 3485 3358
f 3360 3487 3359
f 3361 3488 3487
f 3361 3487 3360
f 3362 3488 3361
f 3362 3489 3488
f 3363 3489 3362
f 3363 3490 3489
f 3364 3490 3363
f 3364 3491 3490
f 3365 3491 3364
f 3365 3492 3491
f 3366 3492 3365
f 3366 3493 3492
f 3367 3493 3366
f 3367 3494 3493
f 3368 3494 3367
f 3368 3495 3494
f 3369 3495 3368
f 3369 3496 3495
f 3370 3496 3369
f 3370 3497 3496
f 3371 3497 3370
f 3371 3498 3497
f 3372 3498 3371
f 3372 3499 3498
f 3373 3499 3372
f 3373 3500 3499
f 3373 3501 3500
f 3374 3501 3373
f 3375 3502 3501
f 3375 3503 3502
f 3375 3501 3374
f 3376 3503 3375
f 3377 3504 3503
f 3377 3503 3376
f 3378 3505 3504
f 3378 3506 3505
f 3378 3504 3377
f 3379 3506 3378
f 3380 3507 3506
f 3380 3506 3379
f 3381 3508 3507
f 3381 3509 3508
f 3381 3507 3380
f 3382 3509 3381
f 3383 3510 3509
f 3383 3511 3510
f 3383 3509 3382
f 3384 3511 3383
f 3385 3512 3511
f 3385 3513 3512
f 3385 3511 3384
f 3386 3513 3385
f 3387 3513 3386
f 3387 3514 3513
f 3388 3514 3387
f 3388 3515 3514
f 3389 3515 3388
f 3389 3516 3515
f 3390 3516 3389
f 3390 3517 3516
f 3391 3517 3390
f 3391 3518 3517
f 3392 3518 3391
f 3392 3519 3518
f 3393 3519 3392
f 3393 3520 3519
f 3393 3521 3520
f 3394 3521 3393
f 3395 3521 3394
f 3395 3522 3521
f 3395 3523 3522
f 3396 3523 3395
f 3396 3524 3523
f 3397 3524 3396
f 3397 3525 3524
f 3398 3525 3397
f 3399 3525 3398
f 3399 3526 3525
f 3400 3526 3399
f 3400 3527 3526
f 3401 3527 3400
f 3401 3528 3527
f 3402 3528 3401
f 3402 3529 3528
f 3403 3529 3402
f 3403 3530 3529
f 3404 3530 3403
f 3404 3531 3530
f 3405 3531 3404
f 3405 3532 3531
f 3406 3532 3405
f 3406 3533 3532
f 3407 3533 3406
f 3407 3534 3533
f 3407 3535 3534
f 3408 3536 3535
f 3408 3535 3407
f 3409 3536 3408
f 3410 3537 3536
f 3410 3538 3537
f 3410 3536 3409
f 3411 3539 3538
f 3411 3538 3410
f 3412 3539 3411
f 3413 3539 3412
f 3413 3540 3539
f 3414 3540 3413
f 3414 3541 3540
f 3415 3541 3414
f 3415 3542 3541
f 3416 3542 3415
f 3416 3543 3542
f 3417 3543 3416
f 3417 3544 3543
f 3418 3544 3417
f 3418 3545 3544
f 3419 3545 3418
f 3419 3546 3545
f 3420 3546 3419
f 3420 3547 3546
f 3421 3547 3420
f 3421 3548 3547
f 3422 3548 3421
f 3422 3549 3548
f 3423 3549 3422
f 3423 3550 3549
f 3424 3550 3423
f 3424 3551 3550
f 3425 3551 3424
f 3425 3552 3551
f 3426 3553 3552
f 3426 3552 3425
f 3427 3554 3553
f 3427 3553 3426
f 3428 3555 3554
f 3428 3554 3427
f 3429 3556 3555
f 3429 3555 3428
f 3430 3557 3556
f 3430 3556 3429
f 3431 3558 3557
f 3431 3557 3430
f 3432 3559 3558
f 3432 3560 3559
f 3432 3558 3431
f 3433 3560 3432
f 3434 3561 3560
f 3434 3560 3433
f 3435 3562 3561
f 3435 3563 3562
f 3435 3561 3434
f 3436 3564 3563
f 3436 3563 3435
f 3437 3564 3436
f 3438 3565 3564
f 3438 3564 3437
f 3439 3565 3438
f 3439 3566 3565
f 3440 3566 3439
f 3440 3567 3566
f 3441 3567 3440
f 3441 3568 3567
f 3442 3568 3441
f 3442 3569 3568
f 3443 3570 3569
f 3443 3571 3570
f 3443 3569 3442
f 3444 3572 3571
f 3444 3571 3443
f 3445 3572 3444
f 3446 3573 3572
f 3446 3572 3445
f 3447 3574 3573
f 3447 3573 3446
f 3448 3575 3574
f 3448 3574 3447
f 3449 3576 3575
f 3449 3577 3576
f 3449 3575 3448
f 3450 3577 3449
f 3451 3578 3577
f 3451 3577 3450
f 3452 3579 3578
f 3452 3578 3451
f 3453 3580 3579
f 3453 3579 3452
f 3454 3581 3580
f 3454 3580 3453
f 3455 3582 3581
f 3455 3581 3454
f 3456 3583 3582
f 3456 3582 3455
f 3457 3584 3583
f 3457 3583 3456
f 3458 3585 3584
f 3458 3586 3585
f 3458 3584 3457
f 3459 3586 3458
f 3460 3587 3586
f 3460 3588 3587
f 3460 3586 3459
f 3461 3588 3460
f 3462 3589 3588
f 3462 3588 3461
f 3463 3589 3462
f 3463 3590 3589
f 3464 3590 3463
f 3464 3591 3590
f 3465 3591 3464
f 3465 3592 3591
f 3466 3592 3465
f 3466 3593 3592
f 3467 3593 3466
f 3467 3594 3593
f 3468 3594 3467
f 3468 3595 3594
f 3469 3595 3468
f 3469 3596 3595
f 3470 3596 3469
f 3470 3597 3596
f 3471 3597 3470
f 3471 3598 3597
f 3472 3598 3471
f 3472 3599 3598
f 3473 3599 3472
f 3473 3600 3599
f 3474 3600 3473
f 3474 3601 3600
f 3475 3602 3601
f 3475 3601 3474
f 3476 3602 3475
f 3476 3603 3602
f 3477 3604 3603
f 3477 3603 3476
