# Cadless export: model
v 6 -1.46958e-15 8
v 6 -1.46958e-15 80
v 6 -1.46958e-15 80
v 5.99254 0.299075 80
v 5.97018 0.597407 80
v 5.93298 0.894254 80
v 5.88103 1.18888 80
v 5.81446 1.48054 80
v 5.73344 1.76853 80
v 5.63816 2.05212 80
v 5.52886 2.33061 80
v 5.40581 2.6033 80
v 5.26933 2.86952 80
v 5.11975 3.12861 80
v 4.95743 3.37992 80
v 4.7828 3.62283 80
v 4.59627 3.85673 80
v 4.39831 4.08104 80
v 4.18942 4.2952 80
v 3.97012 4.49869 80
v 3.74094 4.69099 80
v 3.50246 4.87163 80
v 3.25528 5.04016 80
v 3 5.19615 80
v 2.73726 5.33923 80
v 2.46772 5.46904 80
v 2.19205 5.58524 80
v 1.91092 5.68756 80
v 1.62504 5.77575 80
v 1.33513 5.84957 80
v 1.04189 5.90885 80
v 0.746062 5.95344 80
v 0.448381 5.98322 80
v 0.149584 5.99814 80
v -0.149584 5.99814 80
v -0.448381 5.98322 80
v -0.746062 5.95344 80
v -1.04189 5.90885 80
v -1.33513 5.84957 80
v -1.62504 5.77575 80
v -1.91092 5.68756 80
v -2.19205 5.58524 80
v -2.46772 5.46904 80
v -2.73726 5.33923 80
v -3 5.19615 80
v -3.25528 5.04016 80
v -3.50246 4.87163 80
v -3.74094 4.69099 80
v -3.97012 4.49869 80
v -4.18942 4.2952 80
v -4.39831 4.08104 80
v -4.59627 3.85673 80
v -4.7828 3.62283 80
v -4.95743 3.37992 80
v -5.11975 3.12861 80
v -5.26933 2.86952 80
v -5.40581 2.6033 80
v -5.52886 2.33061 80
v -5.63816 2.05212 80
v -5.73344 1.76853 80
v -5.81446 1.48054 80
v -5.88103 1.18888 80
v -5.93298 0.894254 80
v -5.97018 0.597407 80
v -5.99254 0.299075 80
v -6 -2.05815e-14 80
v -5.99254 -0.299075 80
v -5.97018 -0.597407 80
v -5.93298 -0.894254 80
v -5.88103 -1.18888 80
v -5.81446 -1.48054 80
v -5.73344 -1.76853 80
v -5.63816 -2.05212 80
v -5.52886 -2.33061 80
v -5.40581 -2.6033 80
v -5.26933 -2.86952 80
v -5.11975 -3.12861 80
v -4.95743 -3.37992 80
v -4.7828 -3.62283 80
v -4.59627 -3.85673 80
v -4.39831 -4.08104 80
v -4.18942 -4.2952 80
v -3.97012 -4.49869 80
v -3.74094 -4.69099 80
v -3.50246 -4.87163 80
v -3.25528 -5.04016 80
v -3 -5.19615 80
v -2.73726 -5.33923 80
v -2.46772 -5.46904 80
v -2.19205 -5.58524 80
v -1.91092 -5.68756 80
v -1.62504 -5.77575 80
v -1.33513 -5.84957 80
v -1.04189 -5.90885 80
v -0.746062 -5.95344 80
v -0.448381 -5.98322 80
v -0.149584 -5.99814 80
v 0.149584 -5.99814 80
v 0.448381 -5.98322 80
v 0.746062 -5.95344 80
v 1.04189 -5.90885 80
v 1.33513 -5.84957 80
v 1.62504 -5.77575 80
v 1.91092 -5.68756 80
v 2.19205 -5.58524 80
v 2.46772 -5.46904 80
v 2.73726 -5.33923 80
v 3 -5.19615 80
v 3.25528 -5.04016 80
v 3.50246 -4.87163 80
v 3.74094 -4.69099 80
v 3.97012 -4.49869 80
v 4.18942 -4.2952 80
v 4.39831 -4.08104 80
v 4.59627 -3.85673 80
v 4.7828 -3.62283 80
v 4.95743 -3.37992 80
v 5.11975 -3.12861 80
v 5.26933 -2.86952 80
v 5.40581 -2.6033 80
v 5.52886 -2.33061 80
v 5.63816 -2.05212 80
v 5.73344 -1.76853 80
v 5.81446 -1.48054 80
v 5.88103 -1.18888 80
v 5.93298 -0.894254 80
v 5.97018 -0.597407 80
v 5.99254 -0.299075 80
v 6 -1.46958e-15 8
v 5.99254 0.299075 8
v 5.97018 0.597407 8
v 5.93298 0.894254 8
v 5.88103 1.18888 8
v 5.81446 1.48054 8
v 5.73344 1.76853 8
v 5.63816 2.05212 8
v 5.52886 2.33061 8
v 5.40581 2.6033 8
v 5.26933 2.86952 8
v 5.11975 3.12861 8
v 4.95743 3.37992 8
v 4.7828 3.62283 8
v 4.59627 3.85673 8
v 4.39831 4.08104 8
v 4.18942 4.2952 8
v 3.97012 4.49869 8
v 3.74094 4.69099 8
v 3.50246 4.87163 8
v 3.25528 5.04016 8
v 3 5.19615 8
v 2.73726 5.33923 8
v 2.46772 5.46904 8
v 2.19205 5.58524 8
v 1.91092 5.68756 8
v 1.62504 5.77575 8
v 1.33513 5.84957 8
v 1.04189 5.90885 8
v 0.746062 5.95344 8
v 0.448381 5.98322 8
v 0.149584 5.99814 8
v -0.149584 5.99814 8
v -0.448381 5.98322 8
v -0.746062 5.95344 8
v -1.04189 5.90885 8
v -1.33513 5.84957 8
v -1.62504 5.77575 8
v -1.91092 5.68756 8
v -2.19205 5.58524 8
v -2.46772 5.46904 8
v -2.73726 5.33923 8
v -3 5.19615 8
v -3.25528 5.04016 8
v -3.50246 4.87163 8
v -3.74094 4.69099 8
v -3.97012 4.49869 8
v -4.18942 4.2952 8
v -4.39831 4.08104 8
v -4.59627 3.85673 8
v -4.7828 3.62283 8
v -4.95743 3.37992 8
v -5.11975 3.12861 8
v -5.26933 2.86952 8
v -5.40581 2.6033 8
v -5.52886 2.33061 8
v -5.63816 2.05212 8
v -5.73344 1.76853 8
v -5.81446 1.48054 8
v -5.88103 1.18888 8
v -5.93298 0.894254 8
v -5.97018 0.597407 8
v -5.99254 0.299075 8
v -6 -2.05815e-14 8
v -5.99254 -0.299075 8
v -5.97018 -0.597407 8
v -5.93298 -0.894254 8
v -5.88103 -1.18888 8
v -5.81446 -1.48054 8
v -5.73344 -1.76853 8
v -5.63816 -2.05212 8
v -5.52886 -2.33061 8
v -5.40581 -2.6033 8
v -5.26933 -2.86952 8
v -5.11975 -3.12861 8
v -4.95743 -3.37992 8
v -4.7828 -3.62283 8
v -4.59627 -3.85673 8
v -4.39831 -4.08104 8
v -4.18942 -4.2952 8
v -3.97012 -4.49869 8
v -3.74094 -4.69099 8
v -3.50246 -4.87163 8
v -3.25528 -5.04016 8
v -3 -5.19615 8
v -2.73726 -5.33923 8
v -2.46772 -5.46904 8
v -2.19205 -5.58524 8
v -1.91092 -5.68756 8
v -1.62504 -5.77575 8
v -1.33513 -5.84957 8
v -1.04189 -5.90885 8
v -0.746062 -5.95344 8
v -0.448381 -5.98322 8
v -0.149584 -5.99814 8
v 0.149584 -5.99814 8
v 0.448381 -5.98322 8
v 0.746062 -5.95344 8
v 1.04189 -5.90885 8
v 1.33513 -5.84957 8
v 1.62504 -5.77575 8
v 1.91092 -5.68756 8
v 2.19205 -5.58524 8
v 2.46772 -5.46904 8
v 2.73726 -5.33923 8
v 3 -5.19615 8
v 3.25528 -5.04016 8
v 3.50246 -4.87163 8
v 3.74094 -4.69099 8
v 3.97012 -4.49869 8
v 4.18942 -4.2952 8
v 4.39831 -4.08104 8
v 4.59627 -3.85673 8
v 4.7828 -3.62283 8
v 4.95743 -3.37992 8
v 5.11975 -3.12861 8
v 5.26933 -2.86952 8
v 5.40581 -2.6033 8
v 5.52886 -2.33061 8
v 5.63816 -2.05212 8
v 5.73344 -1.76853 8
v 5.81446 -1.48054 8
v 5.88103 -1.18888 8
v 5.93298 -0.894254 8
v 5.97018 -0.597407 8
v 5.99254 -0.299075 8
v 20 -4.89859e-15 8
v 19.9751 0.996918 8
v 19.9006 1.99136 8
v 19.7766 2.98085 8
v 19.6034 3.96292 8
v 19.3815 4.93515 8
v 19.1115 5.8951 8
v 18.7939 6.8404 8
v 18.4295 7.7687 8
v 18.0194 8.67767 8
v 17.5644 9.56508 8
v 17.0658 10.4287 8
v 16.5248 11.2664 8
v 15.9427 12.0761 8
v 15.3209 12.8558 8
v 14.661 13.6035 8
v 13.9647 14.3173 8
v 13.2337 14.9956 8
v 12.4698 15.6366 8
v 11.6749 16.2388 8
v 10.8509 16.8005 8
v 10 17.3205 8
v 9.12421 17.7974 8
v 8.22574 18.2301 8
v 7.30682 18.6175 8
v 6.36973 18.9585 8
v 5.41681 19.2525 8
v 4.45042 19.4986 8
v 3.47296 19.6962 8
v 2.48687 19.8448 8
v 1.4946 19.9441 8
v 0.498614 19.9938 8
v -0.498614 19.9938 8
v -1.4946 19.9441 8
v -2.48687 19.8448 8
v -3.47296 19.6962 8
v -4.45042 19.4986 8
v -5.41681 19.2525 8
v -6.36973 18.9585 8
v -7.30682 18.6175 8
v -8.22574 18.2301 8
v -9.12421 17.7974 8
v -10 17.3205 8
v -10.8509 16.8005 8
v -11.6749 16.2388 8
v -12.4698 15.6366 8
v -13.2337 14.9956 8
v -13.9647 14.3173 8
v -14.661 13.6035 8
v -15.3209 12.8558 8
v -15.9427 12.0761 8
v -16.5248 11.2664 8
v -17.0658 10.4287 8
v -17.5644 9.56508 8
v -18.0194 8.67767 8
v -18.4295 7.7687 8
v -18.7939 6.8404 8
v -19.1115 5.8951 8
v -19.3815 4.93515 8
v -19.6034 3.96292 8
v -19.7766 2.98085 8
v -19.9006 1.99136 8
v -19.9751 0.996918 8
v -20 -6.8605e-14 8
v -19.9751 -0.996918 8
v -19.9006 -1.99136 8
v -19.7766 -2.98085 8
v -19.6034 -3.96292 8
v -19.3815 -4.93515 8
v -19.1115 -5.8951 8
v -18.7939 -6.8404 8
v -18.4295 -7.7687 8
v -18.0194 -8.67767 8
v -17.5644 -9.56508 8
v -17.0658 -10.4287 8
v -16.5248 -11.2664 8
v -15.9427 -12.0761 8
v -15.3209 -12.8558 8
v -14.661 -13.6035 8
v -13.9647 -14.3173 8
v -13.2337 -14.9956 8
v -12.4698 -15.6366 8
v -11.6749 -16.2388 8
v -10.8509 -16.8005 8
v -10 -17.3205 8
v -9.12421 -17.7974 8
v -8.22574 -18.2301 8
v -7.30682 -18.6175 8
v -6.36973 -18.9585 8
v -5.41681 -19.2525 8
v -4.45042 -19.4986 8
v -3.47296 -19.6962 8
v -2.48687 -19.8448 8
v -1.4946 -19.9441 8
v -0.498614 -19.9938 8
v 0.498614 -19.9938 8
v 1.4946 -19.9441 8
v 2.48687 -19.8448 8
v 3.47296 -19.6962 8
v 4.45042 -19.4986 8
v 5.41681 -19.2525 8
v 6.36973 -18.9585 8
v 7.30682 -18.6175 8
v 8.22574 -18.2301 8
v 9.12421 -17.7974 8
v 10 -17.3205 8
v 10.8509 -16.8005 8
v 11.6749 -16.2388 8
v 12.4698 -15.6366 8
v 13.2337 -14.9956 8
v 13.9647 -14.3173 8
v 14.661 -13.6035 8
v 15.3209 -12.8558 8
v 15.9427 -12.0761 8
v 16.5248 -11.2664 8
v 17.0658 -10.4287 8
v 17.5644 -9.56508 8
v 18.0194 -8.67767 8
v 18.4295 -7.7687 8
v 18.7939 -6.8404 8
v 19.1115 -5.8951 8
v 19.3815 -4.93515 8
v 19.6034 -3.96292 8
v 19.7766 -2.98085 8
v 19.9006 -1.99136 8
v 19.9751 -0.996918 8
v -4.4981e-15 -17.5 8
v 0.124615 -17.4969 8
v 0.24892 -17.4876 8
v 0.372606 -17.4721 8
v 0.495365 -17.4504 8
v 0.616893 -17.4227 8
v 0.736888 -17.3889 8
v 0.85505 -17.3492 8
v 0.971087 -17.3037 8
v 1.08471 -17.2524 8
v 1.19563 -17.1956 8
v 1.30359 -17.1332 8
v 1.4083 -17.0656 8
v 1.50951 -16.9928 8
v 1.60697 -16.9151 8
v 1.70043 -16.8326 8
v 1.78967 -16.7456 8
v 1.87445 -16.6542 8
v 1.95458 -16.5587 8
v 2.02985 -16.4594 8
v 2.10006 -16.3564 8
v 2.16506 -16.25 8
v 2.22468 -16.1405 8
v 2.27876 -16.0282 8
v 2.32718 -15.9134 8
v 2.36982 -15.7962 8
v 2.40656 -15.6771 8
v 2.43732 -15.5563 8
v 2.46202 -15.4341 8
v 2.4806 -15.3109 8
v 2.49301 -15.1868 8
v 2.49922 -15.0623 8
v 2.49922 -14.9377 8
v 2.49301 -14.8132 8
v 2.4806 -14.6891 8
v 2.46202 -14.5659 8
v 2.43732 -14.4437 8
v 2.40656 -14.3229 8
v 2.36982 -14.2038 8
v 2.32718 -14.0866 8
v 2.27876 -13.9718 8
v 2.22468 -13.8595 8
v 2.16506 -13.75 8
v 2.10006 -13.6436 8
v 2.02985 -13.5406 8
v 1.95458 -13.4413 8
v 1.87445 -13.3458 8
v 1.78967 -13.2544 8
v 1.70043 -13.1674 8
v 1.60697 -13.0849 8
v 1.50951 -13.0072 8
v 1.4083 -12.9344 8
v 1.30359 -12.8668 8
v 1.19563 -12.8044 8
v 1.08471 -12.7476 8
v 0.971087 -12.6963 8
v 0.85505 -12.6508 8
v 0.736888 -12.6111 8
v 0.616893 -12.5773 8
v 0.495365 -12.5496 8
v 0.372606 -12.5279 8
v 0.24892 -12.5124 8
v 0.124615 -12.5031 8
v -1.13512e-14 -12.5 8
v -0.124615 -12.5031 8
v -0.24892 -12.5124 8
v -0.372606 -12.5279 8
v -0.495365 -12.5496 8
v -0.616893 -12.5773 8
v -0.736888 -12.6111 8
v -0.85505 -12.6508 8
v -0.971087 -12.6963 8
v -1.08471 -12.7476 8
v -1.19563 -12.8044 8
v -1.30359 -12.8668 8
v -1.4083 -12.9344 8
v -1.50951 -13.0072 8
v -1.60697 -13.0849 8
v -1.70043 -13.1674 8
v -1.78967 -13.2544 8
v -1.87445 -13.3458 8
v -1.95458 -13.4413 8
v -2.02985 -13.5406 8
v -2.10006 -13.6436 8
v -2.16506 -13.75 8
v -2.22468 -13.8595 8
v -2.27876 -13.9718 8
v -2.32718 -14.0866 8
v -2.36982 -14.2038 8
v -2.40656 -14.3229 8
v -2.43732 -14.4437 8
v -2.46202 -14.5659 8
v -2.4806 -14.6891 8
v -2.49301 -14.8132 8
v -2.49922 -14.9377 8
v -2.49922 -15.0623 8
v -2.49301 -15.1868 8
v -2.4806 -15.3109 8
v -2.46202 -15.4341 8
v -2.43732 -15.5563 8
v -2.40656 -15.6771 8
v -2.36982 -15.7962 8
v -2.32718 -15.9134 8
v -2.27876 -16.0282 8
v -2.22468 -16.1405 8
v -2.16506 -16.25 8
v -2.10006 -16.3564 8
v -2.02985 -16.4594 8
v -1.95458 -16.5587 8
v -1.87445 -16.6542 8
v -1.78967 -16.7456 8
v -1.70043 -16.8326 8
v -1.60697 -16.9151 8
v -1.50951 -16.9928 8
v -1.4083 -17.0656 8
v -1.30359 -17.1332 8
v -1.19563 -17.1956 8
v -1.08471 -17.2524 8
v -0.971087 -17.3037 8
v -0.85505 -17.3492 8
v -0.736888 -17.3889 8
v -0.616893 -17.4227 8
v -0.495365 -17.4504 8
v -0.372606 -17.4721 8
v -0.24892 -17.4876 8
v -0.124615 -17.4969 8
v -17.5 2.75546e-15 8
v -17.4969 -0.124615 8
v -17.4876 -0.24892 8
v -17.4721 -0.372606 8
v -17.4504 -0.495365 8
v -17.4227 -0.616893 8
v -17.3889 -0.736888 8
v -17.3492 -0.85505 8
v -17.3037 -0.971087 8
v -17.2524 -1.08471 8
v -17.1956 -1.19563 8
v -17.1332 -1.30359 8
v -17.0656 -1.4083 8
v -16.9928 -1.50951 8
v -16.9151 -1.60697 8
v -16.8326 -1.70043 8
v -16.7456 -1.78967 8
v -16.6542 -1.87445 8
v -16.5587 -1.95458 8
v -16.4594 -2.02985 8
v -16.3564 -2.10006 8
v -16.25 -2.16506 8
v -16.1405 -2.22468 8
v -16.0282 -2.27876 8
v -15.9134 -2.32718 8
v -15.7962 -2.36982 8
v -15.6771 -2.40656 8
v -15.5563 -2.43732 8
v -15.4341 -2.46202 8
v -15.3109 -2.4806 8
v -15.1868 -2.49301 8
v -15.0623 -2.49922 8
v -14.9377 -2.49922 8
v -14.8132 -2.49301 8
v -14.6891 -2.4806 8
v -14.5659 -2.46202 8
v -14.4437 -2.43732 8
v -14.3229 -2.40656 8
v -14.2038 -2.36982 8
v -14.0866 -2.32718 8
v -13.9718 -2.27876 8
v -13.8595 -2.22468 8
v -13.75 -2.16506 8
v -13.6436 -2.10006 8
v -13.5406 -2.02985 8
v -13.4413 -1.95458 8
v -13.3458 -1.87445 8
v -13.2544 -1.78967 8
v -13.1674 -1.70043 8
v -13.0849 -1.60697 8
v -13.0072 -1.50951 8
v -12.9344 -1.4083 8
v -12.8668 -1.30359 8
v -12.8044 -1.19563 8
v -12.7476 -1.08471 8
v -12.6963 -0.971087 8
v -12.6508 -0.85505 8
v -12.6111 -0.736888 8
v -12.5773 -0.616893 8
v -12.5496 -0.495365 8
v -12.5279 -0.372606 8
v -12.5124 -0.24892 8
v -12.5031 -0.124615 8
v -12.5 1.01064e-14 8
v -12.5031 0.124615 8
v -12.5124 0.24892 8
v -12.5279 0.372606 8
v -12.5496 0.495365 8
v -12.5773 0.616893 8
v -12.6111 0.736888 8
v -12.6508 0.85505 8
v -12.6963 0.971087 8
v -12.7476 1.08471 8
v -12.8044 1.19563 8
v -12.8668 1.30359 8
v -12.9344 1.4083 8
v -13.0072 1.50951 8
v -13.0849 1.60697 8
v -13.1674 1.70043 8
v -13.2544 1.78967 8
v -13.3458 1.87445 8
v -13.4413 1.95458 8
v -13.5406 2.02985 8
v -13.6436 2.10006 8
v -13.75 2.16506 8
v -13.8595 2.22468 8
v -13.9718 2.27876 8
v -14.0866 2.32718 8
v -14.2038 2.36982 8
v -14.3229 2.40656 8
v -14.4437 2.43732 8
v -14.5659 2.46202 8
v -14.6891 2.4806 8
v -14.8132 2.49301 8
v -14.9377 2.49922 8
v -15.0623 2.49922 8
v -15.1868 2.49301 8
v -15.3109 2.4806 8
v -15.4341 2.46202 8
v -15.5563 2.43732 8
v -15.6771 2.40656 8
v -15.7962 2.36982 8
v -15.9134 2.32718 8
v -16.0282 2.27876 8
v -16.1405 2.22468 8
v -16.25 2.16506 8
v -16.3564 2.10006 8
v -16.4594 2.02985 8
v -16.5587 1.95458 8
v -16.6542 1.87445 8
v -16.7456 1.78967 8
v -16.8326 1.70043 8
v -16.9151 1.60697 8
v -16.9928 1.50951 8
v -17.0656 1.4083 8
v -17.1332 1.30359 8
v -17.1956 1.19563 8
v -17.2524 1.08471 8
v -17.3037 0.971087 8
v -17.3492 0.85505 8
v -17.3889 0.736888 8
v -17.4227 0.616893 8
v -17.4504 0.495365 8
v -17.4721 0.372606 8
v -17.4876 0.24892 8
v -17.4969 0.124615 8
v 6 -1.46958e-15 8
v 5.99254 0.299075 8
v 5.97018 0.597407 8
v 5.93298 0.894254 8
v 5.88103 1.18888 8
v 5.81446 1.48054 8
v 5.73344 1.76853 8
v 5.63816 2.05212 8
v 5.52886 2.33061 8
v 5.40581 2.6033 8
v 5.26933 2.86952 8
v 5.11975 3.12861 8
v 4.95743 3.37992 8
v 4.7828 3.62283 8
v 4.59627 3.85673 8
v 4.39831 4.08104 8
v 4.18942 4.2952 8
v 3.97012 4.49869 8
v 3.74094 4.69099 8
v 3.50246 4.87163 8
v 3.25528 5.04016 8
v 3 5.19615 8
v 2.73726 5.33923 8
v 2.46772 5.46904 8
v 2.19205 5.58524 8
v 1.91092 5.68756 8
v 1.62504 5.77575 8
v 1.33513 5.84957 8
v 1.04189 5.90885 8
v 0.746062 5.95344 8
v 0.448381 5.98322 8
v 0.149584 5.99814 8
v -0.149584 5.99814 8
v -0.448381 5.98322 8
v -0.746062 5.95344 8
v -1.04189 5.90885 8
v -1.33513 5.84957 8
v -1.62504 5.77575 8
v -1.91092 5.68756 8
v -2.19205 5.58524 8
v -2.46772 5.46904 8
v -2.73726 5.33923 8
v -3 5.19615 8
v -3.25528 5.04016 8
v -3.50246 4.87163 8
v -3.74094 4.69099 8
v -3.97012 4.49869 8
v -4.18942 4.2952 8
v -4.39831 4.08104 8
v -4.59627 3.85673 8
v -4.7828 3.62283 8
v -4.95743 3.37992 8
v -5.11975 3.12861 8
v -5.26933 2.86952 8
v -5.40581 2.6033 8
v -5.52886 2.33061 8
v -5.63816 2.05212 8
v -5.73344 1.76853 8
v -5.81446 1.48054 8
v -5.88103 1.18888 8
v -5.93298 0.894254 8
v -5.97018 0.597407 8
v -5.99254 0.299075 8
v -6 -2.05815e-14 8
v -5.99254 -0.299075 8
v -5.97018 -0.597407 8
v -5.93298 -0.894254 8
v -5.88103 -1.18888 8
v -5.81446 -1.48054 8
v -5.73344 -1.76853 8
v -5.63816 -2.05212 8
v -5.52886 -2.33061 8
v -5.40581 -2.6033 8
v -5.26933 -2.86952 8
v -5.11975 -3.12861 8
v -4.95743 -3.37992 8
v -4.7828 -3.62283 8
v -4.59627 -3.85673 8
v -4.39831 -4.08104 8
v -4.18942 -4.2952 8
v -3.97012 -4.49869 8
v -3.74094 -4.69099 8
v -3.50246 -4.87163 8
v -3.25528 -5.04016 8
v -3 -5.19615 8
v -2.73726 -5.33923 8
v -2.46772 -5.46904 8
v -2.19205 -5.58524 8
v -1.91092 -5.68756 8
v -1.62504 -5.77575 8
v -1.33513 -5.84957 8
v -1.04189 -5.90885 8
v -0.746062 -5.95344 8
v -0.448381 -5.98322 8
v -0.149584 -5.99814 8
v 0.149584 -5.99814 8
v 0.448381 -5.98322 8
v 0.746062 -5.95344 8
v 1.04189 -5.90885 8
v 1.33513 -5.84957 8
v 1.62504 -5.77575 8
v 1.91092 -5.68756 8
v 2.19205 -5.58524 8
v 2.46772 -5.46904 8
v 2.73726 -5.33923 8
v 3 -5.19615 8
v 3.25528 -5.04016 8
v 3.50246 -4.87163 8
v 3.74094 -4.69099 8
v 3.97012 -4.49869 8
v 4.18942 -4.2952 8
v 4.39831 -4.08104 8
v 4.59627 -3.85673 8
v 4.7828 -3.62283 8
v 4.95743 -3.37992 8
v 5.11975 -3.12861 8
v 5.26933 -2.86952 8
v 5.40581 -2.6033 8
v 5.52886 -2.33061 8
v 5.63816 -2.05212 8
v 5.73344 -1.76853 8
v 5.81446 -1.48054 8
v 5.88103 -1.18888 8
v 5.93298 -0.894254 8
v 5.97018 -0.597407 8
v 5.99254 -0.299075 8
v 17.5 -6.12323e-16 8
v 17.4969 0.124615 8
v 17.4876 0.24892 8
v 17.4721 0.372606 8
v 17.4504 0.495365 8
v 17.4227 0.616893 8
v 17.3889 0.736888 8
v 17.3492 0.85505 8
v 17.3037 0.971087 8
v 17.2524 1.08471 8
v 17.1956 1.19563 8
v 17.1332 1.30359 8
v 17.0656 1.4083 8
v 16.9928 1.50951 8
v 16.9151 1.60697 8
v 16.8326 1.70043 8
v 16.7456 1.78967 8
v 16.6542 1.87445 8
v 16.5587 1.95458 8
v 16.4594 2.02985 8
v 16.3564 2.10006 8
v 16.25 2.16506 8
v 16.1405 2.22468 8
v 16.0282 2.27876 8
v 15.9134 2.32718 8
v 15.7962 2.36982 8
v 15.6771 2.40656 8
v 15.5563 2.43732 8
v 15.4341 2.46202 8
v 15.3109 2.4806 8
v 15.1868 2.49301 8
v 15.0623 2.49922 8
v 14.9377 2.49922 8
v 14.8132 2.49301 8
v 14.6891 2.4806 8
v 14.5659 2.46202 8
v 14.4437 2.43732 8
v 14.3229 2.40656 8
v 14.2038 2.36982 8
v 14.0866 2.32718 8
v 13.9718 2.27876 8
v 13.8595 2.22468 8
v 13.75 2.16506 8
v 13.6436 2.10006 8
v 13.5406 2.02985 8
v 13.4413 1.95458 8
v 13.3458 1.87445 8
v 13.2544 1.78967 8
v 13.1674 1.70043 8
v 13.0849 1.60697 8
v 13.0072 1.50951 8
v 12.9344 1.4083 8
v 12.8668 1.30359 8
v 12.8044 1.19563 8
v 12.7476 1.08471 8
v 12.6963 0.971087 8
v 12.6508 0.85505 8
v 12.6111 0.736888 8
v 12.5773 0.616893 8
v 12.5496 0.495365 8
v 12.5279 0.372606 8
v 12.5124 0.24892 8
v 12.5031 0.124615 8
v 12.5 -8.57562e-15 8
v 12.5031 -0.124615 8
v 12.5124 -0.24892 8
v 12.5279 -0.372606 8
v 12.5496 -0.495365 8
v 12.5773 -0.616893 8
v 12.6111 -0.736888 8
v 12.6508 -0.85505 8
v 12.6963 -0.971087 8
v 12.7476 -1.08471 8
v 12.8044 -1.19563 8
v 12.8668 -1.30359 8
v 12.9344 -1.4083 8
v 13.0072 -1.50951 8
v 13.0849 -1.60697 8
v 13.1674 -1.70043 8
v 13.2544 -1.78967 8
v 13.3458 -1.87445 8
v 13.4413 -1.95458 8
v 13.5406 -2.02985 8
v 13.6436 -2.10006 8
v 13.75 -2.16506 8
v 13.8595 -2.22468 8
v 13.9718 -2.27876 8
v 14.0866 -2.32718 8
v 14.2038 -2.36982 8
v 14.3229 -2.40656 8
v 14.4437 -2.43732 8
v 14.5659 -2.46202 8
v 14.6891 -2.4806 8
v 14.8132 -2.49301 8
v 14.9377 -2.49922 8
v 15.0623 -2.49922 8
v 15.1868 -2.49301 8
v 15.3109 -2.4806 8
v 15.4341 -2.46202 8
v 15.5563 -2.43732 8
v 15.6771 -2.40656 8
v 15.7962 -2.36982 8
v 15.9134 -2.32718 8
v 16.0282 -2.27876 8
v 16.1405 -2.22468 8
v 16.25 -2.16506 8
v 16.3564 -2.10006 8
v 16.4594 -2.02985 8
v 16.5587 -1.95458 8
v 16.6542 -1.87445 8
v 16.7456 -1.78967 8
v 16.8326 -1.70043 8
v 16.9151 -1.60697 8
v 16.9928 -1.50951 8
v 17.0656 -1.4083 8
v 17.1332 -1.30359 8
v 17.1956 -1.19563 8
v 17.2524 -1.08471 8
v 17.3037 -0.971087 8
v 17.3492 -0.85505 8
v 17.3889 -0.736888 8
v 17.4227 -0.616893 8
v 17.4504 -0.495365 8
v 17.4721 -0.372606 8
v 17.4876 -0.24892 8
v 17.4969 -0.124615 8
v 2.55521e-15 17.5 8
v -0.124615 17.4969 8
v -0.24892 17.4876 8
v -0.372606 17.4721 8
v -0.495365 17.4504 8
v -0.616893 17.4227 8
v -0.736888 17.3889 8
v -0.85505 17.3492 8
v -0.971087 17.3037 8
v -1.08471 17.2524 8
v -1.19563 17.1956 8
v -1.30359 17.1332 8
v -1.4083 17.0656 8
v -1.50951 16.9928 8
v -1.60697 16.9151 8
v -1.70043 16.8326 8
v -1.78967 16.7456 8
v -1.87445 16.6542 8
v -1.95458 16.5587 8
v -2.02985 16.4594 8
v -2.10006 16.3564 8
v -2.16506 16.25 8
v -2.22468 16.1405 8
v -2.27876 16.0282 8
v -2.32718 15.9134 8
v -2.36982 15.7962 8
v -2.40656 15.6771 8
v -2.43732 15.5563 8
v -2.46202 15.4341 8
v -2.4806 15.3109 8
v -2.49301 15.1868 8
v -2.49922 15.0623 8
v -2.49922 14.9377 8
v -2.49301 14.8132 8
v -2.4806 14.6891 8
v -2.46202 14.5659 8
v -2.43732 14.4437 8
v -2.40656 14.3229 8
v -2.36982 14.2038 8
v -2.32718 14.0866 8
v -2.27876 13.9718 8
v -2.22468 13.8595 8
v -2.16506 13.75 8
v -2.10006 13.6436 8
v -2.02985 13.5406 8
v -1.95458 13.4413 8
v -1.87445 13.3458 8
v -1.78967 13.2544 8
v -1.70043 13.1674 8
v -1.60697 13.0849 8
v -1.50951 13.0072 8
v -1.4083 12.9344 8
v -1.30359 12.8668 8
v -1.19563 12.8044 8
v -1.08471 12.7476 8
v -0.971087 12.6963 8
v -0.85505 12.6508 8
v -0.736888 12.6111 8
v -0.616893 12.5773 8
v -0.495365 12.5496 8
v -0.372606 12.5279 8
v -0.24892 12.5124 8
v -0.124615 12.5031 8
v 9.9634e-15 12.5 8
v 0.124615 12.5031 8
v 0.24892 12.5124 8
v 0.372606 12.5279 8
v 0.495365 12.5496 8
v 0.616893 12.5773 8
v 0.736888 12.6111 8
v 0.85505 12.6508 8
v 0.971087 12.6963 8
v 1.08471 12.7476 8
v 1.19563 12.8044 8
v 1.30359 12.8668 8
v 1.4083 12.9344 8
v 1.50951 13.0072 8
v 1.60697 13.0849 8
v 1.70043 13.1674 8
v 1.78967 13.2544 8
v 1.87445 13.3458 8
v 1.95458 13.4413 8
v 2.02985 13.5406 8
v 2.10006 13.6436 8
v 2.16506 13.75 8
v 2.22468 13.8595 8
v 2.27876 13.9718 8
v 2.32718 14.0866 8
v 2.36982 14.2038 8
v 2.40656 14.3229 8
v 2.43732 14.4437 8
v 2.46202 14.5659 8
v 2.4806 14.6891 8
v 2.49301 14.8132 8
v 2.49922 14.9377 8
v 2.49922 15.0623 8
v 2.49301 15.1868 8
v 2.4806 15.3109 8
v 2.46202 15.4341 8
v 2.43732 15.5563 8
v 2.40656 15.6771 8
v 2.36982 15.7962 8
v 2.32718 15.9134 8
v 2.27876 16.0282 8
v 2.22468 16.1405 8
v 2.16506 16.25 8
v 2.10006 16.3564 8
v 2.02985 16.4594 8
v 1.95458 16.5587 8
v 1.87445 16.6542 8
v 1.78967 16.7456 8
v 1.70043 16.8326 8
v 1.60697 16.9151 8
v 1.50951 16.9928 8
v 1.4083 17.0656 8
v 1.30359 17.1332 8
v 1.19563 17.1956 8
v 1.08471 17.2524 8
v 0.971087 17.3037 8
v 0.85505 17.3492 8
v 0.736888 17.3889 8
v 0.616893 17.4227 8
v 0.495365 17.4504 8
v 0.372606 17.4721 8
v 0.24892 17.4876 8
v 0.124615 17.4969 8
v 6 -1.46958e-15 80
v 5.99254 0.299075 80
v 5.97018 0.597407 80
v 5.93298 0.894254 80
v 5.88103 1.18888 80
v 5.81446 1.48054 80
v 5.73344 1.76853 80
v 5.63816 2.05212 80
v 5.52886 2.33061 80
v 5.40581 2.6033 80
v 5.26933 2.86952 80
v 5.11975 3.12861 80
v 4.95743 3.37992 80
v 4.7828 3.62283 80
v 4.59627 3.85673 80
v 4.39831 4.08104 80
v 4.18942 4.2952 80
v 3.97012 4.49869 80
v 3.74094 4.69099 80
v 3.50246 4.87163 80
v 3.25528 5.04016 80
v 3 5.19615 80
v 2.73726 5.33923 80
v 2.46772 5.46904 80
v 2.19205 5.58524 80
v 1.91092 5.68756 80
v 1.62504 5.77575 80
v 1.33513 5.84957 80
v 1.04189 5.90885 80
v 0.746062 5.95344 80
v 0.448381 5.98322 80
v 0.149584 5.99814 80
v -0.149584 5.99814 80
v -0.448381 5.98322 80
v -0.746062 5.95344 80
v -1.04189 5.90885 80
v -1.33513 5.84957 80
v -1.62504 5.77575 80
v -1.91092 5.68756 80
v -2.19205 5.58524 80
v -2.46772 5.46904 80
v -2.73726 5.33923 80
v -3 5.19615 80
v -3.25528 5.04016 80
v -3.50246 4.87163 80
v -3.74094 4.69099 80
v -3.97012 4.49869 80
v -4.18942 4.2952 80
v -4.39831 4.08104 80
v -4.59627 3.85673 80
v -4.7828 3.62283 80
v -4.95743 3.37992 80
v -5.11975 3.12861 80
v -5.26933 2.86952 80
v -5.40581 2.6033 80
v -5.52886 2.33061 80
v -5.63816 2.05212 80
v -5.73344 1.76853 80
v -5.81446 1.48054 80
v -5.88103 1.18888 80
v -5.93298 0.894254 80
v -5.97018 0.597407 80
v -5.99254 0.299075 80
v -6 -2.05815e-14 80
v -5.99254 -0.299075 80
v -5.97018 -0.597407 80
v -5.93298 -0.894254 80
v -5.88103 -1.18888 80
v -5.81446 -1.48054 80
v -5.73344 -1.76853 80
v -5.63816 -2.05212 80
v -5.52886 -2.33061 80
v -5.40581 -2.6033 80
v -5.26933 -2.86952 80
v -5.11975 -3.12861 80
v -4.95743 -3.37992 80
v -4.7828 -3.62283 80
v -4.59627 -3.85673 80
v -4.39831 -4.08104 80
v -4.18942 -4.2952 80
v -3.97012 -4.49869 80
v -3.74094 -4.69099 80
v -3.50246 -4.87163 80
v -3.25528 -5.04016 80
v -3 -5.19615 80
v -2.73726 -5.33923 80
v -2.46772 -5.46904 80
v -2.19205 -5.58524 80
v -1.91092 -5.68756 80
v -1.62504 -5.77575 80
v -1.33513 -5.84957 80
v -1.04189 -5.90885 80
v -0.746062 -5.95344 80
v -0.448381 -5.98322 80
v -0.149584 -5.99814 80
v 0.149584 -5.99814 80
v 0.448381 -5.98322 80
v 0.746062 -5.95344 80
v 1.04189 -5.90885 80
v 1.33513 -5.84957 80
v 1.62504 -5.77575 80
v 1.91092 -5.68756 80
v 2.19205 -5.58524 80
v 2.46772 -5.46904 80
v 2.73726 -5.33923 80
v 3 -5.19615 80
v 3.25528 -5.04016 80
v 3.50246 -4.87163 80
v 3.74094 -4.69099 80
v 3.97012 -4.49869 80
v 4.18942 -4.2952 80
v 4.39831 -4.08104 80
v 4.59627 -3.85673 80
v 4.7828 -3.62283 80
v 4.95743 -3.37992 80
v 5.11975 -3.12861 80
v 5.26933 -2.86952 80
v 5.40581 -2.6033 80
v 5.52886 -2.33061 80
v 5.63816 -2.05212 80
v 5.73344 -1.76853 80
v 5.81446 -1.48054 80
v 5.88103 -1.18888 80
v 5.93298 -0.894254 80
v 5.97018 -0.597407 80
v 5.99254 -0.299075 80
v 20 -4.89859e-15 8
v 19.9751 0.996918 8
v 19.9006 1.99136 8
v 19.7766 2.98085 8
v 19.6034 3.96292 8
v 19.3815 4.93515 8
v 19.1115 5.8951 8
v 18.7939 6.8404 8
v 18.4295 7.7687 8
v 18.0194 8.67767 8
v 17.5644 9.56508 8
v 17.0658 10.4287 8
v 16.5248 11.2664 8
v 15.9427 12.0761 8
v 15.3209 12.8558 8
v 14.661 13.6035 8
v 13.9647 14.3173 8
v 13.2337 14.9956 8
v 12.4698 15.6366 8
v 11.6749 16.2388 8
v 10.8509 16.8005 8
v 10 17.3205 8
v 9.12421 17.7974 8
v 8.22574 18.2301 8
v 7.30682 18.6175 8
v 6.36973 18.9585 8
v 5.41681 19.2525 8
v 4.45042 19.4986 8
v 3.47296 19.6962 8
v 2.48687 19.8448 8
v 1.4946 19.9441 8
v 0.498614 19.9938 8
v -0.498614 19.9938 8
v -1.4946 19.9441 8
v -2.48687 19.8448 8
v -3.47296 19.6962 8
v -4.45042 19.4986 8
v -5.41681 19.2525 8
v -6.36973 18.9585 8
v -7.30682 18.6175 8
v -8.22574 18.2301 8
v -9.12421 17.7974 8
v -10 17.3205 8
v -10.8509 16.8005 8
v -11.6749 16.2388 8
v -12.4698 15.6366 8
v -13.2337 14.9956 8
v -13.9647 14.3173 8
v -14.661 13.6035 8
v -15.3209 12.8558 8
v -15.9427 12.0761 8
v -16.5248 11.2664 8
v -17.0658 10.4287 8
v -17.5644 9.56508 8
v -18.0194 8.67767 8
v -18.4295 7.7687 8
v -18.7939 6.8404 8
v -19.1115 5.8951 8
v -19.3815 4.93515 8
v -19.6034 3.96292 8
v -19.7766 2.98085 8
v -19.9006 1.99136 8
v -19.9751 0.996918 8
v -20 -6.8605e-14 8
v -19.9751 -0.996918 8
v -19.9006 -1.99136 8
v -19.7766 -2.98085 8
v -19.6034 -3.96292 8
v -19.3815 -4.93515 8
v -19.1115 -5.8951 8
v -18.7939 -6.8404 8
v -18.4295 -7.7687 8
v -18.0194 -8.67767 8
v -17.5644 -9.56508 8
v -17.0658 -10.4287 8
v -16.5248 -11.2664 8
v -15.9427 -12.0761 8
v -15.3209 -12.8558 8
v -14.661 -13.6035 8
v -13.9647 -14.3173 8
v -13.2337 -14.9956 8
v -12.4698 -15.6366 8
v -11.6749 -16.2388 8
v -10.8509 -16.8005 8
v -10 -17.3205 8
v -9.12421 -17.7974 8
v -8.22574 -18.2301 8
v -7.30682 -18.6175 8
v -6.36973 -18.9585 8
v -5.41681 -19.2525 8
v -4.45042 -19.4986 8
v -3.47296 -19.6962 8
v -2.48687 -19.8448 8
v -1.4946 -19.9441 8
v -0.498614 -19.9938 8
v 0.498614 -19.9938 8
v 1.4946 -19.9441 8
v 2.48687 -19.8448 8
v 3.47296 -19.6962 8
v 4.45042 -19.4986 8
v 5.41681 -19.2525 8
v 6.36973 -18.9585 8
v 7.30682 -18.6175 8
v 8.22574 -18.2301 8
v 9.12421 -17.7974 8
v 10 -17.3205 8
v 10.8509 -16.8005 8
v 11.6749 -16.2388 8
v 12.4698 -15.6366 8
v 13.2337 -14.9956 8
v 13.9647 -14.3173 8
v 14.661 -13.6035 8
v 15.3209 -12.8558 8
v 15.9427 -12.0761 8
v 16.5248 -11.2664 8
v 17.0658 -10.4287 8
v 17.5644 -9.56508 8
v 18.0194 -8.67767 8
v 18.4295 -7.7687 8
v 18.7939 -6.8404 8
v 19.1115 -5.8951 8
v 19.3815 -4.93515 8
v 19.6034 -3.96292 8
v 19.7766 -2.98085 8
v 19.9006 -1.99136 8
v 19.9751 -0.996918 8
v 20 -4.89859e-15 8
v 20 -4.89859e-15 0
v 19.9751 0.996918 0
v 19.9006 1.99136 0
v 19.7766 2.98085 0
v 19.6034 3.96292 0
v 19.3815 4.93515 0
v 19.1115 5.8951 0
v 18.7939 6.8404 0
v 18.4295 7.7687 0
v 18.0194 8.67767 0
v 17.5644 9.56508 0
v 17.0658 10.4287 0
v 16.5248 11.2664 0
v 15.9427 12.0761 0
v 15.3209 12.8558 0
v 14.661 13.6035 0
v 13.9647 14.3173 0
v 13.2337 14.9956 0
v 12.4698 15.6366 0
v 11.6749 16.2388 0
v 10.8509 16.8005 0
v 10 17.3205 0
v 9.12421 17.7974 0
v 8.22574 18.2301 0
v 7.30682 18.6175 0
v 6.36973 18.9585 0
v 5.41681 19.2525 0
v 4.45042 19.4986 0
v 3.47296 19.6962 0
v 2.48687 19.8448 0
v 1.4946 19.9441 0
v 0.498614 19.9938 0
v -0.498614 19.9938 0
v -1.4946 19.9441 0
v -2.48687 19.8448 0
v -3.47296 19.6962 0
v -4.45042 19.4986 0
v -5.41681 19.2525 0
v -6.36973 18.9585 0
v -7.30682 18.6175 0
v -8.22574 18.2301 0
v -9.12421 17.7974 0
v -10 17.3205 0
v -10.8509 16.8005 0
v -11.6749 16.2388 0
v -12.4698 15.6366 0
v -13.2337 14.9956 0
v -13.9647 14.3173 0
v -14.661 13.6035 0
v -15.3209 12.8558 0
v -15.9427 12.0761 0
v -16.5248 11.2664 0
v -17.0658 10.4287 0
v -17.5644 9.56508 0
v -18.0194 8.67767 0
v -18.4295 7.7687 0
v -18.7939 6.8404 0
v -19.1115 5.8951 0
v -19.3815 4.93515 0
v -19.6034 3.96292 0
v -19.7766 2.98085 0
v -19.9006 1.99136 0
v -19.9751 0.996918 0
v -20 -6.8605e-14 0
v -19.9751 -0.996918 0
v -19.9006 -1.99136 0
v -19.7766 -2.98085 0
v -19.6034 -3.96292 0
v -19.3815 -4.93515 0
v -19.1115 -5.8951 0
v -18.7939 -6.8404 0
v -18.4295 -7.7687 0
v -18.0194 -8.67767 0
v -17.5644 -9.56508 0
v -17.0658 -10.4287 0
v -16.5248 -11.2664 0
v -15.9427 -12.0761 0
v -15.3209 -12.8558 0
v -14.661 -13.6035 0
v -13.9647 -14.3173 0
v -13.2337 -14.9956 0
v -12.4698 -15.6366 0
v -11.6749 -16.2388 0
v -10.8509 -16.8005 0
v -10 -17.3205 0
v -9.12421 -17.7974 0
v -8.22574 -18.2301 0
v -7.30682 -18.6175 0
v -6.36973 -18.9585 0
v -5.41681 -19.2525 0
v -4.45042 -19.4986 0
v -3.47296 -19.6962 0
v -2.48687 -19.8448 0
v -1.4946 -19.9441 0
v -0.498614 -19.9938 0
v 0.498614 -19.9938 0
v 1.4946 -19.9441 0
v 2.48687 -19.8448 0
v 3.47296 -19.6962 0
v 4.45042 -19.4986 0
v 5.41681 -19.2525 0
v 6.36973 -18.9585 0
v 7.30682 -18.6175 0
v 8.22574 -18.2301 0
v 9.12421 -17.7974 0
v 10 -17.3205 0
v 10.8509 -16.8005 0
v 11.6749 -16.2388 0
v 12.4698 -15.6366 0
v 13.2337 -14.9956 0
v 13.9647 -14.3173 0
v 14.661 -13.6035 0
v 15.3209 -12.8558 0
v 15.9427 -12.0761 0
v 16.5248 -11.2664 0
v 17.0658 -10.4287 0
v 17.5644 -9.56508 0
v 18.0194 -8.67767 0
v 18.4295 -7.7687 0
v 18.7939 -6.8404 0
v 19.1115 -5.8951 0
v 19.3815 -4.93515 0
v 19.6034 -3.96292 0
v 19.7766 -2.98085 0
v 19.9006 -1.99136 0
v 19.9751 -0.996918 0
v 20 -4.89859e-15 0
v -4.4981e-15 -17.5 8
v 0.124615 -17.4969 8
v 0.24892 -17.4876 8
v 0.372606 -17.4721 8
v 0.495365 -17.4504 8
v 0.616893 -17.4227 8
v 0.736888 -17.3889 8
v 0.85505 -17.3492 8
v 0.971087 -17.3037 8
v 1.08471 -17.2524 8
v 1.19563 -17.1956 8
v 1.30359 -17.1332 8
v 1.4083 -17.0656 8
v 1.50951 -16.9928 8
v 1.60697 -16.9151 8
v 1.70043 -16.8326 8
v 1.78967 -16.7456 8
v 1.87445 -16.6542 8
v 1.95458 -16.5587 8
v 2.02985 -16.4594 8
v 2.10006 -16.3564 8
v 2.16506 -16.25 8
v 2.22468 -16.1405 8
v 2.27876 -16.0282 8
v 2.32718 -15.9134 8
v 2.36982 -15.7962 8
v 2.40656 -15.6771 8
v 2.43732 -15.5563 8
v 2.46202 -15.4341 8
v 2.4806 -15.3109 8
v 2.49301 -15.1868 8
v 2.49922 -15.0623 8
v 2.49922 -14.9377 8
v 2.49301 -14.8132 8
v 2.4806 -14.6891 8
v 2.46202 -14.5659 8
v 2.43732 -14.4437 8
v 2.40656 -14.3229 8
v 2.36982 -14.2038 8
v 2.32718 -14.0866 8
v 2.27876 -13.9718 8
v 2.22468 -13.8595 8
v 2.16506 -13.75 8
v 2.10006 -13.6436 8
v 2.02985 -13.5406 8
v 1.95458 -13.4413 8
v 1.87445 -13.3458 8
v 1.78967 -13.2544 8
v 1.70043 -13.1674 8
v 1.60697 -13.0849 8
v 1.50951 -13.0072 8
v 1.4083 -12.9344 8
v 1.30359 -12.8668 8
v 1.19563 -12.8044 8
v 1.08471 -12.7476 8
v 0.971087 -12.6963 8
v 0.85505 -12.6508 8
v 0.736888 -12.6111 8
v 0.616893 -12.5773 8
v 0.495365 -12.5496 8
v 0.372606 -12.5279 8
v 0.24892 -12.5124 8
v 0.124615 -12.5031 8
v -1.13512e-14 -12.5 8
v -0.124615 -12.5031 8
v -0.24892 -12.5124 8
v -0.372606 -12.5279 8
v -0.495365 -12.5496 8
v -0.616893 -12.5773 8
v -0.736888 -12.6111 8
v -0.85505 -12.6508 8
v -0.971087 -12.6963 8
v -1.08471 -12.7476 8
v -1.19563 -12.8044 8
v -1.30359 -12.8668 8
v -1.4083 -12.9344 8
v -1.50951 -13.0072 8
v -1.60697 -13.0849 8
v -1.70043 -13.1674 8
v -1.78967 -13.2544 8
v -1.87445 -13.3458 8
v -1.95458 -13.4413 8
v -2.02985 -13.5406 8
v -2.10006 -13.6436 8
v -2.16506 -13.75 8
v -2.22468 -13.8595 8
v -2.27876 -13.9718 8
v -2.32718 -14.0866 8
v -2.36982 -14.2038 8
v -2.40656 -14.3229 8
v -2.43732 -14.4437 8
v -2.46202 -14.5659 8
v -2.4806 -14.6891 8
v -2.49301 -14.8132 8
v -2.49922 -14.9377 8
v -2.49922 -15.0623 8
v -2.49301 -15.1868 8
v -2.4806 -15.3109 8
v -2.46202 -15.4341 8
v -2.43732 -15.5563 8
v -2.40656 -15.6771 8
v -2.36982 -15.7962 8
v -2.32718 -15.9134 8
v -2.27876 -16.0282 8
v -2.22468 -16.1405 8
v -2.16506 -16.25 8
v -2.10006 -16.3564 8
v -2.02985 -16.4594 8
v -1.95458 -16.5587 8
v -1.87445 -16.6542 8
v -1.78967 -16.7456 8
v -1.70043 -16.8326 8
v -1.60697 -16.9151 8
v -1.50951 -16.9928 8
v -1.4083 -17.0656 8
v -1.30359 -17.1332 8
v -1.19563 -17.1956 8
v -1.08471 -17.2524 8
v -0.971087 -17.3037 8
v -0.85505 -17.3492 8
v -0.736888 -17.3889 8
v -0.616893 -17.4227 8
v -0.495365 -17.4504 8
v -0.372606 -17.4721 8
v -0.24892 -17.4876 8
v -0.124615 -17.4969 8
v -4.4981e-15 -17.5 8
v -4.4981e-15 -17.5 0
v 0.124615 -17.4969 0
v 0.24892 -17.4876 0
v 0.372606 -17.4721 0
v 0.495365 -17.4504 0
v 0.616893 -17.4227 0
v 0.736888 -17.3889 0
v 0.85505 -17.3492 0
v 0.971087 -17.3037 0
v 1.08471 -17.2524 0
v 1.19563 -17.1956 0
v 1.30359 -17.1332 0
v 1.4083 -17.0656 0
v 1.50951 -16.9928 0
v 1.60697 -16.9151 0
v 1.70043 -16.8326 0
v 1.78967 -16.7456 0
v 1.87445 -16.6542 0
v 1.95458 -16.5587 0
v 2.02985 -16.4594 0
v 2.10006 -16.3564 0
v 2.16506 -16.25 0
v 2.22468 -16.1405 0
v 2.27876 -16.0282 0
v 2.32718 -15.9134 0
v 2.36982 -15.7962 0
v 2.40656 -15.6771 0
v 2.43732 -15.5563 0
v 2.46202 -15.4341 0
v 2.4806 -15.3109 0
v 2.49301 -15.1868 0
v 2.49922 -15.0623 0
v 2.49922 -14.9377 0
v 2.49301 -14.8132 0
v 2.4806 -14.6891 0
v 2.46202 -14.5659 0
v 2.43732 -14.4437 0
v 2.40656 -14.3229 0
v 2.36982 -14.2038 0
v 2.32718 -14.0866 0
v 2.27876 -13.9718 0
v 2.22468 -13.8595 0
v 2.16506 -13.75 0
v 2.10006 -13.6436 0
v 2.02985 -13.5406 0
v 1.95458 -13.4413 0
v 1.87445 -13.3458 0
v 1.78967 -13.2544 0
v 1.70043 -13.1674 0
v 1.60697 -13.0849 0
v 1.50951 -13.0072 0
v 1.4083 -12.9344 0
v 1.30359 -12.8668 0
v 1.19563 -12.8044 0
v 1.08471 -12.7476 0
v 0.971087 -12.6963 0
v 0.85505 -12.6508 0
v 0.736888 -12.6111 0
v 0.616893 -12.5773 0
v 0.495365 -12.5496 0
v 0.372606 -12.5279 0
v 0.24892 -12.5124 0
v 0.124615 -12.5031 0
v -1.13512e-14 -12.5 0
v -0.124615 -12.5031 0
v -0.24892 -12.5124 0
v -0.372606 -12.5279 0
v -0.495365 -12.5496 0
v -0.616893 -12.5773 0
v -0.736888 -12.6111 0
v -0.85505 -12.6508 0
v -0.971087 -12.6963 0
v -1.08471 -12.7476 0
v -1.19563 -12.8044 0
v -1.30359 -12.8668 0
v -1.4083 -12.9344 0
v -1.50951 -13.0072 0
v -1.60697 -13.0849 0
v -1.70043 -13.1674 0
v -1.78967 -13.2544 0
v -1.87445 -13.3458 0
v -1.95458 -13.4413 0
v -2.02985 -13.5406 0
v -2.10006 -13.6436 0
v -2.16506 -13.75 0
v -2.22468 -13.8595 0
v -2.27876 -13.9718 0
v -2.32718 -14.0866 0
v -2.36982 -14.2038 0
v -2.40656 -14.3229 0
v -2.43732 -14.4437 0
v -2.46202 -14.5659 0
v -2.4806 -14.6891 0
v -2.49301 -14.8132 0
v -2.49922 -14.9377 0
v -2.49922 -15.0623 0
v -2.49301 -15.1868 0
v -2.4806 -15.3109 0
v -2.46202 -15.4341 0
v -2.43732 -15.5563 0
v -2.40656 -15.6771 0
v -2.36982 -15.7962 0
v -2.32718 -15.9134 0
v -2.27876 -16.0282 0
v -2.22468 -16.1405 0
v -2.16506 -16.25 0
v -2.10006 -16.3564 0
v -2.02985 -16.4594 0
v -1.95458 -16.5587 0
v -1.87445 -16.6542 0
v -1.78967 -16.7456 0
v -1.70043 -16.8326 0
v -1.60697 -16.9151 0
v -1.50951 -16.9928 0
v -1.4083 -17.0656 0
v -1.30359 -17.1332 0
v -1.19563 -17.1956 0
v -1.08471 -17.2524 0
v -0.971087 -17.3037 0
v -0.85505 -17.3492 0
v -0.736888 -17.3889 0
v -0.616893 -17.4227 0
v -0.495365 -17.4504 0
v -0.372606 -17.4721 0
v -0.24892 -17.4876 0
v -0.124615 -17.4969 0
v -4.4981e-15 -17.5 0
v -17.5 2.75546e-15 8
v -17.4969 -0.124615 8
v -17.4876 -0.24892 8
v -17.4721 -0.372606 8
v -17.4504 -0.495365 8
v -17.4227 -0.616893 8
v -17.3889 -0.736888 8
v -17.3492 -0.85505 8
v -17.3037 -0.971087 8
v -17.2524 -1.08471 8
v -17.1956 -1.19563 8
v -17.1332 -1.30359 8
v -17.0656 -1.4083 8
v -16.9928 -1.50951 8
v -16.9151 -1.60697 8
v -16.8326 -1.70043 8
v -16.7456 -1.78967 8
v -16.6542 -1.87445 8
v -16.5587 -1.95458 8
v -16.4594 -2.02985 8
v -16.3564 -2.10006 8
v -16.25 -2.16506 8
v -16.1405 -2.22468 8
v -16.0282 -2.27876 8
v -15.9134 -2.32718 8
v -15.7962 -2.36982 8
v -15.6771 -2.40656 8
v -15.5563 -2.43732 8
v -15.4341 -2.46202 8
v -15.3109 -2.4806 8
v -15.1868 -2.49301 8
v -15.0623 -2.49922 8
v -14.9377 -2.49922 8
v -14.8132 -2.49301 8
v -14.6891 -2.4806 8
v -14.5659 -2.46202 8
v -14.4437 -2.43732 8
v -14.3229 -2.40656 8
v -14.2038 -2.36982 8
v -14.0866 -2.32718 8
v -13.9718 -2.27876 8
v -13.8595 -2.22468 8
v -13.75 -2.16506 8
v -13.6436 -2.10006 8
v -13.5406 -2.02985 8
v -13.4413 -1.95458 8
v -13.3458 -1.87445 8
v -13.2544 -1.78967 8
v -13.1674 -1.70043 8
v -13.0849 -1.60697 8
v -13.0072 -1.50951 8
v -12.9344 -1.4083 8
v -12.8668 -1.30359 8
v -12.8044 -1.19563 8
v -12.7476 -1.08471 8
v -12.6963 -0.971087 8
v -12.6508 -0.85505 8
v -12.6111 -0.736888 8
v -12.5773 -0.616893 8
v -12.5496 -0.495365 8
v -12.5279 -0.372606 8
v -12.5124 -0.24892 8
v -12.5031 -0.124615 8
v -12.5 1.01064e-14 8
v -12.5031 0.124615 8
v -12.5124 0.24892 8
v -12.5279 0.372606 8
v -12.5496 0.495365 8
v -12.5773 0.616893 8
v -12.6111 0.736888 8
v -12.6508 0.85505 8
v -12.6963 0.971087 8
v -12.7476 1.08471 8
v -12.8044 1.19563 8
v -12.8668 1.30359 8
v -12.9344 1.4083 8
v -13.0072 1.50951 8
v -13.0849 1.60697 8
v -13.1674 1.70043 8
v -13.2544 1.78967 8
v -13.3458 1.87445 8
v -13.4413 1.95458 8
v -13.5406 2.02985 8
v -13.6436 2.10006 8
v -13.75 2.16506 8
v -13.8595 2.22468 8
v -13.9718 2.27876 8
v -14.0866 2.32718 8
v -14.2038 2.36982 8
v -14.3229 2.40656 8
v -14.4437 2.43732 8
v -14.5659 2.46202 8
v -14.6891 2.4806 8
v -14.8132 2.49301 8
v -14.9377 2.49922 8
v -15.0623 2.49922 8
v -15.1868 2.49301 8
v -15.3109 2.4806 8
v -15.4341 2.46202 8
v -15.5563 2.43732 8
v -15.6771 2.40656 8
v -15.7962 2.36982 8
v -15.9134 2.32718 8
v -16.0282 2.27876 8
v -16.1405 2.22468 8
v -16.25 2.16506 8
v -16.3564 2.10006 8
v -16.4594 2.02985 8
v -16.5587 1.95458 8
v -16.6542 1.87445 8
v -16.7456 1.78967 8
v -16.8326 1.70043 8
v -16.9151 1.60697 8
v -16.9928 1.50951 8
v -17.0656 1.4083 8
v -17.1332 1.30359 8
v -17.1956 1.19563 8
v -17.2524 1.08471 8
v -17.3037 0.971087 8
v -17.3492 0.85505 8
v -17.3889 0.736888 8
v -17.4227 0.616893 8
v -17.4504 0.495365 8
v -17.4721 0.372606 8
v -17.4876 0.24892 8
v -17.4969 0.124615 8
v -17.5 2.75546e-15 8
v -17.5 2.75546e-15 0
v -17.4969 -0.124615 0
v -17.4876 -0.24892 0
v -17.4721 -0.372606 0
v -17.4504 -0.495365 0
v -17.4227 -0.616893 0
v -17.3889 -0.736888 0
v -17.3492 -0.85505 0
v -17.3037 -0.971087 0
v -17.2524 -1.08471 0
v -17.1956 -1.19563 0
v -17.1332 -1.30359 0
v -17.0656 -1.4083 0
v -16.9928 -1.50951 0
v -16.9151 -1.60697 0
v -16.8326 -1.70043 0
v -16.7456 -1.78967 0
v -16.6542 -1.87445 0
v -16.5587 -1.95458 0
v -16.4594 -2.02985 0
v -16.3564 -2.10006 0
v -16.25 -2.16506 0
v -16.1405 -2.22468 0
v -16.0282 -2.27876 0
v -15.9134 -2.32718 0
v -15.7962 -2.36982 0
v -15.6771 -2.40656 0
v -15.5563 -2.43732 0
v -15.4341 -2.46202 0
v -15.3109 -2.4806 0
v -15.1868 -2.49301 0
v -15.0623 -2.49922 0
v -14.9377 -2.49922 0
v -14.8132 -2.49301 0
v -14.6891 -2.4806 0
v -14.5659 -2.46202 0
v -14.4437 -2.43732 0
v -14.3229 -2.40656 0
v -14.2038 -2.36982 0
v -14.0866 -2.32718 0
v -13.9718 -2.27876 0
v -13.8595 -2.22468 0
v -13.75 -2.16506 0
v -13.6436 -2.10006 0
v -13.5406 -2.02985 0
v -13.4413 -1.95458 0
v -13.3458 -1.87445 0
v -13.2544 -1.78967 0
v -13.1674 -1.70043 0
v -13.0849 -1.60697 0
v -13.0072 -1.50951 0
v -12.9344 -1.4083 0
v -12.8668 -1.30359 0
v -12.8044 -1.19563 0
v -12.7476 -1.08471 0
v -12.6963 -0.971087 0
v -12.6508 -0.85505 0
v -12.6111 -0.736888 0
v -12.5773 -0.616893 0
v -12.5496 -0.495365 0
v -12.5279 -0.372606 0
v -12.5124 -0.24892 0
v -12.5031 -0.124615 0
v -12.5 1.01064e-14 0
v -12.5031 0.124615 0
v -12.5124 0.24892 0
v -12.5279 0.372606 0
v -12.5496 0.495365 0
v -12.5773 0.616893 0
v -12.6111 0.736888 0
v -12.6508 0.85505 0
v -12.6963 0.971087 0
v -12.7476 1.08471 0
v -12.8044 1.19563 0
v -12.8668 1.30359 0
v -12.9344 1.4083 0
v -13.0072 1.50951 0
v -13.0849 1.60697 0
v -13.1674 1.70043 0
v -13.2544 1.78967 0
v -13.3458 1.87445 0
v -13.4413 1.95458 0
v -13.5406 2.02985 0
v -13.6436 2.10006 0
v -13.75 2.16506 0
v -13.8595 2.22468 0
v -13.9718 2.27876 0
v -14.0866 2.32718 0
v -14.2038 2.36982 0
v -14.3229 2.40656 0
v -14.4437 2.43732 0
v -14.5659 2.46202 0
v -14.6891 2.4806 0
v -14.8132 2.49301 0
v -14.9377 2.49922 0
v -15.0623 2.49922 0
v -15.1868 2.49301 0
v -15.3109 2.4806 0
v -15.4341 2.46202 0
v -15.5563 2.43732 0
v -15.6771 2.40656 0
v -15.7962 2.36982 0
v -15.9134 2.32718 0
v -16.0282 2.27876 0
v -16.1405 2.22468 0
v -16.25 2.16506 0
v -16.3564 2.10006 0
v -16.4594 2.02985 0
v -16.5587 1.95458 0
v -16.6542 1.87445 0
v -16.7456 1.78967 0
v -16.8326 1.70043 0
v -16.9151 1.60697 0
v -16.9928 1.50951 0
v -17.0656 1.4083 0
v -17.1332 1.30359 0
v -17.1956 1.19563 0
v -17.2524 1.08471 0
v -17.3037 0.971087 0
v -17.3492 0.85505 0
v -17.3889 0.736888 0
v -17.4227 0.616893 0
v -17.4504 0.495365 0
v -17.4721 0.372606 0
v -17.4876 0.24892 0
v -17.4969 0.124615 0
v -17.5 2.75546e-15 0
v 17.5 -6.12323e-16 8
v 17.4969 0.124615 8
v 17.4876 0.24892 8
v 17.4721 0.372606 8
v 17.4504 0.495365 8
v 17.4227 0.616893 8
v 17.3889 0.736888 8
v 17.3492 0.85505 8
v 17.3037 0.971087 8
v 17.2524 1.08471 8
v 17.1956 1.19563 8
v 17.1332 1.30359 8
v 17.0656 1.4083 8
v 16.9928 1.50951 8
v 16.9151 1.60697 8
v 16.8326 1.70043 8
v 16.7456 1.78967 8
v 16.6542 1.87445 8
v 16.5587 1.95458 8
v 16.4594 2.02985 8
v 16.3564 2.10006 8
v 16.25 2.16506 8
v 16.1405 2.22468 8
v 16.0282 2.27876 8
v 15.9134 2.32718 8
v 15.7962 2.36982 8
v 15.6771 2.40656 8
v 15.5563 2.43732 8
v 15.4341 2.46202 8
v 15.3109 2.4806 8
v 15.1868 2.49301 8
v 15.0623 2.49922 8
v 14.9377 2.49922 8
v 14.8132 2.49301 8
v 14.6891 2.4806 8
v 14.5659 2.46202 8
v 14.4437 2.43732 8
v 14.3229 2.40656 8
v 14.2038 2.36982 8
v 14.0866 2.32718 8
v 13.9718 2.27876 8
v 13.8595 2.22468 8
v 13.75 2.16506 8
v 13.6436 2.10006 8
v 13.5406 2.02985 8
v 13.4413 1.95458 8
v 13.3458 1.87445 8
v 13.2544 1.78967 8
v 13.1674 1.70043 8
v 13.0849 1.60697 8
v 13.0072 1.50951 8
v 12.9344 1.4083 8
v 12.8668 1.30359 8
v 12.8044 1.19563 8
v 12.7476 1.08471 8
v 12.6963 0.971087 8
v 12.6508 0.85505 8
v 12.6111 0.736888 8
v 12.5773 0.616893 8
v 12.5496 0.495365 8
v 12.5279 0.372606 8
v 12.5124 0.24892 8
v 12.5031 0.124615 8
v 12.5 -8.57562e-15 8
v 12.5031 -0.124615 8
v 12.5124 -0.24892 8
v 12.5279 -0.372606 8
v 12.5496 -0.495365 8
v 12.5773 -0.616893 8
v 12.6111 -0.736888 8
v 12.6508 -0.85505 8
v 12.6963 -0.971087 8
v 12.7476 -1.08471 8
v 12.8044 -1.19563 8
v 12.8668 -1.30359 8
v 12.9344 -1.4083 8
v 13.0072 -1.50951 8
v 13.0849 -1.60697 8
v 13.1674 -1.70043 8
v 13.2544 -1.78967 8
v 13.3458 -1.87445 8
v 13.4413 -1.95458 8
v 13.5406 -2.02985 8
v 13.6436 -2.10006 8
v 13.75 -2.16506 8
v 13.8595 -2.22468 8
v 13.9718 -2.27876 8
v 14.0866 -2.32718 8
v 14.2038 -2.36982 8
v 14.3229 -2.40656 8
v 14.4437 -2.43732 8
v 14.5659 -2.46202 8
v 14.6891 -2.4806 8
v 14.8132 -2.49301 8
v 14.9377 -2.49922 8
v 15.0623 -2.49922 8
v 15.1868 -2.49301 8
v 15.3109 -2.4806 8
v 15.4341 -2.46202 8
v 15.5563 -2.43732 8
v 15.6771 -2.40656 8
v 15.7962 -2.36982 8
v 15.9134 -2.32718 8
v 16.0282 -2.27876 8
v 16.1405 -2.22468 8
v 16.25 -2.16506 8
v 16.3564 -2.10006 8
v 16.4594 -2.02985 8
v 16.5587 -1.95458 8
v 16.6542 -1.87445 8
v 16.7456 -1.78967 8
v 16.8326 -1.70043 8
v 16.9151 -1.60697 8
v 16.9928 -1.50951 8
v 17.0656 -1.4083 8
v 17.1332 -1.30359 8
v 17.1956 -1.19563 8
v 17.2524 -1.08471 8
v 17.3037 -0.971087 8
v 17.3492 -0.85505 8
v 17.3889 -0.736888 8
v 17.4227 -0.616893 8
v 17.4504 -0.495365 8
v 17.4721 -0.372606 8
v 17.4876 -0.24892 8
v 17.4969 -0.124615 8
v 17.5 -6.12323e-16 8
v 17.5 -6.12323e-16 0
v 17.4969 0.124615 0
v 17.4876 0.24892 0
v 17.4721 0.372606 0
v 17.4504 0.495365 0
v 17.4227 0.616893 0
v 17.3889 0.736888 0
v 17.3492 0.85505 0
v 17.3037 0.971087 0
v 17.2524 1.08471 0
v 17.1956 1.19563 0
v 17.1332 1.30359 0
v 17.0656 1.4083 0
v 16.9928 1.50951 0
v 16.9151 1.60697 0
v 16.8326 1.70043 0
v 16.7456 1.78967 0
v 16.6542 1.87445 0
v 16.5587 1.95458 0
v 16.4594 2.02985 0
v 16.3564 2.10006 0
v 16.25 2.16506 0
v 16.1405 2.22468 0
v 16.0282 2.27876 0
v 15.9134 2.32718 0
v 15.7962 2.36982 0
v 15.6771 2.40656 0
v 15.5563 2.43732 0
v 15.4341 2.46202 0
v 15.3109 2.4806 0
v 15.1868 2.49301 0
v 15.0623 2.49922 0
v 14.9377 2.49922 0
v 14.8132 2.49301 0
v 14.6891 2.4806 0
v 14.5659 2.46202 0
v 14.4437 2.43732 0
v 14.3229 2.40656 0
v 14.2038 2.36982 0
v 14.0866 2.32718 0
v 13.9718 2.27876 0
v 13.8595 2.22468 0
v 13.75 2.16506 0
v 13.6436 2.10006 0
v 13.5406 2.02985 0
v 13.4413 1.95458 0
v 13.3458 1.87445 0
v 13.2544 1.78967 0
v 13.1674 1.70043 0
v 13.0849 1.60697 0
v 13.0072 1.50951 0
v 12.9344 1.4083 0
v 12.8668 1.30359 0
v 12.8044 1.19563 0
v 12.7476 1.08471 0
v 12.6963 0.971087 0
v 12.6508 0.85505 0
v 12.6111 0.736888 0
v 12.5773 0.616893 0
v 12.5496 0.495365 0
v 12.5279 0.372606 0
v 12.5124 0.24892 0
v 12.5031 0.124615 0
v 12.5 -8.57562e-15 0
v 12.5031 -0.124615 0
v 12.5124 -0.24892 0
v 12.5279 -0.372606 0
v 12.5496 -0.495365 0
v 12.5773 -0.616893 0
v 12.6111 -0.736888 0
v 12.6508 -0.85505 0
v 12.6963 -0.971087 0
v 12.7476 -1.08471 0
v 12.8044 -1.19563 0
v 12.8668 -1.30359 0
v 12.9344 -1.4083 0
v 13.0072 -1.50951 0
v 13.0849 -1.60697 0
v 13.1674 -1.70043 0
v 13.2544 -1.78967 0
v 13.3458 -1.87445 0
v 13.4413 -1.95458 0
v 13.5406 -2.02985 0
v 13.6436 -2.10006 0
v 13.75 -2.16506 0
v 13.8595 -2.22468 0
v 13.9718 -2.27876 0
v 14.0866 -2.32718 0
v 14.2038 -2.36982 0
v 14.3229 -2.40656 0
v 14.4437 -2.43732 0
v 14.5659 -2.46202 0
v 14.6891 -2.4806 0
v 14.8132 -2.49301 0
v 14.9377 -2.49922 0
v 15.0623 -2.49922 0
v 15.1868 -2.49301 0
v 15.3109 -2.4806 0
v 15.4341 -2.46202 0
v 15.5563 -2.43732 0
v 15.6771 -2.40656 0
v 15.7962 -2.36982 0
v 15.9134 -2.32718 0
v 16.0282 -2.27876 0
v 16.1405 -2.22468 0
v 16.25 -2.16506 0
v 16.3564 -2.10006 0
v 16.4594 -2.02985 0
v 16.5587 -1.95458 0
v 16.6542 -1.87445 0
v 16.7456 -1.78967 0
v 16.8326 -1.70043 0
v 16.9151 -1.60697 0
v 16.9928 -1.50951 0
v 17.0656 -1.4083 0
v 17.1332 -1.30359 0
v 17.1956 -1.19563 0
v 17.2524 -1.08471 0
v 17.3037 -0.971087 0
v 17.3492 -0.85505 0
v 17.3889 -0.736888 0
v 17.4227 -0.616893 0
v 17.4504 -0.495365 0
v 17.4721 -0.372606 0
v 17.4876 -0.24892 0
v 17.4969 -0.124615 0
v 17.5 -6.12323e-16 0
v 2.55521e-15 17.5 8
v -0.124615 17.4969 8
v -0.24892 17.4876 8
v -0.372606 17.4721 8
v -0.495365 17.4504 8
v -0.616893 17.4227 8
v -0.736888 17.3889 8
v -0.85505 17.3492 8
v -0.971087 17.3037 8
v -1.08471 17.2524 8
v -1.19563 17.1956 8
v -1.30359 17.1332 8
v -1.4083 17.0656 8
v -1.50951 16.9928 8
v -1.60697 16.9151 8
v -1.70043 16.8326 8
v -1.78967 16.7456 8
v -1.87445 16.6542 8
v -1.95458 16.5587 8
v -2.02985 16.4594 8
v -2.10006 16.3564 8
v -2.16506 16.25 8
v -2.22468 16.1405 8
v -2.27876 16.0282 8
v -2.32718 15.9134 8
v -2.36982 15.7962 8
v -2.40656 15.6771 8
v -2.43732 15.5563 8
v -2.46202 15.4341 8
v -2.4806 15.3109 8
v -2.49301 15.1868 8
v -2.49922 15.0623 8
v -2.49922 14.9377 8
v -2.49301 14.8132 8
v -2.4806 14.6891 8
v -2.46202 14.5659 8
v -2.43732 14.4437 8
v -2.40656 14.3229 8
v -2.36982 14.2038 8
v -2.32718 14.0866 8
v -2.27876 13.9718 8
v -2.22468 13.8595 8
v -2.16506 13.75 8
v -2.10006 13.6436 8
v -2.02985 13.5406 8
v -1.95458 13.4413 8
v -1.87445 13.3458 8
v -1.78967 13.2544 8
v -1.70043 13.1674 8
v -1.60697 13.0849 8
v -1.50951 13.0072 8
v -1.4083 12.9344 8
v -1.30359 12.8668 8
v -1.19563 12.8044 8
v -1.08471 12.7476 8
v -0.971087 12.6963 8
v -0.85505 12.6508 8
v -0.736888 12.6111 8
v -0.616893 12.5773 8
v -0.495365 12.5496 8
v -0.372606 12.5279 8
v -0.24892 12.5124 8
v -0.124615 12.5031 8
v 9.9634e-15 12.5 8
v 0.124615 12.5031 8
v 0.24892 12.5124 8
v 0.372606 12.5279 8
v 0.495365 12.5496 8
v 0.616893 12.5773 8
v 0.736888 12.6111 8
v 0.85505 12.6508 8
v 0.971087 12.6963 8
v 1.08471 12.7476 8
v 1.19563 12.8044 8
v 1.30359 12.8668 8
v 1.4083 12.9344 8
v 1.50951 13.0072 8
v 1.60697 13.0849 8
v 1.70043 13.1674 8
v 1.78967 13.2544 8
v 1.87445 13.3458 8
v 1.95458 13.4413 8
v 2.02985 13.5406 8
v 2.10006 13.6436 8
v 2.16506 13.75 8
v 2.22468 13.8595 8
v 2.27876 13.9718 8
v 2.32718 14.0866 8
v 2.36982 14.2038 8
v 2.40656 14.3229 8
v 2.43732 14.4437 8
v 2.46202 14.5659 8
v 2.4806 14.6891 8
v 2.49301 14.8132 8
v 2.49922 14.9377 8
v 2.49922 15.0623 8
v 2.49301 15.1868 8
v 2.4806 15.3109 8
v 2.46202 15.4341 8
v 2.43732 15.5563 8
v 2.40656 15.6771 8
v 2.36982 15.7962 8
v 2.32718 15.9134 8
v 2.27876 16.0282 8
v 2.22468 16.1405 8
v 2.16506 16.25 8
v 2.10006 16.3564 8
v 2.02985 16.4594 8
v 1.95458 16.5587 8
v 1.87445 16.6542 8
v 1.78967 16.7456 8
v 1.70043 16.8326 8
v 1.60697 16.9151 8
v 1.50951 16.9928 8
v 1.4083 17.0656 8
v 1.30359 17.1332 8
v 1.19563 17.1956 8
v 1.08471 17.2524 8
v 0.971087 17.3037 8
v 0.85505 17.3492 8
v 0.736888 17.3889 8
v 0.616893 17.4227 8
v 0.495365 17.4504 8
v 0.372606 17.4721 8
v 0.24892 17.4876 8
v 0.124615 17.4969 8
v 2.55521e-15 17.5 8
v 2.55521e-15 17.5 0
v -0.124615 17.4969 0
v -0.24892 17.4876 0
v -0.372606 17.4721 0
v -0.495365 17.4504 0
v -0.616893 17.4227 0
v -0.736888 17.3889 0
v -0.85505 17.3492 0
v -0.971087 17.3037 0
v -1.08471 17.2524 0
v -1.19563 17.1956 0
v -1.30359 17.1332 0
v -1.4083 17.0656 0
v -1.50951 16.9928 0
v -1.60697 16.9151 0
v -1.70043 16.8326 0
v -1.78967 16.7456 0
v -1.87445 16.6542 0
v -1.95458 16.5587 0
v -2.02985 16.4594 0
v -2.10006 16.3564 0
v -2.16506 16.25 0
v -2.22468 16.1405 0
v -2.27876 16.0282 0
v -2.32718 15.9134 0
v -2.36982 15.7962 0
v -2.40656 15.6771 0
v -2.43732 15.5563 0
v -2.46202 15.4341 0
v -2.4806 15.3109 0
v -2.49301 15.1868 0
v -2.49922 15.0623 0
v -2.49922 14.9377 0
v -2.49301 14.8132 0
v -2.4806 14.6891 0
v -2.46202 14.5659 0
v -2.43732 14.4437 0
v -2.40656 14.3229 0
v -2.36982 14.2038 0
v -2.32718 14.0866 0
v -2.27876 13.9718 0
v -2.22468 13.8595 0
v -2.16506 13.75 0
v -2.10006 13.6436 0
v -2.02985 13.5406 0
v -1.95458 13.4413 0
v -1.87445 13.3458 0
v -1.78967 13.2544 0
v -1.70043 13.1674 0
v -1.60697 13.0849 0
v -1.50951 13.0072 0
v -1.4083 12.9344 0
v -1.30359 12.8668 0
v -1.19563 12.8044 0
v -1.08471 12.7476 0
v -0.971087 12.6963 0
v -0.85505 12.6508 0
v -0.736888 12.6111 0
v -0.616893 12.5773 0
v -0.495365 12.5496 0
v -0.372606 12.5279 0
v -0.24892 12.5124 0
v -0.124615 12.5031 0
v 9.9634e-15 12.5 0
v 0.124615 12.5031 0
v 0.24892 12.5124 0
v 0.372606 12.5279 0
v 0.495365 12.5496 0
v 0.616893 12.5773 0
v 0.736888 12.6111 0
v 0.85505 12.6508 0
v 0.971087 12.6963 0
v 1.08471 12.7476 0
v 1.19563 12.8044 0
v 1.30359 12.8668 0
v 1.4083 12.9344 0
v 1.50951 13.0072 0
v 1.60697 13.0849 0
v 1.70043 13.1674 0
v 1.78967 13.2544 0
v 1.87445 13.3458 0
v 1.95458 13.4413 0
v 2.02985 13.5406 0
v 2.10006 13.6436 0
v 2.16506 13.75 0
v 2.22468 13.8595 0
v 2.27876 13.9718 0
v 2.32718 14.0866 0
v 2.36982 14.2038 0
v 2.40656 14.3229 0
v 2.43732 14.4437 0
v 2.46202 14.5659 0
v 2.4806 14.6891 0
v 2.49301 14.8132 0
v 2.49922 14.9377 0
v 2.49922 15.0623 0
v 2.49301 15.1868 0
v 2.4806 15.3109 0
v 2.46202 15.4341 0
v 2.43732 15.5563 0
v 2.40656 15.6771 0
v 2.36982 15.7962 0
v 2.32718 15.9134 0
v 2.27876 16.0282 0
v 2.22468 16.1405 0
v 2.16506 16.25 0
v 2.10006 16.3564 0
v 2.02985 16.4594 0
v 1.95458 16.5587 0
v 1.87445 16.6542 0
v 1.78967 16.7456 0
v 1.70043 16.8326 0
v 1.60697 16.9151 0
v 1.50951 16.9928 0
v 1.4083 17.0656 0
v 1.30359 17.1332 0
v 1.19563 17.1956 0
v 1.08471 17.2524 0
v 0.971087 17.3037 0
v 0.85505 17.3492 0
v 0.736888 17.3889 0
v 0.616893 17.4227 0
v 0.495365 17.4504 0
v 0.372606 17.4721 0
v 0.24892 17.4876 0
v 0.124615 17.4969 0
v 2.55521e-15 17.5 0
v 20 -4.89859e-15 0
v 19.9751 0.996918 0
v 19.9006 1.99136 0
v 19.7766 2.98085 0
v 19.6034 3.96292 0
v 19.3815 4.93515 0
v 19.1115 5.8951 0
v 18.7939 6.8404 0
v 18.4295 7.7687 0
v 18.0194 8.67767 0
v 17.5644 9.56508 0
v 17.0658 10.4287 0
v 16.5248 11.2664 0
v 15.9427 12.0761 0
v 15.3209 12.8558 0
v 14.661 13.6035 0
v 13.9647 14.3173 0
v 13.2337 14.9956 0
v 12.4698 15.6366 0
v 11.6749 16.2388 0
v 10.8509 16.8005 0
v 10 17.3205 0
v 9.12421 17.7974 0
v 8.22574 18.2301 0
v 7.30682 18.6175 0
v 6.36973 18.9585 0
v 5.41681 19.2525 0
v 4.45042 19.4986 0
v 3.47296 19.6962 0
v 2.48687 19.8448 0
v 1.4946 19.9441 0
v 0.498614 19.9938 0
v -0.498614 19.9938 0
v -1.4946 19.9441 0
v -2.48687 19.8448 0
v -3.47296 19.6962 0
v -4.45042 19.4986 0
v -5.41681 19.2525 0
v -6.36973 18.9585 0
v -7.30682 18.6175 0
v -8.22574 18.2301 0
v -9.12421 17.7974 0
v -10 17.3205 0
v -10.8509 16.8005 0
v -11.6749 16.2388 0
v -12.4698 15.6366 0
v -13.2337 14.9956 0
v -13.9647 14.3173 0
v -14.661 13.6035 0
v -15.3209 12.8558 0
v -15.9427 12.0761 0
v -16.5248 11.2664 0
v -17.0658 10.4287 0
v -17.5644 9.56508 0
v -18.0194 8.67767 0
v -18.4295 7.7687 0
v -18.7939 6.8404 0
v -19.1115 5.8951 0
v -19.3815 4.93515 0
v -19.6034 3.96292 0
v -19.7766 2.98085 0
v -19.9006 1.99136 0
v -19.9751 0.996918 0
v -20 -6.8605e-14 0
v -19.9751 -0.996918 0
v -19.9006 -1.99136 0
v -19.7766 -2.98085 0
v -19.6034 -3.96292 0
v -19.3815 -4.93515 0
v -19.1115 -5.8951 0
v -18.7939 -6.8404 0
v -18.4295 -7.7687 0
v -18.0194 -8.67767 0
v -17.5644 -9.56508 0
v -17.0658 -10.4287 0
v -16.5248 -11.2664 0
v -15.9427 -12.0761 0
v -15.3209 -12.8558 0
v -14.661 -13.6035 0
v -13.9647 -14.3173 0
v -13.2337 -14.9956 0
v -12.4698 -15.6366 0
v -11.6749 -16.2388 0
v -10.8509 -16.8005 0
v -10 -17.3205 0
v -9.12421 -17.7974 0
v -8.22574 -18.2301 0
v -7.30682 -18.6175 0
v -6.36973 -18.9585 0
v -5.41681 -19.2525 0
v -4.45042 -19.4986 0
v -3.47296 -19.6962 0
v -2.48687 -19.8448 0
v -1.4946 -19.9441 0
v -0.498614 -19.9938 0
v 0.498614 -19.9938 0
v 1.4946 -19.9441 0
v 2.48687 -19.8448 0
v 3.47296 -19.6962 0
v 4.45042 -19.4986 0
v 5.41681 -19.2525 0
v 6.36973 -18.9585 0
v 7.30682 -18.6175 0
v 8.22574 -18.2301 0
v 9.12421 -17.7974 0
v 10 -17.3205 0
v 10.8509 -16.8005 0
v 11.6749 -16.2388 0
v 12.4698 -15.6366 0
v 13.2337 -14.9956 0
v 13.9647 -14.3173 0
v 14.661 -13.6035 0
v 15.3209 -12.8558 0
v 15.9427 -12.0761 0
v 16.5248 -11.2664 0
v 17.0658 -10.4287 0
v 17.5644 -9.56508 0
v 18.0194 -8.67767 0
v 18.4295 -7.7687 0
v 18.7939 -6.8404 0
v 19.1115 -5.8951 0
v 19.3815 -4.93515 0
v 19.6034 -3.96292 0
v 19.7766 -2.98085 0
v 19.9006 -1.99136 0
v 19.9751 -0.996918 0
v -4.4981e-15 -17.5 0
v 0.124615 -17.4969 0
v 0.24892 -17.4876 0
v 0.372606 -17.4721 0
v 0.495365 -17.4504 0
v 0.616893 -17.4227 0
v 0.736888 -17.3889 0
v 0.85505 -17.3492 0
v 0.971087 -17.3037 0
v 1.08471 -17.2524 0
v 1.19563 -17.1956 0
v 1.30359 -17.1332 0
v 1.4083 -17.0656 0
v 1.50951 -16.9928 0
v 1.60697 -16.9151 0
v 1.70043 -16.8326 0
v 1.78967 -16.7456 0
v 1.87445 -16.6542 0
v 1.95458 -16.5587 0
v 2.02985 -16.4594 0
v 2.10006 -16.3564 0
v 2.16506 -16.25 0
v 2.22468 -16.1405 0
v 2.27876 -16.0282 0
v 2.32718 -15.9134 0
v 2.36982 -15.7962 0
v 2.40656 -15.6771 0
v 2.43732 -15.5563 0
v 2.46202 -15.4341 0
v 2.4806 -15.3109 0
v 2.49301 -15.1868 0
v 2.49922 -15.0623 0
v 2.49922 -14.9377 0
v 2.49301 -14.8132 0
v 2.4806 -14.6891 0
v 2.46202 -14.5659 0
v 2.43732 -14.4437 0
v 2.40656 -14.3229 0
v 2.36982 -14.2038 0
v 2.32718 -14.0866 0
v 2.27876 -13.9718 0
v 2.22468 -13.8595 0
v 2.16506 -13.75 0
v 2.10006 -13.6436 0
v 2.02985 -13.5406 0
v 1.95458 -13.4413 0
v 1.87445 -13.3458 0
v 1.78967 -13.2544 0
v 1.70043 -13.1674 0
v 1.60697 -13.0849 0
v 1.50951 -13.0072 0
v 1.4083 -12.9344 0
v 1.30359 -12.8668 0
v 1.19563 -12.8044 0
v 1.08471 -12.7476 0
v 0.971087 -12.6963 0
v 0.85505 -12.6508 0
v 0.736888 -12.6111 0
v 0.616893 -12.5773 0
v 0.495365 -12.5496 0
v 0.372606 -12.5279 0
v 0.24892 -12.5124 0
v 0.124615 -12.5031 0
v -1.13512e-14 -12.5 0
v -0.124615 -12.5031 0
v -0.24892 -12.5124 0
v -0.372606 -12.5279 0
v -0.495365 -12.5496 0
v -0.616893 -12.5773 0
v -0.736888 -12.6111 0
v -0.85505 -12.6508 0
v -0.971087 -12.6963 0
v -1.08471 -12.7476 0
v -1.19563 -12.8044 0
v -1.30359 -12.8668 0
v -1.4083 -12.9344 0
v -1.50951 -13.0072 0
v -1.60697 -13.0849 0
v -1.70043 -13.1674 0
v -1.78967 -13.2544 0
v -1.87445 -13.3458 0
v -1.95458 -13.4413 0
v -2.02985 -13.5406 0
v -2.10006 -13.6436 0
v -2.16506 -13.75 0
v -2.22468 -13.8595 0
v -2.27876 -13.9718 0
v -2.32718 -14.0866 0
v -2.36982 -14.2038 0
v -2.40656 -14.3229 0
v -2.43732 -14.4437 0
v -2.46202 -14.5659 0
v -2.4806 -14.6891 0
v -2.49301 -14.8132 0
v -2.49922 -14.9377 0
v -2.49922 -15.0623 0
v -2.49301 -15.1868 0
v -2.4806 -15.3109 0
v -2.46202 -15.4341 0
v -2.43732 -15.5563 0
v -2.40656 -15.6771 0
v -2.36982 -15.7962 0
v -2.32718 -15.9134 0
v -2.27876 -16.0282 0
v -2.22468 -16.1405 0
v -2.16506 -16.25 0
v -2.10006 -16.3564 0
v -2.02985 -16.4594 0
v -1.95458 -16.5587 0
v -1.87445 -16.6542 0
v -1.78967 -16.7456 0
v -1.70043 -16.8326 0
v -1.60697 -16.9151 0
v -1.50951 -16.9928 0
v -1.4083 -17.0656 0
v -1.30359 -17.1332 0
v -1.19563 -17.1956 0
v -1.08471 -17.2524 0
v -0.971087 -17.3037 0
v -0.85505 -17.3492 0
v -0.736888 -17.3889 0
v -0.616893 -17.4227 0
v -0.495365 -17.4504 0
v -0.372606 -17.4721 0
v -0.24892 -17.4876 0
v -0.124615 -17.4969 0
v -17.5 2.75546e-15 0
v -17.4969 -0.124615 0
v -17.4876 -0.24892 0
v -17.4721 -0.372606 0
v -17.4504 -0.495365 0
v -17.4227 -0.616893 0
v -17.3889 -0.736888 0
v -17.3492 -0.85505 0
v -17.3037 -0.971087 0
v -17.2524 -1.08471 0
v -17.1956 -1.19563 0
v -17.1332 -1.30359 0
v -17.0656 -1.4083 0
v -16.9928 -1.50951 0
v -16.9151 -1.60697 0
v -16.8326 -1.70043 0
v -16.7456 -1.78967 0
v -16.6542 -1.87445 0
v -16.5587 -1.95458 0
v -16.4594 -2.02985 0
v -16.3564 -2.10006 0
v -16.25 -2.16506 0
v -16.1405 -2.22468 0
v -16.0282 -2.27876 0
v -15.9134 -2.32718 0
v -15.7962 -2.36982 0
v -15.6771 -2.40656 0
v -15.5563 -2.43732 0
v -15.4341 -2.46202 0
v -15.3109 -2.4806 0
v -15.1868 -2.49301 0
v -15.0623 -2.49922 0
v -14.9377 -2.49922 0
v -14.8132 -2.49301 0
v -14.6891 -2.4806 0
v -14.5659 -2.46202 0
v -14.4437 -2.43732 0
v -14.3229 -2.40656 0
v -14.2038 -2.36982 0
v -14.0866 -2.32718 0
v -13.9718 -2.27876 0
v -13.8595 -2.22468 0
v -13.75 -2.16506 0
v -13.6436 -2.10006 0
v -13.5406 -2.02985 0
v -13.4413 -1.95458 0
v -13.3458 -1.87445 0
v -13.2544 -1.78967 0
v -13.1674 -1.70043 0
v -13.0849 -1.60697 0
v -13.0072 -1.50951 0
v -12.9344 -1.4083 0
v -12.8668 -1.30359 0
v -12.8044 -1.19563 0
v -12.7476 -1.08471 0
v -12.6963 -0.971087 0
v -12.6508 -0.85505 0
v -12.6111 -0.736888 0
v -12.5773 -0.616893 0
v -12.5496 -0.495365 0
v -12.5279 -0.372606 0
v -12.5124 -0.24892 0
v -12.5031 -0.124615 0
v -12.5 1.01064e-14 0
v -12.5031 0.124615 0
v -12.5124 0.24892 0
v -12.5279 0.372606 0
v -12.5496 0.495365 0
v -12.5773 0.616893 0
v -12.6111 0.736888 0
v -12.6508 0.85505 0
v -12.6963 0.971087 0
v -12.7476 1.08471 0
v -12.8044 1.19563 0
v -12.8668 1.30359 0
v -12.9344 1.4083 0
v -13.0072 1.50951 0
v -13.0849 1.60697 0
v -13.1674 1.70043 0
v -13.2544 1.78967 0
v -13.3458 1.87445 0
v -13.4413 1.95458 0
v -13.5406 2.02985 0
v -13.6436 2.10006 0
v -13.75 2.16506 0
v -13.8595 2.22468 0
v -13.9718 2.27876 0
v -14.0866 2.32718 0
v -14.2038 2.36982 0
v -14.3229 2.40656 0
v -14.4437 2.43732 0
v -14.5659 2.46202 0
v -14.6891 2.4806 0
v -14.8132 2.49301 0
v -14.9377 2.49922 0
v -15.0623 2.49922 0
v -15.1868 2.49301 0
v -15.3109 2.4806 0
v -15.4341 2.46202 0
v -15.5563 2.43732 0
v -15.6771 2.40656 0
v -15.7962 2.36982 0
v -15.9134 2.32718 0
v -16.0282 2.27876 0
v -16.1405 2.22468 0
v -16.25 2.16506 0
v -16.3564 2.10006 0
v -16.4594 2.02985 0
v -16.5587 1.95458 0
v -16.6542 1.87445 0
v -16.7456 1.78967 0
v -16.8326 1.70043 0
v -16.9151 1.60697 0
v -16.9928 1.50951 0
v -17.0656 1.4083 0
v -17.1332 1.30359 0
v -17.1956 1.19563 0
v -17.2524 1.08471 0
v -17.3037 0.971087 0
v -17.3492 0.85505 0
v -17.3889 0.736888 0
v -17.4227 0.616893 0
v -17.4504 0.495365 0
v -17.4721 0.372606 0
v -17.4876 0.24892 0
v -17.4969 0.124615 0
v 17.5 -6.12323e-16 0
v 17.4969 0.124615 0
v 17.4876 0.24892 0
v 17.4721 0.372606 0
v 17.4504 0.495365 0
v 17.4227 0.616893 0
v 17.3889 0.736888 0
v 17.3492 0.85505 0
v 17.3037 0.971087 0
v 17.2524 1.08471 0
v 17.1956 1.19563 0
v 17.1332 1.30359 0
v 17.0656 1.4083 0
v 16.9928 1.50951 0
v 16.9151 1.60697 0
v 16.8326 1.70043 0
v 16.7456 1.78967 0
v 16.6542 1.87445 0
v 16.5587 1.95458 0
v 16.4594 2.02985 0
v 16.3564 2.10006 0
v 16.25 2.16506 0
v 16.1405 2.22468 0
v 16.0282 2.27876 0
v 15.9134 2.32718 0
v 15.7962 2.36982 0
v 15.6771 2.40656 0
v 15.5563 2.43732 0
v 15.4341 2.46202 0
v 15.3109 2.4806 0
v 15.1868 2.49301 0
v 15.0623 2.49922 0
v 14.9377 2.49922 0
v 14.8132 2.49301 0
v 14.6891 2.4806 0
v 14.5659 2.46202 0
v 14.4437 2.43732 0
v 14.3229 2.40656 0
v 14.2038 2.36982 0
v 14.0866 2.32718 0
v 13.9718 2.27876 0
v 13.8595 2.22468 0
v 13.75 2.16506 0
v 13.6436 2.10006 0
v 13.5406 2.02985 0
v 13.4413 1.95458 0
v 13.3458 1.87445 0
v 13.2544 1.78967 0
v 13.1674 1.70043 0
v 13.0849 1.60697 0
v 13.0072 1.50951 0
v 12.9344 1.4083 0
v 12.8668 1.30359 0
v 12.8044 1.19563 0
v 12.7476 1.08471 0
v 12.6963 0.971087 0
v 12.6508 0.85505 0
v 12.6111 0.736888 0
v 12.5773 0.616893 0
v 12.5496 0.495365 0
v 12.5279 0.372606 0
v 12.5124 0.24892 0
v 12.5031 0.124615 0
v 12.5 -8.57562e-15 0
v 12.5031 -0.124615 0
v 12.5124 -0.24892 0
v 12.5279 -0.372606 0
v 12.5496 -0.495365 0
v 12.5773 -0.616893 0
v 12.6111 -0.736888 0
v 12.6508 -0.85505 0
v 12.6963 -0.971087 0
v 12.7476 -1.08471 0
v 12.8044 -1.19563 0
v 12.8668 -1.30359 0
v 12.9344 -1.4083 0
v 13.0072 -1.50951 0
v 13.0849 -1.60697 0
v 13.1674 -1.70043 0
v 13.2544 -1.78967 0
v 13.3458 -1.87445 0
v 13.4413 -1.95458 0
v 13.5406 -2.02985 0
v 13.6436 -2.10006 0
v 13.75 -2.16506 0
v 13.8595 -2.22468 0
v 13.9718 -2.27876 0
v 14.0866 -2.32718 0
v 14.2038 -2.36982 0
v 14.3229 -2.40656 0
v 14.4437 -2.43732 0
v 14.5659 -2.46202 0
v 14.6891 -2.4806 0
v 14.8132 -2.49301 0
v 14.9377 -2.49922 0
v 15.0623 -2.49922 0
v 15.1868 -2.49301 0
v 15.3109 -2.4806 0
v 15.4341 -2.46202 0
v 15.5563 -2.43732 0
v 15.6771 -2.40656 0
v 15.7962 -2.36982 0
v 15.9134 -2.32718 0
v 16.0282 -2.27876 0
v 16.1405 -2.22468 0
v 16.25 -2.16506 0
v 16.3564 -2.10006 0
v 16.4594 -2.02985 0
v 16.5587 -1.95458 0
v 16.6542 -1.87445 0
v 16.7456 -1.78967 0
v 16.8326 -1.70043 0
v 16.9151 -1.60697 0
v 16.9928 -1.50951 0
v 17.0656 -1.4083 0
v 17.1332 -1.30359 0
v 17.1956 -1.19563 0
v 17.2524 -1.08471 0
v 17.3037 -0.971087 0
v 17.3492 -0.85505 0
v 17.3889 -0.736888 0
v 17.4227 -0.616893 0
v 17.4504 -0.495365 0
v 17.4721 -0.372606 0
v 17.4876 -0.24892 0
v 17.4969 -0.124615 0
v 2.55521e-15 17.5 0
v -0.124615 17.4969 0
v -0.24892 17.4876 0
v -0.372606 17.4721 0
v -0.495365 17.4504 0
v -0.616893 17.4227 0
v -0.736888 17.3889 0
v -0.85505 17.3492 0
v -0.971087 17.3037 0
v -1.08471 17.2524 0
v -1.19563 17.1956 0
v -1.30359 17.1332 0
v -1.4083 17.0656 0
v -1.50951 16.9928 0
v -1.60697 16.9151 0
v -1.70043 16.8326 0
v -1.78967 16.7456 0
v -1.87445 16.6542 0
v -1.95458 16.5587 0
v -2.02985 16.4594 0
v -2.10006 16.3564 0
v -2.16506 16.25 0
v -2.22468 16.1405 0
v -2.27876 16.0282 0
v -2.32718 15.9134 0
v -2.36982 15.7962 0
v -2.40656 15.6771 0
v -2.43732 15.5563 0
v -2.46202 15.4341 0
v -2.4806 15.3109 0
v -2.49301 15.1868 0
v -2.49922 15.0623 0
v -2.49922 14.9377 0
v -2.49301 14.8132 0
v -2.4806 14.6891 0
v -2.46202 14.5659 0
v -2.43732 14.4437 0
v -2.40656 14.3229 0
v -2.36982 14.2038 0
v -2.32718 14.0866 0
v -2.27876 13.9718 0
v -2.22468 13.8595 0
v -2.16506 13.75 0
v -2.10006 13.6436 0
v -2.02985 13.5406 0
v -1.95458 13.4413 0
v -1.87445 13.3458 0
v -1.78967 13.2544 0
v -1.70043 13.1674 0
v -1.60697 13.0849 0
v -1.50951 13.0072 0
v -1.4083 12.9344 0
v -1.30359 12.8668 0
v -1.19563 12.8044 0
v -1.08471 12.7476 0
v -0.971087 12.6963 0
v -0.85505 12.6508 0
v -0.736888 12.6111 0
v -0.616893 12.5773 0
v -0.495365 12.5496 0
v -0.372606 12.5279 0
v -0.24892 12.5124 0
v -0.124615 12.5031 0
v 9.9634e-15 12.5 0
v 0.124615 12.5031 0
v 0.24892 12.5124 0
v 0.372606 12.5279 0
v 0.495365 12.5496 0
v 0.616893 12.5773 0
v 0.736888 12.6111 0
v 0.85505 12.6508 0
v 0.971087 12.6963 0
v 1.08471 12.7476 0
v 1.19563 12.8044 0
v 1.30359 12.8668 0
v 1.4083 12.9344 0
v 1.50951 13.0072 0
v 1.60697 13.0849 0
v 1.70043 13.1674 0
v 1.78967 13.2544 0
v 1.87445 13.3458 0
v 1.95458 13.4413 0
v 2.02985 13.5406 0
v 2.10006 13.6436 0
v 2.16506 13.75 0
v 2.22468 13.8595 0
v 2.27876 13.9718 0
v 2.32718 14.0866 0
v 2.36982 14.2038 0
v 2.40656 14.3229 0
v 2.43732 14.4437 0
v 2.46202 14.5659 0
v 2.4806 14.6891 0
v 2.49301 14.8132 0
v 2.49922 14.9377 0
v 2.49922 15.0623 0
v 2.49301 15.1868 0
v 2.4806 15.3109 0
v 2.46202 15.4341 0
v 2.43732 15.5563 0
v 2.40656 15.6771 0
v 2.36982 15.7962 0
v 2.32718 15.9134 0
v 2.27876 16.0282 0
v 2.22468 16.1405 0
v 2.16506 16.25 0
v 2.10006 16.3564 0
v 2.02985 16.4594 0
v 1.95458 16.5587 0
v 1.87445 16.6542 0
v 1.78967 16.7456 0
v 1.70043 16.8326 0
v 1.60697 16.9151 0
v 1.50951 16.9928 0
v 1.4083 17.0656 0
v 1.30359 17.1332 0
v 1.19563 17.1956 0
v 1.08471 17.2524 0
v 0.971087 17.3037 0
v 0.85505 17.3492 0
v 0.736888 17.3889 0
v 0.616893 17.4227 0
v 0.495365 17.4504 0
v 0.372606 17.4721 0
v 0.24892 17.4876 0
v 0.124615 17.4969 0
f 3 129 130
f 4 3 130
f 5 130 131
f 5 4 130
f 6 131 132
f 6 5 131
f 7 132 133
f 7 6 132
f 8 133 134
f 8 134 135
f 8 7 133
f 9 8 135
f 10 135 136
f 10 136 137
f 10 9 135
f 11 137 138
f 11 10 137
f 12 11 138
f 13 138 139
f 13 12 138
f 14 13 139
f 14 139 140
f 14 140 141
f 15 14 141
f 15 141 142
f 16 15 142
f 17 16 142
f 17 142 143
f 18 17 143
f 18 143 144
f 19 18 144
f 19 144 145
f 20 19 145
f 20 145 146
f 21 20 146
f 21 146 147
f 22 21 147
f 22 147 148
f 23 22 148
f 23 148 149
f 23 149 150
f 24 23 150
f 25 24 150
f 25 150 151
f 26 151 152
f 26 25 151
f 27 152 153
f 27 26 152
f 28 153 154
f 28 27 153
f 29 154 155
f 29 28 154
f 30 155 156
f 30 29 155
f 31 156 157
f 31 30 156
f 32 157 158
f 32 158 159
f 32 31 157
f 33 32 159
f 34 159 160
f 34 160 161
f 34 33 159
f 35 34 161
f 36 161 162
f 36 35 161
f 37 162 163
f 37 163 164
f 37 36 162
f 38 164 165
f 38 37 164
f 39 38 165
f 40 39 165
f 40 165 166
f 41 40 166
f 41 166 167
f 42 41 167
f 42 167 168
f 43 42 168
f 43 168 169
f 44 43 169
f 44 169 170
f 45 44 170
f 45 170 171
f 45 171 172
f 46 45 172
f 47 46 172
f 47 172 173
f 48 47 173
f 48 173 174
f 48 174 175
f 49 48 175
f 50 49 175
f 50 175 176
f 51 50 176
f 51 176 177
f 52 51 177
f 52 177 178
f 53 52 178
f 53 178 179
f 53 179 180
f 54 53 180
f 55 54 180
f 55 180 181
f 56 55 181
f 56 181 182
f 57 56 182
f 57 182 183
f 58 57 183
f 58 183 184
f 58 184 185
f 59 58 185
f 60 59 185
f 60 185 186
f 60 186 187
f 61 60 187
f 62 187 188
f 62 61 187
f 63 188 189
f 63 62 188
f 64 189 190
f 64 63 189
f 65 64 190
f 65 190 191
f 66 65 191
f 66 191 192
f 67 66 192
f 67 192 193
f 68 67 193
f 68 193 194
f 69 68 194
f 69 194 195
f 70 69 195
f 70 195 196
f 71 70 196
f 71 196 197
f 72 71 197
f 72 197 198
f 73 72 198
f 73 198 199
f 74 73 199
f 74 199 200
f 75 74 200
f 75 200 201
f 76 75 201
f 76 201 202
f 77 202 203
f 77 76 202
f 78 203 204
f 78 77 203
f 79 204 205
f 79 78 204
f 80 205 206
f 80 79 205
f 81 206 207
f 81 80 206
f 82 207 208
f 82 81 207
f 83 208 209
f 83 82 208
f 84 209 210
f 84 83 209
f 85 210 211
f 85 84 210
f 86 211 212
f 86 85 211
f 87 212 213
f 87 86 212
f 88 213 214
f 88 87 213
f 89 214 215
f 89 215 216
f 89 88 214
f 90 89 216
f 91 90 216
f 91 216 217
f 92 91 217
f 92 217 218
f 92 218 219
f 93 92 219
f 94 93 219
f 94 219 220
f 95 220 221
f 95 94 220
f 96 221 222
f 96 95 221
f 97 222 223
f 97 96 222
f 98 223 224
f 98 97 223
f 99 224 225
f 99 98 224
f 100 225 226
f 100 99 225
f 101 226 227
f 101 227 228
f 101 100 226
f 102 228 229
f 102 101 228
f 103 102 229
f 104 229 230
f 104 103 229
f 105 230 231
f 105 104 230
f 106 231 232
f 106 105 231
f 107 232 233
f 107 106 232
f 108 233 234
f 108 234 235
f 108 107 233
f 109 108 235
f 110 235 236
f 110 109 235
f 111 236 237
f 111 110 236
f 112 237 238
f 112 111 237
f 113 238 239
f 113 112 238
f 114 239 240
f 114 113 239
f 115 114 240
f 115 240 241
f 116 115 241
f 116 241 242
f 116 242 243
f 117 116 243
f 118 117 243
f 118 243 244
f 119 118 244
f 119 244 245
f 119 245 246
f 120 119 246
f 120 246 247
f 121 120 247
f 121 247 248
f 122 121 248
f 123 122 248
f 123 248 249
f 123 249 250
f 124 123 250
f 124 250 251
f 125 124 251
f 126 125 251
f 126 251 252
f 126 252 253
f 127 126 253
f 128 253 254
f 128 127 253
f 2 254 1
f 2 128 254
f 523 321 322
f 492 491 346
f 522 321 523
f 490 346 491
f 524 523 322
f 493 492 346
f 493 346 347
f 521 321 522
f 489 346 490
f 525 524 322
f 494 493 347
f 520 321 521
f 488 346 489
f 488 345 346
f 526 525 322
f 495 494 347
f 519 321 520
f 519 320 321
f 487 345 488
f 527 526 322
f 527 322 323
f 496 495 347
f 518 320 519
f 486 345 487
f 528 527 323
f 517 320 518
f 497 496 347
f 497 347 348
f 485 345 486
f 485 344 345
f 529 528 323
f 516 320 517
f 498 497 348
f 484 344 485
f 530 529 323
f 515 320 516
f 499 498 348
f 483 344 484
f 531 530 323
f 531 323 324
f 514 319 320
f 514 320 515
f 500 499 348
f 482 344 483
f 532 531 324
f 513 319 514
f 501 500 348
f 481 344 482
f 481 343 344
f 533 532 324
f 512 319 513
f 502 501 348
f 502 348 349
f 480 343 481
f 534 324 325
f 534 533 324
f 511 319 512
f 503 502 349
f 479 343 480
f 535 534 325
f 510 319 511
f 504 503 349
f 478 343 479
f 478 342 343
f 536 535 325
f 509 319 510
f 509 318 319
f 505 504 349
f 477 342 478
f 537 325 326
f 537 536 325
f 508 318 509
f 506 505 349
f 476 342 477
f 538 537 326
f 381 506 349
f 381 349 350
f 507 318 508
f 475 342 476
f 475 341 342
f 539 538 326
f 632 318 507
f 382 381 350
f 474 341 475
f 540 539 326
f 540 326 327
f 631 318 632
f 631 317 318
f 383 382 350
f 473 341 474
f 473 340 341
f 541 540 327
f 630 317 631
f 384 383 350
f 472 340 473
f 542 327 328
f 542 541 327
f 629 317 630
f 385 384 350
f 471 340 472
f 471 339 340
f 543 542 328
f 628 317 629
f 386 385 350
f 386 350 351
f 470 339 471
f 544 328 329
f 544 543 328
f 627 317 628
f 387 386 351
f 469 339 470
f 469 338 339
f 545 544 329
f 626 316 317
f 626 317 627
f 388 387 351
f 468 338 469
f 546 329 330
f 546 545 329
f 625 316 626
f 389 388 351
f 467 337 338
f 467 338 468
f 547 546 330
f 624 316 625
f 390 389 351
f 466 337 467
f 466 336 337
f 548 330 331
f 548 547 330
f 623 316 624
f 391 390 351
f 391 351 352
f 465 336 466
f 549 548 331
f 549 331 332
f 622 316 623
f 392 391 352
f 621 316 622
f 621 315 316
f 393 392 352
f 620 315 621
f 394 393 352
f 619 315 620
f 395 394 352
f 395 352 353
f 618 315 619
f 396 395 353
f 617 314 315
f 617 315 618
f 397 396 353
f 616 314 617
f 398 397 353
f 615 314 616
f 399 398 353
f 614 314 615
f 400 399 353
f 400 353 354
f 613 313 314
f 613 314 614
f 401 400 354
f 612 313 613
f 402 401 354
f 611 313 612
f 403 402 354
f 355 403 354
f 610 313 611
f 404 403 355
f 609 313 610
f 405 404 355
f 406 405 355
f 407 406 355
f 312 313 609
f 312 608 607
f 312 609 608
f 606 312 607
f 356 408 407
f 356 409 408
f 356 410 409
f 356 407 355
f 311 604 603
f 311 605 604
f 311 606 605
f 311 312 606
f 357 410 356
f 357 411 410
f 357 412 411
f 357 413 412
f 310 601 600
f 310 602 601
f 310 603 602
f 310 311 603
f 358 414 413
f 358 415 414
f 358 413 357
f 309 310 600
f 309 599 598
f 309 600 599
f 359 415 358
f 359 416 415
f 359 417 416
f 711 334 712
f 711 333 334
f 713 712 334
f 713 334 335
f 710 549 332
f 710 333 711
f 710 332 333
f 714 465 464
f 714 713 335
f 714 336 465
f 714 335 336
f 709 549 710
f 709 550 549
f 709 551 550
f 715 463 462
f 715 464 463
f 715 714 464
f 708 551 709
f 708 552 551
f 716 715 462
f 716 462 461
f 707 552 708
f 707 553 552
f 707 554 553
f 717 461 460
f 717 716 461
f 706 554 707
f 706 555 554
f 718 459 458
f 718 460 459
f 718 717 460
f 705 555 706
f 705 556 555
f 705 557 556
f 308 309 598
f 308 597 596
f 308 598 597
f 719 458 457
f 719 718 458
f 704 558 557
f 704 557 705
f 720 457 456
f 720 719 457
f 720 456 455
f 703 559 558
f 703 560 559
f 703 558 704
f 721 720 455
f 721 455 454
f 702 561 560
f 702 560 703
f 722 721 454
f 722 453 452
f 722 454 453
f 360 417 359
f 360 418 417
f 360 419 418
f 701 562 561
f 701 563 562
f 701 561 702
f 723 451 450
f 723 452 451
f 723 722 452
f 700 564 563
f 700 563 701
f 724 723 450
f 724 450 449
f 699 565 564
f 699 566 565
f 699 564 700
f 725 724 449
f 725 448 447
f 725 449 448
f 307 308 596
f 307 595 594
f 307 596 595
f 698 567 566
f 698 568 567
f 698 566 699
f 726 725 447
f 726 447 446
f 697 568 698
f 697 569 568
f 727 726 446
f 727 445 444
f 727 446 445
f 696 570 569
f 696 571 570
f 696 569 697
f 361 419 360
f 361 420 419
f 361 421 420
f 728 727 444
f 728 443 442
f 728 444 443
f 695 572 571
f 695 571 696
f 729 728 442
f 729 442 441
f 694 573 572
f 694 574 573
f 694 572 695
f 306 307 594
f 306 593 592
f 306 594 593
f 730 729 441
f 730 440 439
f 730 441 440
f 693 575 574
f 693 576 575
f 693 574 694
f 731 730 439
f 731 439 438
f 692 576 693
f 692 577 576
f 362 421 361
f 362 422 421
f 732 731 438
f 732 437 436
f 732 438 437
f 691 578 577
f 691 579 578
f 691 577 692
f 733 732 436
f 733 435 434
f 733 436 435
f 690 580 579
f 690 579 691
f 305 592 591
f 305 306 592
f 734 733 434
f 734 434 433
f 689 581 580
f 689 582 581
f 689 580 690
f 735 734 433
f 735 432 431
f 735 433 432
f 688 583 582
f 688 582 689
f 363 422 362
f 363 423 422
f 736 431 430
f 736 735 431
f 687 584 583
f 687 585 584
f 687 583 688
f 737 736 430
f 737 429 428
f 737 430 429
f 304 305 591
f 686 586 585
f 686 585 687
f 738 737 428
f 738 428 427
f 685 587 586
f 685 588 587
f 685 586 686
f 739 427 426
f 739 738 427
f 684 589 588
f 684 588 685
f 740 425 424
f 740 426 425
f 740 739 426
f 683 590 589
f 683 591 590
f 683 589 684
f 741 740 424
f 741 423 363
f 741 424 423
f 682 304 591
f 682 303 304
f 682 591 683
f 742 363 364
f 742 741 363
f 681 303 682
f 743 364 365
f 743 742 364
f 680 303 681
f 302 303 680
f 679 302 680
f 366 743 365
f 366 744 743
f 366 745 744
f 301 302 679
f 367 745 366
f 300 301 679
f 300 679 678
f 838 749 748
f 932 675 674
f 837 749 838
f 837 750 749
f 933 932 674
f 839 838 748
f 931 675 932
f 931 676 675
f 836 750 837
f 934 674 673
f 934 933 674
f 840 839 748
f 840 748 747
f 930 677 676
f 930 676 931
f 835 750 836
f 835 751 750
f 935 673 672
f 935 934 673
f 929 677 930
f 841 840 747
f 841 747 746
f 834 751 835
f 834 752 751
f 936 935 672
f 928 678 677
f 928 677 929
f 842 841 746
f 833 752 834
f 937 672 671
f 937 936 672
f 843 367 368
f 843 746 745
f 843 842 746
f 843 745 367
f 927 300 678
f 927 678 928
f 832 752 833
f 832 753 752
f 938 671 670
f 938 937 671
f 926 300 927
f 926 299 300
f 844 368 369
f 844 843 368
f 831 753 832
f 831 754 753
f 939 938 670
f 925 298 299
f 925 299 926
f 845 844 369
f 830 754 831
f 940 670 669
f 940 939 670
f 924 298 925
f 846 369 370
f 846 845 369
f 829 754 830
f 829 755 754
f 941 940 669
f 923 297 298
f 923 298 924
f 847 846 370
f 828 755 829
f 828 756 755
f 942 669 668
f 942 941 669
f 922 297 923
f 848 370 371
f 848 847 370
f 827 756 828
f 943 668 667
f 943 942 668
f 921 297 922
f 921 296 297
f 849 848 371
f 826 756 827
f 826 757 756
f 944 943 667
f 920 296 921
f 850 371 372
f 850 849 371
f 825 757 826
f 945 667 666
f 945 944 667
f 919 295 296
f 919 296 920
f 851 850 372
f 824 757 825
f 824 758 757
f 946 666 665
f 946 945 666
f 918 295 919
f 852 372 373
f 852 851 372
f 823 758 824
f 823 633 758
f 947 946 665
f 917 294 295
f 917 295 918
f 853 852 373
f 822 633 823
f 948 665 664
f 948 947 665
f 916 294 917
f 854 853 373
f 821 634 633
f 821 633 822
f 949 948 664
f 915 294 916
f 855 373 374
f 855 854 373
f 820 634 821
f 820 635 634
f 950 664 663
f 950 949 664
f 914 293 294
f 914 294 915
f 856 855 374
f 819 635 820
f 951 663 662
f 951 950 663
f 913 293 914
f 857 856 374
f 818 636 635
f 818 635 819
f 952 951 662
f 912 293 913
f 858 857 374
f 817 636 818
f 953 662 661
f 953 952 662
f 375 858 374
f 911 293 912
f 859 858 375
f 816 636 817
f 816 637 636
f 954 661 660
f 954 953 661
f 860 859 375
f 815 637 816
f 815 638 637
f 955 954 660
f 861 860 375
f 814 638 815
f 956 660 659
f 956 955 660
f 813 638 814
f 813 639 638
f 957 956 659
f 292 293 911
f 292 909 908
f 292 910 909
f 292 911 910
f 907 292 908
f 812 639 813
f 812 640 639
f 958 659 658
f 958 957 659
f 811 640 812
f 959 958 658
f 959 658 657
f 810 640 811
f 810 641 640
f 960 959 657
f 376 862 861
f 376 863 862
f 376 864 863
f 376 865 864
f 376 861 375
f 809 642 641
f 809 641 810
f 961 960 657
f 961 657 656
f 808 642 809
f 962 961 656
f 962 656 655
f 807 643 642
f 807 642 808
f 963 962 655
f 806 643 807
f 806 644 643
f 964 963 655
f 964 655 654
f 291 292 907
f 291 905 904
f 291 906 905
f 291 907 906
f 805 644 806
f 965 964 654
f 965 654 653
f 804 644 805
f 804 645 644
f 966 965 653
f 966 653 652
f 803 645 804
f 803 646 645
f 967 966 652
f 377 866 865
f 377 867 866
f 377 868 867
f 377 869 868
f 377 865 376
f 802 646 803
f 968 967 652
f 968 652 651
f 801 646 802
f 801 647 646
f 969 968 651
f 290 900 899
f 290 901 900
f 290 902 901
f 290 903 902
f 290 904 903
f 290 291 904
f 378 870 869
f 378 871 870
f 378 872 871
f 378 873 872
f 378 869 377
f 289 290 899
f 289 896 895
f 289 897 896
f 289 898 897
f 289 899 898
f 379 874 873
f 379 875 874
f 379 876 875
f 379 877 876
f 379 878 877
f 379 873 378
f 288 891 890
f 288 892 891
f 288 893 892
f 288 894 893
f 288 895 894
f 288 289 895
f 380 878 379
f 380 879 878
f 380 880 879
f 380 881 880
f 380 882 881
f 380 883 882
f 287 886 885
f 287 887 886
f 287 888 887
f 287 889 888
f 287 890 889
f 287 288 890
f 255 760 759
f 255 761 760
f 255 884 883
f 255 759 884
f 255 883 380
f 286 1007 1006
f 286 1008 1007
f 286 1009 1008
f 286 1010 1009
f 286 885 1010
f 286 287 885
f 256 762 761
f 256 763 762
f 256 764 763
f 256 765 764
f 256 766 765
f 256 761 255
f 285 1002 1001
f 285 1003 1002
f 285 1004 1003
f 285 1005 1004
f 285 1006 1005
f 285 286 1006
f 257 767 766
f 257 768 767
f 257 769 768
f 257 770 769
f 257 771 770
f 257 766 256
f 284 998 997
f 284 999 998
f 284 1000 999
f 284 1001 1000
f 284 285 1001
f 258 772 771
f 258 773 772
f 258 774 773
f 258 775 774
f 258 771 257
f 283 993 992
f 283 994 993
f 283 995 994
f 283 996 995
f 283 997 996
f 283 284 997
f 259 776 775
f 259 777 776
f 259 778 777
f 259 779 778
f 259 775 258
f 282 283 992
f 282 990 989
f 282 991 990
f 282 992 991
f 260 780 779
f 260 781 780
f 260 782 781
f 260 783 782
f 260 779 259
f 281 986 985
f 281 987 986
f 281 988 987
f 281 989 988
f 281 282 989
f 261 784 783
f 261 785 784
f 261 786 785
f 261 783 260
f 280 983 982
f 280 984 983
f 280 985 984
f 280 281 985
f 262 787 786
f 262 788 787
f 262 789 788
f 262 786 261
f 279 980 979
f 279 981 980
f 279 982 981
f 279 280 982
f 263 790 789
f 263 791 790
f 263 792 791
f 263 789 262
f 278 978 977
f 278 979 978
f 278 279 979
f 264 793 792
f 264 794 793
f 264 792 263
f 277 976 975
f 277 977 976
f 277 278 977
f 265 795 794
f 265 796 795
f 265 794 264
f 276 277 975
f 276 974 973
f 276 975 974
f 266 797 796
f 266 798 797
f 266 796 265
f 275 972 971
f 275 973 972
f 275 276 973
f 267 799 798
f 267 800 799
f 267 798 266
f 274 971 970
f 274 275 971
f 268 801 800
f 268 800 267
f 273 970 969
f 273 274 970
f 273 969 651
f 269 801 268
f 269 647 801
f 272 273 651
f 272 651 650
f 270 647 269
f 270 648 647
f 271 272 650
f 271 648 270
f 271 649 648
f 271 650 649
f 1093 1090 1091
f 1093 1091 1092
f 1085 1086 1087
f 1096 1090 1093
f 1096 1089 1090
f 1096 1093 1094
f 1096 1094 1095
f 1083 1085 1087
f 1083 1084 1085
f 1098 1096 1097
f 1099 1096 1098
f 1080 1081 1082
f 1079 1083 1087
f 1079 1080 1082
f 1079 1082 1083
f 1079 1087 1088
f 1101 1099 1100
f 1102 1099 1101
f 1104 1099 1102
f 1104 1102 1103
f 1106 1096 1099
f 1106 1099 1104
f 1106 1104 1105
f 1072 1073 1074
f 1072 1074 1075
f 1072 1075 1076
f 1072 1076 1077
f 1109 1106 1107
f 1109 1107 1108
f 1069 1070 1071
f 1069 1071 1072
f 1111 1106 1109
f 1111 1109 1110
f 1068 1077 1078
f 1068 1078 1079
f 1068 1069 1072
f 1068 1072 1077
f 1114 1111 1112
f 1114 1112 1113
f 1115 1111 1114
f 1064 1068 1079
f 1064 1089 1096
f 1064 1065 1066
f 1064 1066 1067
f 1064 1067 1068
f 1064 1079 1088
f 1064 1088 1089
f 1118 1115 1116
f 1118 1116 1117
f 1061 1062 1063
f 1061 1063 1064
f 1119 1106 1111
f 1119 1111 1115
f 1119 1115 1118
f 1059 1060 1061
f 1058 1059 1061
f 1122 1120 1121
f 1057 1061 1064
f 1057 1058 1061
f 1123 1119 1120
f 1123 1120 1122
f 1054 1055 1056
f 1126 1123 1124
f 1126 1124 1125
f 1126 1119 1123
f 1053 1056 1057
f 1053 1054 1056
f 1128 1126 1127
f 1051 1052 1053
f 1051 1053 1057
f 1130 1128 1129
f 1049 1050 1051
f 1131 1106 1119
f 1131 1119 1126
f 1131 1126 1128
f 1131 1128 1130
f 1046 1047 1048
f 1134 1132 1133
f 1044 1045 1046
f 1136 1134 1135
f 1043 1044 1046
f 1011 1134 1136
f 1011 1131 1132
f 1011 1132 1134
f 1039 1040 1041
f 1039 1041 1042
f 1039 1042 1043
f 1016 1011 1012
f 1016 1012 1013
f 1016 1013 1014
f 1016 1014 1015
f 1016 1131 1011
f 1037 1038 1039
f 1018 1016 1017
f 1035 1036 1037
f 1034 1035 1037
f 1034 1037 1039
f 1020 1018 1019
f 1021 1018 1020
f 1032 1033 1034
f 1030 1039 1043
f 1030 1031 1032
f 1030 1032 1034
f 1030 1034 1039
f 1024 1021 1022
f 1024 1022 1023
f 1024 1018 1021
f 1029 1046 1048
f 1029 1043 1046
f 1029 1048 1049
f 1029 1030 1043
f 1026 1064 1096
f 1026 1024 1025
f 1026 1131 1016
f 1026 1016 1018
f 1026 1057 1064
f 1026 1018 1024
f 1026 1051 1057
f 1026 1096 1106
f 1026 1049 1051
f 1026 1106 1131
f 1027 1028 1029
f 1027 1049 1026
f 1027 1029 1049
f 1138 1137 1264
f 1138 1264 1265
f 1139 1265 1266
f 1139 1138 1265
f 1140 1266 1267
f 1140 1139 1266
f 1141 1267 1268
f 1141 1140 1267
f 1142 1268 1269
f 1142 1141 1268
f 1143 1269 1270
f 1143 1142 1269
f 1144 1270 1271
f 1144 1143 1270
f 1145 1271 1272
f 1145 1144 1271
f 1146 1272 1273
f 1146 1273 1274
f 1146 1145 1272
f 1147 1146 1274
f 1148 1147 1274
f 1148 1274 1275
f 1149 1148 1275
f 1149 1275 1276
f 1150 1149 1276
f 1150 1276 1277
f 1150 1277 1278
f 1151 1150 1278
f 1152 1151 1278
f 1152 1278 1279
f 1153 1152 1279
f 1153 1279 1280
f 1154 1153 1280
f 1154 1280 1281
f 1154 1281 1282
f 1155 1154 1282
f 1156 1155 1282
f 1156 1282 1283
f 1156 1283 1284
f 1157 1156 1284
f 1158 1157 1284
f 1158 1284 1285
f 1158 1285 1286
f 1159 1158 1286
f 1160 1286 1287
f 1160 1159 1286
f 1161 1287 1288
f 1161 1160 1287
f 1162 1288 1289
f 1162 1161 1288
f 1163 1289 1290
f 1163 1162 1289
f 1164 1290 1291
f 1164 1163 1290
f 1165 1291 1292
f 1165 1164 1291
f 1166 1292 1293
f 1166 1165 1292
f 1167 1293 1294
f 1167 1166 1293
f 1168 1294 1295
f 1168 1167 1294
f 1169 1295 1296
f 1169 1296 1297
f 1169 1168 1295
f 1170 1169 1297
f 1171 1297 1298
f 1171 1170 1297
f 1172 1298 1299
f 1172 1299 1300
f 1172 1171 1298
f 1173 1172 1300
f 1174 1173 1300
f 1174 1300 1301
f 1175 1174 1301
f 1175 1301 1302
f 1175 1302 1303
f 1176 1175 1303
f 1177 1176 1303
f 1177 1303 1304
f 1178 1177 1304
f 1178 1304 1305
f 1179 1178 1305
f 1179 1305 1306
f 1179 1306 1307
f 1180 1179 1307
f 1181 1180 1307
f 1181 1307 1308
f 1181 1308 1309
f 1182 1181 1309
f 1182 1309 1310
f 1183 1182 1310
f 1184 1183 1310
f 1184 1310 1311
f 1185 1184 1311
f 1185 1311 1312
f 1185 1312 1313
f 1186 1185 1313
f 1187 1186 1313
f 1187 1313 1314
f 1188 1187 1314
f 1188 1314 1315
f 1188 1315 1316
f 1189 1188 1316
f 1189 1316 1317
f 1190 1189 1317
f 1191 1190 1317
f 1191 1317 1318
f 1192 1191 1318
f 1192 1318 1319
f 1193 1192 1319
f 1193 1319 1320
f 1194 1193 1320
f 1194 1320 1321
f 1195 1321 1322
f 1195 1322 1323
f 1195 1194 1321
f 1196 1195 1323
f 1197 1323 1324
f 1197 1324 1325
f 1197 1196 1323
f 1198 1325 1326
f 1198 1197 1325
f 1199 1198 1326
f 1200 1199 1326
f 1200 1326 1327
f 1201 1200 1327
f 1201 1327 1328
f 1202 1201 1328
f 1202 1328 1329
f 1202 1329 1330
f 1203 1202 1330
f 1203 1330 1331
f 1204 1203 1331
f 1205 1204 1331
f 1205 1331 1332
f 1206 1205 1332
f 1206 1332 1333
f 1207 1206 1333
f 1207 1333 1334
f 1208 1207 1334
f 1208 1334 1335
f 1208 1335 1336
f 1209 1208 1336
f 1210 1209 1336
f 1210 1336 1337
f 1210 1337 1338
f 1211 1338 1339
f 1211 1210 1338
f 1212 1211 1339
f 1213 1339 1340
f 1213 1340 1341
f 1213 1212 1339
f 1214 1213 1341
f 1215 1341 1342
f 1215 1214 1341
f 1216 1342 1343
f 1216 1215 1342
f 1217 1343 1344
f 1217 1216 1343
f 1218 1344 1345
f 1218 1217 1344
f 1219 1345 1346
f 1219 1346 1347
f 1219 1218 1345
f 1220 1219 1347
f 1221 1347 1348
f 1221 1348 1349
f 1221 1220 1347
f 1222 1221 1349
f 1223 1349 1350
f 1223 1350 1351
f 1223 1222 1349
f 1224 1223 1351
f 1225 1224 1351
f 1225 1351 1352
f 1226 1225 1352
f 1226 1352 1353
f 1227 1226 1353
f 1227 1353 1354
f 1227 1354 1355
f 1228 1227 1355
f 1229 1355 1356
f 1229 1228 1355
f 1230 1356 1357
f 1230 1229 1356
f 1231 1357 1358
f 1231 1358 1359
f 1231 1230 1357
f 1232 1231 1359
f 1233 1359 1360
f 1233 1360 1361
f 1233 1232 1359
f 1234 1233 1361
f 1235 1361 1362
f 1235 1234 1361
f 1236 1362 1363
f 1236 1235 1362
f 1237 1363 1364
f 1237 1236 1363
f 1238 1364 1365
f 1238 1365 1366
f 1238 1237 1364
f 1239 1238 1366
f 1240 1366 1367
f 1240 1367 1368
f 1240 1239 1366
f 1241 1240 1368
f 1242 1368 1369
f 1242 1369 1370
f 1242 1241 1368
f 1243 1242 1370
f 1244 1370 1371
f 1244 1243 1370
f 1245 1371 1372
f 1245 1372 1373
f 1245 1244 1371
f 1246 1245 1373
f 1247 1373 1374
f 1247 1246 1373
f 1248 1374 1375
f 1248 1375 1376
f 1248 1247 1374
f 1249 1248 1376
f 1250 1249 1376
f 1250 1376 1377
f 1251 1250 1377
f 1251 1377 1378
f 1252 1251 1378
f 1252 1378 1379
f 1253 1252 1379
f 1253 1379 1380
f 1254 1253 1380
f 1254 1380 1381
f 1254 1381 1382
f 1255 1254 1382
f 1256 1255 1382
f 1256 1382 1383
f 1257 1256 1383
f 1257 1383 1384
f 1258 1257 1384
f 1258 1384 1385
f 1258 1385 1386
f 1259 1258 1386
f 1260 1259 1386
f 1260 1386 1387
f 1261 1260 1387
f 1261 1387 1388
f 1262 1388 1389
f 1262 1261 1388
f 1263 1389 1390
f 1263 1262 1389
f 1392 1518 1391
f 1392 1519 1518
f 1393 1520 1519
f 1393 1519 1392
f 1394 1521 1520
f 1394 1520 1393
f 1395 1522 1521
f 1395 1521 1394
f 1396 1523 1522
f 1396 1522 1395
f 1397 1524 1523
f 1397 1523 1396
f 1398 1525 1524
f 1398 1524 1397
f 1399 1526 1525
f 1399 1525 1398
f 1400 1527 1526
f 1400 1528 1527
f 1400 1526 1399
f 1401 1528 1400
f 1402 1528 1401
f 1402 1529 1528
f 1403 1529 1402
f 1403 1530 1529
f 1404 1530 1403
f 1404 1531 1530
f 1404 1532 1531
f 1405 1532 1404
f 1406 1532 1405
f 1406 1533 1532
f 1407 1533 1406
f 1407 1534 1533
f 1408 1534 1407
f 1408 1535 1534
f 1408 1536 1535
f 1409 1536 1408
f 1410 1536 1409
f 1410 1537 1536
f 1410 1538 1537
f 1411 1538 1410
f 1412 1538 1411
f 1412 1539 1538
f 1412 1540 1539
f 1413 1540 1412
f 1414 1541 1540
f 1414 1540 1413
f 1415 1542 1541
f 1415 1541 1414
f 1416 1543 1542
f 1416 1542 1415
f 1417 1544 1543
f 1417 1543 1416
f 1418 1545 1544
f 1418 1544 1417
f 1419 1546 1545
f 1419 1545 1418
f 1420 1547 1546
f 1420 1546 1419
f 1421 1548 1547
f 1421 1547 1420
f 1422 1549 1548
f 1422 1548 1421
f 1423 1550 1549
f 1423 1551 1550
f 1423 1549 1422
f 1424 1551 1423
f 1425 1552 1551
f 1425 1551 1424
f 1426 1553 1552
f 1426 1554 1553
f 1426 1552 1425
f 1427 1554 1426
f 1428 1554 1427
f 1428 1555 1554
f 1429 1555 1428
f 1429 1556 1555
f 1429 1557 1556
f 1430 1557 1429
f 1431 1557 1430
f 1431 1558 1557
f 1432 1558 1431
f 1432 1559 1558
f 1433 1559 1432
f 1433 1560 1559
f 1433 1561 1560
f 1434 1561 1433
f 1435 1561 1434
f 1435 1562 1561
f 1435 1563 1562
f 1436 1563 1435
f 1436 1564 1563
f 1437 1564 1436
f 1438 1564 1437
f 1438 1565 1564
f 1439 1565 1438
f 1439 1566 1565
f 1439 1567 1566
f 1440 1567 1439
f 1441 1567 1440
f 1441 1568 1567
f 1442 1568 1441
f 1442 1569 1568
f 1442 1570 1569
f 1443 1570 1442
f 1443 1571 1570
f 1444 1571 1443
f 1445 1571 1444
f 1445 1572 1571
f 1446 1572 1445
f 1446 1573 1572
f 1447 1573 1446
f 1447 1574 1573
f 1448 1574 1447
f 1448 1575 1574
f 1449 1576 1575
f 1449 1577 1576
f 1449 1575 1448
f 1450 1577 1449
f 1451 1578 1577
f 1451 1579 1578
f 1451 1577 1450
f 1452 1580 1579
f 1452 1579 1451
f 1453 1580 1452
f 1454 1580 1453
f 1454 1581 1580
f 1455 1581 1454
f 1455 1582 1581
f 1456 1582 1455
f 1456 1583 1582
f 1456 1584 1583
f 1457 1584 1456
f 1457 1585 1584
f 1458 1585 1457
f 1459 1585 1458
f 1459 1586 1585
f 1460 1586 1459
f 1460 1587 1586
f 1461 1587 1460
f 1461 1588 1587
f 1462 1588 1461
f 1462 1589 1588
f 1462 1590 1589
f 1463 1590 1462
f 1464 1590 1463
f 1464 1591 1590
f 1464 1592 1591
f 1465 1593 1592
f 1465 1592 1464
f 1466 1593 1465
f 1467 1594 1593
f 1467 1595 1594
f 1467 1593 1466
f 1468 1595 1467
f 1469 1596 1595
f 1469 1595 1468
f 1470 1597 1596
f 1470 1596 1469
f 1471 1598 1597
f 1471 1597 1470
f 1472 1599 1598
f 1472 1598 1471
f 1473 1600 1599
f 1473 1601 1600
f 1473 1599 1472
f 1474 1601 1473
f 1475 1602 1601
f 1475 1603 1602
f 1475 1601 1474
f 1476 1603 1475
f 1477 1604 1603
f 1477 1605 1604
f 1477 1603 1476
f 1478 1605 1477
f 1479 1605 1478
f 1479 1606 1605
f 1480 1606 1479
f 1480 1607 1606
f 1481 1607 1480
f 1481 1608 1607
f 1481 1609 1608
f 1482 1609 1481
f 1483 1610 1609
f 1483 1609 1482
f 1484 1611 1610
f 1484 1610 1483
f 1485 1612 1611
f 1485 1613 1612
f 1485 1611 1484
f 1486 1613 1485
f 1487 1614 1613
f 1487 1615 1614
f 1487 1613 1486
f 1488 1615 1487
f 1489 1616 1615
f 1489 1615 1488
f 1490 1617 1616
f 1490 1616 1489
f 1491 1618 1617
f 1491 1617 1490
f 1492 1619 1618
f 1492 1620 1619
f 1492 1618 1491
f 1493 1620 1492
f 1494 1621 1620
f 1494 1622 1621
f 1494 1620 1493
f 1495 1622 1494
f 1496 1623 1622
f 1496 1624 1623
f 1496 1622 1495
f 1497 1624 1496
f 1498 1625 1624
f 1498 1624 1497
f 1499 1626 1625
f 1499 1627 1626
f 1499 1625 1498
f 1500 1627 1499
f 1501 1628 1627
f 1501 1627 1500
f 1502 1629 1628
f 1502 1630 1629
f 1502 1628 1501
f 1503 1630 1502
f 1504 1630 1503
f 1504 1631 1630
f 1505 1631 1504
f 1505 1632 1631
f 1506 1632 1505
f 1506 1633 1632
f 1507 1633 1506
f 1507 1634 1633
f 1508 1634 1507
f 1508 1635 1634
f 1508 1636 1635
f 1509 1636 1508
f 1510 1636 1509
f 1510 1637 1636
f 1511 1637 1510
f 1511 1638 1637
f 1512 1638 1511
f 1512 1639 1638
f 1512 1640 1639
f 1513 1640 1512
f 1514 1640 1513
f 1514 1641 1640
f 1515 1641 1514
f 1515 1642 1641
f 1516 1643 1642
f 1516 1642 1515
f 1517 1644 1643
f 1517 1643 1516
f 1646 1772 1645
f 1646 1773 1772
f 1647 1774 1773
f 1647 1773 1646
f 1648 1775 1774
f 1648 1774 1647
f 1649 1776 1775
f 1649 1775 1648
f 1650 1777 1776
f 1650 1776 1649
f 1651 1778 1777
f 1651 1777 1650
f 1652 1779 1778
f 1652 1778 1651
f 1653 1780 1779
f 1653 1779 1652
f 1654 1781 1780
f 1654 1782 1781
f 1654 1780 1653
f 1655 1782 1654
f 1656 1782 1655
f 1656 1783 1782
f 1657 1783 1656
f 1657 1784 1783
f 1658 1784 1657
f 1658 1785 1784
f 1658 1786 1785
f 1659 1786 1658
f 1660 1786 1659
f 1660 1787 1786
f 1661 1787 1660
f 1661 1788 1787
f 1662 1788 1661
f 1662 1789 1788
f 1662 1790 1789
f 1663 1790 1662
f 1664 1790 1663
f 1664 1791 1790
f 1664 1792 1791
f 1665 1792 1664
f 1666 1792 1665
f 1666 1793 1792
f 1666 1794 1793
f 1667 1794 1666
f 1668 1795 1794
f 1668 1794 1667
f 1669 1796 1795
f 1669 1795 1668
f 1670 1797 1796
f 1670 1796 1669
f 1671 1798 1797
f 1671 1797 1670
f 1672 1799 1798
f 1672 1798 1671
f 1673 1800 1799
f 1673 1799 1672
f 1674 1801 1800
f 1674 1800 1673
f 1675 1802 1801
f 1675 1801 1674
f 1676 1803 1802
f 1676 1802 1675
f 1677 1804 1803
f 1677 1805 1804
f 1677 1803 1676
f 1678 1805 1677
f 1679 1806 1805
f 1679 1805 1678
f 1680 1807 1806
f 1680 1808 1807
f 1680 1806 1679
f 1681 1808 1680
f 1682 1808 1681
f 1682 1809 1808
f 1683 1809 1682
f 1683 1810 1809
f 1683 1811 1810
f 1684 1811 1683
f 1685 1811 1684
f 1685 1812 1811
f 1686 1812 1685
f 1686 1813 1812
f 1687 1813 1686
f 1687 1814 1813
f 1687 1815 1814
f 1688 1815 1687
f 1689 1815 1688
f 1689 1816 1815
f 1689 1817 1816
f 1690 1817 1689
f 1690 1818 1817
f 1691 1818 1690
f 1692 1818 1691
f 1692 1819 1818
f 1693 1819 1692
f 1693 1820 1819
f 1693 1821 1820
f 1694 1821 1693
f 1695 1821 1694
f 1695 1822 1821
f 1696 1822 1695
f 1696 1823 1822
f 1696 1824 1823
f 1697 1824 1696
f 1697 1825 1824
f 1698 1825 1697
f 1699 1825 1698
f 1699 1826 1825
f 1700 1826 1699
f 1700 1827 1826
f 1701 1827 1700
f 1701 1828 1827
f 1702 1828 1701
f 1702 1829 1828
f 1703 1830 1829
f 1703 1831 1830
f 1703 1829 1702
f 1704 1831 1703
f 1705 1832 1831
f 1705 1833 1832
f 1705 1831 1704
f 1706 1834 1833
f 1706 1833 1705
f 1707 1834 1706
f 1708 1834 1707
f 1708 1835 1834
f 1709 1835 1708
f 1709 1836 1835
f 1710 1836 1709
f 1710 1837 1836
f 1710 1838 1837
f 1711 1838 1710
f 1711 1839 1838
f 1712 1839 1711
f 1713 1839 1712
f 1713 1840 1839
f 1714 1840 1713
f 1714 1841 1840
f 1715 1841 1714
f 1715 1842 1841
f 1716 1842 1715
f 1716 1843 1842
f 1716 1844 1843
f 1717 1844 1716
f 1718 1844 1717
f 1718 1845 1844
f 1718 1846 1845
f 1719 1847 1846
f 1719 1846 1718
f 1720 1847 1719
f 1721 1848 1847
f 1721 1849 1848
f 1721 1847 1720
f 1722 1849 1721
f 1723 1850 1849
f 1723 1849 1722
f 1724 1851 1850
f 1724 1850 1723
f 1725 1852 1851
f 1725 1851 1724
f 1726 1853 1852
f 1726 1852 1725
f 1727 1854 1853
f 1727 1855 1854
f 1727 1853 1726
f 1728 1855 1727
f 1729 1856 1855
f 1729 1857 1856
f 1729 1855 1728
f 1730 1857 1729
f 1731 1858 1857
f 1731 1859 1858
f 1731 1857 1730
f 1732 1859 1731
f 1733 1859 1732
f 1733 1860 1859
f 1734 1860 1733
f 1734 1861 1860
f 1735 1861 1734
f 1735 1862 1861
f 1735 1863 1862
f 1736 1863 1735
f 1737 1864 1863
f 1737 1863 1736
f 1738 1865 1864
f 1738 1864 1737
f 1739 1866 1865
f 1739 1867 1866
f 1739 1865 1738
f 1740 1867 1739
f 1741 1868 1867
f 1741 1869 1868
f 1741 1867 1740
f 1742 1869 1741
f 1743 1870 1869
f 1743 1869 1742
f 1744 1871 1870
f 1744 1870 1743
f 1745 1872 1871
f 1745 1871 1744
f 1746 1873 1872
f 1746 1874 1873
f 1746 1872 1745
f 1747 1874 1746
f 1748 1875 1874
f 1748 1876 1875
f 1748 1874 1747
f 1749 1876 1748
f 1750 1877 1876
f 1750 1878 1877
f 1750 1876 1749
f 1751 1878 1750
f 1752 1879 1878
f 1752 1878 1751
f 1753 1880 1879
f 1753 1881 1880
f 1753 1879 1752
f 1754 1881 1753
f 1755 1882 1881
f 1755 1881 1754
f 1756 1883 1882
f 1756 1884 1883
f 1756 1882 1755
f 1757 1884 1756
f 1758 1884 1757
f 1758 1885 1884
f 1759 1885 1758
f 1759 1886 1885
f 1760 1886 1759
f 1760 1887 1886
f 1761 1887 1760
f 1761 1888 1887
f 1762 1888 1761
f 1762 1889 1888
f 1762 1890 1889
f 1763 1890 1762
f 1764 1890 1763
f 1764 1891 1890
f 1765 1891 1764
f 1765 1892 1891
f 1766 1892 1765
f 1766 1893 1892
f 1766 1894 1893
f 1767 1894 1766
f 1768 1894 1767
f 1768 1895 1894
f 1769 1895 1768
f 1769 1896 1895
f 1770 1897 1896
f 1770 1896 1769
f 1771 1898 1897
f 1771 1897 1770
f 1900 2026 1899
f 1900 2027 2026
f 1901 2028 2027
f 1901 2027 1900
f 1902 2029 2028
f 1902 2028 1901
f 1903 2030 2029
f 1903 2029 1902
f 1904 2031 2030
f 1904 2030 1903
f 1905 2032 2031
f 1905 2031 1904
f 1906 2033 2032
f 1906 2032 1905
f 1907 2034 2033
f 1907 2033 1906
f 1908 2035 2034
f 1908 2036 2035
f 1908 2034 1907
f 1909 2036 1908
f 1910 2036 1909
f 1910 2037 2036
f 1911 2037 1910
f 1911 2038 2037
f 1912 2038 1911
f 1912 2039 2038
f 1912 2040 2039
f 1913 2040 1912
f 1914 2040 1913
f 1914 2041 2040
f 1915 2041 1914
f 1915 2042 2041
f 1916 2042 1915
f 1916 2043 2042
f 1916 2044 2043
f 1917 2044 1916
f 1918 2044 1917
f 1918 2045 2044
f 1918 2046 2045
f 1919 2046 1918
f 1920 2046 1919
f 1920 2047 2046
f 1920 2048 2047
f 1921 2048 1920
f 1922 2049 2048
f 1922 2048 1921
f 1923 2050 2049
f 1923 2049 1922
f 1924 2051 2050
f 1924 2050 1923
f 1925 2052 2051
f 1925 2051 1924
f 1926 2053 2052
f 1926 2052 1925
f 1927 2054 2053
f 1927 2053 1926
f 1928 2055 2054
f 1928 2054 1927
f 1929 2056 2055
f 1929 2055 1928
f 1930 2057 2056
f 1930 2056 1929
f 1931 2058 2057
f 1931 2059 2058
f 1931 2057 1930
f 1932 2059 1931
f 1933 2060 2059
f 1933 2059 1932
f 1934 2061 2060
f 1934 2062 2061
f 1934 2060 1933
f 1935 2062 1934
f 1936 2062 1935
f 1936 2063 2062
f 1937 2063 1936
f 1937 2064 2063
f 1937 2065 2064
f 1938 2065 1937
f 1939 2065 1938
f 1939 2066 2065
f 1940 2066 1939
f 1940 2067 2066
f 1941 2067 1940
f 1941 2068 2067
f 1941 2069 2068
f 1942 2069 1941
f 1943 2069 1942
f 1943 2070 2069
f 1943 2071 2070
f 1944 2071 1943
f 1944 2072 2071
f 1945 2072 1944
f 1946 2072 1945
f 1946 2073 2072
f 1947 2073 1946
f 1947 2074 2073
f 1947 2075 2074
f 1948 2075 1947
f 1949 2075 1948
f 1949 2076 2075
f 1950 2076 1949
f 1950 2077 2076
f 1950 2078 2077
f 1951 2078 1950
f 1951 2079 2078
f 1952 2079 1951
f 1953 2079 1952
f 1953 2080 2079
f 1954 2080 1953
f 1954 2081 2080
f 1955 2081 1954
f 1955 2082 2081
f 1956 2082 1955
f 1956 2083 2082
f 1957 2084 2083
f 1957 2085 2084
f 1957 2083 1956
f 1958 2085 1957
f 1959 2086 2085
f 1959 2087 2086
f 1959 2085 1958
f 1960 2088 2087
f 1960 2087 1959
f 1961 2088 1960
f 1962 2088 1961
f 1962 2089 2088
f 1963 2089 1962
f 1963 2090 2089
f 1964 2090 1963
f 1964 2091 2090
f 1964 2092 2091
f 1965 2092 1964
f 1965 2093 2092
f 1966 2093 1965
f 1967 2093 1966
f 1967 2094 2093
f 1968 2094 1967
f 1968 2095 2094
f 1969 2095 1968
f 1969 2096 2095
f 1970 2096 1969
f 1970 2097 2096
f 1970 2098 2097
f 1971 2098 1970
f 1972 2098 1971
f 1972 2099 2098
f 1972 2100 2099
f 1973 2101 2100
f 1973 2100 1972
f 1974 2101 1973
f 1975 2102 2101
f 1975 2103 2102
f 1975 2101 1974
f 1976 2103 1975
f 1977 2104 2103
f 1977 2103 1976
f 1978 2105 2104
f 1978 2104 1977
f 1979 2106 2105
f 1979 2105 1978
f 1980 2107 2106
f 1980 2106 1979
f 1981 2108 2107
f 1981 2109 2108
f 1981 2107 1980
f 1982 2109 1981
f 1983 2110 2109
f 1983 2111 2110
f 1983 2109 1982
f 1984 2111 1983
f 1985 2112 2111
f 1985 2113 2112
f 1985 2111 1984
f 1986 2113 1985
f 1987 2113 1986
f 1987 2114 2113
f 1988 2114 1987
f 1988 2115 2114
f 1989 2115 1988
f 1989 2116 2115
f 1989 2117 2116
f 1990 2117 1989
f 1991 2118 2117
f 1991 2117 1990
f 1992 2119 2118
f 1992 2118 1991
f 1993 2120 2119
f 1993 2121 2120
f 1993 2119 1992
f 1994 2121 1993
f 1995 2122 2121
f 1995 2123 2122
f 1995 2121 1994
f 1996 2123 1995
f 1997 2124 2123
f 1997 2123 1996
f 1998 2125 2124
f 1998 2124 1997
f 1999 2126 2125
f 1999 2125 1998
f 2000 2127 2126
f 2000 2128 2127
f 2000 2126 1999
f 2001 2128 2000
f 2002 2129 2128
f 2002 2130 2129
f 2002 2128 2001
f 2003 2130 2002
f 2004 2131 2130
f 2004 2132 2131
f 2004 2130 2003
f 2005 2132 2004
f 2006 2133 2132
f 2006 2132 2005
f 2007 2134 2133
f 2007 2135 2134
f 2007 2133 2006
f 2008 2135 2007
f 2009 2136 2135
f 2009 2135 2008
f 2010 2137 2136
f 2010 2138 2137
f 2010 2136 2009
f 2011 2138 2010
f 2012 2138 2011
f 2012 2139 2138
f 2013 2139 2012
f 2013 2140 2139
f 2014 2140 2013
f 2014 2141 2140
f 2015 2141 2014
f 2015 2142 2141
f 2016 2142 2015
f 2016 2143 2142
f 2016 2144 2143
f 2017 2144 2016
f 2018 2144 2017
f 2018 2145 2144
f 2019 2145 2018
f 2019 2146 2145
f 2020 2146 2019
f 2020 2147 2146
f 2020 2148 2147
f 2021 2148 2020
f 2022 2148 2021
f 2022 2149 2148
f 2023 2149 2022
f 2023 2150 2149
f 2024 2151 2150
f 2024 2150 2023
f 2025 2152 2151
f 2025 2151 2024
f 2154 2280 2153
f 2154 2281 2280
f 2155 2282 2281
f 2155 2281 2154
f 2156 2283 2282
f 2156 2282 2155
f 2157 2284 2283
f 2157 2283 2156
f 2158 2285 2284
f 2158 2284 2157
f 2159 2286 2285
f 2159 2285 2158
f 2160 2287 2286
f 2160 2286 2159
f 2161 2288 2287
f 2161 2287 2160
f 2162 2289 2288
f 2162 2290 2289
f 2162 2288 2161
f 2163 2290 2162
f 2164 2290 2163
f 2164 2291 2290
f 2165 2291 2164
f 2165 2292 2291
f 2166 2292 2165
f 2166 2293 2292
f 2166 2294 2293
f 2167 2294 2166
f 2168 2294 2167
f 2168 2295 2294
f 2169 2295 2168
f 2169 2296 2295
f 2170 2296 2169
f 2170 2297 2296
f 2170 2298 2297
f 2171 2298 2170
f 2172 2298 2171
f 2172 2299 2298
f 2172 2300 2299
f 2173 2300 2172
f 2174 2300 2173
f 2174 2301 2300
f 2174 2302 2301
f 2175 2302 2174
f 2176 2303 2302
f 2176 2302 2175
f 2177 2304 2303
f 2177 2303 2176
f 2178 2305 2304
f 2178 2304 2177
f 2179 2306 2305
f 2179 2305 2178
f 2180 2307 2306
f 2180 2306 2179
f 2181 2308 2307
f 2181 2307 2180
f 2182 2309 2308
f 2182 2308 2181
f 2183 2310 2309
f 2183 2309 2182
f 2184 2311 2310
f 2184 2310 2183
f 2185 2312 2311
f 2185 2313 2312
f 2185 2311 2184
f 2186 2313 2185
f 2187 2314 2313
f 2187 2313 2186
f 2188 2315 2314
f 2188 2316 2315
f 2188 2314 2187
f 2189 2316 2188
f 2190 2316 2189
f 2190 2317 2316
f 2191 2317 2190
f 2191 2318 2317
f 2191 2319 2318
f 2192 2319 2191
f 2193 2319 2192
f 2193 2320 2319
f 2194 2320 2193
f 2194 2321 2320
f 2195 2321 2194
f 2195 2322 2321
f 2195 2323 2322
f 2196 2323 2195
f 2197 2323 2196
f 2197 2324 2323
f 2197 2325 2324
f 2198 2325 2197
f 2198 2326 2325
f 2199 2326 2198
f 2200 2326 2199
f 2200 2327 2326
f 2201 2327 2200
f 2201 2328 2327
f 2201 2329 2328
f 2202 2329 2201
f 2203 2329 2202
f 2203 2330 2329
f 2204 2330 2203
f 2204 2331 2330
f 2204 2332 2331
f 2205 2332 2204
f 2205 2333 2332
f 2206 2333 2205
f 2207 2333 2206
f 2207 2334 2333
f 2208 2334 2207
f 2208 2335 2334
f 2209 2335 2208
f 2209 2336 2335
f 2210 2336 2209
f 2210 2337 2336
f 2211 2338 2337
f 2211 2339 2338
f 2211 2337 2210
f 2212 2339 2211
f 2213 2340 2339
f 2213 2341 2340
f 2213 2339 2212
f 2214 2342 2341
f 2214 2341 2213
f 2215 2342 2214
f 2216 2342 2215
f 2216 2343 2342
f 2217 2343 2216
f 2217 2344 2343
f 2218 2344 2217
f 2218 2345 2344
f 2218 2346 2345
f 2219 2346 2218
f 2219 2347 2346
f 2220 2347 2219
f 2221 2347 2220
f 2221 2348 2347
f 2222 2348 2221
f 2222 2349 2348
f 2223 2349 2222
f 2223 2350 2349
f 2224 2350 2223
f 2224 2351 2350
f 2224 2352 2351
f 2225 2352 2224
f 2226 2352 2225
f 2226 2353 2352
f 2226 2354 2353
f 2227 2355 2354
f 2227 2354 2226
f 2228 2355 2227
f 2229 2356 2355
f 2229 2357 2356
f 2229 2355 2228
f 2230 2357 2229
f 2231 2358 2357
f 2231 2357 2230
f 2232 2359 2358
f 2232 2358 2231
f 2233 2360 2359
f 2233 2359 2232
f 2234 2361 2360
f 2234 2360 2233
f 2235 2362 2361
f 2235 2363 2362
f 2235 2361 2234
f 2236 2363 2235
f 2237 2364 2363
f 2237 2365 2364
f 2237 2363 2236
f 2238 2365 2237
f 2239 2366 2365
f 2239 2367 2366
f 2239 2365 2238
f 2240 2367 2239
f 2241 2367 2240
f 2241 2368 2367
f 2242 2368 2241
f 2242 2369 2368
f 2243 2369 2242
f 2243 2370 2369
f 2243 2371 2370
f 2244 2371 2243
f 2245 2372 2371
f 2245 2371 2244
f 2246 2373 2372
f 2246 2372 2245
f 2247 2374 2373
f 2247 2375 2374
f 2247 2373 2246
f 2248 2375 2247
f 2249 2376 2375
f 2249 2377 2376
f 2249 2375 2248
f 2250 2377 2249
f 2251 2378 2377
f 2251 2377 2250
f 2252 2379 2378
f 2252 2378 2251
f 2253 2380 2379
f 2253 2379 2252
f 2254 2381 2380
f 2254 2382 2381
f 2254 2380 2253
f 2255 2382 2254
f 2256 2383 2382
f 2256 2384 2383
f 2256 2382 2255
f 2257 2384 2256
f 2258 2385 2384
f 2258 2386 2385
f 2258 2384 2257
f 2259 2386 2258
f 2260 2387 2386
f 2260 2386 2259
f 2261 2388 2387
f 2261 2389 2388
f 2261 2387 2260
f 2262 2389 2261
f 2263 2390 2389
f 2263 2389 2262
f 2264 2391 2390
f 2264 2392 2391
f 2264 2390 2263
f 2265 2392 2264
f 2266 2392 2265
f 2266 2393 2392
f 2267 2393 2266
f 2267 2394 2393
f 2268 2394 2267
f 2268 2395 2394
f 2269 2395 2268
f 2269 2396 2395
f 2270 2396 2269
f 2270 2397 2396
f 2270 2398 2397
f 2271 2398 2270
f 2272 2398 2271
f 2272 2399 2398
f 2273 2399 2272
f 2273 2400 2399
f 2274 2400 2273
f 2274 2401 2400
f 2274 2402 2401
f 2275 2402 2274
f 2276 2402 2275
f 2276 2403 2402
f 2277 2403 2276
f 2277 2404 2403
f 2278 2405 2404
f 2278 2404 2277
f 2279 2406 2405
f 2279 2405 2278
f 2675 2474 2473
f 2644 2498 2643
f 2674 2675 2473
f 2642 2643 2498
f 2676 2474 2675
f 2645 2499 2498
f 2645 2498 2644
f 2673 2674 2473
f 2641 2642 2498
f 2677 2474 2676
f 2646 2499 2645
f 2672 2673 2473
f 2640 2641 2498
f 2640 2498 2497
f 2678 2474 2677
f 2647 2499 2646
f 2671 2672 2473
f 2671 2473 2472
f 2639 2640 2497
f 2679 2475 2474
f 2679 2474 2678
f 2648 2499 2647
f 2670 2671 2472
f 2638 2639 2497
f 2680 2475 2679
f 2669 2670 2472
f 2649 2499 2648
f 2649 2500 2499
f 2637 2638 2497
f 2637 2497 2496
f 2681 2475 2680
f 2668 2669 2472
f 2650 2500 2649
f 2636 2637 2496
f 2682 2475 2681
f 2667 2668 2472
f 2651 2500 2650
f 2635 2636 2496
f 2683 2475 2682
f 2683 2476 2475
f 2666 2667 2472
f 2666 2472 2471
f 2652 2500 2651
f 2634 2635 2496
f 2684 2476 2683
f 2665 2666 2471
f 2653 2500 2652
f 2633 2634 2496
f 2633 2496 2495
f 2685 2476 2684
f 2664 2665 2471
f 2654 2500 2653
f 2654 2501 2500
f 2632 2633 2495
f 2686 2477 2476
f 2686 2476 2685
f 2663 2664 2471
f 2655 2501 2654
f 2631 2632 2495
f 2687 2477 2686
f 2662 2663 2471
f 2656 2501 2655
f 2630 2631 2495
f 2630 2495 2494
f 2688 2477 2687
f 2661 2662 2471
f 2661 2471 2470
f 2657 2501 2656
f 2629 2630 2494
f 2689 2478 2477
f 2689 2477 2688
f 2660 2661 2470
f 2658 2501 2657
f 2628 2629 2494
f 2690 2478 2689
f 2533 2501 2658
f 2533 2502 2501
f 2659 2660 2470
f 2627 2628 2494
f 2627 2494 2493
f 2691 2478 2690
f 2784 2659 2470
f 2534 2502 2533
f 2626 2627 2493
f 2692 2478 2691
f 2692 2479 2478
f 2783 2784 2470
f 2783 2470 2469
f 2535 2502 2534
f 2625 2626 2493
f 2625 2493 2492
f 2693 2479 2692
f 2782 2783 2469
f 2536 2502 2535
f 2624 2625 2492
f 2694 2479 2693
f 2694 2480 2479
f 2781 2782 2469
f 2537 2502 2536
f 2623 2624 2492
f 2623 2492 2491
f 2695 2480 2694
f 2780 2781 2469
f 2538 2502 2537
f 2538 2503 2502
f 2622 2623 2491
f 2696 2480 2695
f 2696 2481 2480
f 2779 2780 2469
f 2539 2503 2538
f 2621 2622 2491
f 2621 2491 2490
f 2697 2481 2696
f 2778 2779 2469
f 2778 2469 2468
f 2540 2503 2539
f 2620 2621 2490
f 2698 2482 2481
f 2698 2481 2697
f 2777 2778 2468
f 2541 2503 2540
f 2619 2490 2489
f 2619 2620 2490
f 2699 2482 2698
f 2776 2777 2468
f 2542 2503 2541
f 2618 2489 2488
f 2618 2619 2489
f 2700 2483 2482
f 2700 2482 2699
f 2775 2776 2468
f 2543 2503 2542
f 2543 2504 2503
f 2617 2618 2488
f 2701 2484 2483
f 2701 2483 2700
f 2774 2775 2468
f 2544 2504 2543
f 2616 2617 2488
f 2616 2488 2487
f 2702 2484 2701
f 2702 2485 2484
f 2773 2774 2468
f 2773 2468 2467
f 2545 2504 2544
f 2615 2616 2487
f 2615 2487 2486
f 2703 2485 2702
f 2772 2773 2467
f 2546 2504 2545
f 2614 2615 2486
f 2704 2614 2486
f 2704 2486 2485
f 2704 2485 2703
f 2771 2772 2467
f 2547 2504 2546
f 2547 2505 2504
f 2705 2613 2614
f 2705 2614 2704
f 2770 2771 2467
f 2548 2505 2547
f 2612 2613 2705
f 2706 2612 2705
f 2769 2770 2467
f 2769 2467 2466
f 2549 2505 2548
f 2611 2612 2706
f 2707 2611 2706
f 2768 2769 2466
f 2550 2505 2549
f 2708 2610 2611
f 2708 2611 2707
f 2767 2768 2466
f 2551 2505 2550
f 2709 2609 2610
f 2709 2610 2708
f 2766 2767 2466
f 2552 2505 2551
f 2552 2506 2505
f 2710 2608 2609
f 2710 2609 2709
f 2765 2466 2465
f 2765 2766 2466
f 2553 2506 2552
f 2711 2608 2710
f 2711 2607 2608
f 2764 2765 2465
f 2554 2506 2553
f 2606 2607 2711
f 2712 2606 2711
f 2763 2764 2465
f 2555 2506 2554
f 2507 2506 2555
f 2713 2606 2712
f 2713 2605 2606
f 2762 2763 2465
f 2556 2507 2555
f 2604 2605 2713
f 2714 2604 2713
f 2761 2762 2465
f 2557 2507 2556
f 2715 2604 2714
f 2715 2603 2604
f 2558 2507 2557
f 2716 2603 2715
f 2716 2602 2603
f 2559 2507 2558
f 2464 2761 2465
f 2464 2759 2760
f 2464 2760 2761
f 2601 2602 2716
f 2717 2601 2716
f 2758 2759 2464
f 2718 2601 2717
f 2718 2600 2601
f 2719 2600 2718
f 2719 2599 2600
f 2720 2599 2719
f 2720 2598 2599
f 2721 2598 2720
f 2721 2597 2598
f 2508 2507 2559
f 2508 2559 2560
f 2508 2560 2561
f 2508 2561 2562
f 2596 2597 2721
f 2722 2596 2721
f 2463 2755 2756
f 2463 2756 2757
f 2463 2757 2758
f 2463 2758 2464
f 2509 2562 2563
f 2509 2563 2564
f 2509 2564 2565
f 2509 2508 2562
f 2462 2752 2753
f 2462 2753 2754
f 2462 2754 2755
f 2462 2755 2463
f 2510 2509 2565
f 2510 2565 2566
f 2510 2566 2567
f 2461 2750 2751
f 2461 2751 2752
f 2461 2752 2462
f 2511 2567 2568
f 2511 2568 2569
f 2511 2510 2567
f 2460 2750 2461
f 2460 2748 2749
f 2460 2749 2750
f 2512 2569 2570
f 2512 2570 2571
f 2512 2511 2569
f 2459 2748 2460
f 2459 2746 2747
f 2459 2747 2748
f 2513 2512 2571
f 2513 2571 2572
f 2513 2572 2573
f 2458 2744 2745
f 2458 2745 2746
f 2458 2746 2459
f 2514 2513 2573
f 2514 2573 2574
f 2457 2743 2744
f 2457 2744 2458
f 2515 2514 2574
f 2515 2574 2575
f 2515 2575 2576
f 2456 2743 2457
f 2456 2742 2743
f 2516 2515 2576
f 2516 2576 2577
f 2455 2740 2741
f 2455 2741 2742
f 2455 2742 2456
f 2517 2577 2578
f 2517 2516 2577
f 2454 2740 2455
f 2864 2580 2581
f 2958 2738 2739
f 2863 2864 2581
f 2959 2737 2738
f 2959 2738 2958
f 2865 2579 2580
f 2865 2580 2864
f 2957 2958 2739
f 2862 2581 2582
f 2862 2863 2581
f 2960 2735 2736
f 2960 2736 2737
f 2960 2737 2959
f 2866 2518 2517
f 2866 2517 2578
f 2866 2579 2865
f 2866 2578 2579
f 2956 2739 2740
f 2956 2957 2739
f 2956 2740 2454
f 2861 2862 2582
f 2861 2582 2583
f 2961 2735 2960
f 2867 2518 2866
f 2955 2454 2453
f 2955 2956 2454
f 2860 2861 2583
f 2860 2583 2584
f 2860 2584 2585
f 2962 2734 2735
f 2962 2735 2961
f 2868 2518 2867
f 2868 2519 2518
f 2954 2453 2452
f 2954 2955 2453
f 2859 2860 2585
f 2963 2732 2733
f 2963 2733 2734
f 2963 2734 2962
f 2869 2520 2519
f 2869 2519 2868
f 2953 2954 2452
f 2858 2859 2585
f 2858 2585 2586
f 2964 2732 2963
f 2870 2521 2520
f 2870 2520 2869
f 2952 2953 2452
f 2952 2452 2451
f 2857 2858 2586
f 2857 2586 2587
f 2965 2731 2732
f 2965 2732 2964
f 2951 2952 2451
f 2951 2451 2450
f 2871 2521 2870
f 2856 2857 2587
f 2856 2587 2588
f 2856 2588 2589
f 2966 2729 2730
f 2966 2730 2731
f 2966 2731 2965
f 2872 2522 2521
f 2872 2521 2871
f 2950 2951 2450
f 2855 2856 2589
f 2967 2729 2966
f 2873 2522 2872
f 2949 2450 2449
f 2949 2950 2450
f 2854 2589 2590
f 2854 2855 2589
f 2968 2728 2729
f 2968 2729 2967
f 2948 2949 2449
f 2874 2523 2522
f 2874 2522 2873
f 2853 2854 2590
f 2853 2590 2591
f 2969 2728 2968
f 2969 2727 2728
f 2947 2449 2448
f 2947 2948 2449
f 2875 2523 2874
f 2852 2591 2592
f 2852 2853 2591
f 2970 2726 2727
f 2970 2727 2969
f 2946 2947 2448
f 2876 2524 2523
f 2876 2523 2875
f 2851 2852 2592
f 2851 2592 2593
f 2971 2726 2970
f 2971 2725 2726
f 2945 2946 2448
f 2945 2448 2447
f 2877 2524 2876
f 2850 2851 2593
f 2850 2593 2594
f 2850 2594 2595
f 2972 2724 2725
f 2972 2725 2971
f 2944 2945 2447
f 2878 2525 2524
f 2878 2524 2877
f 2849 2850 2595
f 2973 2722 2723
f 2973 2723 2724
f 2973 2724 2972
f 2943 2944 2447
f 2943 2447 2446
f 2879 2525 2878
f 2848 2849 2595
f 2848 2595 2596
f 2848 2596 2722
f 2974 2848 2722
f 2974 2722 2973
f 2942 2943 2446
f 2880 2525 2879
f 2975 2848 2974
f 2975 2847 2848
f 2941 2942 2446
f 2881 2525 2880
f 2881 2526 2525
f 2976 2847 2975
f 2976 2846 2847
f 2940 2941 2446
f 2940 2446 2445
f 2882 2526 2881
f 2845 2846 2976
f 2977 2845 2976
f 2939 2940 2445
f 2883 2526 2882
f 2844 2845 2977
f 2978 2844 2977
f 2938 2939 2445
f 2884 2526 2883
f 2843 2844 2978
f 2979 2843 2978
f 2527 2526 2884
f 2937 2938 2445
f 2885 2527 2884
f 2980 2842 2843
f 2980 2843 2979
f 2886 2527 2885
f 2841 2842 2980
f 2981 2841 2980
f 2887 2527 2886
f 2982 2840 2841
f 2982 2841 2981
f 2839 2840 2982
f 2983 2839 2982
f 2444 2934 2935
f 2444 2935 2936
f 2444 2936 2937
f 2444 2937 2445
f 2933 2934 2444
f 2984 2838 2839
f 2984 2839 2983
f 2837 2838 2984
f 2985 2837 2984
f 2986 2837 2985
f 2986 2836 2837
f 2528 2527 2887
f 2528 2887 2888
f 2528 2888 2889
f 2528 2889 2890
f 2528 2890 2891
f 2987 2835 2836
f 2987 2836 2986
f 2834 2835 2987
f 2988 2834 2987
f 2833 2834 2988
f 2989 2833 2988
f 2832 2833 2989
f 2990 2832 2989
f 2443 2930 2931
f 2443 2931 2932
f 2443 2932 2933
f 2443 2933 2444
f 2991 2831 2832
f 2991 2832 2990
f 2830 2831 2991
f 2992 2830 2991
f 2529 2528 2891
f 2529 2891 2892
f 2529 2892 2893
f 2529 2893 2894
f 2529 2894 2895
f 2442 2925 2926
f 2442 2926 2927
f 2442 2927 2928
f 2442 2928 2929
f 2442 2929 2930
f 2442 2930 2443
f 2530 2529 2895
f 2530 2895 2896
f 2530 2896 2897
f 2530 2897 2898
f 2530 2898 2899
f 2441 2921 2922
f 2441 2922 2923
f 2441 2923 2924
f 2441 2924 2925
f 2441 2925 2442
f 2531 2530 2899
f 2531 2899 2900
f 2531 2900 2901
f 2531 2901 2902
f 2531 2902 2903
f 2531 2903 2904
f 2440 2916 2917
f 2440 2917 2918
f 2440 2918 2919
f 2440 2919 2920
f 2440 2920 2921
f 2440 2921 2441
f 2532 2531 2904
f 2532 2904 2905
f 2532 2905 2906
f 2532 2906 2907
f 2532 2907 2908
f 2532 2908 2909
f 2439 2911 2912
f 2439 2912 2913
f 2439 2913 2914
f 2439 2914 2915
f 2439 2915 2916
f 2439 2916 2440
f 2407 2532 2909
f 2407 2785 2786
f 2407 2786 2787
f 2407 2909 2910
f 2407 2910 2785
f 2438 3032 3033
f 2438 3033 3034
f 2438 3034 3035
f 2438 3035 3036
f 2438 3036 2911
f 2438 2911 2439
f 2408 2787 2788
f 2408 2788 2789
f 2408 2789 2790
f 2408 2790 2791
f 2408 2791 2792
f 2408 2407 2787
f 2437 3027 3028
f 2437 3028 3029
f 2437 3029 3030
f 2437 3030 3031
f 2437 3031 3032
f 2437 3032 2438
f 2409 2408 2792
f 2409 2792 2793
f 2409 2793 2794
f 2409 2794 2795
f 2409 2795 2796
f 2409 2796 2797
f 2436 3023 3024
f 2436 3024 3025
f 2436 3025 3026
f 2436 3026 3027
f 2436 3027 2437
f 2410 2409 2797
f 2410 2797 2798
f 2410 2798 2799
f 2410 2799 2800
f 2410 2800 2801
f 2435 3018 3019
f 2435 3019 3020
f 2435 3020 3021
f 2435 3021 3022
f 2435 3022 3023
f 2435 3023 2436
f 2411 2410 2801
f 2411 2801 2802
f 2411 2802 2803
f 2411 2803 2804
f 2411 2804 2805
f 2434 3015 3016
f 2434 3016 3017
f 2434 3017 3018
f 2434 3018 2435
f 2412 2411 2805
f 2412 2805 2806
f 2412 2806 2807
f 2412 2807 2808
f 2412 2808 2809
f 2433 3012 3013
f 2433 3013 3014
f 2433 3014 3015
f 2433 3015 2434
f 2433 3011 3012
f 2413 2810 2811
f 2413 2811 2812
f 2413 2412 2809
f 2413 2809 2810
f 2432 3011 2433
f 2432 3008 3009
f 2432 3009 3010
f 2432 3010 3011
f 2414 2812 2813
f 2414 2813 2814
f 2414 2814 2815
f 2414 2413 2812
f 2431 3008 2432
f 2431 3005 3006
f 2431 3006 3007
f 2431 3007 3008
f 2415 2815 2816
f 2415 2816 2817
f 2415 2817 2818
f 2415 2414 2815
f 2430 3005 2431
f 2430 3003 3004
f 2430 3004 3005
f 2416 2818 2819
f 2416 2819 2820
f 2416 2415 2818
f 2429 3003 2430
f 2429 3001 3002
f 2429 3002 3003
f 2417 2820 2821
f 2417 2821 2822
f 2417 2416 2820
f 2428 3001 2429
f 2428 2999 3000
f 2428 3000 3001
f 2418 2822 2823
f 2418 2823 2824
f 2418 2417 2822
f 2427 2999 2428
f 2427 2997 2998
f 2427 2998 2999
f 2419 2824 2825
f 2419 2825 2826
f 2419 2418 2824
f 2426 2997 2427
f 2426 2996 2997
f 2420 2826 2827
f 2420 2419 2826
f 2425 2996 2426
f 2425 2994 2995
f 2425 2995 2996
f 2421 2827 2828
f 2421 2420 2827
f 2424 2994 2425
f 2424 2993 2994
f 2422 2828 2829
f 2422 2829 2830
f 2422 2421 2828
f 2423 2422 2830
f 2423 2830 2992
f 2423 2993 2424
f 2423 2992 2993
