ISO-10303-21;
HEADER;
FILE_DESCRIPTION(('Open CASCADE Model'),'2;1');
FILE_NAME('Open CASCADE Shape Model','2026-07-28T13:32:54',('Author'),(
    'Open CASCADE'),'Open CASCADE STEP processor 7.9','build123d',
  'Unknown');
FILE_SCHEMA(('AUTOMOTIVE_DESIGN { 1 0 10303 214 1 1 1 1 }'));
ENDSEC;
DATA;
#1 = APPLICATION_PROTOCOL_DEFINITION('international standard',
  'automotive_design',2000,#2);
#2 = APPLICATION_CONTEXT(
  'core data for automotive mechanical design processes');
#3 = SHAPE_DEFINITION_REPRESENTATION(#4,#10);
#4 = PRODUCT_DEFINITION_SHAPE('','',#5);
#5 = PRODUCT_DEFINITION('design','',#6,#9);
#6 = PRODUCT_DEFINITION_FORMATION('','',#7);
#7 = PRODUCT('COMPOUND','COMPOUND','',(#8));
#8 = PRODUCT_CONTEXT('',#2,'mechanical');
#9 = PRODUCT_DEFINITION_CONTEXT('part definition',#2,'design');
#10 = ADVANCED_BREP_SHAPE_REPRESENTATION('',(#11,#15),#2295);
#11 = AXIS2_PLACEMENT_3D('',#12,#13,#14);
#12 = CARTESIAN_POINT('',(0.,0.,0.));
#13 = DIRECTION('',(0.,0.,1.));
#14 = DIRECTION('',(1.,0.,-0.));
#15 = MANIFOLD_SOLID_BREP('',#16);
#16 = CLOSED_SHELL('',(#17,#137,#213,#952,#1001,#1028,#1035,#1109,#1156,
    #1184,#1239,#1313,#1360,#1388,#1443,#1515,#1563,#1611,#1658,#1705,
    #1757,#1809,#1836,#1891,#1965,#2013,#2040,#2095,#2169,#2217,#2244,
    #2250,#2254,#2260,#2264,#2275,#2279,#2285,#2289));
#17 = ADVANCED_FACE('',(#18),#32,.F.);
#18 = FACE_BOUND('',#19,.F.);
#19 = EDGE_LOOP('',(#20,#55,#83,#111));
#20 = ORIENTED_EDGE('',*,*,#21,.F.);
#21 = EDGE_CURVE('',#22,#24,#26,.T.);
#22 = VERTEX_POINT('',#23);
#23 = CARTESIAN_POINT('',(-40.,-25.,0.));
#24 = VERTEX_POINT('',#25);
#25 = CARTESIAN_POINT('',(-40.,-25.,22.));
#26 = SURFACE_CURVE('',#27,(#31,#43),.PCURVE_S1.);
#27 = LINE('',#28,#29);
#28 = CARTESIAN_POINT('',(-40.,-25.,0.));
#29 = VECTOR('',#30,1.);
#30 = DIRECTION('',(0.,0.,1.));
#31 = PCURVE('',#32,#37);
#32 = PLANE('',#33);
#33 = AXIS2_PLACEMENT_3D('',#34,#35,#36);
#34 = CARTESIAN_POINT('',(-40.,-25.,0.));
#35 = DIRECTION('',(1.,0.,-0.));
#36 = DIRECTION('',(0.,0.,1.));
#37 = DEFINITIONAL_REPRESENTATION('',(#38),#42);
#38 = LINE('',#39,#40);
#39 = CARTESIAN_POINT('',(0.,0.));
#40 = VECTOR('',#41,1.);
#41 = DIRECTION('',(1.,0.));
#42 = ( GEOMETRIC_REPRESENTATION_CONTEXT(2) 
PARAMETRIC_REPRESENTATION_CONTEXT() REPRESENTATION_CONTEXT('2D SPACE',''
  ) );
#43 = PCURVE('',#44,#49);
#44 = PLANE('',#45);
#45 = AXIS2_PLACEMENT_3D('',#46,#47,#48);
#46 = CARTESIAN_POINT('',(-40.,-25.,0.));
#47 = DIRECTION('',(-0.,1.,0.));
#48 = DIRECTION('',(0.,0.,1.));
#49 = DEFINITIONAL_REPRESENTATION('',(#50),#54);
#50 = LINE('',#51,#52);
#51 = CARTESIAN_POINT('',(0.,0.));
#52 = VECTOR('',#53,1.);
#53 = DIRECTION('',(1.,0.));
#54 = ( GEOMETRIC_REPRESENTATION_CONTEXT(2) 
PARAMETRIC_REPRESENTATION_CONTEXT() REPRESENTATION_CONTEXT('2D SPACE',''
  ) );
#55 = ORIENTED_EDGE('',*,*,#56,.T.);
#56 = EDGE_CURVE('',#22,#57,#59,.T.);
#57 = VERTEX_POINT('',#58);
#58 = CARTESIAN_POINT('',(-40.,25.,0.));
#59 = SURFACE_CURVE('',#60,(#64,#71),.PCURVE_S1.);
#60 = LINE('',#61,#62);
#61 = CARTESIAN_POINT('',(-40.,-25.,0.));
#62 = VECTOR('',#63,1.);
#63 = DIRECTION('',(-0.,1.,0.));
#64 = PCURVE('',#32,#65);
#65 = DEFINITIONAL_REPRESENTATION('',(#66),#70);
#66 = LINE('',#67,#68);
#67 = CARTESIAN_POINT('',(0.,0.));
#68 = VECTOR('',#69,1.);
#69 = DIRECTION('',(0.,-1.));
#70 = ( GEOMETRIC_REPRESENTATION_CONTEXT(2) 
PARAMETRIC_REPRESENTATION_CONTEXT() REPRESENTATION_CONTEXT('2D SPACE',''
  ) );
#71 = PCURVE('',#72,#77);
#72 = PLANE('',#73);
#73 = AXIS2_PLACEMENT_3D('',#74,#75,#76);
#74 = CARTESIAN_POINT('',(-40.,-25.,0.));
#75 = DIRECTION('',(0.,0.,1.));
#76 = DIRECTION('',(1.,0.,-0.));
#77 = DEFINITIONAL_REPRESENTATION('',(#78),#82);
#78 = LINE('',#79,#80);
#79 = CARTESIAN_POINT('',(0.,0.));
#80 = VECTOR('',#81,1.);
#81 = DIRECTION('',(0.,1.));
#82 = ( GEOMETRIC_REPRESENTATION_CONTEXT(2) 
PARAMETRIC_REPRESENTATION_CONTEXT() REPRESENTATION_CONTEXT('2D SPACE',''
  ) );
#83 = ORIENTED_EDGE('',*,*,#84,.T.);
#84 = EDGE_CURVE('',#57,#85,#87,.T.);
#85 = VERTEX_POINT('',#86);
#86 = CARTESIAN_POINT('',(-40.,25.,22.));
#87 = SURFACE_CURVE('',#88,(#92,#99),.PCURVE_S1.);
#88 = LINE('',#89,#90);
#89 = CARTESIAN_POINT('',(-40.,25.,0.));
#90 = VECTOR('',#91,1.);
#91 = DIRECTION('',(0.,0.,1.));
#92 = PCURVE('',#32,#93);
#93 = DEFINITIONAL_REPRESENTATION('',(#94),#98);
#94 = LINE('',#95,#96);
#95 = CARTESIAN_POINT('',(0.,-50.));
#96 = VECTOR('',#97,1.);
#97 = DIRECTION('',(1.,0.));
#98 = ( GEOMETRIC_REPRESENTATION_CONTEXT(2) 
PARAMETRIC_REPRESENTATION_CONTEXT() REPRESENTATION_CONTEXT('2D SPACE',''
  ) );
#99 = PCURVE('',#100,#105);
#100 = PLANE('',#101);
#101 = AXIS2_PLACEMENT_3D('',#102,#103,#104);
#102 = CARTESIAN_POINT('',(-40.,25.,0.));
#103 = DIRECTION('',(-0.,1.,0.));
#104 = DIRECTION('',(0.,0.,1.));
#105 = DEFINITIONAL_REPRESENTATION('',(#106),#110);
#106 = LINE('',#107,#108);
#107 = CARTESIAN_POINT('',(0.,0.));
#108 = VECTOR('',#109,1.);
#109 = DIRECTION('',(1.,0.));
#110 = ( GEOMETRIC_REPRESENTATION_CONTEXT(2) 
PARAMETRIC_REPRESENTATION_CONTEXT() REPRESENTATION_CONTEXT('2D SPACE',''
  ) );
#111 = ORIENTED_EDGE('',*,*,#112,.F.);
#112 = EDGE_CURVE('',#24,#85,#113,.T.);
#113 = SURFACE_CURVE('',#114,(#118,#125),.PCURVE_S1.);
#114 = LINE('',#115,#116);
#115 = CARTESIAN_POINT('',(-40.,-25.,22.));
#116 = VECTOR('',#117,1.);
#117 = DIRECTION('',(-0.,1.,0.));
#118 = PCURVE('',#32,#119);
#119 = DEFINITIONAL_REPRESENTATION('',(#120),#124);
#120 = LINE('',#121,#122);
#121 = CARTESIAN_POINT('',(22.,0.));
#122 = VECTOR('',#123,1.);
#123 = DIRECTION('',(0.,-1.));
#124 = ( GEOMETRIC_REPRESENTATION_CONTEXT(2) 
PARAMETRIC_REPRESENTATION_CONTEXT() REPRESENTATION_CONTEXT('2D SPACE',''
  ) );
#125 = PCURVE('',#126,#131);
#126 = PLANE('',#127);
#127 = AXIS2_PLACEMENT_3D('',#128,#129,#130);
#128 = CARTESIAN_POINT('',(-40.,-25.,22.));
#129 = DIRECTION('',(0.,0.,1.));
#130 = DIRECTION('',(1.,0.,-0.));
#131 = DEFINITIONAL_REPRESENTATION('',(#132),#136);
#132 = LINE('',#133,#134);
#133 = CARTESIAN_POINT('',(0.,0.));
#134 = VECTOR('',#135,1.);
#135 = DIRECTION('',(0.,1.));
#136 = ( GEOMETRIC_REPRESENTATION_CONTEXT(2) 
PARAMETRIC_REPRESENTATION_CONTEXT() REPRESENTATION_CONTEXT('2D SPACE',''
  ) );
#137 = ADVANCED_FACE('',(#138),#44,.F.);
#138 = FACE_BOUND('',#139,.F.);
#139 = EDGE_LOOP('',(#140,#163,#164,#187));
#140 = ORIENTED_EDGE('',*,*,#141,.F.);
#141 = EDGE_CURVE('',#22,#142,#144,.T.);
#142 = VERTEX_POINT('',#143);
#143 = CARTESIAN_POINT('',(40.,-25.,0.));
#144 = SURFACE_CURVE('',#145,(#149,#156),.PCURVE_S1.);
#145 = LINE('',#146,#147);
#146 = CARTESIAN_POINT('',(-40.,-25.,0.));
#147 = VECTOR('',#148,1.);
#148 = DIRECTION('',(1.,0.,-0.));
#149 = PCURVE('',#44,#150);
#150 = DEFINITIONAL_REPRESENTATION('',(#151),#155);
#151 = LINE('',#152,#153);
#152 = CARTESIAN_POINT('',(0.,0.));
#153 = VECTOR('',#154,1.);
#154 = DIRECTION('',(0.,1.));
#155 = ( GEOMETRIC_REPRESENTATION_CONTEXT(2) 
PARAMETRIC_REPRESENTATION_CONTEXT() REPRESENTATION_CONTEXT('2D SPACE',''
  ) );
#156 = PCURVE('',#72,#157);
#157 = DEFINITIONAL_REPRESENTATION('',(#158),#162);
#158 = LINE('',#159,#160);
#159 = CARTESIAN_POINT('',(0.,0.));
#160 = VECTOR('',#161,1.);
#161 = DIRECTION('',(1.,0.));
#162 = ( GEOMETRIC_REPRESENTATION_CONTEXT(2) 
PARAMETRIC_REPRESENTATION_CONTEXT() REPRESENTATION_CONTEXT('2D SPACE',''
  ) );
#163 = ORIENTED_EDGE('',*,*,#21,.T.);
#164 = ORIENTED_EDGE('',*,*,#165,.T.);
#165 = EDGE_CURVE('',#24,#166,#168,.T.);
#166 = VERTEX_POINT('',#167);
#167 = CARTESIAN_POINT('',(40.,-25.,22.));
#168 = SURFACE_CURVE('',#169,(#173,#180),.PCURVE_S1.);
#169 = LINE('',#170,#171);
#170 = CARTESIAN_POINT('',(-40.,-25.,22.));
#171 = VECTOR('',#172,1.);
#172 = DIRECTION('',(1.,0.,-0.));
#173 = PCURVE('',#44,#174);
#174 = DEFINITIONAL_REPRESENTATION('',(#175),#179);
#175 = LINE('',#176,#177);
#176 = CARTESIAN_POINT('',(22.,0.));
#177 = VECTOR('',#178,1.);
#178 = DIRECTION('',(0.,1.));
#179 = ( GEOMETRIC_REPRESENTATION_CONTEXT(2) 
PARAMETRIC_REPRESENTATION_CONTEXT() REPRESENTATION_CONTEXT('2D SPACE',''
  ) );
#180 = PCURVE('',#126,#181);
#181 = DEFINITIONAL_REPRESENTATION('',(#182),#186);
#182 = LINE('',#183,#184);
#183 = CARTESIAN_POINT('',(0.,0.));
#184 = VECTOR('',#185,1.);
#185 = DIRECTION('',(1.,0.));
#186 = ( GEOMETRIC_REPRESENTATION_CONTEXT(2) 
PARAMETRIC_REPRESENTATION_CONTEXT() REPRESENTATION_CONTEXT('2D SPACE',''
  ) );
#187 = ORIENTED_EDGE('',*,*,#188,.F.);
#188 = EDGE_CURVE('',#142,#166,#189,.T.);
#189 = SURFACE_CURVE('',#190,(#194,#201),.PCURVE_S1.);
#190 = LINE('',#191,#192);
#191 = CARTESIAN_POINT('',(40.,-25.,0.));
#192 = VECTOR('',#193,1.);
#193 = DIRECTION('',(0.,0.,1.));
#194 = PCURVE('',#44,#195);
#195 = DEFINITIONAL_REPRESENTATION('',(#196),#200);
#196 = LINE('',#197,#198);
#197 = CARTESIAN_POINT('',(0.,80.));
#198 = VECTOR('',#199,1.);
#199 = DIRECTION('',(1.,0.));
#200 = ( GEOMETRIC_REPRESENTATION_CONTEXT(2) 
PARAMETRIC_REPRESENTATION_CONTEXT() REPRESENTATION_CONTEXT('2D SPACE',''
  ) );
#201 = PCURVE('',#202,#207);
#202 = PLANE('',#203);
#203 = AXIS2_PLACEMENT_3D('',#204,#205,#206);
#204 = CARTESIAN_POINT('',(40.,-25.,0.));
#205 = DIRECTION('',(1.,0.,-0.));
#206 = DIRECTION('',(0.,0.,1.));
#207 = DEFINITIONAL_REPRESENTATION('',(#208),#212);
#208 = LINE('',#209,#210);
#209 = CARTESIAN_POINT('',(0.,0.));
#210 = VECTOR('',#211,1.);
#211 = DIRECTION('',(1.,0.));
#212 = ( GEOMETRIC_REPRESENTATION_CONTEXT(2) 
PARAMETRIC_REPRESENTATION_CONTEXT() REPRESENTATION_CONTEXT('2D SPACE',''
  ) );
#213 = ADVANCED_FACE('',(#214,#262,#347,#378,#463,#494,#720,#751,#836,
    #867),#126,.T.);
#214 = FACE_BOUND('',#215,.T.);
#215 = EDGE_LOOP('',(#216,#217,#218,#241));
#216 = ORIENTED_EDGE('',*,*,#112,.F.);
#217 = ORIENTED_EDGE('',*,*,#165,.T.);
#218 = ORIENTED_EDGE('',*,*,#219,.T.);
#219 = EDGE_CURVE('',#166,#220,#222,.T.);
#220 = VERTEX_POINT('',#221);
#221 = CARTESIAN_POINT('',(40.,25.,22.));
#222 = SURFACE_CURVE('',#223,(#227,#234),.PCURVE_S1.);
#223 = LINE('',#224,#225);
#224 = CARTESIAN_POINT('',(40.,-25.,22.));
#225 = VECTOR('',#226,1.);
#226 = DIRECTION('',(-0.,1.,0.));
#227 = PCURVE('',#126,#228);
#228 = DEFINITIONAL_REPRESENTATION('',(#229),#233);
#229 = LINE('',#230,#231);
#230 = CARTESIAN_POINT('',(80.,0.));
#231 = VECTOR('',#232,1.);
#232 = DIRECTION('',(0.,1.));
#233 = ( GEOMETRIC_REPRESENTATION_CONTEXT(2) 
PARAMETRIC_REPRESENTATION_CONTEXT() REPRESENTATION_CONTEXT('2D SPACE',''
  ) );
#234 = PCURVE('',#202,#235);
#235 = DEFINITIONAL_REPRESENTATION('',(#236),#240);
#236 = LINE('',#237,#238);
#237 = CARTESIAN_POINT('',(22.,0.));
#238 = VECTOR('',#239,1.);
#239 = DIRECTION('',(0.,-1.));
#240 = ( GEOMETRIC_REPRESENTATION_CONTEXT(2) 
PARAMETRIC_REPRESENTATION_CONTEXT() REPRESENTATION_CONTEXT('2D SPACE',''
  ) );
#241 = ORIENTED_EDGE('',*,*,#242,.F.);
#242 = EDGE_CURVE('',#85,#220,#243,.T.);
#243 = SURFACE_CURVE('',#244,(#248,#255),.PCURVE_S1.);
#244 = LINE('',#245,#246);
#245 = CARTESIAN_POINT('',(-40.,25.,22.));
#246 = VECTOR('',#247,1.);
#247 = DIRECTION('',(1.,0.,-0.));
#248 = PCURVE('',#126,#249);
#249 = DEFINITIONAL_REPRESENTATION('',(#250),#254);
#250 = LINE('',#251,#252);
#251 = CARTESIAN_POINT('',(0.,50.));
#252 = VECTOR('',#253,1.);
#253 = DIRECTION('',(1.,0.));
#254 = ( GEOMETRIC_REPRESENTATION_CONTEXT(2) 
PARAMETRIC_REPRESENTATION_CONTEXT() REPRESENTATION_CONTEXT('2D SPACE',''
  ) );
#255 = PCURVE('',#100,#256);
#256 = DEFINITIONAL_REPRESENTATION('',(#257),#261);
#257 = LINE('',#258,#259);
#258 = CARTESIAN_POINT('',(22.,0.));
#259 = VECTOR('',#260,1.);
#260 = DIRECTION('',(0.,1.));
#261 = ( GEOMETRIC_REPRESENTATION_CONTEXT(2) 
PARAMETRIC_REPRESENTATION_CONTEXT() REPRESENTATION_CONTEXT('2D SPACE',''
  ) );
#262 = FACE_BOUND('',#263,.T.);
#263 = EDGE_LOOP('',(#264,#293,#322));
#264 = ORIENTED_EDGE('',*,*,#265,.T.);
#265 = EDGE_CURVE('',#266,#268,#270,.T.);
#266 = VERTEX_POINT('',#267);
#267 = CARTESIAN_POINT('',(-37.,-22.,22.));
#268 = VERTEX_POINT('',#269);
#269 = CARTESIAN_POINT('',(-37.,-21.64575131106,22.));
#270 = SURFACE_CURVE('',#271,(#275,#282),.PCURVE_S1.);
#271 = LINE('',#272,#273);
#272 = CARTESIAN_POINT('',(-37.,-23.5,22.));
#273 = VECTOR('',#274,1.);
#274 = DIRECTION('',(-0.,1.,0.));
#275 = PCURVE('',#126,#276);
#276 = DEFINITIONAL_REPRESENTATION('',(#277),#281);
#277 = LINE('',#278,#279);
#278 = CARTESIAN_POINT('',(3.,1.5));
#279 = VECTOR('',#280,1.);
#280 = DIRECTION('',(0.,1.));
#281 = ( GEOMETRIC_REPRESENTATION_CONTEXT(2) 
PARAMETRIC_REPRESENTATION_CONTEXT() REPRESENTATION_CONTEXT('2D SPACE',''
  ) );
#282 = PCURVE('',#283,#288);
#283 = PLANE('',#284);
#284 = AXIS2_PLACEMENT_3D('',#285,#286,#287);
#285 = CARTESIAN_POINT('',(-37.,-22.,2.5));
#286 = DIRECTION('',(1.,0.,-0.));
#287 = DIRECTION('',(0.,0.,1.));
#288 = DEFINITIONAL_REPRESENTATION('',(#289),#292);
#289 = B_SPLINE_CURVE_WITH_KNOTS('',1,(#290,#291),.UNSPECIFIED.,.F.,.F.,
  (2,2),(1.5,45.5),.PIECEWISE_BEZIER_KNOTS.);
#290 = CARTESIAN_POINT('',(19.5,0.));
#291 = CARTESIAN_POINT('',(19.5,-44.));
#292 = ( GEOMETRIC_REPRESENTATION_CONTEXT(2) 
PARAMETRIC_REPRESENTATION_CONTEXT() REPRESENTATION_CONTEXT('2D SPACE',''
  ) );
#293 = ORIENTED_EDGE('',*,*,#294,.T.);
#294 = EDGE_CURVE('',#268,#295,#297,.T.);
#295 = VERTEX_POINT('',#296);
#296 = CARTESIAN_POINT('',(-36.64575131106,-22.,22.));
#297 = SURFACE_CURVE('',#298,(#303,#310),.PCURVE_S1.);
#298 = CIRCLE('',#299,4.);
#299 = AXIS2_PLACEMENT_3D('',#300,#301,#302);
#300 = CARTESIAN_POINT('',(-34.,-19.,22.));
#301 = DIRECTION('',(0.,0.,1.));
#302 = DIRECTION('',(1.,0.,-0.));
#303 = PCURVE('',#126,#304);
#304 = DEFINITIONAL_REPRESENTATION('',(#305),#309);
#305 = CIRCLE('',#306,4.);
#306 = AXIS2_PLACEMENT_2D('',#307,#308);
#307 = CARTESIAN_POINT('',(6.,6.));
#308 = DIRECTION('',(1.,0.));
#309 = ( GEOMETRIC_REPRESENTATION_CONTEXT(2) 
PARAMETRIC_REPRESENTATION_CONTEXT() REPRESENTATION_CONTEXT('2D SPACE',''
  ) );
#310 = PCURVE('',#311,#316);
#311 = CYLINDRICAL_SURFACE('',#312,4.);
#312 = AXIS2_PLACEMENT_3D('',#313,#314,#315);
#313 = CARTESIAN_POINT('',(-34.,-19.,2.5));
#314 = DIRECTION('',(0.,0.,1.));
#315 = DIRECTION('',(1.,0.,-0.));
#316 = DEFINITIONAL_REPRESENTATION('',(#317),#321);
#317 = LINE('',#318,#319);
#318 = CARTESIAN_POINT('',(0.,19.5));
#319 = VECTOR('',#320,1.);
#320 = DIRECTION('',(1.,0.));
#321 = ( GEOMETRIC_REPRESENTATION_CONTEXT(2) 
PARAMETRIC_REPRESENTATION_CONTEXT() REPRESENTATION_CONTEXT('2D SPACE',''
  ) );
#322 = ORIENTED_EDGE('',*,*,#323,.T.);
#323 = EDGE_CURVE('',#295,#266,#324,.T.);
#324 = SURFACE_CURVE('',#325,(#329,#336),.PCURVE_S1.);
#325 = LINE('',#326,#327);
#326 = CARTESIAN_POINT('',(-38.5,-22.,22.));
#327 = VECTOR('',#328,1.);
#328 = DIRECTION('',(-1.,-0.,0.));
#329 = PCURVE('',#126,#330);
#330 = DEFINITIONAL_REPRESENTATION('',(#331),#335);
#331 = LINE('',#332,#333);
#332 = CARTESIAN_POINT('',(1.5,3.));
#333 = VECTOR('',#334,1.);
#334 = DIRECTION('',(-1.,0.));
#335 = ( GEOMETRIC_REPRESENTATION_CONTEXT(2) 
PARAMETRIC_REPRESENTATION_CONTEXT() REPRESENTATION_CONTEXT('2D SPACE',''
  ) );
#336 = PCURVE('',#337,#342);
#337 = PLANE('',#338);
#338 = AXIS2_PLACEMENT_3D('',#339,#340,#341);
#339 = CARTESIAN_POINT('',(-37.,-22.,2.5));
#340 = DIRECTION('',(-0.,1.,0.));
#341 = DIRECTION('',(0.,0.,1.));
#342 = DEFINITIONAL_REPRESENTATION('',(#343),#346);
#343 = B_SPLINE_CURVE_WITH_KNOTS('',1,(#344,#345),.UNSPECIFIED.,.F.,.F.,
  (2,2),(-75.5,-1.5),.PIECEWISE_BEZIER_KNOTS.);
#344 = CARTESIAN_POINT('',(19.5,74.));
#345 = CARTESIAN_POINT('',(19.5,0.));
#346 = ( GEOMETRIC_REPRESENTATION_CONTEXT(2) 
PARAMETRIC_REPRESENTATION_CONTEXT() REPRESENTATION_CONTEXT('2D SPACE',''
  ) );
#347 = FACE_BOUND('',#348,.T.);
#348 = EDGE_LOOP('',(#349));
#349 = ORIENTED_EDGE('',*,*,#350,.F.);
#350 = EDGE_CURVE('',#351,#351,#353,.T.);
#351 = VERTEX_POINT('',#352);
#352 = CARTESIAN_POINT('',(-32.75,-19.,22.));
#353 = SURFACE_CURVE('',#354,(#359,#366),.PCURVE_S1.);
#354 = CIRCLE('',#355,1.25);
#355 = AXIS2_PLACEMENT_3D('',#356,#357,#358);
#356 = CARTESIAN_POINT('',(-34.,-19.,22.));
#357 = DIRECTION('',(0.,0.,1.));
#358 = DIRECTION('',(1.,0.,-0.));
#359 = PCURVE('',#126,#360);
#360 = DEFINITIONAL_REPRESENTATION('',(#361),#365);
#361 = CIRCLE('',#362,1.25);
#362 = AXIS2_PLACEMENT_2D('',#363,#364);
#363 = CARTESIAN_POINT('',(6.,6.));
#364 = DIRECTION('',(1.,0.));
#365 = ( GEOMETRIC_REPRESENTATION_CONTEXT(2) 
PARAMETRIC_REPRESENTATION_CONTEXT() REPRESENTATION_CONTEXT('2D SPACE',''
  ) );
#366 = PCURVE('',#367,#372);
#367 = CYLINDRICAL_SURFACE('',#368,1.25);
#368 = AXIS2_PLACEMENT_3D('',#369,#370,#371);
#369 = CARTESIAN_POINT('',(-34.,-19.,6.));
#370 = DIRECTION('',(0.,0.,1.));
#371 = DIRECTION('',(1.,0.,-0.));
#372 = DEFINITIONAL_REPRESENTATION('',(#373),#377);
#373 = LINE('',#374,#375);
#374 = CARTESIAN_POINT('',(0.,16.));
#375 = VECTOR('',#376,1.);
#376 = DIRECTION('',(1.,0.));
#377 = ( GEOMETRIC_REPRESENTATION_CONTEXT(2) 
PARAMETRIC_REPRESENTATION_CONTEXT() REPRESENTATION_CONTEXT('2D SPACE',''
  ) );
#378 = FACE_BOUND('',#379,.T.);
#379 = EDGE_LOOP('',(#380,#409,#436));
#380 = ORIENTED_EDGE('',*,*,#381,.F.);
#381 = EDGE_CURVE('',#382,#384,#386,.T.);
#382 = VERTEX_POINT('',#383);
#383 = CARTESIAN_POINT('',(37.,-22.,22.));
#384 = VERTEX_POINT('',#385);
#385 = CARTESIAN_POINT('',(37.,-21.64575131106,22.));
#386 = SURFACE_CURVE('',#387,(#391,#398),.PCURVE_S1.);
#387 = LINE('',#388,#389);
#388 = CARTESIAN_POINT('',(37.,-23.5,22.));
#389 = VECTOR('',#390,1.);
#390 = DIRECTION('',(-0.,1.,0.));
#391 = PCURVE('',#126,#392);
#392 = DEFINITIONAL_REPRESENTATION('',(#393),#397);
#393 = LINE('',#394,#395);
#394 = CARTESIAN_POINT('',(77.,1.5));
#395 = VECTOR('',#396,1.);
#396 = DIRECTION('',(0.,1.));
#397 = ( GEOMETRIC_REPRESENTATION_CONTEXT(2) 
PARAMETRIC_REPRESENTATION_CONTEXT() REPRESENTATION_CONTEXT('2D SPACE',''
  ) );
#398 = PCURVE('',#399,#404);
#399 = PLANE('',#400);
#400 = AXIS2_PLACEMENT_3D('',#401,#402,#403);
#401 = CARTESIAN_POINT('',(37.,-22.,2.5));
#402 = DIRECTION('',(1.,0.,-0.));
#403 = DIRECTION('',(0.,0.,1.));
#404 = DEFINITIONAL_REPRESENTATION('',(#405),#408);
#405 = B_SPLINE_CURVE_WITH_KNOTS('',1,(#406,#407),.UNSPECIFIED.,.F.,.F.,
  (2,2),(1.5,45.5),.PIECEWISE_BEZIER_KNOTS.);
#406 = CARTESIAN_POINT('',(19.5,0.));
#407 = CARTESIAN_POINT('',(19.5,-44.));
#408 = ( GEOMETRIC_REPRESENTATION_CONTEXT(2) 
PARAMETRIC_REPRESENTATION_CONTEXT() REPRESENTATION_CONTEXT('2D SPACE',''
  ) );
#409 = ORIENTED_EDGE('',*,*,#410,.T.);
#410 = EDGE_CURVE('',#382,#411,#413,.T.);
#411 = VERTEX_POINT('',#412);
#412 = CARTESIAN_POINT('',(36.645751311064,-22.,22.));
#413 = SURFACE_CURVE('',#414,(#418,#425),.PCURVE_S1.);
#414 = LINE('',#415,#416);
#415 = CARTESIAN_POINT('',(-38.5,-22.,22.));
#416 = VECTOR('',#417,1.);
#417 = DIRECTION('',(-1.,-0.,0.));
#418 = PCURVE('',#126,#419);
#419 = DEFINITIONAL_REPRESENTATION('',(#420),#424);
#420 = LINE('',#421,#422);
#421 = CARTESIAN_POINT('',(1.5,3.));
#422 = VECTOR('',#423,1.);
#423 = DIRECTION('',(-1.,0.));
#424 = ( GEOMETRIC_REPRESENTATION_CONTEXT(2) 
PARAMETRIC_REPRESENTATION_CONTEXT() REPRESENTATION_CONTEXT('2D SPACE',''
  ) );
#425 = PCURVE('',#426,#431);
#426 = PLANE('',#427);
#427 = AXIS2_PLACEMENT_3D('',#428,#429,#430);
#428 = CARTESIAN_POINT('',(-37.,-22.,2.5));
#429 = DIRECTION('',(-0.,1.,0.));
#430 = DIRECTION('',(0.,0.,1.));
#431 = DEFINITIONAL_REPRESENTATION('',(#432),#435);
#432 = B_SPLINE_CURVE_WITH_KNOTS('',1,(#433,#434),.UNSPECIFIED.,.F.,.F.,
  (2,2),(-75.5,-1.5),.PIECEWISE_BEZIER_KNOTS.);
#433 = CARTESIAN_POINT('',(19.5,74.));
#434 = CARTESIAN_POINT('',(19.5,0.));
#435 = ( GEOMETRIC_REPRESENTATION_CONTEXT(2) 
PARAMETRIC_REPRESENTATION_CONTEXT() REPRESENTATION_CONTEXT('2D SPACE',''
  ) );
#436 = ORIENTED_EDGE('',*,*,#437,.T.);
#437 = EDGE_CURVE('',#411,#384,#438,.T.);
#438 = SURFACE_CURVE('',#439,(#444,#451),.PCURVE_S1.);
#439 = CIRCLE('',#440,4.);
#440 = AXIS2_PLACEMENT_3D('',#441,#442,#443);
#441 = CARTESIAN_POINT('',(34.,-19.,22.));
#442 = DIRECTION('',(0.,0.,1.));
#443 = DIRECTION('',(1.,0.,-0.));
#444 = PCURVE('',#126,#445);
#445 = DEFINITIONAL_REPRESENTATION('',(#446),#450);
#446 = CIRCLE('',#447,4.);
#447 = AXIS2_PLACEMENT_2D('',#448,#449);
#448 = CARTESIAN_POINT('',(74.,6.));
#449 = DIRECTION('',(1.,0.));
#450 = ( GEOMETRIC_REPRESENTATION_CONTEXT(2) 
PARAMETRIC_REPRESENTATION_CONTEXT() REPRESENTATION_CONTEXT('2D SPACE',''
  ) );
#451 = PCURVE('',#452,#457);
#452 = CYLINDRICAL_SURFACE('',#453,4.);
#453 = AXIS2_PLACEMENT_3D('',#454,#455,#456);
#454 = CARTESIAN_POINT('',(34.,-19.,2.5));
#455 = DIRECTION('',(0.,0.,1.));
#456 = DIRECTION('',(1.,0.,-0.));
#457 = DEFINITIONAL_REPRESENTATION('',(#458),#462);
#458 = LINE('',#459,#460);
#459 = CARTESIAN_POINT('',(0.,19.5));
#460 = VECTOR('',#461,1.);
#461 = DIRECTION('',(1.,0.));
#462 = ( GEOMETRIC_REPRESENTATION_CONTEXT(2) 
PARAMETRIC_REPRESENTATION_CONTEXT() REPRESENTATION_CONTEXT('2D SPACE',''
  ) );
#463 = FACE_BOUND('',#464,.T.);
#464 = EDGE_LOOP('',(#465));
#465 = ORIENTED_EDGE('',*,*,#466,.F.);
#466 = EDGE_CURVE('',#467,#467,#469,.T.);
#467 = VERTEX_POINT('',#468);
#468 = CARTESIAN_POINT('',(35.25,-19.,22.));
#469 = SURFACE_CURVE('',#470,(#475,#482),.PCURVE_S1.);
#470 = CIRCLE('',#471,1.25);
#471 = AXIS2_PLACEMENT_3D('',#472,#473,#474);
#472 = CARTESIAN_POINT('',(34.,-19.,22.));
#473 = DIRECTION('',(0.,0.,1.));
#474 = DIRECTION('',(1.,0.,-0.));
#475 = PCURVE('',#126,#476);
#476 = DEFINITIONAL_REPRESENTATION('',(#477),#481);
#477 = CIRCLE('',#478,1.25);
#478 = AXIS2_PLACEMENT_2D('',#479,#480);
#479 = CARTESIAN_POINT('',(74.,6.));
#480 = DIRECTION('',(1.,0.));
#481 = ( GEOMETRIC_REPRESENTATION_CONTEXT(2) 
PARAMETRIC_REPRESENTATION_CONTEXT() REPRESENTATION_CONTEXT('2D SPACE',''
  ) );
#482 = PCURVE('',#483,#488);
#483 = CYLINDRICAL_SURFACE('',#484,1.25);
#484 = AXIS2_PLACEMENT_3D('',#485,#486,#487);
#485 = CARTESIAN_POINT('',(34.,-19.,6.));
#486 = DIRECTION('',(0.,0.,1.));
#487 = DIRECTION('',(1.,0.,-0.));
#488 = DEFINITIONAL_REPRESENTATION('',(#489),#493);
#489 = LINE('',#490,#491);
#490 = CARTESIAN_POINT('',(0.,16.));
#491 = VECTOR('',#492,1.);
#492 = DIRECTION('',(1.,0.));
#493 = ( GEOMETRIC_REPRESENTATION_CONTEXT(2) 
PARAMETRIC_REPRESENTATION_CONTEXT() REPRESENTATION_CONTEXT('2D SPACE',''
  ) );
#494 = FACE_BOUND('',#495,.T.);
#495 = EDGE_LOOP('',(#496,#525,#554,#581,#610,#637,#666,#693));
#496 = ORIENTED_EDGE('',*,*,#497,.F.);
#497 = EDGE_CURVE('',#498,#500,#502,.T.);
#498 = VERTEX_POINT('',#499);
#499 = CARTESIAN_POINT('',(37.,-16.35424868893,22.));
#500 = VERTEX_POINT('',#501);
#501 = CARTESIAN_POINT('',(37.,16.354248688935,22.));
#502 = SURFACE_CURVE('',#503,(#507,#514),.PCURVE_S1.);
#503 = LINE('',#504,#505);
#504 = CARTESIAN_POINT('',(37.,-23.5,22.));
#505 = VECTOR('',#506,1.);
#506 = DIRECTION('',(-0.,1.,0.));
#507 = PCURVE('',#126,#508);
#508 = DEFINITIONAL_REPRESENTATION('',(#509),#513);
#509 = LINE('',#510,#511);
#510 = CARTESIAN_POINT('',(77.,1.5));
#511 = VECTOR('',#512,1.);
#512 = DIRECTION('',(0.,1.));
#513 = ( GEOMETRIC_REPRESENTATION_CONTEXT(2) 
PARAMETRIC_REPRESENTATION_CONTEXT() REPRESENTATION_CONTEXT('2D SPACE',''
  ) );
#514 = PCURVE('',#515,#520);
#515 = PLANE('',#516);
#516 = AXIS2_PLACEMENT_3D('',#517,#518,#519);
#517 = CARTESIAN_POINT('',(37.,-22.,2.5));
#518 = DIRECTION('',(1.,0.,-0.));
#519 = DIRECTION('',(0.,0.,1.));
#520 = DEFINITIONAL_REPRESENTATION('',(#521),#524);
#521 = B_SPLINE_CURVE_WITH_KNOTS('',1,(#522,#523),.UNSPECIFIED.,.F.,.F.,
  (2,2),(1.5,45.5),.PIECEWISE_BEZIER_KNOTS.);
#522 = CARTESIAN_POINT('',(19.5,0.));
#523 = CARTESIAN_POINT('',(19.5,-44.));
#524 = ( GEOMETRIC_REPRESENTATION_CONTEXT(2) 
PARAMETRIC_REPRESENTATION_CONTEXT() REPRESENTATION_CONTEXT('2D SPACE',''
  ) );
#525 = ORIENTED_EDGE('',*,*,#526,.T.);
#526 = EDGE_CURVE('',#498,#527,#529,.T.);
#527 = VERTEX_POINT('',#528);
#528 = CARTESIAN_POINT('',(31.354248688935,-22.,22.));
#529 = SURFACE_CURVE('',#530,(#535,#542),.PCURVE_S1.);
#530 = CIRCLE('',#531,4.);
#531 = AXIS2_PLACEMENT_3D('',#532,#533,#534);
#532 = CARTESIAN_POINT('',(34.,-19.,22.));
#533 = DIRECTION('',(0.,0.,1.));
#534 = DIRECTION('',(1.,0.,-0.));
#535 = PCURVE('',#126,#536);
#536 = DEFINITIONAL_REPRESENTATION('',(#537),#541);
#537 = CIRCLE('',#538,4.);
#538 = AXIS2_PLACEMENT_2D('',#539,#540);
#539 = CARTESIAN_POINT('',(74.,6.));
#540 = DIRECTION('',(1.,0.));
#541 = ( GEOMETRIC_REPRESENTATION_CONTEXT(2) 
PARAMETRIC_REPRESENTATION_CONTEXT() REPRESENTATION_CONTEXT('2D SPACE',''
  ) );
#542 = PCURVE('',#543,#548);
#543 = CYLINDRICAL_SURFACE('',#544,4.);
#544 = AXIS2_PLACEMENT_3D('',#545,#546,#547);
#545 = CARTESIAN_POINT('',(34.,-19.,2.5));
#546 = DIRECTION('',(0.,0.,1.));
#547 = DIRECTION('',(1.,0.,-0.));
#548 = DEFINITIONAL_REPRESENTATION('',(#549),#553);
#549 = LINE('',#550,#551);
#550 = CARTESIAN_POINT('',(0.,19.5));
#551 = VECTOR('',#552,1.);
#552 = DIRECTION('',(1.,0.));
#553 = ( GEOMETRIC_REPRESENTATION_CONTEXT(2) 
PARAMETRIC_REPRESENTATION_CONTEXT() REPRESENTATION_CONTEXT('2D SPACE',''
  ) );
#554 = ORIENTED_EDGE('',*,*,#555,.T.);
#555 = EDGE_CURVE('',#527,#556,#558,.T.);
#556 = VERTEX_POINT('',#557);
#557 = CARTESIAN_POINT('',(-31.35424868893,-22.,22.));
#558 = SURFACE_CURVE('',#559,(#563,#570),.PCURVE_S1.);
#559 = LINE('',#560,#561);
#560 = CARTESIAN_POINT('',(-38.5,-22.,22.));
#561 = VECTOR('',#562,1.);
#562 = DIRECTION('',(-1.,-0.,0.));
#563 = PCURVE('',#126,#564);
#564 = DEFINITIONAL_REPRESENTATION('',(#565),#569);
#565 = LINE('',#566,#567);
#566 = CARTESIAN_POINT('',(1.5,3.));
#567 = VECTOR('',#568,1.);
#568 = DIRECTION('',(-1.,0.));
#569 = ( GEOMETRIC_REPRESENTATION_CONTEXT(2) 
PARAMETRIC_REPRESENTATION_CONTEXT() REPRESENTATION_CONTEXT('2D SPACE',''
  ) );
#570 = PCURVE('',#571,#576);
#571 = PLANE('',#572);
#572 = AXIS2_PLACEMENT_3D('',#573,#574,#575);
#573 = CARTESIAN_POINT('',(-37.,-22.,2.5));
#574 = DIRECTION('',(-0.,1.,0.));
#575 = DIRECTION('',(0.,0.,1.));
#576 = DEFINITIONAL_REPRESENTATION('',(#577),#580);
#577 = B_SPLINE_CURVE_WITH_KNOTS('',1,(#578,#579),.UNSPECIFIED.,.F.,.F.,
  (2,2),(-75.5,-1.5),.PIECEWISE_BEZIER_KNOTS.);
#578 = CARTESIAN_POINT('',(19.5,74.));
#579 = CARTESIAN_POINT('',(19.5,0.));
#580 = ( GEOMETRIC_REPRESENTATION_CONTEXT(2) 
PARAMETRIC_REPRESENTATION_CONTEXT() REPRESENTATION_CONTEXT('2D SPACE',''
  ) );
#581 = ORIENTED_EDGE('',*,*,#582,.T.);
#582 = EDGE_CURVE('',#556,#583,#585,.T.);
#583 = VERTEX_POINT('',#584);
#584 = CARTESIAN_POINT('',(-37.,-16.35424868893,22.));
#585 = SURFACE_CURVE('',#586,(#591,#598),.PCURVE_S1.);
#586 = CIRCLE('',#587,4.);
#587 = AXIS2_PLACEMENT_3D('',#588,#589,#590);
#588 = CARTESIAN_POINT('',(-34.,-19.,22.));
#589 = DIRECTION('',(-0.,0.,1.));
#590 = DIRECTION('',(0.661437827766,-0.75,0.));
#591 = PCURVE('',#126,#592);
#592 = DEFINITIONAL_REPRESENTATION('',(#593),#597);
#593 = CIRCLE('',#594,4.);
#594 = AXIS2_PLACEMENT_2D('',#595,#596);
#595 = CARTESIAN_POINT('',(6.,6.));
#596 = DIRECTION('',(0.661437827766,-0.75));
#597 = ( GEOMETRIC_REPRESENTATION_CONTEXT(2) 
PARAMETRIC_REPRESENTATION_CONTEXT() REPRESENTATION_CONTEXT('2D SPACE',''
  ) );
#598 = PCURVE('',#599,#604);
#599 = CYLINDRICAL_SURFACE('',#600,4.);
#600 = AXIS2_PLACEMENT_3D('',#601,#602,#603);
#601 = CARTESIAN_POINT('',(-34.,-19.,2.5));
#602 = DIRECTION('',(0.,0.,1.));
#603 = DIRECTION('',(1.,0.,-0.));
#604 = DEFINITIONAL_REPRESENTATION('',(#605),#609);
#605 = LINE('',#606,#607);
#606 = CARTESIAN_POINT('',(5.435123228198,19.5));
#607 = VECTOR('',#608,1.);
#608 = DIRECTION('',(1.,0.));
#609 = ( GEOMETRIC_REPRESENTATION_CONTEXT(2) 
PARAMETRIC_REPRESENTATION_CONTEXT() REPRESENTATION_CONTEXT('2D SPACE',''
  ) );
#610 = ORIENTED_EDGE('',*,*,#611,.T.);
#611 = EDGE_CURVE('',#583,#612,#614,.T.);
#612 = VERTEX_POINT('',#613);
#613 = CARTESIAN_POINT('',(-37.,16.354248688935,22.));
#614 = SURFACE_CURVE('',#615,(#619,#626),.PCURVE_S1.);
#615 = LINE('',#616,#617);
#616 = CARTESIAN_POINT('',(-37.,-23.5,22.));
#617 = VECTOR('',#618,1.);
#618 = DIRECTION('',(-0.,1.,0.));
#619 = PCURVE('',#126,#620);
#620 = DEFINITIONAL_REPRESENTATION('',(#621),#625);
#621 = LINE('',#622,#623);
#622 = CARTESIAN_POINT('',(3.,1.5));
#623 = VECTOR('',#624,1.);
#624 = DIRECTION('',(0.,1.));
#625 = ( GEOMETRIC_REPRESENTATION_CONTEXT(2) 
PARAMETRIC_REPRESENTATION_CONTEXT() REPRESENTATION_CONTEXT('2D SPACE',''
  ) );
#626 = PCURVE('',#627,#632);
#627 = PLANE('',#628);
#628 = AXIS2_PLACEMENT_3D('',#629,#630,#631);
#629 = CARTESIAN_POINT('',(-37.,-22.,2.5));
#630 = DIRECTION('',(1.,0.,-0.));
#631 = DIRECTION('',(0.,0.,1.));
#632 = DEFINITIONAL_REPRESENTATION('',(#633),#636);
#633 = B_SPLINE_CURVE_WITH_KNOTS('',1,(#634,#635),.UNSPECIFIED.,.F.,.F.,
  (2,2),(1.5,45.5),.PIECEWISE_BEZIER_KNOTS.);
#634 = CARTESIAN_POINT('',(19.5,0.));
#635 = CARTESIAN_POINT('',(19.5,-44.));
#636 = ( GEOMETRIC_REPRESENTATION_CONTEXT(2) 
PARAMETRIC_REPRESENTATION_CONTEXT() REPRESENTATION_CONTEXT('2D SPACE',''
  ) );
#637 = ORIENTED_EDGE('',*,*,#638,.T.);
#638 = EDGE_CURVE('',#612,#639,#641,.T.);
#639 = VERTEX_POINT('',#640);
#640 = CARTESIAN_POINT('',(-31.35424868893,22.,22.));
#641 = SURFACE_CURVE('',#642,(#647,#654),.PCURVE_S1.);
#642 = CIRCLE('',#643,4.);
#643 = AXIS2_PLACEMENT_3D('',#644,#645,#646);
#644 = CARTESIAN_POINT('',(-34.,19.,22.));
#645 = DIRECTION('',(0.,0.,1.));
#646 = DIRECTION('',(-0.75,-0.661437827766,0.));
#647 = PCURVE('',#126,#648);
#648 = DEFINITIONAL_REPRESENTATION('',(#649),#653);
#649 = CIRCLE('',#650,4.);
#650 = AXIS2_PLACEMENT_2D('',#651,#652);
#651 = CARTESIAN_POINT('',(6.,44.));
#652 = DIRECTION('',(-0.75,-0.661437827766));
#653 = ( GEOMETRIC_REPRESENTATION_CONTEXT(2) 
PARAMETRIC_REPRESENTATION_CONTEXT() REPRESENTATION_CONTEXT('2D SPACE',''
  ) );
#654 = PCURVE('',#655,#660);
#655 = CYLINDRICAL_SURFACE('',#656,4.);
#656 = AXIS2_PLACEMENT_3D('',#657,#658,#659);
#657 = CARTESIAN_POINT('',(-34.,19.,2.5));
#658 = DIRECTION('',(0.,0.,1.));
#659 = DIRECTION('',(1.,0.,-0.));
#660 = DEFINITIONAL_REPRESENTATION('',(#661),#665);
#661 = LINE('',#662,#663);
#662 = CARTESIAN_POINT('',(3.864326901403,19.5));
#663 = VECTOR('',#664,1.);
#664 = DIRECTION('',(1.,0.));
#665 = ( GEOMETRIC_REPRESENTATION_CONTEXT(2) 
PARAMETRIC_REPRESENTATION_CONTEXT() REPRESENTATION_CONTEXT('2D SPACE',''
  ) );
#666 = ORIENTED_EDGE('',*,*,#667,.F.);
#667 = EDGE_CURVE('',#668,#639,#670,.T.);
#668 = VERTEX_POINT('',#669);
#669 = CARTESIAN_POINT('',(31.354248688935,22.,22.));
#670 = SURFACE_CURVE('',#671,(#675,#682),.PCURVE_S1.);
#671 = LINE('',#672,#673);
#672 = CARTESIAN_POINT('',(-38.5,22.,22.));
#673 = VECTOR('',#674,1.);
#674 = DIRECTION('',(-1.,-0.,0.));
#675 = PCURVE('',#126,#676);
#676 = DEFINITIONAL_REPRESENTATION('',(#677),#681);
#677 = LINE('',#678,#679);
#678 = CARTESIAN_POINT('',(1.5,47.));
#679 = VECTOR('',#680,1.);
#680 = DIRECTION('',(-1.,0.));
#681 = ( GEOMETRIC_REPRESENTATION_CONTEXT(2) 
PARAMETRIC_REPRESENTATION_CONTEXT() REPRESENTATION_CONTEXT('2D SPACE',''
  ) );
#682 = PCURVE('',#683,#688);
#683 = PLANE('',#684);
#684 = AXIS2_PLACEMENT_3D('',#685,#686,#687);
#685 = CARTESIAN_POINT('',(-37.,22.,2.5));
#686 = DIRECTION('',(-0.,1.,0.));
#687 = DIRECTION('',(0.,0.,1.));
#688 = DEFINITIONAL_REPRESENTATION('',(#689),#692);
#689 = B_SPLINE_CURVE_WITH_KNOTS('',1,(#690,#691),.UNSPECIFIED.,.F.,.F.,
  (2,2),(-75.5,-1.5),.PIECEWISE_BEZIER_KNOTS.);
#690 = CARTESIAN_POINT('',(19.5,74.));
#691 = CARTESIAN_POINT('',(19.5,0.));
#692 = ( GEOMETRIC_REPRESENTATION_CONTEXT(2) 
PARAMETRIC_REPRESENTATION_CONTEXT() REPRESENTATION_CONTEXT('2D SPACE',''
  ) );
#693 = ORIENTED_EDGE('',*,*,#694,.T.);
#694 = EDGE_CURVE('',#668,#500,#695,.T.);
#695 = SURFACE_CURVE('',#696,(#701,#708),.PCURVE_S1.);
#696 = CIRCLE('',#697,4.);
#697 = AXIS2_PLACEMENT_3D('',#698,#699,#700);
#698 = CARTESIAN_POINT('',(34.,19.,22.));
#699 = DIRECTION('',(0.,0.,1.));
#700 = DIRECTION('',(1.,0.,-0.));
#701 = PCURVE('',#126,#702);
#702 = DEFINITIONAL_REPRESENTATION('',(#703),#707);
#703 = CIRCLE('',#704,4.);
#704 = AXIS2_PLACEMENT_2D('',#705,#706);
#705 = CARTESIAN_POINT('',(74.,44.));
#706 = DIRECTION('',(1.,0.));
#707 = ( GEOMETRIC_REPRESENTATION_CONTEXT(2) 
PARAMETRIC_REPRESENTATION_CONTEXT() REPRESENTATION_CONTEXT('2D SPACE',''
  ) );
#708 = PCURVE('',#709,#714);
#709 = CYLINDRICAL_SURFACE('',#710,4.);
#710 = AXIS2_PLACEMENT_3D('',#711,#712,#713);
#711 = CARTESIAN_POINT('',(34.,19.,2.5));
#712 = DIRECTION('',(0.,0.,1.));
#713 = DIRECTION('',(1.,0.,-0.));
#714 = DEFINITIONAL_REPRESENTATION('',(#715),#719);
#715 = LINE('',#716,#717);
#716 = CARTESIAN_POINT('',(0.,19.5));
#717 = VECTOR('',#718,1.);
#718 = DIRECTION('',(1.,0.));
#719 = ( GEOMETRIC_REPRESENTATION_CONTEXT(2) 
PARAMETRIC_REPRESENTATION_CONTEXT() REPRESENTATION_CONTEXT('2D SPACE',''
  ) );
#720 = FACE_BOUND('',#721,.T.);
#721 = EDGE_LOOP('',(#722));
#722 = ORIENTED_EDGE('',*,*,#723,.F.);
#723 = EDGE_CURVE('',#724,#724,#726,.T.);
#724 = VERTEX_POINT('',#725);
#725 = CARTESIAN_POINT('',(-32.75,19.,22.));
#726 = SURFACE_CURVE('',#727,(#732,#739),.PCURVE_S1.);
#727 = CIRCLE('',#728,1.25);
#728 = AXIS2_PLACEMENT_3D('',#729,#730,#731);
#729 = CARTESIAN_POINT('',(-34.,19.,22.));
#730 = DIRECTION('',(0.,0.,1.));
#731 = DIRECTION('',(1.,0.,-0.));
#732 = PCURVE('',#126,#733);
#733 = DEFINITIONAL_REPRESENTATION('',(#734),#738);
#734 = CIRCLE('',#735,1.25);
#735 = AXIS2_PLACEMENT_2D('',#736,#737);
#736 = CARTESIAN_POINT('',(6.,44.));
#737 = DIRECTION('',(1.,0.));
#738 = ( GEOMETRIC_REPRESENTATION_CONTEXT(2) 
PARAMETRIC_REPRESENTATION_CONTEXT() REPRESENTATION_CONTEXT('2D SPACE',''
  ) );
#739 = PCURVE('',#740,#745);
#740 = CYLINDRICAL_SURFACE('',#741,1.25);
#741 = AXIS2_PLACEMENT_3D('',#742,#743,#744);
#742 = CARTESIAN_POINT('',(-34.,19.,6.));
#743 = DIRECTION('',(0.,0.,1.));
#744 = DIRECTION('',(1.,0.,-0.));
#745 = DEFINITIONAL_REPRESENTATION('',(#746),#750);
#746 = LINE('',#747,#748);
#747 = CARTESIAN_POINT('',(0.,16.));
#748 = VECTOR('',#749,1.);
#749 = DIRECTION('',(1.,0.));
#750 = ( GEOMETRIC_REPRESENTATION_CONTEXT(2) 
PARAMETRIC_REPRESENTATION_CONTEXT() REPRESENTATION_CONTEXT('2D SPACE',''
  ) );
#751 = FACE_BOUND('',#752,.T.);
#752 = EDGE_LOOP('',(#753,#782,#811));
#753 = ORIENTED_EDGE('',*,*,#754,.F.);
#754 = EDGE_CURVE('',#755,#757,#759,.T.);
#755 = VERTEX_POINT('',#756);
#756 = CARTESIAN_POINT('',(-36.64575131106,22.,22.));
#757 = VERTEX_POINT('',#758);
#758 = CARTESIAN_POINT('',(-37.,22.,22.));
#759 = SURFACE_CURVE('',#760,(#764,#771),.PCURVE_S1.);
#760 = LINE('',#761,#762);
#761 = CARTESIAN_POINT('',(-38.5,22.,22.));
#762 = VECTOR('',#763,1.);
#763 = DIRECTION('',(-1.,-0.,0.));
#764 = PCURVE('',#126,#765);
#765 = DEFINITIONAL_REPRESENTATION('',(#766),#770);
#766 = LINE('',#767,#768);
#767 = CARTESIAN_POINT('',(1.5,47.));
#768 = VECTOR('',#769,1.);
#769 = DIRECTION('',(-1.,0.));
#770 = ( GEOMETRIC_REPRESENTATION_CONTEXT(2) 
PARAMETRIC_REPRESENTATION_CONTEXT() REPRESENTATION_CONTEXT('2D SPACE',''
  ) );
#771 = PCURVE('',#772,#777);
#772 = PLANE('',#773);
#773 = AXIS2_PLACEMENT_3D('',#774,#775,#776);
#774 = CARTESIAN_POINT('',(-37.,22.,2.5));
#775 = DIRECTION('',(-0.,1.,0.));
#776 = DIRECTION('',(0.,0.,1.));
#777 = DEFINITIONAL_REPRESENTATION('',(#778),#781);
#778 = B_SPLINE_CURVE_WITH_KNOTS('',1,(#779,#780),.UNSPECIFIED.,.F.,.F.,
  (2,2),(-75.5,-1.5),.PIECEWISE_BEZIER_KNOTS.);
#779 = CARTESIAN_POINT('',(19.5,74.));
#780 = CARTESIAN_POINT('',(19.5,0.));
#781 = ( GEOMETRIC_REPRESENTATION_CONTEXT(2) 
PARAMETRIC_REPRESENTATION_CONTEXT() REPRESENTATION_CONTEXT('2D SPACE',''
  ) );
#782 = ORIENTED_EDGE('',*,*,#783,.T.);
#783 = EDGE_CURVE('',#755,#784,#786,.T.);
#784 = VERTEX_POINT('',#785);
#785 = CARTESIAN_POINT('',(-37.,21.645751311064,22.));
#786 = SURFACE_CURVE('',#787,(#792,#799),.PCURVE_S1.);
#787 = CIRCLE('',#788,4.);
#788 = AXIS2_PLACEMENT_3D('',#789,#790,#791);
#789 = CARTESIAN_POINT('',(-34.,19.,22.));
#790 = DIRECTION('',(0.,0.,1.));
#791 = DIRECTION('',(1.,0.,-0.));
#792 = PCURVE('',#126,#793);
#793 = DEFINITIONAL_REPRESENTATION('',(#794),#798);
#794 = CIRCLE('',#795,4.);
#795 = AXIS2_PLACEMENT_2D('',#796,#797);
#796 = CARTESIAN_POINT('',(6.,44.));
#797 = DIRECTION('',(1.,0.));
#798 = ( GEOMETRIC_REPRESENTATION_CONTEXT(2) 
PARAMETRIC_REPRESENTATION_CONTEXT() REPRESENTATION_CONTEXT('2D SPACE',''
  ) );
#799 = PCURVE('',#800,#805);
#800 = CYLINDRICAL_SURFACE('',#801,4.);
#801 = AXIS2_PLACEMENT_3D('',#802,#803,#804);
#802 = CARTESIAN_POINT('',(-34.,19.,2.5));
#803 = DIRECTION('',(0.,0.,1.));
#804 = DIRECTION('',(1.,0.,-0.));
#805 = DEFINITIONAL_REPRESENTATION('',(#806),#810);
#806 = LINE('',#807,#808);
#807 = CARTESIAN_POINT('',(0.,19.5));
#808 = VECTOR('',#809,1.);
#809 = DIRECTION('',(1.,0.));
#810 = ( GEOMETRIC_REPRESENTATION_CONTEXT(2) 
PARAMETRIC_REPRESENTATION_CONTEXT() REPRESENTATION_CONTEXT('2D SPACE',''
  ) );
#811 = ORIENTED_EDGE('',*,*,#812,.T.);
#812 = EDGE_CURVE('',#784,#757,#813,.T.);
#813 = SURFACE_CURVE('',#814,(#818,#825),.PCURVE_S1.);
#814 = LINE('',#815,#816);
#815 = CARTESIAN_POINT('',(-37.,-23.5,22.));
#816 = VECTOR('',#817,1.);
#817 = DIRECTION('',(-0.,1.,0.));
#818 = PCURVE('',#126,#819);
#819 = DEFINITIONAL_REPRESENTATION('',(#820),#824);
#820 = LINE('',#821,#822);
#821 = CARTESIAN_POINT('',(3.,1.5));
#822 = VECTOR('',#823,1.);
#823 = DIRECTION('',(0.,1.));
#824 = ( GEOMETRIC_REPRESENTATION_CONTEXT(2) 
PARAMETRIC_REPRESENTATION_CONTEXT() REPRESENTATION_CONTEXT('2D SPACE',''
  ) );
#825 = PCURVE('',#826,#831);
#826 = PLANE('',#827);
#827 = AXIS2_PLACEMENT_3D('',#828,#829,#830);
#828 = CARTESIAN_POINT('',(-37.,-22.,2.5));
#829 = DIRECTION('',(1.,0.,-0.));
#830 = DIRECTION('',(0.,0.,1.));
#831 = DEFINITIONAL_REPRESENTATION('',(#832),#835);
#832 = B_SPLINE_CURVE_WITH_KNOTS('',1,(#833,#834),.UNSPECIFIED.,.F.,.F.,
  (2,2),(1.5,45.5),.PIECEWISE_BEZIER_KNOTS.);
#833 = CARTESIAN_POINT('',(19.5,0.));
#834 = CARTESIAN_POINT('',(19.5,-44.));
#835 = ( GEOMETRIC_REPRESENTATION_CONTEXT(2) 
PARAMETRIC_REPRESENTATION_CONTEXT() REPRESENTATION_CONTEXT('2D SPACE',''
  ) );
#836 = FACE_BOUND('',#837,.T.);
#837 = EDGE_LOOP('',(#838));
#838 = ORIENTED_EDGE('',*,*,#839,.F.);
#839 = EDGE_CURVE('',#840,#840,#842,.T.);
#840 = VERTEX_POINT('',#841);
#841 = CARTESIAN_POINT('',(35.25,19.,22.));
#842 = SURFACE_CURVE('',#843,(#848,#855),.PCURVE_S1.);
#843 = CIRCLE('',#844,1.25);
#844 = AXIS2_PLACEMENT_3D('',#845,#846,#847);
#845 = CARTESIAN_POINT('',(34.,19.,22.));
#846 = DIRECTION('',(0.,0.,1.));
#847 = DIRECTION('',(1.,0.,-0.));
#848 = PCURVE('',#126,#849);
#849 = DEFINITIONAL_REPRESENTATION('',(#850),#854);
#850 = CIRCLE('',#851,1.25);
#851 = AXIS2_PLACEMENT_2D('',#852,#853);
#852 = CARTESIAN_POINT('',(74.,44.));
#853 = DIRECTION('',(1.,0.));
#854 = ( GEOMETRIC_REPRESENTATION_CONTEXT(2) 
PARAMETRIC_REPRESENTATION_CONTEXT() REPRESENTATION_CONTEXT('2D SPACE',''
  ) );
#855 = PCURVE('',#856,#861);
#856 = CYLINDRICAL_SURFACE('',#857,1.25);
#857 = AXIS2_PLACEMENT_3D('',#858,#859,#860);
#858 = CARTESIAN_POINT('',(34.,19.,6.));
#859 = DIRECTION('',(0.,0.,1.));
#860 = DIRECTION('',(1.,0.,-0.));
#861 = DEFINITIONAL_REPRESENTATION('',(#862),#866);
#862 = LINE('',#863,#864);
#863 = CARTESIAN_POINT('',(0.,16.));
#864 = VECTOR('',#865,1.);
#865 = DIRECTION('',(1.,0.));
#866 = ( GEOMETRIC_REPRESENTATION_CONTEXT(2) 
PARAMETRIC_REPRESENTATION_CONTEXT() REPRESENTATION_CONTEXT('2D SPACE',''
  ) );
#867 = FACE_BOUND('',#868,.T.);
#868 = EDGE_LOOP('',(#869,#898,#927));
#869 = ORIENTED_EDGE('',*,*,#870,.F.);
#870 = EDGE_CURVE('',#871,#873,#875,.T.);
#871 = VERTEX_POINT('',#872);
#872 = CARTESIAN_POINT('',(37.,21.645751311065,22.));
#873 = VERTEX_POINT('',#874);
#874 = CARTESIAN_POINT('',(37.,22.,22.));
#875 = SURFACE_CURVE('',#876,(#880,#887),.PCURVE_S1.);
#876 = LINE('',#877,#878);
#877 = CARTESIAN_POINT('',(37.,-23.5,22.));
#878 = VECTOR('',#879,1.);
#879 = DIRECTION('',(-0.,1.,0.));
#880 = PCURVE('',#126,#881);
#881 = DEFINITIONAL_REPRESENTATION('',(#882),#886);
#882 = LINE('',#883,#884);
#883 = CARTESIAN_POINT('',(77.,1.5));
#884 = VECTOR('',#885,1.);
#885 = DIRECTION('',(0.,1.));
#886 = ( GEOMETRIC_REPRESENTATION_CONTEXT(2) 
PARAMETRIC_REPRESENTATION_CONTEXT() REPRESENTATION_CONTEXT('2D SPACE',''
  ) );
#887 = PCURVE('',#888,#893);
#888 = PLANE('',#889);
#889 = AXIS2_PLACEMENT_3D('',#890,#891,#892);
#890 = CARTESIAN_POINT('',(37.,-22.,2.5));
#891 = DIRECTION('',(1.,0.,-0.));
#892 = DIRECTION('',(0.,0.,1.));
#893 = DEFINITIONAL_REPRESENTATION('',(#894),#897);
#894 = B_SPLINE_CURVE_WITH_KNOTS('',1,(#895,#896),.UNSPECIFIED.,.F.,.F.,
  (2,2),(1.5,45.5),.PIECEWISE_BEZIER_KNOTS.);
#895 = CARTESIAN_POINT('',(19.5,0.));
#896 = CARTESIAN_POINT('',(19.5,-44.));
#897 = ( GEOMETRIC_REPRESENTATION_CONTEXT(2) 
PARAMETRIC_REPRESENTATION_CONTEXT() REPRESENTATION_CONTEXT('2D SPACE',''
  ) );
#898 = ORIENTED_EDGE('',*,*,#899,.T.);
#899 = EDGE_CURVE('',#871,#900,#902,.T.);
#900 = VERTEX_POINT('',#901);
#901 = CARTESIAN_POINT('',(36.645751311064,22.,22.));
#902 = SURFACE_CURVE('',#903,(#908,#915),.PCURVE_S1.);
#903 = CIRCLE('',#904,4.);
#904 = AXIS2_PLACEMENT_3D('',#905,#906,#907);
#905 = CARTESIAN_POINT('',(34.,19.,22.));
#906 = DIRECTION('',(0.,0.,1.));
#907 = DIRECTION('',(1.,0.,-0.));
#908 = PCURVE('',#126,#909);
#909 = DEFINITIONAL_REPRESENTATION('',(#910),#914);
#910 = CIRCLE('',#911,4.);
#911 = AXIS2_PLACEMENT_2D('',#912,#913);
#912 = CARTESIAN_POINT('',(74.,44.));
#913 = DIRECTION('',(1.,0.));
#914 = ( GEOMETRIC_REPRESENTATION_CONTEXT(2) 
PARAMETRIC_REPRESENTATION_CONTEXT() REPRESENTATION_CONTEXT('2D SPACE',''
  ) );
#915 = PCURVE('',#916,#921);
#916 = CYLINDRICAL_SURFACE('',#917,4.);
#917 = AXIS2_PLACEMENT_3D('',#918,#919,#920);
#918 = CARTESIAN_POINT('',(34.,19.,2.5));
#919 = DIRECTION('',(0.,0.,1.));
#920 = DIRECTION('',(1.,0.,-0.));
#921 = DEFINITIONAL_REPRESENTATION('',(#922),#926);
#922 = LINE('',#923,#924);
#923 = CARTESIAN_POINT('',(0.,19.5));
#924 = VECTOR('',#925,1.);
#925 = DIRECTION('',(1.,0.));
#926 = ( GEOMETRIC_REPRESENTATION_CONTEXT(2) 
PARAMETRIC_REPRESENTATION_CONTEXT() REPRESENTATION_CONTEXT('2D SPACE',''
  ) );
#927 = ORIENTED_EDGE('',*,*,#928,.F.);
#928 = EDGE_CURVE('',#873,#900,#929,.T.);
#929 = SURFACE_CURVE('',#930,(#934,#941),.PCURVE_S1.);
#930 = LINE('',#931,#932);
#931 = CARTESIAN_POINT('',(-38.5,22.,22.));
#932 = VECTOR('',#933,1.);
#933 = DIRECTION('',(-1.,-0.,0.));
#934 = PCURVE('',#126,#935);
#935 = DEFINITIONAL_REPRESENTATION('',(#936),#940);
#936 = LINE('',#937,#938);
#937 = CARTESIAN_POINT('',(1.5,47.));
#938 = VECTOR('',#939,1.);
#939 = DIRECTION('',(-1.,0.));
#940 = ( GEOMETRIC_REPRESENTATION_CONTEXT(2) 
PARAMETRIC_REPRESENTATION_CONTEXT() REPRESENTATION_CONTEXT('2D SPACE',''
  ) );
#941 = PCURVE('',#942,#947);
#942 = PLANE('',#943);
#943 = AXIS2_PLACEMENT_3D('',#944,#945,#946);
#944 = CARTESIAN_POINT('',(-37.,22.,2.5));
#945 = DIRECTION('',(-0.,1.,0.));
#946 = DIRECTION('',(0.,0.,1.));
#947 = DEFINITIONAL_REPRESENTATION('',(#948),#951);
#948 = B_SPLINE_CURVE_WITH_KNOTS('',1,(#949,#950),.UNSPECIFIED.,.F.,.F.,
  (2,2),(-75.5,-1.5),.PIECEWISE_BEZIER_KNOTS.);
#949 = CARTESIAN_POINT('',(19.5,74.));
#950 = CARTESIAN_POINT('',(19.5,0.));
#951 = ( GEOMETRIC_REPRESENTATION_CONTEXT(2) 
PARAMETRIC_REPRESENTATION_CONTEXT() REPRESENTATION_CONTEXT('2D SPACE',''
  ) );
#952 = ADVANCED_FACE('',(#953),#100,.T.);
#953 = FACE_BOUND('',#954,.T.);
#954 = EDGE_LOOP('',(#955,#978,#979,#980));
#955 = ORIENTED_EDGE('',*,*,#956,.F.);
#956 = EDGE_CURVE('',#57,#957,#959,.T.);
#957 = VERTEX_POINT('',#958);
#958 = CARTESIAN_POINT('',(40.,25.,0.));
#959 = SURFACE_CURVE('',#960,(#964,#971),.PCURVE_S1.);
#960 = LINE('',#961,#962);
#961 = CARTESIAN_POINT('',(-40.,25.,0.));
#962 = VECTOR('',#963,1.);
#963 = DIRECTION('',(1.,0.,-0.));
#964 = PCURVE('',#100,#965);
#965 = DEFINITIONAL_REPRESENTATION('',(#966),#970);
#966 = LINE('',#967,#968);
#967 = CARTESIAN_POINT('',(0.,0.));
#968 = VECTOR('',#969,1.);
#969 = DIRECTION('',(0.,1.));
#970 = ( GEOMETRIC_REPRESENTATION_CONTEXT(2) 
PARAMETRIC_REPRESENTATION_CONTEXT() REPRESENTATION_CONTEXT('2D SPACE',''
  ) );
#971 = PCURVE('',#72,#972);
#972 = DEFINITIONAL_REPRESENTATION('',(#973),#977);
#973 = LINE('',#974,#975);
#974 = CARTESIAN_POINT('',(0.,50.));
#975 = VECTOR('',#976,1.);
#976 = DIRECTION('',(1.,0.));
#977 = ( GEOMETRIC_REPRESENTATION_CONTEXT(2) 
PARAMETRIC_REPRESENTATION_CONTEXT() REPRESENTATION_CONTEXT('2D SPACE',''
  ) );
#978 = ORIENTED_EDGE('',*,*,#84,.T.);
#979 = ORIENTED_EDGE('',*,*,#242,.T.);
#980 = ORIENTED_EDGE('',*,*,#981,.F.);
#981 = EDGE_CURVE('',#957,#220,#982,.T.);
#982 = SURFACE_CURVE('',#983,(#987,#994),.PCURVE_S1.);
#983 = LINE('',#984,#985);
#984 = CARTESIAN_POINT('',(40.,25.,0.));
#985 = VECTOR('',#986,1.);
#986 = DIRECTION('',(0.,0.,1.));
#987 = PCURVE('',#100,#988);
#988 = DEFINITIONAL_REPRESENTATION('',(#989),#993);
#989 = LINE('',#990,#991);
#990 = CARTESIAN_POINT('',(0.,80.));
#991 = VECTOR('',#992,1.);
#992 = DIRECTION('',(1.,0.));
#993 = ( GEOMETRIC_REPRESENTATION_CONTEXT(2) 
PARAMETRIC_REPRESENTATION_CONTEXT() REPRESENTATION_CONTEXT('2D SPACE',''
  ) );
#994 = PCURVE('',#202,#995);
#995 = DEFINITIONAL_REPRESENTATION('',(#996),#1000);
#996 = LINE('',#997,#998);
#997 = CARTESIAN_POINT('',(0.,-50.));
#998 = VECTOR('',#999,1.);
#999 = DIRECTION('',(1.,0.));
#1000 = ( GEOMETRIC_REPRESENTATION_CONTEXT(2) 
PARAMETRIC_REPRESENTATION_CONTEXT() REPRESENTATION_CONTEXT('2D SPACE',''
  ) );
#1001 = ADVANCED_FACE('',(#1002),#72,.F.);
#1002 = FACE_BOUND('',#1003,.F.);
#1003 = EDGE_LOOP('',(#1004,#1005,#1006,#1027));
#1004 = ORIENTED_EDGE('',*,*,#56,.F.);
#1005 = ORIENTED_EDGE('',*,*,#141,.T.);
#1006 = ORIENTED_EDGE('',*,*,#1007,.T.);
#1007 = EDGE_CURVE('',#142,#957,#1008,.T.);
#1008 = SURFACE_CURVE('',#1009,(#1013,#1020),.PCURVE_S1.);
#1009 = LINE('',#1010,#1011);
#1010 = CARTESIAN_POINT('',(40.,-25.,0.));
#1011 = VECTOR('',#1012,1.);
#1012 = DIRECTION('',(-0.,1.,0.));
#1013 = PCURVE('',#72,#1014);
#1014 = DEFINITIONAL_REPRESENTATION('',(#1015),#1019);
#1015 = LINE('',#1016,#1017);
#1016 = CARTESIAN_POINT('',(80.,0.));
#1017 = VECTOR('',#1018,1.);
#1018 = DIRECTION('',(0.,1.));
#1019 = ( GEOMETRIC_REPRESENTATION_CONTEXT(2) 
PARAMETRIC_REPRESENTATION_CONTEXT() REPRESENTATION_CONTEXT('2D SPACE',''
  ) );
#1020 = PCURVE('',#202,#1021);
#1021 = DEFINITIONAL_REPRESENTATION('',(#1022),#1026);
#1022 = LINE('',#1023,#1024);
#1023 = CARTESIAN_POINT('',(0.,0.));
#1024 = VECTOR('',#1025,1.);
#1025 = DIRECTION('',(0.,-1.));
#1026 = ( GEOMETRIC_REPRESENTATION_CONTEXT(2) 
PARAMETRIC_REPRESENTATION_CONTEXT() REPRESENTATION_CONTEXT('2D SPACE',''
  ) );
#1027 = ORIENTED_EDGE('',*,*,#956,.F.);
#1028 = ADVANCED_FACE('',(#1029),#202,.T.);
#1029 = FACE_BOUND('',#1030,.T.);
#1030 = EDGE_LOOP('',(#1031,#1032,#1033,#1034));
#1031 = ORIENTED_EDGE('',*,*,#188,.F.);
#1032 = ORIENTED_EDGE('',*,*,#1007,.T.);
#1033 = ORIENTED_EDGE('',*,*,#981,.T.);
#1034 = ORIENTED_EDGE('',*,*,#219,.F.);
#1035 = ADVANCED_FACE('',(#1036),#283,.T.);
#1036 = FACE_BOUND('',#1037,.T.);
#1037 = EDGE_LOOP('',(#1038,#1061,#1089,#1108));
#1038 = ORIENTED_EDGE('',*,*,#1039,.F.);
#1039 = EDGE_CURVE('',#1040,#266,#1042,.T.);
#1040 = VERTEX_POINT('',#1041);
#1041 = CARTESIAN_POINT('',(-37.,-22.,2.5));
#1042 = SURFACE_CURVE('',#1043,(#1047,#1054),.PCURVE_S1.);
#1043 = LINE('',#1044,#1045);
#1044 = CARTESIAN_POINT('',(-37.,-22.,2.5));
#1045 = VECTOR('',#1046,1.);
#1046 = DIRECTION('',(0.,0.,1.));
#1047 = PCURVE('',#283,#1048);
#1048 = DEFINITIONAL_REPRESENTATION('',(#1049),#1053);
#1049 = LINE('',#1050,#1051);
#1050 = CARTESIAN_POINT('',(0.,0.));
#1051 = VECTOR('',#1052,1.);
#1052 = DIRECTION('',(1.,0.));
#1053 = ( GEOMETRIC_REPRESENTATION_CONTEXT(2) 
PARAMETRIC_REPRESENTATION_CONTEXT() REPRESENTATION_CONTEXT('2D SPACE',''
  ) );
#1054 = PCURVE('',#337,#1055);
#1055 = DEFINITIONAL_REPRESENTATION('',(#1056),#1060);
#1056 = LINE('',#1057,#1058);
#1057 = CARTESIAN_POINT('',(0.,0.));
#1058 = VECTOR('',#1059,1.);
#1059 = DIRECTION('',(1.,0.));
#1060 = ( GEOMETRIC_REPRESENTATION_CONTEXT(2) 
PARAMETRIC_REPRESENTATION_CONTEXT() REPRESENTATION_CONTEXT('2D SPACE',''
  ) );
#1061 = ORIENTED_EDGE('',*,*,#1062,.T.);
#1062 = EDGE_CURVE('',#1040,#1063,#1065,.T.);
#1063 = VERTEX_POINT('',#1064);
#1064 = CARTESIAN_POINT('',(-37.,-21.64575131106,2.5));
#1065 = SURFACE_CURVE('',#1066,(#1070,#1077),.PCURVE_S1.);
#1066 = LINE('',#1067,#1068);
#1067 = CARTESIAN_POINT('',(-37.,-22.,2.5));
#1068 = VECTOR('',#1069,1.);
#1069 = DIRECTION('',(-0.,1.,0.));
#1070 = PCURVE('',#283,#1071);
#1071 = DEFINITIONAL_REPRESENTATION('',(#1072),#1076);
#1072 = LINE('',#1073,#1074);
#1073 = CARTESIAN_POINT('',(0.,0.));
#1074 = VECTOR('',#1075,1.);
#1075 = DIRECTION('',(0.,-1.));
#1076 = ( GEOMETRIC_REPRESENTATION_CONTEXT(2) 
PARAMETRIC_REPRESENTATION_CONTEXT() REPRESENTATION_CONTEXT('2D SPACE',''
  ) );
#1077 = PCURVE('',#1078,#1083);
#1078 = PLANE('',#1079);
#1079 = AXIS2_PLACEMENT_3D('',#1080,#1081,#1082);
#1080 = CARTESIAN_POINT('',(-37.,-22.,2.5));
#1081 = DIRECTION('',(0.,0.,1.));
#1082 = DIRECTION('',(1.,0.,-0.));
#1083 = DEFINITIONAL_REPRESENTATION('',(#1084),#1088);
#1084 = LINE('',#1085,#1086);
#1085 = CARTESIAN_POINT('',(0.,0.));
#1086 = VECTOR('',#1087,1.);
#1087 = DIRECTION('',(0.,1.));
#1088 = ( GEOMETRIC_REPRESENTATION_CONTEXT(2) 
PARAMETRIC_REPRESENTATION_CONTEXT() REPRESENTATION_CONTEXT('2D SPACE',''
  ) );
#1089 = ORIENTED_EDGE('',*,*,#1090,.T.);
#1090 = EDGE_CURVE('',#1063,#268,#1091,.T.);
#1091 = SURFACE_CURVE('',#1092,(#1096,#1102),.PCURVE_S1.);
#1092 = LINE('',#1093,#1094);
#1093 = CARTESIAN_POINT('',(-37.,-21.64575131106,2.5));
#1094 = VECTOR('',#1095,1.);
#1095 = DIRECTION('',(0.,0.,1.));
#1096 = PCURVE('',#283,#1097);
#1097 = DEFINITIONAL_REPRESENTATION('',(#1098),#1101);
#1098 = B_SPLINE_CURVE_WITH_KNOTS('',1,(#1099,#1100),.UNSPECIFIED.,.F.,
  .F.,(2,2),(-2.400000000069E-06,19.5000024),.PIECEWISE_BEZIER_KNOTS.);
#1099 = CARTESIAN_POINT('',(-2.400000000069E-06,-0.354248688935));
#1100 = CARTESIAN_POINT('',(19.5000024,-0.354248688935));
#1101 = ( GEOMETRIC_REPRESENTATION_CONTEXT(2) 
PARAMETRIC_REPRESENTATION_CONTEXT() REPRESENTATION_CONTEXT('2D SPACE',''
  ) );
#1102 = PCURVE('',#311,#1103);
#1103 = DEFINITIONAL_REPRESENTATION('',(#1104),#1107);
#1104 = B_SPLINE_CURVE_WITH_KNOTS('',1,(#1105,#1106),.UNSPECIFIED.,.F.,
  .F.,(2,2),(-2.400000000069E-06,19.5000024),.PIECEWISE_BEZIER_KNOTS.);
#1105 = CARTESIAN_POINT('',(3.864326901403,-2.400000000069E-06));
#1106 = CARTESIAN_POINT('',(3.864326901403,19.5000024));
#1107 = ( GEOMETRIC_REPRESENTATION_CONTEXT(2) 
PARAMETRIC_REPRESENTATION_CONTEXT() REPRESENTATION_CONTEXT('2D SPACE',''
  ) );
#1108 = ORIENTED_EDGE('',*,*,#265,.F.);
#1109 = ADVANCED_FACE('',(#1110),#337,.T.);
#1110 = FACE_BOUND('',#1111,.T.);
#1111 = EDGE_LOOP('',(#1112,#1133,#1154,#1155));
#1112 = ORIENTED_EDGE('',*,*,#1113,.F.);
#1113 = EDGE_CURVE('',#1114,#295,#1116,.T.);
#1114 = VERTEX_POINT('',#1115);
#1115 = CARTESIAN_POINT('',(-36.64575131106,-22.,2.5));
#1116 = SURFACE_CURVE('',#1117,(#1121,#1127),.PCURVE_S1.);
#1117 = LINE('',#1118,#1119);
#1118 = CARTESIAN_POINT('',(-36.64575131106,-22.,2.5));
#1119 = VECTOR('',#1120,1.);
#1120 = DIRECTION('',(0.,0.,1.));
#1121 = PCURVE('',#337,#1122);
#1122 = DEFINITIONAL_REPRESENTATION('',(#1123),#1126);
#1123 = B_SPLINE_CURVE_WITH_KNOTS('',1,(#1124,#1125),.UNSPECIFIED.,.F.,
  .F.,(2,2),(-2.400000000069E-06,19.5000024),.PIECEWISE_BEZIER_KNOTS.);
#1124 = CARTESIAN_POINT('',(-2.400000000069E-06,0.354248688935));
#1125 = CARTESIAN_POINT('',(19.5000024,0.354248688935));
#1126 = ( GEOMETRIC_REPRESENTATION_CONTEXT(2) 
PARAMETRIC_REPRESENTATION_CONTEXT() REPRESENTATION_CONTEXT('2D SPACE',''
  ) );
#1127 = PCURVE('',#311,#1128);
#1128 = DEFINITIONAL_REPRESENTATION('',(#1129),#1132);
#1129 = B_SPLINE_CURVE_WITH_KNOTS('',1,(#1130,#1131),.UNSPECIFIED.,.F.,
  .F.,(2,2),(-2.400000000069E-06,19.5000024),.PIECEWISE_BEZIER_KNOTS.);
#1130 = CARTESIAN_POINT('',(3.989654732571,-2.400000000069E-06));
#1131 = CARTESIAN_POINT('',(3.989654732571,19.5000024));
#1132 = ( GEOMETRIC_REPRESENTATION_CONTEXT(2) 
PARAMETRIC_REPRESENTATION_CONTEXT() REPRESENTATION_CONTEXT('2D SPACE',''
  ) );
#1133 = ORIENTED_EDGE('',*,*,#1134,.F.);
#1134 = EDGE_CURVE('',#1040,#1114,#1135,.T.);
#1135 = SURFACE_CURVE('',#1136,(#1140,#1147),.PCURVE_S1.);
#1136 = LINE('',#1137,#1138);
#1137 = CARTESIAN_POINT('',(-37.,-22.,2.5));
#1138 = VECTOR('',#1139,1.);
#1139 = DIRECTION('',(1.,0.,-0.));
#1140 = PCURVE('',#337,#1141);
#1141 = DEFINITIONAL_REPRESENTATION('',(#1142),#1146);
#1142 = LINE('',#1143,#1144);
#1143 = CARTESIAN_POINT('',(0.,0.));
#1144 = VECTOR('',#1145,1.);
#1145 = DIRECTION('',(0.,1.));
#1146 = ( GEOMETRIC_REPRESENTATION_CONTEXT(2) 
PARAMETRIC_REPRESENTATION_CONTEXT() REPRESENTATION_CONTEXT('2D SPACE',''
  ) );
#1147 = PCURVE('',#1078,#1148);
#1148 = DEFINITIONAL_REPRESENTATION('',(#1149),#1153);
#1149 = LINE('',#1150,#1151);
#1150 = CARTESIAN_POINT('',(0.,0.));
#1151 = VECTOR('',#1152,1.);
#1152 = DIRECTION('',(1.,0.));
#1153 = ( GEOMETRIC_REPRESENTATION_CONTEXT(2) 
PARAMETRIC_REPRESENTATION_CONTEXT() REPRESENTATION_CONTEXT('2D SPACE',''
  ) );
#1154 = ORIENTED_EDGE('',*,*,#1039,.T.);
#1155 = ORIENTED_EDGE('',*,*,#323,.F.);
#1156 = ADVANCED_FACE('',(#1157),#311,.T.);
#1157 = FACE_BOUND('',#1158,.T.);
#1158 = EDGE_LOOP('',(#1159,#1160,#1161,#1183));
#1159 = ORIENTED_EDGE('',*,*,#294,.F.);
#1160 = ORIENTED_EDGE('',*,*,#1090,.F.);
#1161 = ORIENTED_EDGE('',*,*,#1162,.T.);
#1162 = EDGE_CURVE('',#1063,#1114,#1163,.T.);
#1163 = SURFACE_CURVE('',#1164,(#1169,#1176),.PCURVE_S1.);
#1164 = CIRCLE('',#1165,4.);
#1165 = AXIS2_PLACEMENT_3D('',#1166,#1167,#1168);
#1166 = CARTESIAN_POINT('',(-34.,-19.,2.5));
#1167 = DIRECTION('',(0.,0.,1.));
#1168 = DIRECTION('',(1.,0.,-0.));
#1169 = PCURVE('',#311,#1170);
#1170 = DEFINITIONAL_REPRESENTATION('',(#1171),#1175);
#1171 = LINE('',#1172,#1173);
#1172 = CARTESIAN_POINT('',(0.,0.));
#1173 = VECTOR('',#1174,1.);
#1174 = DIRECTION('',(1.,0.));
#1175 = ( GEOMETRIC_REPRESENTATION_CONTEXT(2) 
PARAMETRIC_REPRESENTATION_CONTEXT() REPRESENTATION_CONTEXT('2D SPACE',''
  ) );
#1176 = PCURVE('',#1078,#1177);
#1177 = DEFINITIONAL_REPRESENTATION('',(#1178),#1182);
#1178 = CIRCLE('',#1179,4.);
#1179 = AXIS2_PLACEMENT_2D('',#1180,#1181);
#1180 = CARTESIAN_POINT('',(3.,3.));
#1181 = DIRECTION('',(1.,0.));
#1182 = ( GEOMETRIC_REPRESENTATION_CONTEXT(2) 
PARAMETRIC_REPRESENTATION_CONTEXT() REPRESENTATION_CONTEXT('2D SPACE',''
  ) );
#1183 = ORIENTED_EDGE('',*,*,#1113,.T.);
#1184 = ADVANCED_FACE('',(#1185),#367,.F.);
#1185 = FACE_BOUND('',#1186,.F.);
#1186 = EDGE_LOOP('',(#1187,#1188,#1211,#1238));
#1187 = ORIENTED_EDGE('',*,*,#350,.F.);
#1188 = ORIENTED_EDGE('',*,*,#1189,.F.);
#1189 = EDGE_CURVE('',#1190,#351,#1192,.T.);
#1190 = VERTEX_POINT('',#1191);
#1191 = CARTESIAN_POINT('',(-32.75,-19.,6.));
#1192 = SEAM_CURVE('',#1193,(#1197,#1204),.PCURVE_S1.);
#1193 = LINE('',#1194,#1195);
#1194 = CARTESIAN_POINT('',(-32.75,-19.,6.));
#1195 = VECTOR('',#1196,1.);
#1196 = DIRECTION('',(0.,0.,1.));
#1197 = PCURVE('',#367,#1198);
#1198 = DEFINITIONAL_REPRESENTATION('',(#1199),#1203);
#1199 = LINE('',#1200,#1201);
#1200 = CARTESIAN_POINT('',(6.28318530718,-0.));
#1201 = VECTOR('',#1202,1.);
#1202 = DIRECTION('',(0.,1.));
#1203 = ( GEOMETRIC_REPRESENTATION_CONTEXT(2) 
PARAMETRIC_REPRESENTATION_CONTEXT() REPRESENTATION_CONTEXT('2D SPACE',''
  ) );
#1204 = PCURVE('',#367,#1205);
#1205 = DEFINITIONAL_REPRESENTATION('',(#1206),#1210);
#1206 = LINE('',#1207,#1208);
#1207 = CARTESIAN_POINT('',(0.,-0.));
#1208 = VECTOR('',#1209,1.);
#1209 = DIRECTION('',(0.,1.));
#1210 = ( GEOMETRIC_REPRESENTATION_CONTEXT(2) 
PARAMETRIC_REPRESENTATION_CONTEXT() REPRESENTATION_CONTEXT('2D SPACE',''
  ) );
#1211 = ORIENTED_EDGE('',*,*,#1212,.T.);
#1212 = EDGE_CURVE('',#1190,#1190,#1213,.T.);
#1213 = SURFACE_CURVE('',#1214,(#1219,#1226),.PCURVE_S1.);
#1214 = CIRCLE('',#1215,1.25);
#1215 = AXIS2_PLACEMENT_3D('',#1216,#1217,#1218);
#1216 = CARTESIAN_POINT('',(-34.,-19.,6.));
#1217 = DIRECTION('',(0.,0.,1.));
#1218 = DIRECTION('',(1.,0.,-0.));
#1219 = PCURVE('',#367,#1220);
#1220 = DEFINITIONAL_REPRESENTATION('',(#1221),#1225);
#1221 = LINE('',#1222,#1223);
#1222 = CARTESIAN_POINT('',(0.,0.));
#1223 = VECTOR('',#1224,1.);
#1224 = DIRECTION('',(1.,0.));
#1225 = ( GEOMETRIC_REPRESENTATION_CONTEXT(2) 
PARAMETRIC_REPRESENTATION_CONTEXT() REPRESENTATION_CONTEXT('2D SPACE',''
  ) );
#1226 = PCURVE('',#1227,#1232);
#1227 = PLANE('',#1228);
#1228 = AXIS2_PLACEMENT_3D('',#1229,#1230,#1231);
#1229 = CARTESIAN_POINT('',(-34.,-19.,6.));
#1230 = DIRECTION('',(0.,0.,1.));
#1231 = DIRECTION('',(1.,0.,-0.));
#1232 = DEFINITIONAL_REPRESENTATION('',(#1233),#1237);
#1233 = CIRCLE('',#1234,1.25);
#1234 = AXIS2_PLACEMENT_2D('',#1235,#1236);
#1235 = CARTESIAN_POINT('',(0.,0.));
#1236 = DIRECTION('',(1.,0.));
#1237 = ( GEOMETRIC_REPRESENTATION_CONTEXT(2) 
PARAMETRIC_REPRESENTATION_CONTEXT() REPRESENTATION_CONTEXT('2D SPACE',''
  ) );
#1238 = ORIENTED_EDGE('',*,*,#1189,.T.);
#1239 = ADVANCED_FACE('',(#1240),#399,.F.);
#1240 = FACE_BOUND('',#1241,.F.);
#1241 = EDGE_LOOP('',(#1242,#1265,#1293,#1312));
#1242 = ORIENTED_EDGE('',*,*,#1243,.F.);
#1243 = EDGE_CURVE('',#1244,#382,#1246,.T.);
#1244 = VERTEX_POINT('',#1245);
#1245 = CARTESIAN_POINT('',(37.,-22.,2.5));
#1246 = SURFACE_CURVE('',#1247,(#1251,#1258),.PCURVE_S1.);
#1247 = LINE('',#1248,#1249);
#1248 = CARTESIAN_POINT('',(37.,-22.,2.5));
#1249 = VECTOR('',#1250,1.);
#1250 = DIRECTION('',(0.,0.,1.));
#1251 = PCURVE('',#399,#1252);
#1252 = DEFINITIONAL_REPRESENTATION('',(#1253),#1257);
#1253 = LINE('',#1254,#1255);
#1254 = CARTESIAN_POINT('',(0.,0.));
#1255 = VECTOR('',#1256,1.);
#1256 = DIRECTION('',(1.,0.));
#1257 = ( GEOMETRIC_REPRESENTATION_CONTEXT(2) 
PARAMETRIC_REPRESENTATION_CONTEXT() REPRESENTATION_CONTEXT('2D SPACE',''
  ) );
#1258 = PCURVE('',#426,#1259);
#1259 = DEFINITIONAL_REPRESENTATION('',(#1260),#1264);
#1260 = LINE('',#1261,#1262);
#1261 = CARTESIAN_POINT('',(0.,74.));
#1262 = VECTOR('',#1263,1.);
#1263 = DIRECTION('',(1.,0.));
#1264 = ( GEOMETRIC_REPRESENTATION_CONTEXT(2) 
PARAMETRIC_REPRESENTATION_CONTEXT() REPRESENTATION_CONTEXT('2D SPACE',''
  ) );
#1265 = ORIENTED_EDGE('',*,*,#1266,.T.);
#1266 = EDGE_CURVE('',#1244,#1267,#1269,.T.);
#1267 = VERTEX_POINT('',#1268);
#1268 = CARTESIAN_POINT('',(37.,-21.64575131106,2.5));
#1269 = SURFACE_CURVE('',#1270,(#1274,#1281),.PCURVE_S1.);
#1270 = LINE('',#1271,#1272);
#1271 = CARTESIAN_POINT('',(37.,-22.,2.5));
#1272 = VECTOR('',#1273,1.);
#1273 = DIRECTION('',(-0.,1.,0.));
#1274 = PCURVE('',#399,#1275);
#1275 = DEFINITIONAL_REPRESENTATION('',(#1276),#1280);
#1276 = LINE('',#1277,#1278);
#1277 = CARTESIAN_POINT('',(0.,0.));
#1278 = VECTOR('',#1279,1.);
#1279 = DIRECTION('',(0.,-1.));
#1280 = ( GEOMETRIC_REPRESENTATION_CONTEXT(2) 
PARAMETRIC_REPRESENTATION_CONTEXT() REPRESENTATION_CONTEXT('2D SPACE',''
  ) );
#1281 = PCURVE('',#1282,#1287);
#1282 = PLANE('',#1283);
#1283 = AXIS2_PLACEMENT_3D('',#1284,#1285,#1286);
#1284 = CARTESIAN_POINT('',(-37.,-22.,2.5));
#1285 = DIRECTION('',(0.,0.,1.));
#1286 = DIRECTION('',(1.,0.,-0.));
#1287 = DEFINITIONAL_REPRESENTATION('',(#1288),#1292);
#1288 = LINE('',#1289,#1290);
#1289 = CARTESIAN_POINT('',(74.,0.));
#1290 = VECTOR('',#1291,1.);
#1291 = DIRECTION('',(0.,1.));
#1292 = ( GEOMETRIC_REPRESENTATION_CONTEXT(2) 
PARAMETRIC_REPRESENTATION_CONTEXT() REPRESENTATION_CONTEXT('2D SPACE',''
  ) );
#1293 = ORIENTED_EDGE('',*,*,#1294,.T.);
#1294 = EDGE_CURVE('',#1267,#384,#1295,.T.);
#1295 = SURFACE_CURVE('',#1296,(#1300,#1306),.PCURVE_S1.);
#1296 = LINE('',#1297,#1298);
#1297 = CARTESIAN_POINT('',(37.,-21.64575131106,2.5));
#1298 = VECTOR('',#1299,1.);
#1299 = DIRECTION('',(0.,0.,1.));
#1300 = PCURVE('',#399,#1301);
#1301 = DEFINITIONAL_REPRESENTATION('',(#1302),#1305);
#1302 = B_SPLINE_CURVE_WITH_KNOTS('',1,(#1303,#1304),.UNSPECIFIED.,.F.,
  .F.,(2,2),(-2.400000000069E-06,19.5000024),.PIECEWISE_BEZIER_KNOTS.);
#1303 = CARTESIAN_POINT('',(-2.400000000069E-06,-0.354248688935));
#1304 = CARTESIAN_POINT('',(19.5000024,-0.354248688935));
#1305 = ( GEOMETRIC_REPRESENTATION_CONTEXT(2) 
PARAMETRIC_REPRESENTATION_CONTEXT() REPRESENTATION_CONTEXT('2D SPACE',''
  ) );
#1306 = PCURVE('',#452,#1307);
#1307 = DEFINITIONAL_REPRESENTATION('',(#1308),#1311);
#1308 = B_SPLINE_CURVE_WITH_KNOTS('',1,(#1309,#1310),.UNSPECIFIED.,.F.,
  .F.,(2,2),(-2.400000000069E-06,19.5000024),.PIECEWISE_BEZIER_KNOTS.);
#1309 = CARTESIAN_POINT('',(5.560451059366,-2.400000000069E-06));
#1310 = CARTESIAN_POINT('',(5.560451059366,19.5000024));
#1311 = ( GEOMETRIC_REPRESENTATION_CONTEXT(2) 
PARAMETRIC_REPRESENTATION_CONTEXT() REPRESENTATION_CONTEXT('2D SPACE',''
  ) );
#1312 = ORIENTED_EDGE('',*,*,#381,.F.);
#1313 = ADVANCED_FACE('',(#1314),#426,.T.);
#1314 = FACE_BOUND('',#1315,.T.);
#1315 = EDGE_LOOP('',(#1316,#1317,#1340,#1359));
#1316 = ORIENTED_EDGE('',*,*,#1243,.F.);
#1317 = ORIENTED_EDGE('',*,*,#1318,.F.);
#1318 = EDGE_CURVE('',#1319,#1244,#1321,.T.);
#1319 = VERTEX_POINT('',#1320);
#1320 = CARTESIAN_POINT('',(36.645751311065,-22.,2.5));
#1321 = SURFACE_CURVE('',#1322,(#1326,#1333),.PCURVE_S1.);
#1322 = LINE('',#1323,#1324);
#1323 = CARTESIAN_POINT('',(-37.,-22.,2.5));
#1324 = VECTOR('',#1325,1.);
#1325 = DIRECTION('',(1.,0.,-0.));
#1326 = PCURVE('',#426,#1327);
#1327 = DEFINITIONAL_REPRESENTATION('',(#1328),#1332);
#1328 = LINE('',#1329,#1330);
#1329 = CARTESIAN_POINT('',(0.,0.));
#1330 = VECTOR('',#1331,1.);
#1331 = DIRECTION('',(0.,1.));
#1332 = ( GEOMETRIC_REPRESENTATION_CONTEXT(2) 
PARAMETRIC_REPRESENTATION_CONTEXT() REPRESENTATION_CONTEXT('2D SPACE',''
  ) );
#1333 = PCURVE('',#1282,#1334);
#1334 = DEFINITIONAL_REPRESENTATION('',(#1335),#1339);
#1335 = LINE('',#1336,#1337);
#1336 = CARTESIAN_POINT('',(0.,0.));
#1337 = VECTOR('',#1338,1.);
#1338 = DIRECTION('',(1.,0.));
#1339 = ( GEOMETRIC_REPRESENTATION_CONTEXT(2) 
PARAMETRIC_REPRESENTATION_CONTEXT() REPRESENTATION_CONTEXT('2D SPACE',''
  ) );
#1340 = ORIENTED_EDGE('',*,*,#1341,.T.);
#1341 = EDGE_CURVE('',#1319,#411,#1342,.T.);
#1342 = SURFACE_CURVE('',#1343,(#1347,#1353),.PCURVE_S1.);
#1343 = LINE('',#1344,#1345);
#1344 = CARTESIAN_POINT('',(36.645751311065,-22.,2.5));
#1345 = VECTOR('',#1346,1.);
#1346 = DIRECTION('',(0.,0.,1.));
#1347 = PCURVE('',#426,#1348);
#1348 = DEFINITIONAL_REPRESENTATION('',(#1349),#1352);
#1349 = B_SPLINE_CURVE_WITH_KNOTS('',1,(#1350,#1351),.UNSPECIFIED.,.F.,
  .F.,(2,2),(-2.400000000069E-06,19.5000024),.PIECEWISE_BEZIER_KNOTS.);
#1350 = CARTESIAN_POINT('',(-2.400000000069E-06,73.645751311065));
#1351 = CARTESIAN_POINT('',(19.5000024,73.645751311065));
#1352 = ( GEOMETRIC_REPRESENTATION_CONTEXT(2) 
PARAMETRIC_REPRESENTATION_CONTEXT() REPRESENTATION_CONTEXT('2D SPACE',''
  ) );
#1353 = PCURVE('',#452,#1354);
#1354 = DEFINITIONAL_REPRESENTATION('',(#1355),#1358);
#1355 = B_SPLINE_CURVE_WITH_KNOTS('',1,(#1356,#1357),.UNSPECIFIED.,.F.,
  .F.,(2,2),(-2.400000000069E-06,19.5000024),.PIECEWISE_BEZIER_KNOTS.);
#1356 = CARTESIAN_POINT('',(5.435123228198,-2.400000000069E-06));
#1357 = CARTESIAN_POINT('',(5.435123228198,19.5000024));
#1358 = ( GEOMETRIC_REPRESENTATION_CONTEXT(2) 
PARAMETRIC_REPRESENTATION_CONTEXT() REPRESENTATION_CONTEXT('2D SPACE',''
  ) );
#1359 = ORIENTED_EDGE('',*,*,#410,.F.);
#1360 = ADVANCED_FACE('',(#1361),#452,.T.);
#1361 = FACE_BOUND('',#1362,.T.);
#1362 = EDGE_LOOP('',(#1363,#1364,#1365,#1366));
#1363 = ORIENTED_EDGE('',*,*,#1294,.T.);
#1364 = ORIENTED_EDGE('',*,*,#437,.F.);
#1365 = ORIENTED_EDGE('',*,*,#1341,.F.);
#1366 = ORIENTED_EDGE('',*,*,#1367,.T.);
#1367 = EDGE_CURVE('',#1319,#1267,#1368,.T.);
#1368 = SURFACE_CURVE('',#1369,(#1374,#1381),.PCURVE_S1.);
#1369 = CIRCLE('',#1370,4.);
#1370 = AXIS2_PLACEMENT_3D('',#1371,#1372,#1373);
#1371 = CARTESIAN_POINT('',(34.,-19.,2.5));
#1372 = DIRECTION('',(0.,0.,1.));
#1373 = DIRECTION('',(1.,0.,-0.));
#1374 = PCURVE('',#452,#1375);
#1375 = DEFINITIONAL_REPRESENTATION('',(#1376),#1380);
#1376 = LINE('',#1377,#1378);
#1377 = CARTESIAN_POINT('',(0.,0.));
#1378 = VECTOR('',#1379,1.);
#1379 = DIRECTION('',(1.,0.));
#1380 = ( GEOMETRIC_REPRESENTATION_CONTEXT(2) 
PARAMETRIC_REPRESENTATION_CONTEXT() REPRESENTATION_CONTEXT('2D SPACE',''
  ) );
#1381 = PCURVE('',#1282,#1382);
#1382 = DEFINITIONAL_REPRESENTATION('',(#1383),#1387);
#1383 = CIRCLE('',#1384,4.);
#1384 = AXIS2_PLACEMENT_2D('',#1385,#1386);
#1385 = CARTESIAN_POINT('',(71.,3.));
#1386 = DIRECTION('',(1.,0.));
#1387 = ( GEOMETRIC_REPRESENTATION_CONTEXT(2) 
PARAMETRIC_REPRESENTATION_CONTEXT() REPRESENTATION_CONTEXT('2D SPACE',''
  ) );
#1388 = ADVANCED_FACE('',(#1389),#483,.F.);
#1389 = FACE_BOUND('',#1390,.F.);
#1390 = EDGE_LOOP('',(#1391,#1392,#1415,#1442));
#1391 = ORIENTED_EDGE('',*,*,#466,.F.);
#1392 = ORIENTED_EDGE('',*,*,#1393,.F.);
#1393 = EDGE_CURVE('',#1394,#467,#1396,.T.);
#1394 = VERTEX_POINT('',#1395);
#1395 = CARTESIAN_POINT('',(35.25,-19.,6.));
#1396 = SEAM_CURVE('',#1397,(#1401,#1408),.PCURVE_S1.);
#1397 = LINE('',#1398,#1399);
#1398 = CARTESIAN_POINT('',(35.25,-19.,6.));
#1399 = VECTOR('',#1400,1.);
#1400 = DIRECTION('',(0.,0.,1.));
#1401 = PCURVE('',#483,#1402);
#1402 = DEFINITIONAL_REPRESENTATION('',(#1403),#1407);
#1403 = LINE('',#1404,#1405);
#1404 = CARTESIAN_POINT('',(6.28318530718,-0.));
#1405 = VECTOR('',#1406,1.);
#1406 = DIRECTION('',(0.,1.));
#1407 = ( GEOMETRIC_REPRESENTATION_CONTEXT(2) 
PARAMETRIC_REPRESENTATION_CONTEXT() REPRESENTATION_CONTEXT('2D SPACE',''
  ) );
#1408 = PCURVE('',#483,#1409);
#1409 = DEFINITIONAL_REPRESENTATION('',(#1410),#1414);
#1410 = LINE('',#1411,#1412);
#1411 = CARTESIAN_POINT('',(0.,-0.));
#1412 = VECTOR('',#1413,1.);
#1413 = DIRECTION('',(0.,1.));
#1414 = ( GEOMETRIC_REPRESENTATION_CONTEXT(2) 
PARAMETRIC_REPRESENTATION_CONTEXT() REPRESENTATION_CONTEXT('2D SPACE',''
  ) );
#1415 = ORIENTED_EDGE('',*,*,#1416,.T.);
#1416 = EDGE_CURVE('',#1394,#1394,#1417,.T.);
#1417 = SURFACE_CURVE('',#1418,(#1423,#1430),.PCURVE_S1.);
#1418 = CIRCLE('',#1419,1.25);
#1419 = AXIS2_PLACEMENT_3D('',#1420,#1421,#1422);
#1420 = CARTESIAN_POINT('',(34.,-19.,6.));
#1421 = DIRECTION('',(0.,0.,1.));
#1422 = DIRECTION('',(1.,0.,-0.));
#1423 = PCURVE('',#483,#1424);
#1424 = DEFINITIONAL_REPRESENTATION('',(#1425),#1429);
#1425 = LINE('',#1426,#1427);
#1426 = CARTESIAN_POINT('',(0.,0.));
#1427 = VECTOR('',#1428,1.);
#1428 = DIRECTION('',(1.,0.));
#1429 = ( GEOMETRIC_REPRESENTATION_CONTEXT(2) 
PARAMETRIC_REPRESENTATION_CONTEXT() REPRESENTATION_CONTEXT('2D SPACE',''
  ) );
#1430 = PCURVE('',#1431,#1436);
#1431 = PLANE('',#1432);
#1432 = AXIS2_PLACEMENT_3D('',#1433,#1434,#1435);
#1433 = CARTESIAN_POINT('',(34.,-19.,6.));
#1434 = DIRECTION('',(0.,0.,1.));
#1435 = DIRECTION('',(1.,0.,-0.));
#1436 = DEFINITIONAL_REPRESENTATION('',(#1437),#1441);
#1437 = CIRCLE('',#1438,1.25);
#1438 = AXIS2_PLACEMENT_2D('',#1439,#1440);
#1439 = CARTESIAN_POINT('',(0.,0.));
#1440 = DIRECTION('',(1.,0.));
#1441 = ( GEOMETRIC_REPRESENTATION_CONTEXT(2) 
PARAMETRIC_REPRESENTATION_CONTEXT() REPRESENTATION_CONTEXT('2D SPACE',''
  ) );
#1442 = ORIENTED_EDGE('',*,*,#1393,.T.);
#1443 = ADVANCED_FACE('',(#1444),#515,.F.);
#1444 = FACE_BOUND('',#1445,.F.);
#1445 = EDGE_LOOP('',(#1446,#1467,#1495,#1514));
#1446 = ORIENTED_EDGE('',*,*,#1447,.F.);
#1447 = EDGE_CURVE('',#1448,#498,#1450,.T.);
#1448 = VERTEX_POINT('',#1449);
#1449 = CARTESIAN_POINT('',(37.,-16.35424868893,2.5));
#1450 = SURFACE_CURVE('',#1451,(#1455,#1461),.PCURVE_S1.);
#1451 = LINE('',#1452,#1453);
#1452 = CARTESIAN_POINT('',(37.,-16.35424868893,2.5));
#1453 = VECTOR('',#1454,1.);
#1454 = DIRECTION('',(0.,0.,1.));
#1455 = PCURVE('',#515,#1456);
#1456 = DEFINITIONAL_REPRESENTATION('',(#1457),#1460);
#1457 = B_SPLINE_CURVE_WITH_KNOTS('',1,(#1458,#1459),.UNSPECIFIED.,.F.,
  .F.,(2,2),(-2.400000000069E-06,19.5000024),.PIECEWISE_BEZIER_KNOTS.);
#1458 = CARTESIAN_POINT('',(-2.400000000069E-06,-5.645751311065));
#1459 = CARTESIAN_POINT('',(19.5000024,-5.645751311065));
#1460 = ( GEOMETRIC_REPRESENTATION_CONTEXT(2) 
PARAMETRIC_REPRESENTATION_CONTEXT() REPRESENTATION_CONTEXT('2D SPACE',''
  ) );
#1461 = PCURVE('',#543,#1462);
#1462 = DEFINITIONAL_REPRESENTATION('',(#1463),#1466);
#1463 = B_SPLINE_CURVE_WITH_KNOTS('',1,(#1464,#1465),.UNSPECIFIED.,.F.,
  .F.,(2,2),(-2.400000000069E-06,19.5000024),.PIECEWISE_BEZIER_KNOTS.);
#1464 = CARTESIAN_POINT('',(0.722734247813,-2.400000000069E-06));
#1465 = CARTESIAN_POINT('',(0.722734247813,19.5000024));
#1466 = ( GEOMETRIC_REPRESENTATION_CONTEXT(2) 
PARAMETRIC_REPRESENTATION_CONTEXT() REPRESENTATION_CONTEXT('2D SPACE',''
  ) );
#1467 = ORIENTED_EDGE('',*,*,#1468,.T.);
#1468 = EDGE_CURVE('',#1448,#1469,#1471,.T.);
#1469 = VERTEX_POINT('',#1470);
#1470 = CARTESIAN_POINT('',(37.,16.354248688935,2.5));
#1471 = SURFACE_CURVE('',#1472,(#1476,#1483),.PCURVE_S1.);
#1472 = LINE('',#1473,#1474);
#1473 = CARTESIAN_POINT('',(37.,-22.,2.5));
#1474 = VECTOR('',#1475,1.);
#1475 = DIRECTION('',(-0.,1.,0.));
#1476 = PCURVE('',#515,#1477);
#1477 = DEFINITIONAL_REPRESENTATION('',(#1478),#1482);
#1478 = LINE('',#1479,#1480);
#1479 = CARTESIAN_POINT('',(0.,0.));
#1480 = VECTOR('',#1481,1.);
#1481 = DIRECTION('',(0.,-1.));
#1482 = ( GEOMETRIC_REPRESENTATION_CONTEXT(2) 
PARAMETRIC_REPRESENTATION_CONTEXT() REPRESENTATION_CONTEXT('2D SPACE',''
  ) );
#1483 = PCURVE('',#1484,#1489);
#1484 = PLANE('',#1485);
#1485 = AXIS2_PLACEMENT_3D('',#1486,#1487,#1488);
#1486 = CARTESIAN_POINT('',(-37.,-22.,2.5));
#1487 = DIRECTION('',(0.,0.,1.));
#1488 = DIRECTION('',(1.,0.,-0.));
#1489 = DEFINITIONAL_REPRESENTATION('',(#1490),#1494);
#1490 = LINE('',#1491,#1492);
#1491 = CARTESIAN_POINT('',(74.,0.));
#1492 = VECTOR('',#1493,1.);
#1493 = DIRECTION('',(0.,1.));
#1494 = ( GEOMETRIC_REPRESENTATION_CONTEXT(2) 
PARAMETRIC_REPRESENTATION_CONTEXT() REPRESENTATION_CONTEXT('2D SPACE',''
  ) );
#1495 = ORIENTED_EDGE('',*,*,#1496,.T.);
#1496 = EDGE_CURVE('',#1469,#500,#1497,.T.);
#1497 = SURFACE_CURVE('',#1498,(#1502,#1508),.PCURVE_S1.);
#1498 = LINE('',#1499,#1500);
#1499 = CARTESIAN_POINT('',(37.,16.354248688935,2.5));
#1500 = VECTOR('',#1501,1.);
#1501 = DIRECTION('',(0.,0.,1.));
#1502 = PCURVE('',#515,#1503);
#1503 = DEFINITIONAL_REPRESENTATION('',(#1504),#1507);
#1504 = B_SPLINE_CURVE_WITH_KNOTS('',1,(#1505,#1506),.UNSPECIFIED.,.F.,
  .F.,(2,2),(-2.400000000069E-06,19.5000024),.PIECEWISE_BEZIER_KNOTS.);
#1505 = CARTESIAN_POINT('',(-2.400000000069E-06,-38.35424868893));
#1506 = CARTESIAN_POINT('',(19.5000024,-38.35424868893));
#1507 = ( GEOMETRIC_REPRESENTATION_CONTEXT(2) 
PARAMETRIC_REPRESENTATION_CONTEXT() REPRESENTATION_CONTEXT('2D SPACE',''
  ) );
#1508 = PCURVE('',#709,#1509);
#1509 = DEFINITIONAL_REPRESENTATION('',(#1510),#1513);
#1510 = B_SPLINE_CURVE_WITH_KNOTS('',1,(#1511,#1512),.UNSPECIFIED.,.F.,
  .F.,(2,2),(-2.400000000069E-06,19.5000024),.PIECEWISE_BEZIER_KNOTS.);
#1511 = CARTESIAN_POINT('',(5.560451059366,-2.400000000069E-06));
#1512 = CARTESIAN_POINT('',(5.560451059366,19.5000024));
#1513 = ( GEOMETRIC_REPRESENTATION_CONTEXT(2) 
PARAMETRIC_REPRESENTATION_CONTEXT() REPRESENTATION_CONTEXT('2D SPACE',''
  ) );
#1514 = ORIENTED_EDGE('',*,*,#497,.F.);
#1515 = ADVANCED_FACE('',(#1516),#543,.T.);
#1516 = FACE_BOUND('',#1517,.T.);
#1517 = EDGE_LOOP('',(#1518,#1519,#1520,#1544));
#1518 = ORIENTED_EDGE('',*,*,#526,.F.);
#1519 = ORIENTED_EDGE('',*,*,#1447,.F.);
#1520 = ORIENTED_EDGE('',*,*,#1521,.T.);
#1521 = EDGE_CURVE('',#1448,#1522,#1524,.T.);
#1522 = VERTEX_POINT('',#1523);
#1523 = CARTESIAN_POINT('',(31.354248688936,-22.,2.5));
#1524 = SURFACE_CURVE('',#1525,(#1530,#1537),.PCURVE_S1.);
#1525 = CIRCLE('',#1526,4.);
#1526 = AXIS2_PLACEMENT_3D('',#1527,#1528,#1529);
#1527 = CARTESIAN_POINT('',(34.,-19.,2.5));
#1528 = DIRECTION('',(0.,0.,1.));
#1529 = DIRECTION('',(1.,0.,-0.));
#1530 = PCURVE('',#543,#1531);
#1531 = DEFINITIONAL_REPRESENTATION('',(#1532),#1536);
#1532 = LINE('',#1533,#1534);
#1533 = CARTESIAN_POINT('',(0.,0.));
#1534 = VECTOR('',#1535,1.);
#1535 = DIRECTION('',(1.,0.));
#1536 = ( GEOMETRIC_REPRESENTATION_CONTEXT(2) 
PARAMETRIC_REPRESENTATION_CONTEXT() REPRESENTATION_CONTEXT('2D SPACE',''
  ) );
#1537 = PCURVE('',#1484,#1538);
#1538 = DEFINITIONAL_REPRESENTATION('',(#1539),#1543);
#1539 = CIRCLE('',#1540,4.);
#1540 = AXIS2_PLACEMENT_2D('',#1541,#1542);
#1541 = CARTESIAN_POINT('',(71.,3.));
#1542 = DIRECTION('',(1.,0.));
#1543 = ( GEOMETRIC_REPRESENTATION_CONTEXT(2) 
PARAMETRIC_REPRESENTATION_CONTEXT() REPRESENTATION_CONTEXT('2D SPACE',''
  ) );
#1544 = ORIENTED_EDGE('',*,*,#1545,.T.);
#1545 = EDGE_CURVE('',#1522,#527,#1546,.T.);
#1546 = SURFACE_CURVE('',#1547,(#1551,#1557),.PCURVE_S1.);
#1547 = LINE('',#1548,#1549);
#1548 = CARTESIAN_POINT('',(31.354248688935,-22.,2.5));
#1549 = VECTOR('',#1550,1.);
#1550 = DIRECTION('',(0.,0.,1.));
#1551 = PCURVE('',#543,#1552);
#1552 = DEFINITIONAL_REPRESENTATION('',(#1553),#1556);
#1553 = B_SPLINE_CURVE_WITH_KNOTS('',1,(#1554,#1555),.UNSPECIFIED.,.F.,
  .F.,(2,2),(-2.400000000069E-06,19.5000024),.PIECEWISE_BEZIER_KNOTS.);
#1554 = CARTESIAN_POINT('',(3.989654732571,-2.400000000069E-06));
#1555 = CARTESIAN_POINT('',(3.989654732571,19.5000024));
#1556 = ( GEOMETRIC_REPRESENTATION_CONTEXT(2) 
PARAMETRIC_REPRESENTATION_CONTEXT() REPRESENTATION_CONTEXT('2D SPACE',''
  ) );
#1557 = PCURVE('',#571,#1558);
#1558 = DEFINITIONAL_REPRESENTATION('',(#1559),#1562);
#1559 = B_SPLINE_CURVE_WITH_KNOTS('',1,(#1560,#1561),.UNSPECIFIED.,.F.,
  .F.,(2,2),(-2.400000000069E-06,19.5000024),.PIECEWISE_BEZIER_KNOTS.);
#1560 = CARTESIAN_POINT('',(-2.400000000069E-06,68.354248688935));
#1561 = CARTESIAN_POINT('',(19.5000024,68.354248688935));
#1562 = ( GEOMETRIC_REPRESENTATION_CONTEXT(2) 
PARAMETRIC_REPRESENTATION_CONTEXT() REPRESENTATION_CONTEXT('2D SPACE',''
  ) );
#1563 = ADVANCED_FACE('',(#1564),#709,.T.);
#1564 = FACE_BOUND('',#1565,.T.);
#1565 = EDGE_LOOP('',(#1566,#1567,#1568,#1589));
#1566 = ORIENTED_EDGE('',*,*,#1496,.T.);
#1567 = ORIENTED_EDGE('',*,*,#694,.F.);
#1568 = ORIENTED_EDGE('',*,*,#1569,.F.);
#1569 = EDGE_CURVE('',#1570,#668,#1572,.T.);
#1570 = VERTEX_POINT('',#1571);
#1571 = CARTESIAN_POINT('',(31.354248688936,22.,2.5));
#1572 = SURFACE_CURVE('',#1573,(#1577,#1583),.PCURVE_S1.);
#1573 = LINE('',#1574,#1575);
#1574 = CARTESIAN_POINT('',(31.354248688935,22.,2.5));
#1575 = VECTOR('',#1576,1.);
#1576 = DIRECTION('',(0.,0.,1.));
#1577 = PCURVE('',#709,#1578);
#1578 = DEFINITIONAL_REPRESENTATION('',(#1579),#1582);
#1579 = B_SPLINE_CURVE_WITH_KNOTS('',1,(#1580,#1581),.UNSPECIFIED.,.F.,
  .F.,(2,2),(-2.400000000069E-06,19.5000024),.PIECEWISE_BEZIER_KNOTS.);
#1580 = CARTESIAN_POINT('',(2.293530574608,-2.400000000069E-06));
#1581 = CARTESIAN_POINT('',(2.293530574608,19.5000024));
#1582 = ( GEOMETRIC_REPRESENTATION_CONTEXT(2) 
PARAMETRIC_REPRESENTATION_CONTEXT() REPRESENTATION_CONTEXT('2D SPACE',''
  ) );
#1583 = PCURVE('',#683,#1584);
#1584 = DEFINITIONAL_REPRESENTATION('',(#1585),#1588);
#1585 = B_SPLINE_CURVE_WITH_KNOTS('',1,(#1586,#1587),.UNSPECIFIED.,.F.,
  .F.,(2,2),(-2.400000000069E-06,19.5000024),.PIECEWISE_BEZIER_KNOTS.);
#1586 = CARTESIAN_POINT('',(-2.400000000069E-06,68.354248688935));
#1587 = CARTESIAN_POINT('',(19.5000024,68.354248688935));
#1588 = ( GEOMETRIC_REPRESENTATION_CONTEXT(2) 
PARAMETRIC_REPRESENTATION_CONTEXT() REPRESENTATION_CONTEXT('2D SPACE',''
  ) );
#1589 = ORIENTED_EDGE('',*,*,#1590,.T.);
#1590 = EDGE_CURVE('',#1570,#1469,#1591,.T.);
#1591 = SURFACE_CURVE('',#1592,(#1597,#1604),.PCURVE_S1.);
#1592 = CIRCLE('',#1593,4.);
#1593 = AXIS2_PLACEMENT_3D('',#1594,#1595,#1596);
#1594 = CARTESIAN_POINT('',(34.,19.,2.5));
#1595 = DIRECTION('',(0.,0.,1.));
#1596 = DIRECTION('',(1.,0.,-0.));
#1597 = PCURVE('',#709,#1598);
#1598 = DEFINITIONAL_REPRESENTATION('',(#1599),#1603);
#1599 = LINE('',#1600,#1601);
#1600 = CARTESIAN_POINT('',(0.,0.));
#1601 = VECTOR('',#1602,1.);
#1602 = DIRECTION('',(1.,0.));
#1603 = ( GEOMETRIC_REPRESENTATION_CONTEXT(2) 
PARAMETRIC_REPRESENTATION_CONTEXT() REPRESENTATION_CONTEXT('2D SPACE',''
  ) );
#1604 = PCURVE('',#1484,#1605);
#1605 = DEFINITIONAL_REPRESENTATION('',(#1606),#1610);
#1606 = CIRCLE('',#1607,4.);
#1607 = AXIS2_PLACEMENT_2D('',#1608,#1609);
#1608 = CARTESIAN_POINT('',(71.,41.));
#1609 = DIRECTION('',(1.,0.));
#1610 = ( GEOMETRIC_REPRESENTATION_CONTEXT(2) 
PARAMETRIC_REPRESENTATION_CONTEXT() REPRESENTATION_CONTEXT('2D SPACE',''
  ) );
#1611 = ADVANCED_FACE('',(#1612),#571,.T.);
#1612 = FACE_BOUND('',#1613,.T.);
#1613 = EDGE_LOOP('',(#1614,#1615,#1638,#1657));
#1614 = ORIENTED_EDGE('',*,*,#1545,.F.);
#1615 = ORIENTED_EDGE('',*,*,#1616,.F.);
#1616 = EDGE_CURVE('',#1617,#1522,#1619,.T.);
#1617 = VERTEX_POINT('',#1618);
#1618 = CARTESIAN_POINT('',(-31.35424868893,-22.,2.5));
#1619 = SURFACE_CURVE('',#1620,(#1624,#1631),.PCURVE_S1.);
#1620 = LINE('',#1621,#1622);
#1621 = CARTESIAN_POINT('',(-37.,-22.,2.5));
#1622 = VECTOR('',#1623,1.);
#1623 = DIRECTION('',(1.,0.,-0.));
#1624 = PCURVE('',#571,#1625);
#1625 = DEFINITIONAL_REPRESENTATION('',(#1626),#1630);
#1626 = LINE('',#1627,#1628);
#1627 = CARTESIAN_POINT('',(0.,0.));
#1628 = VECTOR('',#1629,1.);
#1629 = DIRECTION('',(0.,1.));
#1630 = ( GEOMETRIC_REPRESENTATION_CONTEXT(2) 
PARAMETRIC_REPRESENTATION_CONTEXT() REPRESENTATION_CONTEXT('2D SPACE',''
  ) );
#1631 = PCURVE('',#1484,#1632);
#1632 = DEFINITIONAL_REPRESENTATION('',(#1633),#1637);
#1633 = LINE('',#1634,#1635);
#1634 = CARTESIAN_POINT('',(0.,0.));
#1635 = VECTOR('',#1636,1.);
#1636 = DIRECTION('',(1.,0.));
#1637 = ( GEOMETRIC_REPRESENTATION_CONTEXT(2) 
PARAMETRIC_REPRESENTATION_CONTEXT() REPRESENTATION_CONTEXT('2D SPACE',''
  ) );
#1638 = ORIENTED_EDGE('',*,*,#1639,.T.);
#1639 = EDGE_CURVE('',#1617,#556,#1640,.T.);
#1640 = SURFACE_CURVE('',#1641,(#1645,#1651),.PCURVE_S1.);
#1641 = LINE('',#1642,#1643);
#1642 = CARTESIAN_POINT('',(-31.35424868893,-22.,2.5));
#1643 = VECTOR('',#1644,1.);
#1644 = DIRECTION('',(0.,0.,1.));
#1645 = PCURVE('',#571,#1646);
#1646 = DEFINITIONAL_REPRESENTATION('',(#1647),#1650);
#1647 = B_SPLINE_CURVE_WITH_KNOTS('',1,(#1648,#1649),.UNSPECIFIED.,.F.,
  .F.,(2,2),(-2.400000000069E-06,19.5000024),.PIECEWISE_BEZIER_KNOTS.);
#1648 = CARTESIAN_POINT('',(-2.400000000069E-06,5.645751311065));
#1649 = CARTESIAN_POINT('',(19.5000024,5.645751311065));
#1650 = ( GEOMETRIC_REPRESENTATION_CONTEXT(2) 
PARAMETRIC_REPRESENTATION_CONTEXT() REPRESENTATION_CONTEXT('2D SPACE',''
  ) );
#1651 = PCURVE('',#599,#1652);
#1652 = DEFINITIONAL_REPRESENTATION('',(#1653),#1656);
#1653 = B_SPLINE_CURVE_WITH_KNOTS('',1,(#1654,#1655),.UNSPECIFIED.,.F.,
  .F.,(2,2),(0.,19.5),.PIECEWISE_BEZIER_KNOTS.);
#1654 = CARTESIAN_POINT('',(5.435123228198,0.));
#1655 = CARTESIAN_POINT('',(5.435123228198,19.5));
#1656 = ( GEOMETRIC_REPRESENTATION_CONTEXT(2) 
PARAMETRIC_REPRESENTATION_CONTEXT() REPRESENTATION_CONTEXT('2D SPACE',''
  ) );
#1657 = ORIENTED_EDGE('',*,*,#555,.F.);
#1658 = ADVANCED_FACE('',(#1659),#683,.F.);
#1659 = FACE_BOUND('',#1660,.F.);
#1660 = EDGE_LOOP('',(#1661,#1662,#1685,#1704));
#1661 = ORIENTED_EDGE('',*,*,#1569,.F.);
#1662 = ORIENTED_EDGE('',*,*,#1663,.F.);
#1663 = EDGE_CURVE('',#1664,#1570,#1666,.T.);
#1664 = VERTEX_POINT('',#1665);
#1665 = CARTESIAN_POINT('',(-31.35424868893,22.,2.5));
#1666 = SURFACE_CURVE('',#1667,(#1671,#1678),.PCURVE_S1.);
#1667 = LINE('',#1668,#1669);
#1668 = CARTESIAN_POINT('',(-37.,22.,2.5));
#1669 = VECTOR('',#1670,1.);
#1670 = DIRECTION('',(1.,0.,-0.));
#1671 = PCURVE('',#683,#1672);
#1672 = DEFINITIONAL_REPRESENTATION('',(#1673),#1677);
#1673 = LINE('',#1674,#1675);
#1674 = CARTESIAN_POINT('',(0.,0.));
#1675 = VECTOR('',#1676,1.);
#1676 = DIRECTION('',(0.,1.));
#1677 = ( GEOMETRIC_REPRESENTATION_CONTEXT(2) 
PARAMETRIC_REPRESENTATION_CONTEXT() REPRESENTATION_CONTEXT('2D SPACE',''
  ) );
#1678 = PCURVE('',#1484,#1679);
#1679 = DEFINITIONAL_REPRESENTATION('',(#1680),#1684);
#1680 = LINE('',#1681,#1682);
#1681 = CARTESIAN_POINT('',(0.,44.));
#1682 = VECTOR('',#1683,1.);
#1683 = DIRECTION('',(1.,0.));
#1684 = ( GEOMETRIC_REPRESENTATION_CONTEXT(2) 
PARAMETRIC_REPRESENTATION_CONTEXT() REPRESENTATION_CONTEXT('2D SPACE',''
  ) );
#1685 = ORIENTED_EDGE('',*,*,#1686,.T.);
#1686 = EDGE_CURVE('',#1664,#639,#1687,.T.);
#1687 = SURFACE_CURVE('',#1688,(#1692,#1698),.PCURVE_S1.);
#1688 = LINE('',#1689,#1690);
#1689 = CARTESIAN_POINT('',(-31.35424868893,22.,2.5));
#1690 = VECTOR('',#1691,1.);
#1691 = DIRECTION('',(0.,0.,1.));
#1692 = PCURVE('',#683,#1693);
#1693 = DEFINITIONAL_REPRESENTATION('',(#1694),#1697);
#1694 = B_SPLINE_CURVE_WITH_KNOTS('',1,(#1695,#1696),.UNSPECIFIED.,.F.,
  .F.,(2,2),(-2.400000000069E-06,19.5000024),.PIECEWISE_BEZIER_KNOTS.);
#1695 = CARTESIAN_POINT('',(-2.400000000069E-06,5.645751311065));
#1696 = CARTESIAN_POINT('',(19.5000024,5.645751311065));
#1697 = ( GEOMETRIC_REPRESENTATION_CONTEXT(2) 
PARAMETRIC_REPRESENTATION_CONTEXT() REPRESENTATION_CONTEXT('2D SPACE',''
  ) );
#1698 = PCURVE('',#655,#1699);
#1699 = DEFINITIONAL_REPRESENTATION('',(#1700),#1703);
#1700 = B_SPLINE_CURVE_WITH_KNOTS('',1,(#1701,#1702),.UNSPECIFIED.,.F.,
  .F.,(2,2),(0.,19.5),.PIECEWISE_BEZIER_KNOTS.);
#1701 = CARTESIAN_POINT('',(7.131247386161,0.));
#1702 = CARTESIAN_POINT('',(7.131247386161,19.5));
#1703 = ( GEOMETRIC_REPRESENTATION_CONTEXT(2) 
PARAMETRIC_REPRESENTATION_CONTEXT() REPRESENTATION_CONTEXT('2D SPACE',''
  ) );
#1704 = ORIENTED_EDGE('',*,*,#667,.F.);
#1705 = ADVANCED_FACE('',(#1706),#599,.T.);
#1706 = FACE_BOUND('',#1707,.T.);
#1707 = EDGE_LOOP('',(#1708,#1709,#1710,#1738));
#1708 = ORIENTED_EDGE('',*,*,#582,.F.);
#1709 = ORIENTED_EDGE('',*,*,#1639,.F.);
#1710 = ORIENTED_EDGE('',*,*,#1711,.F.);
#1711 = EDGE_CURVE('',#1712,#1617,#1714,.T.);
#1712 = VERTEX_POINT('',#1713);
#1713 = CARTESIAN_POINT('',(-37.,-16.35424868893,2.5));
#1714 = SURFACE_CURVE('',#1715,(#1720,#1727),.PCURVE_S1.);
#1715 = CIRCLE('',#1716,4.);
#1716 = AXIS2_PLACEMENT_3D('',#1717,#1718,#1719);
#1717 = CARTESIAN_POINT('',(-34.,-19.,2.5));
#1718 = DIRECTION('',(0.,0.,-1.));
#1719 = DIRECTION('',(-0.75,0.661437827766,0.));
#1720 = PCURVE('',#599,#1721);
#1721 = DEFINITIONAL_REPRESENTATION('',(#1722),#1726);
#1722 = LINE('',#1723,#1724);
#1723 = CARTESIAN_POINT('',(8.702043712956,0.));
#1724 = VECTOR('',#1725,1.);
#1725 = DIRECTION('',(-1.,-0.));
#1726 = ( GEOMETRIC_REPRESENTATION_CONTEXT(2) 
PARAMETRIC_REPRESENTATION_CONTEXT() REPRESENTATION_CONTEXT('2D SPACE',''
  ) );
#1727 = PCURVE('',#1484,#1728);
#1728 = DEFINITIONAL_REPRESENTATION('',(#1729),#1737);
#1729 = ( BOUNDED_CURVE() B_SPLINE_CURVE(2,(#1730,#1731,#1732,#1733,
#1734,#1735,#1736),.UNSPECIFIED.,.T.,.F.) B_SPLINE_CURVE_WITH_KNOTS((1,2
    ,2,2,2,1),(-2.094395102393,0.,2.094395102393,4.188790204786,
6.28318530718,8.377580409573),.UNSPECIFIED.) CURVE() 
GEOMETRIC_REPRESENTATION_ITEM() RATIONAL_B_SPLINE_CURVE((1.,0.5,1.,0.5,
1.,0.5,1.)) REPRESENTATION_ITEM('') );
#1730 = CARTESIAN_POINT('',(-1.669775429036E-13,5.645751311064));
#1731 = CARTESIAN_POINT('',(4.582575694955,10.841903733771));
#1732 = CARTESIAN_POINT('',(6.791287847478,4.275200555821));
#1733 = CARTESIAN_POINT('',(9.,-2.291502622129));
#1734 = CARTESIAN_POINT('',(2.208712152522,-0.920951866886));
#1735 = CARTESIAN_POINT('',(-4.582575694956,0.449598888357));
#1736 = CARTESIAN_POINT('',(-1.669775429036E-13,5.645751311064));
#1737 = ( GEOMETRIC_REPRESENTATION_CONTEXT(2) 
PARAMETRIC_REPRESENTATION_CONTEXT() REPRESENTATION_CONTEXT('2D SPACE',''
  ) );
#1738 = ORIENTED_EDGE('',*,*,#1739,.T.);
#1739 = EDGE_CURVE('',#1712,#583,#1740,.T.);
#1740 = SURFACE_CURVE('',#1741,(#1745,#1751),.PCURVE_S1.);
#1741 = LINE('',#1742,#1743);
#1742 = CARTESIAN_POINT('',(-37.,-16.35424868893,2.5));
#1743 = VECTOR('',#1744,1.);
#1744 = DIRECTION('',(0.,0.,1.));
#1745 = PCURVE('',#599,#1746);
#1746 = DEFINITIONAL_REPRESENTATION('',(#1747),#1750);
#1747 = B_SPLINE_CURVE_WITH_KNOTS('',1,(#1748,#1749),.UNSPECIFIED.,.F.,
  .F.,(2,2),(0.,19.5),.PIECEWISE_BEZIER_KNOTS.);
#1748 = CARTESIAN_POINT('',(8.702043712956,0.));
#1749 = CARTESIAN_POINT('',(8.702043712956,19.5));
#1750 = ( GEOMETRIC_REPRESENTATION_CONTEXT(2) 
PARAMETRIC_REPRESENTATION_CONTEXT() REPRESENTATION_CONTEXT('2D SPACE',''
  ) );
#1751 = PCURVE('',#627,#1752);
#1752 = DEFINITIONAL_REPRESENTATION('',(#1753),#1756);
#1753 = B_SPLINE_CURVE_WITH_KNOTS('',1,(#1754,#1755),.UNSPECIFIED.,.F.,
  .F.,(2,2),(-2.400000000069E-06,19.5000024),.PIECEWISE_BEZIER_KNOTS.);
#1754 = CARTESIAN_POINT('',(-2.400000000069E-06,-5.645751311065));
#1755 = CARTESIAN_POINT('',(19.5000024,-5.645751311065));
#1756 = ( GEOMETRIC_REPRESENTATION_CONTEXT(2) 
PARAMETRIC_REPRESENTATION_CONTEXT() REPRESENTATION_CONTEXT('2D SPACE',''
  ) );
#1757 = ADVANCED_FACE('',(#1758),#655,.T.);
#1758 = FACE_BOUND('',#1759,.T.);
#1759 = EDGE_LOOP('',(#1760,#1761,#1782,#1808));
#1760 = ORIENTED_EDGE('',*,*,#638,.F.);
#1761 = ORIENTED_EDGE('',*,*,#1762,.F.);
#1762 = EDGE_CURVE('',#1763,#612,#1765,.T.);
#1763 = VERTEX_POINT('',#1764);
#1764 = CARTESIAN_POINT('',(-37.,16.354248688936,2.5));
#1765 = SURFACE_CURVE('',#1766,(#1770,#1776),.PCURVE_S1.);
#1766 = LINE('',#1767,#1768);
#1767 = CARTESIAN_POINT('',(-37.,16.354248688935,2.5));
#1768 = VECTOR('',#1769,1.);
#1769 = DIRECTION('',(0.,0.,1.));
#1770 = PCURVE('',#655,#1771);
#1771 = DEFINITIONAL_REPRESENTATION('',(#1772),#1775);
#1772 = B_SPLINE_CURVE_WITH_KNOTS('',1,(#1773,#1774),.UNSPECIFIED.,.F.,
  .F.,(2,2),(0.,19.5),.PIECEWISE_BEZIER_KNOTS.);
#1773 = CARTESIAN_POINT('',(3.864326901403,0.));
#1774 = CARTESIAN_POINT('',(3.864326901403,19.5));
#1775 = ( GEOMETRIC_REPRESENTATION_CONTEXT(2) 
PARAMETRIC_REPRESENTATION_CONTEXT() REPRESENTATION_CONTEXT('2D SPACE',''
  ) );
#1776 = PCURVE('',#627,#1777);
#1777 = DEFINITIONAL_REPRESENTATION('',(#1778),#1781);
#1778 = B_SPLINE_CURVE_WITH_KNOTS('',1,(#1779,#1780),.UNSPECIFIED.,.F.,
  .F.,(2,2),(-2.400000000069E-06,19.5000024),.PIECEWISE_BEZIER_KNOTS.);
#1779 = CARTESIAN_POINT('',(-2.400000000069E-06,-38.35424868893));
#1780 = CARTESIAN_POINT('',(19.5000024,-38.35424868893));
#1781 = ( GEOMETRIC_REPRESENTATION_CONTEXT(2) 
PARAMETRIC_REPRESENTATION_CONTEXT() REPRESENTATION_CONTEXT('2D SPACE',''
  ) );
#1782 = ORIENTED_EDGE('',*,*,#1783,.F.);
#1783 = EDGE_CURVE('',#1664,#1763,#1784,.T.);
#1784 = SURFACE_CURVE('',#1785,(#1790,#1797),.PCURVE_S1.);
#1785 = CIRCLE('',#1786,4.);
#1786 = AXIS2_PLACEMENT_3D('',#1787,#1788,#1789);
#1787 = CARTESIAN_POINT('',(-34.,19.,2.5));
#1788 = DIRECTION('',(0.,0.,-1.));
#1789 = DIRECTION('',(0.661437827766,0.75,0.));
#1790 = PCURVE('',#655,#1791);
#1791 = DEFINITIONAL_REPRESENTATION('',(#1792),#1796);
#1792 = LINE('',#1793,#1794);
#1793 = CARTESIAN_POINT('',(7.131247386161,0.));
#1794 = VECTOR('',#1795,1.);
#1795 = DIRECTION('',(-1.,-0.));
#1796 = ( GEOMETRIC_REPRESENTATION_CONTEXT(2) 
PARAMETRIC_REPRESENTATION_CONTEXT() REPRESENTATION_CONTEXT('2D SPACE',''
  ) );
#1797 = PCURVE('',#1484,#1798);
#1798 = DEFINITIONAL_REPRESENTATION('',(#1799),#1807);
#1799 = ( BOUNDED_CURVE() B_SPLINE_CURVE(2,(#1800,#1801,#1802,#1803,
#1804,#1805,#1806),.UNSPECIFIED.,.T.,.F.) B_SPLINE_CURVE_WITH_KNOTS((1,2
    ,2,2,2,1),(-2.094395102393,0.,2.094395102393,4.188790204786,
6.28318530718,8.377580409573),.UNSPECIFIED.) CURVE() 
GEOMETRIC_REPRESENTATION_ITEM() RATIONAL_B_SPLINE_CURVE((1.,0.5,1.,0.5,
1.,0.5,1.)) REPRESENTATION_ITEM('') );
#1800 = CARTESIAN_POINT('',(5.645751311064,44.));
#1801 = CARTESIAN_POINT('',(10.841903733771,39.417424305045));
#1802 = CARTESIAN_POINT('',(4.275200555821,37.208712152522));
#1803 = CARTESIAN_POINT('',(-2.291502622129,35.));
#1804 = CARTESIAN_POINT('',(-0.920951866886,41.791287847478));
#1805 = CARTESIAN_POINT('',(0.449598888358,48.582575694956));
#1806 = CARTESIAN_POINT('',(5.645751311064,44.));
#1807 = ( GEOMETRIC_REPRESENTATION_CONTEXT(2) 
PARAMETRIC_REPRESENTATION_CONTEXT() REPRESENTATION_CONTEXT('2D SPACE',''
  ) );
#1808 = ORIENTED_EDGE('',*,*,#1686,.T.);
#1809 = ADVANCED_FACE('',(#1810),#627,.T.);
#1810 = FACE_BOUND('',#1811,.T.);
#1811 = EDGE_LOOP('',(#1812,#1813,#1834,#1835));
#1812 = ORIENTED_EDGE('',*,*,#1739,.F.);
#1813 = ORIENTED_EDGE('',*,*,#1814,.T.);
#1814 = EDGE_CURVE('',#1712,#1763,#1815,.T.);
#1815 = SURFACE_CURVE('',#1816,(#1820,#1827),.PCURVE_S1.);
#1816 = LINE('',#1817,#1818);
#1817 = CARTESIAN_POINT('',(-37.,-22.,2.5));
#1818 = VECTOR('',#1819,1.);
#1819 = DIRECTION('',(-0.,1.,0.));
#1820 = PCURVE('',#627,#1821);
#1821 = DEFINITIONAL_REPRESENTATION('',(#1822),#1826);
#1822 = LINE('',#1823,#1824);
#1823 = CARTESIAN_POINT('',(0.,0.));
#1824 = VECTOR('',#1825,1.);
#1825 = DIRECTION('',(0.,-1.));
#1826 = ( GEOMETRIC_REPRESENTATION_CONTEXT(2) 
PARAMETRIC_REPRESENTATION_CONTEXT() REPRESENTATION_CONTEXT('2D SPACE',''
  ) );
#1827 = PCURVE('',#1484,#1828);
#1828 = DEFINITIONAL_REPRESENTATION('',(#1829),#1833);
#1829 = LINE('',#1830,#1831);
#1830 = CARTESIAN_POINT('',(0.,0.));
#1831 = VECTOR('',#1832,1.);
#1832 = DIRECTION('',(0.,1.));
#1833 = ( GEOMETRIC_REPRESENTATION_CONTEXT(2) 
PARAMETRIC_REPRESENTATION_CONTEXT() REPRESENTATION_CONTEXT('2D SPACE',''
  ) );
#1834 = ORIENTED_EDGE('',*,*,#1762,.T.);
#1835 = ORIENTED_EDGE('',*,*,#611,.F.);
#1836 = ADVANCED_FACE('',(#1837),#740,.F.);
#1837 = FACE_BOUND('',#1838,.F.);
#1838 = EDGE_LOOP('',(#1839,#1840,#1863,#1890));
#1839 = ORIENTED_EDGE('',*,*,#723,.F.);
#1840 = ORIENTED_EDGE('',*,*,#1841,.F.);
#1841 = EDGE_CURVE('',#1842,#724,#1844,.T.);
#1842 = VERTEX_POINT('',#1843);
#1843 = CARTESIAN_POINT('',(-32.75,19.,6.));
#1844 = SEAM_CURVE('',#1845,(#1849,#1856),.PCURVE_S1.);
#1845 = LINE('',#1846,#1847);
#1846 = CARTESIAN_POINT('',(-32.75,19.,6.));
#1847 = VECTOR('',#1848,1.);
#1848 = DIRECTION('',(0.,0.,1.));
#1849 = PCURVE('',#740,#1850);
#1850 = DEFINITIONAL_REPRESENTATION('',(#1851),#1855);
#1851 = LINE('',#1852,#1853);
#1852 = CARTESIAN_POINT('',(6.28318530718,-0.));
#1853 = VECTOR('',#1854,1.);
#1854 = DIRECTION('',(0.,1.));
#1855 = ( GEOMETRIC_REPRESENTATION_CONTEXT(2) 
PARAMETRIC_REPRESENTATION_CONTEXT() REPRESENTATION_CONTEXT('2D SPACE',''
  ) );
#1856 = PCURVE('',#740,#1857);
#1857 = DEFINITIONAL_REPRESENTATION('',(#1858),#1862);
#1858 = LINE('',#1859,#1860);
#1859 = CARTESIAN_POINT('',(0.,-0.));
#1860 = VECTOR('',#1861,1.);
#1861 = DIRECTION('',(0.,1.));
#1862 = ( GEOMETRIC_REPRESENTATION_CONTEXT(2) 
PARAMETRIC_REPRESENTATION_CONTEXT() REPRESENTATION_CONTEXT('2D SPACE',''
  ) );
#1863 = ORIENTED_EDGE('',*,*,#1864,.T.);
#1864 = EDGE_CURVE('',#1842,#1842,#1865,.T.);
#1865 = SURFACE_CURVE('',#1866,(#1871,#1878),.PCURVE_S1.);
#1866 = CIRCLE('',#1867,1.25);
#1867 = AXIS2_PLACEMENT_3D('',#1868,#1869,#1870);
#1868 = CARTESIAN_POINT('',(-34.,19.,6.));
#1869 = DIRECTION('',(0.,0.,1.));
#1870 = DIRECTION('',(1.,0.,-0.));
#1871 = PCURVE('',#740,#1872);
#1872 = DEFINITIONAL_REPRESENTATION('',(#1873),#1877);
#1873 = LINE('',#1874,#1875);
#1874 = CARTESIAN_POINT('',(0.,0.));
#1875 = VECTOR('',#1876,1.);
#1876 = DIRECTION('',(1.,0.));
#1877 = ( GEOMETRIC_REPRESENTATION_CONTEXT(2) 
PARAMETRIC_REPRESENTATION_CONTEXT() REPRESENTATION_CONTEXT('2D SPACE',''
  ) );
#1878 = PCURVE('',#1879,#1884);
#1879 = PLANE('',#1880);
#1880 = AXIS2_PLACEMENT_3D('',#1881,#1882,#1883);
#1881 = CARTESIAN_POINT('',(-34.,19.,6.));
#1882 = DIRECTION('',(0.,0.,1.));
#1883 = DIRECTION('',(1.,0.,-0.));
#1884 = DEFINITIONAL_REPRESENTATION('',(#1885),#1889);
#1885 = CIRCLE('',#1886,1.25);
#1886 = AXIS2_PLACEMENT_2D('',#1887,#1888);
#1887 = CARTESIAN_POINT('',(0.,0.));
#1888 = DIRECTION('',(1.,0.));
#1889 = ( GEOMETRIC_REPRESENTATION_CONTEXT(2) 
PARAMETRIC_REPRESENTATION_CONTEXT() REPRESENTATION_CONTEXT('2D SPACE',''
  ) );
#1890 = ORIENTED_EDGE('',*,*,#1841,.T.);
#1891 = ADVANCED_FACE('',(#1892),#772,.F.);
#1892 = FACE_BOUND('',#1893,.F.);
#1893 = EDGE_LOOP('',(#1894,#1915,#1943,#1964));
#1894 = ORIENTED_EDGE('',*,*,#1895,.F.);
#1895 = EDGE_CURVE('',#1896,#755,#1898,.T.);
#1896 = VERTEX_POINT('',#1897);
#1897 = CARTESIAN_POINT('',(-36.64575131106,22.,2.5));
#1898 = SURFACE_CURVE('',#1899,(#1903,#1909),.PCURVE_S1.);
#1899 = LINE('',#1900,#1901);
#1900 = CARTESIAN_POINT('',(-36.64575131106,22.,2.5));
#1901 = VECTOR('',#1902,1.);
#1902 = DIRECTION('',(0.,0.,1.));
#1903 = PCURVE('',#772,#1904);
#1904 = DEFINITIONAL_REPRESENTATION('',(#1905),#1908);
#1905 = B_SPLINE_CURVE_WITH_KNOTS('',1,(#1906,#1907),.UNSPECIFIED.,.F.,
  .F.,(2,2),(-2.400000000069E-06,19.5000024),.PIECEWISE_BEZIER_KNOTS.);
#1906 = CARTESIAN_POINT('',(-2.400000000069E-06,0.354248688935));
#1907 = CARTESIAN_POINT('',(19.5000024,0.354248688935));
#1908 = ( GEOMETRIC_REPRESENTATION_CONTEXT(2) 
PARAMETRIC_REPRESENTATION_CONTEXT() REPRESENTATION_CONTEXT('2D SPACE',''
  ) );
#1909 = PCURVE('',#800,#1910);
#1910 = DEFINITIONAL_REPRESENTATION('',(#1911),#1914);
#1911 = B_SPLINE_CURVE_WITH_KNOTS('',1,(#1912,#1913),.UNSPECIFIED.,.F.,
  .F.,(2,2),(-2.400000000069E-06,19.5000024),.PIECEWISE_BEZIER_KNOTS.);
#1912 = CARTESIAN_POINT('',(2.293530574608,-2.400000000069E-06));
#1913 = CARTESIAN_POINT('',(2.293530574608,19.5000024));
#1914 = ( GEOMETRIC_REPRESENTATION_CONTEXT(2) 
PARAMETRIC_REPRESENTATION_CONTEXT() REPRESENTATION_CONTEXT('2D SPACE',''
  ) );
#1915 = ORIENTED_EDGE('',*,*,#1916,.F.);
#1916 = EDGE_CURVE('',#1917,#1896,#1919,.T.);
#1917 = VERTEX_POINT('',#1918);
#1918 = CARTESIAN_POINT('',(-37.,22.,2.5));
#1919 = SURFACE_CURVE('',#1920,(#1924,#1931),.PCURVE_S1.);
#1920 = LINE('',#1921,#1922);
#1921 = CARTESIAN_POINT('',(-37.,22.,2.5));
#1922 = VECTOR('',#1923,1.);
#1923 = DIRECTION('',(1.,0.,-0.));
#1924 = PCURVE('',#772,#1925);
#1925 = DEFINITIONAL_REPRESENTATION('',(#1926),#1930);
#1926 = LINE('',#1927,#1928);
#1927 = CARTESIAN_POINT('',(0.,0.));
#1928 = VECTOR('',#1929,1.);
#1929 = DIRECTION('',(0.,1.));
#1930 = ( GEOMETRIC_REPRESENTATION_CONTEXT(2) 
PARAMETRIC_REPRESENTATION_CONTEXT() REPRESENTATION_CONTEXT('2D SPACE',''
  ) );
#1931 = PCURVE('',#1932,#1937);
#1932 = PLANE('',#1933);
#1933 = AXIS2_PLACEMENT_3D('',#1934,#1935,#1936);
#1934 = CARTESIAN_POINT('',(-37.,-22.,2.5));
#1935 = DIRECTION('',(0.,0.,1.));
#1936 = DIRECTION('',(1.,0.,-0.));
#1937 = DEFINITIONAL_REPRESENTATION('',(#1938),#1942);
#1938 = LINE('',#1939,#1940);
#1939 = CARTESIAN_POINT('',(0.,44.));
#1940 = VECTOR('',#1941,1.);
#1941 = DIRECTION('',(1.,0.));
#1942 = ( GEOMETRIC_REPRESENTATION_CONTEXT(2) 
PARAMETRIC_REPRESENTATION_CONTEXT() REPRESENTATION_CONTEXT('2D SPACE',''
  ) );
#1943 = ORIENTED_EDGE('',*,*,#1944,.T.);
#1944 = EDGE_CURVE('',#1917,#757,#1945,.T.);
#1945 = SURFACE_CURVE('',#1946,(#1950,#1957),.PCURVE_S1.);
#1946 = LINE('',#1947,#1948);
#1947 = CARTESIAN_POINT('',(-37.,22.,2.5));
#1948 = VECTOR('',#1949,1.);
#1949 = DIRECTION('',(0.,0.,1.));
#1950 = PCURVE('',#772,#1951);
#1951 = DEFINITIONAL_REPRESENTATION('',(#1952),#1956);
#1952 = LINE('',#1953,#1954);
#1953 = CARTESIAN_POINT('',(0.,0.));
#1954 = VECTOR('',#1955,1.);
#1955 = DIRECTION('',(1.,0.));
#1956 = ( GEOMETRIC_REPRESENTATION_CONTEXT(2) 
PARAMETRIC_REPRESENTATION_CONTEXT() REPRESENTATION_CONTEXT('2D SPACE',''
  ) );
#1957 = PCURVE('',#826,#1958);
#1958 = DEFINITIONAL_REPRESENTATION('',(#1959),#1963);
#1959 = LINE('',#1960,#1961);
#1960 = CARTESIAN_POINT('',(0.,-44.));
#1961 = VECTOR('',#1962,1.);
#1962 = DIRECTION('',(1.,0.));
#1963 = ( GEOMETRIC_REPRESENTATION_CONTEXT(2) 
PARAMETRIC_REPRESENTATION_CONTEXT() REPRESENTATION_CONTEXT('2D SPACE',''
  ) );
#1964 = ORIENTED_EDGE('',*,*,#754,.F.);
#1965 = ADVANCED_FACE('',(#1966),#800,.T.);
#1966 = FACE_BOUND('',#1967,.T.);
#1967 = EDGE_LOOP('',(#1968,#1969,#1970,#1994));
#1968 = ORIENTED_EDGE('',*,*,#783,.F.);
#1969 = ORIENTED_EDGE('',*,*,#1895,.F.);
#1970 = ORIENTED_EDGE('',*,*,#1971,.T.);
#1971 = EDGE_CURVE('',#1896,#1972,#1974,.T.);
#1972 = VERTEX_POINT('',#1973);
#1973 = CARTESIAN_POINT('',(-37.,21.645751311064,2.5));
#1974 = SURFACE_CURVE('',#1975,(#1980,#1987),.PCURVE_S1.);
#1975 = CIRCLE('',#1976,4.);
#1976 = AXIS2_PLACEMENT_3D('',#1977,#1978,#1979);
#1977 = CARTESIAN_POINT('',(-34.,19.,2.5));
#1978 = DIRECTION('',(0.,0.,1.));
#1979 = DIRECTION('',(1.,0.,-0.));
#1980 = PCURVE('',#800,#1981);
#1981 = DEFINITIONAL_REPRESENTATION('',(#1982),#1986);
#1982 = LINE('',#1983,#1984);
#1983 = CARTESIAN_POINT('',(0.,0.));
#1984 = VECTOR('',#1985,1.);
#1985 = DIRECTION('',(1.,0.));
#1986 = ( GEOMETRIC_REPRESENTATION_CONTEXT(2) 
PARAMETRIC_REPRESENTATION_CONTEXT() REPRESENTATION_CONTEXT('2D SPACE',''
  ) );
#1987 = PCURVE('',#1932,#1988);
#1988 = DEFINITIONAL_REPRESENTATION('',(#1989),#1993);
#1989 = CIRCLE('',#1990,4.);
#1990 = AXIS2_PLACEMENT_2D('',#1991,#1992);
#1991 = CARTESIAN_POINT('',(3.,41.));
#1992 = DIRECTION('',(1.,0.));
#1993 = ( GEOMETRIC_REPRESENTATION_CONTEXT(2) 
PARAMETRIC_REPRESENTATION_CONTEXT() REPRESENTATION_CONTEXT('2D SPACE',''
  ) );
#1994 = ORIENTED_EDGE('',*,*,#1995,.T.);
#1995 = EDGE_CURVE('',#1972,#784,#1996,.T.);
#1996 = SURFACE_CURVE('',#1997,(#2001,#2007),.PCURVE_S1.);
#1997 = LINE('',#1998,#1999);
#1998 = CARTESIAN_POINT('',(-37.,21.645751311065,2.5));
#1999 = VECTOR('',#2000,1.);
#2000 = DIRECTION('',(0.,0.,1.));
#2001 = PCURVE('',#800,#2002);
#2002 = DEFINITIONAL_REPRESENTATION('',(#2003),#2006);
#2003 = B_SPLINE_CURVE_WITH_KNOTS('',1,(#2004,#2005),.UNSPECIFIED.,.F.,
  .F.,(2,2),(-2.400000000069E-06,19.5000024),.PIECEWISE_BEZIER_KNOTS.);
#2004 = CARTESIAN_POINT('',(2.418858405776,-2.400000000069E-06));
#2005 = CARTESIAN_POINT('',(2.418858405776,19.5000024));
#2006 = ( GEOMETRIC_REPRESENTATION_CONTEXT(2) 
PARAMETRIC_REPRESENTATION_CONTEXT() REPRESENTATION_CONTEXT('2D SPACE',''
  ) );
#2007 = PCURVE('',#826,#2008);
#2008 = DEFINITIONAL_REPRESENTATION('',(#2009),#2012);
#2009 = B_SPLINE_CURVE_WITH_KNOTS('',1,(#2010,#2011),.UNSPECIFIED.,.F.,
  .F.,(2,2),(-2.400000000069E-06,19.5000024),.PIECEWISE_BEZIER_KNOTS.);
#2010 = CARTESIAN_POINT('',(-2.400000000069E-06,-43.64575131106));
#2011 = CARTESIAN_POINT('',(19.5000024,-43.64575131106));
#2012 = ( GEOMETRIC_REPRESENTATION_CONTEXT(2) 
PARAMETRIC_REPRESENTATION_CONTEXT() REPRESENTATION_CONTEXT('2D SPACE',''
  ) );
#2013 = ADVANCED_FACE('',(#2014),#826,.T.);
#2014 = FACE_BOUND('',#2015,.T.);
#2015 = EDGE_LOOP('',(#2016,#2017,#2038,#2039));
#2016 = ORIENTED_EDGE('',*,*,#1995,.F.);
#2017 = ORIENTED_EDGE('',*,*,#2018,.T.);
#2018 = EDGE_CURVE('',#1972,#1917,#2019,.T.);
#2019 = SURFACE_CURVE('',#2020,(#2024,#2031),.PCURVE_S1.);
#2020 = LINE('',#2021,#2022);
#2021 = CARTESIAN_POINT('',(-37.,-22.,2.5));
#2022 = VECTOR('',#2023,1.);
#2023 = DIRECTION('',(-0.,1.,0.));
#2024 = PCURVE('',#826,#2025);
#2025 = DEFINITIONAL_REPRESENTATION('',(#2026),#2030);
#2026 = LINE('',#2027,#2028);
#2027 = CARTESIAN_POINT('',(0.,0.));
#2028 = VECTOR('',#2029,1.);
#2029 = DIRECTION('',(0.,-1.));
#2030 = ( GEOMETRIC_REPRESENTATION_CONTEXT(2) 
PARAMETRIC_REPRESENTATION_CONTEXT() REPRESENTATION_CONTEXT('2D SPACE',''
  ) );
#2031 = PCURVE('',#1932,#2032);
#2032 = DEFINITIONAL_REPRESENTATION('',(#2033),#2037);
#2033 = LINE('',#2034,#2035);
#2034 = CARTESIAN_POINT('',(0.,0.));
#2035 = VECTOR('',#2036,1.);
#2036 = DIRECTION('',(0.,1.));
#2037 = ( GEOMETRIC_REPRESENTATION_CONTEXT(2) 
PARAMETRIC_REPRESENTATION_CONTEXT() REPRESENTATION_CONTEXT('2D SPACE',''
  ) );
#2038 = ORIENTED_EDGE('',*,*,#1944,.T.);
#2039 = ORIENTED_EDGE('',*,*,#812,.F.);
#2040 = ADVANCED_FACE('',(#2041),#856,.F.);
#2041 = FACE_BOUND('',#2042,.F.);
#2042 = EDGE_LOOP('',(#2043,#2044,#2067,#2094));
#2043 = ORIENTED_EDGE('',*,*,#839,.F.);
#2044 = ORIENTED_EDGE('',*,*,#2045,.F.);
#2045 = EDGE_CURVE('',#2046,#840,#2048,.T.);
#2046 = VERTEX_POINT('',#2047);
#2047 = CARTESIAN_POINT('',(35.25,19.,6.));
#2048 = SEAM_CURVE('',#2049,(#2053,#2060),.PCURVE_S1.);
#2049 = LINE('',#2050,#2051);
#2050 = CARTESIAN_POINT('',(35.25,19.,6.));
#2051 = VECTOR('',#2052,1.);
#2052 = DIRECTION('',(0.,0.,1.));
#2053 = PCURVE('',#856,#2054);
#2054 = DEFINITIONAL_REPRESENTATION('',(#2055),#2059);
#2055 = LINE('',#2056,#2057);
#2056 = CARTESIAN_POINT('',(6.28318530718,-0.));
#2057 = VECTOR('',#2058,1.);
#2058 = DIRECTION('',(0.,1.));
#2059 = ( GEOMETRIC_REPRESENTATION_CONTEXT(2) 
PARAMETRIC_REPRESENTATION_CONTEXT() REPRESENTATION_CONTEXT('2D SPACE',''
  ) );
#2060 = PCURVE('',#856,#2061);
#2061 = DEFINITIONAL_REPRESENTATION('',(#2062),#2066);
#2062 = LINE('',#2063,#2064);
#2063 = CARTESIAN_POINT('',(0.,-0.));
#2064 = VECTOR('',#2065,1.);
#2065 = DIRECTION('',(0.,1.));
#2066 = ( GEOMETRIC_REPRESENTATION_CONTEXT(2) 
PARAMETRIC_REPRESENTATION_CONTEXT() REPRESENTATION_CONTEXT('2D SPACE',''
  ) );
#2067 = ORIENTED_EDGE('',*,*,#2068,.T.);
#2068 = EDGE_CURVE('',#2046,#2046,#2069,.T.);
#2069 = SURFACE_CURVE('',#2070,(#2075,#2082),.PCURVE_S1.);
#2070 = CIRCLE('',#2071,1.25);
#2071 = AXIS2_PLACEMENT_3D('',#2072,#2073,#2074);
#2072 = CARTESIAN_POINT('',(34.,19.,6.));
#2073 = DIRECTION('',(0.,0.,1.));
#2074 = DIRECTION('',(1.,0.,-0.));
#2075 = PCURVE('',#856,#2076);
#2076 = DEFINITIONAL_REPRESENTATION('',(#2077),#2081);
#2077 = LINE('',#2078,#2079);
#2078 = CARTESIAN_POINT('',(0.,0.));
#2079 = VECTOR('',#2080,1.);
#2080 = DIRECTION('',(1.,0.));
#2081 = ( GEOMETRIC_REPRESENTATION_CONTEXT(2) 
PARAMETRIC_REPRESENTATION_CONTEXT() REPRESENTATION_CONTEXT('2D SPACE',''
  ) );
#2082 = PCURVE('',#2083,#2088);
#2083 = PLANE('',#2084);
#2084 = AXIS2_PLACEMENT_3D('',#2085,#2086,#2087);
#2085 = CARTESIAN_POINT('',(34.,19.,6.));
#2086 = DIRECTION('',(0.,0.,1.));
#2087 = DIRECTION('',(1.,0.,-0.));
#2088 = DEFINITIONAL_REPRESENTATION('',(#2089),#2093);
#2089 = CIRCLE('',#2090,1.25);
#2090 = AXIS2_PLACEMENT_2D('',#2091,#2092);
#2091 = CARTESIAN_POINT('',(0.,0.));
#2092 = DIRECTION('',(1.,0.));
#2093 = ( GEOMETRIC_REPRESENTATION_CONTEXT(2) 
PARAMETRIC_REPRESENTATION_CONTEXT() REPRESENTATION_CONTEXT('2D SPACE',''
  ) );
#2094 = ORIENTED_EDGE('',*,*,#2045,.T.);
#2095 = ADVANCED_FACE('',(#2096),#888,.F.);
#2096 = FACE_BOUND('',#2097,.F.);
#2097 = EDGE_LOOP('',(#2098,#2119,#2147,#2168));
#2098 = ORIENTED_EDGE('',*,*,#2099,.F.);
#2099 = EDGE_CURVE('',#2100,#871,#2102,.T.);
#2100 = VERTEX_POINT('',#2101);
#2101 = CARTESIAN_POINT('',(37.,21.645751311064,2.5));
#2102 = SURFACE_CURVE('',#2103,(#2107,#2113),.PCURVE_S1.);
#2103 = LINE('',#2104,#2105);
#2104 = CARTESIAN_POINT('',(37.,21.645751311065,2.5));
#2105 = VECTOR('',#2106,1.);
#2106 = DIRECTION('',(0.,0.,1.));
#2107 = PCURVE('',#888,#2108);
#2108 = DEFINITIONAL_REPRESENTATION('',(#2109),#2112);
#2109 = B_SPLINE_CURVE_WITH_KNOTS('',1,(#2110,#2111),.UNSPECIFIED.,.F.,
  .F.,(2,2),(-2.400000000069E-06,19.5000024),.PIECEWISE_BEZIER_KNOTS.);
#2110 = CARTESIAN_POINT('',(-2.400000000069E-06,-43.64575131106));
#2111 = CARTESIAN_POINT('',(19.5000024,-43.64575131106));
#2112 = ( GEOMETRIC_REPRESENTATION_CONTEXT(2) 
PARAMETRIC_REPRESENTATION_CONTEXT() REPRESENTATION_CONTEXT('2D SPACE',''
  ) );
#2113 = PCURVE('',#916,#2114);
#2114 = DEFINITIONAL_REPRESENTATION('',(#2115),#2118);
#2115 = B_SPLINE_CURVE_WITH_KNOTS('',1,(#2116,#2117),.UNSPECIFIED.,.F.,
  .F.,(2,2),(-2.400000000069E-06,19.5000024),.PIECEWISE_BEZIER_KNOTS.);
#2116 = CARTESIAN_POINT('',(0.722734247813,-2.400000000069E-06));
#2117 = CARTESIAN_POINT('',(0.722734247813,19.5000024));
#2118 = ( GEOMETRIC_REPRESENTATION_CONTEXT(2) 
PARAMETRIC_REPRESENTATION_CONTEXT() REPRESENTATION_CONTEXT('2D SPACE',''
  ) );
#2119 = ORIENTED_EDGE('',*,*,#2120,.T.);
#2120 = EDGE_CURVE('',#2100,#2121,#2123,.T.);
#2121 = VERTEX_POINT('',#2122);
#2122 = CARTESIAN_POINT('',(37.,22.,2.5));
#2123 = SURFACE_CURVE('',#2124,(#2128,#2135),.PCURVE_S1.);
#2124 = LINE('',#2125,#2126);
#2125 = CARTESIAN_POINT('',(37.,-22.,2.5));
#2126 = VECTOR('',#2127,1.);
#2127 = DIRECTION('',(-0.,1.,0.));
#2128 = PCURVE('',#888,#2129);
#2129 = DEFINITIONAL_REPRESENTATION('',(#2130),#2134);
#2130 = LINE('',#2131,#2132);
#2131 = CARTESIAN_POINT('',(0.,0.));
#2132 = VECTOR('',#2133,1.);
#2133 = DIRECTION('',(0.,-1.));
#2134 = ( GEOMETRIC_REPRESENTATION_CONTEXT(2) 
PARAMETRIC_REPRESENTATION_CONTEXT() REPRESENTATION_CONTEXT('2D SPACE',''
  ) );
#2135 = PCURVE('',#2136,#2141);
#2136 = PLANE('',#2137);
#2137 = AXIS2_PLACEMENT_3D('',#2138,#2139,#2140);
#2138 = CARTESIAN_POINT('',(-37.,-22.,2.5));
#2139 = DIRECTION('',(0.,0.,1.));
#2140 = DIRECTION('',(1.,0.,-0.));
#2141 = DEFINITIONAL_REPRESENTATION('',(#2142),#2146);
#2142 = LINE('',#2143,#2144);
#2143 = CARTESIAN_POINT('',(74.,0.));
#2144 = VECTOR('',#2145,1.);
#2145 = DIRECTION('',(0.,1.));
#2146 = ( GEOMETRIC_REPRESENTATION_CONTEXT(2) 
PARAMETRIC_REPRESENTATION_CONTEXT() REPRESENTATION_CONTEXT('2D SPACE',''
  ) );
#2147 = ORIENTED_EDGE('',*,*,#2148,.T.);
#2148 = EDGE_CURVE('',#2121,#873,#2149,.T.);
#2149 = SURFACE_CURVE('',#2150,(#2154,#2161),.PCURVE_S1.);
#2150 = LINE('',#2151,#2152);
#2151 = CARTESIAN_POINT('',(37.,22.,2.5));
#2152 = VECTOR('',#2153,1.);
#2153 = DIRECTION('',(0.,0.,1.));
#2154 = PCURVE('',#888,#2155);
#2155 = DEFINITIONAL_REPRESENTATION('',(#2156),#2160);
#2156 = LINE('',#2157,#2158);
#2157 = CARTESIAN_POINT('',(0.,-44.));
#2158 = VECTOR('',#2159,1.);
#2159 = DIRECTION('',(1.,0.));
#2160 = ( GEOMETRIC_REPRESENTATION_CONTEXT(2) 
PARAMETRIC_REPRESENTATION_CONTEXT() REPRESENTATION_CONTEXT('2D SPACE',''
  ) );
#2161 = PCURVE('',#942,#2162);
#2162 = DEFINITIONAL_REPRESENTATION('',(#2163),#2167);
#2163 = LINE('',#2164,#2165);
#2164 = CARTESIAN_POINT('',(0.,74.));
#2165 = VECTOR('',#2166,1.);
#2166 = DIRECTION('',(1.,0.));
#2167 = ( GEOMETRIC_REPRESENTATION_CONTEXT(2) 
PARAMETRIC_REPRESENTATION_CONTEXT() REPRESENTATION_CONTEXT('2D SPACE',''
  ) );
#2168 = ORIENTED_EDGE('',*,*,#870,.F.);
#2169 = ADVANCED_FACE('',(#2170),#916,.T.);
#2170 = FACE_BOUND('',#2171,.T.);
#2171 = EDGE_LOOP('',(#2172,#2173,#2174,#2198));
#2172 = ORIENTED_EDGE('',*,*,#899,.F.);
#2173 = ORIENTED_EDGE('',*,*,#2099,.F.);
#2174 = ORIENTED_EDGE('',*,*,#2175,.T.);
#2175 = EDGE_CURVE('',#2100,#2176,#2178,.T.);
#2176 = VERTEX_POINT('',#2177);
#2177 = CARTESIAN_POINT('',(36.645751311065,22.,2.5));
#2178 = SURFACE_CURVE('',#2179,(#2184,#2191),.PCURVE_S1.);
#2179 = CIRCLE('',#2180,4.);
#2180 = AXIS2_PLACEMENT_3D('',#2181,#2182,#2183);
#2181 = CARTESIAN_POINT('',(34.,19.,2.5));
#2182 = DIRECTION('',(0.,0.,1.));
#2183 = DIRECTION('',(1.,0.,-0.));
#2184 = PCURVE('',#916,#2185);
#2185 = DEFINITIONAL_REPRESENTATION('',(#2186),#2190);
#2186 = LINE('',#2187,#2188);
#2187 = CARTESIAN_POINT('',(0.,0.));
#2188 = VECTOR('',#2189,1.);
#2189 = DIRECTION('',(1.,0.));
#2190 = ( GEOMETRIC_REPRESENTATION_CONTEXT(2) 
PARAMETRIC_REPRESENTATION_CONTEXT() REPRESENTATION_CONTEXT('2D SPACE',''
  ) );
#2191 = PCURVE('',#2136,#2192);
#2192 = DEFINITIONAL_REPRESENTATION('',(#2193),#2197);
#2193 = CIRCLE('',#2194,4.);
#2194 = AXIS2_PLACEMENT_2D('',#2195,#2196);
#2195 = CARTESIAN_POINT('',(71.,41.));
#2196 = DIRECTION('',(1.,0.));
#2197 = ( GEOMETRIC_REPRESENTATION_CONTEXT(2) 
PARAMETRIC_REPRESENTATION_CONTEXT() REPRESENTATION_CONTEXT('2D SPACE',''
  ) );
#2198 = ORIENTED_EDGE('',*,*,#2199,.T.);
#2199 = EDGE_CURVE('',#2176,#900,#2200,.T.);
#2200 = SURFACE_CURVE('',#2201,(#2205,#2211),.PCURVE_S1.);
#2201 = LINE('',#2202,#2203);
#2202 = CARTESIAN_POINT('',(36.645751311065,22.,2.5));
#2203 = VECTOR('',#2204,1.);
#2204 = DIRECTION('',(0.,0.,1.));
#2205 = PCURVE('',#916,#2206);
#2206 = DEFINITIONAL_REPRESENTATION('',(#2207),#2210);
#2207 = B_SPLINE_CURVE_WITH_KNOTS('',1,(#2208,#2209),.UNSPECIFIED.,.F.,
  .F.,(2,2),(-2.400000000069E-06,19.5000024),.PIECEWISE_BEZIER_KNOTS.);
#2208 = CARTESIAN_POINT('',(0.848062078981,-2.400000000069E-06));
#2209 = CARTESIAN_POINT('',(0.848062078981,19.5000024));
#2210 = ( GEOMETRIC_REPRESENTATION_CONTEXT(2) 
PARAMETRIC_REPRESENTATION_CONTEXT() REPRESENTATION_CONTEXT('2D SPACE',''
  ) );
#2211 = PCURVE('',#942,#2212);
#2212 = DEFINITIONAL_REPRESENTATION('',(#2213),#2216);
#2213 = B_SPLINE_CURVE_WITH_KNOTS('',1,(#2214,#2215),.UNSPECIFIED.,.F.,
  .F.,(2,2),(-2.400000000069E-06,19.5000024),.PIECEWISE_BEZIER_KNOTS.);
#2214 = CARTESIAN_POINT('',(-2.400000000069E-06,73.645751311065));
#2215 = CARTESIAN_POINT('',(19.5000024,73.645751311065));
#2216 = ( GEOMETRIC_REPRESENTATION_CONTEXT(2) 
PARAMETRIC_REPRESENTATION_CONTEXT() REPRESENTATION_CONTEXT('2D SPACE',''
  ) );
#2217 = ADVANCED_FACE('',(#2218),#942,.F.);
#2218 = FACE_BOUND('',#2219,.F.);
#2219 = EDGE_LOOP('',(#2220,#2221,#2242,#2243));
#2220 = ORIENTED_EDGE('',*,*,#2148,.F.);
#2221 = ORIENTED_EDGE('',*,*,#2222,.F.);
#2222 = EDGE_CURVE('',#2176,#2121,#2223,.T.);
#2223 = SURFACE_CURVE('',#2224,(#2228,#2235),.PCURVE_S1.);
#2224 = LINE('',#2225,#2226);
#2225 = CARTESIAN_POINT('',(-37.,22.,2.5));
#2226 = VECTOR('',#2227,1.);
#2227 = DIRECTION('',(1.,0.,-0.));
#2228 = PCURVE('',#942,#2229);
#2229 = DEFINITIONAL_REPRESENTATION('',(#2230),#2234);
#2230 = LINE('',#2231,#2232);
#2231 = CARTESIAN_POINT('',(0.,0.));
#2232 = VECTOR('',#2233,1.);
#2233 = DIRECTION('',(0.,1.));
#2234 = ( GEOMETRIC_REPRESENTATION_CONTEXT(2) 
PARAMETRIC_REPRESENTATION_CONTEXT() REPRESENTATION_CONTEXT('2D SPACE',''
  ) );
#2235 = PCURVE('',#2136,#2236);
#2236 = DEFINITIONAL_REPRESENTATION('',(#2237),#2241);
#2237 = LINE('',#2238,#2239);
#2238 = CARTESIAN_POINT('',(0.,44.));
#2239 = VECTOR('',#2240,1.);
#2240 = DIRECTION('',(1.,0.));
#2241 = ( GEOMETRIC_REPRESENTATION_CONTEXT(2) 
PARAMETRIC_REPRESENTATION_CONTEXT() REPRESENTATION_CONTEXT('2D SPACE',''
  ) );
#2242 = ORIENTED_EDGE('',*,*,#2199,.T.);
#2243 = ORIENTED_EDGE('',*,*,#928,.F.);
#2244 = ADVANCED_FACE('',(#2245),#1078,.T.);
#2245 = FACE_BOUND('',#2246,.T.);
#2246 = EDGE_LOOP('',(#2247,#2248,#2249));
#2247 = ORIENTED_EDGE('',*,*,#1062,.F.);
#2248 = ORIENTED_EDGE('',*,*,#1134,.T.);
#2249 = ORIENTED_EDGE('',*,*,#1162,.F.);
#2250 = ADVANCED_FACE('',(#2251),#1227,.T.);
#2251 = FACE_BOUND('',#2252,.F.);
#2252 = EDGE_LOOP('',(#2253));
#2253 = ORIENTED_EDGE('',*,*,#1212,.F.);
#2254 = ADVANCED_FACE('',(#2255),#1282,.T.);
#2255 = FACE_BOUND('',#2256,.T.);
#2256 = EDGE_LOOP('',(#2257,#2258,#2259));
#2257 = ORIENTED_EDGE('',*,*,#1367,.F.);
#2258 = ORIENTED_EDGE('',*,*,#1318,.T.);
#2259 = ORIENTED_EDGE('',*,*,#1266,.T.);
#2260 = ADVANCED_FACE('',(#2261),#1431,.T.);
#2261 = FACE_BOUND('',#2262,.F.);
#2262 = EDGE_LOOP('',(#2263));
#2263 = ORIENTED_EDGE('',*,*,#1416,.F.);
#2264 = ADVANCED_FACE('',(#2265),#1484,.T.);
#2265 = FACE_BOUND('',#2266,.T.);
#2266 = EDGE_LOOP('',(#2267,#2268,#2269,#2270,#2271,#2272,#2273,#2274));
#2267 = ORIENTED_EDGE('',*,*,#1814,.F.);
#2268 = ORIENTED_EDGE('',*,*,#1711,.T.);
#2269 = ORIENTED_EDGE('',*,*,#1616,.T.);
#2270 = ORIENTED_EDGE('',*,*,#1521,.F.);
#2271 = ORIENTED_EDGE('',*,*,#1468,.T.);
#2272 = ORIENTED_EDGE('',*,*,#1590,.F.);
#2273 = ORIENTED_EDGE('',*,*,#1663,.F.);
#2274 = ORIENTED_EDGE('',*,*,#1783,.T.);
#2275 = ADVANCED_FACE('',(#2276),#1879,.T.);
#2276 = FACE_BOUND('',#2277,.F.);
#2277 = EDGE_LOOP('',(#2278));
#2278 = ORIENTED_EDGE('',*,*,#1864,.F.);
#2279 = ADVANCED_FACE('',(#2280),#1932,.T.);
#2280 = FACE_BOUND('',#2281,.T.);
#2281 = EDGE_LOOP('',(#2282,#2283,#2284));
#2282 = ORIENTED_EDGE('',*,*,#2018,.F.);
#2283 = ORIENTED_EDGE('',*,*,#1971,.F.);
#2284 = ORIENTED_EDGE('',*,*,#1916,.F.);
#2285 = ADVANCED_FACE('',(#2286),#2083,.T.);
#2286 = FACE_BOUND('',#2287,.F.);
#2287 = EDGE_LOOP('',(#2288));
#2288 = ORIENTED_EDGE('',*,*,#2068,.F.);
#2289 = ADVANCED_FACE('',(#2290),#2136,.T.);
#2290 = FACE_BOUND('',#2291,.T.);
#2291 = EDGE_LOOP('',(#2292,#2293,#2294));
#2292 = ORIENTED_EDGE('',*,*,#2222,.F.);
#2293 = ORIENTED_EDGE('',*,*,#2175,.F.);
#2294 = ORIENTED_EDGE('',*,*,#2120,.T.);
#2295 = ( GEOMETRIC_REPRESENTATION_CONTEXT(3) 
GLOBAL_UNCERTAINTY_ASSIGNED_CONTEXT((#2299)) 
GLOBAL_UNIT_ASSIGNED_CONTEXT((#2296,#2297,#2298)) REPRESENTATION_CONTEXT
('Context #1','3D Context with UNIT and UNCERTAINTY') );
#2296 = ( LENGTH_UNIT() NAMED_UNIT(*) SI_UNIT(.MILLI.,.METRE.) );
#2297 = ( NAMED_UNIT(*) PLANE_ANGLE_UNIT() SI_UNIT($,.RADIAN.) );
#2298 = ( NAMED_UNIT(*) SI_UNIT($,.STERADIAN.) SOLID_ANGLE_UNIT() );
#2299 = UNCERTAINTY_MEASURE_WITH_UNIT(LENGTH_MEASURE(1.E-07),#2296,
  'distance_accuracy_value','confusion accuracy');
#2300 = PRODUCT_RELATED_PRODUCT_CATEGORY('part',$,(#7));
ENDSEC;
END-ISO-10303-21;
