# Cadless export: model
v 42.75 -1.04707e-14 55
v 42.75 0 61
v 42.75 0 61
v 42.6969 2.13091 61
v 42.5376 4.25653 61
v 42.2725 6.37156 61
v 41.9024 8.47075 61
v 41.4281 10.5489 61
v 40.8507 12.6008 61
v 40.1719 14.6214 61
v 39.3931 16.6056 61
v 38.5164 18.5485 61
v 37.544 20.4454 61
v 36.4782 22.2914 61
v 35.3217 24.0819 61
v 34.0774 25.8126 61
v 32.7484 27.4792 61
v 31.338 29.0774 61
v 29.8496 30.6033 61
v 28.2871 32.0531 61
v 26.6542 33.4233 61
v 24.955 34.7103 61
v 23.1939 35.9111 61
v 21.375 37.0226 61
v 19.503 38.042 61
v 17.5825 38.9669 61
v 15.6183 39.7949 61
v 13.6153 40.5239 61
v 11.5784 41.1522 61
v 9.51277 41.6782 61
v 7.42346 42.1005 61
v 5.31569 42.4182 61
v 3.19471 42.6305 61
v 1.06579 42.7367 61
v -1.06579 42.7367 61
v -3.19471 42.6305 61
v -5.31569 42.4182 61
v -7.42346 42.1005 61
v -9.51277 41.6782 61
v -11.5784 41.1522 61
v -13.6153 40.5239 61
v -15.6183 39.7949 61
v -17.5825 38.9669 61
v -19.503 38.042 61
v -21.375 37.0226 61
v -23.1939 35.9111 61
v -24.955 34.7103 61
v -26.6542 33.4233 61
v -28.2871 32.0531 61
v -29.8496 30.6033 61
v -31.338 29.0774 61
v -32.7484 27.4792 61
v -34.0774 25.8126 61
v -35.3217 24.0819 61
v -36.4782 22.2914 61
v -37.544 20.4454 61
v -38.5164 18.5485 61
v -39.3931 16.6056 61
v -40.1719 14.6214 61
v -40.8507 12.6008 61
v -41.4281 10.5489 61
v -41.9024 8.47075 61
v -42.2725 6.37156 61
v -42.5376 4.25653 61
v -42.6969 2.13091 61
v -42.75 -1.46643e-13 61
v -42.6969 -2.13091 61
v -42.5376 -4.25653 61
v -42.2725 -6.37156 61
v -41.9024 -8.47075 61
v -41.4281 -10.5489 61
v -40.8507 -12.6008 61
v -40.1719 -14.6214 61
v -39.3931 -16.6056 61
v -38.5164 -18.5485 61
v -37.544 -20.4454 61
v -36.4782 -22.2914 61
v -35.3217 -24.0819 61
v -34.0774 -25.8126 61
v -32.7484 -27.4792 61
v -31.338 -29.0774 61
v -29.8496 -30.6033 61
v -28.2871 -32.0531 61
v -26.6542 -33.4233 61
v -24.955 -34.7103 61
v -23.1939 -35.9111 61
v -21.375 -37.0226 61
v -19.503 -38.042 61
v -17.5825 -38.9669 61
v -15.6183 -39.7949 61
v -13.6153 -40.5239 61
v -11.5784 -41.1522 61
v -9.51277 -41.6782 61
v -7.42346 -42.1005 61
v -5.31569 -42.4182 61
v -3.19471 -42.6305 61
v -1.06579 -42.7367 61
v 1.06579 -42.7367 61
v 3.19471 -42.6305 61
v 5.31569 -42.4182 61
v 7.42346 -42.1005 61
v 9.51277 -41.6782 61
v 11.5784 -41.1522 61
v 13.6153 -40.5239 61
v 15.6183 -39.7949 61
v 17.5825 -38.9669 61
v 19.503 -38.042 61
v 21.375 -37.0226 61
v 23.1939 -35.9111 61
v 24.955 -34.7103 61
v 26.6542 -33.4233 61
v 28.2871 -32.0531 61
v 29.8496 -30.6033 61
v 31.338 -29.0774 61
v 32.7484 -27.4792 61
v 34.0774 -25.8126 61
v 35.3217 -24.0819 61
v 36.4782 -22.2914 61
v 37.544 -20.4454 61
v 38.5164 -18.5485 61
v 39.3931 -16.6056 61
v 40.1719 -14.6214 61
v 40.8507 -12.6008 61
v 41.4281 -10.5489 61
v 41.9024 -8.47075 61
v 42.2725 -6.37156 61
v 42.5376 -4.25653 61
v 42.6969 -2.13091 61
v 42.75 -1.04707e-14 55
v 42.6969 2.13091 55
v 42.5376 4.25653 55
v 42.2725 6.37156 55
v 41.9024 8.47075 55
v 41.4281 10.5489 55
v 40.8507 12.6008 55
v 40.1719 14.6214 55
v 39.3931 16.6056 55
v 38.5164 18.5485 55
v 37.544 20.4454 55
v 36.4782 22.2914 55
v 35.3217 24.0819 55
v 34.0774 25.8126 55
v 32.7484 27.4792 55
v 31.338 29.0774 55
v 29.8496 30.6033 55
v 28.2871 32.0531 55
v 26.6542 33.4233 55
v 24.955 34.7103 55
v 23.1939 35.9111 55
v 21.375 37.0226 55
v 19.503 38.042 55
v 17.5825 38.9669 55
v 15.6183 39.7949 55
v 13.6153 40.5239 55
v 11.5784 41.1522 55
v 9.51277 41.6782 55
v 7.42346 42.1005 55
v 5.31569 42.4182 55
v 3.19471 42.6305 55
v 1.06579 42.7367 55
v -1.06579 42.7367 55
v -3.19471 42.6305 55
v -5.31569 42.4182 55
v -7.42346 42.1005 55
v -9.51277 41.6782 55
v -11.5784 41.1522 55
v -13.6153 40.5239 55
v -15.6183 39.7949 55
v -17.5825 38.9669 55
v -19.503 38.042 55
v -21.375 37.0226 55
v -23.1939 35.9111 55
v -24.955 34.7103 55
v -26.6542 33.4233 55
v -28.2871 32.0531 55
v -29.8496 30.6033 55
v -31.338 29.0774 55
v -32.7484 27.4792 55
v -34.0774 25.8126 55
v -35.3217 24.0819 55
v -36.4782 22.2914 55
v -37.544 20.4454 55
v -38.5164 18.5485 55
v -39.3931 16.6056 55
v -40.1719 14.6214 55
v -40.8507 12.6008 55
v -41.4281 10.5489 55
v -41.9024 8.47075 55
v -42.2725 6.37156 55
v -42.5376 4.25653 55
v -42.6969 2.13091 55
v -42.75 -1.46643e-13 55
v -42.6969 -2.13091 55
v -42.5376 -4.25653 55
v -42.2725 -6.37156 55
v -41.9024 -8.47075 55
v -41.4281 -10.5489 55
v -40.8507 -12.6008 55
v -40.1719 -14.6214 55
v -39.3931 -16.6056 55
v -38.5164 -18.5485 55
v -37.544 -20.4454 55
v -36.4782 -22.2914 55
v -35.3217 -24.0819 55
v -34.0774 -25.8126 55
v -32.7484 -27.4792 55
v -31.338 -29.0774 55
v -29.8496 -30.6033 55
v -28.2871 -32.0531 55
v -26.6542 -33.4233 55
v -24.955 -34.7103 55
v -23.1939 -35.9111 55
v -21.375 -37.0226 55
v -19.503 -38.042 55
v -17.5825 -38.9669 55
v -15.6183 -39.7949 55
v -13.6153 -40.5239 55
v -11.5784 -41.1522 55
v -9.51277 -41.6782 55
v -7.42346 -42.1005 55
v -5.31569 -42.4182 55
v -3.19471 -42.6305 55
v -1.06579 -42.7367 55
v 1.06579 -42.7367 55
v 3.19471 -42.6305 55
v 5.31569 -42.4182 55
v 7.42346 -42.1005 55
v 9.51277 -41.6782 55
v 11.5784 -41.1522 55
v 13.6153 -40.5239 55
v 15.6183 -39.7949 55
v 17.5825 -38.9669 55
v 19.503 -38.042 55
v 21.375 -37.0226 55
v 23.1939 -35.9111 55
v 24.955 -34.7103 55
v 26.6542 -33.4233 55
v 28.2871 -32.0531 55
v 29.8496 -30.6033 55
v 31.338 -29.0774 55
v 32.7484 -27.4792 55
v 34.0774 -25.8126 55
v 35.3217 -24.0819 55
v 36.4782 -22.2914 55
v 37.544 -20.4454 55
v 38.5164 -18.5485 55
v 39.3931 -16.6056 55
v 40.1719 -14.6214 55
v 40.8507 -12.6008 55
v 41.4281 -10.5489 55
v 41.9024 -8.47075 55
v 42.2725 -6.37156 55
v 42.5376 -4.25653 55
v 42.6969 -2.13091 55
v 42.75 0 61
v 41.75 0 62
v 42.6969 2.13091 61
v 42.5376 4.25653 61
v 42.2725 6.37156 61
v 41.9024 8.47075 61
v 41.4281 10.5489 61
v 40.8507 12.6008 61
v 40.1719 14.6214 61
v 39.3931 16.6056 61
v 38.5164 18.5485 61
v 37.544 20.4454 61
v 36.4782 22.2914 61
v 35.3217 24.0819 61
v 34.0774 25.8126 61
v 32.7484 27.4792 61
v 31.338 29.0774 61
v 29.8496 30.6033 61
v 28.2871 32.0531 61
v 26.6542 33.4233 61
v 24.955 34.7103 61
v 23.1939 35.9111 61
v 21.375 37.0226 61
v 19.503 38.042 61
v 17.5825 38.9669 61
v 15.6183 39.7949 61
v 13.6153 40.5239 61
v 11.5784 41.1522 61
v 9.51277 41.6782 61
v 7.42346 42.1005 61
v 5.31569 42.4182 61
v 3.19471 42.6305 61
v 1.06579 42.7367 61
v -1.06579 42.7367 61
v -3.19471 42.6305 61
v -5.31569 42.4182 61
v -7.42346 42.1005 61
v -9.51277 41.6782 61
v -11.5784 41.1522 61
v -13.6153 40.5239 61
v -15.6183 39.7949 61
v -17.5825 38.9669 61
v -19.503 38.042 61
v -21.375 37.0226 61
v -23.1939 35.9111 61
v -24.955 34.7103 61
v -26.6542 33.4233 61
v -28.2871 32.0531 61
v -29.8496 30.6033 61
v -31.338 29.0774 61
v -32.7484 27.4792 61
v -34.0774 25.8126 61
v -35.3217 24.0819 61
v -36.4782 22.2914 61
v -37.544 20.4454 61
v -38.5164 18.5485 61
v -39.3931 16.6056 61
v -40.1719 14.6214 61
v -40.8507 12.6008 61
v -41.4281 10.5489 61
v -41.9024 8.47075 61
v -42.2725 6.37156 61
v -42.5376 4.25653 61
v -42.6969 2.13091 61
v -42.75 -1.46643e-13 61
v -42.6969 -2.13091 61
v -42.5376 -4.25653 61
v -42.2725 -6.37156 61
v -41.9024 -8.47075 61
v -41.4281 -10.5489 61
v -40.8507 -12.6008 61
v -40.1719 -14.6214 61
v -39.3931 -16.6056 61
v -38.5164 -18.5485 61
v -37.544 -20.4454 61
v -36.4782 -22.2914 61
v -35.3217 -24.0819 61
v -34.0774 -25.8126 61
v -32.7484 -27.4792 61
v -31.338 -29.0774 61
v -29.8496 -30.6033 61
v -28.2871 -32.0531 61
v -26.6542 -33.4233 61
v -24.955 -34.7103 61
v -23.1939 -35.9111 61
v -21.375 -37.0226 61
v -19.503 -38.042 61
v -17.5825 -38.9669 61
v -15.6183 -39.7949 61
v -13.6153 -40.5239 61
v -11.5784 -41.1522 61
v -9.51277 -41.6782 61
v -7.42346 -42.1005 61
v -5.31569 -42.4182 61
v -3.19471 -42.6305 61
v -1.06579 -42.7367 61
v 1.06579 -42.7367 61
v 3.19471 -42.6305 61
v 5.31569 -42.4182 61
v 7.42346 -42.1005 61
v 9.51277 -41.6782 61
v 11.5784 -41.1522 61
v 13.6153 -40.5239 61
v 15.6183 -39.7949 61
v 17.5825 -38.9669 61
v 19.503 -38.042 61
v 21.375 -37.0226 61
v 23.1939 -35.9111 61
v 24.955 -34.7103 61
v 26.6542 -33.4233 61
v 28.2871 -32.0531 61
v 29.8496 -30.6033 61
v 31.338 -29.0774 61
v 32.7484 -27.4792 61
v 34.0774 -25.8126 61
v 35.3217 -24.0819 61
v 36.4782 -22.2914 61
v 37.544 -20.4454 61
v 38.5164 -18.5485 61
v 39.3931 -16.6056 61
v 40.1719 -14.6214 61
v 40.8507 -12.6008 61
v 41.4281 -10.5489 61
v 41.9024 -8.47075 61
v 42.2725 -6.37156 61
v 42.5376 -4.25653 61
v 42.6969 -2.13091 61
v 42.75 0 61
v 41.75 0 62
v 41.6981 2.08107 62
v 41.5425 4.15696 62
v 41.2837 6.22251 62
v 40.9222 8.2726 62
v 40.459 10.3021 62
v 39.8952 12.306 62
v 39.2322 14.2793 62
v 38.4716 16.2172 62
v 37.6155 18.1146 62
v 36.6658 19.9671 62
v 35.6249 21.7699 62
v 34.4955 23.5186 62
v 33.2803 25.2088 62
v 31.9824 26.8364 62
v 30.6049 28.3972 62
v 29.1514 29.8874 62
v 27.6254 31.3034 62
v 26.0307 32.6415 62
v 24.3713 33.8984 62
v 22.6513 35.0711 62
v 20.875 36.1566 62
v 19.0468 37.1521 62
v 17.1712 38.0554 62
v 15.253 38.864 62
v 13.2968 39.576 62
v 11.3076 40.1896 62
v 9.29025 40.7032 62
v 7.24981 41.1157 62
v 5.19135 41.426 62
v 3.11998 41.6333 62
v 1.04086 41.737 62
v -1.04086 41.737 62
v -3.11998 41.6333 62
v -5.19135 41.426 62
v -7.24981 41.1157 62
v -9.29025 40.7032 62
v -11.3076 40.1896 62
v -13.2968 39.576 62
v -15.253 38.864 62
v -17.1712 38.0554 62
v -19.0468 37.1521 62
v -20.875 36.1566 62
v -22.6513 35.0711 62
v -24.3713 33.8984 62
v -26.0307 32.6415 62
v -27.6254 31.3034 62
v -29.1514 29.8874 62
v -30.6049 28.3972 62
v -31.9824 26.8364 62
v -33.2803 25.2088 62
v -34.4955 23.5186 62
v -35.6249 21.7699 62
v -36.6658 19.9671 62
v -37.6155 18.1146 62
v -38.4716 16.2172 62
v -39.2322 14.2793 62
v -39.8952 12.306 62
v -40.459 10.3021 62
v -40.9222 8.2726 62
v -41.2837 6.22251 62
v -41.5425 4.15696 62
v -41.6981 2.08107 62
v -41.75 -1.43213e-13 62
v -41.6981 -2.08107 62
v -41.5425 -4.15696 62
v -41.2837 -6.22251 62
v -40.9222 -8.2726 62
v -40.459 -10.3021 62
v -39.8952 -12.306 62
v -39.2322 -14.2793 62
v -38.4716 -16.2172 62
v -37.6155 -18.1146 62
v -36.6658 -19.9671 62
v -35.6249 -21.7699 62
v -34.4955 -23.5186 62
v -33.2803 -25.2088 62
v -31.9824 -26.8364 62
v -30.6049 -28.3972 62
v -29.1514 -29.8874 62
v -27.6254 -31.3034 62
v -26.0307 -32.6415 62
v -24.3713 -33.8984 62
v -22.6513 -35.0711 62
v -20.875 -36.1566 62
v -19.0468 -37.1521 62
v -17.1712 -38.0554 62
v -15.253 -38.864 62
v -13.2968 -39.576 62
v -11.3076 -40.1896 62
v -9.29025 -40.7032 62
v -7.24981 -41.1157 62
v -5.19135 -41.426 62
v -3.11998 -41.6333 62
v -1.04086 -41.737 62
v 1.04086 -41.737 62
v 3.11998 -41.6333 62
v 5.19135 -41.426 62
v 7.24981 -41.1157 62
v 9.29025 -40.7032 62
v 11.3076 -40.1896 62
v 13.2968 -39.576 62
v 15.253 -38.864 62
v 17.1712 -38.0554 62
v 19.0468 -37.1521 62
v 20.875 -36.1566 62
v 22.6513 -35.0711 62
v 24.3713 -33.8984 62
v 26.0307 -32.6415 62
v 27.6254 -31.3034 62
v 29.1514 -29.8874 62
v 30.6049 -28.3972 62
v 31.9824 -26.8364 62
v 33.2803 -25.2088 62
v 34.4955 -23.5186 62
v 35.6249 -21.7699 62
v 36.6658 -19.9671 62
v 37.6155 -18.1146 62
v 38.4716 -16.2172 62
v 39.2322 -14.2793 62
v 39.8952 -12.306 62
v 40.459 -10.3021 62
v 40.9222 -8.2726 62
v 41.2837 -6.22251 62
v 41.5425 -4.15696 62
v 41.6981 -2.08107 62
v 42.75 -1.04707e-14 55
v 42.6969 2.13091 55
v 42.5376 4.25653 55
v 42.2725 6.37156 55
v 41.9024 8.47075 55
v 41.4281 10.5489 55
v 40.8507 12.6008 55
v 40.1719 14.6214 55
v 39.3931 16.6056 55
v 38.5164 18.5485 55
v 37.544 20.4454 55
v 36.4782 22.2914 55
v 35.3217 24.0819 55
v 34.0774 25.8126 55
v 32.7484 27.4792 55
v 31.338 29.0774 55
v 29.8496 30.6033 55
v 28.2871 32.0531 55
v 26.6542 33.4233 55
v 24.955 34.7103 55
v 23.1939 35.9111 55
v 21.375 37.0226 55
v 19.503 38.042 55
v 17.5825 38.9669 55
v 15.6183 39.7949 55
v 13.6153 40.5239 55
v 11.5784 41.1522 55
v 9.51277 41.6782 55
v 7.42346 42.1005 55
v 5.31569 42.4182 55
v 3.19471 42.6305 55
v 1.06579 42.7367 55
v -1.06579 42.7367 55
v -3.19471 42.6305 55
v -5.31569 42.4182 55
v -7.42346 42.1005 55
v -9.51277 41.6782 55
v -11.5784 41.1522 55
v -13.6153 40.5239 55
v -15.6183 39.7949 55
v -17.5825 38.9669 55
v -19.503 38.042 55
v -21.375 37.0226 55
v -23.1939 35.9111 55
v -24.955 34.7103 55
v -26.6542 33.4233 55
v -28.2871 32.0531 55
v -29.8496 30.6033 55
v -31.338 29.0774 55
v -32.7484 27.4792 55
v -34.0774 25.8126 55
v -35.3217 24.0819 55
v -36.4782 22.2914 55
v -37.544 20.4454 55
v -38.5164 18.5485 55
v -39.3931 16.6056 55
v -40.1719 14.6214 55
v -40.8507 12.6008 55
v -41.4281 10.5489 55
v -41.9024 8.47075 55
v -42.2725 6.37156 55
v -42.5376 4.25653 55
v -42.6969 2.13091 55
v -42.75 -1.46643e-13 55
v -42.6969 -2.13091 55
v -42.5376 -4.25653 55
v -42.2725 -6.37156 55
v -41.9024 -8.47075 55
v -41.4281 -10.5489 55
v -40.8507 -12.6008 55
v -40.1719 -14.6214 55
v -39.3931 -16.6056 55
v -38.5164 -18.5485 55
v -37.544 -20.4454 55
v -36.4782 -22.2914 55
v -35.3217 -24.0819 55
v -34.0774 -25.8126 55
v -32.7484 -27.4792 55
v -31.338 -29.0774 55
v -29.8496 -30.6033 55
v -28.2871 -32.0531 55
v -26.6542 -33.4233 55
v -24.955 -34.7103 55
v -23.1939 -35.9111 55
v -21.375 -37.0226 55
v -19.503 -38.042 55
v -17.5825 -38.9669 55
v -15.6183 -39.7949 55
v -13.6153 -40.5239 55
v -11.5784 -41.1522 55
v -9.51277 -41.6782 55
v -7.42346 -42.1005 55
v -5.31569 -42.4182 55
v -3.19471 -42.6305 55
v -1.06579 -42.7367 55
v 1.06579 -42.7367 55
v 3.19471 -42.6305 55
v 5.31569 -42.4182 55
v 7.42346 -42.1005 55
v 9.51277 -41.6782 55
v 11.5784 -41.1522 55
v 13.6153 -40.5239 55
v 15.6183 -39.7949 55
v 17.5825 -38.9669 55
v 19.503 -38.042 55
v 21.375 -37.0226 55
v 23.1939 -35.9111 55
v 24.955 -34.7103 55
v 26.6542 -33.4233 55
v 28.2871 -32.0531 55
v 29.8496 -30.6033 55
v 31.338 -29.0774 55
v 32.7484 -27.4792 55
v 34.0774 -25.8126 55
v 35.3217 -24.0819 55
v 36.4782 -22.2914 55
v 37.544 -20.4454 55
v 38.5164 -18.5485 55
v 39.3931 -16.6056 55
v 40.1719 -14.6214 55
v 40.8507 -12.6008 55
v 41.4281 -10.5489 55
v 41.9024 -8.47075 55
v 42.2725 -6.37156 55
v 42.5376 -4.25653 55
v 42.6969 -2.13091 55
v 38.25 -9.36855e-15 55
v 38.2025 1.90661 55
v 38.0599 3.80847 55
v 37.8228 5.70087 55
v 37.4916 7.57909 55
v 37.0672 9.43847 55
v 36.5507 11.2744 55
v 35.9432 13.0823 55
v 35.2465 14.8576 55
v 34.4621 16.5961 55
v 33.592 18.2932 55
v 32.6384 19.9449 55
v 31.6036 21.547 55
v 30.4903 23.0955 55
v 29.3012 24.5866 55
v 28.0392 26.0166 55
v 26.7076 27.3819 55
v 25.3095 28.6791 55
v 23.8485 29.9051 55
v 22.3282 31.0566 55
v 20.7524 32.131 55
v 19.125 33.1255 55
v 17.4501 34.0376 55
v 15.7317 34.8651 55
v 13.9743 35.6059 55
v 12.1821 36.2582 55
v 10.3596 36.8204 55
v 8.51143 37.291 55
v 6.64204 37.6689 55
v 4.75615 37.9531 55
v 2.85843 38.143 55
v 0.953599 38.2381 55
v -0.953599 38.2381 55
v -2.85843 38.143 55
v -4.75615 37.9531 55
v -6.64204 37.6689 55
v -8.51143 37.291 55
v -10.3596 36.8204 55
v -12.1821 36.2582 55
v -13.9743 35.6059 55
v -15.7317 34.8651 55
v -17.4501 34.0376 55
v -19.125 33.1255 55
v -20.7524 32.131 55
v -22.3282 31.0566 55
v -23.8485 29.9051 55
v -25.3095 28.6791 55
v -26.7076 27.3819 55
v -28.0392 26.0166 55
v -29.3012 24.5866 55
v -30.4903 23.0955 55
v -31.6036 21.547 55
v -32.6384 19.9449 55
v -33.592 18.2932 55
v -34.4621 16.5961 55
v -35.2465 14.8576 55
v -35.9432 13.0823 55
v -36.5507 11.2744 55
v -37.0672 9.43847 55
v -37.4916 7.57909 55
v -37.8228 5.70087 55
v -38.0599 3.80847 55
v -38.2025 1.90661 55
v -38.25 -1.31207e-13 55
v -38.2025 -1.90661 55
v -38.0599 -3.80847 55
v -37.8228 -5.70087 55
v -37.4916 -7.57909 55
v -37.0672 -9.43847 55
v -36.5507 -11.2744 55
v -35.9432 -13.0823 55
v -35.2465 -14.8576 55
v -34.4621 -16.5961 55
v -33.592 -18.2932 55
v -32.6384 -19.9449 55
v -31.6036 -21.547 55
v -30.4903 -23.0955 55
v -29.3012 -24.5866 55
v -28.0392 -26.0166 55
v -26.7076 -27.3819 55
v -25.3095 -28.6791 55
v -23.8485 -29.9051 55
v -22.3282 -31.0566 55
v -20.7524 -32.131 55
v -19.125 -33.1255 55
v -17.4501 -34.0376 55
v -15.7317 -34.8651 55
v -13.9743 -35.6059 55
v -12.1821 -36.2582 55
v -10.3596 -36.8204 55
v -8.51143 -37.291 55
v -6.64204 -37.6689 55
v -4.75615 -37.9531 55
v -2.85843 -38.143 55
v -0.953599 -38.2381 55
v 0.953599 -38.2381 55
v 2.85843 -38.143 55
v 4.75615 -37.9531 55
v 6.64204 -37.6689 55
v 8.51143 -37.291 55
v 10.3596 -36.8204 55
v 12.1821 -36.2582 55
v 13.9743 -35.6059 55
v 15.7317 -34.8651 55
v 17.4501 -34.0376 55
v 19.125 -33.1255 55
v 20.7524 -32.131 55
v 22.3282 -31.0566 55
v 23.8485 -29.9051 55
v 25.3095 -28.6791 55
v 26.7076 -27.3819 55
v 28.0392 -26.0166 55
v 29.3012 -24.5866 55
v 30.4903 -23.0955 55
v 31.6036 -21.547 55
v 32.6384 -19.9449 55
v 33.592 -18.2932 55
v 34.4621 -16.5961 55
v 35.2465 -14.8576 55
v 35.9432 -13.0823 55
v 36.5507 -11.2744 55
v 37.0672 -9.43847 55
v 37.4916 -7.57909 55
v 37.8228 -5.70087 55
v 38.0599 -3.80847 55
v 38.2025 -1.90661 55
v 41.75 0 62
v 41.6981 2.08107 62
v 41.5425 4.15696 62
v 41.2837 6.22251 62
v 40.9222 8.2726 62
v 40.459 10.3021 62
v 39.8952 12.306 62
v 39.2322 14.2793 62
v 38.4716 16.2172 62
v 37.6155 18.1146 62
v 36.6658 19.9671 62
v 35.6249 21.7699 62
v 34.4955 23.5186 62
v 33.2803 25.2088 62
v 31.9824 26.8364 62
v 30.6049 28.3972 62
v 29.1514 29.8874 62
v 27.6254 31.3034 62
v 26.0307 32.6415 62
v 24.3713 33.8984 62
v 22.6513 35.0711 62
v 20.875 36.1566 62
v 19.0468 37.1521 62
v 17.1712 38.0554 62
v 15.253 38.864 62
v 13.2968 39.576 62
v 11.3076 40.1896 62
v 9.29025 40.7032 62
v 7.24981 41.1157 62
v 5.19135 41.426 62
v 3.11998 41.6333 62
v 1.04086 41.737 62
v -1.04086 41.737 62
v -3.11998 41.6333 62
v -5.19135 41.426 62
v -7.24981 41.1157 62
v -9.29025 40.7032 62
v -11.3076 40.1896 62
v -13.2968 39.576 62
v -15.253 38.864 62
v -17.1712 38.0554 62
v -19.0468 37.1521 62
v -20.875 36.1566 62
v -22.6513 35.0711 62
v -24.3713 33.8984 62
v -26.0307 32.6415 62
v -27.6254 31.3034 62
v -29.1514 29.8874 62
v -30.6049 28.3972 62
v -31.9824 26.8364 62
v -33.2803 25.2088 62
v -34.4955 23.5186 62
v -35.6249 21.7699 62
v -36.6658 19.9671 62
v -37.6155 18.1146 62
v -38.4716 16.2172 62
v -39.2322 14.2793 62
v -39.8952 12.306 62
v -40.459 10.3021 62
v -40.9222 8.2726 62
v -41.2837 6.22251 62
v -41.5425 4.15696 62
v -41.6981 2.08107 62
v -41.75 -1.43213e-13 62
v -41.6981 -2.08107 62
v -41.5425 -4.15696 62
v -41.2837 -6.22251 62
v -40.9222 -8.2726 62
v -40.459 -10.3021 62
v -39.8952 -12.306 62
v -39.2322 -14.2793 62
v -38.4716 -16.2172 62
v -37.6155 -18.1146 62
v -36.6658 -19.9671 62
v -35.6249 -21.7699 62
v -34.4955 -23.5186 62
v -33.2803 -25.2088 62
v -31.9824 -26.8364 62
v -30.6049 -28.3972 62
v -29.1514 -29.8874 62
v -27.6254 -31.3034 62
v -26.0307 -32.6415 62
v -24.3713 -33.8984 62
v -22.6513 -35.0711 62
v -20.875 -36.1566 62
v -19.0468 -37.1521 62
v -17.1712 -38.0554 62
v -15.253 -38.864 62
v -13.2968 -39.576 62
v -11.3076 -40.1896 62
v -9.29025 -40.7032 62
v -7.24981 -41.1157 62
v -5.19135 -41.426 62
v -3.11998 -41.6333 62
v -1.04086 -41.737 62
v 1.04086 -41.737 62
v 3.11998 -41.6333 62
v 5.19135 -41.426 62
v 7.24981 -41.1157 62
v 9.29025 -40.7032 62
v 11.3076 -40.1896 62
v 13.2968 -39.576 62
v 15.253 -38.864 62
v 17.1712 -38.0554 62
v 19.0468 -37.1521 62
v 20.875 -36.1566 62
v 22.6513 -35.0711 62
v 24.3713 -33.8984 62
v 26.0307 -32.6415 62
v 27.6254 -31.3034 62
v 29.1514 -29.8874 62
v 30.6049 -28.3972 62
v 31.9824 -26.8364 62
v 33.2803 -25.2088 62
v 34.4955 -23.5186 62
v 35.6249 -21.7699 62
v 36.6658 -19.9671 62
v 37.6155 -18.1146 62
v 38.4716 -16.2172 62
v 39.2322 -14.2793 62
v 39.8952 -12.306 62
v 40.459 -10.3021 62
v 40.9222 -8.2726 62
v 41.2837 -6.22251 62
v 41.5425 -4.15696 62
v 41.6981 -2.08107 62
v 38.25 -9.36855e-15 55
v 38.2025 1.90661 55
v 38.0599 3.80847 55
v 37.8228 5.70087 55
v 37.4916 7.57909 55
v 37.0672 9.43847 55
v 36.5507 11.2744 55
v 35.9432 13.0823 55
v 35.2465 14.8576 55
v 34.4621 16.5961 55
v 33.592 18.2932 55
v 32.6384 19.9449 55
v 31.6036 21.547 55
v 30.4903 23.0955 55
v 29.3012 24.5866 55
v 28.0392 26.0166 55
v 26.7076 27.3819 55
v 25.3095 28.6791 55
v 23.8485 29.9051 55
v 22.3282 31.0566 55
v 20.7524 32.131 55
v 19.125 33.1255 55
v 17.4501 34.0376 55
v 15.7317 34.8651 55
v 13.9743 35.6059 55
v 12.1821 36.2582 55
v 10.3596 36.8204 55
v 8.51143 37.291 55
v 6.64204 37.6689 55
v 4.75615 37.9531 55
v 2.85843 38.143 55
v 0.953599 38.2381 55
v -0.953599 38.2381 55
v -2.85843 38.143 55
v -4.75615 37.9531 55
v -6.64204 37.6689 55
v -8.51143 37.291 55
v -10.3596 36.8204 55
v -12.1821 36.2582 55
v -13.9743 35.6059 55
v -15.7317 34.8651 55
v -17.4501 34.0376 55
v -19.125 33.1255 55
v -20.7524 32.131 55
v -22.3282 31.0566 55
v -23.8485 29.9051 55
v -25.3095 28.6791 55
v -26.7076 27.3819 55
v -28.0392 26.0166 55
v -29.3012 24.5866 55
v -30.4903 23.0955 55
v -31.6036 21.547 55
v -32.6384 19.9449 55
v -33.592 18.2932 55
v -34.4621 16.5961 55
v -35.2465 14.8576 55
v -35.9432 13.0823 55
v -36.5507 11.2744 55
v -37.0672 9.43847 55
v -37.4916 7.57909 55
v -37.8228 5.70087 55
v -38.0599 3.80847 55
v -38.2025 1.90661 55
v -38.25 -1.31207e-13 55
v -38.2025 -1.90661 55
v -38.0599 -3.80847 55
v -37.8228 -5.70087 55
v -37.4916 -7.57909 55
v -37.0672 -9.43847 55
v -36.5507 -11.2744 55
v -35.9432 -13.0823 55
v -35.2465 -14.8576 55
v -34.4621 -16.5961 55
v -33.592 -18.2932 55
v -32.6384 -19.9449 55
v -31.6036 -21.547 55
v -30.4903 -23.0955 55
v -29.3012 -24.5866 55
v -28.0392 -26.0166 55
v -26.7076 -27.3819 55
v -25.3095 -28.6791 55
v -23.8485 -29.9051 55
v -22.3282 -31.0566 55
v -20.7524 -32.131 55
v -19.125 -33.1255 55
v -17.4501 -34.0376 55
v -15.7317 -34.8651 55
v -13.9743 -35.6059 55
v -12.1821 -36.2582 55
v -10.3596 -36.8204 55
v -8.51143 -37.291 55
v -6.64204 -37.6689 55
v -4.75615 -37.9531 55
v -2.85843 -38.143 55
v -0.953599 -38.2381 55
v 0.953599 -38.2381 55
v 2.85843 -38.143 55
v 4.75615 -37.9531 55
v 6.64204 -37.6689 55
v 8.51143 -37.291 55
v 10.3596 -36.8204 55
v 12.1821 -36.2582 55
v 13.9743 -35.6059 55
v 15.7317 -34.8651 55
v 17.4501 -34.0376 55
v 19.125 -33.1255 55
v 20.7524 -32.131 55
v 22.3282 -31.0566 55
v 23.8485 -29.9051 55
v 25.3095 -28.6791 55
v 26.7076 -27.3819 55
v 28.0392 -26.0166 55
v 29.3012 -24.5866 55
v 30.4903 -23.0955 55
v 31.6036 -21.547 55
v 32.6384 -19.9449 55
v 33.592 -18.2932 55
v 34.4621 -16.5961 55
v 35.2465 -14.8576 55
v 35.9432 -13.0823 55
v 36.5507 -11.2744 55
v 37.0672 -9.43847 55
v 37.4916 -7.57909 55
v 37.8228 -5.70087 55
v 38.0599 -3.80847 55
v 38.2025 -1.90661 55
v 38.25 -9.36855e-15 55
v 38.25 -9.36855e-15 52
v 38.2025 1.90661 52
v 38.0599 3.80847 52
v 37.8228 5.70087 52
v 37.4916 7.57909 52
v 37.0672 9.43847 52
v 36.5507 11.2744 52
v 35.9432 13.0823 52
v 35.2465 14.8576 52
v 34.4621 16.5961 52
v 33.592 18.2932 52
v 32.6384 19.9449 52
v 31.6036 21.547 52
v 30.4903 23.0955 52
v 29.3012 24.5866 52
v 28.0392 26.0166 52
v 26.7076 27.3819 52
v 25.3095 28.6791 52
v 23.8485 29.9051 52
v 22.3282 31.0566 52
v 20.7524 32.131 52
v 19.125 33.1255 52
v 17.4501 34.0376 52
v 15.7317 34.8651 52
v 13.9743 35.6059 52
v 12.1821 36.2582 52
v 10.3596 36.8204 52
v 8.51143 37.291 52
v 6.64204 37.6689 52
v 4.75615 37.9531 52
v 2.85843 38.143 52
v 0.953599 38.2381 52
v -0.953599 38.2381 52
v -2.85843 38.143 52
v -4.75615 37.9531 52
v -6.64204 37.6689 52
v -8.51143 37.291 52
v -10.3596 36.8204 52
v -12.1821 36.2582 52
v -13.9743 35.6059 52
v -15.7317 34.8651 52
v -17.4501 34.0376 52
v -19.125 33.1255 52
v -20.7524 32.131 52
v -22.3282 31.0566 52
v -23.8485 29.9051 52
v -25.3095 28.6791 52
v -26.7076 27.3819 52
v -28.0392 26.0166 52
v -29.3012 24.5866 52
v -30.4903 23.0955 52
v -31.6036 21.547 52
v -32.6384 19.9449 52
v -33.592 18.2932 52
v -34.4621 16.5961 52
v -35.2465 14.8576 52
v -35.9432 13.0823 52
v -36.5507 11.2744 52
v -37.0672 9.43847 52
v -37.4916 7.57909 52
v -37.8228 5.70087 52
v -38.0599 3.80847 52
v -38.2025 1.90661 52
v -38.25 -1.31207e-13 52
v -38.2025 -1.90661 52
v -38.0599 -3.80847 52
v -37.8228 -5.70087 52
v -37.4916 -7.57909 52
v -37.0672 -9.43847 52
v -36.5507 -11.2744 52
v -35.9432 -13.0823 52
v -35.2465 -14.8576 52
v -34.4621 -16.5961 52
v -33.592 -18.2932 52
v -32.6384 -19.9449 52
v -31.6036 -21.547 52
v -30.4903 -23.0955 52
v -29.3012 -24.5866 52
v -28.0392 -26.0166 52
v -26.7076 -27.3819 52
v -25.3095 -28.6791 52
v -23.8485 -29.9051 52
v -22.3282 -31.0566 52
v -20.7524 -32.131 52
v -19.125 -33.1255 52
v -17.4501 -34.0376 52
v -15.7317 -34.8651 52
v -13.9743 -35.6059 52
v -12.1821 -36.2582 52
v -10.3596 -36.8204 52
v -8.51143 -37.291 52
v -6.64204 -37.6689 52
v -4.75615 -37.9531 52
v -2.85843 -38.143 52
v -0.953599 -38.2381 52
v 0.953599 -38.2381 52
v 2.85843 -38.143 52
v 4.75615 -37.9531 52
v 6.64204 -37.6689 52
v 8.51143 -37.291 52
v 10.3596 -36.8204 52
v 12.1821 -36.2582 52
v 13.9743 -35.6059 52
v 15.7317 -34.8651 52
v 17.4501 -34.0376 52
v 19.125 -33.1255 52
v 20.7524 -32.131 52
v 22.3282 -31.0566 52
v 23.8485 -29.9051 52
v 25.3095 -28.6791 52
v 26.7076 -27.3819 52
v 28.0392 -26.0166 52
v 29.3012 -24.5866 52
v 30.4903 -23.0955 52
v 31.6036 -21.547 52
v 32.6384 -19.9449 52
v 33.592 -18.2932 52
v 34.4621 -16.5961 52
v 35.2465 -14.8576 52
v 35.9432 -13.0823 52
v 36.5507 -11.2744 52
v 37.0672 -9.43847 52
v 37.4916 -7.57909 52
v 37.8228 -5.70087 52
v 38.0599 -3.80847 52
v 38.2025 -1.90661 52
v 38.25 -9.36855e-15 52
v 42.75 -1.04707e-14 52
v 42.6969 2.13091 52
v 42.5376 4.25653 52
v 42.2725 6.37156 52
v 41.9024 8.47075 52
v 41.4281 10.5489 52
v 40.8507 12.6008 52
v 40.1719 14.6214 52
v 39.3931 16.6056 52
v 38.5164 18.5485 52
v 37.544 20.4454 52
v 36.4782 22.2914 52
v 35.3217 24.0819 52
v 34.0774 25.8126 52
v 32.7484 27.4792 52
v 31.338 29.0774 52
v 29.8496 30.6033 52
v 28.2871 32.0531 52
v 26.6542 33.4233 52
v 24.955 34.7103 52
v 23.1939 35.9111 52
v 21.375 37.0226 52
v 19.503 38.042 52
v 17.5825 38.9669 52
v 15.6183 39.7949 52
v 13.6153 40.5239 52
v 11.5784 41.1522 52
v 9.51277 41.6782 52
v 7.42346 42.1005 52
v 5.31569 42.4182 52
v 3.19471 42.6305 52
v 1.06579 42.7367 52
v -1.06579 42.7367 52
v -3.19471 42.6305 52
v -5.31569 42.4182 52
v -7.42346 42.1005 52
v -9.51277 41.6782 52
v -11.5784 41.1522 52
v -13.6153 40.5239 52
v -15.6183 39.7949 52
v -17.5825 38.9669 52
v -19.503 38.042 52
v -21.375 37.0226 52
v -23.1939 35.9111 52
v -24.955 34.7103 52
v -26.6542 33.4233 52
v -28.2871 32.0531 52
v -29.8496 30.6033 52
v -31.338 29.0774 52
v -32.7484 27.4792 52
v -34.0774 25.8126 52
v -35.3217 24.0819 52
v -36.4782 22.2914 52
v -37.544 20.4454 52
v -38.5164 18.5485 52
v -39.3931 16.6056 52
v -40.1719 14.6214 52
v -40.8507 12.6008 52
v -41.4281 10.5489 52
v -41.9024 8.47075 52
v -42.2725 6.37156 52
v -42.5376 4.25653 52
v -42.6969 2.13091 52
v -42.75 -1.46643e-13 52
v -42.6969 -2.13091 52
v -42.5376 -4.25653 52
v -42.2725 -6.37156 52
v -41.9024 -8.47075 52
v -41.4281 -10.5489 52
v -40.8507 -12.6008 52
v -40.1719 -14.6214 52
v -39.3931 -16.6056 52
v -38.5164 -18.5485 52
v -37.544 -20.4454 52
v -36.4782 -22.2914 52
v -35.3217 -24.0819 52
v -34.0774 -25.8126 52
v -32.7484 -27.4792 52
v -31.338 -29.0774 52
v -29.8496 -30.6033 52
v -28.2871 -32.0531 52
v -26.6542 -33.4233 52
v -24.955 -34.7103 52
v -23.1939 -35.9111 52
v -21.375 -37.0226 52
v -19.503 -38.042 52
v -17.5825 -38.9669 52
v -15.6183 -39.7949 52
v -13.6153 -40.5239 52
v -11.5784 -41.1522 52
v -9.51277 -41.6782 52
v -7.42346 -42.1005 52
v -5.31569 -42.4182 52
v -3.19471 -42.6305 52
v -1.06579 -42.7367 52
v 1.06579 -42.7367 52
v 3.19471 -42.6305 52
v 5.31569 -42.4182 52
v 7.42346 -42.1005 52
v 9.51277 -41.6782 52
v 11.5784 -41.1522 52
v 13.6153 -40.5239 52
v 15.6183 -39.7949 52
v 17.5825 -38.9669 52
v 19.503 -38.042 52
v 21.375 -37.0226 52
v 23.1939 -35.9111 52
v 24.955 -34.7103 52
v 26.6542 -33.4233 52
v 28.2871 -32.0531 52
v 29.8496 -30.6033 52
v 31.338 -29.0774 52
v 32.7484 -27.4792 52
v 34.0774 -25.8126 52
v 35.3217 -24.0819 52
v 36.4782 -22.2914 52
v 37.544 -20.4454 52
v 38.5164 -18.5485 52
v 39.3931 -16.6056 52
v 40.1719 -14.6214 52
v 40.8507 -12.6008 52
v 41.4281 -10.5489 52
v 41.9024 -8.47075 52
v 42.2725 -6.37156 52
v 42.5376 -4.25653 52
v 42.6969 -2.13091 52
v 38.25 -9.36855e-15 52
v 38.2025 1.90661 52
v 38.0599 3.80847 52
v 37.8228 5.70087 52
v 37.4916 7.57909 52
v 37.0672 9.43847 52
v 36.5507 11.2744 52
v 35.9432 13.0823 52
v 35.2465 14.8576 52
v 34.4621 16.5961 52
v 33.592 18.2932 52
v 32.6384 19.9449 52
v 31.6036 21.547 52
v 30.4903 23.0955 52
v 29.3012 24.5866 52
v 28.0392 26.0166 52
v 26.7076 27.3819 52
v 25.3095 28.6791 52
v 23.8485 29.9051 52
v 22.3282 31.0566 52
v 20.7524 32.131 52
v 19.125 33.1255 52
v 17.4501 34.0376 52
v 15.7317 34.8651 52
v 13.9743 35.6059 52
v 12.1821 36.2582 52
v 10.3596 36.8204 52
v 8.51143 37.291 52
v 6.64204 37.6689 52
v 4.75615 37.9531 52
v 2.85843 38.143 52
v 0.953599 38.2381 52
v -0.953599 38.2381 52
v -2.85843 38.143 52
v -4.75615 37.9531 52
v -6.64204 37.6689 52
v -8.51143 37.291 52
v -10.3596 36.8204 52
v -12.1821 36.2582 52
v -13.9743 35.6059 52
v -15.7317 34.8651 52
v -17.4501 34.0376 52
v -19.125 33.1255 52
v -20.7524 32.131 52
v -22.3282 31.0566 52
v -23.8485 29.9051 52
v -25.3095 28.6791 52
v -26.7076 27.3819 52
v -28.0392 26.0166 52
v -29.3012 24.5866 52
v -30.4903 23.0955 52
v -31.6036 21.547 52
v -32.6384 19.9449 52
v -33.592 18.2932 52
v -34.4621 16.5961 52
v -35.2465 14.8576 52
v -35.9432 13.0823 52
v -36.5507 11.2744 52
v -37.0672 9.43847 52
v -37.4916 7.57909 52
v -37.8228 5.70087 52
v -38.0599 3.80847 52
v -38.2025 1.90661 52
v -38.25 -1.31207e-13 52
v -38.2025 -1.90661 52
v -38.0599 -3.80847 52
v -37.8228 -5.70087 52
v -37.4916 -7.57909 52
v -37.0672 -9.43847 52
v -36.5507 -11.2744 52
v -35.9432 -13.0823 52
v -35.2465 -14.8576 52
v -34.4621 -16.5961 52
v -33.592 -18.2932 52
v -32.6384 -19.9449 52
v -31.6036 -21.547 52
v -30.4903 -23.0955 52
v -29.3012 -24.5866 52
v -28.0392 -26.0166 52
v -26.7076 -27.3819 52
v -25.3095 -28.6791 52
v -23.8485 -29.9051 52
v -22.3282 -31.0566 52
v -20.7524 -32.131 52
v -19.125 -33.1255 52
v -17.4501 -34.0376 52
v -15.7317 -34.8651 52
v -13.9743 -35.6059 52
v -12.1821 -36.2582 52
v -10.3596 -36.8204 52
v -8.51143 -37.291 52
v -6.64204 -37.6689 52
v -4.75615 -37.9531 52
v -2.85843 -38.143 52
v -0.953599 -38.2381 52
v 0.953599 -38.2381 52
v 2.85843 -38.143 52
v 4.75615 -37.9531 52
v 6.64204 -37.6689 52
v 8.51143 -37.291 52
v 10.3596 -36.8204 52
v 12.1821 -36.2582 52
v 13.9743 -35.6059 52
v 15.7317 -34.8651 52
v 17.4501 -34.0376 52
v 19.125 -33.1255 52
v 20.7524 -32.131 52
v 22.3282 -31.0566 52
v 23.8485 -29.9051 52
v 25.3095 -28.6791 52
v 26.7076 -27.3819 52
v 28.0392 -26.0166 52
v 29.3012 -24.5866 52
v 30.4903 -23.0955 52
v 31.6036 -21.547 52
v 32.6384 -19.9449 52
v 33.592 -18.2932 52
v 34.4621 -16.5961 52
v 35.2465 -14.8576 52
v 35.9432 -13.0823 52
v 36.5507 -11.2744 52
v 37.0672 -9.43847 52
v 37.4916 -7.57909 52
v 37.8228 -5.70087 52
v 38.0599 -3.80847 52
v 38.2025 -1.90661 52
v 42.75 -1.04707e-14 49
v 42.75 -1.04707e-14 52
v 42.75 -1.04707e-14 52
v 42.6969 2.13091 52
v 42.5376 4.25653 52
v 42.2725 6.37156 52
v 41.9024 8.47075 52
v 41.4281 10.5489 52
v 40.8507 12.6008 52
v 40.1719 14.6214 52
v 39.3931 16.6056 52
v 38.5164 18.5485 52
v 37.544 20.4454 52
v 36.4782 22.2914 52
v 35.3217 24.0819 52
v 34.0774 25.8126 52
v 32.7484 27.4792 52
v 31.338 29.0774 52
v 29.8496 30.6033 52
v 28.2871 32.0531 52
v 26.6542 33.4233 52
v 24.955 34.7103 52
v 23.1939 35.9111 52
v 21.375 37.0226 52
v 19.503 38.042 52
v 17.5825 38.9669 52
v 15.6183 39.7949 52
v 13.6153 40.5239 52
v 11.5784 41.1522 52
v 9.51277 41.6782 52
v 7.42346 42.1005 52
v 5.31569 42.4182 52
v 3.19471 42.6305 52
v 1.06579 42.7367 52
v -1.06579 42.7367 52
v -3.19471 42.6305 52
v -5.31569 42.4182 52
v -7.42346 42.1005 52
v -9.51277 41.6782 52
v -11.5784 41.1522 52
v -13.6153 40.5239 52
v -15.6183 39.7949 52
v -17.5825 38.9669 52
v -19.503 38.042 52
v -21.375 37.0226 52
v -23.1939 35.9111 52
v -24.955 34.7103 52
v -26.6542 33.4233 52
v -28.2871 32.0531 52
v -29.8496 30.6033 52
v -31.338 29.0774 52
v -32.7484 27.4792 52
v -34.0774 25.8126 52
v -35.3217 24.0819 52
v -36.4782 22.2914 52
v -37.544 20.4454 52
v -38.5164 18.5485 52
v -39.3931 16.6056 52
v -40.1719 14.6214 52
v -40.8507 12.6008 52
v -41.4281 10.5489 52
v -41.9024 8.47075 52
v -42.2725 6.37156 52
v -42.5376 4.25653 52
v -42.6969 2.13091 52
v -42.75 -1.46643e-13 52
v -42.6969 -2.13091 52
v -42.5376 -4.25653 52
v -42.2725 -6.37156 52
v -41.9024 -8.47075 52
v -41.4281 -10.5489 52
v -40.8507 -12.6008 52
v -40.1719 -14.6214 52
v -39.3931 -16.6056 52
v -38.5164 -18.5485 52
v -37.544 -20.4454 52
v -36.4782 -22.2914 52
v -35.3217 -24.0819 52
v -34.0774 -25.8126 52
v -32.7484 -27.4792 52
v -31.338 -29.0774 52
v -29.8496 -30.6033 52
v -28.2871 -32.0531 52
v -26.6542 -33.4233 52
v -24.955 -34.7103 52
v -23.1939 -35.9111 52
v -21.375 -37.0226 52
v -19.503 -38.042 52
v -17.5825 -38.9669 52
v -15.6183 -39.7949 52
v -13.6153 -40.5239 52
v -11.5784 -41.1522 52
v -9.51277 -41.6782 52
v -7.42346 -42.1005 52
v -5.31569 -42.4182 52
v -3.19471 -42.6305 52
v -1.06579 -42.7367 52
v 1.06579 -42.7367 52
v 3.19471 -42.6305 52
v 5.31569 -42.4182 52
v 7.42346 -42.1005 52
v 9.51277 -41.6782 52
v 11.5784 -41.1522 52
v 13.6153 -40.5239 52
v 15.6183 -39.7949 52
v 17.5825 -38.9669 52
v 19.503 -38.042 52
v 21.375 -37.0226 52
v 23.1939 -35.9111 52
v 24.955 -34.7103 52
v 26.6542 -33.4233 52
v 28.2871 -32.0531 52
v 29.8496 -30.6033 52
v 31.338 -29.0774 52
v 32.7484 -27.4792 52
v 34.0774 -25.8126 52
v 35.3217 -24.0819 52
v 36.4782 -22.2914 52
v 37.544 -20.4454 52
v 38.5164 -18.5485 52
v 39.3931 -16.6056 52
v 40.1719 -14.6214 52
v 40.8507 -12.6008 52
v 41.4281 -10.5489 52
v 41.9024 -8.47075 52
v 42.2725 -6.37156 52
v 42.5376 -4.25653 52
v 42.6969 -2.13091 52
v 42.75 -1.04707e-14 49
v 42.6969 2.13091 49
v 42.5376 4.25653 49
v 42.2725 6.37156 49
v 41.9024 8.47075 49
v 41.4281 10.5489 49
v 40.8507 12.6008 49
v 40.1719 14.6214 49
v 39.3931 16.6056 49
v 38.5164 18.5485 49
v 37.544 20.4454 49
v 36.4782 22.2914 49
v 35.3217 24.0819 49
v 34.0774 25.8126 49
v 32.7484 27.4792 49
v 31.338 29.0774 49
v 29.8496 30.6033 49
v 28.2871 32.0531 49
v 26.6542 33.4233 49
v 24.955 34.7103 49
v 23.1939 35.9111 49
v 21.375 37.0226 49
v 19.503 38.042 49
v 17.5825 38.9669 49
v 15.6183 39.7949 49
v 13.6153 40.5239 49
v 11.5784 41.1522 49
v 9.51277 41.6782 49
v 7.42346 42.1005 49
v 5.31569 42.4182 49
v 3.19471 42.6305 49
v 1.06579 42.7367 49
v -1.06579 42.7367 49
v -3.19471 42.6305 49
v -5.31569 42.4182 49
v -7.42346 42.1005 49
v -9.51277 41.6782 49
v -11.5784 41.1522 49
v -13.6153 40.5239 49
v -15.6183 39.7949 49
v -17.5825 38.9669 49
v -19.503 38.042 49
v -21.375 37.0226 49
v -23.1939 35.9111 49
v -24.955 34.7103 49
v -26.6542 33.4233 49
v -28.2871 32.0531 49
v -29.8496 30.6033 49
v -31.338 29.0774 49
v -32.7484 27.4792 49
v -34.0774 25.8126 49
v -35.3217 24.0819 49
v -36.4782 22.2914 49
v -37.544 20.4454 49
v -38.5164 18.5485 49
v -39.3931 16.6056 49
v -40.1719 14.6214 49
v -40.8507 12.6008 49
v -41.4281 10.5489 49
v -41.9024 8.47075 49
v -42.2725 6.37156 49
v -42.5376 4.25653 49
v -42.6969 2.13091 49
v -42.75 -1.46643e-13 49
v -42.6969 -2.13091 49
v -42.5376 -4.25653 49
v -42.2725 -6.37156 49
v -41.9024 -8.47075 49
v -41.4281 -10.5489 49
v -40.8507 -12.6008 49
v -40.1719 -14.6214 49
v -39.3931 -16.6056 49
v -38.5164 -18.5485 49
v -37.544 -20.4454 49
v -36.4782 -22.2914 49
v -35.3217 -24.0819 49
v -34.0774 -25.8126 49
v -32.7484 -27.4792 49
v -31.338 -29.0774 49
v -29.8496 -30.6033 49
v -28.2871 -32.0531 49
v -26.6542 -33.4233 49
v -24.955 -34.7103 49
v -23.1939 -35.9111 49
v -21.375 -37.0226 49
v -19.503 -38.042 49
v -17.5825 -38.9669 49
v -15.6183 -39.7949 49
v -13.6153 -40.5239 49
v -11.5784 -41.1522 49
v -9.51277 -41.6782 49
v -7.42346 -42.1005 49
v -5.31569 -42.4182 49
v -3.19471 -42.6305 49
v -1.06579 -42.7367 49
v 1.06579 -42.7367 49
v 3.19471 -42.6305 49
v 5.31569 -42.4182 49
v 7.42346 -42.1005 49
v 9.51277 -41.6782 49
v 11.5784 -41.1522 49
v 13.6153 -40.5239 49
v 15.6183 -39.7949 49
v 17.5825 -38.9669 49
v 19.503 -38.042 49
v 21.375 -37.0226 49
v 23.1939 -35.9111 49
v 24.955 -34.7103 49
v 26.6542 -33.4233 49
v 28.2871 -32.0531 49
v 29.8496 -30.6033 49
v 31.338 -29.0774 49
v 32.7484 -27.4792 49
v 34.0774 -25.8126 49
v 35.3217 -24.0819 49
v 36.4782 -22.2914 49
v 37.544 -20.4454 49
v 38.5164 -18.5485 49
v 39.3931 -16.6056 49
v 40.1719 -14.6214 49
v 40.8507 -12.6008 49
v 41.4281 -10.5489 49
v 41.9024 -8.47075 49
v 42.2725 -6.37156 49
v 42.5376 -4.25653 49
v 42.6969 -2.13091 49
v 42.75 -1.04707e-14 49
v 42.6969 2.13091 49
v 42.5376 4.25653 49
v 42.2725 6.37156 49
v 41.9024 8.47075 49
v 41.4281 10.5489 49
v 40.8507 12.6008 49
v 40.1719 14.6214 49
v 39.3931 16.6056 49
v 38.5164 18.5485 49
v 37.544 20.4454 49
v 36.4782 22.2914 49
v 35.3217 24.0819 49
v 34.0774 25.8126 49
v 32.7484 27.4792 49
v 31.338 29.0774 49
v 29.8496 30.6033 49
v 28.2871 32.0531 49
v 26.6542 33.4233 49
v 24.955 34.7103 49
v 23.1939 35.9111 49
v 21.375 37.0226 49
v 19.503 38.042 49
v 17.5825 38.9669 49
v 15.6183 39.7949 49
v 13.6153 40.5239 49
v 11.5784 41.1522 49
v 9.51277 41.6782 49
v 7.42346 42.1005 49
v 5.31569 42.4182 49
v 3.19471 42.6305 49
v 1.06579 42.7367 49
v -1.06579 42.7367 49
v -3.19471 42.6305 49
v -5.31569 42.4182 49
v -7.42346 42.1005 49
v -9.51277 41.6782 49
v -11.5784 41.1522 49
v -13.6153 40.5239 49
v -15.6183 39.7949 49
v -17.5825 38.9669 49
v -19.503 38.042 49
v -21.375 37.0226 49
v -23.1939 35.9111 49
v -24.955 34.7103 49
v -26.6542 33.4233 49
v -28.2871 32.0531 49
v -29.8496 30.6033 49
v -31.338 29.0774 49
v -32.7484 27.4792 49
v -34.0774 25.8126 49
v -35.3217 24.0819 49
v -36.4782 22.2914 49
v -37.544 20.4454 49
v -38.5164 18.5485 49
v -39.3931 16.6056 49
v -40.1719 14.6214 49
v -40.8507 12.6008 49
v -41.4281 10.5489 49
v -41.9024 8.47075 49
v -42.2725 6.37156 49
v -42.5376 4.25653 49
v -42.6969 2.13091 49
v -42.75 -1.46643e-13 49
v -42.6969 -2.13091 49
v -42.5376 -4.25653 49
v -42.2725 -6.37156 49
v -41.9024 -8.47075 49
v -41.4281 -10.5489 49
v -40.8507 -12.6008 49
v -40.1719 -14.6214 49
v -39.3931 -16.6056 49
v -38.5164 -18.5485 49
v -37.544 -20.4454 49
v -36.4782 -22.2914 49
v -35.3217 -24.0819 49
v -34.0774 -25.8126 49
v -32.7484 -27.4792 49
v -31.338 -29.0774 49
v -29.8496 -30.6033 49
v -28.2871 -32.0531 49
v -26.6542 -33.4233 49
v -24.955 -34.7103 49
v -23.1939 -35.9111 49
v -21.375 -37.0226 49
v -19.503 -38.042 49
v -17.5825 -38.9669 49
v -15.6183 -39.7949 49
v -13.6153 -40.5239 49
v -11.5784 -41.1522 49
v -9.51277 -41.6782 49
v -7.42346 -42.1005 49
v -5.31569 -42.4182 49
v -3.19471 -42.6305 49
v -1.06579 -42.7367 49
v 1.06579 -42.7367 49
v 3.19471 -42.6305 49
v 5.31569 -42.4182 49
v 7.42346 -42.1005 49
v 9.51277 -41.6782 49
v 11.5784 -41.1522 49
v 13.6153 -40.5239 49
v 15.6183 -39.7949 49
v 17.5825 -38.9669 49
v 19.503 -38.042 49
v 21.375 -37.0226 49
v 23.1939 -35.9111 49
v 24.955 -34.7103 49
v 26.6542 -33.4233 49
v 28.2871 -32.0531 49
v 29.8496 -30.6033 49
v 31.338 -29.0774 49
v 32.7484 -27.4792 49
v 34.0774 -25.8126 49
v 35.3217 -24.0819 49
v 36.4782 -22.2914 49
v 37.544 -20.4454 49
v 38.5164 -18.5485 49
v 39.3931 -16.6056 49
v 40.1719 -14.6214 49
v 40.8507 -12.6008 49
v 41.4281 -10.5489 49
v 41.9024 -8.47075 49
v 42.2725 -6.37156 49
v 42.5376 -4.25653 49
v 42.6969 -2.13091 49
v 38.25 -9.36855e-15 49
v 38.2025 1.90661 49
v 38.0599 3.80847 49
v 37.8228 5.70087 49
v 37.4916 7.57909 49
v 37.0672 9.43847 49
v 36.5507 11.2744 49
v 35.9432 13.0823 49
v 35.2465 14.8576 49
v 34.4621 16.5961 49
v 33.592 18.2932 49
v 32.6384 19.9449 49
v 31.6036 21.547 49
v 30.4903 23.0955 49
v 29.3012 24.5866 49
v 28.0392 26.0166 49
v 26.7076 27.3819 49
v 25.3095 28.6791 49
v 23.8485 29.9051 49
v 22.3282 31.0566 49
v 20.7524 32.131 49
v 19.125 33.1255 49
v 17.4501 34.0376 49
v 15.7317 34.8651 49
v 13.9743 35.6059 49
v 12.1821 36.2582 49
v 10.3596 36.8204 49
v 8.51143 37.291 49
v 6.64204 37.6689 49
v 4.75615 37.9531 49
v 2.85843 38.143 49
v 0.953599 38.2381 49
v -0.953599 38.2381 49
v -2.85843 38.143 49
v -4.75615 37.9531 49
v -6.64204 37.6689 49
v -8.51143 37.291 49
v -10.3596 36.8204 49
v -12.1821 36.2582 49
v -13.9743 35.6059 49
v -15.7317 34.8651 49
v -17.4501 34.0376 49
v -19.125 33.1255 49
v -20.7524 32.131 49
v -22.3282 31.0566 49
v -23.8485 29.9051 49
v -25.3095 28.6791 49
v -26.7076 27.3819 49
v -28.0392 26.0166 49
v -29.3012 24.5866 49
v -30.4903 23.0955 49
v -31.6036 21.547 49
v -32.6384 19.9449 49
v -33.592 18.2932 49
v -34.4621 16.5961 49
v -35.2465 14.8576 49
v -35.9432 13.0823 49
v -36.5507 11.2744 49
v -37.0672 9.43847 49
v -37.4916 7.57909 49
v -37.8228 5.70087 49
v -38.0599 3.80847 49
v -38.2025 1.90661 49
v -38.25 -1.31207e-13 49
v -38.2025 -1.90661 49
v -38.0599 -3.80847 49
v -37.8228 -5.70087 49
v -37.4916 -7.57909 49
v -37.0672 -9.43847 49
v -36.5507 -11.2744 49
v -35.9432 -13.0823 49
v -35.2465 -14.8576 49
v -34.4621 -16.5961 49
v -33.592 -18.2932 49
v -32.6384 -19.9449 49
v -31.6036 -21.547 49
v -30.4903 -23.0955 49
v -29.3012 -24.5866 49
v -28.0392 -26.0166 49
v -26.7076 -27.3819 49
v -25.3095 -28.6791 49
v -23.8485 -29.9051 49
v -22.3282 -31.0566 49
v -20.7524 -32.131 49
v -19.125 -33.1255 49
v -17.4501 -34.0376 49
v -15.7317 -34.8651 49
v -13.9743 -35.6059 49
v -12.1821 -36.2582 49
v -10.3596 -36.8204 49
v -8.51143 -37.291 49
v -6.64204 -37.6689 49
v -4.75615 -37.9531 49
v -2.85843 -38.143 49
v -0.953599 -38.2381 49
v 0.953599 -38.2381 49
v 2.85843 -38.143 49
v 4.75615 -37.9531 49
v 6.64204 -37.6689 49
v 8.51143 -37.291 49
v 10.3596 -36.8204 49
v 12.1821 -36.2582 49
v 13.9743 -35.6059 49
v 15.7317 -34.8651 49
v 17.4501 -34.0376 49
v 19.125 -33.1255 49
v 20.7524 -32.131 49
v 22.3282 -31.0566 49
v 23.8485 -29.9051 49
v 25.3095 -28.6791 49
v 26.7076 -27.3819 49
v 28.0392 -26.0166 49
v 29.3012 -24.5866 49
v 30.4903 -23.0955 49
v 31.6036 -21.547 49
v 32.6384 -19.9449 49
v 33.592 -18.2932 49
v 34.4621 -16.5961 49
v 35.2465 -14.8576 49
v 35.9432 -13.0823 49
v 36.5507 -11.2744 49
v 37.0672 -9.43847 49
v 37.4916 -7.57909 49
v 37.8228 -5.70087 49
v 38.0599 -3.80847 49
v 38.2025 -1.90661 49
v 38.25 -9.36855e-15 49
v 38.2025 1.90661 49
v 38.0599 3.80847 49
v 37.8228 5.70087 49
v 37.4916 7.57909 49
v 37.0672 9.43847 49
v 36.5507 11.2744 49
v 35.9432 13.0823 49
v 35.2465 14.8576 49
v 34.4621 16.5961 49
v 33.592 18.2932 49
v 32.6384 19.9449 49
v 31.6036 21.547 49
v 30.4903 23.0955 49
v 29.3012 24.5866 49
v 28.0392 26.0166 49
v 26.7076 27.3819 49
v 25.3095 28.6791 49
v 23.8485 29.9051 49
v 22.3282 31.0566 49
v 20.7524 32.131 49
v 19.125 33.1255 49
v 17.4501 34.0376 49
v 15.7317 34.8651 49
v 13.9743 35.6059 49
v 12.1821 36.2582 49
v 10.3596 36.8204 49
v 8.51143 37.291 49
v 6.64204 37.6689 49
v 4.75615 37.9531 49
v 2.85843 38.143 49
v 0.953599 38.2381 49
v -0.953599 38.2381 49
v -2.85843 38.143 49
v -4.75615 37.9531 49
v -6.64204 37.6689 49
v -8.51143 37.291 49
v -10.3596 36.8204 49
v -12.1821 36.2582 49
v -13.9743 35.6059 49
v -15.7317 34.8651 49
v -17.4501 34.0376 49
v -19.125 33.1255 49
v -20.7524 32.131 49
v -22.3282 31.0566 49
v -23.8485 29.9051 49
v -25.3095 28.6791 49
v -26.7076 27.3819 49
v -28.0392 26.0166 49
v -29.3012 24.5866 49
v -30.4903 23.0955 49
v -31.6036 21.547 49
v -32.6384 19.9449 49
v -33.592 18.2932 49
v -34.4621 16.5961 49
v -35.2465 14.8576 49
v -35.9432 13.0823 49
v -36.5507 11.2744 49
v -37.0672 9.43847 49
v -37.4916 7.57909 49
v -37.8228 5.70087 49
v -38.0599 3.80847 49
v -38.2025 1.90661 49
v -38.25 -1.31207e-13 49
v -38.2025 -1.90661 49
v -38.0599 -3.80847 49
v -37.8228 -5.70087 49
v -37.4916 -7.57909 49
v -37.0672 -9.43847 49
v -36.5507 -11.2744 49
v -35.9432 -13.0823 49
v -35.2465 -14.8576 49
v -34.4621 -16.5961 49
v -33.592 -18.2932 49
v -32.6384 -19.9449 49
v -31.6036 -21.547 49
v -30.4903 -23.0955 49
v -29.3012 -24.5866 49
v -28.0392 -26.0166 49
v -26.7076 -27.3819 49
v -25.3095 -28.6791 49
v -23.8485 -29.9051 49
v -22.3282 -31.0566 49
v -20.7524 -32.131 49
v -19.125 -33.1255 49
v -17.4501 -34.0376 49
v -15.7317 -34.8651 49
v -13.9743 -35.6059 49
v -12.1821 -36.2582 49
v -10.3596 -36.8204 49
v -8.51143 -37.291 49
v -6.64204 -37.6689 49
v -4.75615 -37.9531 49
v -2.85843 -38.143 49
v -0.953599 -38.2381 49
v 0.953599 -38.2381 49
v 2.85843 -38.143 49
v 4.75615 -37.9531 49
v 6.64204 -37.6689 49
v 8.51143 -37.291 49
v 10.3596 -36.8204 49
v 12.1821 -36.2582 49
v 13.9743 -35.6059 49
v 15.7317 -34.8651 49
v 17.4501 -34.0376 49
v 19.125 -33.1255 49
v 20.7524 -32.131 49
v 22.3282 -31.0566 49
v 23.8485 -29.9051 49
v 25.3095 -28.6791 49
v 26.7076 -27.3819 49
v 28.0392 -26.0166 49
v 29.3012 -24.5866 49
v 30.4903 -23.0955 49
v 31.6036 -21.547 49
v 32.6384 -19.9449 49
v 33.592 -18.2932 49
v 34.4621 -16.5961 49
v 35.2465 -14.8576 49
v 35.9432 -13.0823 49
v 36.5507 -11.2744 49
v 37.0672 -9.43847 49
v 37.4916 -7.57909 49
v 37.8228 -5.70087 49
v 38.0599 -3.80847 49
v 38.2025 -1.90661 49
v 38.25 -9.36855e-15 49
v 38.25 -9.36855e-15 46
v 38.2025 1.90661 46
v 38.0599 3.80847 46
v 37.8228 5.70087 46
v 37.4916 7.57909 46
v 37.0672 9.43847 46
v 36.5507 11.2744 46
v 35.9432 13.0823 46
v 35.2465 14.8576 46
v 34.4621 16.5961 46
v 33.592 18.2932 46
v 32.6384 19.9449 46
v 31.6036 21.547 46
v 30.4903 23.0955 46
v 29.3012 24.5866 46
v 28.0392 26.0166 46
v 26.7076 27.3819 46
v 25.3095 28.6791 46
v 23.8485 29.9051 46
v 22.3282 31.0566 46
v 20.7524 32.131 46
v 19.125 33.1255 46
v 17.4501 34.0376 46
v 15.7317 34.8651 46
v 13.9743 35.6059 46
v 12.1821 36.2582 46
v 10.3596 36.8204 46
v 8.51143 37.291 46
v 6.64204 37.6689 46
v 4.75615 37.9531 46
v 2.85843 38.143 46
v 0.953599 38.2381 46
v -0.953599 38.2381 46
v -2.85843 38.143 46
v -4.75615 37.9531 46
v -6.64204 37.6689 46
v -8.51143 37.291 46
v -10.3596 36.8204 46
v -12.1821 36.2582 46
v -13.9743 35.6059 46
v -15.7317 34.8651 46
v -17.4501 34.0376 46
v -19.125 33.1255 46
v -20.7524 32.131 46
v -22.3282 31.0566 46
v -23.8485 29.9051 46
v -25.3095 28.6791 46
v -26.7076 27.3819 46
v -28.0392 26.0166 46
v -29.3012 24.5866 46
v -30.4903 23.0955 46
v -31.6036 21.547 46
v -32.6384 19.9449 46
v -33.592 18.2932 46
v -34.4621 16.5961 46
v -35.2465 14.8576 46
v -35.9432 13.0823 46
v -36.5507 11.2744 46
v -37.0672 9.43847 46
v -37.4916 7.57909 46
v -37.8228 5.70087 46
v -38.0599 3.80847 46
v -38.2025 1.90661 46
v -38.25 -1.31207e-13 46
v -38.2025 -1.90661 46
v -38.0599 -3.80847 46
v -37.8228 -5.70087 46
v -37.4916 -7.57909 46
v -37.0672 -9.43847 46
v -36.5507 -11.2744 46
v -35.9432 -13.0823 46
v -35.2465 -14.8576 46
v -34.4621 -16.5961 46
v -33.592 -18.2932 46
v -32.6384 -19.9449 46
v -31.6036 -21.547 46
v -30.4903 -23.0955 46
v -29.3012 -24.5866 46
v -28.0392 -26.0166 46
v -26.7076 -27.3819 46
v -25.3095 -28.6791 46
v -23.8485 -29.9051 46
v -22.3282 -31.0566 46
v -20.7524 -32.131 46
v -19.125 -33.1255 46
v -17.4501 -34.0376 46
v -15.7317 -34.8651 46
v -13.9743 -35.6059 46
v -12.1821 -36.2582 46
v -10.3596 -36.8204 46
v -8.51143 -37.291 46
v -6.64204 -37.6689 46
v -4.75615 -37.9531 46
v -2.85843 -38.143 46
v -0.953599 -38.2381 46
v 0.953599 -38.2381 46
v 2.85843 -38.143 46
v 4.75615 -37.9531 46
v 6.64204 -37.6689 46
v 8.51143 -37.291 46
v 10.3596 -36.8204 46
v 12.1821 -36.2582 46
v 13.9743 -35.6059 46
v 15.7317 -34.8651 46
v 17.4501 -34.0376 46
v 19.125 -33.1255 46
v 20.7524 -32.131 46
v 22.3282 -31.0566 46
v 23.8485 -29.9051 46
v 25.3095 -28.6791 46
v 26.7076 -27.3819 46
v 28.0392 -26.0166 46
v 29.3012 -24.5866 46
v 30.4903 -23.0955 46
v 31.6036 -21.547 46
v 32.6384 -19.9449 46
v 33.592 -18.2932 46
v 34.4621 -16.5961 46
v 35.2465 -14.8576 46
v 35.9432 -13.0823 46
v 36.5507 -11.2744 46
v 37.0672 -9.43847 46
v 37.4916 -7.57909 46
v 37.8228 -5.70087 46
v 38.0599 -3.80847 46
v 38.2025 -1.90661 46
v 38.25 -9.36855e-15 46
v 42.75 -1.04707e-14 46
v 42.6969 2.13091 46
v 42.5376 4.25653 46
v 42.2725 6.37156 46
v 41.9024 8.47075 46
v 41.4281 10.5489 46
v 40.8507 12.6008 46
v 40.1719 14.6214 46
v 39.3931 16.6056 46
v 38.5164 18.5485 46
v 37.544 20.4454 46
v 36.4782 22.2914 46
v 35.3217 24.0819 46
v 34.0774 25.8126 46
v 32.7484 27.4792 46
v 31.338 29.0774 46
v 29.8496 30.6033 46
v 28.2871 32.0531 46
v 26.6542 33.4233 46
v 24.955 34.7103 46
v 23.1939 35.9111 46
v 21.375 37.0226 46
v 19.503 38.042 46
v 17.5825 38.9669 46
v 15.6183 39.7949 46
v 13.6153 40.5239 46
v 11.5784 41.1522 46
v 9.51277 41.6782 46
v 7.42346 42.1005 46
v 5.31569 42.4182 46
v 3.19471 42.6305 46
v 1.06579 42.7367 46
v -1.06579 42.7367 46
v -3.19471 42.6305 46
v -5.31569 42.4182 46
v -7.42346 42.1005 46
v -9.51277 41.6782 46
v -11.5784 41.1522 46
v -13.6153 40.5239 46
v -15.6183 39.7949 46
v -17.5825 38.9669 46
v -19.503 38.042 46
v -21.375 37.0226 46
v -23.1939 35.9111 46
v -24.955 34.7103 46
v -26.6542 33.4233 46
v -28.2871 32.0531 46
v -29.8496 30.6033 46
v -31.338 29.0774 46
v -32.7484 27.4792 46
v -34.0774 25.8126 46
v -35.3217 24.0819 46
v -36.4782 22.2914 46
v -37.544 20.4454 46
v -38.5164 18.5485 46
v -39.3931 16.6056 46
v -40.1719 14.6214 46
v -40.8507 12.6008 46
v -41.4281 10.5489 46
v -41.9024 8.47075 46
v -42.2725 6.37156 46
v -42.5376 4.25653 46
v -42.6969 2.13091 46
v -42.75 -1.46643e-13 46
v -42.6969 -2.13091 46
v -42.5376 -4.25653 46
v -42.2725 -6.37156 46
v -41.9024 -8.47075 46
v -41.4281 -10.5489 46
v -40.8507 -12.6008 46
v -40.1719 -14.6214 46
v -39.3931 -16.6056 46
v -38.5164 -18.5485 46
v -37.544 -20.4454 46
v -36.4782 -22.2914 46
v -35.3217 -24.0819 46
v -34.0774 -25.8126 46
v -32.7484 -27.4792 46
v -31.338 -29.0774 46
v -29.8496 -30.6033 46
v -28.2871 -32.0531 46
v -26.6542 -33.4233 46
v -24.955 -34.7103 46
v -23.1939 -35.9111 46
v -21.375 -37.0226 46
v -19.503 -38.042 46
v -17.5825 -38.9669 46
v -15.6183 -39.7949 46
v -13.6153 -40.5239 46
v -11.5784 -41.1522 46
v -9.51277 -41.6782 46
v -7.42346 -42.1005 46
v -5.31569 -42.4182 46
v -3.19471 -42.6305 46
v -1.06579 -42.7367 46
v 1.06579 -42.7367 46
v 3.19471 -42.6305 46
v 5.31569 -42.4182 46
v 7.42346 -42.1005 46
v 9.51277 -41.6782 46
v 11.5784 -41.1522 46
v 13.6153 -40.5239 46
v 15.6183 -39.7949 46
v 17.5825 -38.9669 46
v 19.503 -38.042 46
v 21.375 -37.0226 46
v 23.1939 -35.9111 46
v 24.955 -34.7103 46
v 26.6542 -33.4233 46
v 28.2871 -32.0531 46
v 29.8496 -30.6033 46
v 31.338 -29.0774 46
v 32.7484 -27.4792 46
v 34.0774 -25.8126 46
v 35.3217 -24.0819 46
v 36.4782 -22.2914 46
v 37.544 -20.4454 46
v 38.5164 -18.5485 46
v 39.3931 -16.6056 46
v 40.1719 -14.6214 46
v 40.8507 -12.6008 46
v 41.4281 -10.5489 46
v 41.9024 -8.47075 46
v 42.2725 -6.37156 46
v 42.5376 -4.25653 46
v 42.6969 -2.13091 46
v 38.25 -9.36855e-15 46
v 38.2025 1.90661 46
v 38.0599 3.80847 46
v 37.8228 5.70087 46
v 37.4916 7.57909 46
v 37.0672 9.43847 46
v 36.5507 11.2744 46
v 35.9432 13.0823 46
v 35.2465 14.8576 46
v 34.4621 16.5961 46
v 33.592 18.2932 46
v 32.6384 19.9449 46
v 31.6036 21.547 46
v 30.4903 23.0955 46
v 29.3012 24.5866 46
v 28.0392 26.0166 46
v 26.7076 27.3819 46
v 25.3095 28.6791 46
v 23.8485 29.9051 46
v 22.3282 31.0566 46
v 20.7524 32.131 46
v 19.125 33.1255 46
v 17.4501 34.0376 46
v 15.7317 34.8651 46
v 13.9743 35.6059 46
v 12.1821 36.2582 46
v 10.3596 36.8204 46
v 8.51143 37.291 46
v 6.64204 37.6689 46
v 4.75615 37.9531 46
v 2.85843 38.143 46
v 0.953599 38.2381 46
v -0.953599 38.2381 46
v -2.85843 38.143 46
v -4.75615 37.9531 46
v -6.64204 37.6689 46
v -8.51143 37.291 46
v -10.3596 36.8204 46
v -12.1821 36.2582 46
v -13.9743 35.6059 46
v -15.7317 34.8651 46
v -17.4501 34.0376 46
v -19.125 33.1255 46
v -20.7524 32.131 46
v -22.3282 31.0566 46
v -23.8485 29.9051 46
v -25.3095 28.6791 46
v -26.7076 27.3819 46
v -28.0392 26.0166 46
v -29.3012 24.5866 46
v -30.4903 23.0955 46
v -31.6036 21.547 46
v -32.6384 19.9449 46
v -33.592 18.2932 46
v -34.4621 16.5961 46
v -35.2465 14.8576 46
v -35.9432 13.0823 46
v -36.5507 11.2744 46
v -37.0672 9.43847 46
v -37.4916 7.57909 46
v -37.8228 5.70087 46
v -38.0599 3.80847 46
v -38.2025 1.90661 46
v -38.25 -1.31207e-13 46
v -38.2025 -1.90661 46
v -38.0599 -3.80847 46
v -37.8228 -5.70087 46
v -37.4916 -7.57909 46
v -37.0672 -9.43847 46
v -36.5507 -11.2744 46
v -35.9432 -13.0823 46
v -35.2465 -14.8576 46
v -34.4621 -16.5961 46
v -33.592 -18.2932 46
v -32.6384 -19.9449 46
v -31.6036 -21.547 46
v -30.4903 -23.0955 46
v -29.3012 -24.5866 46
v -28.0392 -26.0166 46
v -26.7076 -27.3819 46
v -25.3095 -28.6791 46
v -23.8485 -29.9051 46
v -22.3282 -31.0566 46
v -20.7524 -32.131 46
v -19.125 -33.1255 46
v -17.4501 -34.0376 46
v -15.7317 -34.8651 46
v -13.9743 -35.6059 46
v -12.1821 -36.2582 46
v -10.3596 -36.8204 46
v -8.51143 -37.291 46
v -6.64204 -37.6689 46
v -4.75615 -37.9531 46
v -2.85843 -38.143 46
v -0.953599 -38.2381 46
v 0.953599 -38.2381 46
v 2.85843 -38.143 46
v 4.75615 -37.9531 46
v 6.64204 -37.6689 46
v 8.51143 -37.291 46
v 10.3596 -36.8204 46
v 12.1821 -36.2582 46
v 13.9743 -35.6059 46
v 15.7317 -34.8651 46
v 17.4501 -34.0376 46
v 19.125 -33.1255 46
v 20.7524 -32.131 46
v 22.3282 -31.0566 46
v 23.8485 -29.9051 46
v 25.3095 -28.6791 46
v 26.7076 -27.3819 46
v 28.0392 -26.0166 46
v 29.3012 -24.5866 46
v 30.4903 -23.0955 46
v 31.6036 -21.547 46
v 32.6384 -19.9449 46
v 33.592 -18.2932 46
v 34.4621 -16.5961 46
v 35.2465 -14.8576 46
v 35.9432 -13.0823 46
v 36.5507 -11.2744 46
v 37.0672 -9.43847 46
v 37.4916 -7.57909 46
v 37.8228 -5.70087 46
v 38.0599 -3.80847 46
v 38.2025 -1.90661 46
v 42.75 -1.04707e-14 43
v 42.75 -1.04707e-14 46
v 42.75 -1.04707e-14 46
v 42.6969 2.13091 46
v 42.5376 4.25653 46
v 42.2725 6.37156 46
v 41.9024 8.47075 46
v 41.4281 10.5489 46
v 40.8507 12.6008 46
v 40.1719 14.6214 46
v 39.3931 16.6056 46
v 38.5164 18.5485 46
v 37.544 20.4454 46
v 36.4782 22.2914 46
v 35.3217 24.0819 46
v 34.0774 25.8126 46
v 32.7484 27.4792 46
v 31.338 29.0774 46
v 29.8496 30.6033 46
v 28.2871 32.0531 46
v 26.6542 33.4233 46
v 24.955 34.7103 46
v 23.1939 35.9111 46
v 21.375 37.0226 46
v 19.503 38.042 46
v 17.5825 38.9669 46
v 15.6183 39.7949 46
v 13.6153 40.5239 46
v 11.5784 41.1522 46
v 9.51277 41.6782 46
v 7.42346 42.1005 46
v 5.31569 42.4182 46
v 3.19471 42.6305 46
v 1.06579 42.7367 46
v -1.06579 42.7367 46
v -3.19471 42.6305 46
v -5.31569 42.4182 46
v -7.42346 42.1005 46
v -9.51277 41.6782 46
v -11.5784 41.1522 46
v -13.6153 40.5239 46
v -15.6183 39.7949 46
v -17.5825 38.9669 46
v -19.503 38.042 46
v -21.375 37.0226 46
v -23.1939 35.9111 46
v -24.955 34.7103 46
v -26.6542 33.4233 46
v -28.2871 32.0531 46
v -29.8496 30.6033 46
v -31.338 29.0774 46
v -32.7484 27.4792 46
v -34.0774 25.8126 46
v -35.3217 24.0819 46
v -36.4782 22.2914 46
v -37.544 20.4454 46
v -38.5164 18.5485 46
v -39.3931 16.6056 46
v -40.1719 14.6214 46
v -40.8507 12.6008 46
v -41.4281 10.5489 46
v -41.9024 8.47075 46
v -42.2725 6.37156 46
v -42.5376 4.25653 46
v -42.6969 2.13091 46
v -42.75 -1.46643e-13 46
v -42.6969 -2.13091 46
v -42.5376 -4.25653 46
v -42.2725 -6.37156 46
v -41.9024 -8.47075 46
v -41.4281 -10.5489 46
v -40.8507 -12.6008 46
v -40.1719 -14.6214 46
v -39.3931 -16.6056 46
v -38.5164 -18.5485 46
v -37.544 -20.4454 46
v -36.4782 -22.2914 46
v -35.3217 -24.0819 46
v -34.0774 -25.8126 46
v -32.7484 -27.4792 46
v -31.338 -29.0774 46
v -29.8496 -30.6033 46
v -28.2871 -32.0531 46
v -26.6542 -33.4233 46
v -24.955 -34.7103 46
v -23.1939 -35.9111 46
v -21.375 -37.0226 46
v -19.503 -38.042 46
v -17.5825 -38.9669 46
v -15.6183 -39.7949 46
v -13.6153 -40.5239 46
v -11.5784 -41.1522 46
v -9.51277 -41.6782 46
v -7.42346 -42.1005 46
v -5.31569 -42.4182 46
v -3.19471 -42.6305 46
v -1.06579 -42.7367 46
v 1.06579 -42.7367 46
v 3.19471 -42.6305 46
v 5.31569 -42.4182 46
v 7.42346 -42.1005 46
v 9.51277 -41.6782 46
v 11.5784 -41.1522 46
v 13.6153 -40.5239 46
v 15.6183 -39.7949 46
v 17.5825 -38.9669 46
v 19.503 -38.042 46
v 21.375 -37.0226 46
v 23.1939 -35.9111 46
v 24.955 -34.7103 46
v 26.6542 -33.4233 46
v 28.2871 -32.0531 46
v 29.8496 -30.6033 46
v 31.338 -29.0774 46
v 32.7484 -27.4792 46
v 34.0774 -25.8126 46
v 35.3217 -24.0819 46
v 36.4782 -22.2914 46
v 37.544 -20.4454 46
v 38.5164 -18.5485 46
v 39.3931 -16.6056 46
v 40.1719 -14.6214 46
v 40.8507 -12.6008 46
v 41.4281 -10.5489 46
v 41.9024 -8.47075 46
v 42.2725 -6.37156 46
v 42.5376 -4.25653 46
v 42.6969 -2.13091 46
v 42.75 -1.04707e-14 43
v 42.6969 2.13091 43
v 42.5376 4.25653 43
v 42.2725 6.37156 43
v 41.9024 8.47075 43
v 41.4281 10.5489 43
v 40.8507 12.6008 43
v 40.1719 14.6214 43
v 39.3931 16.6056 43
v 38.5164 18.5485 43
v 37.544 20.4454 43
v 36.4782 22.2914 43
v 35.3217 24.0819 43
v 34.0774 25.8126 43
v 32.7484 27.4792 43
v 31.338 29.0774 43
v 29.8496 30.6033 43
v 28.2871 32.0531 43
v 26.6542 33.4233 43
v 24.955 34.7103 43
v 23.1939 35.9111 43
v 21.375 37.0226 43
v 19.503 38.042 43
v 17.5825 38.9669 43
v 15.6183 39.7949 43
v 13.6153 40.5239 43
v 11.5784 41.1522 43
v 9.51277 41.6782 43
v 7.42346 42.1005 43
v 5.31569 42.4182 43
v 3.19471 42.6305 43
v 1.06579 42.7367 43
v -1.06579 42.7367 43
v -3.19471 42.6305 43
v -5.31569 42.4182 43
v -7.42346 42.1005 43
v -9.51277 41.6782 43
v -11.5784 41.1522 43
v -13.6153 40.5239 43
v -15.6183 39.7949 43
v -17.5825 38.9669 43
v -19.503 38.042 43
v -21.375 37.0226 43
v -23.1939 35.9111 43
v -24.955 34.7103 43
v -26.6542 33.4233 43
v -28.2871 32.0531 43
v -29.8496 30.6033 43
v -31.338 29.0774 43
v -32.7484 27.4792 43
v -34.0774 25.8126 43
v -35.3217 24.0819 43
v -36.4782 22.2914 43
v -37.544 20.4454 43
v -38.5164 18.5485 43
v -39.3931 16.6056 43
v -40.1719 14.6214 43
v -40.8507 12.6008 43
v -41.4281 10.5489 43
v -41.9024 8.47075 43
v -42.2725 6.37156 43
v -42.5376 4.25653 43
v -42.6969 2.13091 43
v -42.75 -1.46643e-13 43
v -42.6969 -2.13091 43
v -42.5376 -4.25653 43
v -42.2725 -6.37156 43
v -41.9024 -8.47075 43
v -41.4281 -10.5489 43
v -40.8507 -12.6008 43
v -40.1719 -14.6214 43
v -39.3931 -16.6056 43
v -38.5164 -18.5485 43
v -37.544 -20.4454 43
v -36.4782 -22.2914 43
v -35.3217 -24.0819 43
v -34.0774 -25.8126 43
v -32.7484 -27.4792 43
v -31.338 -29.0774 43
v -29.8496 -30.6033 43
v -28.2871 -32.0531 43
v -26.6542 -33.4233 43
v -24.955 -34.7103 43
v -23.1939 -35.9111 43
v -21.375 -37.0226 43
v -19.503 -38.042 43
v -17.5825 -38.9669 43
v -15.6183 -39.7949 43
v -13.6153 -40.5239 43
v -11.5784 -41.1522 43
v -9.51277 -41.6782 43
v -7.42346 -42.1005 43
v -5.31569 -42.4182 43
v -3.19471 -42.6305 43
v -1.06579 -42.7367 43
v 1.06579 -42.7367 43
v 3.19471 -42.6305 43
v 5.31569 -42.4182 43
v 7.42346 -42.1005 43
v 9.51277 -41.6782 43
v 11.5784 -41.1522 43
v 13.6153 -40.5239 43
v 15.6183 -39.7949 43
v 17.5825 -38.9669 43
v 19.503 -38.042 43
v 21.375 -37.0226 43
v 23.1939 -35.9111 43
v 24.955 -34.7103 43
v 26.6542 -33.4233 43
v 28.2871 -32.0531 43
v 29.8496 -30.6033 43
v 31.338 -29.0774 43
v 32.7484 -27.4792 43
v 34.0774 -25.8126 43
v 35.3217 -24.0819 43
v 36.4782 -22.2914 43
v 37.544 -20.4454 43
v 38.5164 -18.5485 43
v 39.3931 -16.6056 43
v 40.1719 -14.6214 43
v 40.8507 -12.6008 43
v 41.4281 -10.5489 43
v 41.9024 -8.47075 43
v 42.2725 -6.37156 43
v 42.5376 -4.25653 43
v 42.6969 -2.13091 43
v 42.75 -1.04707e-14 43
v 42.6969 2.13091 43
v 42.5376 4.25653 43
v 42.2725 6.37156 43
v 41.9024 8.47075 43
v 41.4281 10.5489 43
v 40.8507 12.6008 43
v 40.1719 14.6214 43
v 39.3931 16.6056 43
v 38.5164 18.5485 43
v 37.544 20.4454 43
v 36.4782 22.2914 43
v 35.3217 24.0819 43
v 34.0774 25.8126 43
v 32.7484 27.4792 43
v 31.338 29.0774 43
v 29.8496 30.6033 43
v 28.2871 32.0531 43
v 26.6542 33.4233 43
v 24.955 34.7103 43
v 23.1939 35.9111 43
v 21.375 37.0226 43
v 19.503 38.042 43
v 17.5825 38.9669 43
v 15.6183 39.7949 43
v 13.6153 40.5239 43
v 11.5784 41.1522 43
v 9.51277 41.6782 43
v 7.42346 42.1005 43
v 5.31569 42.4182 43
v 3.19471 42.6305 43
v 1.06579 42.7367 43
v -1.06579 42.7367 43
v -3.19471 42.6305 43
v -5.31569 42.4182 43
v -7.42346 42.1005 43
v -9.51277 41.6782 43
v -11.5784 41.1522 43
v -13.6153 40.5239 43
v -15.6183 39.7949 43
v -17.5825 38.9669 43
v -19.503 38.042 43
v -21.375 37.0226 43
v -23.1939 35.9111 43
v -24.955 34.7103 43
v -26.6542 33.4233 43
v -28.2871 32.0531 43
v -29.8496 30.6033 43
v -31.338 29.0774 43
v -32.7484 27.4792 43
v -34.0774 25.8126 43
v -35.3217 24.0819 43
v -36.4782 22.2914 43
v -37.544 20.4454 43
v -38.5164 18.5485 43
v -39.3931 16.6056 43
v -40.1719 14.6214 43
v -40.8507 12.6008 43
v -41.4281 10.5489 43
v -41.9024 8.47075 43
v -42.2725 6.37156 43
v -42.5376 4.25653 43
v -42.6969 2.13091 43
v -42.75 -1.46643e-13 43
v -42.6969 -2.13091 43
v -42.5376 -4.25653 43
v -42.2725 -6.37156 43
v -41.9024 -8.47075 43
v -41.4281 -10.5489 43
v -40.8507 -12.6008 43
v -40.1719 -14.6214 43
v -39.3931 -16.6056 43
v -38.5164 -18.5485 43
v -37.544 -20.4454 43
v -36.4782 -22.2914 43
v -35.3217 -24.0819 43
v -34.0774 -25.8126 43
v -32.7484 -27.4792 43
v -31.338 -29.0774 43
v -29.8496 -30.6033 43
v -28.2871 -32.0531 43
v -26.6542 -33.4233 43
v -24.955 -34.7103 43
v -23.1939 -35.9111 43
v -21.375 -37.0226 43
v -19.503 -38.042 43
v -17.5825 -38.9669 43
v -15.6183 -39.7949 43
v -13.6153 -40.5239 43
v -11.5784 -41.1522 43
v -9.51277 -41.6782 43
v -7.42346 -42.1005 43
v -5.31569 -42.4182 43
v -3.19471 -42.6305 43
v -1.06579 -42.7367 43
v 1.06579 -42.7367 43
v 3.19471 -42.6305 43
v 5.31569 -42.4182 43
v 7.42346 -42.1005 43
v 9.51277 -41.6782 43
v 11.5784 -41.1522 43
v 13.6153 -40.5239 43
v 15.6183 -39.7949 43
v 17.5825 -38.9669 43
v 19.503 -38.042 43
v 21.375 -37.0226 43
v 23.1939 -35.9111 43
v 24.955 -34.7103 43
v 26.6542 -33.4233 43
v 28.2871 -32.0531 43
v 29.8496 -30.6033 43
v 31.338 -29.0774 43
v 32.7484 -27.4792 43
v 34.0774 -25.8126 43
v 35.3217 -24.0819 43
v 36.4782 -22.2914 43
v 37.544 -20.4454 43
v 38.5164 -18.5485 43
v 39.3931 -16.6056 43
v 40.1719 -14.6214 43
v 40.8507 -12.6008 43
v 41.4281 -10.5489 43
v 41.9024 -8.47075 43
v 42.2725 -6.37156 43
v 42.5376 -4.25653 43
v 42.6969 -2.13091 43
v 38.25 -9.36855e-15 43
v 38.2025 1.90661 43
v 38.0599 3.80847 43
v 37.8228 5.70087 43
v 37.4916 7.57909 43
v 37.0672 9.43847 43
v 36.5507 11.2744 43
v 35.9432 13.0823 43
v 35.2465 14.8576 43
v 34.4621 16.5961 43
v 33.592 18.2932 43
v 32.6384 19.9449 43
v 31.6036 21.547 43
v 30.4903 23.0955 43
v 29.3012 24.5866 43
v 28.0392 26.0166 43
v 26.7076 27.3819 43
v 25.3095 28.6791 43
v 23.8485 29.9051 43
v 22.3282 31.0566 43
v 20.7524 32.131 43
v 19.125 33.1255 43
v 17.4501 34.0376 43
v 15.7317 34.8651 43
v 13.9743 35.6059 43
v 12.1821 36.2582 43
v 10.3596 36.8204 43
v 8.51143 37.291 43
v 6.64204 37.6689 43
v 4.75615 37.9531 43
v 2.85843 38.143 43
v 0.953599 38.2381 43
v -0.953599 38.2381 43
v -2.85843 38.143 43
v -4.75615 37.9531 43
v -6.64204 37.6689 43
v -8.51143 37.291 43
v -10.3596 36.8204 43
v -12.1821 36.2582 43
v -13.9743 35.6059 43
v -15.7317 34.8651 43
v -17.4501 34.0376 43
v -19.125 33.1255 43
v -20.7524 32.131 43
v -22.3282 31.0566 43
v -23.8485 29.9051 43
v -25.3095 28.6791 43
v -26.7076 27.3819 43
v -28.0392 26.0166 43
v -29.3012 24.5866 43
v -30.4903 23.0955 43
v -31.6036 21.547 43
v -32.6384 19.9449 43
v -33.592 18.2932 43
v -34.4621 16.5961 43
v -35.2465 14.8576 43
v -35.9432 13.0823 43
v -36.5507 11.2744 43
v -37.0672 9.43847 43
v -37.4916 7.57909 43
v -37.8228 5.70087 43
v -38.0599 3.80847 43
v -38.2025 1.90661 43
v -38.25 -1.31207e-13 43
v -38.2025 -1.90661 43
v -38.0599 -3.80847 43
v -37.8228 -5.70087 43
v -37.4916 -7.57909 43
v -37.0672 -9.43847 43
v -36.5507 -11.2744 43
v -35.9432 -13.0823 43
v -35.2465 -14.8576 43
v -34.4621 -16.5961 43
v -33.592 -18.2932 43
v -32.6384 -19.9449 43
v -31.6036 -21.547 43
v -30.4903 -23.0955 43
v -29.3012 -24.5866 43
v -28.0392 -26.0166 43
v -26.7076 -27.3819 43
v -25.3095 -28.6791 43
v -23.8485 -29.9051 43
v -22.3282 -31.0566 43
v -20.7524 -32.131 43
v -19.125 -33.1255 43
v -17.4501 -34.0376 43
v -15.7317 -34.8651 43
v -13.9743 -35.6059 43
v -12.1821 -36.2582 43
v -10.3596 -36.8204 43
v -8.51143 -37.291 43
v -6.64204 -37.6689 43
v -4.75615 -37.9531 43
v -2.85843 -38.143 43
v -0.953599 -38.2381 43
v 0.953599 -38.2381 43
v 2.85843 -38.143 43
v 4.75615 -37.9531 43
v 6.64204 -37.6689 43
v 8.51143 -37.291 43
v 10.3596 -36.8204 43
v 12.1821 -36.2582 43
v 13.9743 -35.6059 43
v 15.7317 -34.8651 43
v 17.4501 -34.0376 43
v 19.125 -33.1255 43
v 20.7524 -32.131 43
v 22.3282 -31.0566 43
v 23.8485 -29.9051 43
v 25.3095 -28.6791 43
v 26.7076 -27.3819 43
v 28.0392 -26.0166 43
v 29.3012 -24.5866 43
v 30.4903 -23.0955 43
v 31.6036 -21.547 43
v 32.6384 -19.9449 43
v 33.592 -18.2932 43
v 34.4621 -16.5961 43
v 35.2465 -14.8576 43
v 35.9432 -13.0823 43
v 36.5507 -11.2744 43
v 37.0672 -9.43847 43
v 37.4916 -7.57909 43
v 37.8228 -5.70087 43
v 38.0599 -3.80847 43
v 38.2025 -1.90661 43
v 38.25 -9.36855e-15 43
v 38.2025 1.90661 43
v 38.0599 3.80847 43
v 37.8228 5.70087 43
v 37.4916 7.57909 43
v 37.0672 9.43847 43
v 36.5507 11.2744 43
v 35.9432 13.0823 43
v 35.2465 14.8576 43
v 34.4621 16.5961 43
v 33.592 18.2932 43
v 32.6384 19.9449 43
v 31.6036 21.547 43
v 30.4903 23.0955 43
v 29.3012 24.5866 43
v 28.0392 26.0166 43
v 26.7076 27.3819 43
v 25.3095 28.6791 43
v 23.8485 29.9051 43
v 22.3282 31.0566 43
v 20.7524 32.131 43
v 19.125 33.1255 43
v 17.4501 34.0376 43
v 15.7317 34.8651 43
v 13.9743 35.6059 43
v 12.1821 36.2582 43
v 10.3596 36.8204 43
v 8.51143 37.291 43
v 6.64204 37.6689 43
v 4.75615 37.9531 43
v 2.85843 38.143 43
v 0.953599 38.2381 43
v -0.953599 38.2381 43
v -2.85843 38.143 43
v -4.75615 37.9531 43
v -6.64204 37.6689 43
v -8.51143 37.291 43
v -10.3596 36.8204 43
v -12.1821 36.2582 43
v -13.9743 35.6059 43
v -15.7317 34.8651 43
v -17.4501 34.0376 43
v -19.125 33.1255 43
v -20.7524 32.131 43
v -22.3282 31.0566 43
v -23.8485 29.9051 43
v -25.3095 28.6791 43
v -26.7076 27.3819 43
v -28.0392 26.0166 43
v -29.3012 24.5866 43
v -30.4903 23.0955 43
v -31.6036 21.547 43
v -32.6384 19.9449 43
v -33.592 18.2932 43
v -34.4621 16.5961 43
v -35.2465 14.8576 43
v -35.9432 13.0823 43
v -36.5507 11.2744 43
v -37.0672 9.43847 43
v -37.4916 7.57909 43
v -37.8228 5.70087 43
v -38.0599 3.80847 43
v -38.2025 1.90661 43
v -38.25 -1.31207e-13 43
v -38.2025 -1.90661 43
v -38.0599 -3.80847 43
v -37.8228 -5.70087 43
v -37.4916 -7.57909 43
v -37.0672 -9.43847 43
v -36.5507 -11.2744 43
v -35.9432 -13.0823 43
v -35.2465 -14.8576 43
v -34.4621 -16.5961 43
v -33.592 -18.2932 43
v -32.6384 -19.9449 43
v -31.6036 -21.547 43
v -30.4903 -23.0955 43
v -29.3012 -24.5866 43
v -28.0392 -26.0166 43
v -26.7076 -27.3819 43
v -25.3095 -28.6791 43
v -23.8485 -29.9051 43
v -22.3282 -31.0566 43
v -20.7524 -32.131 43
v -19.125 -33.1255 43
v -17.4501 -34.0376 43
v -15.7317 -34.8651 43
v -13.9743 -35.6059 43
v -12.1821 -36.2582 43
v -10.3596 -36.8204 43
v -8.51143 -37.291 43
v -6.64204 -37.6689 43
v -4.75615 -37.9531 43
v -2.85843 -38.143 43
v -0.953599 -38.2381 43
v 0.953599 -38.2381 43
v 2.85843 -38.143 43
v 4.75615 -37.9531 43
v 6.64204 -37.6689 43
v 8.51143 -37.291 43
v 10.3596 -36.8204 43
v 12.1821 -36.2582 43
v 13.9743 -35.6059 43
v 15.7317 -34.8651 43
v 17.4501 -34.0376 43
v 19.125 -33.1255 43
v 20.7524 -32.131 43
v 22.3282 -31.0566 43
v 23.8485 -29.9051 43
v 25.3095 -28.6791 43
v 26.7076 -27.3819 43
v 28.0392 -26.0166 43
v 29.3012 -24.5866 43
v 30.4903 -23.0955 43
v 31.6036 -21.547 43
v 32.6384 -19.9449 43
v 33.592 -18.2932 43
v 34.4621 -16.5961 43
v 35.2465 -14.8576 43
v 35.9432 -13.0823 43
v 36.5507 -11.2744 43
v 37.0672 -9.43847 43
v 37.4916 -7.57909 43
v 37.8228 -5.70087 43
v 38.0599 -3.80847 43
v 38.2025 -1.90661 43
v 38.25 -9.36855e-15 43
v 38.25 -9.36855e-15 40
v 38.2025 1.90661 40
v 38.0599 3.80847 40
v 37.8228 5.70087 40
v 37.4916 7.57909 40
v 37.0672 9.43847 40
v 36.5507 11.2744 40
v 35.9432 13.0823 40
v 35.2465 14.8576 40
v 34.4621 16.5961 40
v 33.592 18.2932 40
v 32.6384 19.9449 40
v 31.6036 21.547 40
v 30.4903 23.0955 40
v 29.3012 24.5866 40
v 28.0392 26.0166 40
v 26.7076 27.3819 40
v 25.3095 28.6791 40
v 23.8485 29.9051 40
v 22.3282 31.0566 40
v 20.7524 32.131 40
v 19.125 33.1255 40
v 17.4501 34.0376 40
v 15.7317 34.8651 40
v 13.9743 35.6059 40
v 12.1821 36.2582 40
v 10.3596 36.8204 40
v 8.51143 37.291 40
v 6.64204 37.6689 40
v 4.75615 37.9531 40
v 2.85843 38.143 40
v 0.953599 38.2381 40
v -0.953599 38.2381 40
v -2.85843 38.143 40
v -4.75615 37.9531 40
v -6.64204 37.6689 40
v -8.51143 37.291 40
v -10.3596 36.8204 40
v -12.1821 36.2582 40
v -13.9743 35.6059 40
v -15.7317 34.8651 40
v -17.4501 34.0376 40
v -19.125 33.1255 40
v -20.7524 32.131 40
v -22.3282 31.0566 40
v -23.8485 29.9051 40
v -25.3095 28.6791 40
v -26.7076 27.3819 40
v -28.0392 26.0166 40
v -29.3012 24.5866 40
v -30.4903 23.0955 40
v -31.6036 21.547 40
v -32.6384 19.9449 40
v -33.592 18.2932 40
v -34.4621 16.5961 40
v -35.2465 14.8576 40
v -35.9432 13.0823 40
v -36.5507 11.2744 40
v -37.0672 9.43847 40
v -37.4916 7.57909 40
v -37.8228 5.70087 40
v -38.0599 3.80847 40
v -38.2025 1.90661 40
v -38.25 -1.31207e-13 40
v -38.2025 -1.90661 40
v -38.0599 -3.80847 40
v -37.8228 -5.70087 40
v -37.4916 -7.57909 40
v -37.0672 -9.43847 40
v -36.5507 -11.2744 40
v -35.9432 -13.0823 40
v -35.2465 -14.8576 40
v -34.4621 -16.5961 40
v -33.592 -18.2932 40
v -32.6384 -19.9449 40
v -31.6036 -21.547 40
v -30.4903 -23.0955 40
v -29.3012 -24.5866 40
v -28.0392 -26.0166 40
v -26.7076 -27.3819 40
v -25.3095 -28.6791 40
v -23.8485 -29.9051 40
v -22.3282 -31.0566 40
v -20.7524 -32.131 40
v -19.125 -33.1255 40
v -17.4501 -34.0376 40
v -15.7317 -34.8651 40
v -13.9743 -35.6059 40
v -12.1821 -36.2582 40
v -10.3596 -36.8204 40
v -8.51143 -37.291 40
v -6.64204 -37.6689 40
v -4.75615 -37.9531 40
v -2.85843 -38.143 40
v -0.953599 -38.2381 40
v 0.953599 -38.2381 40
v 2.85843 -38.143 40
v 4.75615 -37.9531 40
v 6.64204 -37.6689 40
v 8.51143 -37.291 40
v 10.3596 -36.8204 40
v 12.1821 -36.2582 40
v 13.9743 -35.6059 40
v 15.7317 -34.8651 40
v 17.4501 -34.0376 40
v 19.125 -33.1255 40
v 20.7524 -32.131 40
v 22.3282 -31.0566 40
v 23.8485 -29.9051 40
v 25.3095 -28.6791 40
v 26.7076 -27.3819 40
v 28.0392 -26.0166 40
v 29.3012 -24.5866 40
v 30.4903 -23.0955 40
v 31.6036 -21.547 40
v 32.6384 -19.9449 40
v 33.592 -18.2932 40
v 34.4621 -16.5961 40
v 35.2465 -14.8576 40
v 35.9432 -13.0823 40
v 36.5507 -11.2744 40
v 37.0672 -9.43847 40
v 37.4916 -7.57909 40
v 37.8228 -5.70087 40
v 38.0599 -3.80847 40
v 38.2025 -1.90661 40
v 38.25 -9.36855e-15 40
v 42.75 -1.04707e-14 40
v 42.6969 2.13091 40
v 42.5376 4.25653 40
v 42.2725 6.37156 40
v 41.9024 8.47075 40
v 41.4281 10.5489 40
v 40.8507 12.6008 40
v 40.1719 14.6214 40
v 39.3931 16.6056 40
v 38.5164 18.5485 40
v 37.544 20.4454 40
v 36.4782 22.2914 40
v 35.3217 24.0819 40
v 34.0774 25.8126 40
v 32.7484 27.4792 40
v 31.338 29.0774 40
v 29.8496 30.6033 40
v 28.2871 32.0531 40
v 26.6542 33.4233 40
v 24.955 34.7103 40
v 23.1939 35.9111 40
v 21.375 37.0226 40
v 19.503 38.042 40
v 17.5825 38.9669 40
v 15.6183 39.7949 40
v 13.6153 40.5239 40
v 11.5784 41.1522 40
v 9.51277 41.6782 40
v 7.42346 42.1005 40
v 5.31569 42.4182 40
v 3.19471 42.6305 40
v 1.06579 42.7367 40
v -1.06579 42.7367 40
v -3.19471 42.6305 40
v -5.31569 42.4182 40
v -7.42346 42.1005 40
v -9.51277 41.6782 40
v -11.5784 41.1522 40
v -13.6153 40.5239 40
v -15.6183 39.7949 40
v -17.5825 38.9669 40
v -19.503 38.042 40
v -21.375 37.0226 40
v -23.1939 35.9111 40
v -24.955 34.7103 40
v -26.6542 33.4233 40
v -28.2871 32.0531 40
v -29.8496 30.6033 40
v -31.338 29.0774 40
v -32.7484 27.4792 40
v -34.0774 25.8126 40
v -35.3217 24.0819 40
v -36.4782 22.2914 40
v -37.544 20.4454 40
v -38.5164 18.5485 40
v -39.3931 16.6056 40
v -40.1719 14.6214 40
v -40.8507 12.6008 40
v -41.4281 10.5489 40
v -41.9024 8.47075 40
v -42.2725 6.37156 40
v -42.5376 4.25653 40
v -42.6969 2.13091 40
v -42.75 -1.46643e-13 40
v -42.6969 -2.13091 40
v -42.5376 -4.25653 40
v -42.2725 -6.37156 40
v -41.9024 -8.47075 40
v -41.4281 -10.5489 40
v -40.8507 -12.6008 40
v -40.1719 -14.6214 40
v -39.3931 -16.6056 40
v -38.5164 -18.5485 40
v -37.544 -20.4454 40
v -36.4782 -22.2914 40
v -35.3217 -24.0819 40
v -34.0774 -25.8126 40
v -32.7484 -27.4792 40
v -31.338 -29.0774 40
v -29.8496 -30.6033 40
v -28.2871 -32.0531 40
v -26.6542 -33.4233 40
v -24.955 -34.7103 40
v -23.1939 -35.9111 40
v -21.375 -37.0226 40
v -19.503 -38.042 40
v -17.5825 -38.9669 40
v -15.6183 -39.7949 40
v -13.6153 -40.5239 40
v -11.5784 -41.1522 40
v -9.51277 -41.6782 40
v -7.42346 -42.1005 40
v -5.31569 -42.4182 40
v -3.19471 -42.6305 40
v -1.06579 -42.7367 40
v 1.06579 -42.7367 40
v 3.19471 -42.6305 40
v 5.31569 -42.4182 40
v 7.42346 -42.1005 40
v 9.51277 -41.6782 40
v 11.5784 -41.1522 40
v 13.6153 -40.5239 40
v 15.6183 -39.7949 40
v 17.5825 -38.9669 40
v 19.503 -38.042 40
v 21.375 -37.0226 40
v 23.1939 -35.9111 40
v 24.955 -34.7103 40
v 26.6542 -33.4233 40
v 28.2871 -32.0531 40
v 29.8496 -30.6033 40
v 31.338 -29.0774 40
v 32.7484 -27.4792 40
v 34.0774 -25.8126 40
v 35.3217 -24.0819 40
v 36.4782 -22.2914 40
v 37.544 -20.4454 40
v 38.5164 -18.5485 40
v 39.3931 -16.6056 40
v 40.1719 -14.6214 40
v 40.8507 -12.6008 40
v 41.4281 -10.5489 40
v 41.9024 -8.47075 40
v 42.2725 -6.37156 40
v 42.5376 -4.25653 40
v 42.6969 -2.13091 40
v 38.25 -9.36855e-15 40
v 38.2025 1.90661 40
v 38.0599 3.80847 40
v 37.8228 5.70087 40
v 37.4916 7.57909 40
v 37.0672 9.43847 40
v 36.5507 11.2744 40
v 35.9432 13.0823 40
v 35.2465 14.8576 40
v 34.4621 16.5961 40
v 33.592 18.2932 40
v 32.6384 19.9449 40
v 31.6036 21.547 40
v 30.4903 23.0955 40
v 29.3012 24.5866 40
v 28.0392 26.0166 40
v 26.7076 27.3819 40
v 25.3095 28.6791 40
v 23.8485 29.9051 40
v 22.3282 31.0566 40
v 20.7524 32.131 40
v 19.125 33.1255 40
v 17.4501 34.0376 40
v 15.7317 34.8651 40
v 13.9743 35.6059 40
v 12.1821 36.2582 40
v 10.3596 36.8204 40
v 8.51143 37.291 40
v 6.64204 37.6689 40
v 4.75615 37.9531 40
v 2.85843 38.143 40
v 0.953599 38.2381 40
v -0.953599 38.2381 40
v -2.85843 38.143 40
v -4.75615 37.9531 40
v -6.64204 37.6689 40
v -8.51143 37.291 40
v -10.3596 36.8204 40
v -12.1821 36.2582 40
v -13.9743 35.6059 40
v -15.7317 34.8651 40
v -17.4501 34.0376 40
v -19.125 33.1255 40
v -20.7524 32.131 40
v -22.3282 31.0566 40
v -23.8485 29.9051 40
v -25.3095 28.6791 40
v -26.7076 27.3819 40
v -28.0392 26.0166 40
v -29.3012 24.5866 40
v -30.4903 23.0955 40
v -31.6036 21.547 40
v -32.6384 19.9449 40
v -33.592 18.2932 40
v -34.4621 16.5961 40
v -35.2465 14.8576 40
v -35.9432 13.0823 40
v -36.5507 11.2744 40
v -37.0672 9.43847 40
v -37.4916 7.57909 40
v -37.8228 5.70087 40
v -38.0599 3.80847 40
v -38.2025 1.90661 40
v -38.25 -1.31207e-13 40
v -38.2025 -1.90661 40
v -38.0599 -3.80847 40
v -37.8228 -5.70087 40
v -37.4916 -7.57909 40
v -37.0672 -9.43847 40
v -36.5507 -11.2744 40
v -35.9432 -13.0823 40
v -35.2465 -14.8576 40
v -34.4621 -16.5961 40
v -33.592 -18.2932 40
v -32.6384 -19.9449 40
v -31.6036 -21.547 40
v -30.4903 -23.0955 40
v -29.3012 -24.5866 40
v -28.0392 -26.0166 40
v -26.7076 -27.3819 40
v -25.3095 -28.6791 40
v -23.8485 -29.9051 40
v -22.3282 -31.0566 40
v -20.7524 -32.131 40
v -19.125 -33.1255 40
v -17.4501 -34.0376 40
v -15.7317 -34.8651 40
v -13.9743 -35.6059 40
v -12.1821 -36.2582 40
v -10.3596 -36.8204 40
v -8.51143 -37.291 40
v -6.64204 -37.6689 40
v -4.75615 -37.9531 40
v -2.85843 -38.143 40
v -0.953599 -38.2381 40
v 0.953599 -38.2381 40
v 2.85843 -38.143 40
v 4.75615 -37.9531 40
v 6.64204 -37.6689 40
v 8.51143 -37.291 40
v 10.3596 -36.8204 40
v 12.1821 -36.2582 40
v 13.9743 -35.6059 40
v 15.7317 -34.8651 40
v 17.4501 -34.0376 40
v 19.125 -33.1255 40
v 20.7524 -32.131 40
v 22.3282 -31.0566 40
v 23.8485 -29.9051 40
v 25.3095 -28.6791 40
v 26.7076 -27.3819 40
v 28.0392 -26.0166 40
v 29.3012 -24.5866 40
v 30.4903 -23.0955 40
v 31.6036 -21.547 40
v 32.6384 -19.9449 40
v 33.592 -18.2932 40
v 34.4621 -16.5961 40
v 35.2465 -14.8576 40
v 35.9432 -13.0823 40
v 36.5507 -11.2744 40
v 37.0672 -9.43847 40
v 37.4916 -7.57909 40
v 37.8228 -5.70087 40
v 38.0599 -3.80847 40
v 38.2025 -1.90661 40
v 42.75 -1.04707e-14 0
v 42.75 -1.04707e-14 40
v 42.75 -1.04707e-14 40
v 42.6969 2.13091 40
v 42.5376 4.25653 40
v 42.2725 6.37156 40
v 41.9024 8.47075 40
v 41.4281 10.5489 40
v 40.8507 12.6008 40
v 40.1719 14.6214 40
v 39.3931 16.6056 40
v 38.5164 18.5485 40
v 37.544 20.4454 40
v 36.4782 22.2914 40
v 35.3217 24.0819 40
v 34.0774 25.8126 40
v 32.7484 27.4792 40
v 31.338 29.0774 40
v 29.8496 30.6033 40
v 28.2871 32.0531 40
v 26.6542 33.4233 40
v 24.955 34.7103 40
v 23.1939 35.9111 40
v 21.375 37.0226 40
v 19.503 38.042 40
v 17.5825 38.9669 40
v 15.6183 39.7949 40
v 13.6153 40.5239 40
v 11.5784 41.1522 40
v 9.51277 41.6782 40
v 7.42346 42.1005 40
v 5.31569 42.4182 40
v 3.19471 42.6305 40
v 1.06579 42.7367 40
v -1.06579 42.7367 40
v -3.19471 42.6305 40
v -5.31569 42.4182 40
v -7.42346 42.1005 40
v -9.51277 41.6782 40
v -11.5784 41.1522 40
v -13.6153 40.5239 40
v -15.6183 39.7949 40
v -17.5825 38.9669 40
v -19.503 38.042 40
v -21.375 37.0226 40
v -23.1939 35.9111 40
v -24.955 34.7103 40
v -26.6542 33.4233 40
v -28.2871 32.0531 40
v -29.8496 30.6033 40
v -31.338 29.0774 40
v -32.7484 27.4792 40
v -34.0774 25.8126 40
v -35.3217 24.0819 40
v -36.4782 22.2914 40
v -37.544 20.4454 40
v -38.5164 18.5485 40
v -39.3931 16.6056 40
v -40.1719 14.6214 40
v -40.8507 12.6008 40
v -41.4281 10.5489 40
v -41.9024 8.47075 40
v -42.2725 6.37156 40
v -42.5376 4.25653 40
v -42.6969 2.13091 40
v -42.75 -1.46643e-13 40
v -42.6969 -2.13091 40
v -42.5376 -4.25653 40
v -42.2725 -6.37156 40
v -41.9024 -8.47075 40
v -41.4281 -10.5489 40
v -40.8507 -12.6008 40
v -40.1719 -14.6214 40
v -39.3931 -16.6056 40
v -38.5164 -18.5485 40
v -37.544 -20.4454 40
v -36.4782 -22.2914 40
v -35.3217 -24.0819 40
v -34.0774 -25.8126 40
v -32.7484 -27.4792 40
v -31.338 -29.0774 40
v -29.8496 -30.6033 40
v -28.2871 -32.0531 40
v -26.6542 -33.4233 40
v -24.955 -34.7103 40
v -23.1939 -35.9111 40
v -21.375 -37.0226 40
v -19.503 -38.042 40
v -17.5825 -38.9669 40
v -15.6183 -39.7949 40
v -13.6153 -40.5239 40
v -11.5784 -41.1522 40
v -9.51277 -41.6782 40
v -7.42346 -42.1005 40
v -5.31569 -42.4182 40
v -3.19471 -42.6305 40
v -1.06579 -42.7367 40
v 1.06579 -42.7367 40
v 3.19471 -42.6305 40
v 5.31569 -42.4182 40
v 7.42346 -42.1005 40
v 9.51277 -41.6782 40
v 11.5784 -41.1522 40
v 13.6153 -40.5239 40
v 15.6183 -39.7949 40
v 17.5825 -38.9669 40
v 19.503 -38.042 40
v 21.375 -37.0226 40
v 23.1939 -35.9111 40
v 24.955 -34.7103 40
v 26.6542 -33.4233 40
v 28.2871 -32.0531 40
v 29.8496 -30.6033 40
v 31.338 -29.0774 40
v 32.7484 -27.4792 40
v 34.0774 -25.8126 40
v 35.3217 -24.0819 40
v 36.4782 -22.2914 40
v 37.544 -20.4454 40
v 38.5164 -18.5485 40
v 39.3931 -16.6056 40
v 40.1719 -14.6214 40
v 40.8507 -12.6008 40
v 41.4281 -10.5489 40
v 41.9024 -8.47075 40
v 42.2725 -6.37156 40
v 42.5376 -4.25653 40
v 42.6969 -2.13091 40
v 42.75 -1.04707e-14 0
v 42.6969 2.13091 0
v 42.5376 4.25653 0
v 42.2725 6.37156 0
v 41.9024 8.47075 0
v 41.4281 10.5489 0
v 40.8507 12.6008 0
v 40.1719 14.6214 0
v 39.3931 16.6056 0
v 38.5164 18.5485 0
v 37.544 20.4454 0
v 36.4782 22.2914 0
v 35.3217 24.0819 0
v 34.0774 25.8126 0
v 32.7484 27.4792 0
v 31.338 29.0774 0
v 29.8496 30.6033 0
v 28.2871 32.0531 0
v 26.6542 33.4233 0
v 24.955 34.7103 0
v 23.1939 35.9111 0
v 21.375 37.0226 0
v 19.503 38.042 0
v 17.5825 38.9669 0
v 15.6183 39.7949 0
v 13.6153 40.5239 0
v 11.5784 41.1522 0
v 9.51277 41.6782 0
v 7.42346 42.1005 0
v 5.31569 42.4182 0
v 3.19471 42.6305 0
v 1.06579 42.7367 0
v -1.06579 42.7367 0
v -3.19471 42.6305 0
v -5.31569 42.4182 0
v -7.42346 42.1005 0
v -9.51277 41.6782 0
v -11.5784 41.1522 0
v -13.6153 40.5239 0
v -15.6183 39.7949 0
v -17.5825 38.9669 0
v -19.503 38.042 0
v -21.375 37.0226 0
v -23.1939 35.9111 0
v -24.955 34.7103 0
v -26.6542 33.4233 0
v -28.2871 32.0531 0
v -29.8496 30.6033 0
v -31.338 29.0774 0
v -32.7484 27.4792 0
v -34.0774 25.8126 0
v -35.3217 24.0819 0
v -36.4782 22.2914 0
v -37.544 20.4454 0
v -38.5164 18.5485 0
v -39.3931 16.6056 0
v -40.1719 14.6214 0
v -40.8507 12.6008 0
v -41.4281 10.5489 0
v -41.9024 8.47075 0
v -42.2725 6.37156 0
v -42.5376 4.25653 0
v -42.6969 2.13091 0
v -42.75 -1.46643e-13 0
v -42.6969 -2.13091 0
v -42.5376 -4.25653 0
v -42.2725 -6.37156 0
v -41.9024 -8.47075 0
v -41.4281 -10.5489 0
v -40.8507 -12.6008 0
v -40.1719 -14.6214 0
v -39.3931 -16.6056 0
v -38.5164 -18.5485 0
v -37.544 -20.4454 0
v -36.4782 -22.2914 0
v -35.3217 -24.0819 0
v -34.0774 -25.8126 0
v -32.7484 -27.4792 0
v -31.338 -29.0774 0
v -29.8496 -30.6033 0
v -28.2871 -32.0531 0
v -26.6542 -33.4233 0
v -24.955 -34.7103 0
v -23.1939 -35.9111 0
v -21.375 -37.0226 0
v -19.503 -38.042 0
v -17.5825 -38.9669 0
v -15.6183 -39.7949 0
v -13.6153 -40.5239 0
v -11.5784 -41.1522 0
v -9.51277 -41.6782 0
v -7.42346 -42.1005 0
v -5.31569 -42.4182 0
v -3.19471 -42.6305 0
v -1.06579 -42.7367 0
v 1.06579 -42.7367 0
v 3.19471 -42.6305 0
v 5.31569 -42.4182 0
v 7.42346 -42.1005 0
v 9.51277 -41.6782 0
v 11.5784 -41.1522 0
v 13.6153 -40.5239 0
v 15.6183 -39.7949 0
v 17.5825 -38.9669 0
v 19.503 -38.042 0
v 21.375 -37.0226 0
v 23.1939 -35.9111 0
v 24.955 -34.7103 0
v 26.6542 -33.4233 0
v 28.2871 -32.0531 0
v 29.8496 -30.6033 0
v 31.338 -29.0774 0
v 32.7484 -27.4792 0
v 34.0774 -25.8126 0
v 35.3217 -24.0819 0
v 36.4782 -22.2914 0
v 37.544 -20.4454 0
v 38.5164 -18.5485 0
v 39.3931 -16.6056 0
v 40.1719 -14.6214 0
v 40.8507 -12.6008 0
v 41.4281 -10.5489 0
v 41.9024 -8.47075 0
v 42.2725 -6.37156 0
v 42.5376 -4.25653 0
v 42.6969 -2.13091 0
v 11 -41.3106 24
v 10.9917 -41.3128 24.4277
v 10.9667 -41.3194 24.8548
v 10.9251 -41.3304 25.2812
v 10.8668 -41.3458 25.7064
v 10.7918 -41.3654 26.1301
v 10.6999 -41.3893 26.552
v 10.591 -41.4173 26.9716
v 10.4651 -41.4493 27.3885
v 10.3219 -41.4852 27.8023
v 10.1614 -41.5248 28.2126
v 9.98325 -41.568 28.6189
v 9.78735 -41.6145 29.0207
v 9.57346 -41.6643 29.4175
v 9.34133 -41.7169 29.8086
v 9.09074 -41.7723 30.1934
v 8.82119 -41.83 30.5717
v 8.53211 -41.8899 30.9428
v 8.22321 -41.9517 31.3061
v 7.89423 -42.0148 31.6604
v 7.54493 -42.0789 32.0046
v 7.17508 -42.1436 32.3378
v 6.78452 -42.2082 32.6585
v 6.37309 -42.2723 32.9657
v 5.94069 -42.3352 33.2579
v 5.48728 -42.3964 33.5336
v 5.01284 -42.4551 33.7914
v 4.56793 -42.5053 34.0067
v 4.15307 -42.5478 34.1859
v 3.72464 -42.5874 34.3502
v 3.2828 -42.6238 34.4987
v 2.82833 -42.6563 34.6302
v 2.36291 -42.6846 34.7432
v 1.88831 -42.7083 34.8367
v 1.40636 -42.7269 34.9097
v 0.918938 -42.7401 34.9615
v 0.427932 -42.7479 34.9917
v -0.0647438 -42.75 34.9998
v -0.557167 -42.7464 34.9859
v -1.04742 -42.7372 34.95
v -1.53358 -42.7225 34.8926
v -2.01378 -42.7025 34.8141
v -2.48614 -42.6776 34.7154
v -2.94886 -42.6482 34.5974
v -3.40016 -42.6146 34.4613
v -3.8385 -42.5773 34.3085
v -4.26338 -42.5369 34.1402
v -4.67465 -42.4936 33.9573
v -5.07223 -42.448 33.7608
v -5.45605 -42.4004 33.5515
v -5.82608 -42.3511 33.3304
v -6.18232 -42.3006 33.0983
v -6.52478 -42.2491 32.8559
v -6.8535 -42.1971 32.604
v -7.16854 -42.1447 32.3434
v -7.46999 -42.0923 32.0746
v -7.75793 -42.0402 31.7984
v -8.03248 -41.9886 31.5153
v -8.29376 -41.9378 31.2259
v -8.5419 -41.8879 30.9308
v -8.77705 -41.8393 30.6305
v -8.99934 -41.792 30.3255
v -9.20903 -41.7463 30.0161
v -9.40648 -41.7023 29.7025
v -9.59186 -41.66 29.3848
v -9.76529 -41.6197 29.0635
v -9.9269 -41.5815 28.7388
v -10.0768 -41.5454 28.4111
v -10.2151 -41.5116 28.0806
v -10.3419 -41.4802 27.7476
v -10.4574 -41.4512 27.4122
v -10.5615 -41.4248 27.0749
v -10.6544 -41.401 26.7357
v -10.7361 -41.3799 26.3949
v -10.8068 -41.3615 26.0528
v -10.8664 -41.3459 25.7095
v -10.915 -41.3331 25.3651
v -10.9526 -41.3232 25.02
v -10.9793 -41.3161 24.6743
v -10.9951 -41.3119 24.3281
v -11 -41.3106 23.9817
v -10.994 -41.3122 23.6353
v -10.977 -41.3167 23.2891
v -10.9491 -41.3241 22.9434
v -10.9103 -41.3343 22.5984
v -10.8606 -41.3474 22.2542
v -10.7998 -41.3633 21.9109
v -10.728 -41.382 21.5689
v -10.6451 -41.4034 21.2283
v -10.551 -41.4275 20.8893
v -10.4457 -41.4542 20.5522
v -10.3291 -41.4834 20.2171
v -10.201 -41.5151 19.8843
v -10.0615 -41.5491 19.5541
v -9.91036 -41.5854 19.2267
v -9.7475 -41.6239 18.9023
v -9.57281 -41.6644 18.5814
v -9.38617 -41.7069 18.2642
v -9.18743 -41.7511 17.9509
v -8.97643 -41.797 17.642
v -8.75278 -41.8444 17.3375
v -8.51627 -41.8931 17.0377
v -8.26675 -41.9431 16.7432
v -8.00407 -41.994 16.4545
v -7.72811 -42.0457 16.1721
v -7.43874 -42.0978 15.8966
v -7.13585 -42.1502 15.6286
v -6.81937 -42.2026 15.3689
v -6.48919 -42.2546 15.118
v -6.14528 -42.306 14.8766
v -5.78759 -42.3564 14.6457
v -5.41609 -42.4055 14.4258
v -5.03081 -42.453 14.2178
v -4.63178 -42.4983 14.0227
v -4.21906 -42.5413 13.8413
v -3.79276 -42.5814 13.6745
v -3.353 -42.6183 13.5235
v -2.90041 -42.6515 13.3893
v -2.43658 -42.6805 13.2733
v -1.9633 -42.7049 13.1766
v -1.48238 -42.7243 13.1003
v -0.995695 -42.7384 13.0452
v -0.505124 -42.747 13.0116
v -0.0125829 -42.75 13
v 0.480008 -42.7473 13.0105
v 0.970726 -42.739 13.0429
v 1.45766 -42.7251 13.097
v 1.93892 -42.706 13.1722
v 2.41263 -42.6819 13.2678
v 2.87698 -42.6531 13.3829
v 3.33019 -42.6201 13.5162
v 3.77064 -42.5834 13.6664
v 4.19768 -42.5434 13.8324
v 4.61116 -42.5006 14.0132
v 5.01099 -42.4553 14.2077
v 5.39709 -42.4079 14.415
v 5.7694 -42.3589 14.6344
v 6.12791 -42.3085 14.865
v 6.47264 -42.2572 15.1059
v 6.80361 -42.2051 15.3565
v 7.12087 -42.1528 15.6159
v 7.4245 -42.1003 15.8835
v 7.71459 -42.0482 16.1588
v 7.99123 -41.9965 16.4409
v 8.25455 -41.9455 16.7293
v 8.50467 -41.8955 17.0236
v 8.74174 -41.8467 17.323
v 8.96591 -41.7992 17.6272
v 9.17756 -41.7533 17.936
v 9.37696 -41.7089 18.2491
v 9.56426 -41.6664 18.5663
v 9.73957 -41.6258 18.8872
v 9.90304 -41.5872 19.2115
v 10.0548 -41.5507 19.5389
v 10.1949 -41.5166 19.8691
v 10.3235 -41.4848 20.2019
v 10.4407 -41.4555 20.537
v 10.5465 -41.4287 20.8742
v 10.6411 -41.4045 21.2132
v 10.7246 -41.3829 21.5538
v 10.7969 -41.3641 21.8959
v 10.8582 -41.3481 22.2392
v 10.9084 -41.3348 22.5834
v 10.9477 -41.3245 22.9286
v 10.976 -41.3169 23.2743
v 10.9935 -41.3123 23.6206
v 10.9984 -41.311 23.8103
v 11 41.3106 24
v 10.9917 41.3128 24.4277
v 10.9667 41.3194 24.8548
v 10.9251 41.3304 25.2812
v 10.8668 41.3458 25.7064
v 10.7918 41.3654 26.1301
v 10.6999 41.3893 26.552
v 10.591 41.4173 26.9716
v 10.4651 41.4493 27.3885
v 10.3219 41.4852 27.8023
v 10.1614 41.5248 28.2126
v 9.98325 41.568 28.6189
v 9.78735 41.6145 29.0207
v 9.57346 41.6643 29.4175
v 9.34133 41.7169 29.8086
v 9.09074 41.7723 30.1934
v 8.82119 41.83 30.5717
v 8.53211 41.8899 30.9428
v 8.22321 41.9517 31.3061
v 7.89423 42.0148 31.6604
v 7.54493 42.0789 32.0046
v 7.17508 42.1436 32.3378
v 6.78452 42.2082 32.6585
v 6.37309 42.2723 32.9657
v 5.94069 42.3352 33.2579
v 5.48728 42.3964 33.5336
v 5.01284 42.4551 33.7914
v 4.56793 42.5053 34.0067
v 4.15307 42.5478 34.1859
v 3.72464 42.5874 34.3502
v 3.2828 42.6238 34.4987
v 2.82833 42.6563 34.6302
v 2.36291 42.6846 34.7432
v 1.88831 42.7083 34.8367
v 1.40636 42.7269 34.9097
v 0.918938 42.7401 34.9615
v 0.427932 42.7479 34.9917
v -0.0647438 42.75 34.9998
v -0.557167 42.7464 34.9859
v -1.04742 42.7372 34.95
v -1.53358 42.7225 34.8926
v -2.01378 42.7025 34.8141
v -2.48614 42.6776 34.7154
v -2.94886 42.6482 34.5974
v -3.40016 42.6146 34.4613
v -3.8385 42.5773 34.3085
v -4.26338 42.5369 34.1402
v -4.67465 42.4936 33.9573
v -5.07223 42.448 33.7608
v -5.45605 42.4004 33.5515
v -5.82608 42.3511 33.3304
v -6.18232 42.3006 33.0983
v -6.52478 42.2491 32.8559
v -6.8535 42.1971 32.604
v -7.16854 42.1447 32.3434
v -7.46999 42.0923 32.0746
v -7.75793 42.0402 31.7984
v -8.03248 41.9886 31.5153
v -8.29376 41.9378 31.2259
v -8.5419 41.8879 30.9308
v -8.77705 41.8393 30.6305
v -8.99934 41.792 30.3255
v -9.20903 41.7463 30.0161
v -9.40648 41.7023 29.7025
v -9.59186 41.66 29.3848
v -9.76529 41.6197 29.0635
v -9.9269 41.5815 28.7388
v -10.0768 41.5454 28.4111
v -10.2151 41.5116 28.0806
v -10.3419 41.4802 27.7476
v -10.4574 41.4512 27.4122
v -10.5615 41.4248 27.0749
v -10.6544 41.401 26.7357
v -10.7361 41.3799 26.3949
v -10.8068 41.3615 26.0528
v -10.8664 41.3459 25.7095
v -10.915 41.3331 25.3651
v -10.9526 41.3232 25.02
v -10.9793 41.3161 24.6743
v -10.9951 41.3119 24.3281
v -11 41.3106 23.9817
v -10.994 41.3122 23.6353
v -10.977 41.3167 23.2891
v -10.9491 41.3241 22.9434
v -10.9103 41.3343 22.5984
v -10.8606 41.3474 22.2542
v -10.7998 41.3633 21.9109
v -10.728 41.382 21.5689
v -10.6451 41.4034 21.2283
v -10.551 41.4275 20.8893
v -10.4457 41.4542 20.5522
v -10.3291 41.4834 20.2171
v -10.201 41.5151 19.8843
v -10.0615 41.5491 19.5541
v -9.91036 41.5854 19.2267
v -9.7475 41.6239 18.9023
v -9.57281 41.6644 18.5814
v -9.38617 41.7069 18.2642
v -9.18743 41.7511 17.9509
v -8.97643 41.797 17.642
v -8.75278 41.8444 17.3375
v -8.51627 41.8931 17.0377
v -8.26675 41.9431 16.7432
v -8.00407 41.994 16.4545
v -7.72811 42.0457 16.1721
v -7.43874 42.0978 15.8966
v -7.13585 42.1502 15.6286
v -6.81937 42.2026 15.3689
v -6.48919 42.2546 15.118
v -6.14528 42.306 14.8766
v -5.78759 42.3564 14.6457
v -5.41609 42.4055 14.4258
v -5.03081 42.453 14.2178
v -4.63178 42.4983 14.0227
v -4.21906 42.5413 13.8413
v -3.79276 42.5814 13.6745
v -3.353 42.6183 13.5235
v -2.90041 42.6515 13.3893
v -2.43658 42.6805 13.2733
v -1.9633 42.7049 13.1766
v -1.48238 42.7243 13.1003
v -0.995695 42.7384 13.0452
v -0.505124 42.747 13.0116
v -0.0125828 42.75 13
v 0.480008 42.7473 13.0105
v 0.970726 42.739 13.0429
v 1.45766 42.7251 13.097
v 1.93892 42.706 13.1722
v 2.41263 42.6819 13.2678
v 2.87698 42.6531 13.3829
v 3.33019 42.6201 13.5162
v 3.77064 42.5834 13.6664
v 4.19768 42.5434 13.8324
v 4.61116 42.5006 14.0132
v 5.01099 42.4553 14.2077
v 5.39709 42.4079 14.415
v 5.7694 42.3589 14.6344
v 6.12791 42.3085 14.865
v 6.47264 42.2572 15.1059
v 6.80361 42.2051 15.3565
v 7.12087 42.1528 15.6159
v 7.4245 42.1003 15.8835
v 7.71459 42.0482 16.1588
v 7.99123 41.9965 16.4409
v 8.25455 41.9455 16.7293
v 8.50467 41.8955 17.0236
v 8.74174 41.8467 17.323
v 8.96591 41.7992 17.6272
v 9.17756 41.7533 17.936
v 9.37696 41.7089 18.2491
v 9.56426 41.6664 18.5663
v 9.73957 41.6258 18.8872
v 9.90304 41.5872 19.2115
v 10.0548 41.5507 19.5389
v 10.1949 41.5166 19.8691
v 10.3235 41.4848 20.2019
v 10.4407 41.4555 20.537
v 10.5465 41.4287 20.8742
v 10.6411 41.4045 21.2132
v 10.7246 41.3829 21.5538
v 10.7969 41.3641 21.8959
v 10.8582 41.3481 22.2392
v 10.9084 41.3348 22.5834
v 10.9477 41.3245 22.9286
v 10.976 41.3169 23.2743
v 10.9935 41.3123 23.6206
v 10.9984 41.311 23.8103
v 42.75 -1.04707e-14 0
v 42.6969 2.13091 0
v 42.5376 4.25653 0
v 42.2725 6.37156 0
v 41.9024 8.47075 0
v 41.4281 10.5489 0
v 40.8507 12.6008 0
v 40.1719 14.6214 0
v 39.3931 16.6056 0
v 38.5164 18.5485 0
v 37.544 20.4454 0
v 36.4782 22.2914 0
v 35.3217 24.0819 0
v 34.0774 25.8126 0
v 32.7484 27.4792 0
v 31.338 29.0774 0
v 29.8496 30.6033 0
v 28.2871 32.0531 0
v 26.6542 33.4233 0
v 24.955 34.7103 0
v 23.1939 35.9111 0
v 21.375 37.0226 0
v 19.503 38.042 0
v 17.5825 38.9669 0
v 15.6183 39.7949 0
v 13.6153 40.5239 0
v 11.5784 41.1522 0
v 9.51277 41.6782 0
v 7.42346 42.1005 0
v 5.31569 42.4182 0
v 3.19471 42.6305 0
v 1.06579 42.7367 0
v -1.06579 42.7367 0
v -3.19471 42.6305 0
v -5.31569 42.4182 0
v -7.42346 42.1005 0
v -9.51277 41.6782 0
v -11.5784 41.1522 0
v -13.6153 40.5239 0
v -15.6183 39.7949 0
v -17.5825 38.9669 0
v -19.503 38.042 0
v -21.375 37.0226 0
v -23.1939 35.9111 0
v -24.955 34.7103 0
v -26.6542 33.4233 0
v -28.2871 32.0531 0
v -29.8496 30.6033 0
v -31.338 29.0774 0
v -32.7484 27.4792 0
v -34.0774 25.8126 0
v -35.3217 24.0819 0
v -36.4782 22.2914 0
v -37.544 20.4454 0
v -38.5164 18.5485 0
v -39.3931 16.6056 0
v -40.1719 14.6214 0
v -40.8507 12.6008 0
v -41.4281 10.5489 0
v -41.9024 8.47075 0
v -42.2725 6.37156 0
v -42.5376 4.25653 0
v -42.6969 2.13091 0
v -42.75 -1.46643e-13 0
v -42.6969 -2.13091 0
v -42.5376 -4.25653 0
v -42.2725 -6.37156 0
v -41.9024 -8.47075 0
v -41.4281 -10.5489 0
v -40.8507 -12.6008 0
v -40.1719 -14.6214 0
v -39.3931 -16.6056 0
v -38.5164 -18.5485 0
v -37.544 -20.4454 0
v -36.4782 -22.2914 0
v -35.3217 -24.0819 0
v -34.0774 -25.8126 0
v -32.7484 -27.4792 0
v -31.338 -29.0774 0
v -29.8496 -30.6033 0
v -28.2871 -32.0531 0
v -26.6542 -33.4233 0
v -24.955 -34.7103 0
v -23.1939 -35.9111 0
v -21.375 -37.0226 0
v -19.503 -38.042 0
v -17.5825 -38.9669 0
v -15.6183 -39.7949 0
v -13.6153 -40.5239 0
v -11.5784 -41.1522 0
v -9.51277 -41.6782 0
v -7.42346 -42.1005 0
v -5.31569 -42.4182 0
v -3.19471 -42.6305 0
v -1.06579 -42.7367 0
v 1.06579 -42.7367 0
v 3.19471 -42.6305 0
v 5.31569 -42.4182 0
v 7.42346 -42.1005 0
v 9.51277 -41.6782 0
v 11.5784 -41.1522 0
v 13.6153 -40.5239 0
v 15.6183 -39.7949 0
v 17.5825 -38.9669 0
v 19.503 -38.042 0
v 21.375 -37.0226 0
v 23.1939 -35.9111 0
v 24.955 -34.7103 0
v 26.6542 -33.4233 0
v 28.2871 -32.0531 0
v 29.8496 -30.6033 0
v 31.338 -29.0774 0
v 32.7484 -27.4792 0
v 34.0774 -25.8126 0
v 35.3217 -24.0819 0
v 36.4782 -22.2914 0
v 37.544 -20.4454 0
v 38.5164 -18.5485 0
v 39.3931 -16.6056 0
v 40.1719 -14.6214 0
v 40.8507 -12.6008 0
v 41.4281 -10.5489 0
v 41.9024 -8.47075 0
v 42.2725 -6.37156 0
v 42.5376 -4.25653 0
v 42.6969 -2.13091 0
v 36.75 -9.00115e-15 0
v 36.7043 1.83184 0
v 36.5674 3.65912 0
v 36.3395 5.4773 0
v 36.0213 7.28187 0
v 35.6136 9.06833 0
v 35.1173 10.8323 0
v 34.5337 12.5692 0
v 33.8643 14.275 0
v 33.1106 15.9452 0
v 32.2746 17.5758 0
v 31.3584 19.1627 0
v 30.3643 20.702 0
v 29.2946 22.1898 0
v 28.1521 23.6224 0
v 26.9397 24.9963 0
v 25.6602 26.3081 0
v 24.317 27.5545 0
v 22.9133 28.7323 0
v 21.4526 29.8387 0
v 19.9386 30.871 0
v 18.375 31.8264 0
v 16.7657 32.7028 0
v 15.1148 33.4978 0
v 13.4263 34.2096 0
v 11.7044 34.8363 0
v 9.95339 35.3764 0
v 8.17764 35.8286 0
v 6.38157 36.1917 0
v 4.56963 36.4648 0
v 2.74633 36.6472 0
v 0.916203 36.7386 0
v -0.916203 36.7386 0
v -2.74633 36.6472 0
v -4.56963 36.4648 0
v -6.38157 36.1917 0
v -8.17764 35.8286 0
v -9.95339 35.3764 0
v -11.7044 34.8363 0
v -13.4263 34.2096 0
v -15.1148 33.4978 0
v -16.7657 32.7028 0
v -18.375 31.8264 0
v -19.9386 30.871 0
v -21.4526 29.8387 0
v -22.9133 28.7323 0
v -24.317 27.5545 0
v -25.6602 26.3081 0
v -26.9397 24.9963 0
v -28.1521 23.6224 0
v -29.2946 22.1898 0
v -30.3643 20.702 0
v -31.3584 19.1627 0
v -32.2746 17.5758 0
v -33.1106 15.9452 0
v -33.8643 14.275 0
v -34.5337 12.5692 0
v -35.1173 10.8323 0
v -35.6136 9.06833 0
v -36.0213 7.28187 0
v -36.3395 5.4773 0
v -36.5674 3.65912 0
v -36.7043 1.83184 0
v -36.75 -1.26062e-13 0
v -36.7043 -1.83184 0
v -36.5674 -3.65912 0
v -36.3395 -5.4773 0
v -36.0213 -7.28187 0
v -35.6136 -9.06833 0
v -35.1173 -10.8323 0
v -34.5337 -12.5692 0
v -33.8643 -14.275 0
v -33.1106 -15.9452 0
v -32.2746 -17.5758 0
v -31.3584 -19.1627 0
v -30.3643 -20.702 0
v -29.2946 -22.1898 0
v -28.1521 -23.6224 0
v -26.9397 -24.9963 0
v -25.6602 -26.3081 0
v -24.317 -27.5545 0
v -22.9133 -28.7323 0
v -21.4526 -29.8387 0
v -19.9386 -30.871 0
v -18.375 -31.8264 0
v -16.7657 -32.7028 0
v -15.1148 -33.4978 0
v -13.4263 -34.2096 0
v -11.7044 -34.8363 0
v -9.95339 -35.3764 0
v -8.17764 -35.8286 0
v -6.38157 -36.1917 0
v -4.56963 -36.4648 0
v -2.74633 -36.6472 0
v -0.916203 -36.7386 0
v 0.916203 -36.7386 0
v 2.74633 -36.6472 0
v 4.56963 -36.4648 0
v 6.38157 -36.1917 0
v 8.17764 -35.8286 0
v 9.95339 -35.3764 0
v 11.7044 -34.8363 0
v 13.4263 -34.2096 0
v 15.1148 -33.4978 0
v 16.7657 -32.7028 0
v 18.375 -31.8264 0
v 19.9386 -30.871 0
v 21.4526 -29.8387 0
v 22.9133 -28.7323 0
v 24.317 -27.5545 0
v 25.6602 -26.3081 0
v 26.9397 -24.9963 0
v 28.1521 -23.6224 0
v 29.2946 -22.1898 0
v 30.3643 -20.702 0
v 31.3584 -19.1627 0
v 32.2746 -17.5758 0
v 33.1106 -15.9452 0
v 33.8643 -14.275 0
v 34.5337 -12.5692 0
v 35.1173 -10.8323 0
v 35.6136 -9.06833 0
v 36.0213 -7.28187 0
v 36.3395 -5.4773 0
v 36.5674 -3.65912 0
v 36.7043 -1.83184 0
v 11 -41.3106 24
v 10.9917 -41.3128 24.4277
v 10.9667 -41.3194 24.8548
v 10.9251 -41.3304 25.2812
v 10.8668 -41.3458 25.7064
v 10.7918 -41.3654 26.1301
v 10.6999 -41.3893 26.552
v 10.591 -41.4173 26.9716
v 10.4651 -41.4493 27.3885
v 10.3219 -41.4852 27.8023
v 10.1614 -41.5248 28.2126
v 9.98325 -41.568 28.6189
v 9.78735 -41.6145 29.0207
v 9.57346 -41.6643 29.4175
v 9.34133 -41.7169 29.8086
v 9.09074 -41.7723 30.1934
v 8.82119 -41.83 30.5717
v 8.53211 -41.8899 30.9428
v 8.22321 -41.9517 31.3061
v 7.89423 -42.0148 31.6604
v 7.54493 -42.0789 32.0046
v 7.17508 -42.1436 32.3378
v 6.78452 -42.2082 32.6585
v 6.37309 -42.2723 32.9657
v 5.94069 -42.3352 33.2579
v 5.48728 -42.3964 33.5336
v 5.01284 -42.4551 33.7914
v 4.56793 -42.5053 34.0067
v 4.15307 -42.5478 34.1859
v 3.72464 -42.5874 34.3502
v 3.2828 -42.6238 34.4987
v 2.82833 -42.6563 34.6302
v 2.36291 -42.6846 34.7432
v 1.88831 -42.7083 34.8367
v 1.40636 -42.7269 34.9097
v 0.918938 -42.7401 34.9615
v 0.427932 -42.7479 34.9917
v -0.0647438 -42.75 34.9998
v -0.557167 -42.7464 34.9859
v -1.04742 -42.7372 34.95
v -1.53358 -42.7225 34.8926
v -2.01378 -42.7025 34.8141
v -2.48614 -42.6776 34.7154
v -2.94886 -42.6482 34.5974
v -3.40016 -42.6146 34.4613
v -3.8385 -42.5773 34.3085
v -4.26338 -42.5369 34.1402
v -4.67465 -42.4936 33.9573
v -5.07223 -42.448 33.7608
v -5.45605 -42.4004 33.5515
v -5.82608 -42.3511 33.3304
v -6.18232 -42.3006 33.0983
v -6.52478 -42.2491 32.8559
v -6.8535 -42.1971 32.604
v -7.16854 -42.1447 32.3434
v -7.46999 -42.0923 32.0746
v -7.75793 -42.0402 31.7984
v -8.03248 -41.9886 31.5153
v -8.29376 -41.9378 31.2259
v -8.5419 -41.8879 30.9308
v -8.77705 -41.8393 30.6305
v -8.99934 -41.792 30.3255
v -9.20903 -41.7463 30.0161
v -9.40648 -41.7023 29.7025
v -9.59186 -41.66 29.3848
v -9.76529 -41.6197 29.0635
v -9.9269 -41.5815 28.7388
v -10.0768 -41.5454 28.4111
v -10.2151 -41.5116 28.0806
v -10.3419 -41.4802 27.7476
v -10.4574 -41.4512 27.4122
v -10.5615 -41.4248 27.0749
v -10.6544 -41.401 26.7357
v -10.7361 -41.3799 26.3949
v -10.8068 -41.3615 26.0528
v -10.8664 -41.3459 25.7095
v -10.915 -41.3331 25.3651
v -10.9526 -41.3232 25.02
v -10.9793 -41.3161 24.6743
v -10.9951 -41.3119 24.3281
v -11 -41.3106 23.9817
v -10.994 -41.3122 23.6353
v -10.977 -41.3167 23.2891
v -10.9491 -41.3241 22.9434
v -10.9103 -41.3343 22.5984
v -10.8606 -41.3474 22.2542
v -10.7998 -41.3633 21.9109
v -10.728 -41.382 21.5689
v -10.6451 -41.4034 21.2283
v -10.551 -41.4275 20.8893
v -10.4457 -41.4542 20.5522
v -10.3291 -41.4834 20.2171
v -10.201 -41.5151 19.8843
v -10.0615 -41.5491 19.5541
v -9.91036 -41.5854 19.2267
v -9.7475 -41.6239 18.9023
v -9.57281 -41.6644 18.5814
v -9.38617 -41.7069 18.2642
v -9.18743 -41.7511 17.9509
v -8.97643 -41.797 17.642
v -8.75278 -41.8444 17.3375
v -8.51627 -41.8931 17.0377
v -8.26675 -41.9431 16.7432
v -8.00407 -41.994 16.4545
v -7.72811 -42.0457 16.1721
v -7.43874 -42.0978 15.8966
v -7.13585 -42.1502 15.6286
v -6.81937 -42.2026 15.3689
v -6.48919 -42.2546 15.118
v -6.14528 -42.306 14.8766
v -5.78759 -42.3564 14.6457
v -5.41609 -42.4055 14.4258
v -5.03081 -42.453 14.2178
v -4.63178 -42.4983 14.0227
v -4.21906 -42.5413 13.8413
v -3.79276 -42.5814 13.6745
v -3.353 -42.6183 13.5235
v -2.90041 -42.6515 13.3893
v -2.43658 -42.6805 13.2733
v -1.9633 -42.7049 13.1766
v -1.48238 -42.7243 13.1003
v -0.995695 -42.7384 13.0452
v -0.505124 -42.747 13.0116
v -0.0125829 -42.75 13
v 0.480008 -42.7473 13.0105
v 0.970726 -42.739 13.0429
v 1.45766 -42.7251 13.097
v 1.93892 -42.706 13.1722
v 2.41263 -42.6819 13.2678
v 2.87698 -42.6531 13.3829
v 3.33019 -42.6201 13.5162
v 3.77064 -42.5834 13.6664
v 4.19768 -42.5434 13.8324
v 4.61116 -42.5006 14.0132
v 5.01099 -42.4553 14.2077
v 5.39709 -42.4079 14.415
v 5.7694 -42.3589 14.6344
v 6.12791 -42.3085 14.865
v 6.47264 -42.2572 15.1059
v 6.80361 -42.2051 15.3565
v 7.12087 -42.1528 15.6159
v 7.4245 -42.1003 15.8835
v 7.71459 -42.0482 16.1588
v 7.99123 -41.9965 16.4409
v 8.25455 -41.9455 16.7293
v 8.50467 -41.8955 17.0236
v 8.74174 -41.8467 17.323
v 8.96591 -41.7992 17.6272
v 9.17756 -41.7533 17.936
v 9.37696 -41.7089 18.2491
v 9.56426 -41.6664 18.5663
v 9.73957 -41.6258 18.8872
v 9.90304 -41.5872 19.2115
v 10.0548 -41.5507 19.5389
v 10.1949 -41.5166 19.8691
v 10.3235 -41.4848 20.2019
v 10.4407 -41.4555 20.537
v 10.5465 -41.4287 20.8742
v 10.6411 -41.4045 21.2132
v 10.7246 -41.3829 21.5538
v 10.7969 -41.3641 21.8959
v 10.8582 -41.3481 22.2392
v 10.9084 -41.3348 22.5834
v 10.9477 -41.3245 22.9286
v 10.976 -41.3169 23.2743
v 10.9935 -41.3123 23.6206
v 10.9984 -41.311 23.8103
v 11 -41.3106 24
v 11 -14 24
v 10.9863 -14 24.5483
v 10.9453 -14 25.0952
v 10.8771 -14 25.6395
v 10.7819 -14 26.1796
v 10.6599 -14 26.7143
v 10.5113 -14 27.2423
v 10.3366 -14 27.7622
v 10.1362 -14 28.2728
v 9.91066 -14 28.7727
v 9.66044 -14 29.2608
v 9.3862 -14 29.7358
v 9.08863 -14 30.1965
v 8.76846 -14 30.6418
v 8.42649 -14 31.0707
v 8.06357 -14 31.4819
v 7.6806 -14 31.8745
v 7.27854 -14 32.2476
v 6.85839 -14 32.6001
v 6.42118 -14 32.9313
v 5.96801 -14 33.2403
v 5.5 -14 33.5263
v 5.01832 -14 33.7886
v 4.52416 -14 34.0266
v 4.01875 -14 34.2396
v 3.50335 -14 34.4272
v 2.97925 -14 34.5889
v 2.44773 -14 34.7242
v 1.91013 -14 34.8329
v 1.36778 -14 34.9146
v 0.822031 -14 34.9692
v 0.274238 -14 34.9966
v -0.274238 -14 34.9966
v -0.822031 -14 34.9692
v -1.36778 -14 34.9146
v -1.91013 -14 34.8329
v -2.44773 -14 34.7242
v -2.97925 -14 34.5889
v -3.50335 -14 34.4272
v -4.01875 -14 34.2396
v -4.52416 -14 34.0266
v -5.01832 -14 33.7886
v -5.5 -14 33.5263
v -5.96801 -14 33.2403
v -6.42118 -14 32.9313
v -6.85839 -14 32.6001
v -7.27854 -14 32.2476
v -7.6806 -14 31.8745
v -8.06357 -14 31.4819
v -8.42649 -14 31.0707
v -8.76846 -14 30.6418
v -9.08863 -14 30.1965
v -9.3862 -14 29.7358
v -9.66044 -14 29.2608
v -9.91066 -14 28.7727
v -10.1362 -14 28.2728
v -10.3366 -14 27.7622
v -10.5113 -14 27.2423
v -10.6599 -14 26.7143
v -10.7819 -14 26.1796
v -10.8771 -14 25.6395
v -10.9453 -14 25.0952
v -10.9863 -14 24.5483
v -11 -14 24
v -10.9863 -14 23.4517
v -10.9453 -14 22.9048
v -10.8771 -14 22.3605
v -10.7819 -14 21.8204
v -10.6599 -14 21.2857
v -10.5113 -14 20.7577
v -10.3366 -14 20.2378
v -10.1362 -14 19.7272
v -9.91066 -14 19.2273
v -9.66044 -14 18.7392
v -9.3862 -14 18.2642
v -9.08863 -14 17.8035
v -8.76846 -14 17.3582
v -8.42649 -14 16.9293
v -8.06357 -14 16.5181
v -7.6806 -14 16.1255
v -7.27854 -14 15.7524
v -6.85839 -14 15.3999
v -6.42118 -14 15.0687
v -5.96801 -14 14.7597
v -5.5 -14 14.4737
v -5.01832 -14 14.2114
v -4.52416 -14 13.9734
v -4.01875 -14 13.7604
v -3.50335 -14 13.5728
v -2.97925 -14 13.4111
v -2.44773 -14 13.2758
v -1.91013 -14 13.1671
v -1.36778 -14 13.0854
v -0.822031 -14 13.0308
v -0.274238 -14 13.0034
v 0.274238 -14 13.0034
v 0.822031 -14 13.0308
v 1.36778 -14 13.0854
v 1.91013 -14 13.1671
v 2.44773 -14 13.2758
v 2.97925 -14 13.4111
v 3.50335 -14 13.5728
v 4.01875 -14 13.7604
v 4.52416 -14 13.9734
v 5.01832 -14 14.2114
v 5.5 -14 14.4737
v 5.96801 -14 14.7597
v 6.42118 -14 15.0687
v 6.85839 -14 15.3999
v 7.27854 -14 15.7524
v 7.6806 -14 16.1255
v 8.06357 -14 16.5181
v 8.42649 -14 16.9293
v 8.76846 -14 17.3582
v 9.08863 -14 17.8035
v 9.3862 -14 18.2642
v 9.66044 -14 18.7392
v 9.91066 -14 19.2273
v 10.1362 -14 19.7272
v 10.3366 -14 20.2378
v 10.5113 -14 20.7577
v 10.6599 -14 21.2857
v 10.7819 -14 21.8204
v 10.8771 -14 22.3605
v 10.9453 -14 22.9048
v 10.9863 -14 23.4517
v 11 -14 24
v 11 14 24
v 10.9863 14 24.5483
v 10.9453 14 25.0952
v 10.8771 14 25.6395
v 10.7819 14 26.1796
v 10.6599 14 26.7143
v 10.5113 14 27.2423
v 10.3366 14 27.7622
v 10.1362 14 28.2728
v 9.91066 14 28.7727
v 9.66044 14 29.2608
v 9.3862 14 29.7358
v 9.08863 14 30.1965
v 8.76846 14 30.6418
v 8.42649 14 31.0707
v 8.06357 14 31.4819
v 7.6806 14 31.8745
v 7.27854 14 32.2476
v 6.85839 14 32.6001
v 6.42118 14 32.9313
v 5.96801 14 33.2403
v 5.5 14 33.5263
v 5.01832 14 33.7886
v 4.52416 14 34.0266
v 4.01875 14 34.2396
v 3.50335 14 34.4272
v 2.97925 14 34.5889
v 2.44773 14 34.7242
v 1.91013 14 34.8329
v 1.36778 14 34.9146
v 0.822031 14 34.9692
v 0.274238 14 34.9966
v -0.274238 14 34.9966
v -0.822031 14 34.9692
v -1.36778 14 34.9146
v -1.91013 14 34.8329
v -2.44773 14 34.7242
v -2.97925 14 34.5889
v -3.50335 14 34.4272
v -4.01875 14 34.2396
v -4.52416 14 34.0266
v -5.01832 14 33.7886
v -5.5 14 33.5263
v -5.96801 14 33.2403
v -6.42118 14 32.9313
v -6.85839 14 32.6001
v -7.27854 14 32.2476
v -7.6806 14 31.8745
v -8.06357 14 31.4819
v -8.42649 14 31.0707
v -8.76846 14 30.6418
v -9.08863 14 30.1965
v -9.3862 14 29.7358
v -9.66044 14 29.2608
v -9.91066 14 28.7727
v -10.1362 14 28.2728
v -10.3366 14 27.7622
v -10.5113 14 27.2423
v -10.6599 14 26.7143
v -10.7819 14 26.1796
v -10.8771 14 25.6395
v -10.9453 14 25.0952
v -10.9863 14 24.5483
v -11 14 24
v -10.9863 14 23.4517
v -10.9453 14 22.9048
v -10.8771 14 22.3605
v -10.7819 14 21.8204
v -10.6599 14 21.2857
v -10.5113 14 20.7577
v -10.3366 14 20.2378
v -10.1362 14 19.7272
v -9.91066 14 19.2273
v -9.66044 14 18.7392
v -9.3862 14 18.2642
v -9.08863 14 17.8035
v -8.76846 14 17.3582
v -8.42649 14 16.9293
v -8.06357 14 16.5181
v -7.6806 14 16.1255
v -7.27854 14 15.7524
v -6.85839 14 15.3999
v -6.42118 14 15.0687
v -5.96801 14 14.7597
v -5.5 14 14.4737
v -5.01832 14 14.2114
v -4.52416 14 13.9734
v -4.01875 14 13.7604
v -3.50335 14 13.5728
v -2.97925 14 13.4111
v -2.44773 14 13.2758
v -1.91013 14 13.1671
v -1.36778 14 13.0854
v -0.822031 14 13.0308
v -0.274238 14 13.0034
v 0.274238 14 13.0034
v 0.822031 14 13.0308
v 1.36778 14 13.0854
v 1.91013 14 13.1671
v 2.44773 14 13.2758
v 2.97925 14 13.4111
v 3.50335 14 13.5728
v 4.01875 14 13.7604
v 4.52416 14 13.9734
v 5.01832 14 14.2114
v 5.5 14 14.4737
v 5.96801 14 14.7597
v 6.42118 14 15.0687
v 6.85839 14 15.3999
v 7.27854 14 15.7524
v 7.6806 14 16.1255
v 8.06357 14 16.5181
v 8.42649 14 16.9293
v 8.76846 14 17.3582
v 9.08863 14 17.8035
v 9.3862 14 18.2642
v 9.66044 14 18.7392
v 9.91066 14 19.2273
v 10.1362 14 19.7272
v 10.3366 14 20.2378
v 10.5113 14 20.7577
v 10.6599 14 21.2857
v 10.7819 14 21.8204
v 10.8771 14 22.3605
v 10.9453 14 22.9048
v 10.9863 14 23.4517
v 11 14 24
v 11 41.3106 24
v 10.9917 41.3128 24.4277
v 10.9667 41.3194 24.8548
v 10.9251 41.3304 25.2812
v 10.8668 41.3458 25.7064
v 10.7918 41.3654 26.1301
v 10.6999 41.3893 26.552
v 10.591 41.4173 26.9716
v 10.4651 41.4493 27.3885
v 10.3219 41.4852 27.8023
v 10.1614 41.5248 28.2126
v 9.98325 41.568 28.6189
v 9.78735 41.6145 29.0207
v 9.57346 41.6643 29.4175
v 9.34133 41.7169 29.8086
v 9.09074 41.7723 30.1934
v 8.82119 41.83 30.5717
v 8.53211 41.8899 30.9428
v 8.22321 41.9517 31.3061
v 7.89423 42.0148 31.6604
v 7.54493 42.0789 32.0046
v 7.17508 42.1436 32.3378
v 6.78452 42.2082 32.6585
v 6.37309 42.2723 32.9657
v 5.94069 42.3352 33.2579
v 5.48728 42.3964 33.5336
v 5.01284 42.4551 33.7914
v 4.56793 42.5053 34.0067
v 4.15307 42.5478 34.1859
v 3.72464 42.5874 34.3502
v 3.2828 42.6238 34.4987
v 2.82833 42.6563 34.6302
v 2.36291 42.6846 34.7432
v 1.88831 42.7083 34.8367
v 1.40636 42.7269 34.9097
v 0.918938 42.7401 34.9615
v 0.427932 42.7479 34.9917
v -0.0647438 42.75 34.9998
v -0.557167 42.7464 34.9859
v -1.04742 42.7372 34.95
v -1.53358 42.7225 34.8926
v -2.01378 42.7025 34.8141
v -2.48614 42.6776 34.7154
v -2.94886 42.6482 34.5974
v -3.40016 42.6146 34.4613
v -3.8385 42.5773 34.3085
v -4.26338 42.5369 34.1402
v -4.67465 42.4936 33.9573
v -5.07223 42.448 33.7608
v -5.45605 42.4004 33.5515
v -5.82608 42.3511 33.3304
v -6.18232 42.3006 33.0983
v -6.52478 42.2491 32.8559
v -6.8535 42.1971 32.604
v -7.16854 42.1447 32.3434
v -7.46999 42.0923 32.0746
v -7.75793 42.0402 31.7984
v -8.03248 41.9886 31.5153
v -8.29376 41.9378 31.2259
v -8.5419 41.8879 30.9308
v -8.77705 41.8393 30.6305
v -8.99934 41.792 30.3255
v -9.20903 41.7463 30.0161
v -9.40648 41.7023 29.7025
v -9.59186 41.66 29.3848
v -9.76529 41.6197 29.0635
v -9.9269 41.5815 28.7388
v -10.0768 41.5454 28.4111
v -10.2151 41.5116 28.0806
v -10.3419 41.4802 27.7476
v -10.4574 41.4512 27.4122
v -10.5615 41.4248 27.0749
v -10.6544 41.401 26.7357
v -10.7361 41.3799 26.3949
v -10.8068 41.3615 26.0528
v -10.8664 41.3459 25.7095
v -10.915 41.3331 25.3651
v -10.9526 41.3232 25.02
v -10.9793 41.3161 24.6743
v -10.9951 41.3119 24.3281
v -11 41.3106 23.9817
v -10.994 41.3122 23.6353
v -10.977 41.3167 23.2891
v -10.9491 41.3241 22.9434
v -10.9103 41.3343 22.5984
v -10.8606 41.3474 22.2542
v -10.7998 41.3633 21.9109
v -10.728 41.382 21.5689
v -10.6451 41.4034 21.2283
v -10.551 41.4275 20.8893
v -10.4457 41.4542 20.5522
v -10.3291 41.4834 20.2171
v -10.201 41.5151 19.8843
v -10.0615 41.5491 19.5541
v -9.91036 41.5854 19.2267
v -9.7475 41.6239 18.9023
v -9.57281 41.6644 18.5814
v -9.38617 41.7069 18.2642
v -9.18743 41.7511 17.9509
v -8.97643 41.797 17.642
v -8.75278 41.8444 17.3375
v -8.51627 41.8931 17.0377
v -8.26675 41.9431 16.7432
v -8.00407 41.994 16.4545
v -7.72811 42.0457 16.1721
v -7.43874 42.0978 15.8966
v -7.13585 42.1502 15.6286
v -6.81937 42.2026 15.3689
v -6.48919 42.2546 15.118
v -6.14528 42.306 14.8766
v -5.78759 42.3564 14.6457
v -5.41609 42.4055 14.4258
v -5.03081 42.453 14.2178
v -4.63178 42.4983 14.0227
v -4.21906 42.5413 13.8413
v -3.79276 42.5814 13.6745
v -3.353 42.6183 13.5235
v -2.90041 42.6515 13.3893
v -2.43658 42.6805 13.2733
v -1.9633 42.7049 13.1766
v -1.48238 42.7243 13.1003
v -0.995695 42.7384 13.0452
v -0.505124 42.747 13.0116
v -0.0125828 42.75 13
v 0.480008 42.7473 13.0105
v 0.970726 42.739 13.0429
v 1.45766 42.7251 13.097
v 1.93892 42.706 13.1722
v 2.41263 42.6819 13.2678
v 2.87698 42.6531 13.3829
v 3.33019 42.6201 13.5162
v 3.77064 42.5834 13.6664
v 4.19768 42.5434 13.8324
v 4.61116 42.5006 14.0132
v 5.01099 42.4553 14.2077
v 5.39709 42.4079 14.415
v 5.7694 42.3589 14.6344
v 6.12791 42.3085 14.865
v 6.47264 42.2572 15.1059
v 6.80361 42.2051 15.3565
v 7.12087 42.1528 15.6159
v 7.4245 42.1003 15.8835
v 7.71459 42.0482 16.1588
v 7.99123 41.9965 16.4409
v 8.25455 41.9455 16.7293
v 8.50467 41.8955 17.0236
v 8.74174 41.8467 17.323
v 8.96591 41.7992 17.6272
v 9.17756 41.7533 17.936
v 9.37696 41.7089 18.2491
v 9.56426 41.6664 18.5663
v 9.73957 41.6258 18.8872
v 9.90304 41.5872 19.2115
v 10.0548 41.5507 19.5389
v 10.1949 41.5166 19.8691
v 10.3235 41.4848 20.2019
v 10.4407 41.4555 20.537
v 10.5465 41.4287 20.8742
v 10.6411 41.4045 21.2132
v 10.7246 41.3829 21.5538
v 10.7969 41.3641 21.8959
v 10.8582 41.3481 22.2392
v 10.9084 41.3348 22.5834
v 10.9477 41.3245 22.9286
v 10.976 41.3169 23.2743
v 10.9935 41.3123 23.6206
v 10.9984 41.311 23.8103
v 11 41.3106 24
v 36.75 -9.00115e-15 0
v 36.75 -9.00115e-15 50
v 36.7043 1.83184 0
v 36.5674 3.65912 0
v 36.3395 5.4773 0
v 36.0213 7.28187 0
v 35.6136 9.06833 0
v 35.1173 10.8323 0
v 34.5337 12.5692 0
v 33.8643 14.275 0
v 33.1106 15.9452 0
v 32.2746 17.5758 0
v 31.3584 19.1627 0
v 30.3643 20.702 0
v 29.2946 22.1898 0
v 28.1521 23.6224 0
v 26.9397 24.9963 0
v 25.6602 26.3081 0
v 24.317 27.5545 0
v 22.9133 28.7323 0
v 21.4526 29.8387 0
v 19.9386 30.871 0
v 18.375 31.8264 0
v 16.7657 32.7028 0
v 15.1148 33.4978 0
v 13.4263 34.2096 0
v 11.7044 34.8363 0
v 9.95339 35.3764 0
v 8.17764 35.8286 0
v 6.38157 36.1917 0
v 4.56963 36.4648 0
v 2.74633 36.6472 0
v 0.916203 36.7386 0
v -0.916203 36.7386 0
v -2.74633 36.6472 0
v -4.56963 36.4648 0
v -6.38157 36.1917 0
v -8.17764 35.8286 0
v -9.95339 35.3764 0
v -11.7044 34.8363 0
v -13.4263 34.2096 0
v -15.1148 33.4978 0
v -16.7657 32.7028 0
v -18.375 31.8264 0
v -19.9386 30.871 0
v -21.4526 29.8387 0
v -22.9133 28.7323 0
v -24.317 27.5545 0
v -25.6602 26.3081 0
v -26.9397 24.9963 0
v -28.1521 23.6224 0
v -29.2946 22.1898 0
v -30.3643 20.702 0
v -31.3584 19.1627 0
v -32.2746 17.5758 0
v -33.1106 15.9452 0
v -33.8643 14.275 0
v -34.5337 12.5692 0
v -35.1173 10.8323 0
v -35.6136 9.06833 0
v -36.0213 7.28187 0
v -36.3395 5.4773 0
v -36.5674 3.65912 0
v -36.7043 1.83184 0
v -36.75 -1.26062e-13 0
v -36.7043 -1.83184 0
v -36.5674 -3.65912 0
v -36.3395 -5.4773 0
v -36.0213 -7.28187 0
v -35.6136 -9.06833 0
v -35.1173 -10.8323 0
v -34.5337 -12.5692 0
v -33.8643 -14.275 0
v -33.1106 -15.9452 0
v -32.2746 -17.5758 0
v -31.3584 -19.1627 0
v -30.3643 -20.702 0
v -29.2946 -22.1898 0
v -28.1521 -23.6224 0
v -26.9397 -24.9963 0
v -25.6602 -26.3081 0
v -24.317 -27.5545 0
v -22.9133 -28.7323 0
v -21.4526 -29.8387 0
v -19.9386 -30.871 0
v -18.375 -31.8264 0
v -16.7657 -32.7028 0
v -15.1148 -33.4978 0
v -13.4263 -34.2096 0
v -11.7044 -34.8363 0
v -9.95339 -35.3764 0
v -8.17764 -35.8286 0
v -6.38157 -36.1917 0
v -4.56963 -36.4648 0
v -2.74633 -36.6472 0
v -0.916203 -36.7386 0
v 0.916203 -36.7386 0
v 2.74633 -36.6472 0
v 4.56963 -36.4648 0
v 6.38157 -36.1917 0
v 8.17764 -35.8286 0
v 9.95339 -35.3764 0
v 11.7044 -34.8363 0
v 13.4263 -34.2096 0
v 15.1148 -33.4978 0
v 16.7657 -32.7028 0
v 18.375 -31.8264 0
v 19.9386 -30.871 0
v 21.4526 -29.8387 0
v 22.9133 -28.7323 0
v 24.317 -27.5545 0
v 25.6602 -26.3081 0
v 26.9397 -24.9963 0
v 28.1521 -23.6224 0
v 29.2946 -22.1898 0
v 30.3643 -20.702 0
v 31.3584 -19.1627 0
v 32.2746 -17.5758 0
v 33.1106 -15.9452 0
v 33.8643 -14.275 0
v 34.5337 -12.5692 0
v 35.1173 -10.8323 0
v 35.6136 -9.06833 0
v 36.0213 -7.28187 0
v 36.3395 -5.4773 0
v 36.5674 -3.65912 0
v 36.7043 -1.83184 0
v 36.75 -9.00115e-15 0
v 36.75 -9.00115e-15 50
v 36.7043 1.83184 50
v 36.5674 3.65912 50
v 36.3395 5.4773 50
v 36.0213 7.28187 50
v 35.6136 9.06833 50
v 35.1173 10.8323 50
v 34.5337 12.5692 50
v 33.8643 14.275 50
v 33.1106 15.9452 50
v 32.2746 17.5758 50
v 31.3584 19.1627 50
v 30.3643 20.702 50
v 29.2946 22.1898 50
v 28.1521 23.6224 50
v 26.9397 24.9963 50
v 25.6602 26.3081 50
v 24.317 27.5545 50
v 22.9133 28.7323 50
v 21.4526 29.8387 50
v 19.9386 30.871 50
v 18.375 31.8264 50
v 16.7657 32.7028 50
v 15.1148 33.4978 50
v 13.4263 34.2096 50
v 11.7044 34.8363 50
v 9.95339 35.3764 50
v 8.17764 35.8286 50
v 6.38157 36.1917 50
v 4.56963 36.4648 50
v 2.74633 36.6472 50
v 0.916203 36.7386 50
v -0.916203 36.7386 50
v -2.74633 36.6472 50
v -4.56963 36.4648 50
v -6.38157 36.1917 50
v -8.17764 35.8286 50
v -9.95339 35.3764 50
v -11.7044 34.8363 50
v -13.4263 34.2096 50
v -15.1148 33.4978 50
v -16.7657 32.7028 50
v -18.375 31.8264 50
v -19.9386 30.871 50
v -21.4526 29.8387 50
v -22.9133 28.7323 50
v -24.317 27.5545 50
v -25.6602 26.3081 50
v -26.9397 24.9963 50
v -28.1521 23.6224 50
v -29.2946 22.1898 50
v -30.3643 20.702 50
v -31.3584 19.1627 50
v -32.2746 17.5758 50
v -33.1106 15.9452 50
v -33.8643 14.275 50
v -34.5337 12.5692 50
v -35.1173 10.8323 50
v -35.6136 9.06833 50
v -36.0213 7.28187 50
v -36.3395 5.4773 50
v -36.5674 3.65912 50
v -36.7043 1.83184 50
v -36.75 -1.26062e-13 50
v -36.7043 -1.83184 50
v -36.5674 -3.65912 50
v -36.3395 -5.4773 50
v -36.0213 -7.28187 50
v -35.6136 -9.06833 50
v -35.1173 -10.8323 50
v -34.5337 -12.5692 50
v -33.8643 -14.275 50
v -33.1106 -15.9452 50
v -32.2746 -17.5758 50
v -31.3584 -19.1627 50
v -30.3643 -20.702 50
v -29.2946 -22.1898 50
v -28.1521 -23.6224 50
v -26.9397 -24.9963 50
v -25.6602 -26.3081 50
v -24.317 -27.5545 50
v -22.9133 -28.7323 50
v -21.4526 -29.8387 50
v -19.9386 -30.871 50
v -18.375 -31.8264 50
v -16.7657 -32.7028 50
v -15.1148 -33.4978 50
v -13.4263 -34.2096 50
v -11.7044 -34.8363 50
v -9.95339 -35.3764 50
v -8.17764 -35.8286 50
v -6.38157 -36.1917 50
v -4.56963 -36.4648 50
v -2.74633 -36.6472 50
v -0.916203 -36.7386 50
v 0.916203 -36.7386 50
v 2.74633 -36.6472 50
v 4.56963 -36.4648 50
v 6.38157 -36.1917 50
v 8.17764 -35.8286 50
v 9.95339 -35.3764 50
v 11.7044 -34.8363 50
v 13.4263 -34.2096 50
v 15.1148 -33.4978 50
v 16.7657 -32.7028 50
v 18.375 -31.8264 50
v 19.9386 -30.871 50
v 21.4526 -29.8387 50
v 22.9133 -28.7323 50
v 24.317 -27.5545 50
v 25.6602 -26.3081 50
v 26.9397 -24.9963 50
v 28.1521 -23.6224 50
v 29.2946 -22.1898 50
v 30.3643 -20.702 50
v 31.3584 -19.1627 50
v 32.2746 -17.5758 50
v 33.1106 -15.9452 50
v 33.8643 -14.275 50
v 34.5337 -12.5692 50
v 35.1173 -10.8323 50
v 35.6136 -9.06833 50
v 36.0213 -7.28187 50
v 36.3395 -5.4773 50
v 36.5674 -3.65912 50
v 36.7043 -1.83184 50
v 16 33.0842 24
v 15.9887 33.0896 24.5999
v 15.955 33.1059 25.1992
v 15.8987 33.133 25.7972
v 15.82 33.1706 26.3934
v 15.7187 33.2188 26.9872
v 15.5948 33.2771 27.5779
v 15.4484 33.3453 28.1649
v 15.2794 33.4231 28.7477
v 15.0877 33.51 29.3255
v 14.8734 33.6057 29.8977
v 14.6362 33.7097 30.4639
v 14.3761 33.8215 31.0235
v 14.0927 33.9405 31.5759
v 13.786 34.0662 32.1207
v 13.4557 34.198 32.657
v 13.1015 34.3353 33.1842
v 12.7231 34.4773 33.7016
v 12.3203 34.6233 34.2084
v 11.8925 34.7726 34.7037
v 11.4392 34.9243 35.1868
v 10.9601 35.0776 35.6566
v 10.4545 35.2316 36.1122
v 9.92191 35.3853 36.5521
v 9.3619 35.5375 36.9752
v 8.77391 35.6873 37.3798
v 8.15765 35.8332 37.7642
v 7.51295 35.9739 38.1264
v 6.8397 36.1079 38.4644
v 6.13766 36.2338 38.776
v 5.48201 36.3388 39.0316
v 4.87371 36.4254 39.2396
v 4.2492 36.5035 39.4254
v 3.60951 36.5723 39.5875
v 2.95577 36.6309 39.7246
v 2.28993 36.6786 39.8353
v 1.61466 36.7145 39.9183
v 0.932639 36.7382 39.9728
v 0.246573 36.7492 39.9981
v -0.440558 36.7474 39.9939
v -1.12525 36.7328 39.9604
v -1.80497 36.7056 39.8979
v -2.47727 36.6664 39.8071
v -3.13976 36.6156 39.6889
v -3.79008 36.554 39.5446
v -4.42592 36.4825 39.3757
v -5.04555 36.402 39.1836
v -5.64844 36.3133 38.9698
v -6.23386 36.2174 38.7356
v -6.80118 36.1152 38.4825
v -7.34985 36.0075 38.212
v -7.87978 35.8953 37.9251
v -8.39101 35.7792 37.6232
v -8.88363 35.6601 37.3072
v -9.35775 35.5386 36.9782
v -9.81351 35.4155 36.637
v -10.2512 35.2913 36.2847
v -10.6711 35.1666 35.9217
v -11.0734 35.042 35.549
v -11.4586 34.918 35.167
v -11.8268 34.795 34.7762
v -12.1784 34.6735 34.3772
v -12.5136 34.5539 33.9705
v -12.8325 34.4367 33.5565
v -13.1354 34.3224 33.1358
v -13.4223 34.2112 32.7087
v -13.6936 34.1035 32.2756
v -13.9493 33.9997 31.837
v -14.1895 33.9002 31.3931
v -14.4145 33.8051 30.9443
v -14.6243 33.7149 30.4908
v -14.819 33.6297 30.033
v -14.9988 33.55 29.5711
v -15.1636 33.4758 29.1053
v -15.3137 33.4074 28.6359
v -15.4488 33.3451 28.1634
v -15.5692 33.2891 27.688
v -15.6747 33.2395 27.2101
v -15.7654 33.1966 26.7301
v -15.8413 33.1605 26.2482
v -15.9024 33.1312 25.7649
v -15.9487 33.1089 25.2803
v -15.9802 33.0937 24.7949
v -15.997 33.0856 24.309
v -15.999 33.0846 23.8227
v -15.9862 33.0908 23.3367
v -15.9587 33.1041 22.8511
v -15.9164 33.1245 22.3663
v -15.8593 33.1519 21.8826
v -15.7874 33.1862 21.4003
v -15.7007 33.2273 20.9197
v -15.5992 33.275 20.4413
v -15.4829 33.3293 19.9652
v -15.3517 33.3899 19.4918
v -15.2057 33.4567 19.0215
v -15.0449 33.5293 18.5546
v -14.8691 33.6076 18.0915
v -14.6783 33.6914 17.6323
v -14.4725 33.7803 17.1774
v -14.2515 33.8741 16.7271
v -14.0152 33.9726 16.2816
v -13.7635 34.0753 15.8413
v -13.4963 34.182 15.4065
v -13.2135 34.2924 14.9776
v -12.9148 34.406 14.5551
v -12.6002 34.5224 14.1392
v -12.2694 34.6414 13.7306
v -11.9222 34.7624 13.3295
v -11.5584 34.8851 12.9364
v -11.1775 35.0089 12.5517
v -10.7795 35.1335 12.1762
v -10.364 35.2583 11.8104
v -9.93075 35.3828 11.4549
v -9.47948 35.5064 11.1105
v -9.00988 35.6284 10.778
v -8.52179 35.7483 10.4582
v -8.01508 35.8653 10.1523
v -7.48967 35.9787 9.86123
v -6.94552 36.0877 9.58612
v -6.38245 36.1915 9.32811
v -5.80077 36.2893 9.08856
v -5.20135 36.3801 8.86904
v -4.58515 36.4628 8.67106
v -3.95321 36.5368 8.49606
v -3.30659 36.6009 8.3454
v -2.64663 36.6546 8.22041
v -1.97582 36.6968 8.12246
v -1.29681 36.7271 8.05264
v -0.612303 36.7449 8.01172
v 0.0749644 36.7499 8.00018
v 0.761562 36.7421 8.01813
v 1.44448 36.7216 8.06534
v 2.12128 36.6887 8.14124
v 2.78952 36.644 8.24505
v 3.44683 36.588 8.37568
v 4.09086 36.5216 8.53181
v 4.71942 36.4457 8.71186
v 5.33149 36.3612 8.9144
v 5.92645 36.269 9.13806
v 6.50363 36.1699 9.38142
v 7.06241 36.065 9.64304
v 7.60243 35.955 9.92154
v 8.12371 35.8409 10.2158
v 8.62632 35.7232 10.5246
v 9.11035 35.6029 10.847
v 9.57592 35.4805 11.182
v 10.0232 35.3567 11.5286
v 10.4526 35.2322 11.8862
v 10.8643 35.1074 12.2541
v 11.2586 34.983 12.6314
v 11.6358 34.8593 13.0178
v 11.9962 34.7369 13.4127
v 12.3401 34.6163 13.8156
v 12.6676 34.4977 14.226
v 12.979 34.3818 14.6434
v 13.2743 34.2689 15.0674
v 13.5539 34.1593 15.4975
v 13.8178 34.0534 15.9334
v 14.0661 33.9515 16.3748
v 14.2991 33.8541 16.8213
v 14.5169 33.7612 17.2725
v 14.7195 33.6734 17.7282
v 14.9072 33.5908 18.1882
v 15.0798 33.5136 18.6522
v 15.2376 33.4422 19.1199
v 15.3805 33.3767 19.5911
v 15.5086 33.3173 20.0652
v 15.6219 33.2644 20.542
v 15.7203 33.218 21.0211
v 15.8038 33.1783 21.5023
v 15.8726 33.1455 21.9851
v 15.9266 33.1196 22.4692
v 15.9658 33.1007 22.9544
v 15.9902 33.0889 23.4403
v 15.9976 33.0854 23.7201
v 16 -33.0842 24
v 15.9887 -33.0896 24.5999
v 15.955 -33.1059 25.1992
v 15.8987 -33.133 25.7972
v 15.82 -33.1706 26.3934
v 15.7187 -33.2188 26.9872
v 15.5948 -33.2771 27.5779
v 15.4484 -33.3453 28.1649
v 15.2794 -33.4231 28.7477
v 15.0877 -33.51 29.3255
v 14.8734 -33.6057 29.8977
v 14.6362 -33.7097 30.4639
v 14.3761 -33.8215 31.0235
v 14.0927 -33.9405 31.5759
v 13.786 -34.0662 32.1207
v 13.4557 -34.198 32.657
v 13.1015 -34.3353 33.1842
v 12.7231 -34.4773 33.7016
v 12.3203 -34.6233 34.2084
v 11.8925 -34.7726 34.7037
v 11.4392 -34.9243 35.1868
v 10.9601 -35.0776 35.6566
v 10.4545 -35.2316 36.1122
v 9.92191 -35.3853 36.5521
v 9.3619 -35.5375 36.9752
v 8.77391 -35.6873 37.3798
v 8.15765 -35.8332 37.7642
v 7.51295 -35.9739 38.1264
v 6.8397 -36.1079 38.4644
v 6.13766 -36.2338 38.776
v 5.48201 -36.3388 39.0316
v 4.87371 -36.4254 39.2396
v 4.2492 -36.5035 39.4254
v 3.60951 -36.5723 39.5875
v 2.95577 -36.6309 39.7246
v 2.28993 -36.6786 39.8353
v 1.61466 -36.7145 39.9183
v 0.932639 -36.7382 39.9728
v 0.246573 -36.7492 39.9981
v -0.440558 -36.7474 39.9939
v -1.12525 -36.7328 39.9604
v -1.80497 -36.7056 39.8979
v -2.47727 -36.6664 39.8071
v -3.13976 -36.6156 39.6889
v -3.79008 -36.554 39.5446
v -4.42592 -36.4825 39.3757
v -5.04555 -36.402 39.1836
v -5.64844 -36.3133 38.9698
v -6.23386 -36.2174 38.7356
v -6.80118 -36.1152 38.4825
v -7.34985 -36.0075 38.212
v -7.87978 -35.8953 37.9251
v -8.39101 -35.7792 37.6232
v -8.88363 -35.6601 37.3072
v -9.35775 -35.5386 36.9782
v -9.81351 -35.4155 36.637
v -10.2512 -35.2913 36.2847
v -10.6711 -35.1666 35.9217
v -11.0734 -35.042 35.549
v -11.4586 -34.918 35.167
v -11.8268 -34.795 34.7762
v -12.1784 -34.6735 34.3772
v -12.5136 -34.5539 33.9705
v -12.8325 -34.4367 33.5565
v -13.1354 -34.3224 33.1358
v -13.4223 -34.2112 32.7087
v -13.6936 -34.1035 32.2756
v -13.9493 -33.9997 31.837
v -14.1895 -33.9002 31.3931
v -14.4145 -33.8051 30.9443
v -14.6243 -33.7149 30.4908
v -14.819 -33.6297 30.033
v -14.9988 -33.55 29.5711
v -15.1636 -33.4758 29.1053
v -15.3137 -33.4074 28.6359
v -15.4488 -33.3451 28.1634
v -15.5692 -33.2891 27.688
v -15.6747 -33.2395 27.2101
v -15.7654 -33.1966 26.7301
v -15.8413 -33.1605 26.2482
v -15.9024 -33.1312 25.7649
v -15.9487 -33.1089 25.2803
v -15.9802 -33.0937 24.7949
v -15.997 -33.0856 24.309
v -15.999 -33.0846 23.8227
v -15.9862 -33.0908 23.3367
v -15.9587 -33.1041 22.8511
v -15.9164 -33.1245 22.3663
v -15.8593 -33.1519 21.8826
v -15.7874 -33.1862 21.4003
v -15.7007 -33.2273 20.9197
v -15.5992 -33.275 20.4413
v -15.4829 -33.3293 19.9652
v -15.3517 -33.3899 19.4918
v -15.2057 -33.4567 19.0215
v -15.0449 -33.5293 18.5546
v -14.8691 -33.6076 18.0915
v -14.6783 -33.6914 17.6323
v -14.4725 -33.7803 17.1774
v -14.2515 -33.8741 16.7271
v -14.0152 -33.9726 16.2816
v -13.7635 -34.0753 15.8413
v -13.4963 -34.182 15.4065
v -13.2135 -34.2924 14.9776
v -12.9148 -34.406 14.5551
v -12.6002 -34.5224 14.1392
v -12.2694 -34.6414 13.7306
v -11.9222 -34.7624 13.3295
v -11.5584 -34.8851 12.9364
v -11.1775 -35.0089 12.5517
v -10.7795 -35.1335 12.1762
v -10.364 -35.2583 11.8104
v -9.93075 -35.3828 11.4549
v -9.47948 -35.5064 11.1105
v -9.00988 -35.6284 10.778
v -8.52179 -35.7483 10.4582
v -8.01508 -35.8653 10.1523
v -7.48967 -35.9787 9.86123
v -6.94552 -36.0877 9.58612
v -6.38245 -36.1915 9.32811
v -5.80076 -36.2893 9.08856
v -5.20135 -36.3801 8.86904
v -4.58515 -36.4628 8.67106
v -3.95321 -36.5368 8.49606
v -3.30659 -36.6009 8.3454
v -2.64663 -36.6546 8.22041
v -1.97582 -36.6968 8.12246
v -1.29681 -36.7271 8.05264
v -0.612303 -36.7449 8.01172
v 0.0749646 -36.7499 8.00018
v 0.761562 -36.7421 8.01813
v 1.44448 -36.7216 8.06534
v 2.12128 -36.6887 8.14124
v 2.78952 -36.644 8.24505
v 3.44683 -36.588 8.37568
v 4.09086 -36.5216 8.53181
v 4.71942 -36.4457 8.71186
v 5.33149 -36.3612 8.9144
v 5.92645 -36.269 9.13806
v 6.50363 -36.1699 9.38142
v 7.06241 -36.065 9.64304
v 7.60243 -35.955 9.92154
v 8.12371 -35.8409 10.2158
v 8.62632 -35.7232 10.5246
v 9.11035 -35.6029 10.847
v 9.57592 -35.4805 11.182
v 10.0232 -35.3567 11.5286
v 10.4526 -35.2322 11.8862
v 10.8643 -35.1074 12.2541
v 11.2586 -34.983 12.6314
v 11.6358 -34.8593 13.0178
v 11.9962 -34.7369 13.4127
v 12.3401 -34.6163 13.8156
v 12.6676 -34.4977 14.226
v 12.979 -34.3818 14.6434
v 13.2743 -34.2689 15.0674
v 13.5539 -34.1593 15.4975
v 13.8178 -34.0534 15.9334
v 14.0661 -33.9515 16.3748
v 14.2991 -33.8541 16.8213
v 14.5169 -33.7612 17.2725
v 14.7195 -33.6734 17.7282
v 14.9072 -33.5908 18.1882
v 15.0798 -33.5136 18.6522
v 15.2376 -33.4422 19.1199
v 15.3805 -33.3767 19.5911
v 15.5086 -33.3173 20.0652
v 15.6219 -33.2644 20.542
v 15.7203 -33.218 21.0211
v 15.8038 -33.1783 21.5023
v 15.8726 -33.1455 21.9851
v 15.9266 -33.1196 22.4692
v 15.9658 -33.1007 22.9544
v 15.9902 -33.0889 23.4403
v 15.9976 -33.0854 23.7201
v 16 -14 24
v 15.9801 -14 24.7975
v 15.9205 -14 25.5931
v 15.8213 -14 26.3847
v 15.6828 -14 27.1703
v 15.5052 -14 27.9481
v 15.2892 -14 28.7161
v 15.0351 -14 29.4723
v 14.7436 -14 30.215
v 14.4155 -14 30.9421
v 14.0515 -14 31.6521
v 13.6527 -14 32.343
v 13.2198 -14 33.0131
v 12.7541 -14 33.6609
v 12.2567 -14 34.2846
v 11.7288 -14 34.8828
v 11.1718 -14 35.4539
v 10.587 -14 35.9965
v 9.97584 -14 36.5093
v 9.3399 -14 36.991
v 8.68074 -14 37.4404
v 8 -14 37.8564
v 7.29937 -14 38.2379
v 6.58059 -14 38.5841
v 5.84546 -14 38.894
v 5.09579 -14 39.1668
v 4.33345 -14 39.402
v 3.56033 -14 39.5988
v 2.77837 -14 39.7569
v 1.9895 -14 39.8758
v 1.19568 -14 39.9553
v 0.398891 -14 39.995
v -0.398891 -14 39.995
v -1.19568 -14 39.9553
v -1.9895 -14 39.8758
v -2.77837 -14 39.7569
v -3.56033 -14 39.5988
v -4.33345 -14 39.402
v -5.09579 -14 39.1668
v -5.84546 -14 38.894
v -6.58059 -14 38.5841
v -7.29937 -14 38.2379
v -8 -14 37.8564
v -8.68074 -14 37.4404
v -9.3399 -14 36.991
v -9.97584 -14 36.5093
v -10.587 -14 35.9965
v -11.1718 -14 35.4539
v -11.7288 -14 34.8828
v -12.2567 -14 34.2846
v -12.7541 -14 33.6609
v -13.2198 -14 33.0131
v -13.6527 -14 32.343
v -14.0515 -14 31.6521
v -14.4155 -14 30.9421
v -14.7436 -14 30.215
v -15.0351 -14 29.4723
v -15.2892 -14 28.7161
v -15.5052 -14 27.9481
v -15.6828 -14 27.1703
v -15.8213 -14 26.3847
v -15.9205 -14 25.5931
v -15.9801 -14 24.7975
v -16 -14 24
v -15.9801 -14 23.2025
v -15.9205 -14 22.4069
v -15.8213 -14 21.6153
v -15.6828 -14 20.8297
v -15.5052 -14 20.0519
v -15.2892 -14 19.2839
v -15.0351 -14 18.5277
v -14.7436 -14 17.785
v -14.4155 -14 17.0579
v -14.0515 -14 16.3479
v -13.6527 -14 15.657
v -13.2198 -14 14.9869
v -12.7541 -14 14.3391
v -12.2567 -14 13.7154
v -11.7288 -14 13.1172
v -11.1718 -14 12.5461
v -10.587 -14 12.0035
v -9.97584 -14 11.4907
v -9.3399 -14 11.009
v -8.68074 -14 10.5596
v -8 -14 10.1436
v -7.29937 -14 9.76205
v -6.58059 -14 9.41591
v -5.84546 -14 9.10602
v -5.09579 -14 8.83316
v -4.33345 -14 8.59801
v -3.56033 -14 8.40115
v -2.77837 -14 8.24308
v -1.9895 -14 8.12417
v -1.19568 -14 8.04474
v -0.398891 -14 8.00497
v 0.398891 -14 8.00497
v 1.19568 -14 8.04474
v 1.9895 -14 8.12417
v 2.77837 -14 8.24308
v 3.56033 -14 8.40115
v 4.33345 -14 8.59801
v 5.09579 -14 8.83316
v 5.84546 -14 9.10602
v 6.58059 -14 9.41591
v 7.29937 -14 9.76205
v 8 -14 10.1436
v 8.68074 -14 10.5596
v 9.3399 -14 11.009
v 9.97584 -14 11.4907
v 10.587 -14 12.0035
v 11.1718 -14 12.5461
v 11.7288 -14 13.1172
v 12.2567 -14 13.7154
v 12.7541 -14 14.3391
v 13.2198 -14 14.9869
v 13.6527 -14 15.657
v 14.0515 -14 16.3479
v 14.4155 -14 17.0579
v 14.7436 -14 17.785
v 15.0351 -14 18.5277
v 15.2892 -14 19.2839
v 15.5052 -14 20.0519
v 15.6828 -14 20.8297
v 15.8213 -14 21.6153
v 15.9205 -14 22.4069
v 15.9801 -14 23.2025
v 11 -14 24
v 10.9863 -14 24.5483
v 10.9453 -14 25.0952
v 10.8771 -14 25.6395
v 10.7819 -14 26.1796
v 10.6599 -14 26.7143
v 10.5113 -14 27.2423
v 10.3366 -14 27.7622
v 10.1362 -14 28.2728
v 9.91066 -14 28.7727
v 9.66044 -14 29.2608
v 9.3862 -14 29.7358
v 9.08863 -14 30.1965
v 8.76846 -14 30.6418
v 8.42649 -14 31.0707
v 8.06357 -14 31.4819
v 7.6806 -14 31.8745
v 7.27854 -14 32.2476
v 6.85839 -14 32.6001
v 6.42118 -14 32.9313
v 5.96801 -14 33.2403
v 5.5 -14 33.5263
v 5.01832 -14 33.7886
v 4.52416 -14 34.0266
v 4.01875 -14 34.2396
v 3.50335 -14 34.4272
v 2.97925 -14 34.5889
v 2.44773 -14 34.7242
v 1.91013 -14 34.8329
v 1.36778 -14 34.9146
v 0.822031 -14 34.9692
v 0.274238 -14 34.9966
v -0.274238 -14 34.9966
v -0.822031 -14 34.9692
v -1.36778 -14 34.9146
v -1.91013 -14 34.8329
v -2.44773 -14 34.7242
v -2.97925 -14 34.5889
v -3.50335 -14 34.4272
v -4.01875 -14 34.2396
v -4.52416 -14 34.0266
v -5.01832 -14 33.7886
v -5.5 -14 33.5263
v -5.96801 -14 33.2403
v -6.42118 -14 32.9313
v -6.85839 -14 32.6001
v -7.27854 -14 32.2476
v -7.6806 -14 31.8745
v -8.06357 -14 31.4819
v -8.42649 -14 31.0707
v -8.76846 -14 30.6418
v -9.08863 -14 30.1965
v -9.3862 -14 29.7358
v -9.66044 -14 29.2608
v -9.91066 -14 28.7727
v -10.1362 -14 28.2728
v -10.3366 -14 27.7622
v -10.5113 -14 27.2423
v -10.6599 -14 26.7143
v -10.7819 -14 26.1796
v -10.8771 -14 25.6395
v -10.9453 -14 25.0952
v -10.9863 -14 24.5483
v -11 -14 24
v -10.9863 -14 23.4517
v -10.9453 -14 22.9048
v -10.8771 -14 22.3605
v -10.7819 -14 21.8204
v -10.6599 -14 21.2857
v -10.5113 -14 20.7577
v -10.3366 -14 20.2378
v -10.1362 -14 19.7272
v -9.91066 -14 19.2273
v -9.66044 -14 18.7392
v -9.3862 -14 18.2642
v -9.08863 -14 17.8035
v -8.76846 -14 17.3582
v -8.42649 -14 16.9293
v -8.06357 -14 16.5181
v -7.6806 -14 16.1255
v -7.27854 -14 15.7524
v -6.85839 -14 15.3999
v -6.42118 -14 15.0687
v -5.96801 -14 14.7597
v -5.5 -14 14.4737
v -5.01832 -14 14.2114
v -4.52416 -14 13.9734
v -4.01875 -14 13.7604
v -3.50335 -14 13.5728
v -2.97925 -14 13.4111
v -2.44773 -14 13.2758
v -1.91013 -14 13.1671
v -1.36778 -14 13.0854
v -0.822031 -14 13.0308
v -0.274238 -14 13.0034
v 0.274238 -14 13.0034
v 0.822031 -14 13.0308
v 1.36778 -14 13.0854
v 1.91013 -14 13.1671
v 2.44773 -14 13.2758
v 2.97925 -14 13.4111
v 3.50335 -14 13.5728
v 4.01875 -14 13.7604
v 4.52416 -14 13.9734
v 5.01832 -14 14.2114
v 5.5 -14 14.4737
v 5.96801 -14 14.7597
v 6.42118 -14 15.0687
v 6.85839 -14 15.3999
v 7.27854 -14 15.7524
v 7.6806 -14 16.1255
v 8.06357 -14 16.5181
v 8.42649 -14 16.9293
v 8.76846 -14 17.3582
v 9.08863 -14 17.8035
v 9.3862 -14 18.2642
v 9.66044 -14 18.7392
v 9.91066 -14 19.2273
v 10.1362 -14 19.7272
v 10.3366 -14 20.2378
v 10.5113 -14 20.7577
v 10.6599 -14 21.2857
v 10.7819 -14 21.8204
v 10.8771 -14 22.3605
v 10.9453 -14 22.9048
v 10.9863 -14 23.4517
v 16 14 24
v 15.9801 14 24.7975
v 15.9205 14 25.5931
v 15.8213 14 26.3847
v 15.6828 14 27.1703
v 15.5052 14 27.9481
v 15.2892 14 28.7161
v 15.0351 14 29.4723
v 14.7436 14 30.215
v 14.4155 14 30.9421
v 14.0515 14 31.6521
v 13.6527 14 32.343
v 13.2198 14 33.0131
v 12.7541 14 33.6609
v 12.2567 14 34.2846
v 11.7288 14 34.8828
v 11.1718 14 35.4539
v 10.587 14 35.9965
v 9.97584 14 36.5093
v 9.3399 14 36.991
v 8.68074 14 37.4404
v 8 14 37.8564
v 7.29937 14 38.2379
v 6.58059 14 38.5841
v 5.84546 14 38.894
v 5.09579 14 39.1668
v 4.33345 14 39.402
v 3.56033 14 39.5988
v 2.77837 14 39.7569
v 1.9895 14 39.8758
v 1.19568 14 39.9553
v 0.398891 14 39.995
v -0.398891 14 39.995
v -1.19568 14 39.9553
v -1.9895 14 39.8758
v -2.77837 14 39.7569
v -3.56033 14 39.5988
v -4.33345 14 39.402
v -5.09579 14 39.1668
v -5.84546 14 38.894
v -6.58059 14 38.5841
v -7.29937 14 38.2379
v -8 14 37.8564
v -8.68074 14 37.4404
v -9.3399 14 36.991
v -9.97584 14 36.5093
v -10.587 14 35.9965
v -11.1718 14 35.4539
v -11.7288 14 34.8828
v -12.2567 14 34.2846
v -12.7541 14 33.6609
v -13.2198 14 33.0131
v -13.6527 14 32.343
v -14.0515 14 31.6521
v -14.4155 14 30.9421
v -14.7436 14 30.215
v -15.0351 14 29.4723
v -15.2892 14 28.7161
v -15.5052 14 27.9481
v -15.6828 14 27.1703
v -15.8213 14 26.3847
v -15.9205 14 25.5931
v -15.9801 14 24.7975
v -16 14 24
v -15.9801 14 23.2025
v -15.9205 14 22.4069
v -15.8213 14 21.6153
v -15.6828 14 20.8297
v -15.5052 14 20.0519
v -15.2892 14 19.2839
v -15.0351 14 18.5277
v -14.7436 14 17.785
v -14.4155 14 17.0579
v -14.0515 14 16.3479
v -13.6527 14 15.657
v -13.2198 14 14.9869
v -12.7541 14 14.3391
v -12.2567 14 13.7154
v -11.7288 14 13.1172
v -11.1718 14 12.5461
v -10.587 14 12.0035
v -9.97584 14 11.4907
v -9.3399 14 11.009
v -8.68074 14 10.5596
v -8 14 10.1436
v -7.29937 14 9.76205
v -6.58059 14 9.41591
v -5.84546 14 9.10602
v -5.09579 14 8.83316
v -4.33345 14 8.59801
v -3.56033 14 8.40115
v -2.77837 14 8.24308
v -1.9895 14 8.12417
v -1.19568 14 8.04474
v -0.398891 14 8.00497
v 0.398891 14 8.00497
v 1.19568 14 8.04474
v 1.9895 14 8.12417
v 2.77837 14 8.24308
v 3.56033 14 8.40115
v 4.33345 14 8.59801
v 5.09579 14 8.83316
v 5.84546 14 9.10602
v 6.58059 14 9.41591
v 7.29937 14 9.76205
v 8 14 10.1436
v 8.68074 14 10.5596
v 9.3399 14 11.009
v 9.97584 14 11.4907
v 10.587 14 12.0035
v 11.1718 14 12.5461
v 11.7288 14 13.1172
v 12.2567 14 13.7154
v 12.7541 14 14.3391
v 13.2198 14 14.9869
v 13.6527 14 15.657
v 14.0515 14 16.3479
v 14.4155 14 17.0579
v 14.7436 14 17.785
v 15.0351 14 18.5277
v 15.2892 14 19.2839
v 15.5052 14 20.0519
v 15.6828 14 20.8297
v 15.8213 14 21.6153
v 15.9205 14 22.4069
v 15.9801 14 23.2025
v 11 14 24
v 10.9863 14 24.5483
v 10.9453 14 25.0952
v 10.8771 14 25.6395
v 10.7819 14 26.1796
v 10.6599 14 26.7143
v 10.5113 14 27.2423
v 10.3366 14 27.7622
v 10.1362 14 28.2728
v 9.91066 14 28.7727
v 9.66044 14 29.2608
v 9.3862 14 29.7358
v 9.08863 14 30.1965
v 8.76846 14 30.6418
v 8.42649 14 31.0707
v 8.06357 14 31.4819
v 7.6806 14 31.8745
v 7.27854 14 32.2476
v 6.85839 14 32.6001
v 6.42118 14 32.9313
v 5.96801 14 33.2403
v 5.5 14 33.5263
v 5.01832 14 33.7886
v 4.52416 14 34.0266
v 4.01875 14 34.2396
v 3.50335 14 34.4272
v 2.97925 14 34.5889
v 2.44773 14 34.7242
v 1.91013 14 34.8329
v 1.36778 14 34.9146
v 0.822031 14 34.9692
v 0.274238 14 34.9966
v -0.274238 14 34.9966
v -0.822031 14 34.9692
v -1.36778 14 34.9146
v -1.91013 14 34.8329
v -2.44773 14 34.7242
v -2.97925 14 34.5889
v -3.50335 14 34.4272
v -4.01875 14 34.2396
v -4.52416 14 34.0266
v -5.01832 14 33.7886
v -5.5 14 33.5263
v -5.96801 14 33.2403
v -6.42118 14 32.9313
v -6.85839 14 32.6001
v -7.27854 14 32.2476
v -7.6806 14 31.8745
v -8.06357 14 31.4819
v -8.42649 14 31.0707
v -8.76846 14 30.6418
v -9.08863 14 30.1965
v -9.3862 14 29.7358
v -9.66044 14 29.2608
v -9.91066 14 28.7727
v -10.1362 14 28.2728
v -10.3366 14 27.7622
v -10.5113 14 27.2423
v -10.6599 14 26.7143
v -10.7819 14 26.1796
v -10.8771 14 25.6395
v -10.9453 14 25.0952
v -10.9863 14 24.5483
v -11 14 24
v -10.9863 14 23.4517
v -10.9453 14 22.9048
v -10.8771 14 22.3605
v -10.7819 14 21.8204
v -10.6599 14 21.2857
v -10.5113 14 20.7577
v -10.3366 14 20.2378
v -10.1362 14 19.7272
v -9.91066 14 19.2273
v -9.66044 14 18.7392
v -9.3862 14 18.2642
v -9.08863 14 17.8035
v -8.76846 14 17.3582
v -8.42649 14 16.9293
v -8.06357 14 16.5181
v -7.6806 14 16.1255
v -7.27854 14 15.7524
v -6.85839 14 15.3999
v -6.42118 14 15.0687
v -5.96801 14 14.7597
v -5.5 14 14.4737
v -5.01832 14 14.2114
v -4.52416 14 13.9734
v -4.01875 14 13.7604
v -3.50335 14 13.5728
v -2.97925 14 13.4111
v -2.44773 14 13.2758
v -1.91013 14 13.1671
v -1.36778 14 13.0854
v -0.822031 14 13.0308
v -0.274238 14 13.0034
v 0.274238 14 13.0034
v 0.822031 14 13.0308
v 1.36778 14 13.0854
v 1.91013 14 13.1671
v 2.44773 14 13.2758
v 2.97925 14 13.4111
v 3.50335 14 13.5728
v 4.01875 14 13.7604
v 4.52416 14 13.9734
v 5.01832 14 14.2114
v 5.5 14 14.4737
v 5.96801 14 14.7597
v 6.42118 14 15.0687
v 6.85839 14 15.3999
v 7.27854 14 15.7524
v 7.6806 14 16.1255
v 8.06357 14 16.5181
v 8.42649 14 16.9293
v 8.76846 14 17.3582
v 9.08863 14 17.8035
v 9.3862 14 18.2642
v 9.66044 14 18.7392
v 9.91066 14 19.2273
v 10.1362 14 19.7272
v 10.3366 14 20.2378
v 10.5113 14 20.7577
v 10.6599 14 21.2857
v 10.7819 14 21.8204
v 10.8771 14 22.3605
v 10.9453 14 22.9048
v 10.9863 14 23.4517
v 36.75 -9.00115e-15 50
v 36.7043 1.83184 50
v 36.5674 3.65912 50
v 36.3395 5.4773 50
v 36.0213 7.28187 50
v 35.6136 9.06833 50
v 35.1173 10.8323 50
v 34.5337 12.5692 50
v 33.8643 14.275 50
v 33.1106 15.9452 50
v 32.2746 17.5758 50
v 31.3584 19.1627 50
v 30.3643 20.702 50
v 29.2946 22.1898 50
v 28.1521 23.6224 50
v 26.9397 24.9963 50
v 25.6602 26.3081 50
v 24.317 27.5545 50
v 22.9133 28.7323 50
v 21.4526 29.8387 50
v 19.9386 30.871 50
v 18.375 31.8264 50
v 16.7657 32.7028 50
v 15.1148 33.4978 50
v 13.4263 34.2096 50
v 11.7044 34.8363 50
v 9.95339 35.3764 50
v 8.17764 35.8286 50
v 6.38157 36.1917 50
v 4.56963 36.4648 50
v 2.74633 36.6472 50
v 0.916203 36.7386 50
v -0.916203 36.7386 50
v -2.74633 36.6472 50
v -4.56963 36.4648 50
v -6.38157 36.1917 50
v -8.17764 35.8286 50
v -9.95339 35.3764 50
v -11.7044 34.8363 50
v -13.4263 34.2096 50
v -15.1148 33.4978 50
v -16.7657 32.7028 50
v -18.375 31.8264 50
v -19.9386 30.871 50
v -21.4526 29.8387 50
v -22.9133 28.7323 50
v -24.317 27.5545 50
v -25.6602 26.3081 50
v -26.9397 24.9963 50
v -28.1521 23.6224 50
v -29.2946 22.1898 50
v -30.3643 20.702 50
v -31.3584 19.1627 50
v -32.2746 17.5758 50
v -33.1106 15.9452 50
v -33.8643 14.275 50
v -34.5337 12.5692 50
v -35.1173 10.8323 50
v -35.6136 9.06833 50
v -36.0213 7.28187 50
v -36.3395 5.4773 50
v -36.5674 3.65912 50
v -36.7043 1.83184 50
v -36.75 -1.26062e-13 50
v -36.7043 -1.83184 50
v -36.5674 -3.65912 50
v -36.3395 -5.4773 50
v -36.0213 -7.28187 50
v -35.6136 -9.06833 50
v -35.1173 -10.8323 50
v -34.5337 -12.5692 50
v -33.8643 -14.275 50
v -33.1106 -15.9452 50
v -32.2746 -17.5758 50
v -31.3584 -19.1627 50
v -30.3643 -20.702 50
v -29.2946 -22.1898 50
v -28.1521 -23.6224 50
v -26.9397 -24.9963 50
v -25.6602 -26.3081 50
v -24.317 -27.5545 50
v -22.9133 -28.7323 50
v -21.4526 -29.8387 50
v -19.9386 -30.871 50
v -18.375 -31.8264 50
v -16.7657 -32.7028 50
v -15.1148 -33.4978 50
v -13.4263 -34.2096 50
v -11.7044 -34.8363 50
v -9.95339 -35.3764 50
v -8.17764 -35.8286 50
v -6.38157 -36.1917 50
v -4.56963 -36.4648 50
v -2.74633 -36.6472 50
v -0.916203 -36.7386 50
v 0.916203 -36.7386 50
v 2.74633 -36.6472 50
v 4.56963 -36.4648 50
v 6.38157 -36.1917 50
v 8.17764 -35.8286 50
v 9.95339 -35.3764 50
v 11.7044 -34.8363 50
v 13.4263 -34.2096 50
v 15.1148 -33.4978 50
v 16.7657 -32.7028 50
v 18.375 -31.8264 50
v 19.9386 -30.871 50
v 21.4526 -29.8387 50
v 22.9133 -28.7323 50
v 24.317 -27.5545 50
v 25.6602 -26.3081 50
v 26.9397 -24.9963 50
v 28.1521 -23.6224 50
v 29.2946 -22.1898 50
v 30.3643 -20.702 50
v 31.3584 -19.1627 50
v 32.2746 -17.5758 50
v 33.1106 -15.9452 50
v 33.8643 -14.275 50
v 34.5337 -12.5692 50
v 35.1173 -10.8323 50
v 35.6136 -9.06833 50
v 36.0213 -7.28187 50
v 36.3395 -5.4773 50
v 36.5674 -3.65912 50
v 36.7043 -1.83184 50
v 16 33.0842 24
v 16 14 24
v 16 14 24
v 15.9801 14 24.7975
v 15.9205 14 25.5931
v 15.8213 14 26.3847
v 15.6828 14 27.1703
v 15.5052 14 27.9481
v 15.2892 14 28.7161
v 15.0351 14 29.4723
v 14.7436 14 30.215
v 14.4155 14 30.9421
v 14.0515 14 31.6521
v 13.6527 14 32.343
v 13.2198 14 33.0131
v 12.7541 14 33.6609
v 12.2567 14 34.2846
v 11.7288 14 34.8828
v 11.1718 14 35.4539
v 10.587 14 35.9965
v 9.97584 14 36.5093
v 9.3399 14 36.991
v 8.68074 14 37.4404
v 8 14 37.8564
v 7.29937 14 38.2379
v 6.58059 14 38.5841
v 5.84546 14 38.894
v 5.09579 14 39.1668
v 4.33345 14 39.402
v 3.56033 14 39.5988
v 2.77837 14 39.7569
v 1.9895 14 39.8758
v 1.19568 14 39.9553
v 0.398891 14 39.995
v -0.398891 14 39.995
v -1.19568 14 39.9553
v -1.9895 14 39.8758
v -2.77837 14 39.7569
v -3.56033 14 39.5988
v -4.33345 14 39.402
v -5.09579 14 39.1668
v -5.84546 14 38.894
v -6.58059 14 38.5841
v -7.29937 14 38.2379
v -8 14 37.8564
v -8.68074 14 37.4404
v -9.3399 14 36.991
v -9.97584 14 36.5093
v -10.587 14 35.9965
v -11.1718 14 35.4539
v -11.7288 14 34.8828
v -12.2567 14 34.2846
v -12.7541 14 33.6609
v -13.2198 14 33.0131
v -13.6527 14 32.343
v -14.0515 14 31.6521
v -14.4155 14 30.9421
v -14.7436 14 30.215
v -15.0351 14 29.4723
v -15.2892 14 28.7161
v -15.5052 14 27.9481
v -15.6828 14 27.1703
v -15.8213 14 26.3847
v -15.9205 14 25.5931
v -15.9801 14 24.7975
v -16 14 24
v -15.9801 14 23.2025
v -15.9205 14 22.4069
v -15.8213 14 21.6153
v -15.6828 14 20.8297
v -15.5052 14 20.0519
v -15.2892 14 19.2839
v -15.0351 14 18.5277
v -14.7436 14 17.785
v -14.4155 14 17.0579
v -14.0515 14 16.3479
v -13.6527 14 15.657
v -13.2198 14 14.9869
v -12.7541 14 14.3391
v -12.2567 14 13.7154
v -11.7288 14 13.1172
v -11.1718 14 12.5461
v -10.587 14 12.0035
v -9.97584 14 11.4907
v -9.3399 14 11.009
v -8.68074 14 10.5596
v -8 14 10.1436
v -7.29937 14 9.76205
v -6.58059 14 9.41591
v -5.84546 14 9.10602
v -5.09579 14 8.83316
v -4.33345 14 8.59801
v -3.56033 14 8.40115
v -2.77837 14 8.24308
v -1.9895 14 8.12417
v -1.19568 14 8.04474
v -0.398891 14 8.00497
v 0.398891 14 8.00497
v 1.19568 14 8.04474
v 1.9895 14 8.12417
v 2.77837 14 8.24308
v 3.56033 14 8.40115
v 4.33345 14 8.59801
v 5.09579 14 8.83316
v 5.84546 14 9.10602
v 6.58059 14 9.41591
v 7.29937 14 9.76205
v 8 14 10.1436
v 8.68074 14 10.5596
v 9.3399 14 11.009
v 9.97584 14 11.4907
v 10.587 14 12.0035
v 11.1718 14 12.5461
v 11.7288 14 13.1172
v 12.2567 14 13.7154
v 12.7541 14 14.3391
v 13.2198 14 14.9869
v 13.6527 14 15.657
v 14.0515 14 16.3479
v 14.4155 14 17.0579
v 14.7436 14 17.785
v 15.0351 14 18.5277
v 15.2892 14 19.2839
v 15.5052 14 20.0519
v 15.6828 14 20.8297
v 15.8213 14 21.6153
v 15.9205 14 22.4069
v 15.9801 14 23.2025
v 16 33.0842 24
v 15.9887 33.0896 24.5999
v 15.955 33.1059 25.1992
v 15.8987 33.133 25.7972
v 15.82 33.1706 26.3934
v 15.7187 33.2188 26.9872
v 15.5948 33.2771 27.5779
v 15.4484 33.3453 28.1649
v 15.2794 33.4231 28.7477
v 15.0877 33.51 29.3255
v 14.8734 33.6057 29.8977
v 14.6362 33.7097 30.4639
v 14.3761 33.8215 31.0235
v 14.0927 33.9405 31.5759
v 13.786 34.0662 32.1207
v 13.4557 34.198 32.657
v 13.1015 34.3353 33.1842
v 12.7231 34.4773 33.7016
v 12.3203 34.6233 34.2084
v 11.8925 34.7726 34.7037
v 11.4392 34.9243 35.1868
v 10.9601 35.0776 35.6566
v 10.4545 35.2316 36.1122
v 9.92191 35.3853 36.5521
v 9.3619 35.5375 36.9752
v 8.77391 35.6873 37.3798
v 8.15765 35.8332 37.7642
v 7.51295 35.9739 38.1264
v 6.8397 36.1079 38.4644
v 6.13766 36.2338 38.776
v 5.48201 36.3388 39.0316
v 4.87371 36.4254 39.2396
v 4.2492 36.5035 39.4254
v 3.60951 36.5723 39.5875
v 2.95577 36.6309 39.7246
v 2.28993 36.6786 39.8353
v 1.61466 36.7145 39.9183
v 0.932639 36.7382 39.9728
v 0.246573 36.7492 39.9981
v -0.440558 36.7474 39.9939
v -1.12525 36.7328 39.9604
v -1.80497 36.7056 39.8979
v -2.47727 36.6664 39.8071
v -3.13976 36.6156 39.6889
v -3.79008 36.554 39.5446
v -4.42592 36.4825 39.3757
v -5.04555 36.402 39.1836
v -5.64844 36.3133 38.9698
v -6.23386 36.2174 38.7356
v -6.80118 36.1152 38.4825
v -7.34985 36.0075 38.212
v -7.87978 35.8953 37.9251
v -8.39101 35.7792 37.6232
v -8.88363 35.6601 37.3072
v -9.35775 35.5386 36.9782
v -9.81351 35.4155 36.637
v -10.2512 35.2913 36.2847
v -10.6711 35.1666 35.9217
v -11.0734 35.042 35.549
v -11.4586 34.918 35.167
v -11.8268 34.795 34.7762
v -12.1784 34.6735 34.3772
v -12.5136 34.5539 33.9705
v -12.8325 34.4367 33.5565
v -13.1354 34.3224 33.1358
v -13.4223 34.2112 32.7087
v -13.6936 34.1035 32.2756
v -13.9493 33.9997 31.837
v -14.1895 33.9002 31.3931
v -14.4145 33.8051 30.9443
v -14.6243 33.7149 30.4908
v -14.819 33.6297 30.033
v -14.9988 33.55 29.5711
v -15.1636 33.4758 29.1053
v -15.3137 33.4074 28.6359
v -15.4488 33.3451 28.1634
v -15.5692 33.2891 27.688
v -15.6747 33.2395 27.2101
v -15.7654 33.1966 26.7301
v -15.8413 33.1605 26.2482
v -15.9024 33.1312 25.7649
v -15.9487 33.1089 25.2803
v -15.9802 33.0937 24.7949
v -15.997 33.0856 24.309
v -15.999 33.0846 23.8227
v -15.9862 33.0908 23.3367
v -15.9587 33.1041 22.8511
v -15.9164 33.1245 22.3663
v -15.8593 33.1519 21.8826
v -15.7874 33.1862 21.4003
v -15.7007 33.2273 20.9197
v -15.5992 33.275 20.4413
v -15.4829 33.3293 19.9652
v -15.3517 33.3899 19.4918
v -15.2057 33.4567 19.0215
v -15.0449 33.5293 18.5546
v -14.8691 33.6076 18.0915
v -14.6783 33.6914 17.6323
v -14.4725 33.7803 17.1774
v -14.2515 33.8741 16.7271
v -14.0152 33.9726 16.2816
v -13.7635 34.0753 15.8413
v -13.4963 34.182 15.4065
v -13.2135 34.2924 14.9776
v -12.9148 34.406 14.5551
v -12.6002 34.5224 14.1392
v -12.2694 34.6414 13.7306
v -11.9222 34.7624 13.3295
v -11.5584 34.8851 12.9364
v -11.1775 35.0089 12.5517
v -10.7795 35.1335 12.1762
v -10.364 35.2583 11.8104
v -9.93075 35.3828 11.4549
v -9.47948 35.5064 11.1105
v -9.00988 35.6284 10.778
v -8.52179 35.7483 10.4582
v -8.01508 35.8653 10.1523
v -7.48967 35.9787 9.86123
v -6.94552 36.0877 9.58612
v -6.38245 36.1915 9.32811
v -5.80077 36.2893 9.08856
v -5.20135 36.3801 8.86904
v -4.58515 36.4628 8.67106
v -3.95321 36.5368 8.49606
v -3.30659 36.6009 8.3454
v -2.64663 36.6546 8.22041
v -1.97582 36.6968 8.12246
v -1.29681 36.7271 8.05264
v -0.612303 36.7449 8.01172
v 0.0749644 36.7499 8.00018
v 0.761562 36.7421 8.01813
v 1.44448 36.7216 8.06534
v 2.12128 36.6887 8.14124
v 2.78952 36.644 8.24505
v 3.44683 36.588 8.37568
v 4.09086 36.5216 8.53181
v 4.71942 36.4457 8.71186
v 5.33149 36.3612 8.9144
v 5.92645 36.269 9.13806
v 6.50363 36.1699 9.38142
v 7.06241 36.065 9.64304
v 7.60243 35.955 9.92154
v 8.12371 35.8409 10.2158
v 8.62632 35.7232 10.5246
v 9.11035 35.6029 10.847
v 9.57592 35.4805 11.182
v 10.0232 35.3567 11.5286
v 10.4526 35.2322 11.8862
v 10.8643 35.1074 12.2541
v 11.2586 34.983 12.6314
v 11.6358 34.8593 13.0178
v 11.9962 34.7369 13.4127
v 12.3401 34.6163 13.8156
v 12.6676 34.4977 14.226
v 12.979 34.3818 14.6434
v 13.2743 34.2689 15.0674
v 13.5539 34.1593 15.4975
v 13.8178 34.0534 15.9334
v 14.0661 33.9515 16.3748
v 14.2991 33.8541 16.8213
v 14.5169 33.7612 17.2725
v 14.7195 33.6734 17.7282
v 14.9072 33.5908 18.1882
v 15.0798 33.5136 18.6522
v 15.2376 33.4422 19.1199
v 15.3805 33.3767 19.5911
v 15.5086 33.3173 20.0652
v 15.6219 33.2644 20.542
v 15.7203 33.218 21.0211
v 15.8038 33.1783 21.5023
v 15.8726 33.1455 21.9851
v 15.9266 33.1196 22.4692
v 15.9658 33.1007 22.9544
v 15.9902 33.0889 23.4403
v 15.9976 33.0854 23.7201
v 16 -33.0842 24
v 15.9887 -33.0896 24.5999
v 15.955 -33.1059 25.1992
v 15.8987 -33.133 25.7972
v 15.82 -33.1706 26.3934
v 15.7187 -33.2188 26.9872
v 15.5948 -33.2771 27.5779
v 15.4484 -33.3453 28.1649
v 15.2794 -33.4231 28.7477
v 15.0877 -33.51 29.3255
v 14.8734 -33.6057 29.8977
v 14.6362 -33.7097 30.4639
v 14.3761 -33.8215 31.0235
v 14.0927 -33.9405 31.5759
v 13.786 -34.0662 32.1207
v 13.4557 -34.198 32.657
v 13.1015 -34.3353 33.1842
v 12.7231 -34.4773 33.7016
v 12.3203 -34.6233 34.2084
v 11.8925 -34.7726 34.7037
v 11.4392 -34.9243 35.1868
v 10.9601 -35.0776 35.6566
v 10.4545 -35.2316 36.1122
v 9.92191 -35.3853 36.5521
v 9.3619 -35.5375 36.9752
v 8.77391 -35.6873 37.3798
v 8.15765 -35.8332 37.7642
v 7.51295 -35.9739 38.1264
v 6.8397 -36.1079 38.4644
v 6.13766 -36.2338 38.776
v 5.48201 -36.3388 39.0316
v 4.87371 -36.4254 39.2396
v 4.2492 -36.5035 39.4254
v 3.60951 -36.5723 39.5875
v 2.95577 -36.6309 39.7246
v 2.28993 -36.6786 39.8353
v 1.61466 -36.7145 39.9183
v 0.932639 -36.7382 39.9728
v 0.246573 -36.7492 39.9981
v -0.440558 -36.7474 39.9939
v -1.12525 -36.7328 39.9604
v -1.80497 -36.7056 39.8979
v -2.47727 -36.6664 39.8071
v -3.13976 -36.6156 39.6889
v -3.79008 -36.554 39.5446
v -4.42592 -36.4825 39.3757
v -5.04555 -36.402 39.1836
v -5.64844 -36.3133 38.9698
v -6.23386 -36.2174 38.7356
v -6.80118 -36.1152 38.4825
v -7.34985 -36.0075 38.212
v -7.87978 -35.8953 37.9251
v -8.39101 -35.7792 37.6232
v -8.88363 -35.6601 37.3072
v -9.35775 -35.5386 36.9782
v -9.81351 -35.4155 36.637
v -10.2512 -35.2913 36.2847
v -10.6711 -35.1666 35.9217
v -11.0734 -35.042 35.549
v -11.4586 -34.918 35.167
v -11.8268 -34.795 34.7762
v -12.1784 -34.6735 34.3772
v -12.5136 -34.5539 33.9705
v -12.8325 -34.4367 33.5565
v -13.1354 -34.3224 33.1358
v -13.4223 -34.2112 32.7087
v -13.6936 -34.1035 32.2756
v -13.9493 -33.9997 31.837
v -14.1895 -33.9002 31.3931
v -14.4145 -33.8051 30.9443
v -14.6243 -33.7149 30.4908
v -14.819 -33.6297 30.033
v -14.9988 -33.55 29.5711
v -15.1636 -33.4758 29.1053
v -15.3137 -33.4074 28.6359
v -15.4488 -33.3451 28.1634
v -15.5692 -33.2891 27.688
v -15.6747 -33.2395 27.2101
v -15.7654 -33.1966 26.7301
v -15.8413 -33.1605 26.2482
v -15.9024 -33.1312 25.7649
v -15.9487 -33.1089 25.2803
v -15.9802 -33.0937 24.7949
v -15.997 -33.0856 24.309
v -15.999 -33.0846 23.8227
v -15.9862 -33.0908 23.3367
v -15.9587 -33.1041 22.8511
v -15.9164 -33.1245 22.3663
v -15.8593 -33.1519 21.8826
v -15.7874 -33.1862 21.4003
v -15.7007 -33.2273 20.9197
v -15.5992 -33.275 20.4413
v -15.4829 -33.3293 19.9652
v -15.3517 -33.3899 19.4918
v -15.2057 -33.4567 19.0215
v -15.0449 -33.5293 18.5546
v -14.8691 -33.6076 18.0915
v -14.6783 -33.6914 17.6323
v -14.4725 -33.7803 17.1774
v -14.2515 -33.8741 16.7271
v -14.0152 -33.9726 16.2816
v -13.7635 -34.0753 15.8413
v -13.4963 -34.182 15.4065
v -13.2135 -34.2924 14.9776
v -12.9148 -34.406 14.5551
v -12.6002 -34.5224 14.1392
v -12.2694 -34.6414 13.7306
v -11.9222 -34.7624 13.3295
v -11.5584 -34.8851 12.9364
v -11.1775 -35.0089 12.5517
v -10.7795 -35.1335 12.1762
v -10.364 -35.2583 11.8104
v -9.93075 -35.3828 11.4549
v -9.47948 -35.5064 11.1105
v -9.00988 -35.6284 10.778
v -8.52179 -35.7483 10.4582
v -8.01508 -35.8653 10.1523
v -7.48967 -35.9787 9.86123
v -6.94552 -36.0877 9.58612
v -6.38245 -36.1915 9.32811
v -5.80076 -36.2893 9.08856
v -5.20135 -36.3801 8.86904
v -4.58515 -36.4628 8.67106
v -3.95321 -36.5368 8.49606
v -3.30659 -36.6009 8.3454
v -2.64663 -36.6546 8.22041
v -1.97582 -36.6968 8.12246
v -1.29681 -36.7271 8.05264
v -0.612303 -36.7449 8.01172
v 0.0749646 -36.7499 8.00018
v 0.761562 -36.7421 8.01813
v 1.44448 -36.7216 8.06534
v 2.12128 -36.6887 8.14124
v 2.78952 -36.644 8.24505
v 3.44683 -36.588 8.37568
v 4.09086 -36.5216 8.53181
v 4.71942 -36.4457 8.71186
v 5.33149 -36.3612 8.9144
v 5.92645 -36.269 9.13806
v 6.50363 -36.1699 9.38142
v 7.06241 -36.065 9.64304
v 7.60243 -35.955 9.92154
v 8.12371 -35.8409 10.2158
v 8.62632 -35.7232 10.5246
v 9.11035 -35.6029 10.847
v 9.57592 -35.4805 11.182
v 10.0232 -35.3567 11.5286
v 10.4526 -35.2322 11.8862
v 10.8643 -35.1074 12.2541
v 11.2586 -34.983 12.6314
v 11.6358 -34.8593 13.0178
v 11.9962 -34.7369 13.4127
v 12.3401 -34.6163 13.8156
v 12.6676 -34.4977 14.226
v 12.979 -34.3818 14.6434
v 13.2743 -34.2689 15.0674
v 13.5539 -34.1593 15.4975
v 13.8178 -34.0534 15.9334
v 14.0661 -33.9515 16.3748
v 14.2991 -33.8541 16.8213
v 14.5169 -33.7612 17.2725
v 14.7195 -33.6734 17.7282
v 14.9072 -33.5908 18.1882
v 15.0798 -33.5136 18.6522
v 15.2376 -33.4422 19.1199
v 15.3805 -33.3767 19.5911
v 15.5086 -33.3173 20.0652
v 15.6219 -33.2644 20.542
v 15.7203 -33.218 21.0211
v 15.8038 -33.1783 21.5023
v 15.8726 -33.1455 21.9851
v 15.9266 -33.1196 22.4692
v 15.9658 -33.1007 22.9544
v 15.9902 -33.0889 23.4403
v 15.9976 -33.0854 23.7201
v 16 -33.0842 24
v 16 -14 24
v 15.9801 -14 24.7975
v 15.9205 -14 25.5931
v 15.8213 -14 26.3847
v 15.6828 -14 27.1703
v 15.5052 -14 27.9481
v 15.2892 -14 28.7161
v 15.0351 -14 29.4723
v 14.7436 -14 30.215
v 14.4155 -14 30.9421
v 14.0515 -14 31.6521
v 13.6527 -14 32.343
v 13.2198 -14 33.0131
v 12.7541 -14 33.6609
v 12.2567 -14 34.2846
v 11.7288 -14 34.8828
v 11.1718 -14 35.4539
v 10.587 -14 35.9965
v 9.97584 -14 36.5093
v 9.3399 -14 36.991
v 8.68074 -14 37.4404
v 8 -14 37.8564
v 7.29937 -14 38.2379
v 6.58059 -14 38.5841
v 5.84546 -14 38.894
v 5.09579 -14 39.1668
v 4.33345 -14 39.402
v 3.56033 -14 39.5988
v 2.77837 -14 39.7569
v 1.9895 -14 39.8758
v 1.19568 -14 39.9553
v 0.398891 -14 39.995
v -0.398891 -14 39.995
v -1.19568 -14 39.9553
v -1.9895 -14 39.8758
v -2.77837 -14 39.7569
v -3.56033 -14 39.5988
v -4.33345 -14 39.402
v -5.09579 -14 39.1668
v -5.84546 -14 38.894
v -6.58059 -14 38.5841
v -7.29937 -14 38.2379
v -8 -14 37.8564
v -8.68074 -14 37.4404
v -9.3399 -14 36.991
v -9.97584 -14 36.5093
v -10.587 -14 35.9965
v -11.1718 -14 35.4539
v -11.7288 -14 34.8828
v -12.2567 -14 34.2846
v -12.7541 -14 33.6609
v -13.2198 -14 33.0131
v -13.6527 -14 32.343
v -14.0515 -14 31.6521
v -14.4155 -14 30.9421
v -14.7436 -14 30.215
v -15.0351 -14 29.4723
v -15.2892 -14 28.7161
v -15.5052 -14 27.9481
v -15.6828 -14 27.1703
v -15.8213 -14 26.3847
v -15.9205 -14 25.5931
v -15.9801 -14 24.7975
v -16 -14 24
v -15.9801 -14 23.2025
v -15.9205 -14 22.4069
v -15.8213 -14 21.6153
v -15.6828 -14 20.8297
v -15.5052 -14 20.0519
v -15.2892 -14 19.2839
v -15.0351 -14 18.5277
v -14.7436 -14 17.785
v -14.4155 -14 17.0579
v -14.0515 -14 16.3479
v -13.6527 -14 15.657
v -13.2198 -14 14.9869
v -12.7541 -14 14.3391
v -12.2567 -14 13.7154
v -11.7288 -14 13.1172
v -11.1718 -14 12.5461
v -10.587 -14 12.0035
v -9.97584 -14 11.4907
v -9.3399 -14 11.009
v -8.68074 -14 10.5596
v -8 -14 10.1436
v -7.29937 -14 9.76205
v -6.58059 -14 9.41591
v -5.84546 -14 9.10602
v -5.09579 -14 8.83316
v -4.33345 -14 8.59801
v -3.56033 -14 8.40115
v -2.77837 -14 8.24308
v -1.9895 -14 8.12417
v -1.19568 -14 8.04474
v -0.398891 -14 8.00497
v 0.398891 -14 8.00497
v 1.19568 -14 8.04474
v 1.9895 -14 8.12417
v 2.77837 -14 8.24308
v 3.56033 -14 8.40115
v 4.33345 -14 8.59801
v 5.09579 -14 8.83316
v 5.84546 -14 9.10602
v 6.58059 -14 9.41591
v 7.29937 -14 9.76205
v 8 -14 10.1436
v 8.68074 -14 10.5596
v 9.3399 -14 11.009
v 9.97584 -14 11.4907
v 10.587 -14 12.0035
v 11.1718 -14 12.5461
v 11.7288 -14 13.1172
v 12.2567 -14 13.7154
v 12.7541 -14 14.3391
v 13.2198 -14 14.9869
v 13.6527 -14 15.657
v 14.0515 -14 16.3479
v 14.4155 -14 17.0579
v 14.7436 -14 17.785
v 15.0351 -14 18.5277
v 15.2892 -14 19.2839
v 15.5052 -14 20.0519
v 15.6828 -14 20.8297
v 15.8213 -14 21.6153
v 15.9205 -14 22.4069
v 15.9801 -14 23.2025
v 16 -14 24
v 10.95 -42 24
v 10.9364 -42 24.5458
v 10.8956 -42 25.0903
v 10.8277 -42 25.632
v 10.7329 -42 26.1697
v 10.6114 -42 26.702
v 10.4635 -42 27.2276
v 10.2896 -42 27.7451
v 10.0902 -42 28.2534
v 9.86561 -42 28.751
v 9.61653 -42 29.2369
v 9.34354 -42 29.7097
v 9.04731 -42 30.1684
v 8.7286 -42 30.6117
v 8.38819 -42 31.0385
v 8.02692 -42 31.4479
v 7.64569 -42 31.8387
v 7.24546 -42 32.2101
v 6.82721 -42 32.5611
v 6.39199 -42 32.8907
v 5.94088 -42 33.1983
v 5.475 -42 33.483
v 4.99551 -42 33.7441
v 4.50359 -42 33.981
v 4.00048 -42 34.1931
v 3.48743 -42 34.3798
v 2.9657 -42 34.5407
v 2.4366 -42 34.6755
v 1.90145 -42 34.7836
v 1.36156 -42 34.865
v 0.818295 -42 34.9194
v 0.272991 -42 34.9466
v -0.272991 -42 34.9466
v -0.818295 -42 34.9194
v -1.36156 -42 34.865
v -1.90145 -42 34.7836
v -2.4366 -42 34.6755
v -2.9657 -42 34.5407
v -3.48743 -42 34.3798
v -4.00048 -42 34.1931
v -4.50359 -42 33.981
v -4.99551 -42 33.7441
v -5.475 -42 33.483
v -5.94088 -42 33.1983
v -6.39199 -42 32.8907
v -6.82721 -42 32.5611
v -7.24546 -42 32.2101
v -7.64569 -42 31.8387
v -8.02692 -42 31.4479
v -8.38819 -42 31.0385
v -8.7286 -42 30.6117
v -9.04731 -42 30.1684
v -9.34354 -42 29.7097
v -9.61653 -42 29.2369
v -9.86561 -42 28.751
v -10.0902 -42 28.2534
v -10.2896 -42 27.7451
v -10.4635 -42 27.2276
v -10.6114 -42 26.702
v -10.7329 -42 26.1697
v -10.8277 -42 25.632
v -10.8956 -42 25.0903
v -10.9364 -42 24.5458
v -10.95 -42 24
v -10.9364 -42 23.4542
v -10.8956 -42 22.9097
v -10.8277 -42 22.368
v -10.7329 -42 21.8303
v -10.6114 -42 21.298
v -10.4635 -42 20.7724
v -10.2896 -42 20.2549
v -10.0902 -42 19.7466
v -9.86561 -42 19.249
v -9.61653 -42 18.7631
v -9.34354 -42 18.2903
v -9.04731 -42 17.8316
v -8.7286 -42 17.3883
v -8.38819 -42 16.9615
v -8.02692 -42 16.5521
v -7.64569 -42 16.1613
v -7.24546 -42 15.7899
v -6.82721 -42 15.4389
v -6.39199 -42 15.1093
v -5.94088 -42 14.8017
v -5.475 -42 14.517
v -4.99551 -42 14.2559
v -4.50359 -42 14.019
v -4.00048 -42 13.8069
v -3.48743 -42 13.6202
v -2.9657 -42 13.4593
v -2.4366 -42 13.3245
v -1.90145 -42 13.2164
v -1.36156 -42 13.135
v -0.818295 -42 13.0806
v -0.272991 -42 13.0534
v 0.272991 -42 13.0534
v 0.818295 -42 13.0806
v 1.36156 -42 13.135
v 1.90145 -42 13.2164
v 2.4366 -42 13.3245
v 2.9657 -42 13.4593
v 3.48743 -42 13.6202
v 4.00048 -42 13.8069
v 4.50359 -42 14.019
v 4.99551 -42 14.2559
v 5.475 -42 14.517
v 5.94088 -42 14.8017
v 6.39199 -42 15.1093
v 6.82721 -42 15.4389
v 7.24546 -42 15.7899
v 7.64569 -42 16.1613
v 8.02692 -42 16.5521
v 8.38819 -42 16.9615
v 8.7286 -42 17.3883
v 9.04731 -42 17.8316
v 9.34354 -42 18.2903
v 9.61653 -42 18.7631
v 9.86561 -42 19.249
v 10.0902 -42 19.7466
v 10.2896 -42 20.2549
v 10.4635 -42 20.7724
v 10.6114 -42 21.298
v 10.7329 -42 21.8303
v 10.8277 -42 22.368
v 10.8956 -42 22.9097
v 10.9364 -42 23.4542
v 10.95 -42 24
v 10.95 42 24
v 10.9364 42 24.5458
v 10.8956 42 25.0903
v 10.8277 42 25.632
v 10.7329 42 26.1697
v 10.6114 42 26.702
v 10.4635 42 27.2276
v 10.2896 42 27.7451
v 10.0902 42 28.2534
v 9.86561 42 28.751
v 9.61653 42 29.2369
v 9.34354 42 29.7097
v 9.04731 42 30.1684
v 8.7286 42 30.6117
v 8.38819 42 31.0385
v 8.02692 42 31.4479
v 7.64569 42 31.8387
v 7.24546 42 32.2101
v 6.82721 42 32.5611
v 6.39199 42 32.8907
v 5.94088 42 33.1983
v 5.475 42 33.483
v 4.99551 42 33.7441
v 4.50359 42 33.981
v 4.00048 42 34.1931
v 3.48743 42 34.3798
v 2.9657 42 34.5407
v 2.4366 42 34.6755
v 1.90145 42 34.7836
v 1.36156 42 34.865
v 0.818295 42 34.9194
v 0.272991 42 34.9466
v -0.272991 42 34.9466
v -0.818295 42 34.9194
v -1.36156 42 34.865
v -1.90145 42 34.7836
v -2.4366 42 34.6755
v -2.9657 42 34.5407
v -3.48743 42 34.3798
v -4.00048 42 34.1931
v -4.50359 42 33.981
v -4.99551 42 33.7441
v -5.475 42 33.483
v -5.94088 42 33.1983
v -6.39199 42 32.8907
v -6.82721 42 32.5611
v -7.24546 42 32.2101
v -7.64569 42 31.8387
v -8.02692 42 31.4479
v -8.38819 42 31.0385
v -8.7286 42 30.6117
v -9.04731 42 30.1684
v -9.34354 42 29.7097
v -9.61653 42 29.2369
v -9.86561 42 28.751
v -10.0902 42 28.2534
v -10.2896 42 27.7451
v -10.4635 42 27.2276
v -10.6114 42 26.702
v -10.7329 42 26.1697
v -10.8277 42 25.632
v -10.8956 42 25.0903
v -10.9364 42 24.5458
v -10.95 42 24
v -10.9364 42 23.4542
v -10.8956 42 22.9097
v -10.8277 42 22.368
v -10.7329 42 21.8303
v -10.6114 42 21.298
v -10.4635 42 20.7724
v -10.2896 42 20.2549
v -10.0902 42 19.7466
v -9.86561 42 19.249
v -9.61653 42 18.7631
v -9.34354 42 18.2903
v -9.04731 42 17.8316
v -8.7286 42 17.3883
v -8.38819 42 16.9615
v -8.02692 42 16.5521
v -7.64569 42 16.1613
v -7.24546 42 15.7899
v -6.82721 42 15.4389
v -6.39199 42 15.1093
v -5.94088 42 14.8017
v -5.475 42 14.517
v -4.99551 42 14.2559
v -4.50359 42 14.019
v -4.00048 42 13.8069
v -3.48743 42 13.6202
v -2.9657 42 13.4593
v -2.4366 42 13.3245
v -1.90145 42 13.2164
v -1.36156 42 13.135
v -0.818295 42 13.0806
v -0.272991 42 13.0534
v 0.272991 42 13.0534
v 0.818295 42 13.0806
v 1.36156 42 13.135
v 1.90145 42 13.2164
v 2.4366 42 13.3245
v 2.9657 42 13.4593
v 3.48743 42 13.6202
v 4.00048 42 13.8069
v 4.50359 42 14.019
v 4.99551 42 14.2559
v 5.475 42 14.517
v 5.94088 42 14.8017
v 6.39199 42 15.1093
v 6.82721 42 15.4389
v 7.24546 42 15.7899
v 7.64569 42 16.1613
v 8.02692 42 16.5521
v 8.38819 42 16.9615
v 8.7286 42 17.3883
v 9.04731 42 17.8316
v 9.34354 42 18.2903
v 9.61653 42 18.7631
v 9.86561 42 19.249
v 10.0902 42 19.7466
v 10.2896 42 20.2549
v 10.4635 42 20.7724
v 10.6114 42 21.298
v 10.7329 42 21.8303
v 10.8277 42 22.368
v 10.8956 42 22.9097
v 10.9364 42 23.4542
v 10.95 42 24
v 10.95 -42 24
v 10.9364 -42 24.5458
v 10.8956 -42 25.0903
v 10.8277 -42 25.632
v 10.7329 -42 26.1697
v 10.6114 -42 26.702
v 10.4635 -42 27.2276
v 10.2896 -42 27.7451
v 10.0902 -42 28.2534
v 9.86561 -42 28.751
v 9.61653 -42 29.2369
v 9.34354 -42 29.7097
v 9.04731 -42 30.1684
v 8.7286 -42 30.6117
v 8.38819 -42 31.0385
v 8.02692 -42 31.4479
v 7.64569 -42 31.8387
v 7.24546 -42 32.2101
v 6.82721 -42 32.5611
v 6.39199 -42 32.8907
v 5.94088 -42 33.1983
v 5.475 -42 33.483
v 4.99551 -42 33.7441
v 4.50359 -42 33.981
v 4.00048 -42 34.1931
v 3.48743 -42 34.3798
v 2.9657 -42 34.5407
v 2.4366 -42 34.6755
v 1.90145 -42 34.7836
v 1.36156 -42 34.865
v 0.818295 -42 34.9194
v 0.272991 -42 34.9466
v -0.272991 -42 34.9466
v -0.818295 -42 34.9194
v -1.36156 -42 34.865
v -1.90145 -42 34.7836
v -2.4366 -42 34.6755
v -2.9657 -42 34.5407
v -3.48743 -42 34.3798
v -4.00048 -42 34.1931
v -4.50359 -42 33.981
v -4.99551 -42 33.7441
v -5.475 -42 33.483
v -5.94088 -42 33.1983
v -6.39199 -42 32.8907
v -6.82721 -42 32.5611
v -7.24546 -42 32.2101
v -7.64569 -42 31.8387
v -8.02692 -42 31.4479
v -8.38819 -42 31.0385
v -8.7286 -42 30.6117
v -9.04731 -42 30.1684
v -9.34354 -42 29.7097
v -9.61653 -42 29.2369
v -9.86561 -42 28.751
v -10.0902 -42 28.2534
v -10.2896 -42 27.7451
v -10.4635 -42 27.2276
v -10.6114 -42 26.702
v -10.7329 -42 26.1697
v -10.8277 -42 25.632
v -10.8956 -42 25.0903
v -10.9364 -42 24.5458
v -10.95 -42 24
v -10.9364 -42 23.4542
v -10.8956 -42 22.9097
v -10.8277 -42 22.368
v -10.7329 -42 21.8303
v -10.6114 -42 21.298
v -10.4635 -42 20.7724
v -10.2896 -42 20.2549
v -10.0902 -42 19.7466
v -9.86561 -42 19.249
v -9.61653 -42 18.7631
v -9.34354 -42 18.2903
v -9.04731 -42 17.8316
v -8.7286 -42 17.3883
v -8.38819 -42 16.9615
v -8.02692 -42 16.5521
v -7.64569 -42 16.1613
v -7.24546 -42 15.7899
v -6.82721 -42 15.4389
v -6.39199 -42 15.1093
v -5.94088 -42 14.8017
v -5.475 -42 14.517
v -4.99551 -42 14.2559
v -4.50359 -42 14.019
v -4.00048 -42 13.8069
v -3.48743 -42 13.6202
v -2.9657 -42 13.4593
v -2.4366 -42 13.3245
v -1.90145 -42 13.2164
v -1.36156 -42 13.135
v -0.818295 -42 13.0806
v -0.272991 -42 13.0534
v 0.272991 -42 13.0534
v 0.818295 -42 13.0806
v 1.36156 -42 13.135
v 1.90145 -42 13.2164
v 2.4366 -42 13.3245
v 2.9657 -42 13.4593
v 3.48743 -42 13.6202
v 4.00048 -42 13.8069
v 4.50359 -42 14.019
v 4.99551 -42 14.2559
v 5.475 -42 14.517
v 5.94088 -42 14.8017
v 6.39199 -42 15.1093
v 6.82721 -42 15.4389
v 7.24546 -42 15.7899
v 7.64569 -42 16.1613
v 8.02692 -42 16.5521
v 8.38819 -42 16.9615
v 8.7286 -42 17.3883
v 9.04731 -42 17.8316
v 9.34354 -42 18.2903
v 9.61653 -42 18.7631
v 9.86561 -42 19.249
v 10.0902 -42 19.7466
v 10.2896 -42 20.2549
v 10.4635 -42 20.7724
v 10.6114 -42 21.298
v 10.7329 -42 21.8303
v 10.8277 -42 22.368
v 10.8956 -42 22.9097
v 10.9364 -42 23.4542
v 10.95 42 24
v 10.9364 42 24.5458
v 10.8956 42 25.0903
v 10.8277 42 25.632
v 10.7329 42 26.1697
v 10.6114 42 26.702
v 10.4635 42 27.2276
v 10.2896 42 27.7451
v 10.0902 42 28.2534
v 9.86561 42 28.751
v 9.61653 42 29.2369
v 9.34354 42 29.7097
v 9.04731 42 30.1684
v 8.7286 42 30.6117
v 8.38819 42 31.0385
v 8.02692 42 31.4479
v 7.64569 42 31.8387
v 7.24546 42 32.2101
v 6.82721 42 32.5611
v 6.39199 42 32.8907
v 5.94088 42 33.1983
v 5.475 42 33.483
v 4.99551 42 33.7441
v 4.50359 42 33.981
v 4.00048 42 34.1931
v 3.48743 42 34.3798
v 2.9657 42 34.5407
v 2.4366 42 34.6755
v 1.90145 42 34.7836
v 1.36156 42 34.865
v 0.818295 42 34.9194
v 0.272991 42 34.9466
v -0.272991 42 34.9466
v -0.818295 42 34.9194
v -1.36156 42 34.865
v -1.90145 42 34.7836
v -2.4366 42 34.6755
v -2.9657 42 34.5407
v -3.48743 42 34.3798
v -4.00048 42 34.1931
v -4.50359 42 33.981
v -4.99551 42 33.7441
v -5.475 42 33.483
v -5.94088 42 33.1983
v -6.39199 42 32.8907
v -6.82721 42 32.5611
v -7.24546 42 32.2101
v -7.64569 42 31.8387
v -8.02692 42 31.4479
v -8.38819 42 31.0385
v -8.7286 42 30.6117
v -9.04731 42 30.1684
v -9.34354 42 29.7097
v -9.61653 42 29.2369
v -9.86561 42 28.751
v -10.0902 42 28.2534
v -10.2896 42 27.7451
v -10.4635 42 27.2276
v -10.6114 42 26.702
v -10.7329 42 26.1697
v -10.8277 42 25.632
v -10.8956 42 25.0903
v -10.9364 42 24.5458
v -10.95 42 24
v -10.9364 42 23.4542
v -10.8956 42 22.9097
v -10.8277 42 22.368
v -10.7329 42 21.8303
v -10.6114 42 21.298
v -10.4635 42 20.7724
v -10.2896 42 20.2549
v -10.0902 42 19.7466
v -9.86561 42 19.249
v -9.61653 42 18.7631
v -9.34354 42 18.2903
v -9.04731 42 17.8316
v -8.7286 42 17.3883
v -8.38819 42 16.9615
v -8.02692 42 16.5521
v -7.64569 42 16.1613
v -7.24546 42 15.7899
v -6.82721 42 15.4389
v -6.39199 42 15.1093
v -5.94088 42 14.8017
v -5.475 42 14.517
v -4.99551 42 14.2559
v -4.50359 42 14.019
v -4.00048 42 13.8069
v -3.48743 42 13.6202
v -2.9657 42 13.4593
v -2.4366 42 13.3245
v -1.90145 42 13.2164
v -1.36156 42 13.135
v -0.818295 42 13.0806
v -0.272991 42 13.0534
v 0.272991 42 13.0534
v 0.818295 42 13.0806
v 1.36156 42 13.135
v 1.90145 42 13.2164
v 2.4366 42 13.3245
v 2.9657 42 13.4593
v 3.48743 42 13.6202
v 4.00048 42 13.8069
v 4.50359 42 14.019
v 4.99551 42 14.2559
v 5.475 42 14.517
v 5.94088 42 14.8017
v 6.39199 42 15.1093
v 6.82721 42 15.4389
v 7.24546 42 15.7899
v 7.64569 42 16.1613
v 8.02692 42 16.5521
v 8.38819 42 16.9615
v 8.7286 42 17.3883
v 9.04731 42 17.8316
v 9.34354 42 18.2903
v 9.61653 42 18.7631
v 9.86561 42 19.249
v 10.0902 42 19.7466
v 10.2896 42 20.2549
v 10.4635 42 20.7724
v 10.6114 42 21.298
v 10.7329 42 21.8303
v 10.8277 42 22.368
v 10.8956 42 22.9097
v 10.9364 42 23.4542
v 19.2819 11 -135.324
v 19.2819 2.31725 -135.324
v 20.3321 11 -136.442
v 21.4362 11 -137.507
v 22.5917 11 -138.515
v 23.7956 11 -139.465
v 25.0451 11 -140.355
v 26.337 11 -141.182
v 27.6682 11 -141.943
v 29.0355 11 -142.638
v 30.4355 11 -143.265
v 31.8647 11 -143.821
v 33.3197 11 -144.306
v 34.797 11 -144.719
v 36.2928 11 -145.058
v 37.8035 11 -145.322
v 39.3255 11 -145.512
v 40.855 11 -145.626
v 42.3883 11 -145.664
v 43.9216 11 -145.627
v 45.4512 11 -145.513
v 46.9732 11 -145.324
v 48.4841 11 -145.06
v 49.98 11 -144.722
v 51.4574 11 -144.31
v 52.9126 11 -143.825
v 54.3421 11 -143.269
v 55.7423 11 -142.643
v 57.1098 11 -141.949
v 58.4413 11 -141.187
v 59.7335 11 -140.361
v 60.9833 11 -139.472
v 62.1875 11 -138.522
v 63.3434 11 -137.514
v 64.4479 11 -136.45
v 65.4984 11 -135.333
v 66.4924 11 -134.164
v 67.4274 11 -132.949
v 68.3012 11 -131.688
v 69.1115 11 -130.386
v 69.8564 11 -129.045
v 70.5341 11 -127.669
v 71.1429 11 -126.261
v 71.6813 11 -124.825
v 72.148 11 -123.364
v 72.5419 11 -121.882
v 72.862 11 -120.382
v 73.1075 11 -118.868
v 73.1075 2.31725 -118.868
v 73.0805 2.17461 -119.061
v 73.0561 2.03843 -119.228
v 73.0343 1.90935 -119.372
v 73.0129 1.77392 -119.51
v 72.994 1.64648 -119.627
v 72.9776 1.52722 -119.727
v 72.9619 1.40356 -119.821
v 72.9484 1.28853 -119.901
v 72.937 1.18207 -119.967
v 72.9262 1.07294 -120.029
v 72.9163 0.961246 -120.085
v 72.9081 0.858632 -120.131
v 72.9015 0.764713 -120.168
v 72.8955 0.66943 -120.201
v 72.8902 0.572907 -120.23
v 72.8857 0.475282 -120.254
v 72.8821 0.376734 -120.274
v 72.8792 0.277446 -120.29
v 72.8772 0.177607 -120.3
v 72.8761 0.077405 -120.306
v 72.8759 -0.0229677 -120.308
v 72.8765 -0.123287 -120.304
v 72.878 -0.223348 -120.296
v 72.8804 -0.322959 -120.283
v 72.8837 -0.421932 -120.266
v 72.8877 -0.520081 -120.243
v 72.8925 -0.617223 -120.217
v 72.8981 -0.713193 -120.186
v 72.9044 -0.807869 -120.151
v 72.9114 -0.901126 -120.112
v 72.919 -0.992851 -120.07
v 72.9272 -1.08295 -120.023
v 72.9359 -1.17135 -119.974
v 72.945 -1.25801 -119.92
v 72.9546 -1.34287 -119.864
v 72.9646 -1.42588 -119.805
v 72.975 -1.50699 -119.743
v 72.9856 -1.58621 -119.679
v 72.9965 -1.66355 -119.612
v 73.0076 -1.73903 -119.543
v 73.0227 -1.83681 -119.447
v 73.0399 -1.94294 -119.336
v 73.0573 -2.04507 -119.22
v 73.0748 -2.14327 -119.101
v 73.0912 -2.23191 -118.986
v 73.1075 -2.31725 -118.868
v 73.1075 -11 -118.868
v 72.862 -11 -120.382
v 72.5419 -11 -121.882
v 72.148 -11 -123.364
v 71.6813 -11 -124.825
v 71.1429 -11 -126.261
v 70.5341 -11 -127.669
v 69.8564 -11 -129.045
v 69.1115 -11 -130.386
v 68.3012 -11 -131.688
v 67.4274 -11 -132.949
v 66.4924 -11 -134.164
v 65.4984 -11 -135.333
v 64.4479 -11 -136.45
v 63.3434 -11 -137.514
v 62.1875 -11 -138.522
v 60.9833 -11 -139.472
v 59.7335 -11 -140.361
v 58.4413 -11 -141.187
v 57.1098 -11 -141.949
v 55.7423 -11 -142.643
v 54.3421 -11 -143.269
v 52.9126 -11 -143.825
v 51.4574 -11 -144.31
v 49.98 -11 -144.722
v 48.4841 -11 -145.06
v 46.9732 -11 -145.324
v 45.4512 -11 -145.513
v 43.9216 -11 -145.627
v 42.3883 -11 -145.664
v 40.855 -11 -145.626
v 39.3255 -11 -145.512
v 37.8035 -11 -145.322
v 36.2928 -11 -145.058
v 34.797 -11 -144.719
v 33.3197 -11 -144.306
v 31.8647 -11 -143.821
v 30.4355 -11 -143.265
v 29.0355 -11 -142.638
v 27.6682 -11 -141.943
v 26.337 -11 -141.182
v 25.0451 -11 -140.355
v 23.7956 -11 -139.465
v 22.5917 -11 -138.515
v 21.4362 -11 -137.507
v 20.3321 -11 -136.442
v 19.2819 -11 -135.324
v 19.2819 -2.31725 -135.324
v 19.4121 -2.17461 -135.469
v 19.5257 -2.03843 -135.594
v 19.6244 -1.90935 -135.701
v 19.7192 -1.77392 -135.803
v 19.8005 -1.64648 -135.89
v 19.8701 -1.52722 -135.964
v 19.9358 -1.40356 -136.033
v 19.9913 -1.28853 -136.091
v 20.0379 -1.18207 -136.14
v 20.0812 -1.07294 -136.185
v 20.1209 -0.961246 -136.226
v 20.1532 -0.858632 -136.259
v 20.1795 -0.764713 -136.286
v 20.2029 -0.66943 -136.31
v 20.2234 -0.572907 -136.331
v 20.2408 -0.475282 -136.349
v 20.2551 -0.376734 -136.364
v 20.2661 -0.277446 -136.375
v 20.2738 -0.177607 -136.383
v 20.2781 -0.077405 -136.387
v 20.279 0.0229677 -136.388
v 20.2765 0.123287 -136.386
v 20.2707 0.223348 -136.38
v 20.2615 0.322959 -136.37
v 20.249 0.421932 -136.358
v 20.2333 0.520081 -136.342
v 20.2144 0.617223 -136.322
v 20.1926 0.713193 -136.3
v 20.1678 0.807869 -136.274
v 20.1403 0.901126 -136.246
v 20.1101 0.992851 -136.215
v 20.0775 1.08295 -136.181
v 20.0424 1.17135 -136.145
v 20.0051 1.25801 -136.106
v 19.9657 1.34287 -136.065
v 19.9244 1.42588 -136.021
v 19.8812 1.50699 -135.976
v 19.8364 1.58621 -135.928
v 19.79 1.66355 -135.879
v 19.7422 1.73903 -135.828
v 19.6763 1.83681 -135.757
v 19.5995 1.94294 -135.674
v 19.5204 2.04507 -135.588
v 19.4391 2.14327 -135.499
v 19.3612 2.23191 -135.413
v 19.2819 -11 -135.324
v 7.94254 -11 -138.791
v 19.2819 -2.31725 -135.324
v 15.593 4.5 -136.452
v 15.3794 4.49445 -136.517
v 15.1663 4.47782 -136.583
v 14.9542 4.45015 -136.647
v 14.7438 4.41151 -136.712
v 14.5354 4.36199 -136.775
v 14.3296 4.30172 -136.838
v 14.127 4.23084 -136.9
v 13.928 4.14952 -136.961
v 13.733 4.05798 -137.021
v 13.5427 3.95643 -137.079
v 13.3574 3.84513 -137.136
v 13.1776 3.72434 -137.19
v 13.0038 3.59438 -137.244
v 12.8364 3.45555 -137.295
v 12.6757 3.3082 -137.344
v 12.5223 3.15269 -137.391
v 12.3764 2.98941 -137.435
v 12.2385 2.81876 -137.478
v 12.1088 2.64116 -137.517
v 11.9877 2.45705 -137.554
v 11.8755 2.26688 -137.589
v 11.7725 2.07112 -137.62
v 11.6789 1.87025 -137.649
v 11.5949 1.66477 -137.674
v 11.5208 1.45519 -137.697
v 11.4568 1.24202 -137.717
v 11.4029 1.02579 -137.733
v 11.3594 0.807025 -137.746
v 11.3263 0.586273 -137.757
v 11.3037 0.364076 -137.763
v 11.2917 0.140981 -137.767
v 11.2903 -0.082462 -137.767
v 11.2995 -0.305701 -137.765
v 11.3194 -0.528187 -137.759
v 11.3497 -0.74937 -137.749
v 11.3905 -0.968706 -137.737
v 11.4417 -1.18565 -137.721
v 11.5031 -1.39968 -137.702
v 11.5746 -1.61025 -137.681
v 11.6559 -1.81685 -137.656
v 11.747 -2.01897 -137.628
v 11.8476 -2.21612 -137.597
v 11.9574 -2.4078 -137.564
v 12.0762 -2.59354 -137.527
v 12.2037 -2.77289 -137.488
v 12.3395 -2.94541 -137.447
v 12.4833 -3.11066 -137.403
v 12.6348 -3.26824 -137.356
v 12.7936 -3.41776 -137.308
v 12.9593 -3.55885 -137.257
v 13.1315 -3.69117 -137.205
v 13.3098 -3.81439 -137.15
v 13.4936 -3.92821 -137.094
v 13.6827 -4.03234 -137.036
v 13.8765 -4.12653 -136.977
v 14.0745 -4.21054 -136.916
v 14.2762 -4.28417 -136.855
v 14.4812 -4.34724 -136.792
v 14.689 -4.39959 -136.728
v 14.8989 -4.44109 -136.664
v 15.1106 -4.47164 -136.6
v 15.3235 -4.49117 -136.534
v 15.537 -4.49962 -136.469
v 15.7507 -4.49698 -136.404
v 15.9639 -4.48325 -136.339
v 16.1763 -4.45847 -136.274
v 16.3872 -4.42269 -136.209
v 16.5962 -4.37601 -136.145
v 16.8027 -4.31854 -136.082
v 17.0062 -4.25042 -136.02
v 17.2062 -4.17182 -135.959
v 17.4023 -4.08294 -135.899
v 17.5939 -3.98399 -135.84
v 17.7805 -3.87521 -135.783
v 17.9618 -3.75688 -135.728
v 18.1372 -3.62929 -135.674
v 18.3064 -3.49275 -135.622
v 18.4688 -3.3476 -135.573
v 18.6242 -3.19419 -135.525
v 18.7721 -3.03291 -135.48
v 18.9121 -2.86415 -135.437
v 19.044 -2.68833 -135.397
v 19.1674 -2.50588 -135.359
v 19.2819 2.31725 -135.324
v 19.1689 2.50356 -135.359
v 19.0472 2.68386 -135.396
v 18.9172 2.8577 -135.436
v 18.7793 3.02466 -135.478
v 18.6336 3.18436 -135.522
v 18.4807 3.3364 -135.569
v 18.3208 3.48041 -135.618
v 18.1544 3.61606 -135.669
v 17.9818 3.74302 -135.722
v 17.8035 3.86097 -135.776
v 17.6198 3.96964 -135.832
v 17.4313 4.06876 -135.89
v 17.2383 4.1581 -135.949
v 17.0414 4.23744 -136.009
v 16.841 4.3066 -136.07
v 16.6376 4.3654 -136.133
v 16.4317 4.4137 -136.196
v 16.2238 4.45139 -136.259
v 16.0144 4.47837 -136.323
v 15.8039 4.49459 -136.388
v 19.2819 11 -135.324
v 7.94254 11 -138.791
v 7.99131 4.5 -111.588
v 7.77769 4.49445 -111.653
v 7.5646 4.47782 -111.719
v 7.35256 4.45015 -111.783
v 7.1421 4.41151 -111.848
v 6.93373 4.36199 -111.911
v 6.72797 4.30172 -111.974
v 6.52532 4.23084 -112.036
v 6.32629 4.14952 -112.097
v 6.13136 4.05798 -112.157
v 5.94102 3.95643 -112.215
v 5.75573 3.84513 -112.272
v 5.57595 3.72434 -112.327
v 5.40214 3.59438 -112.38
v 5.2347 3.45555 -112.431
v 5.07406 3.3082 -112.48
v 4.92062 3.15269 -112.527
v 4.77474 2.98941 -112.572
v 4.6368 2.81876 -112.614
v 4.50712 2.64116 -112.653
v 4.38604 2.45705 -112.69
v 4.27385 2.26688 -112.725
v 4.17082 2.07112 -112.756
v 4.07721 1.87025 -112.785
v 3.99326 1.66477 -112.81
v 3.91916 1.45519 -112.833
v 3.8551 1.24202 -112.853
v 3.80124 1.02579 -112.869
v 3.75771 0.807025 -112.882
v 3.72462 0.586273 -112.893
v 3.70205 0.364076 -112.899
v 3.69005 0.140981 -112.903
v 3.68866 -0.082462 -112.904
v 3.69788 -0.305701 -112.901
v 3.71769 -0.528187 -112.895
v 3.74803 -0.74937 -112.885
v 3.78883 -0.968706 -112.873
v 3.84 -1.18565 -112.857
v 3.9014 -1.39968 -112.839
v 3.97289 -1.61025 -112.817
v 4.05428 -1.81685 -112.792
v 4.14538 -2.01897 -112.764
v 4.24596 -2.21612 -112.733
v 4.35578 -2.4078 -112.7
v 4.47456 -2.59354 -112.663
v 4.60202 -2.77289 -112.624
v 4.73783 -2.94541 -112.583
v 4.88166 -3.11066 -112.539
v 5.03316 -3.26824 -112.493
v 5.19195 -3.41776 -112.444
v 5.35764 -3.55885 -112.393
v 5.52983 -3.69117 -112.341
v 5.70809 -3.81439 -112.286
v 5.89197 -3.92821 -112.23
v 6.08104 -4.03234 -112.172
v 6.27481 -4.12653 -112.113
v 6.47281 -4.21054 -112.052
v 6.67456 -4.28417 -111.991
v 6.87956 -4.34724 -111.928
v 7.0873 -4.39959 -111.865
v 7.29726 -4.44109 -111.8
v 7.50894 -4.47164 -111.736
v 7.7218 -4.49117 -111.671
v 7.93534 -4.49962 -111.605
v 8.149 -4.49698 -111.54
v 8.36228 -4.48325 -111.475
v 8.57465 -4.45847 -111.41
v 8.78558 -4.42269 -111.345
v 8.99455 -4.37601 -111.281
v 9.20104 -4.31854 -111.218
v 9.40455 -4.25042 -111.156
v 9.60458 -4.17182 -111.095
v 9.80063 -4.08294 -111.035
v 9.99222 -3.98399 -110.976
v 10.1789 -3.87521 -110.919
v 10.3601 -3.75688 -110.864
v 10.5356 -3.62929 -110.81
v 10.7047 -3.49275 -110.759
v 10.8672 -3.3476 -110.709
v 11.0225 -3.19419 -110.661
v 11.1704 -3.03291 -110.616
v 11.3105 -2.86415 -110.573
v 11.4424 -2.68833 -110.533
v 11.5657 -2.50588 -110.495
v 11.6803 -2.31725 -110.46
v 15.593 4.5 -136.452
v 15.3794 4.49445 -136.517
v 15.1663 4.47782 -136.583
v 14.9542 4.45015 -136.647
v 14.7438 4.41151 -136.712
v 14.5354 4.36199 -136.775
v 14.3296 4.30172 -136.838
v 14.127 4.23084 -136.9
v 13.928 4.14952 -136.961
v 13.733 4.05798 -137.021
v 13.5427 3.95643 -137.079
v 13.3574 3.84513 -137.136
v 13.1776 3.72434 -137.19
v 13.0038 3.59438 -137.244
v 12.8364 3.45555 -137.295
v 12.6757 3.3082 -137.344
v 12.5223 3.15269 -137.391
v 12.3764 2.98941 -137.435
v 12.2385 2.81876 -137.478
v 12.1088 2.64116 -137.517
v 11.9877 2.45705 -137.554
v 11.8755 2.26688 -137.589
v 11.7725 2.07112 -137.62
v 11.6789 1.87025 -137.649
v 11.5949 1.66477 -137.674
v 11.5208 1.45519 -137.697
v 11.4568 1.24202 -137.717
v 11.4029 1.02579 -137.733
v 11.3594 0.807025 -137.746
v 11.3263 0.586273 -137.757
v 11.3037 0.364076 -137.763
v 11.2917 0.140981 -137.767
v 11.2903 -0.082462 -137.767
v 11.2995 -0.305701 -137.765
v 11.3194 -0.528187 -137.759
v 11.3497 -0.74937 -137.749
v 11.3905 -0.968706 -137.737
v 11.4417 -1.18565 -137.721
v 11.5031 -1.39968 -137.702
v 11.5746 -1.61025 -137.681
v 11.6559 -1.81685 -137.656
v 11.747 -2.01897 -137.628
v 11.8476 -2.21612 -137.597
v 11.9574 -2.4078 -137.564
v 12.0762 -2.59354 -137.527
v 12.2037 -2.77289 -137.488
v 12.3395 -2.94541 -137.447
v 12.4833 -3.11066 -137.403
v 12.6348 -3.26824 -137.356
v 12.7936 -3.41776 -137.308
v 12.9593 -3.55885 -137.257
v 13.1315 -3.69117 -137.205
v 13.3098 -3.81439 -137.15
v 13.4936 -3.92821 -137.094
v 13.6827 -4.03234 -137.036
v 13.8765 -4.12653 -136.977
v 14.0745 -4.21054 -136.916
v 14.2762 -4.28417 -136.855
v 14.4812 -4.34724 -136.792
v 14.689 -4.39959 -136.728
v 14.8989 -4.44109 -136.664
v 15.1106 -4.47164 -136.6
v 15.3235 -4.49117 -136.534
v 15.537 -4.49962 -136.469
v 15.7507 -4.49698 -136.404
v 15.9639 -4.48325 -136.339
v 16.1763 -4.45847 -136.274
v 16.3872 -4.42269 -136.209
v 16.5962 -4.37601 -136.145
v 16.8027 -4.31854 -136.082
v 17.0062 -4.25042 -136.02
v 17.2062 -4.17182 -135.959
v 17.4023 -4.08294 -135.899
v 17.5939 -3.98399 -135.84
v 17.7805 -3.87521 -135.783
v 17.9618 -3.75688 -135.728
v 18.1372 -3.62929 -135.674
v 18.3064 -3.49275 -135.622
v 18.4688 -3.3476 -135.573
v 18.6242 -3.19419 -135.525
v 18.7721 -3.03291 -135.48
v 18.9121 -2.86415 -135.437
v 19.044 -2.68833 -135.397
v 19.1674 -2.50588 -135.359
v 19.2819 -2.31725 -135.324
v 19.4121 -2.17461 -135.469
v 19.5257 -2.03843 -135.594
v 19.6244 -1.90935 -135.701
v 19.7192 -1.77392 -135.803
v 19.8005 -1.64648 -135.89
v 19.8701 -1.52722 -135.964
v 19.9358 -1.40356 -136.033
v 19.9913 -1.28853 -136.091
v 20.0379 -1.18207 -136.14
v 20.0812 -1.07294 -136.185
v 20.1209 -0.961246 -136.226
v 20.1532 -0.858632 -136.259
v 20.1795 -0.764713 -136.286
v 20.2029 -0.66943 -136.31
v 20.2234 -0.572907 -136.331
v 20.2408 -0.475282 -136.349
v 20.2551 -0.376734 -136.364
v 20.2661 -0.277446 -136.375
v 20.2738 -0.177607 -136.383
v 20.2781 -0.077405 -136.387
v 20.279 0.0229677 -136.388
v 20.2765 0.123287 -136.386
v 20.2707 0.223348 -136.38
v 20.2615 0.322959 -136.37
v 20.249 0.421932 -136.358
v 20.2333 0.520081 -136.342
v 20.2144 0.617223 -136.322
v 20.1926 0.713193 -136.3
v 20.1678 0.807869 -136.274
v 20.1403 0.901126 -136.246
v 20.1101 0.992851 -136.215
v 20.0775 1.08295 -136.181
v 20.0424 1.17135 -136.145
v 20.0051 1.25801 -136.106
v 19.9657 1.34287 -136.065
v 19.9244 1.42588 -136.021
v 19.8812 1.50699 -135.976
v 19.8364 1.58621 -135.928
v 19.79 1.66355 -135.879
v 19.7422 1.73903 -135.828
v 19.6763 1.83681 -135.757
v 19.5995 1.94294 -135.674
v 19.5204 2.04507 -135.588
v 19.4391 2.14327 -135.499
v 19.3612 2.23191 -135.413
v 19.2819 2.31725 -135.324
v 19.1689 2.50356 -135.359
v 19.0472 2.68386 -135.396
v 18.9172 2.8577 -135.436
v 18.7793 3.02466 -135.478
v 18.6336 3.18436 -135.522
v 18.4807 3.3364 -135.569
v 18.3208 3.48041 -135.618
v 18.1544 3.61606 -135.669
v 17.9818 3.74302 -135.722
v 17.8035 3.86097 -135.776
v 17.6198 3.96964 -135.832
v 17.4313 4.06876 -135.89
v 17.2383 4.1581 -135.949
v 17.0414 4.23744 -136.009
v 16.841 4.3066 -136.07
v 16.6376 4.3654 -136.133
v 16.4317 4.4137 -136.196
v 16.2238 4.45139 -136.259
v 16.0144 4.47837 -136.323
v 15.8039 4.49459 -136.388
v 15.593 4.5 -136.452
v 7.99131 4.5 -111.588
v 11.6803 2.31725 -110.46
v 11.5672 2.50356 -110.495
v 11.4455 2.68386 -110.532
v 11.3156 2.8577 -110.572
v 11.1776 3.02466 -110.614
v 11.032 3.18436 -110.658
v 10.879 3.3364 -110.705
v 10.7192 3.48041 -110.754
v 10.5527 3.61606 -110.805
v 10.3801 3.74302 -110.858
v 10.2018 3.86097 -110.912
v 10.0181 3.96964 -110.968
v 9.8296 4.06876 -111.026
v 9.63665 4.1581 -111.085
v 9.43975 4.23744 -111.145
v 9.23936 4.3066 -111.207
v 9.03597 4.3654 -111.269
v 8.83007 4.4137 -111.332
v 8.62215 4.45139 -111.395
v 8.41272 4.47837 -111.459
v 8.20227 4.49459 -111.524
v 11.7073 -2.17461 -110.268
v 11.7317 -2.03843 -110.101
v 11.7535 -1.90935 -109.956
v 11.7749 -1.77392 -109.819
v 11.7938 -1.64648 -109.701
v 11.8102 -1.52722 -109.601
v 11.8259 -1.40356 -109.507
v 11.8394 -1.28853 -109.428
v 11.8508 -1.18207 -109.361
v 11.8616 -1.07294 -109.3
v 11.8715 -0.961246 -109.244
v 11.8797 -0.858632 -109.198
v 11.8863 -0.764713 -109.161
v 11.8923 -0.66943 -109.128
v 11.8976 -0.572907 -109.099
v 11.902 -0.475282 -109.074
v 11.9057 -0.376734 -109.054
v 11.9086 -0.277446 -109.039
v 11.9106 -0.177607 -109.028
v 11.9117 -0.077405 -109.022
v 11.9119 0.0229677 -109.021
v 11.9113 0.123287 -109.024
v 11.9098 0.223348 -109.032
v 11.9074 0.322959 -109.045
v 11.9041 0.421932 -109.063
v 11.9001 0.520081 -109.085
v 11.8953 0.617223 -109.111
v 11.8897 0.713193 -109.142
v 11.8834 0.807869 -109.177
v 11.8764 0.901126 -109.216
v 11.8688 0.992851 -109.259
v 11.8606 1.08295 -109.305
v 11.8519 1.17135 -109.355
v 11.8428 1.25801 -109.408
v 11.8331 1.34287 -109.464
v 11.8232 1.42588 -109.523
v 11.8128 1.50699 -109.585
v 11.8022 1.58621 -109.649
v 11.7913 1.66355 -109.716
v 11.7802 1.73903 -109.785
v 11.7651 1.83681 -109.881
v 11.7479 1.94294 -109.993
v 11.7305 2.04507 -110.108
v 11.713 2.14327 -110.228
v 11.6966 2.23191 -110.343
v 11.6803 -11 -110.46
v 11.9258 -11 -108.946
v 12.2459 -11 -107.446
v 12.6398 -11 -105.964
v 13.1065 -11 -104.503
v 13.6449 -11 -103.067
v 14.2537 -11 -101.659
v 14.9314 -11 -100.283
v 15.6763 -11 -98.9425
v 16.4866 -11 -97.6403
v 17.3604 -11 -96.3797
v 18.2954 -11 -95.1639
v 19.2894 -11 -93.9959
v 20.3399 -11 -92.8784
v 21.4444 -11 -91.8142
v 22.6003 -11 -90.806
v 23.8045 -11 -89.8562
v 25.0543 -11 -88.9671
v 26.3465 -11 -88.141
v 27.678 -11 -87.3797
v 29.0455 -11 -86.6852
v 30.4457 -11 -86.0593
v 31.8752 -11 -85.5033
v 33.3304 -11 -85.0187
v 34.8078 -11 -84.6067
v 36.3037 -11 -84.2683
v 37.8146 -11 -84.0043
v 39.3366 -11 -83.8153
v 40.8662 -11 -83.7019
v 42.3995 -11 -83.6642
v 43.9327 -11 -83.7024
v 45.4623 -11 -83.8164
v 46.9843 -11 -84.0059
v 48.495 -11 -84.2705
v 49.9908 -11 -84.6095
v 51.4681 -11 -85.022
v 52.9231 -11 -85.5071
v 54.3523 -11 -86.0636
v 55.7523 -11 -86.69
v 57.1196 -11 -87.385
v 58.4508 -11 -88.1467
v 59.7427 -11 -88.9734
v 60.9922 -11 -89.8629
v 62.1961 -11 -90.8131
v 63.3516 -11 -91.8218
v 64.4557 -11 -92.8863
v 65.5059 -11 -94.0042
v 0.340875 -11 -113.927
v 7.94254 -11 -138.791
v 19.2819 -11 -135.324
v 73.1075 -11 -118.868
v 72.862 -11 -120.382
v 72.5419 -11 -121.882
v 72.148 -11 -123.364
v 71.6813 -11 -124.825
v 71.1429 -11 -126.261
v 70.5341 -11 -127.669
v 69.8564 -11 -129.045
v 69.1115 -11 -130.386
v 68.3012 -11 -131.688
v 67.4274 -11 -132.949
v 66.4924 -11 -134.164
v 65.4984 -11 -135.333
v 64.4479 -11 -136.45
v 63.3434 -11 -137.514
v 62.1875 -11 -138.522
v 60.9833 -11 -139.472
v 59.7335 -11 -140.361
v 58.4413 -11 -141.187
v 57.1098 -11 -141.949
v 55.7423 -11 -142.643
v 54.3421 -11 -143.269
v 52.9126 -11 -143.825
v 51.4574 -11 -144.31
v 49.98 -11 -144.722
v 48.4841 -11 -145.06
v 46.9732 -11 -145.324
v 45.4512 -11 -145.513
v 43.9216 -11 -145.627
v 42.3883 -11 -145.664
v 40.855 -11 -145.626
v 39.3255 -11 -145.512
v 37.8035 -11 -145.322
v 36.2928 -11 -145.058
v 34.797 -11 -144.719
v 33.3197 -11 -144.306
v 31.8647 -11 -143.821
v 30.4355 -11 -143.265
v 29.0355 -11 -142.638
v 27.6682 -11 -141.943
v 26.337 -11 -141.182
v 25.0451 -11 -140.355
v 23.7956 -11 -139.465
v 22.5917 -11 -138.515
v 21.4362 -11 -137.507
v 20.3321 -11 -136.442
v 84.4469 -11 -115.401
v 76.8453 -11 -90.5374
v 35.8155 -11 -93.1473
v 34.7512 -11 -93.502
v 33.7058 -11 -93.9092
v 32.6821 -11 -94.3681
v 31.6825 -11 -94.8774
v 30.7095 -11 -95.436
v 29.7656 -11 -96.0423
v 28.8531 -11 -96.6949
v 27.9742 -11 -97.3922
v 27.1312 -11 -98.1324
v 26.3261 -11 -98.9138
v 25.561 -11 -99.7342
v 24.8377 -11 -100.592
v 24.1581 -11 -101.484
v 23.5238 -11 -102.41
v 22.9364 -11 -103.366
v 22.3974 -11 -104.35
v 21.9082 -11 -105.359
v 21.4698 -11 -106.392
v 21.0835 -11 -107.445
v 20.7501 -11 -108.516
v 20.4706 -11 -109.603
v 20.2455 -11 -110.702
v 20.0756 -11 -111.811
v 19.9611 -11 -112.927
v 19.9024 -11 -114.047
v 19.8996 -11 -115.169
v 19.9527 -11 -116.29
v 20.0616 -11 -117.406
v 20.226 -11 -118.516
v 20.4456 -11 -119.616
v 20.7197 -11 -120.704
v 21.0477 -11 -121.777
v 21.4288 -11 -122.832
v 21.862 -11 -123.867
v 22.3463 -11 -124.879
v 22.8803 -11 -125.866
v 23.4629 -11 -126.824
v 24.0926 -11 -127.753
v 24.7678 -11 -128.649
v 25.4868 -11 -129.51
v 26.2478 -11 -130.334
v 27.0489 -11 -131.12
v 27.8882 -11 -131.864
v 28.7636 -11 -132.566
v 29.6729 -11 -133.223
v 30.6138 -11 -133.834
v 31.5839 -11 -134.397
v 32.581 -11 -134.912
v 33.6024 -11 -135.376
v 34.6458 -11 -135.788
v 35.7083 -11 -136.148
v 36.7875 -11 -136.455
v 37.8806 -11 -136.707
v 38.985 -11 -136.904
v 40.0978 -11 -137.047
v 41.2163 -11 -137.133
v 42.3378 -11 -137.164
v 43.4594 -11 -137.139
v 44.5783 -11 -137.058
v 45.6919 -11 -136.921
v 46.7972 -11 -136.729
v 47.8916 -11 -136.482
v 48.9723 -11 -136.181
v 50.0366 -11 -135.826
v 51.082 -11 -135.419
v 52.1057 -11 -134.96
v 53.1053 -11 -134.451
v 54.0783 -11 -133.892
v 55.0222 -11 -133.286
v 55.9347 -11 -132.633
v 56.8136 -11 -131.936
v 57.6566 -11 -131.196
v 58.4617 -11 -130.415
v 59.2268 -11 -129.594
v 59.9501 -11 -128.737
v 60.6297 -11 -127.844
v 61.264 -11 -126.919
v 61.8514 -11 -125.963
v 62.3904 -11 -124.979
v 62.8796 -11 -123.969
v 63.318 -11 -122.937
v 63.7043 -11 -121.883
v 64.0377 -11 -120.812
v 64.3172 -11 -119.726
v 64.5423 -11 -118.627
v 64.7122 -11 -117.518
v 64.8267 -11 -116.402
v 64.8854 -11 -115.281
v 64.8882 -11 -114.159
v 64.8351 -11 -113.039
v 64.7262 -11 -111.922
v 64.5617 -11 -110.812
v 64.3422 -11 -109.712
v 64.0681 -11 -108.624
v 63.7401 -11 -107.551
v 63.359 -11 -106.496
v 62.9258 -11 -105.461
v 62.4415 -11 -104.449
v 61.9075 -11 -103.463
v 61.3249 -11 -102.504
v 60.6952 -11 -101.576
v 60.02 -11 -100.68
v 59.301 -11 -99.8184
v 58.54 -11 -98.9941
v 57.7389 -11 -98.2087
v 56.8995 -11 -97.4643
v 56.0242 -11 -96.7626
v 55.1149 -11 -96.1055
v 54.174 -11 -95.4945
v 53.2038 -11 -94.9311
v 52.2068 -11 -94.4168
v 51.1853 -11 -93.9528
v 50.142 -11 -93.5404
v 49.0795 -11 -93.1804
v 48.0003 -11 -92.8739
v 46.9072 -11 -92.6215
v 45.8028 -11 -92.4239
v 44.69 -11 -92.2817
v 43.5715 -11 -92.195
v 42.45 -11 -92.1643
v 41.3284 -11 -92.1894
v 40.2094 -11 -92.2705
v 39.0959 -11 -92.4072
v 37.9906 -11 -92.5993
v 36.8962 -11 -92.8462
v 84.4469 -11 -115.401
v 73.1075 -11 -118.868
v 84.4469 11 -115.401
v 73.1075 11 -118.868
v 73.1075 2.31725 -118.868
v 76.7965 4.5 -117.74
v 76.5855 4.49459 -117.805
v 76.3751 4.47837 -117.869
v 76.1656 4.45139 -117.933
v 75.9577 4.4137 -117.997
v 75.7518 4.3654 -118.06
v 75.5484 4.3066 -118.122
v 75.348 4.23744 -118.183
v 75.1511 4.1581 -118.243
v 74.9582 4.06876 -118.302
v 74.7697 3.96964 -118.36
v 74.586 3.86097 -118.416
v 74.4077 3.74302 -118.471
v 74.2351 3.61606 -118.523
v 74.0686 3.48041 -118.574
v 73.9088 3.3364 -118.623
v 73.7558 3.18436 -118.67
v 73.6102 3.02466 -118.714
v 73.4722 2.8577 -118.757
v 73.3423 2.68386 -118.796
v 73.2206 2.50356 -118.834
v 73.1075 -2.31725 -118.868
v 73.2221 -2.50588 -118.833
v 73.3454 -2.68833 -118.795
v 73.4773 -2.86415 -118.755
v 73.6174 -3.03291 -118.712
v 73.7653 -3.19419 -118.667
v 73.9206 -3.3476 -118.619
v 74.0831 -3.49275 -118.57
v 74.2522 -3.62929 -118.518
v 74.4277 -3.75688 -118.464
v 74.6089 -3.87521 -118.409
v 74.7956 -3.98399 -118.352
v 74.9872 -4.08294 -118.293
v 75.1832 -4.17182 -118.233
v 75.3832 -4.25042 -118.172
v 75.5868 -4.31854 -118.11
v 75.7932 -4.37601 -118.047
v 76.0022 -4.42269 -117.983
v 76.2131 -4.45847 -117.919
v 76.4255 -4.48325 -117.854
v 76.6388 -4.49698 -117.788
v 76.8525 -4.49962 -117.723
v 77.066 -4.49117 -117.658
v 77.2789 -4.47164 -117.593
v 77.4905 -4.44109 -117.528
v 77.7005 -4.39959 -117.464
v 77.9082 -4.34724 -117.4
v 78.1132 -4.28417 -117.338
v 78.315 -4.21054 -117.276
v 78.513 -4.12653 -117.215
v 78.7068 -4.03234 -117.156
v 78.8958 -3.92821 -117.098
v 79.0797 -3.81439 -117.042
v 79.258 -3.69117 -116.988
v 79.4302 -3.55885 -116.935
v 79.5958 -3.41776 -116.884
v 79.7546 -3.26824 -116.836
v 79.9061 -3.11066 -116.79
v 80.05 -2.94541 -116.746
v 80.1858 -2.77289 -116.704
v 80.3132 -2.59354 -116.665
v 80.432 -2.4078 -116.629
v 80.5418 -2.21612 -116.595
v 80.6424 -2.01897 -116.564
v 80.7335 -1.81685 -116.537
v 80.8149 -1.61025 -116.512
v 80.8864 -1.39968 -116.49
v 80.9478 -1.18565 -116.471
v 80.999 -0.968706 -116.455
v 81.0398 -0.74937 -116.443
v 81.0701 -0.528187 -116.434
v 81.0899 -0.305701 -116.428
v 81.0991 -0.082462 -116.425
v 81.0977 0.140981 -116.425
v 81.0857 0.364076 -116.429
v 81.0632 0.586273 -116.436
v 81.0301 0.807025 -116.446
v 80.9866 1.02579 -116.459
v 80.9327 1.24202 -116.476
v 80.8686 1.45519 -116.495
v 80.7945 1.66477 -116.518
v 80.7106 1.87025 -116.544
v 80.617 2.07112 -116.572
v 80.5139 2.26688 -116.604
v 80.4018 2.45705 -116.638
v 80.2807 2.64116 -116.675
v 80.151 2.81876 -116.715
v 80.0131 2.98941 -116.757
v 79.8672 3.15269 -116.801
v 79.7137 3.3082 -116.848
v 79.5531 3.45555 -116.897
v 79.3857 3.59438 -116.949
v 79.2118 3.72434 -117.002
v 79.0321 3.84513 -117.057
v 78.8468 3.95643 -117.113
v 78.6564 4.05798 -117.172
v 78.4615 4.14952 -117.231
v 78.2625 4.23084 -117.292
v 78.0598 4.30172 -117.354
v 77.8541 4.36199 -117.417
v 77.6457 4.41151 -117.481
v 77.4352 4.45015 -117.545
v 77.2232 4.47782 -117.61
v 77.0101 4.49445 -117.675
v 69.1948 4.5 -92.8763
v 68.9839 4.49459 -92.9408
v 68.7734 4.47837 -93.0052
v 68.564 4.45139 -93.0692
v 68.3561 4.4137 -93.1328
v 68.1502 4.3654 -93.1957
v 67.9468 4.3066 -93.2579
v 67.7464 4.23744 -93.3192
v 67.5495 4.1581 -93.3794
v 67.3565 4.06876 -93.4384
v 67.168 3.96964 -93.496
v 66.9843 3.86097 -93.5521
v 66.806 3.74302 -93.6067
v 66.6334 3.61606 -93.6594
v 66.467 3.48041 -93.7103
v 66.3071 3.3364 -93.7592
v 66.1542 3.18436 -93.806
v 66.0085 3.02466 -93.8505
v 65.8706 2.8577 -93.8927
v 65.7406 2.68386 -93.9324
v 65.6189 2.50356 -93.9696
v 65.5059 2.31725 -94.0042
v 76.7965 4.5 -117.74
v 76.5855 4.49459 -117.805
v 76.3751 4.47837 -117.869
v 76.1656 4.45139 -117.933
v 75.9577 4.4137 -117.997
v 75.7518 4.3654 -118.06
v 75.5484 4.3066 -118.122
v 75.348 4.23744 -118.183
v 75.1511 4.1581 -118.243
v 74.9582 4.06876 -118.302
v 74.7697 3.96964 -118.36
v 74.586 3.86097 -118.416
v 74.4077 3.74302 -118.471
v 74.2351 3.61606 -118.523
v 74.0686 3.48041 -118.574
v 73.9088 3.3364 -118.623
v 73.7558 3.18436 -118.67
v 73.6102 3.02466 -118.714
v 73.4722 2.8577 -118.757
v 73.3423 2.68386 -118.796
v 73.2206 2.50356 -118.834
v 73.1075 2.31725 -118.868
v 73.0805 2.17461 -119.061
v 73.0561 2.03843 -119.228
v 73.0343 1.90935 -119.372
v 73.0129 1.77392 -119.51
v 72.994 1.64648 -119.627
v 72.9776 1.52722 -119.727
v 72.9619 1.40356 -119.821
v 72.9484 1.28853 -119.901
v 72.937 1.18207 -119.967
v 72.9262 1.07294 -120.029
v 72.9163 0.961246 -120.085
v 72.9081 0.858632 -120.131
v 72.9015 0.764713 -120.168
v 72.8955 0.66943 -120.201
v 72.8902 0.572907 -120.23
v 72.8857 0.475282 -120.254
v 72.8821 0.376734 -120.274
v 72.8792 0.277446 -120.29
v 72.8772 0.177607 -120.3
v 72.8761 0.077405 -120.306
v 72.8759 -0.0229677 -120.308
v 72.8765 -0.123287 -120.304
v 72.878 -0.223348 -120.296
v 72.8804 -0.322959 -120.283
v 72.8837 -0.421932 -120.266
v 72.8877 -0.520081 -120.243
v 72.8925 -0.617223 -120.217
v 72.8981 -0.713193 -120.186
v 72.9044 -0.807869 -120.151
v 72.9114 -0.901126 -120.112
v 72.919 -0.992851 -120.07
v 72.9272 -1.08295 -120.023
v 72.9359 -1.17135 -119.974
v 72.945 -1.25801 -119.92
v 72.9546 -1.34287 -119.864
v 72.9646 -1.42588 -119.805
v 72.975 -1.50699 -119.743
v 72.9856 -1.58621 -119.679
v 72.9965 -1.66355 -119.612
v 73.0076 -1.73903 -119.543
v 73.0227 -1.83681 -119.447
v 73.0399 -1.94294 -119.336
v 73.0573 -2.04507 -119.22
v 73.0748 -2.14327 -119.101
v 73.0912 -2.23191 -118.986
v 73.1075 -2.31725 -118.868
v 73.2221 -2.50588 -118.833
v 73.3454 -2.68833 -118.795
v 73.4773 -2.86415 -118.755
v 73.6174 -3.03291 -118.712
v 73.7653 -3.19419 -118.667
v 73.9206 -3.3476 -118.619
v 74.0831 -3.49275 -118.57
v 74.2522 -3.62929 -118.518
v 74.4277 -3.75688 -118.464
v 74.6089 -3.87521 -118.409
v 74.7956 -3.98399 -118.352
v 74.9872 -4.08294 -118.293
v 75.1832 -4.17182 -118.233
v 75.3832 -4.25042 -118.172
v 75.5868 -4.31854 -118.11
v 75.7932 -4.37601 -118.047
v 76.0022 -4.42269 -117.983
v 76.2131 -4.45847 -117.919
v 76.4255 -4.48325 -117.854
v 76.6388 -4.49698 -117.788
v 76.8525 -4.49962 -117.723
v 77.066 -4.49117 -117.658
v 77.2789 -4.47164 -117.593
v 77.4905 -4.44109 -117.528
v 77.7005 -4.39959 -117.464
v 77.9082 -4.34724 -117.4
v 78.1132 -4.28417 -117.338
v 78.315 -4.21054 -117.276
v 78.513 -4.12653 -117.215
v 78.7068 -4.03234 -117.156
v 78.8958 -3.92821 -117.098
v 79.0797 -3.81439 -117.042
v 79.258 -3.69117 -116.988
v 79.4302 -3.55885 -116.935
v 79.5958 -3.41776 -116.884
v 79.7546 -3.26824 -116.836
v 79.9061 -3.11066 -116.79
v 80.05 -2.94541 -116.746
v 80.1858 -2.77289 -116.704
v 80.3132 -2.59354 -116.665
v 80.432 -2.4078 -116.629
v 80.5418 -2.21612 -116.595
v 80.6424 -2.01897 -116.564
v 80.7335 -1.81685 -116.537
v 80.8149 -1.61025 -116.512
v 80.8864 -1.39968 -116.49
v 80.9478 -1.18565 -116.471
v 80.999 -0.968706 -116.455
v 81.0398 -0.74937 -116.443
v 81.0701 -0.528187 -116.434
v 81.0899 -0.305701 -116.428
v 81.0991 -0.082462 -116.425
v 81.0977 0.140981 -116.425
v 81.0857 0.364076 -116.429
v 81.0632 0.586273 -116.436
v 81.0301 0.807025 -116.446
v 80.9866 1.02579 -116.459
v 80.9327 1.24202 -116.476
v 80.8686 1.45519 -116.495
v 80.7945 1.66477 -116.518
v 80.7106 1.87025 -116.544
v 80.617 2.07112 -116.572
v 80.5139 2.26688 -116.604
v 80.4018 2.45705 -116.638
v 80.2807 2.64116 -116.675
v 80.151 2.81876 -116.715
v 80.0131 2.98941 -116.757
v 79.8672 3.15269 -116.801
v 79.7137 3.3082 -116.848
v 79.5531 3.45555 -116.897
v 79.3857 3.59438 -116.949
v 79.2118 3.72434 -117.002
v 79.0321 3.84513 -117.057
v 78.8468 3.95643 -117.113
v 78.6564 4.05798 -117.172
v 78.4615 4.14952 -117.231
v 78.2625 4.23084 -117.292
v 78.0598 4.30172 -117.354
v 77.8541 4.36199 -117.417
v 77.6457 4.41151 -117.481
v 77.4352 4.45015 -117.545
v 77.2232 4.47782 -117.61
v 77.0101 4.49445 -117.675
v 76.7965 4.5 -117.74
v 69.1948 4.5 -92.8763
v 65.5059 -2.31725 -94.0042
v 65.6204 -2.50588 -93.9691
v 65.7438 -2.68833 -93.9314
v 65.8756 -2.86415 -93.8911
v 66.0157 -3.03291 -93.8483
v 66.1636 -3.19419 -93.8031
v 66.319 -3.3476 -93.7556
v 66.4814 -3.49275 -93.7059
v 66.6506 -3.62929 -93.6542
v 66.826 -3.75688 -93.6006
v 67.0073 -3.87521 -93.5451
v 67.1939 -3.98399 -93.4881
v 67.3855 -4.08294 -93.4295
v 67.5815 -4.17182 -93.3696
v 67.7816 -4.25042 -93.3084
v 67.9851 -4.31854 -93.2462
v 68.1916 -4.37601 -93.1831
v 68.4006 -4.42269 -93.1192
v 68.6115 -4.45847 -93.0547
v 68.8238 -4.48325 -92.9898
v 69.0371 -4.49698 -92.9245
v 69.2508 -4.49962 -92.8592
v 69.4643 -4.49117 -92.7939
v 69.6772 -4.47164 -92.7289
v 69.8889 -4.44109 -92.6641
v 70.0988 -4.39959 -92.5999
v 70.3066 -4.34724 -92.5364
v 70.5116 -4.28417 -92.4738
v 70.7133 -4.21054 -92.4121
v 70.9113 -4.12653 -92.3515
v 71.1051 -4.03234 -92.2923
v 71.2942 -3.92821 -92.2345
v 71.478 -3.81439 -92.1783
v 71.6563 -3.69117 -92.1238
v 71.8285 -3.55885 -92.0711
v 71.9942 -3.41776 -92.0205
v 72.153 -3.26824 -91.9719
v 72.3045 -3.11066 -91.9256
v 72.4483 -2.94541 -91.8816
v 72.5841 -2.77289 -91.8401
v 72.7116 -2.59354 -91.8012
v 72.8303 -2.4078 -91.7648
v 72.9402 -2.21612 -91.7313
v 73.0407 -2.01897 -91.7005
v 73.1318 -1.81685 -91.6727
v 73.2132 -1.61025 -91.6478
v 73.2847 -1.39968 -91.6259
v 73.3461 -1.18565 -91.6071
v 73.3973 -0.968706 -91.5915
v 73.4381 -0.74937 -91.579
v 73.4684 -0.528187 -91.5698
v 73.4882 -0.305701 -91.5637
v 73.4975 -0.082462 -91.5609
v 73.4961 0.140981 -91.5613
v 73.4841 0.364076 -91.565
v 73.4615 0.586273 -91.5719
v 73.4284 0.807025 -91.582
v 73.3849 1.02579 -91.5953
v 73.331 1.24202 -91.6118
v 73.267 1.45519 -91.6314
v 73.1929 1.66477 -91.654
v 73.1089 1.87025 -91.6797
v 73.0153 2.07112 -91.7083
v 72.9123 2.26688 -91.7398
v 72.8001 2.45705 -91.7741
v 72.679 2.64116 -91.8111
v 72.5493 2.81876 -91.8508
v 72.4114 2.98941 -91.8929
v 72.2655 3.15269 -91.9375
v 72.1121 3.3082 -91.9844
v 71.9514 3.45555 -92.0336
v 71.784 3.59438 -92.0847
v 71.6102 3.72434 -92.1379
v 71.4304 3.84513 -92.1928
v 71.2451 3.95643 -92.2495
v 71.0548 4.05798 -92.3077
v 70.8598 4.14952 -92.3673
v 70.6608 4.23084 -92.4281
v 70.4582 4.30172 -92.4901
v 70.2524 4.36199 -92.553
v 70.044 4.41151 -92.6167
v 69.8336 4.45015 -92.681
v 69.6215 4.47782 -92.7459
v 69.4084 4.49445 -92.811
v 65.3757 2.17461 -93.8595
v 65.2621 2.03843 -93.7346
v 65.1634 1.90935 -93.6273
v 65.0686 1.77392 -93.5252
v 64.9873 1.64648 -93.4383
v 64.9177 1.52722 -93.3645
v 64.852 1.40356 -93.2952
v 64.7965 1.28853 -93.237
v 64.7498 1.18207 -93.1884
v 64.7066 1.07294 -93.1434
v 64.6669 0.961246 -93.1024
v 64.6346 0.858632 -93.069
v 64.6083 0.764713 -93.042
v 64.5848 0.66943 -93.0179
v 64.5644 0.572907 -92.9969
v 64.5469 0.475282 -92.9791
v 64.5327 0.376734 -92.9646
v 64.5217 0.277446 -92.9534
v 64.514 0.177607 -92.9455
v 64.5097 0.077405 -92.9411
v 64.5088 -0.0229677 -92.9402
v 64.5113 -0.123287 -92.9427
v 64.5171 -0.223348 -92.9487
v 64.5263 -0.322959 -92.9581
v 64.5388 -0.421932 -92.9708
v 64.5545 -0.520081 -92.9869
v 64.5734 -0.617223 -93.0061
v 64.5952 -0.713193 -93.0285
v 64.62 -0.807869 -93.054
v 64.6475 -0.901126 -93.0823
v 64.6777 -0.992851 -93.1135
v 64.7103 -1.08295 -93.1473
v 64.7454 -1.17135 -93.1837
v 64.7827 -1.25801 -93.2226
v 64.8221 -1.34287 -93.2638
v 64.8634 -1.42588 -93.3072
v 64.9065 -1.50699 -93.3527
v 64.9514 -1.58621 -93.4001
v 64.9978 -1.66355 -93.4495
v 65.0456 -1.73903 -93.5006
v 65.1115 -1.83681 -93.5713
v 65.1883 -1.94294 -93.6543
v 65.2674 -2.04507 -93.7405
v 65.3487 -2.14327 -93.8296
v 65.4266 -2.23191 -93.9158
v 19.2819 11 -135.324
v 7.94254 11 -138.791
v 20.3321 11 -136.442
v 21.4362 11 -137.507
v 22.5917 11 -138.515
v 23.7956 11 -139.465
v 25.0451 11 -140.355
v 26.337 11 -141.182
v 27.6682 11 -141.943
v 29.0355 11 -142.638
v 30.4355 11 -143.265
v 31.8647 11 -143.821
v 33.3197 11 -144.306
v 34.797 11 -144.719
v 36.2928 11 -145.058
v 37.8035 11 -145.322
v 39.3255 11 -145.512
v 40.855 11 -145.626
v 42.3883 11 -145.664
v 43.9216 11 -145.627
v 45.4512 11 -145.513
v 46.9732 11 -145.324
v 48.4841 11 -145.06
v 49.98 11 -144.722
v 51.4574 11 -144.31
v 52.9126 11 -143.825
v 54.3421 11 -143.269
v 55.7423 11 -142.643
v 57.1098 11 -141.949
v 58.4413 11 -141.187
v 59.7335 11 -140.361
v 60.9833 11 -139.472
v 62.1875 11 -138.522
v 63.3434 11 -137.514
v 64.4479 11 -136.45
v 65.4984 11 -135.333
v 66.4924 11 -134.164
v 67.4274 11 -132.949
v 68.3012 11 -131.688
v 69.1115 11 -130.386
v 69.8564 11 -129.045
v 70.5341 11 -127.669
v 71.1429 11 -126.261
v 71.6813 11 -124.825
v 72.148 11 -123.364
v 72.5419 11 -121.882
v 72.862 11 -120.382
v 73.1075 11 -118.868
v 84.4469 11 -115.401
v 76.8453 11 -90.5374
v 65.5059 11 -94.0042
v 64.4557 11 -92.8863
v 63.3516 11 -91.8218
v 62.1961 11 -90.8131
v 60.9922 11 -89.8629
v 59.7427 11 -88.9734
v 58.4508 11 -88.1467
v 57.1196 11 -87.385
v 55.7523 11 -86.69
v 54.3523 11 -86.0636
v 52.9231 11 -85.5071
v 51.4681 11 -85.022
v 49.9908 11 -84.6095
v 48.495 11 -84.2705
v 46.9843 11 -84.0059
v 45.4623 11 -83.8164
v 43.9327 11 -83.7024
v 42.3995 11 -83.6642
v 40.8662 11 -83.7019
v 39.3366 11 -83.8153
v 37.8146 11 -84.0043
v 36.3037 11 -84.2683
v 34.8078 11 -84.6067
v 33.3304 11 -85.0187
v 31.8752 11 -85.5033
v 30.4457 11 -86.0593
v 29.0455 11 -86.6852
v 27.678 11 -87.3797
v 26.3465 11 -88.141
v 25.0543 11 -88.9671
v 23.8045 11 -89.8562
v 22.6003 11 -90.806
v 21.4444 11 -91.8142
v 20.3399 11 -92.8784
v 19.2894 11 -93.9959
v 18.2954 11 -95.1639
v 17.3604 11 -96.3797
v 16.4866 11 -97.6403
v 15.6763 11 -98.9425
v 14.9314 11 -100.283
v 14.2537 11 -101.659
v 13.6449 11 -103.067
v 13.1065 11 -104.503
v 12.6398 11 -105.964
v 12.2459 11 -107.446
v 11.9258 11 -108.946
v 11.6803 11 -110.46
v 0.340875 11 -113.927
v 35.8155 11 -93.1473
v 34.7512 11 -93.502
v 33.7058 11 -93.9092
v 32.6821 11 -94.3681
v 31.6825 11 -94.8774
v 30.7095 11 -95.436
v 29.7656 11 -96.0423
v 28.8531 11 -96.6949
v 27.9742 11 -97.3922
v 27.1312 11 -98.1324
v 26.3261 11 -98.9138
v 25.561 11 -99.7342
v 24.8377 11 -100.592
v 24.1581 11 -101.484
v 23.5238 11 -102.41
v 22.9364 11 -103.366
v 22.3974 11 -104.35
v 21.9082 11 -105.359
v 21.4698 11 -106.392
v 21.0835 11 -107.445
v 20.7501 11 -108.516
v 20.4706 11 -109.603
v 20.2455 11 -110.702
v 20.0756 11 -111.811
v 19.9611 11 -112.927
v 19.9024 11 -114.047
v 19.8996 11 -115.169
v 19.9527 11 -116.29
v 20.0616 11 -117.406
v 20.226 11 -118.516
v 20.4456 11 -119.616
v 20.7197 11 -120.704
v 21.0477 11 -121.777
v 21.4288 11 -122.832
v 21.862 11 -123.867
v 22.3463 11 -124.879
v 22.8803 11 -125.866
v 23.4629 11 -126.824
v 24.0926 11 -127.753
v 24.7678 11 -128.649
v 25.4868 11 -129.51
v 26.2478 11 -130.334
v 27.0489 11 -131.12
v 27.8882 11 -131.864
v 28.7636 11 -132.566
v 29.6729 11 -133.223
v 30.6138 11 -133.834
v 31.5839 11 -134.397
v 32.581 11 -134.912
v 33.6024 11 -135.376
v 34.6458 11 -135.788
v 35.7083 11 -136.148
v 36.7875 11 -136.455
v 37.8806 11 -136.707
v 38.985 11 -136.904
v 40.0978 11 -137.047
v 41.2163 11 -137.133
v 42.3378 11 -137.164
v 43.4594 11 -137.139
v 44.5783 11 -137.058
v 45.6919 11 -136.921
v 46.7972 11 -136.729
v 47.8916 11 -136.482
v 48.9723 11 -136.181
v 50.0366 11 -135.826
v 51.082 11 -135.419
v 52.1057 11 -134.96
v 53.1053 11 -134.451
v 54.0783 11 -133.892
v 55.0222 11 -133.286
v 55.9347 11 -132.633
v 56.8136 11 -131.936
v 57.6566 11 -131.196
v 58.4617 11 -130.415
v 59.2268 11 -129.594
v 59.9501 11 -128.737
v 60.6297 11 -127.844
v 61.264 11 -126.919
v 61.8514 11 -125.963
v 62.3904 11 -124.979
v 62.8796 11 -123.969
v 63.318 11 -122.937
v 63.7043 11 -121.883
v 64.0377 11 -120.812
v 64.3172 11 -119.726
v 64.5423 11 -118.627
v 64.7122 11 -117.518
v 64.8267 11 -116.402
v 64.8854 11 -115.281
v 64.8882 11 -114.159
v 64.8351 11 -113.039
v 64.7262 11 -111.922
v 64.5617 11 -110.812
v 64.3422 11 -109.712
v 64.0681 11 -108.624
v 63.7401 11 -107.551
v 63.359 11 -106.496
v 62.9258 11 -105.461
v 62.4415 11 -104.449
v 61.9075 11 -103.463
v 61.3249 11 -102.504
v 60.6952 11 -101.576
v 60.02 11 -100.68
v 59.301 11 -99.8184
v 58.54 11 -98.9941
v 57.7389 11 -98.2087
v 56.8995 11 -97.4643
v 56.0242 11 -96.7626
v 55.1149 11 -96.1055
v 54.174 11 -95.4945
v 53.2038 11 -94.9311
v 52.2068 11 -94.4168
v 51.1853 11 -93.9528
v 50.142 11 -93.5404
v 49.0795 11 -93.1804
v 48.0003 11 -92.8739
v 46.9072 11 -92.6215
v 45.8028 11 -92.4239
v 44.69 11 -92.2817
v 43.5715 11 -92.195
v 42.45 11 -92.1643
v 41.3284 11 -92.1894
v 40.2094 11 -92.2705
v 39.0959 11 -92.4072
v 37.9906 11 -92.5993
v 36.8962 11 -92.8462
v 7.94254 11 -138.791
v 0.340875 11 -113.927
v 7.94254 -11 -138.791
v 0.340875 -11 -113.927
v 11.6803 -11 -110.46
v 0.340875 -11 -113.927
v 11.6803 -2.31725 -110.46
v 7.99131 4.5 -111.588
v 7.77769 4.49445 -111.653
v 7.5646 4.47782 -111.719
v 7.35256 4.45015 -111.783
v 7.1421 4.41151 -111.848
v 6.93373 4.36199 -111.911
v 6.72797 4.30172 -111.974
v 6.52532 4.23084 -112.036
v 6.32629 4.14952 -112.097
v 6.13136 4.05798 -112.157
v 5.94102 3.95643 -112.215
v 5.75573 3.84513 -112.272
v 5.57595 3.72434 -112.327
v 5.40214 3.59438 -112.38
v 5.2347 3.45555 -112.431
v 5.07406 3.3082 -112.48
v 4.92062 3.15269 -112.527
v 4.77474 2.98941 -112.572
v 4.6368 2.81876 -112.614
v 4.50712 2.64116 -112.653
v 4.38604 2.45705 -112.69
v 4.27385 2.26688 -112.725
v 4.17082 2.07112 -112.756
v 4.07721 1.87025 -112.785
v 3.99326 1.66477 -112.81
v 3.91916 1.45519 -112.833
v 3.8551 1.24202 -112.853
v 3.80124 1.02579 -112.869
v 3.75771 0.807025 -112.882
v 3.72462 0.586273 -112.893
v 3.70205 0.364076 -112.899
v 3.69005 0.140981 -112.903
v 3.68866 -0.082462 -112.904
v 3.69788 -0.305701 -112.901
v 3.71769 -0.528187 -112.895
v 3.74803 -0.74937 -112.885
v 3.78883 -0.968706 -112.873
v 3.84 -1.18565 -112.857
v 3.9014 -1.39968 -112.839
v 3.97289 -1.61025 -112.817
v 4.05428 -1.81685 -112.792
v 4.14538 -2.01897 -112.764
v 4.24596 -2.21612 -112.733
v 4.35578 -2.4078 -112.7
v 4.47456 -2.59354 -112.663
v 4.60202 -2.77289 -112.624
v 4.73783 -2.94541 -112.583
v 4.88166 -3.11066 -112.539
v 5.03316 -3.26824 -112.493
v 5.19195 -3.41776 -112.444
v 5.35764 -3.55885 -112.393
v 5.52983 -3.69117 -112.341
v 5.70809 -3.81439 -112.286
v 5.89197 -3.92821 -112.23
v 6.08104 -4.03234 -112.172
v 6.27481 -4.12653 -112.113
v 6.47281 -4.21054 -112.052
v 6.67456 -4.28417 -111.991
v 6.87956 -4.34724 -111.928
v 7.0873 -4.39959 -111.865
v 7.29726 -4.44109 -111.8
v 7.50894 -4.47164 -111.736
v 7.7218 -4.49117 -111.671
v 7.93534 -4.49962 -111.605
v 8.149 -4.49698 -111.54
v 8.36228 -4.48325 -111.475
v 8.57465 -4.45847 -111.41
v 8.78558 -4.42269 -111.345
v 8.99455 -4.37601 -111.281
v 9.20104 -4.31854 -111.218
v 9.40455 -4.25042 -111.156
v 9.60458 -4.17182 -111.095
v 9.80063 -4.08294 -111.035
v 9.99222 -3.98399 -110.976
v 10.1789 -3.87521 -110.919
v 10.3601 -3.75688 -110.864
v 10.5356 -3.62929 -110.81
v 10.7047 -3.49275 -110.759
v 10.8672 -3.3476 -110.709
v 11.0225 -3.19419 -110.661
v 11.1704 -3.03291 -110.616
v 11.3105 -2.86415 -110.573
v 11.4424 -2.68833 -110.533
v 11.5657 -2.50588 -110.495
v 11.6803 2.31725 -110.46
v 11.5672 2.50356 -110.495
v 11.4455 2.68386 -110.532
v 11.3156 2.8577 -110.572
v 11.1776 3.02466 -110.614
v 11.032 3.18436 -110.658
v 10.879 3.3364 -110.705
v 10.7192 3.48041 -110.754
v 10.5527 3.61606 -110.805
v 10.3801 3.74302 -110.858
v 10.2018 3.86097 -110.912
v 10.0181 3.96964 -110.968
v 9.8296 4.06876 -111.026
v 9.63665 4.1581 -111.085
v 9.43975 4.23744 -111.145
v 9.23936 4.3066 -111.207
v 9.03597 4.3654 -111.269
v 8.83007 4.4137 -111.332
v 8.62215 4.45139 -111.395
v 8.41272 4.47837 -111.459
v 8.20227 4.49459 -111.524
v 11.6803 11 -110.46
v 0.340875 11 -113.927
v 44.4395 -5 -83.7318
v 43.0676 -5 -83.6715
v 41.6943 -5 -83.6721
v 40.3224 -5 -83.7335
v 38.9546 -5 -83.8556
v 37.5935 -5 -84.0381
v 36.2418 -5 -84.2808
v 44.4395 -9 -83.7318
v 42.9416 -9 -83.669
v 41.4425 -9 -83.6788
v 39.9456 -9 -83.761
v 38.4544 -9 -83.9155
v 36.9724 -9 -84.142
v 35.5031 -9 -84.4398
v 34.0499 -9 -84.8083
v 32.6162 -9 -85.2466
v 31.2054 -9 -85.7537
v 29.8207 -9 -86.3284
v 28.4655 -9 -86.9694
v 27.1428 -9 -87.6752
v 25.8558 -9 -88.4441
v 24.6075 -9 -89.2743
v 23.4008 -9 -90.1639
v 23.4008 -5 -90.1639
v 30.504 -5 -86.035
v 29.2477 -5 -86.5897
v 28.0173 -5 -87.1994
v 26.815 -5 -87.8631
v 25.6433 -5 -88.5794
v 24.5045 -5 -89.3468
v 30.504 5 -86.035
v 29.2477 5 -86.5897
v 28.0173 5 -87.1994
v 26.815 5 -87.8631
v 25.6433 5 -88.5794
v 24.5045 5 -89.3468
v 23.4008 5 -90.1639
v 23.4008 9 -90.1639
v 24.6075 9 -89.2743
v 25.8558 9 -88.4441
v 27.1428 9 -87.6752
v 28.4655 9 -86.9694
v 29.8207 9 -86.3284
v 31.2054 9 -85.7537
v 32.6162 9 -85.2466
v 34.0499 9 -84.8083
v 35.5031 9 -84.4398
v 36.9724 9 -84.142
v 38.4544 9 -83.9155
v 39.9456 9 -83.761
v 41.4425 9 -83.6788
v 42.9416 9 -83.669
v 44.4395 9 -83.7318
v 44.4395 5 -83.7318
v 43.0676 5 -83.6715
v 41.6943 5 -83.6721
v 40.3224 5 -83.7335
v 38.9546 5 -83.8556
v 37.5935 5 -84.0381
v 36.2418 5 -84.2808
v 65.5059 11 -94.0042
v 65.5059 2.31725 -94.0042
v 64.4557 11 -92.8863
v 63.3516 11 -91.8218
v 62.1961 11 -90.8131
v 60.9922 11 -89.8629
v 59.7427 11 -88.9734
v 58.4508 11 -88.1467
v 57.1196 11 -87.385
v 55.7523 11 -86.69
v 54.3523 11 -86.0636
v 52.9231 11 -85.5071
v 51.4681 11 -85.022
v 49.9908 11 -84.6095
v 48.495 11 -84.2705
v 46.9843 11 -84.0059
v 45.4623 11 -83.8164
v 43.9327 11 -83.7024
v 42.3995 11 -83.6642
v 40.8662 11 -83.7019
v 39.3366 11 -83.8153
v 37.8146 11 -84.0043
v 36.3037 11 -84.2683
v 34.8078 11 -84.6067
v 33.3304 11 -85.0187
v 31.8752 11 -85.5033
v 30.4457 11 -86.0593
v 29.0455 11 -86.6852
v 27.678 11 -87.3797
v 26.3465 11 -88.141
v 25.0543 11 -88.9671
v 23.8045 11 -89.8562
v 22.6003 11 -90.806
v 21.4444 11 -91.8142
v 20.3399 11 -92.8784
v 19.2894 11 -93.9959
v 18.2954 11 -95.1639
v 17.3604 11 -96.3797
v 16.4866 11 -97.6403
v 15.6763 11 -98.9425
v 14.9314 11 -100.283
v 14.2537 11 -101.659
v 13.6449 11 -103.067
v 13.1065 11 -104.503
v 12.6398 11 -105.964
v 12.2459 11 -107.446
v 11.9258 11 -108.946
v 11.6803 11 -110.46
v 11.6803 2.31725 -110.46
v 11.6803 -2.31725 -110.46
v 11.7073 -2.17461 -110.268
v 11.7317 -2.03843 -110.101
v 11.7535 -1.90935 -109.956
v 11.7749 -1.77392 -109.819
v 11.7938 -1.64648 -109.701
v 11.8102 -1.52722 -109.601
v 11.8259 -1.40356 -109.507
v 11.8394 -1.28853 -109.428
v 11.8508 -1.18207 -109.361
v 11.8616 -1.07294 -109.3
v 11.8715 -0.961246 -109.244
v 11.8797 -0.858632 -109.198
v 11.8863 -0.764713 -109.161
v 11.8923 -0.66943 -109.128
v 11.8976 -0.572907 -109.099
v 11.902 -0.475282 -109.074
v 11.9057 -0.376734 -109.054
v 11.9086 -0.277446 -109.039
v 11.9106 -0.177607 -109.028
v 11.9117 -0.077405 -109.022
v 11.9119 0.0229677 -109.021
v 11.9113 0.123287 -109.024
v 11.9098 0.223348 -109.032
v 11.9074 0.322959 -109.045
v 11.9041 0.421932 -109.063
v 11.9001 0.520081 -109.085
v 11.8953 0.617223 -109.111
v 11.8897 0.713193 -109.142
v 11.8834 0.807869 -109.177
v 11.8764 0.901126 -109.216
v 11.8688 0.992851 -109.259
v 11.8606 1.08295 -109.305
v 11.8519 1.17135 -109.355
v 11.8428 1.25801 -109.408
v 11.8331 1.34287 -109.464
v 11.8232 1.42588 -109.523
v 11.8128 1.50699 -109.585
v 11.8022 1.58621 -109.649
v 11.7913 1.66355 -109.716
v 11.7802 1.73903 -109.785
v 11.7651 1.83681 -109.881
v 11.7479 1.94294 -109.993
v 11.7305 2.04507 -110.108
v 11.713 2.14327 -110.228
v 11.6966 2.23191 -110.343
v 11.6803 -11 -110.46
v 11.9258 -11 -108.946
v 12.2459 -11 -107.446
v 12.6398 -11 -105.964
v 13.1065 -11 -104.503
v 13.6449 -11 -103.067
v 14.2537 -11 -101.659
v 14.9314 -11 -100.283
v 15.6763 -11 -98.9425
v 16.4866 -11 -97.6403
v 17.3604 -11 -96.3797
v 18.2954 -11 -95.1639
v 19.2894 -11 -93.9959
v 20.3399 -11 -92.8784
v 21.4444 -11 -91.8142
v 22.6003 -11 -90.806
v 23.8045 -11 -89.8562
v 25.0543 -11 -88.9671
v 26.3465 -11 -88.141
v 27.678 -11 -87.3797
v 29.0455 -11 -86.6852
v 30.4457 -11 -86.0593
v 31.8752 -11 -85.5033
v 33.3304 -11 -85.0187
v 34.8078 -11 -84.6067
v 36.3037 -11 -84.2683
v 37.8146 -11 -84.0043
v 39.3366 -11 -83.8153
v 40.8662 -11 -83.7019
v 42.3995 -11 -83.6642
v 43.9327 -11 -83.7024
v 45.4623 -11 -83.8164
v 46.9843 -11 -84.0059
v 48.495 -11 -84.2705
v 49.9908 -11 -84.6095
v 51.4681 -11 -85.022
v 52.9231 -11 -85.5071
v 54.3523 -11 -86.0636
v 55.7523 -11 -86.69
v 57.1196 -11 -87.385
v 58.4508 -11 -88.1467
v 59.7427 -11 -88.9734
v 60.9922 -11 -89.8629
v 62.1961 -11 -90.8131
v 63.3516 -11 -91.8218
v 64.4557 -11 -92.8863
v 65.5059 -11 -94.0042
v 65.5059 -2.31725 -94.0042
v 65.3757 2.17461 -93.8595
v 65.2621 2.03843 -93.7346
v 65.1634 1.90935 -93.6273
v 65.0686 1.77392 -93.5252
v 64.9873 1.64648 -93.4383
v 64.9177 1.52722 -93.3645
v 64.852 1.40356 -93.2952
v 64.7965 1.28853 -93.237
v 64.7498 1.18207 -93.1884
v 64.7066 1.07294 -93.1434
v 64.6669 0.961246 -93.1024
v 64.6346 0.858632 -93.069
v 64.6083 0.764713 -93.042
v 64.5848 0.66943 -93.0179
v 64.5644 0.572907 -92.9969
v 64.5469 0.475282 -92.9791
v 64.5327 0.376734 -92.9646
v 64.5217 0.277446 -92.9534
v 64.514 0.177607 -92.9455
v 64.5097 0.077405 -92.9411
v 64.5088 -0.0229677 -92.9402
v 64.5113 -0.123287 -92.9427
v 64.5171 -0.223348 -92.9487
v 64.5263 -0.322959 -92.9581
v 64.5388 -0.421932 -92.9708
v 64.5545 -0.520081 -92.9869
v 64.5734 -0.617223 -93.0061
v 64.5952 -0.713193 -93.0285
v 64.62 -0.807869 -93.054
v 64.6475 -0.901126 -93.0823
v 64.6777 -0.992851 -93.1135
v 64.7103 -1.08295 -93.1473
v 64.7454 -1.17135 -93.1837
v 64.7827 -1.25801 -93.2226
v 64.8221 -1.34287 -93.2638
v 64.8634 -1.42588 -93.3072
v 64.9065 -1.50699 -93.3527
v 64.9514 -1.58621 -93.4001
v 64.9978 -1.66355 -93.4495
v 65.0456 -1.73903 -93.5006
v 65.1115 -1.83681 -93.5713
v 65.1883 -1.94294 -93.6543
v 65.2674 -2.04507 -93.7405
v 65.3487 -2.14327 -93.8296
v 65.4266 -2.23191 -93.9158
v 76.8453 -11 -90.5374
v 65.5059 -11 -94.0042
v 76.8453 11 -90.5374
v 65.5059 11 -94.0042
v 65.5059 2.31725 -94.0042
v 69.1948 4.5 -92.8763
v 68.9839 4.49459 -92.9408
v 68.7734 4.47837 -93.0052
v 68.564 4.45139 -93.0692
v 68.3561 4.4137 -93.1328
v 68.1502 4.3654 -93.1957
v 67.9468 4.3066 -93.2579
v 67.7464 4.23744 -93.3192
v 67.5495 4.1581 -93.3794
v 67.3565 4.06876 -93.4384
v 67.168 3.96964 -93.496
v 66.9843 3.86097 -93.5521
v 66.806 3.74302 -93.6067
v 66.6334 3.61606 -93.6594
v 66.467 3.48041 -93.7103
v 66.3071 3.3364 -93.7592
v 66.1542 3.18436 -93.806
v 66.0085 3.02466 -93.8505
v 65.8706 2.8577 -93.8927
v 65.7406 2.68386 -93.9324
v 65.6189 2.50356 -93.9696
v 65.5059 -2.31725 -94.0042
v 65.6204 -2.50588 -93.9691
v 65.7438 -2.68833 -93.9314
v 65.8756 -2.86415 -93.8911
v 66.0157 -3.03291 -93.8483
v 66.1636 -3.19419 -93.8031
v 66.319 -3.3476 -93.7556
v 66.4814 -3.49275 -93.7059
v 66.6506 -3.62929 -93.6542
v 66.826 -3.75688 -93.6006
v 67.0073 -3.87521 -93.5451
v 67.1939 -3.98399 -93.4881
v 67.3855 -4.08294 -93.4295
v 67.5815 -4.17182 -93.3696
v 67.7816 -4.25042 -93.3084
v 67.9851 -4.31854 -93.2462
v 68.1916 -4.37601 -93.1831
v 68.4006 -4.42269 -93.1192
v 68.6115 -4.45847 -93.0547
v 68.8238 -4.48325 -92.9898
v 69.0371 -4.49698 -92.9245
v 69.2508 -4.49962 -92.8592
v 69.4643 -4.49117 -92.7939
v 69.6772 -4.47164 -92.7289
v 69.8889 -4.44109 -92.6641
v 70.0988 -4.39959 -92.5999
v 70.3066 -4.34724 -92.5364
v 70.5116 -4.28417 -92.4738
v 70.7133 -4.21054 -92.4121
v 70.9113 -4.12653 -92.3515
v 71.1051 -4.03234 -92.2923
v 71.2942 -3.92821 -92.2345
v 71.478 -3.81439 -92.1783
v 71.6563 -3.69117 -92.1238
v 71.8285 -3.55885 -92.0711
v 71.9942 -3.41776 -92.0205
v 72.153 -3.26824 -91.9719
v 72.3045 -3.11066 -91.9256
v 72.4483 -2.94541 -91.8816
v 72.5841 -2.77289 -91.8401
v 72.7116 -2.59354 -91.8012
v 72.8303 -2.4078 -91.7648
v 72.9402 -2.21612 -91.7313
v 73.0407 -2.01897 -91.7005
v 73.1318 -1.81685 -91.6727
v 73.2132 -1.61025 -91.6478
v 73.2847 -1.39968 -91.6259
v 73.3461 -1.18565 -91.6071
v 73.3973 -0.968706 -91.5915
v 73.4381 -0.74937 -91.579
v 73.4684 -0.528187 -91.5698
v 73.4882 -0.305701 -91.5637
v 73.4975 -0.082462 -91.5609
v 73.4961 0.140981 -91.5613
v 73.4841 0.364076 -91.565
v 73.4615 0.586273 -91.5719
v 73.4284 0.807025 -91.582
v 73.3849 1.02579 -91.5953
v 73.331 1.24202 -91.6118
v 73.267 1.45519 -91.6314
v 73.1929 1.66477 -91.654
v 73.1089 1.87025 -91.6797
v 73.0153 2.07112 -91.7083
v 72.9123 2.26688 -91.7398
v 72.8001 2.45705 -91.7741
v 72.679 2.64116 -91.8111
v 72.5493 2.81876 -91.8508
v 72.4114 2.98941 -91.8929
v 72.2655 3.15269 -91.9375
v 72.1121 3.3082 -91.9844
v 71.9514 3.45555 -92.0336
v 71.784 3.59438 -92.0847
v 71.6102 3.72434 -92.1379
v 71.4304 3.84513 -92.1928
v 71.2451 3.95643 -92.2495
v 71.0548 4.05798 -92.3077
v 70.8598 4.14952 -92.3673
v 70.6608 4.23084 -92.4281
v 70.4582 4.30172 -92.4901
v 70.2524 4.36199 -92.553
v 70.044 4.41151 -92.6167
v 69.8336 4.45015 -92.681
v 69.6215 4.47782 -92.7459
v 69.4084 4.49445 -92.811
v 84.4469 11 -115.401
v 76.8453 11 -90.5374
v 84.4469 -11 -115.401
v 76.8453 -11 -90.5374
v 35.8155 -11 -93.1473
v 34.7512 -11 -93.502
v 33.7058 -11 -93.9092
v 32.6821 -11 -94.3681
v 31.6825 -11 -94.8774
v 30.7095 -11 -95.436
v 29.7656 -11 -96.0423
v 28.8531 -11 -96.6949
v 27.9742 -11 -97.3922
v 27.1312 -11 -98.1324
v 26.3261 -11 -98.9138
v 25.561 -11 -99.7342
v 24.8377 -11 -100.592
v 24.1581 -11 -101.484
v 23.5238 -11 -102.41
v 22.9364 -11 -103.366
v 22.3974 -11 -104.35
v 21.9082 -11 -105.359
v 21.4698 -11 -106.392
v 21.0835 -11 -107.445
v 20.7501 -11 -108.516
v 20.4706 -11 -109.603
v 20.2455 -11 -110.702
v 20.0756 -11 -111.811
v 19.9611 -11 -112.927
v 19.9024 -11 -114.047
v 19.8996 -11 -115.169
v 19.9527 -11 -116.29
v 20.0616 -11 -117.406
v 20.226 -11 -118.516
v 20.4456 -11 -119.616
v 20.7197 -11 -120.704
v 21.0477 -11 -121.777
v 21.4288 -11 -122.832
v 21.862 -11 -123.867
v 22.3463 -11 -124.879
v 22.8803 -11 -125.866
v 23.4629 -11 -126.824
v 24.0926 -11 -127.753
v 24.7678 -11 -128.649
v 25.4868 -11 -129.51
v 26.2478 -11 -130.334
v 27.0489 -11 -131.12
v 27.8882 -11 -131.864
v 28.7636 -11 -132.566
v 29.6729 -11 -133.223
v 30.6138 -11 -133.834
v 31.5839 -11 -134.397
v 32.581 -11 -134.912
v 33.6024 -11 -135.376
v 34.6458 -11 -135.788
v 35.7083 -11 -136.148
v 36.7875 -11 -136.455
v 37.8806 -11 -136.707
v 38.985 -11 -136.904
v 40.0978 -11 -137.047
v 41.2163 -11 -137.133
v 42.3378 -11 -137.164
v 43.4594 -11 -137.139
v 44.5783 -11 -137.058
v 45.6919 -11 -136.921
v 46.7972 -11 -136.729
v 47.8916 -11 -136.482
v 48.9723 -11 -136.181
v 50.0366 -11 -135.826
v 51.082 -11 -135.419
v 52.1057 -11 -134.96
v 53.1053 -11 -134.451
v 54.0783 -11 -133.892
v 55.0222 -11 -133.286
v 55.9347 -11 -132.633
v 56.8136 -11 -131.936
v 57.6566 -11 -131.196
v 58.4617 -11 -130.415
v 59.2268 -11 -129.594
v 59.9501 -11 -128.737
v 60.6297 -11 -127.844
v 61.264 -11 -126.919
v 61.8514 -11 -125.963
v 62.3904 -11 -124.979
v 62.8796 -11 -123.969
v 63.318 -11 -122.937
v 63.7043 -11 -121.883
v 64.0377 -11 -120.812
v 64.3172 -11 -119.726
v 64.5423 -11 -118.627
v 64.7122 -11 -117.518
v 64.8267 -11 -116.402
v 64.8854 -11 -115.281
v 64.8882 -11 -114.159
v 64.8351 -11 -113.039
v 64.7262 -11 -111.922
v 64.5617 -11 -110.812
v 64.3422 -11 -109.712
v 64.0681 -11 -108.624
v 63.7401 -11 -107.551
v 63.359 -11 -106.496
v 62.9258 -11 -105.461
v 62.4415 -11 -104.449
v 61.9075 -11 -103.463
v 61.3249 -11 -102.504
v 60.6952 -11 -101.576
v 60.02 -11 -100.68
v 59.301 -11 -99.8184
v 58.54 -11 -98.9941
v 57.7389 -11 -98.2087
v 56.8995 -11 -97.4643
v 56.0242 -11 -96.7626
v 55.1149 -11 -96.1055
v 54.174 -11 -95.4945
v 53.2038 -11 -94.9311
v 52.2068 -11 -94.4168
v 51.1853 -11 -93.9528
v 50.142 -11 -93.5404
v 49.0795 -11 -93.1804
v 48.0003 -11 -92.8739
v 46.9072 -11 -92.6215
v 45.8028 -11 -92.4239
v 44.69 -11 -92.2817
v 43.5715 -11 -92.195
v 42.45 -11 -92.1643
v 41.3284 -11 -92.1894
v 40.2094 -11 -92.2705
v 39.0959 -11 -92.4072
v 37.9906 -11 -92.5993
v 36.8962 -11 -92.8462
v 35.8155 -11 -93.1473
v 35.8155 11 -93.1473
v 34.7512 11 -93.502
v 33.7058 11 -93.9092
v 32.6821 11 -94.3681
v 31.6825 11 -94.8774
v 30.7095 11 -95.436
v 29.7656 11 -96.0423
v 28.8531 11 -96.6949
v 27.9742 11 -97.3922
v 27.1312 11 -98.1324
v 26.3261 11 -98.9138
v 25.561 11 -99.7342
v 24.8377 11 -100.592
v 24.1581 11 -101.484
v 23.5238 11 -102.41
v 22.9364 11 -103.366
v 22.3974 11 -104.35
v 21.9082 11 -105.359
v 21.4698 11 -106.392
v 21.0835 11 -107.445
v 20.7501 11 -108.516
v 20.4706 11 -109.603
v 20.2455 11 -110.702
v 20.0756 11 -111.811
v 19.9611 11 -112.927
v 19.9024 11 -114.047
v 19.8996 11 -115.169
v 19.9527 11 -116.29
v 20.0616 11 -117.406
v 20.226 11 -118.516
v 20.4456 11 -119.616
v 20.7197 11 -120.704
v 21.0477 11 -121.777
v 21.4288 11 -122.832
v 21.862 11 -123.867
v 22.3463 11 -124.879
v 22.8803 11 -125.866
v 23.4629 11 -126.824
v 24.0926 11 -127.753
v 24.7678 11 -128.649
v 25.4868 11 -129.51
v 26.2478 11 -130.334
v 27.0489 11 -131.12
v 27.8882 11 -131.864
v 28.7636 11 -132.566
v 29.6729 11 -133.223
v 30.6138 11 -133.834
v 31.5839 11 -134.397
v 32.581 11 -134.912
v 33.6024 11 -135.376
v 34.6458 11 -135.788
v 35.7083 11 -136.148
v 36.7875 11 -136.455
v 37.8806 11 -136.707
v 38.985 11 -136.904
v 40.0978 11 -137.047
v 41.2163 11 -137.133
v 42.3378 11 -137.164
v 43.4594 11 -137.139
v 44.5783 11 -137.058
v 45.6919 11 -136.921
v 46.7972 11 -136.729
v 47.8916 11 -136.482
v 48.9723 11 -136.181
v 50.0366 11 -135.826
v 51.082 11 -135.419
v 52.1057 11 -134.96
v 53.1053 11 -134.451
v 54.0783 11 -133.892
v 55.0222 11 -133.286
v 55.9347 11 -132.633
v 56.8136 11 -131.936
v 57.6566 11 -131.196
v 58.4617 11 -130.415
v 59.2268 11 -129.594
v 59.9501 11 -128.737
v 60.6297 11 -127.844
v 61.264 11 -126.919
v 61.8514 11 -125.963
v 62.3904 11 -124.979
v 62.8796 11 -123.969
v 63.318 11 -122.937
v 63.7043 11 -121.883
v 64.0377 11 -120.812
v 64.3172 11 -119.726
v 64.5423 11 -118.627
v 64.7122 11 -117.518
v 64.8267 11 -116.402
v 64.8854 11 -115.281
v 64.8882 11 -114.159
v 64.8351 11 -113.039
v 64.7262 11 -111.922
v 64.5617 11 -110.812
v 64.3422 11 -109.712
v 64.0681 11 -108.624
v 63.7401 11 -107.551
v 63.359 11 -106.496
v 62.9258 11 -105.461
v 62.4415 11 -104.449
v 61.9075 11 -103.463
v 61.3249 11 -102.504
v 60.6952 11 -101.576
v 60.02 11 -100.68
v 59.301 11 -99.8184
v 58.54 11 -98.9941
v 57.7389 11 -98.2087
v 56.8995 11 -97.4643
v 56.0242 11 -96.7626
v 55.1149 11 -96.1055
v 54.174 11 -95.4945
v 53.2038 11 -94.9311
v 52.2068 11 -94.4168
v 51.1853 11 -93.9528
v 50.142 11 -93.5404
v 49.0795 11 -93.1804
v 48.0003 11 -92.8739
v 46.9072 11 -92.6215
v 45.8028 11 -92.4239
v 44.69 11 -92.2817
v 43.5715 11 -92.195
v 42.45 11 -92.1643
v 41.3284 11 -92.1894
v 40.2094 11 -92.2705
v 39.0959 11 -92.4072
v 37.9906 11 -92.5993
v 36.8962 11 -92.8462
v 35.8155 11 -93.1473
v 44.4395 -5 -83.7318
v 43.0676 -5 -83.6715
v 41.6943 -5 -83.6721
v 40.3224 -5 -83.7335
v 38.9546 -5 -83.8556
v 37.5935 -5 -84.0381
v 36.2418 -5 -84.2808
v 14.3089 -5 14.821
v 7.76123 -5 8.87508
v 8.47576 -5 9.2636
v 9.17089 -5 9.68585
v 9.84502 -5 10.1409
v 10.4966 -5 10.6276
v 11.1242 -5 11.145
v 11.7263 -5 11.6917
v 12.3016 -5 12.2667
v 12.8487 -5 12.8685
v 13.3664 -5 13.4958
v 13.8535 -5 14.1471
v 44.4395 -5 -83.7318
v 14.3089 -5 14.821
v 44.4395 -9 -83.7318
v 14.3089 -9 14.821
v 36.2418 5 -84.2808
v 7.76123 5 8.87508
v 36.2418 -5 -84.2808
v 7.76123 -5 8.87508
v 23.4008 -9 -90.1639
v -6.72978 -9 8.38878
v 44.4395 -9 -83.7318
v 42.9416 -9 -83.669
v 41.4425 -9 -83.6788
v 39.9456 -9 -83.761
v 38.4544 -9 -83.9155
v 36.9724 -9 -84.142
v 35.5031 -9 -84.4398
v 34.0499 -9 -84.8083
v 32.6162 -9 -85.2466
v 31.2054 -9 -85.7537
v 29.8207 -9 -86.3284
v 28.4655 -9 -86.9694
v 27.1428 -9 -87.6752
v 25.8558 -9 -88.4441
v 24.6075 -9 -89.2743
v 14.3089 -9 14.821
v -5.9645 -9 8.08068
v -5.18518 -9 7.81007
v -4.39365 -9 7.57758
v -3.59177 -9 7.38377
v -2.78143 -9 7.22908
v -1.96454 -9 7.11389
v -1.14302 -9 7.03847
v -0.318815 -9 7.00299
v 0.506143 -9 7.00754
v 1.32991 -9 7.0521
v 2.15054 -9 7.13657
v 2.96611 -9 7.26076
v 3.7747 -9 7.42437
v 4.57439 -9 7.62701
v 5.36332 -9 7.8682
v 6.13961 -9 8.14739
v 6.90145 -9 8.46391
v 7.64703 -9 8.81702
v 8.3746 -9 9.20588
v 9.08245 -9 9.62958
v 9.76892 -9 10.0871
v 10.4324 -9 10.5774
v 11.0713 -9 11.0993
v 11.6841 -9 11.6516
v 12.2694 -9 12.233
v 12.8258 -9 12.8421
v 13.352 -9 13.4775
v 13.8468 -9 14.1376
v 44.4395 5 -83.7318
v 43.0676 5 -83.6715
v 41.6943 5 -83.6721
v 40.3224 5 -83.7335
v 38.9546 5 -83.8556
v 37.5935 5 -84.0381
v 36.2418 5 -84.2808
v 14.3089 5 14.821
v 7.76123 5 8.87508
v 8.47576 5 9.2636
v 9.17089 5 9.68585
v 9.84502 5 10.1409
v 10.4966 5 10.6276
v 11.1242 5 11.145
v 11.7263 5 11.6917
v 12.3016 5 12.2667
v 12.8487 5 12.8685
v 13.3664 5 13.4958
v 13.8535 5 14.1471
v 23.4008 -5 -90.1639
v -6.72978 -5 8.38878
v 23.4008 -9 -90.1639
v -6.72978 -9 8.38878
v 44.4395 9 -83.7318
v 14.3089 9 14.821
v 44.4395 5 -83.7318
v 14.3089 5 14.821
v 23.4008 -5 -90.1639
v -6.72978 -5 8.38878
v 30.504 -5 -86.035
v 29.2477 -5 -86.5897
v 28.0173 -5 -87.1994
v 26.815 -5 -87.8631
v 25.6433 -5 -88.5794
v 24.5045 -5 -89.3468
v 2.0234 -5 7.12085
v -5.97541 -5 8.08477
v -5.20736 -5 7.81719
v -4.42739 -5 7.58665
v -3.63729 -5 7.39367
v -2.83886 -5 7.23871
v -2.03393 -5 7.12211
v -1.22435 -5 7.04415
v -0.411967 -5 7.00499
v 0.401361 -5 7.00474
v 1.21377 -5 7.04339
v 23.4008 9 -90.1639
v 24.6075 9 -89.2743
v 25.8558 9 -88.4441
v 27.1428 9 -87.6752
v 28.4655 9 -86.9694
v 29.8207 9 -86.3284
v 31.2054 9 -85.7537
v 32.6162 9 -85.2466
v 34.0499 9 -84.8083
v 35.5031 9 -84.4398
v 36.9724 9 -84.142
v 38.4544 9 -83.9155
v 39.9456 9 -83.761
v 41.4425 9 -83.6788
v 42.9416 9 -83.669
v 44.4395 9 -83.7318
v 14.3089 9 14.821
v -6.72978 9 8.38878
v -5.9645 9 8.08068
v -5.18518 9 7.81007
v -4.39365 9 7.57758
v -3.59177 9 7.38377
v -2.78143 9 7.22908
v -1.96454 9 7.11389
v -1.14302 9 7.03847
v -0.318815 9 7.00299
v 0.506143 9 7.00754
v 1.32991 9 7.0521
v 2.15054 9 7.13657
v 2.96611 9 7.26076
v 3.7747 9 7.42437
v 4.57439 9 7.62701
v 5.36332 9 7.8682
v 6.13961 9 8.14739
v 6.90145 9 8.46391
v 7.64703 9 8.81702
v 8.3746 9 9.20588
v 9.08245 9 9.62958
v 9.76892 9 10.0871
v 10.4324 9 10.5774
v 11.0713 9 11.0993
v 11.6841 9 11.6516
v 12.2694 9 12.233
v 12.8258 9 12.8421
v 13.352 9 13.4775
v 13.8468 9 14.1376
v 30.504 5 -86.035
v 2.0234 5 7.12085
v 30.504 -5 -86.035
v 2.0234 -5 7.12085
v 23.4008 9 -90.1639
v -6.72978 9 8.38878
v 23.4008 5 -90.1639
v -6.72978 5 8.38878
v 23.4008 5 -90.1639
v -6.72978 5 8.38878
v 30.504 5 -86.035
v 29.2477 5 -86.5897
v 28.0173 5 -87.1994
v 26.815 5 -87.8631
v 25.6433 5 -88.5794
v 24.5045 5 -89.3468
v 2.0234 5 7.12085
v -5.97541 5 8.08477
v -5.20736 5 7.81719
v -4.42739 5 7.58665
v -3.63729 5 7.39367
v -2.83886 5 7.23871
v -2.03393 5 7.12211
v -1.22435 5 7.04415
v -0.411967 5 7.00499
v 0.401361 5 7.00474
v 1.21377 5 7.04339
v -4.97032 11 40.2572
v -4.97032 -11 40.2572
v -4.97032 -11 40.2572
v -5.77449 -11 39.9892
v -6.56431 -11 39.6815
v -7.33781 -11 39.3348
v -8.09307 -11 38.95
v -8.8282 -11 38.528
v -9.54139 -11 38.0699
v -10.2309 -11 37.5768
v -10.8949 -11 37.05
v -11.5318 -11 36.4907
v -12.1401 -11 35.9003
v -12.7182 -11 35.2804
v -13.2647 -11 34.6324
v -13.7782 -11 33.958
v -14.2574 -11 33.2589
v -14.7012 -11 32.5367
v -15.1084 -11 31.7933
v -15.4781 -11 31.0305
v -15.8093 -11 30.2502
v -16.1012 -11 29.4544
v -16.3531 -11 28.6451
v -16.5643 -11 27.8242
v -16.7343 -11 26.9938
v -16.8627 -11 26.1559
v -16.9492 -11 25.3127
v -16.9936 -11 24.4662
v -16.9957 -11 23.6186
v -16.9556 -11 22.7719
v -16.8733 -11 21.9282
v -16.749 -11 21.0897
v -16.5832 -11 20.2585
v -16.376 -11 19.4365
v -16.1282 -11 18.6259
v -15.8403 -11 17.8287
v -15.513 -11 17.0468
v -15.1471 -11 16.2822
v -14.7436 -11 15.5367
v -14.3034 -11 14.8123
v -13.8276 -11 14.1108
v -13.3175 -11 13.4338
v -12.7743 -11 12.7832
v -12.1993 -11 12.1604
v -11.594 -11 11.567
v -10.9598 -11 11.0045
v -10.2984 -11 10.4744
v -9.61143 -11 9.97786
v -8.90054 -11 9.5162
v -8.16752 -11 9.09055
v -7.41419 -11 8.70197
v -6.64243 -11 8.35142
v -5.85415 -11 8.03977
v -5.05133 -11 7.76781
v -4.23594 -11 7.5362
v -3.41002 -11 7.34552
v -2.57562 -11 7.19625
v -1.73482 -11 7.08875
v -0.889711 -11 7.0233
v -0.0423865 -11 7.00005
v 0.805044 -11 7.01907
v 1.65047 -11 7.08031
v 2.4918 -11 7.18361
v 3.32693 -11 7.32872
v 4.15379 -11 7.51528
v 4.97032 -11 7.74282
v 5.77449 -11 8.01078
v 6.56431 -11 8.31849
v 7.33781 -11 8.66519
v 8.09307 -11 9.05001
v 8.8282 -11 9.472
v 9.54139 -11 9.93011
v 10.2309 -11 10.4232
v 10.8949 -11 10.95
v 11.5318 -11 11.5093
v 12.1401 -11 12.0997
v 12.7182 -11 12.7196
v 13.2647 -11 13.3676
v 13.7782 -11 14.042
v 14.2574 -11 14.7411
v 14.7012 -11 15.4633
v 15.1084 -11 16.2067
v 15.4781 -11 16.9695
v 15.8093 -11 17.7498
v 16.1012 -11 18.5456
v 16.3531 -11 19.3549
v 16.5643 -11 20.1758
v 16.7343 -11 21.0062
v 16.8627 -11 21.8441
v 16.9492 -11 22.6873
v 16.9936 -11 23.5338
v 16.9957 -11 24.3814
v 16.9556 -11 25.2281
v 16.8733 -11 26.0718
v 16.749 -11 26.9103
v 16.5832 -11 27.7415
v 16.376 -11 28.5635
v 16.1282 -11 29.3741
v 15.8403 -11 30.1713
v 15.513 -11 30.9532
v 15.1471 -11 31.7178
v 14.7436 -11 32.4633
v 14.3034 -11 33.1877
v 13.8276 -11 33.8892
v 13.3175 -11 34.5662
v 12.7743 -11 35.2168
v 12.1993 -11 35.8396
v 11.594 -11 36.433
v 10.9598 -11 36.9955
v 10.2984 -11 37.5256
v 9.61143 -11 38.0221
v 8.90054 -11 38.4838
v 8.16752 -11 38.9094
v 7.41419 -11 39.298
v 6.64243 -11 39.6486
v 5.85415 -11 39.9602
v 5.05133 -11 40.2322
v 4.23594 -11 40.4638
v 3.41002 -11 40.6545
v 2.57562 -11 40.8038
v 1.73482 -11 40.9113
v 0.889711 -11 40.9767
v 0.0423865 -11 40.9999
v -0.805044 -11 40.9809
v -1.65047 -11 40.9197
v -2.4918 -11 40.8164
v -3.32693 -11 40.6713
v -4.15379 -11 40.4847
v -4.97032 11 40.2572
v -5.77449 11 39.9892
v -6.56431 11 39.6815
v -7.33781 11 39.3348
v -8.09307 11 38.95
v -8.8282 11 38.528
v -9.54139 11 38.0699
v -10.2309 11 37.5768
v -10.8949 11 37.05
v -11.5318 11 36.4907
v -12.1401 11 35.9003
v -12.7182 11 35.2804
v -13.2647 11 34.6324
v -13.7782 11 33.958
v -14.2574 11 33.2589
v -14.7012 11 32.5367
v -15.1084 11 31.7933
v -15.4781 11 31.0305
v -15.8093 11 30.2502
v -16.1012 11 29.4544
v -16.3531 11 28.6451
v -16.5643 11 27.8242
v -16.7343 11 26.9938
v -16.8627 11 26.1559
v -16.9492 11 25.3127
v -16.9936 11 24.4662
v -16.9957 11 23.6186
v -16.9556 11 22.7719
v -16.8733 11 21.9282
v -16.749 11 21.0897
v -16.5832 11 20.2585
v -16.376 11 19.4365
v -16.1282 11 18.6259
v -15.8403 11 17.8287
v -15.513 11 17.0468
v -15.1471 11 16.2822
v -14.7436 11 15.5367
v -14.3034 11 14.8123
v -13.8276 11 14.1108
v -13.3175 11 13.4338
v -12.7743 11 12.7832
v -12.1993 11 12.1604
v -11.594 11 11.567
v -10.9598 11 11.0045
v -10.2984 11 10.4744
v -9.61143 11 9.97786
v -8.90054 11 9.5162
v -8.16752 11 9.09055
v -7.41419 11 8.70197
v -6.64243 11 8.35142
v -5.85415 11 8.03977
v -5.05133 11 7.76781
v -4.23594 11 7.5362
v -3.41002 11 7.34552
v -2.57562 11 7.19625
v -1.73482 11 7.08875
v -0.889711 11 7.0233
v -0.0423865 11 7.00005
v 0.805044 11 7.01907
v 1.65047 11 7.08031
v 2.4918 11 7.18361
v 3.32693 11 7.32872
v 4.15379 11 7.51528
v 4.97032 11 7.74282
v 5.77449 11 8.01078
v 6.56431 11 8.31849
v 7.33781 11 8.66519
v 8.09307 11 9.05001
v 8.8282 11 9.472
v 9.54139 11 9.93011
v 10.2309 11 10.4232
v 10.8949 11 10.95
v 11.5318 11 11.5093
v 12.1401 11 12.0997
v 12.7182 11 12.7196
v 13.2647 11 13.3676
v 13.7782 11 14.042
v 14.2574 11 14.7411
v 14.7012 11 15.4633
v 15.1084 11 16.2067
v 15.4781 11 16.9695
v 15.8093 11 17.7498
v 16.1012 11 18.5456
v 16.3531 11 19.3549
v 16.5643 11 20.1758
v 16.7343 11 21.0062
v 16.8627 11 21.8441
v 16.9492 11 22.6873
v 16.9936 11 23.5338
v 16.9957 11 24.3814
v 16.9556 11 25.2281
v 16.8733 11 26.0718
v 16.749 11 26.9103
v 16.5832 11 27.7415
v 16.376 11 28.5635
v 16.1282 11 29.3741
v 15.8403 11 30.1713
v 15.513 11 30.9532
v 15.1471 11 31.7178
v 14.7436 11 32.4633
v 14.3034 11 33.1877
v 13.8276 11 33.8892
v 13.3175 11 34.5662
v 12.7743 11 35.2168
v 12.1993 11 35.8396
v 11.594 11 36.433
v 10.9598 11 36.9955
v 10.2984 11 37.5256
v 9.61143 11 38.0221
v 8.90054 11 38.4838
v 8.16752 11 38.9094
v 7.41419 11 39.298
v 6.64243 11 39.6486
v 5.85415 11 39.9602
v 5.05133 11 40.2322
v 4.23594 11 40.4638
v 3.41002 11 40.6545
v 2.57562 11 40.8038
v 1.73482 11 40.9113
v 0.889711 11 40.9767
v 0.0423865 11 40.9999
v -0.805044 11 40.9809
v -1.65047 11 40.9197
v -2.4918 11 40.8164
v -3.32693 11 40.6713
v -4.15379 11 40.4847
v 7.76123 -5 8.87508
v 8.47576 -5 9.2636
v 9.17089 -5 9.68585
v 9.84502 -5 10.1409
v 10.4966 -5 10.6276
v 11.1242 -5 11.145
v 11.7263 -5 11.6917
v 12.3016 -5 12.2667
v 12.8487 -5 12.8685
v 13.3664 -5 13.4958
v 13.8535 -5 14.1471
v 14.3089 -5 14.821
v 7.76123 5 8.87508
v 8.47576 5 9.2636
v 9.17089 5 9.68585
v 9.84502 5 10.1409
v 10.4966 5 10.6276
v 11.1242 5 11.145
v 11.7263 5 11.6917
v 12.3016 5 12.2667
v 12.8487 5 12.8685
v 13.3664 5 13.4958
v 13.8535 5 14.1471
v 14.3089 5 14.821
v 14.3089 9 14.821
v -6.72978 9 8.38878
v -5.9645 9 8.08068
v -5.18518 9 7.81007
v -4.39365 9 7.57758
v -3.59177 9 7.38377
v -2.78143 9 7.22908
v -1.96454 9 7.11389
v -1.14302 9 7.03847
v -0.318815 9 7.00299
v 0.506143 9 7.00754
v 1.32991 9 7.0521
v 2.15054 9 7.13657
v 2.96611 9 7.26076
v 3.7747 9 7.42437
v 4.57439 9 7.62701
v 5.36332 9 7.8682
v 6.13961 9 8.14739
v 6.90145 9 8.46391
v 7.64703 9 8.81702
v 8.3746 9 9.20588
v 9.08245 9 9.62958
v 9.76892 9 10.0871
v 10.4324 9 10.5774
v 11.0713 9 11.0993
v 11.6841 9 11.6516
v 12.2694 9 12.233
v 12.8258 9 12.8421
v 13.352 9 13.4775
v 13.8468 9 14.1376
v -6.72978 5 8.38878
v -5.97541 5 8.08477
v -5.20736 5 7.81719
v -4.42739 5 7.58665
v -3.63729 5 7.39367
v -2.83886 5 7.23871
v -2.03393 5 7.12211
v -1.22435 5 7.04415
v -0.411967 5 7.00499
v 0.401361 5 7.00474
v 1.21377 5 7.04339
v 2.0234 5 7.12085
v 2.0234 -5 7.12085
v -6.72978 -5 8.38878
v -5.97541 -5 8.08477
v -5.20736 -5 7.81719
v -4.42739 -5 7.58665
v -3.63729 -5 7.39367
v -2.83886 -5 7.23871
v -2.03393 -5 7.12211
v -1.22435 -5 7.04415
v -0.411967 -5 7.00499
v 0.401361 -5 7.00474
v 1.21377 -5 7.04339
v -6.72978 -9 8.38878
v -5.9645 -9 8.08068
v -5.18518 -9 7.81007
v -4.39365 -9 7.57758
v -3.59177 -9 7.38377
v -2.78143 -9 7.22908
v -1.96454 -9 7.11389
v -1.14302 -9 7.03847
v -0.318815 -9 7.00299
v 0.506143 -9 7.00754
v 1.32991 -9 7.0521
v 2.15054 -9 7.13657
v 2.96611 -9 7.26076
v 3.7747 -9 7.42437
v 4.57439 -9 7.62701
v 5.36332 -9 7.8682
v 6.13961 -9 8.14739
v 6.90145 -9 8.46391
v 7.64703 -9 8.81702
v 8.3746 -9 9.20588
v 9.08245 -9 9.62958
v 9.76892 -9 10.0871
v 10.4324 -9 10.5774
v 11.0713 -9 11.0993
v 11.6841 -9 11.6516
v 12.2694 -9 12.233
v 12.8258 -9 12.8421
v 13.352 -9 13.4775
v 13.8468 -9 14.1376
v 14.3089 -9 14.821
v -4.97032 11 40.2572
v -5.77449 11 39.9892
v -6.56431 11 39.6815
v -7.33781 11 39.3348
v -8.09307 11 38.95
v -8.8282 11 38.528
v -9.54139 11 38.0699
v -10.2309 11 37.5768
v -10.8949 11 37.05
v -11.5318 11 36.4907
v -12.1401 11 35.9003
v -12.7182 11 35.2804
v -13.2647 11 34.6324
v -13.7782 11 33.958
v -14.2574 11 33.2589
v -14.7012 11 32.5367
v -15.1084 11 31.7933
v -15.4781 11 31.0305
v -15.8093 11 30.2502
v -16.1012 11 29.4544
v -16.3531 11 28.6451
v -16.5643 11 27.8242
v -16.7343 11 26.9938
v -16.8627 11 26.1559
v -16.9492 11 25.3127
v -16.9936 11 24.4662
v -16.9957 11 23.6186
v -16.9556 11 22.7719
v -16.8733 11 21.9282
v -16.749 11 21.0897
v -16.5832 11 20.2585
v -16.376 11 19.4365
v -16.1282 11 18.6259
v -15.8403 11 17.8287
v -15.513 11 17.0468
v -15.1471 11 16.2822
v -14.7436 11 15.5367
v -14.3034 11 14.8123
v -13.8276 11 14.1108
v -13.3175 11 13.4338
v -12.7743 11 12.7832
v -12.1993 11 12.1604
v -11.594 11 11.567
v -10.9598 11 11.0045
v -10.2984 11 10.4744
v -9.61143 11 9.97786
v -8.90054 11 9.5162
v -8.16752 11 9.09055
v -7.41419 11 8.70197
v -6.64243 11 8.35142
v -5.85415 11 8.03977
v -5.05133 11 7.76781
v -4.23594 11 7.5362
v -3.41002 11 7.34552
v -2.57562 11 7.19625
v -1.73482 11 7.08875
v -0.889711 11 7.0233
v -0.0423865 11 7.00005
v 0.805044 11 7.01907
v 1.65047 11 7.08031
v 2.4918 11 7.18361
v 3.32693 11 7.32872
v 4.15379 11 7.51528
v 4.97032 11 7.74282
v 5.77449 11 8.01078
v 6.56431 11 8.31849
v 7.33781 11 8.66519
v 8.09307 11 9.05001
v 8.8282 11 9.472
v 9.54139 11 9.93011
v 10.2309 11 10.4232
v 10.8949 11 10.95
v 11.5318 11 11.5093
v 12.1401 11 12.0997
v 12.7182 11 12.7196
v 13.2647 11 13.3676
v 13.7782 11 14.042
v 14.2574 11 14.7411
v 14.7012 11 15.4633
v 15.1084 11 16.2067
v 15.4781 11 16.9695
v 15.8093 11 17.7498
v 16.1012 11 18.5456
v 16.3531 11 19.3549
v 16.5643 11 20.1758
v 16.7343 11 21.0062
v 16.8627 11 21.8441
v 16.9492 11 22.6873
v 16.9936 11 23.5338
v 16.9957 11 24.3814
v 16.9556 11 25.2281
v 16.8733 11 26.0718
v 16.749 11 26.9103
v 16.5832 11 27.7415
v 16.376 11 28.5635
v 16.1282 11 29.3741
v 15.8403 11 30.1713
v 15.513 11 30.9532
v 15.1471 11 31.7178
v 14.7436 11 32.4633
v 14.3034 11 33.1877
v 13.8276 11 33.8892
v 13.3175 11 34.5662
v 12.7743 11 35.2168
v 12.1993 11 35.8396
v 11.594 11 36.433
v 10.9598 11 36.9955
v 10.2984 11 37.5256
v 9.61143 11 38.0221
v 8.90054 11 38.4838
v 8.16752 11 38.9094
v 7.41419 11 39.298
v 6.64243 11 39.6486
v 5.85415 11 39.9602
v 5.05133 11 40.2322
v 4.23594 11 40.4638
v 3.41002 11 40.6545
v 2.57562 11 40.8038
v 1.73482 11 40.9113
v 0.889711 11 40.9767
v 0.0423865 11 40.9999
v -0.805044 11 40.9809
v -1.65047 11 40.9197
v -2.4918 11 40.8164
v -3.32693 11 40.6713
v -4.15379 11 40.4847
v -3.21609 11 34.5194
v -3.73644 11 34.346
v -4.2475 11 34.1469
v -4.748 11 33.9225
v -5.23669 11 33.6735
v -5.71237 11 33.4005
v -6.17384 11 33.104
v -6.61997 11 32.785
v -7.04963 11 32.4441
v -7.46177 11 32.0822
v -7.85536 11 31.7002
v -8.22942 11 31.2991
v -8.58302 11 30.8798
v -8.91528 11 30.4434
v -9.22538 11 29.991
v -9.51254 11 29.5237
v -9.77605 11 29.0427
v -10.0153 11 28.5491
v -10.2296 11 28.0443
v -10.4184 11 27.5293
v -10.5814 11 27.0056
v -10.7181 11 26.4745
v -10.8281 11 25.9371
v -10.9112 11 25.395
v -10.9672 11 24.8494
v -10.9959 11 24.3017
v -10.9972 11 23.7532
v -10.9713 11 23.2053
v -10.918 11 22.6594
v -10.8376 11 22.1169
v -10.7303 11 21.579
v -10.5963 11 21.0472
v -10.4359 11 20.5227
v -10.2496 11 20.0068
v -10.0378 11 19.5009
v -9.80107 11 19.0061
v -9.53996 11 18.5238
v -9.25514 11 18.055
v -8.9473 11 17.6011
v -8.61722 11 17.1631
v -8.26572 11 16.742
v -7.89366 11 16.3391
v -7.50198 11 15.9551
v -7.09165 11 15.5912
v -6.66369 11 15.2481
v -6.21916 11 14.9269
v -5.75917 11 14.6281
v -5.28486 11 14.3527
v -4.79742 11 14.1013
v -4.29804 11 13.8744
v -3.78798 11 13.6728
v -3.2685 11 13.4968
v -2.7409 11 13.347
v -2.20648 11 13.2236
v -1.66658 11 13.127
v -1.12253 11 13.0574
v -0.575696 11 13.0151
v -0.0274266 11 13
v 0.520911 11 13.0123
v 1.06795 11 13.052
v 1.61234 11 13.1188
v 2.15272 11 13.2127
v 2.68774 11 13.3334
v 3.21609 11 13.4806
v 3.73644 11 13.654
v 4.2475 11 13.8531
v 4.748 11 14.0775
v 5.23669 11 14.3265
v 5.71237 11 14.5995
v 6.17384 11 14.896
v 6.61997 11 15.215
v 7.04963 11 15.5559
v 7.46177 11 15.9178
v 7.85536 11 16.2998
v 8.22942 11 16.7009
v 8.58302 11 17.1202
v 8.91528 11 17.5566
v 9.22538 11 18.009
v 9.51254 11 18.4763
v 9.77605 11 18.9573
v 10.0153 11 19.4509
v 10.2296 11 19.9557
v 10.4184 11 20.4707
v 10.5814 11 20.9944
v 10.7181 11 21.5255
v 10.8281 11 22.0629
v 10.9112 11 22.605
v 10.9672 11 23.1506
v 10.9959 11 23.6983
v 10.9972 11 24.2468
v 10.9713 11 24.7947
v 10.918 11 25.3406
v 10.8376 11 25.8831
v 10.7303 11 26.421
v 10.5963 11 26.9528
v 10.4359 11 27.4773
v 10.2496 11 27.9932
v 10.0378 11 28.4991
v 9.80107 11 28.9939
v 9.53996 11 29.4762
v 9.25514 11 29.945
v 8.9473 11 30.3989
v 8.61722 11 30.8369
v 8.26572 11 31.258
v 7.89366 11 31.6609
v 7.50198 11 32.0449
v 7.09165 11 32.4088
v 6.66369 11 32.7519
v 6.21916 11 33.0731
v 5.75917 11 33.3719
v 5.28486 11 33.6473
v 4.79742 11 33.8987
v 4.29804 11 34.1256
v 3.78798 11 34.3272
v 3.2685 11 34.5032
v 2.7409 11 34.653
v 2.20648 11 34.7764
v 1.66658 11 34.873
v 1.12253 11 34.9426
v 0.575696 11 34.9849
v 0.0274266 11 35
v -0.520911 11 34.9877
v -1.06795 11 34.948
v -1.61234 11 34.8812
v -2.15272 11 34.7873
v -2.68774 11 34.6666
v -4.97032 -11 40.2572
v -5.77449 -11 39.9892
v -6.56431 -11 39.6815
v -7.33781 -11 39.3348
v -8.09307 -11 38.95
v -8.8282 -11 38.528
v -9.54139 -11 38.0699
v -10.2309 -11 37.5768
v -10.8949 -11 37.05
v -11.5318 -11 36.4907
v -12.1401 -11 35.9003
v -12.7182 -11 35.2804
v -13.2647 -11 34.6324
v -13.7782 -11 33.958
v -14.2574 -11 33.2589
v -14.7012 -11 32.5367
v -15.1084 -11 31.7933
v -15.4781 -11 31.0305
v -15.8093 -11 30.2502
v -16.1012 -11 29.4544
v -16.3531 -11 28.6451
v -16.5643 -11 27.8242
v -16.7343 -11 26.9938
v -16.8627 -11 26.1559
v -16.9492 -11 25.3127
v -16.9936 -11 24.4662
v -16.9957 -11 23.6186
v -16.9556 -11 22.7719
v -16.8733 -11 21.9282
v -16.749 -11 21.0897
v -16.5832 -11 20.2585
v -16.376 -11 19.4365
v -16.1282 -11 18.6259
v -15.8403 -11 17.8287
v -15.513 -11 17.0468
v -15.1471 -11 16.2822
v -14.7436 -11 15.5367
v -14.3034 -11 14.8123
v -13.8276 -11 14.1108
v -13.3175 -11 13.4338
v -12.7743 -11 12.7832
v -12.1993 -11 12.1604
v -11.594 -11 11.567
v -10.9598 -11 11.0045
v -10.2984 -11 10.4744
v -9.61143 -11 9.97786
v -8.90054 -11 9.5162
v -8.16752 -11 9.09055
v -7.41419 -11 8.70197
v -6.64243 -11 8.35142
v -5.85415 -11 8.03977
v -5.05133 -11 7.76781
v -4.23594 -11 7.5362
v -3.41002 -11 7.34552
v -2.57562 -11 7.19625
v -1.73482 -11 7.08875
v -0.889711 -11 7.0233
v -0.0423865 -11 7.00005
v 0.805044 -11 7.01907
v 1.65047 -11 7.08031
v 2.4918 -11 7.18361
v 3.32693 -11 7.32872
v 4.15379 -11 7.51528
v 4.97032 -11 7.74282
v 5.77449 -11 8.01078
v 6.56431 -11 8.31849
v 7.33781 -11 8.66519
v 8.09307 -11 9.05001
v 8.8282 -11 9.472
v 9.54139 -11 9.93011
v 10.2309 -11 10.4232
v 10.8949 -11 10.95
v 11.5318 -11 11.5093
v 12.1401 -11 12.0997
v 12.7182 -11 12.7196
v 13.2647 -11 13.3676
v 13.7782 -11 14.042
v 14.2574 -11 14.7411
v 14.7012 -11 15.4633
v 15.1084 -11 16.2067
v 15.4781 -11 16.9695
v 15.8093 -11 17.7498
v 16.1012 -11 18.5456
v 16.3531 -11 19.3549
v 16.5643 -11 20.1758
v 16.7343 -11 21.0062
v 16.8627 -11 21.8441
v 16.9492 -11 22.6873
v 16.9936 -11 23.5338
v 16.9957 -11 24.3814
v 16.9556 -11 25.2281
v 16.8733 -11 26.0718
v 16.749 -11 26.9103
v 16.5832 -11 27.7415
v 16.376 -11 28.5635
v 16.1282 -11 29.3741
v 15.8403 -11 30.1713
v 15.513 -11 30.9532
v 15.1471 -11 31.7178
v 14.7436 -11 32.4633
v 14.3034 -11 33.1877
v 13.8276 -11 33.8892
v 13.3175 -11 34.5662
v 12.7743 -11 35.2168
v 12.1993 -11 35.8396
v 11.594 -11 36.433
v 10.9598 -11 36.9955
v 10.2984 -11 37.5256
v 9.61143 -11 38.0221
v 8.90054 -11 38.4838
v 8.16752 -11 38.9094
v 7.41419 -11 39.298
v 6.64243 -11 39.6486
v 5.85415 -11 39.9602
v 5.05133 -11 40.2322
v 4.23594 -11 40.4638
v 3.41002 -11 40.6545
v 2.57562 -11 40.8038
v 1.73482 -11 40.9113
v 0.889711 -11 40.9767
v 0.0423865 -11 40.9999
v -0.805044 -11 40.9809
v -1.65047 -11 40.9197
v -2.4918 -11 40.8164
v -3.32693 -11 40.6713
v -4.15379 -11 40.4847
v -3.21609 -11 34.5194
v -3.73644 -11 34.346
v -4.2475 -11 34.1469
v -4.748 -11 33.9225
v -5.23669 -11 33.6735
v -5.71237 -11 33.4005
v -6.17384 -11 33.104
v -6.61997 -11 32.785
v -7.04963 -11 32.4441
v -7.46177 -11 32.0822
v -7.85536 -11 31.7002
v -8.22942 -11 31.2991
v -8.58302 -11 30.8798
v -8.91528 -11 30.4434
v -9.22538 -11 29.991
v -9.51254 -11 29.5237
v -9.77605 -11 29.0427
v -10.0153 -11 28.5491
v -10.2296 -11 28.0443
v -10.4184 -11 27.5293
v -10.5814 -11 27.0056
v -10.7181 -11 26.4745
v -10.8281 -11 25.9371
v -10.9112 -11 25.395
v -10.9672 -11 24.8494
v -10.9959 -11 24.3017
v -10.9972 -11 23.7532
v -10.9713 -11 23.2053
v -10.918 -11 22.6594
v -10.8376 -11 22.1169
v -10.7303 -11 21.579
v -10.5963 -11 21.0472
v -10.4359 -11 20.5227
v -10.2496 -11 20.0068
v -10.0378 -11 19.5009
v -9.80107 -11 19.0061
v -9.53996 -11 18.5238
v -9.25514 -11 18.055
v -8.9473 -11 17.6011
v -8.61722 -11 17.1631
v -8.26572 -11 16.742
v -7.89366 -11 16.3391
v -7.50198 -11 15.9551
v -7.09165 -11 15.5912
v -6.66369 -11 15.2481
v -6.21916 -11 14.9269
v -5.75917 -11 14.6281
v -5.28486 -11 14.3527
v -4.79742 -11 14.1013
v -4.29804 -11 13.8744
v -3.78798 -11 13.6728
v -3.2685 -11 13.4968
v -2.7409 -11 13.347
v -2.20648 -11 13.2236
v -1.66658 -11 13.127
v -1.12253 -11 13.0574
v -0.575696 -11 13.0151
v -0.0274266 -11 13
v 0.520911 -11 13.0123
v 1.06795 -11 13.052
v 1.61234 -11 13.1188
v 2.15272 -11 13.2127
v 2.68774 -11 13.3334
v 3.21609 -11 13.4806
v 3.73644 -11 13.654
v 4.2475 -11 13.8531
v 4.748 -11 14.0775
v 5.23669 -11 14.3265
v 5.71237 -11 14.5995
v 6.17384 -11 14.896
v 6.61997 -11 15.215
v 7.04963 -11 15.5559
v 7.46177 -11 15.9178
v 7.85536 -11 16.2998
v 8.22942 -11 16.7009
v 8.58302 -11 17.1202
v 8.91528 -11 17.5566
v 9.22538 -11 18.009
v 9.51254 -11 18.4763
v 9.77605 -11 18.9573
v 10.0153 -11 19.4509
v 10.2296 -11 19.9557
v 10.4184 -11 20.4707
v 10.5814 -11 20.9944
v 10.7181 -11 21.5255
v 10.8281 -11 22.0629
v 10.9112 -11 22.605
v 10.9672 -11 23.1506
v 10.9959 -11 23.6983
v 10.9972 -11 24.2468
v 10.9713 -11 24.7947
v 10.918 -11 25.3406
v 10.8376 -11 25.8831
v 10.7303 -11 26.421
v 10.5963 -11 26.9528
v 10.4359 -11 27.4773
v 10.2496 -11 27.9932
v 10.0378 -11 28.4991
v 9.80107 -11 28.9939
v 9.53996 -11 29.4762
v 9.25514 -11 29.945
v 8.9473 -11 30.3989
v 8.61722 -11 30.8369
v 8.26572 -11 31.258
v 7.89366 -11 31.6609
v 7.50198 -11 32.0449
v 7.09165 -11 32.4088
v 6.66369 -11 32.7519
v 6.21916 -11 33.0731
v 5.75917 -11 33.3719
v 5.28486 -11 33.6473
v 4.79742 -11 33.8987
v 4.29804 -11 34.1256
v 3.78798 -11 34.3272
v 3.2685 -11 34.5032
v 2.7409 -11 34.653
v 2.20648 -11 34.7764
v 1.66658 -11 34.873
v 1.12253 -11 34.9426
v 0.575696 -11 34.9849
v 0.0274266 -11 35
v -0.520911 -11 34.9877
v -1.06795 -11 34.948
v -1.61234 -11 34.8812
v -2.15272 -11 34.7873
v -2.68774 -11 34.6666
v -3.21609 -11 34.5194
v -3.73644 -11 34.346
v -4.2475 -11 34.1469
v -4.748 -11 33.9225
v -5.23669 -11 33.6735
v -5.71237 -11 33.4005
v -6.17384 -11 33.104
v -6.61997 -11 32.785
v -7.04963 -11 32.4441
v -7.46177 -11 32.0822
v -7.85536 -11 31.7002
v -8.22942 -11 31.2991
v -8.58302 -11 30.8798
v -8.91528 -11 30.4434
v -9.22538 -11 29.991
v -9.51254 -11 29.5237
v -9.77605 -11 29.0427
v -10.0153 -11 28.5491
v -10.2296 -11 28.0443
v -10.4184 -11 27.5293
v -10.5814 -11 27.0056
v -10.7181 -11 26.4745
v -10.8281 -11 25.9371
v -10.9112 -11 25.395
v -10.9672 -11 24.8494
v -10.9959 -11 24.3017
v -10.9972 -11 23.7532
v -10.9713 -11 23.2053
v -10.918 -11 22.6594
v -10.8376 -11 22.1169
v -10.7303 -11 21.579
v -10.5963 -11 21.0472
v -10.4359 -11 20.5227
v -10.2496 -11 20.0068
v -10.0378 -11 19.5009
v -9.80107 -11 19.0061
v -9.53996 -11 18.5238
v -9.25514 -11 18.055
v -8.9473 -11 17.6011
v -8.61722 -11 17.1631
v -8.26572 -11 16.742
v -7.89366 -11 16.3391
v -7.50198 -11 15.9551
v -7.09165 -11 15.5912
v -6.66369 -11 15.2481
v -6.21916 -11 14.9269
v -5.75917 -11 14.6281
v -5.28486 -11 14.3527
v -4.79742 -11 14.1013
v -4.29804 -11 13.8744
v -3.78798 -11 13.6728
v -3.2685 -11 13.4968
v -2.7409 -11 13.347
v -2.20648 -11 13.2236
v -1.66658 -11 13.127
v -1.12253 -11 13.0574
v -0.575696 -11 13.0151
v -0.0274266 -11 13
v 0.520911 -11 13.0123
v 1.06795 -11 13.052
v 1.61234 -11 13.1188
v 2.15272 -11 13.2127
v 2.68774 -11 13.3334
v 3.21609 -11 13.4806
v 3.73644 -11 13.654
v 4.2475 -11 13.8531
v 4.748 -11 14.0775
v 5.23669 -11 14.3265
v 5.71237 -11 14.5995
v 6.17384 -11 14.896
v 6.61997 -11 15.215
v 7.04963 -11 15.5559
v 7.46177 -11 15.9178
v 7.85536 -11 16.2998
v 8.22942 -11 16.7009
v 8.58302 -11 17.1202
v 8.91528 -11 17.5566
v 9.22538 -11 18.009
v 9.51254 -11 18.4763
v 9.77605 -11 18.9573
v 10.0153 -11 19.4509
v 10.2296 -11 19.9557
v 10.4184 -11 20.4707
v 10.5814 -11 20.9944
v 10.7181 -11 21.5255
v 10.8281 -11 22.0629
v 10.9112 -11 22.605
v 10.9672 -11 23.1506
v 10.9959 -11 23.6983
v 10.9972 -11 24.2468
v 10.9713 -11 24.7947
v 10.918 -11 25.3406
v 10.8376 -11 25.8831
v 10.7303 -11 26.421
v 10.5963 -11 26.9528
v 10.4359 -11 27.4773
v 10.2496 -11 27.9932
v 10.0378 -11 28.4991
v 9.80107 -11 28.9939
v 9.53996 -11 29.4762
v 9.25514 -11 29.945
v 8.9473 -11 30.3989
v 8.61722 -11 30.8369
v 8.26572 -11 31.258
v 7.89366 -11 31.6609
v 7.50198 -11 32.0449
v 7.09165 -11 32.4088
v 6.66369 -11 32.7519
v 6.21916 -11 33.0731
v 5.75917 -11 33.3719
v 5.28486 -11 33.6473
v 4.79742 -11 33.8987
v 4.29804 -11 34.1256
v 3.78798 -11 34.3272
v 3.2685 -11 34.5032
v 2.7409 -11 34.653
v 2.20648 -11 34.7764
v 1.66658 -11 34.873
v 1.12253 -11 34.9426
v 0.575696 -11 34.9849
v 0.0274266 -11 35
v -0.520911 -11 34.9877
v -1.06795 -11 34.948
v -1.61234 -11 34.8812
v -2.15272 -11 34.7873
v -2.68774 -11 34.6666
v -3.21609 -11 34.5194
v -3.21609 11 34.5194
v -3.73644 11 34.346
v -4.2475 11 34.1469
v -4.748 11 33.9225
v -5.23669 11 33.6735
v -5.71237 11 33.4005
v -6.17384 11 33.104
v -6.61997 11 32.785
v -7.04963 11 32.4441
v -7.46177 11 32.0822
v -7.85536 11 31.7002
v -8.22942 11 31.2991
v -8.58302 11 30.8798
v -8.91528 11 30.4434
v -9.22538 11 29.991
v -9.51254 11 29.5237
v -9.77605 11 29.0427
v -10.0153 11 28.5491
v -10.2296 11 28.0443
v -10.4184 11 27.5293
v -10.5814 11 27.0056
v -10.7181 11 26.4745
v -10.8281 11 25.9371
v -10.9112 11 25.395
v -10.9672 11 24.8494
v -10.9959 11 24.3017
v -10.9972 11 23.7532
v -10.9713 11 23.2053
v -10.918 11 22.6594
v -10.8376 11 22.1169
v -10.7303 11 21.579
v -10.5963 11 21.0472
v -10.4359 11 20.5227
v -10.2496 11 20.0068
v -10.0378 11 19.5009
v -9.80107 11 19.0061
v -9.53996 11 18.5238
v -9.25514 11 18.055
v -8.9473 11 17.6011
v -8.61722 11 17.1631
v -8.26572 11 16.742
v -7.89366 11 16.3391
v -7.50198 11 15.9551
v -7.09165 11 15.5912
v -6.66369 11 15.2481
v -6.21916 11 14.9269
v -5.75917 11 14.6281
v -5.28486 11 14.3527
v -4.79742 11 14.1013
v -4.29804 11 13.8744
v -3.78798 11 13.6728
v -3.2685 11 13.4968
v -2.7409 11 13.347
v -2.20648 11 13.2236
v -1.66658 11 13.127
v -1.12253 11 13.0574
v -0.575696 11 13.0151
v -0.0274266 11 13
v 0.520911 11 13.0123
v 1.06795 11 13.052
v 1.61234 11 13.1188
v 2.15272 11 13.2127
v 2.68774 11 13.3334
v 3.21609 11 13.4806
v 3.73644 11 13.654
v 4.2475 11 13.8531
v 4.748 11 14.0775
v 5.23669 11 14.3265
v 5.71237 11 14.5995
v 6.17384 11 14.896
v 6.61997 11 15.215
v 7.04963 11 15.5559
v 7.46177 11 15.9178
v 7.85536 11 16.2998
v 8.22942 11 16.7009
v 8.58302 11 17.1202
v 8.91528 11 17.5566
v 9.22538 11 18.009
v 9.51254 11 18.4763
v 9.77605 11 18.9573
v 10.0153 11 19.4509
v 10.2296 11 19.9557
v 10.4184 11 20.4707
v 10.5814 11 20.9944
v 10.7181 11 21.5255
v 10.8281 11 22.0629
v 10.9112 11 22.605
v 10.9672 11 23.1506
v 10.9959 11 23.6983
v 10.9972 11 24.2468
v 10.9713 11 24.7947
v 10.918 11 25.3406
v 10.8376 11 25.8831
v 10.7303 11 26.421
v 10.5963 11 26.9528
v 10.4359 11 27.4773
v 10.2496 11 27.9932
v 10.0378 11 28.4991
v 9.80107 11 28.9939
v 9.53996 11 29.4762
v 9.25514 11 29.945
v 8.9473 11 30.3989
v 8.61722 11 30.8369
v 8.26572 11 31.258
v 7.89366 11 31.6609
v 7.50198 11 32.0449
v 7.09165 11 32.4088
v 6.66369 11 32.7519
v 6.21916 11 33.0731
v 5.75917 11 33.3719
v 5.28486 11 33.6473
v 4.79742 11 33.8987
v 4.29804 11 34.1256
v 3.78798 11 34.3272
v 3.2685 11 34.5032
v 2.7409 11 34.653
v 2.20648 11 34.7764
v 1.66658 11 34.873
v 1.12253 11 34.9426
v 0.575696 11 34.9849
v 0.0274266 11 35
v -0.520911 11 34.9877
v -1.06795 11 34.948
v -1.61234 11 34.8812
v -2.15272 11 34.7873
v -2.68774 11 34.6666
v -3.21609 11 34.5194
f 4 3 129
f 4 129 130
f 5 130 131
f 5 131 132
f 5 4 130
f 6 132 133
f 6 5 132
f 7 133 134
f 7 6 133
f 8 134 135
f 8 7 134
f 9 135 136
f 9 8 135
f 10 9 136
f 11 136 137
f 11 137 138
f 11 10 136
f 12 11 138
f 13 138 139
f 13 12 138
f 14 13 139
f 14 139 140
f 15 14 140
f 15 140 141
f 15 141 142
f 16 15 142
f 17 16 142
f 17 142 143
f 18 17 143
f 18 143 144
f 19 18 144
f 19 144 145
f 20 19 145
f 20 145 146
f 21 20 146
f 21 146 147
f 22 21 147
f 22 147 148
f 23 22 148
f 23 148 149
f 24 23 149
f 24 149 150
f 25 24 150
f 25 150 151
f 25 151 152
f 26 25 152
f 27 152 153
f 27 153 154
f 27 26 152
f 28 27 154
f 29 154 155
f 29 28 154
f 30 155 156
f 30 156 157
f 30 29 155
f 31 30 157
f 32 157 158
f 32 31 157
f 33 158 159
f 33 159 160
f 33 32 158
f 34 33 160
f 35 160 161
f 35 161 162
f 35 34 160
f 36 35 162
f 37 162 163
f 37 163 164
f 37 36 162
f 38 37 164
f 39 38 164
f 39 164 165
f 40 39 165
f 40 165 166
f 41 40 166
f 41 166 167
f 42 41 167
f 42 167 168
f 43 42 168
f 43 168 169
f 44 43 169
f 44 169 170
f 45 44 170
f 45 170 171
f 45 171 172
f 46 45 172
f 47 46 172
f 47 172 173
f 47 173 174
f 48 47 174
f 48 174 175
f 49 48 175
f 49 175 176
f 50 49 176
f 51 50 176
f 51 176 177
f 52 51 177
f 52 177 178
f 53 52 178
f 53 178 179
f 54 53 179
f 54 179 180
f 55 54 180
f 55 180 181
f 56 55 181
f 56 181 182
f 57 56 182
f 57 182 183
f 58 57 183
f 58 183 184
f 59 58 184
f 59 184 185
f 59 185 186
f 60 186 187
f 60 59 186
f 61 60 187
f 62 187 188
f 62 188 189
f 62 61 187
f 63 189 190
f 63 62 189
f 64 63 190
f 65 64 190
f 65 190 191
f 66 65 191
f 66 191 192
f 67 66 192
f 67 192 193
f 68 67 193
f 68 193 194
f 69 68 194
f 69 194 195
f 70 69 195
f 70 195 196
f 71 70 196
f 71 196 197
f 72 71 197
f 72 197 198
f 73 72 198
f 73 198 199
f 74 73 199
f 74 199 200
f 75 74 200
f 75 200 201
f 76 75 201
f 76 201 202
f 77 202 203
f 77 76 202
f 78 203 204
f 78 77 203
f 79 204 205
f 79 78 204
f 80 205 206
f 80 79 205
f 81 206 207
f 81 80 206
f 82 207 208
f 82 81 207
f 83 208 209
f 83 82 208
f 84 209 210
f 84 210 211
f 84 83 209
f 85 84 211
f 86 211 212
f 86 85 211
f 87 212 213
f 87 213 214
f 87 86 212
f 88 214 215
f 88 87 214
f 89 88 215
f 90 215 216
f 90 89 215
f 91 90 216
f 91 216 217
f 92 91 217
f 92 217 218
f 93 92 218
f 93 218 219
f 94 93 219
f 94 219 220
f 95 220 221
f 95 221 222
f 95 94 220
f 96 222 223
f 96 95 222
f 97 96 223
f 98 223 224
f 98 97 223
f 99 224 225
f 99 98 224
f 100 225 226
f 100 99 225
f 101 226 227
f 101 227 228
f 101 100 226
f 102 101 228
f 103 228 229
f 103 102 228
f 104 229 230
f 104 103 229
f 105 230 231
f 105 104 230
f 106 231 232
f 106 105 231
f 107 232 233
f 107 106 232
f 108 233 234
f 108 107 233
f 109 234 235
f 109 108 234
f 110 235 236
f 110 236 237
f 110 109 235
f 111 110 237
f 112 237 238
f 112 238 239
f 112 111 237
f 113 112 239
f 114 239 240
f 114 113 239
f 115 114 240
f 115 240 241
f 116 115 241
f 116 241 242
f 117 116 242
f 117 242 243
f 118 117 243
f 118 243 244
f 119 118 244
f 119 244 245
f 120 119 245
f 120 245 246
f 121 120 246
f 121 246 247
f 122 121 247
f 122 247 248
f 123 122 248
f 123 248 249
f 124 123 249
f 124 249 250
f 125 124 250
f 125 250 251
f 126 125 251
f 126 251 252
f 127 252 253
f 127 126 252
f 128 253 254
f 128 127 253
f 2 128 254
f 2 254 1
f 384 256 255
f 384 255 257
f 385 257 258
f 385 384 257
f 259 385 258
f 386 385 259
f 387 259 260
f 387 386 259
f 261 387 260
f 388 387 261
f 262 388 261
f 389 388 262
f 390 262 263
f 390 389 262
f 391 263 264
f 391 390 263
f 392 264 265
f 392 391 264
f 393 265 266
f 393 392 265
f 394 266 267
f 394 393 266
f 395 394 267
f 395 267 268
f 396 395 268
f 396 268 269
f 397 396 269
f 397 269 270
f 271 397 270
f 398 397 271
f 272 398 271
f 399 398 272
f 400 272 273
f 400 399 272
f 401 273 274
f 401 400 273
f 402 274 275
f 402 401 274
f 403 275 276
f 403 402 275
f 277 403 276
f 404 403 277
f 405 277 278
f 405 404 277
f 279 405 278
f 406 405 279
f 407 279 280
f 407 406 279
f 408 280 281
f 408 407 280
f 409 281 282
f 409 408 281
f 410 282 283
f 410 409 282
f 284 410 283
f 411 410 284
f 412 284 285
f 412 411 284
f 413 285 286
f 413 412 285
f 414 286 287
f 414 413 286
f 288 414 287
f 415 414 288
f 416 288 289
f 416 415 288
f 417 289 290
f 417 416 289
f 418 290 291
f 418 417 290
f 292 418 291
f 419 418 292
f 293 419 292
f 420 419 293
f 421 420 293
f 421 293 294
f 422 421 294
f 422 294 295
f 423 422 295
f 423 295 296
f 424 423 296
f 424 296 297
f 425 424 297
f 425 297 298
f 426 425 298
f 426 298 299
f 427 426 299
f 427 299 300
f 428 427 300
f 428 300 301
f 302 428 301
f 429 428 302
f 430 429 302
f 430 302 303
f 431 430 303
f 431 303 304
f 432 431 304
f 432 304 305
f 306 432 305
f 433 432 306
f 434 306 307
f 434 433 306
f 308 434 307
f 435 434 308
f 436 308 309
f 436 435 308
f 437 309 310
f 437 436 309
f 438 310 311
f 438 437 310
f 439 311 312
f 439 438 311
f 440 312 313
f 440 439 312
f 441 313 314
f 441 440 313
f 442 314 315
f 442 441 314
f 443 315 316
f 443 442 315
f 317 443 316
f 444 443 317
f 445 444 317
f 445 317 318
f 446 445 318
f 446 318 319
f 447 446 319
f 447 319 320
f 448 447 320
f 448 320 321
f 449 448 321
f 449 321 322
f 450 449 322
f 450 322 323
f 451 450 323
f 451 323 324
f 325 451 324
f 452 451 325
f 326 452 325
f 453 452 326
f 454 453 326
f 454 326 327
f 455 454 327
f 455 327 328
f 456 455 328
f 456 328 329
f 457 456 329
f 457 329 330
f 331 457 330
f 458 457 331
f 459 458 331
f 459 331 332
f 460 459 332
f 460 332 333
f 461 460 333
f 461 333 334
f 462 461 334
f 462 334 335
f 463 462 335
f 463 335 336
f 337 463 336
f 464 463 337
f 465 464 337
f 465 337 338
f 466 338 339
f 466 465 338
f 340 466 339
f 467 466 340
f 468 340 341
f 468 467 340
f 469 341 342
f 469 468 341
f 470 469 342
f 470 342 343
f 344 470 343
f 471 470 344
f 472 471 344
f 472 344 345
f 473 472 345
f 473 345 346
f 474 473 346
f 474 346 347
f 475 474 347
f 475 347 348
f 349 475 348
f 476 475 349
f 477 476 349
f 477 349 350
f 478 477 350
f 478 350 351
f 479 478 351
f 479 351 352
f 353 479 352
f 480 479 353
f 481 480 353
f 481 353 354
f 482 481 354
f 482 354 355
f 483 355 356
f 483 482 355
f 484 356 357
f 484 483 356
f 485 357 358
f 485 484 357
f 486 358 359
f 486 485 358
f 487 359 360
f 487 486 359
f 488 360 361
f 488 487 360
f 489 361 362
f 489 488 361
f 363 489 362
f 490 489 363
f 491 363 364
f 491 490 363
f 492 364 365
f 492 491 364
f 493 365 366
f 493 492 365
f 494 366 367
f 494 493 366
f 495 367 368
f 495 494 367
f 496 495 368
f 496 368 369
f 497 496 369
f 497 369 370
f 371 497 370
f 498 497 371
f 372 498 371
f 499 498 372
f 500 372 373
f 500 499 372
f 501 373 374
f 501 500 373
f 502 374 375
f 502 501 374
f 503 375 376
f 503 502 375
f 504 376 377
f 504 503 376
f 505 377 378
f 505 504 377
f 379 505 378
f 506 505 379
f 507 379 380
f 507 506 379
f 381 507 380
f 508 507 381
f 383 381 382
f 383 508 381
f 714 588 587
f 714 589 588
f 713 714 587
f 715 589 714
f 712 587 586
f 712 713 587
f 716 589 715
f 716 590 589
f 711 586 585
f 711 712 586
f 717 591 590
f 717 590 716
f 710 711 585
f 710 584 583
f 710 585 584
f 718 591 717
f 718 592 591
f 709 710 583
f 719 592 718
f 719 593 592
f 708 582 581
f 708 583 582
f 708 709 583
f 720 593 719
f 720 594 593
f 707 708 581
f 707 581 580
f 721 595 594
f 721 594 720
f 706 707 580
f 722 595 721
f 722 596 595
f 722 597 596
f 705 706 580
f 705 579 578
f 705 580 579
f 723 597 722
f 704 705 578
f 724 597 723
f 724 598 597
f 703 704 578
f 703 578 577
f 725 598 724
f 725 599 598
f 702 703 577
f 702 576 575
f 702 577 576
f 726 599 725
f 726 600 599
f 726 601 600
f 701 702 575
f 727 601 726
f 700 701 575
f 700 574 573
f 700 575 574
f 728 601 727
f 728 602 601
f 699 700 573
f 729 602 728
f 729 603 602
f 729 604 603
f 698 573 572
f 698 699 573
f 730 604 729
f 697 698 572
f 697 571 570
f 697 572 571
f 731 604 730
f 731 605 604
f 696 697 570
f 732 606 605
f 732 605 731
f 695 570 569
f 695 696 570
f 733 606 732
f 733 607 606
f 694 569 568
f 694 695 569
f 734 607 733
f 734 608 607
f 693 694 568
f 693 568 567
f 735 608 734
f 735 609 608
f 692 693 567
f 692 566 565
f 692 567 566
f 736 610 609
f 736 609 735
f 691 692 565
f 737 611 610
f 737 610 736
f 690 691 565
f 690 565 564
f 738 612 611
f 738 611 737
f 689 690 564
f 689 564 563
f 739 613 612
f 739 612 738
f 688 563 562
f 688 689 563
f 740 614 613
f 740 613 739
f 687 562 561
f 687 688 562
f 741 615 614
f 741 614 740
f 686 687 561
f 686 561 560
f 742 616 615
f 742 615 741
f 685 560 559
f 685 686 560
f 743 617 616
f 743 616 742
f 684 559 558
f 684 685 559
f 618 617 743
f 744 618 743
f 683 558 557
f 683 684 558
f 745 619 618
f 745 618 744
f 556 682 683
f 556 683 557
f 620 745 746
f 620 619 745
f 555 682 556
f 555 681 682
f 747 620 746
f 621 620 747
f 554 681 555
f 554 680 681
f 622 621 747
f 622 747 748
f 553 680 554
f 553 679 680
f 749 622 748
f 623 622 749
f 678 679 553
f 552 678 553
f 677 678 552
f 624 623 749
f 624 749 750
f 551 677 552
f 625 624 750
f 625 750 751
f 550 677 551
f 550 676 677
f 626 751 752
f 626 625 751
f 549 676 550
f 549 675 676
f 627 752 753
f 627 626 752
f 548 675 549
f 548 673 674
f 548 674 675
f 628 753 754
f 628 627 753
f 547 673 548
f 629 754 755
f 629 755 756
f 629 628 754
f 546 672 673
f 546 673 547
f 630 629 756
f 545 671 672
f 545 672 546
f 631 756 757
f 631 757 758
f 631 630 756
f 544 670 671
f 544 671 545
f 632 631 758
f 543 668 669
f 543 669 670
f 543 670 544
f 633 632 758
f 633 758 759
f 633 759 760
f 542 668 543
f 634 633 760
f 541 668 542
f 541 667 668
f 509 635 636
f 509 634 760
f 509 760 635
f 540 667 541
f 540 666 667
f 510 509 636
f 539 666 540
f 539 665 666
f 511 636 637
f 511 637 638
f 511 510 636
f 538 664 665
f 538 665 539
f 512 511 638
f 537 662 663
f 537 663 664
f 537 664 538
f 513 638 639
f 513 639 640
f 513 512 638
f 536 662 537
f 536 661 662
f 514 513 640
f 535 661 536
f 515 640 641
f 515 514 640
f 534 660 661
f 534 661 535
f 516 641 642
f 516 515 641
f 533 660 534
f 533 659 660
f 517 642 643
f 517 516 642
f 532 659 533
f 532 658 659
f 518 517 643
f 518 643 644
f 531 658 532
f 531 656 657
f 531 657 658
f 519 518 644
f 519 644 645
f 519 645 646
f 530 656 531
f 530 655 656
f 520 519 646
f 529 655 530
f 521 520 646
f 521 646 647
f 521 647 648
f 528 654 655
f 528 655 529
f 522 521 648
f 527 654 528
f 527 653 654
f 523 522 648
f 523 648 649
f 526 652 653
f 526 653 527
f 524 649 650
f 524 650 651
f 524 523 649
f 525 652 526
f 525 524 651
f 525 651 652
f 842 840 841
f 837 838 839
f 837 839 840
f 835 840 842
f 835 837 840
f 835 836 837
f 835 842 843
f 845 835 843
f 845 843 844
f 846 835 845
f 833 834 835
f 831 832 833
f 849 846 847
f 849 847 848
f 850 835 846
f 850 833 835
f 850 846 849
f 850 831 833
f 829 830 831
f 829 831 850
f 852 850 851
f 854 852 853
f 825 826 827
f 825 827 828
f 856 829 850
f 856 850 852
f 856 852 854
f 856 854 855
f 823 824 825
f 823 828 829
f 823 825 828
f 858 856 857
f 859 856 858
f 820 821 822
f 820 822 823
f 863 861 862
f 863 859 860
f 863 860 861
f 816 817 818
f 865 859 863
f 865 863 864
f 865 856 859
f 814 815 816
f 813 820 823
f 813 816 818
f 813 814 816
f 813 818 819
f 813 819 820
f 867 865 866
f 869 867 868
f 869 856 865
f 869 865 867
f 870 856 869
f 809 810 811
f 809 811 812
f 871 856 870
f 807 808 809
f 807 809 812
f 806 807 812
f 874 871 872
f 874 872 873
f 875 871 874
f 804 805 806
f 876 871 875
f 802 803 804
f 802 806 812
f 802 804 806
f 878 876 877
f 878 856 871
f 878 871 876
f 801 812 813
f 801 802 812
f 879 856 878
f 881 879 880
f 798 799 800
f 798 800 801
f 797 801 813
f 797 798 801
f 883 881 882
f 883 879 881
f 795 796 797
f 885 883 884
f 886 883 885
f 762 883 886
f 762 886 761
f 762 879 883
f 762 856 879
f 762 829 856
f 762 823 829
f 791 792 793
f 789 790 791
f 765 762 763
f 765 763 764
f 788 789 791
f 787 791 793
f 787 788 791
f 768 823 762
f 768 765 766
f 768 766 767
f 768 813 823
f 768 762 765
f 768 797 813
f 785 786 787
f 785 793 794
f 785 794 795
f 785 787 793
f 783 784 785
f 782 783 785
f 774 769 770
f 774 770 771
f 774 771 772
f 774 772 773
f 775 768 769
f 775 769 774
f 778 779 780
f 778 780 781
f 778 781 782
f 776 795 797
f 776 797 768
f 776 785 795
f 776 782 785
f 776 768 775
f 777 782 776
f 777 778 782
f 888 887 1014
f 888 1014 1015
f 889 1015 1016
f 889 1016 1017
f 889 888 1015
f 890 889 1017
f 891 1017 1018
f 891 1018 1019
f 891 890 1017
f 892 1019 1020
f 892 891 1019
f 893 892 1020
f 894 1020 1021
f 894 893 1020
f 895 1021 1022
f 895 1022 1023
f 895 894 1021
f 896 895 1023
f 897 1023 1024
f 897 896 1023
f 898 897 1024
f 898 1024 1025
f 899 898 1025
f 899 1025 1026
f 900 899 1026
f 900 1026 1027
f 901 900 1027
f 901 1027 1028
f 902 901 1028
f 902 1028 1029
f 903 902 1029
f 903 1029 1030
f 904 903 1030
f 904 1030 1031
f 905 904 1031
f 905 1031 1032
f 906 905 1032
f 906 1032 1033
f 907 906 1033
f 907 1033 1034
f 908 907 1034
f 908 1034 1035
f 909 908 1035
f 909 1035 1036
f 909 1036 1037
f 910 909 1037
f 911 1037 1038
f 911 1038 1039
f 911 910 1037
f 912 911 1039
f 913 1039 1040
f 913 912 1039
f 914 1040 1041
f 914 1041 1042
f 914 913 1040
f 915 914 1042
f 916 1042 1043
f 916 915 1042
f 917 1043 1044
f 917 1044 1045
f 917 916 1043
f 918 917 1045
f 919 1045 1046
f 919 1046 1047
f 919 918 1045
f 920 919 1047
f 921 1047 1048
f 921 1048 1049
f 921 920 1047
f 922 921 1049
f 923 922 1049
f 923 1049 1050
f 924 923 1050
f 924 1050 1051
f 925 924 1051
f 925 1051 1052
f 926 925 1052
f 926 1052 1053
f 927 926 1053
f 927 1053 1054
f 928 927 1054
f 928 1054 1055
f 929 928 1055
f 929 1055 1056
f 929 1056 1057
f 930 929 1057
f 931 930 1057
f 931 1057 1058
f 931 1058 1059
f 932 931 1059
f 932 1059 1060
f 933 932 1060
f 933 1060 1061
f 934 933 1061
f 935 934 1061
f 935 1061 1062
f 936 935 1062
f 936 1062 1063
f 937 936 1063
f 937 1063 1064
f 938 937 1064
f 938 1064 1065
f 939 938 1065
f 939 1065 1066
f 940 939 1066
f 940 1066 1067
f 941 940 1067
f 941 1067 1068
f 942 941 1068
f 942 1068 1069
f 943 942 1069
f 943 1069 1070
f 943 1070 1071
f 944 1071 1072
f 944 943 1071
f 945 944 1072
f 946 1072 1073
f 946 1073 1074
f 946 945 1072
f 947 1074 1075
f 947 946 1074
f 948 947 1075
f 949 948 1075
f 949 1075 1076
f 950 949 1076
f 950 1076 1077
f 951 950 1077
f 951 1077 1078
f 952 951 1078
f 952 1078 1079
f 953 952 1079
f 953 1079 1080
f 954 953 1080
f 954 1080 1081
f 955 954 1081
f 955 1081 1082
f 956 955 1082
f 956 1082 1083
f 957 956 1083
f 957 1083 1084
f 958 957 1084
f 958 1084 1085
f 959 958 1085
f 959 1085 1086
f 960 959 1086
f 960 1086 1087
f 961 960 1087
f 961 1087 1088
f 962 1088 1089
f 962 961 1088
f 963 1089 1090
f 963 962 1089
f 964 1090 1091
f 964 963 1090
f 965 1091 1092
f 965 964 1091
f 966 1092 1093
f 966 965 1092
f 967 1093 1094
f 967 966 1093
f 968 1094 1095
f 968 1095 1096
f 968 967 1094
f 969 968 1096
f 970 1096 1097
f 970 969 1096
f 971 1097 1098
f 971 1098 1099
f 971 970 1097
f 972 1099 1100
f 972 971 1099
f 973 972 1100
f 974 1100 1101
f 974 973 1100
f 975 974 1101
f 975 1101 1102
f 976 975 1102
f 976 1102 1103
f 977 976 1103
f 977 1103 1104
f 978 977 1104
f 978 1104 1105
f 979 1105 1106
f 979 1106 1107
f 979 978 1105
f 980 1107 1108
f 980 979 1107
f 981 980 1108
f 982 1108 1109
f 982 981 1108
f 983 1109 1110
f 983 982 1109
f 984 1110 1111
f 984 983 1110
f 985 1111 1112
f 985 1112 1113
f 985 984 1111
f 986 985 1113
f 987 1113 1114
f 987 986 1113
f 988 1114 1115
f 988 987 1114
f 989 1115 1116
f 989 988 1115
f 990 1116 1117
f 990 989 1116
f 991 1117 1118
f 991 990 1117
f 992 1118 1119
f 992 991 1118
f 993 1119 1120
f 993 992 1119
f 994 1120 1121
f 994 1121 1122
f 994 993 1120
f 995 994 1122
f 996 1122 1123
f 996 1123 1124
f 996 995 1122
f 997 996 1124
f 998 1124 1125
f 998 997 1124
f 999 998 1125
f 999 1125 1126
f 1000 999 1126
f 1000 1126 1127
f 1001 1000 1127
f 1001 1127 1128
f 1002 1001 1128
f 1002 1128 1129
f 1003 1002 1129
f 1003 1129 1130
f 1004 1003 1130
f 1004 1130 1131
f 1005 1004 1131
f 1005 1131 1132
f 1006 1005 1132
f 1006 1132 1133
f 1007 1006 1133
f 1007 1133 1134
f 1008 1007 1134
f 1008 1134 1135
f 1009 1008 1135
f 1009 1135 1136
f 1010 1009 1136
f 1010 1136 1137
f 1011 1137 1138
f 1011 1010 1137
f 1012 1011 1138
f 1012 1138 1139
f 1013 1139 1140
f 1013 1012 1139
f 1346 1219 1220
f 1346 1220 1221
f 1345 1219 1346
f 1347 1346 1221
f 1344 1218 1219
f 1344 1219 1345
f 1348 1347 1221
f 1348 1221 1222
f 1343 1217 1218
f 1343 1218 1344
f 1349 1222 1223
f 1349 1348 1222
f 1342 1217 1343
f 1342 1215 1216
f 1342 1216 1217
f 1350 1349 1223
f 1350 1223 1224
f 1341 1215 1342
f 1351 1350 1224
f 1351 1224 1225
f 1340 1213 1214
f 1340 1214 1215
f 1340 1215 1341
f 1352 1351 1225
f 1352 1225 1226
f 1339 1213 1340
f 1339 1212 1213
f 1353 1226 1227
f 1353 1352 1226
f 1338 1212 1339
f 1354 1353 1227
f 1354 1227 1228
f 1354 1228 1229
f 1337 1212 1338
f 1337 1210 1211
f 1337 1211 1212
f 1355 1354 1229
f 1336 1210 1337
f 1356 1355 1229
f 1356 1229 1230
f 1335 1210 1336
f 1335 1209 1210
f 1357 1356 1230
f 1357 1230 1231
f 1334 1209 1335
f 1334 1207 1208
f 1334 1208 1209
f 1358 1357 1231
f 1358 1231 1232
f 1358 1232 1233
f 1333 1207 1334
f 1359 1358 1233
f 1332 1207 1333
f 1332 1205 1206
f 1332 1206 1207
f 1360 1359 1233
f 1360 1233 1234
f 1331 1205 1332
f 1361 1360 1234
f 1361 1234 1235
f 1361 1235 1236
f 1330 1204 1205
f 1330 1205 1331
f 1362 1361 1236
f 1329 1204 1330
f 1329 1202 1203
f 1329 1203 1204
f 1363 1362 1236
f 1363 1236 1237
f 1328 1202 1329
f 1364 1237 1238
f 1364 1363 1237
f 1327 1201 1202
f 1327 1202 1328
f 1365 1364 1238
f 1365 1238 1239
f 1326 1200 1201
f 1326 1201 1327
f 1366 1365 1239
f 1366 1239 1240
f 1325 1200 1326
f 1325 1199 1200
f 1367 1366 1240
f 1367 1240 1241
f 1324 1199 1325
f 1324 1197 1198
f 1324 1198 1199
f 1368 1241 1242
f 1368 1367 1241
f 1323 1197 1324
f 1369 1242 1243
f 1369 1368 1242
f 1322 1197 1323
f 1322 1196 1197
f 1370 1243 1244
f 1370 1369 1243
f 1321 1196 1322
f 1321 1195 1196
f 1371 1244 1245
f 1371 1370 1244
f 1320 1194 1195
f 1320 1195 1321
f 1372 1245 1246
f 1372 1371 1245
f 1319 1193 1194
f 1319 1194 1320
f 1373 1246 1247
f 1373 1372 1246
f 1318 1193 1319
f 1318 1192 1193
f 1374 1247 1248
f 1374 1373 1247
f 1317 1191 1192
f 1317 1192 1318
f 1375 1248 1249
f 1375 1374 1248
f 1316 1190 1191
f 1316 1191 1317
f 1250 1375 1249
f 1376 1375 1250
f 1315 1189 1190
f 1315 1190 1316
f 1377 1250 1251
f 1377 1376 1250
f 1188 1315 1314
f 1188 1189 1315
f 1252 1378 1377
f 1252 1377 1251
f 1187 1188 1314
f 1187 1314 1313
f 1379 1378 1252
f 1253 1379 1252
f 1186 1187 1313
f 1186 1313 1312
f 1254 1379 1253
f 1254 1380 1379
f 1185 1186 1312
f 1185 1312 1311
f 1381 1380 1254
f 1255 1381 1254
f 1310 1185 1311
f 1184 1185 1310
f 1309 1184 1310
f 1256 1381 1255
f 1256 1382 1381
f 1183 1184 1309
f 1257 1382 1256
f 1257 1383 1382
f 1182 1183 1309
f 1182 1309 1308
f 1258 1384 1383
f 1258 1383 1257
f 1181 1182 1308
f 1181 1308 1307
f 1259 1385 1384
f 1259 1384 1258
f 1180 1181 1307
f 1180 1306 1305
f 1180 1307 1306
f 1260 1386 1385
f 1260 1385 1259
f 1179 1180 1305
f 1261 1387 1386
f 1261 1388 1387
f 1261 1386 1260
f 1178 1305 1304
f 1178 1179 1305
f 1262 1388 1261
f 1177 1304 1303
f 1177 1178 1304
f 1263 1389 1388
f 1263 1390 1389
f 1263 1388 1262
f 1176 1303 1302
f 1176 1177 1303
f 1264 1390 1263
f 1175 1301 1300
f 1175 1302 1301
f 1175 1176 1302
f 1265 1390 1264
f 1265 1391 1390
f 1265 1392 1391
f 1174 1175 1300
f 1266 1392 1265
f 1173 1174 1300
f 1173 1300 1299
f 1141 1268 1267
f 1141 1392 1266
f 1141 1267 1392
f 1172 1173 1299
f 1172 1299 1298
f 1142 1268 1141
f 1171 1172 1298
f 1171 1298 1297
f 1143 1269 1268
f 1143 1270 1269
f 1143 1268 1142
f 1170 1297 1296
f 1170 1171 1297
f 1144 1270 1143
f 1169 1295 1294
f 1169 1296 1295
f 1169 1170 1296
f 1145 1271 1270
f 1145 1272 1271
f 1145 1270 1144
f 1168 1169 1294
f 1168 1294 1293
f 1146 1272 1145
f 1167 1168 1293
f 1147 1273 1272
f 1147 1272 1146
f 1166 1293 1292
f 1166 1167 1293
f 1148 1274 1273
f 1148 1273 1147
f 1165 1166 1292
f 1165 1292 1291
f 1149 1275 1274
f 1149 1274 1148
f 1164 1165 1291
f 1164 1291 1290
f 1150 1275 1149
f 1150 1276 1275
f 1163 1164 1290
f 1163 1289 1288
f 1163 1290 1289
f 1151 1276 1150
f 1151 1277 1276
f 1151 1278 1277
f 1162 1163 1288
f 1162 1288 1287
f 1152 1278 1151
f 1161 1162 1287
f 1153 1278 1152
f 1153 1279 1278
f 1153 1280 1279
f 1160 1287 1286
f 1160 1161 1287
f 1154 1280 1153
f 1159 1160 1286
f 1159 1286 1285
f 1155 1280 1154
f 1155 1281 1280
f 1158 1285 1284
f 1158 1159 1285
f 1156 1282 1281
f 1156 1283 1282
f 1156 1281 1155
f 1157 1158 1284
f 1157 1283 1156
f 1157 1284 1283
f 1396 1395 1521
f 1396 1521 1522
f 1397 1522 1523
f 1397 1523 1524
f 1397 1396 1522
f 1398 1397 1524
f 1399 1524 1525
f 1399 1525 1526
f 1399 1398 1524
f 1400 1526 1527
f 1400 1399 1526
f 1401 1400 1527
f 1402 1527 1528
f 1402 1401 1527
f 1403 1528 1529
f 1403 1529 1530
f 1403 1402 1528
f 1404 1403 1530
f 1405 1530 1531
f 1405 1404 1530
f 1406 1405 1531
f 1406 1531 1532
f 1407 1406 1532
f 1407 1532 1533
f 1408 1407 1533
f 1408 1533 1534
f 1409 1408 1534
f 1409 1534 1535
f 1410 1409 1535
f 1410 1535 1536
f 1411 1410 1536
f 1411 1536 1537
f 1412 1411 1537
f 1412 1537 1538
f 1413 1412 1538
f 1413 1538 1539
f 1414 1413 1539
f 1414 1539 1540
f 1415 1414 1540
f 1415 1540 1541
f 1416 1415 1541
f 1416 1541 1542
f 1417 1416 1542
f 1417 1542 1543
f 1417 1543 1544
f 1418 1417 1544
f 1419 1544 1545
f 1419 1545 1546
f 1419 1418 1544
f 1420 1419 1546
f 1421 1546 1547
f 1421 1420 1546
f 1422 1547 1548
f 1422 1548 1549
f 1422 1421 1547
f 1423 1422 1549
f 1424 1549 1550
f 1424 1423 1549
f 1425 1550 1551
f 1425 1551 1552
f 1425 1424 1550
f 1426 1425 1552
f 1427 1552 1553
f 1427 1553 1554
f 1427 1426 1552
f 1428 1427 1554
f 1429 1554 1555
f 1429 1555 1556
f 1429 1428 1554
f 1430 1429 1556
f 1431 1430 1556
f 1431 1556 1557
f 1432 1431 1557
f 1432 1557 1558
f 1433 1432 1558
f 1433 1558 1559
f 1434 1433 1559
f 1434 1559 1560
f 1435 1434 1560
f 1435 1560 1561
f 1436 1435 1561
f 1436 1561 1562
f 1437 1436 1562
f 1437 1562 1563
f 1437 1563 1564
f 1438 1437 1564
f 1439 1438 1564
f 1439 1564 1565
f 1439 1565 1566
f 1440 1439 1566
f 1440 1566 1567
f 1441 1440 1567
f 1441 1567 1568
f 1442 1441 1568
f 1443 1442 1568
f 1443 1568 1569
f 1444 1443 1569
f 1444 1569 1570
f 1445 1444 1570
f 1445 1570 1571
f 1446 1445 1571
f 1446 1571 1572
f 1447 1446 1572
f 1447 1572 1573
f 1448 1447 1573
f 1448 1573 1574
f 1449 1448 1574
f 1449 1574 1575
f 1450 1449 1575
f 1450 1575 1576
f 1451 1450 1576
f 1451 1576 1577
f 1451 1577 1578
f 1452 1578 1579
f 1452 1451 1578
f 1453 1452 1579
f 1454 1579 1580
f 1454 1580 1581
f 1454 1453 1579
f 1455 1581 1582
f 1455 1454 1581
f 1456 1455 1582
f 1457 1456 1582
f 1457 1582 1583
f 1458 1457 1583
f 1458 1583 1584
f 1459 1458 1584
f 1459 1584 1585
f 1460 1459 1585
f 1460 1585 1586
f 1461 1460 1586
f 1461 1586 1587
f 1462 1461 1587
f 1462 1587 1588
f 1463 1462 1588
f 1463 1588 1589
f 1464 1463 1589
f 1464 1589 1590
f 1465 1464 1590
f 1465 1590 1591
f 1466 1465 1591
f 1466 1591 1592
f 1467 1466 1592
f 1467 1592 1593
f 1468 1467 1593
f 1468 1593 1594
f 1469 1594 1595
f 1469 1468 1594
f 1470 1595 1596
f 1470 1469 1595
f 1471 1596 1597
f 1471 1470 1596
f 1472 1597 1598
f 1472 1471 1597
f 1473 1598 1599
f 1473 1472 1598
f 1474 1599 1600
f 1474 1473 1599
f 1475 1600 1601
f 1475 1474 1600
f 1476 1601 1602
f 1476 1602 1603
f 1476 1475 1601
f 1477 1476 1603
f 1478 1603 1604
f 1478 1477 1603
f 1479 1604 1605
f 1479 1605 1606
f 1479 1478 1604
f 1480 1606 1607
f 1480 1479 1606
f 1481 1480 1607
f 1482 1607 1608
f 1482 1481 1607
f 1483 1482 1608
f 1483 1608 1609
f 1484 1483 1609
f 1484 1609 1610
f 1485 1484 1610
f 1485 1610 1611
f 1486 1485 1611
f 1486 1611 1612
f 1487 1612 1613
f 1487 1613 1614
f 1487 1486 1612
f 1488 1614 1615
f 1488 1487 1614
f 1489 1488 1615
f 1490 1615 1616
f 1490 1489 1615
f 1491 1616 1617
f 1491 1490 1616
f 1492 1617 1618
f 1492 1491 1617
f 1493 1618 1619
f 1493 1619 1620
f 1493 1492 1618
f 1494 1493 1620
f 1495 1620 1621
f 1495 1494 1620
f 1496 1621 1622
f 1496 1495 1621
f 1497 1622 1623
f 1497 1496 1622
f 1498 1623 1624
f 1498 1497 1623
f 1499 1624 1625
f 1499 1498 1624
f 1500 1625 1626
f 1500 1499 1625
f 1501 1626 1627
f 1501 1500 1626
f 1502 1627 1628
f 1502 1628 1629
f 1502 1501 1627
f 1503 1502 1629
f 1504 1629 1630
f 1504 1630 1631
f 1504 1503 1629
f 1505 1504 1631
f 1506 1631 1632
f 1506 1505 1631
f 1507 1506 1632
f 1507 1632 1633
f 1508 1507 1633
f 1508 1633 1634
f 1509 1508 1634
f 1509 1634 1635
f 1510 1509 1635
f 1510 1635 1636
f 1511 1510 1636
f 1511 1636 1637
f 1512 1511 1637
f 1512 1637 1638
f 1513 1512 1638
f 1513 1638 1639
f 1514 1513 1639
f 1514 1639 1640
f 1515 1514 1640
f 1515 1640 1641
f 1516 1515 1641
f 1516 1641 1642
f 1517 1516 1642
f 1517 1642 1643
f 1518 1517 1643
f 1518 1643 1644
f 1519 1644 1645
f 1519 1518 1644
f 1520 1645 1646
f 1520 1519 1645
f 1394 1520 1646
f 1394 1646 1393
f 1852 1726 1725
f 1852 1727 1726
f 1851 1852 1725
f 1853 1727 1852
f 1850 1725 1724
f 1850 1851 1725
f 1854 1727 1853
f 1854 1728 1727
f 1849 1724 1723
f 1849 1850 1724
f 1855 1729 1728
f 1855 1728 1854
f 1848 1849 1723
f 1848 1722 1721
f 1848 1723 1722
f 1856 1729 1855
f 1856 1730 1729
f 1847 1848 1721
f 1857 1730 1856
f 1857 1731 1730
f 1846 1720 1719
f 1846 1721 1720
f 1846 1847 1721
f 1858 1731 1857
f 1858 1732 1731
f 1845 1846 1719
f 1845 1719 1718
f 1859 1733 1732
f 1859 1732 1858
f 1844 1845 1718
f 1860 1733 1859
f 1860 1734 1733
f 1860 1735 1734
f 1843 1844 1718
f 1843 1717 1716
f 1843 1718 1717
f 1861 1735 1860
f 1842 1843 1716
f 1862 1735 1861
f 1862 1736 1735
f 1841 1842 1716
f 1841 1716 1715
f 1863 1736 1862
f 1863 1737 1736
f 1840 1841 1715
f 1840 1714 1713
f 1840 1715 1714
f 1864 1737 1863
f 1864 1738 1737
f 1864 1739 1738
f 1839 1840 1713
f 1865 1739 1864
f 1838 1839 1713
f 1838 1712 1711
f 1838 1713 1712
f 1866 1739 1865
f 1866 1740 1739
f 1837 1838 1711
f 1867 1740 1866
f 1867 1741 1740
f 1867 1742 1741
f 1836 1711 1710
f 1836 1837 1711
f 1868 1742 1867
f 1835 1836 1710
f 1835 1709 1708
f 1835 1710 1709
f 1869 1742 1868
f 1869 1743 1742
f 1834 1835 1708
f 1870 1744 1743
f 1870 1743 1869
f 1833 1708 1707
f 1833 1834 1708
f 1871 1744 1870
f 1871 1745 1744
f 1832 1707 1706
f 1832 1833 1707
f 1872 1745 1871
f 1872 1746 1745
f 1831 1832 1706
f 1831 1706 1705
f 1873 1746 1872
f 1873 1747 1746
f 1830 1831 1705
f 1830 1704 1703
f 1830 1705 1704
f 1874 1748 1747
f 1874 1747 1873
f 1829 1830 1703
f 1875 1749 1748
f 1875 1748 1874
f 1828 1829 1703
f 1828 1703 1702
f 1876 1750 1749
f 1876 1749 1875
f 1827 1828 1702
f 1827 1702 1701
f 1877 1751 1750
f 1877 1750 1876
f 1826 1701 1700
f 1826 1827 1701
f 1878 1752 1751
f 1878 1751 1877
f 1825 1700 1699
f 1825 1826 1700
f 1879 1753 1752
f 1879 1752 1878
f 1824 1825 1699
f 1824 1699 1698
f 1880 1754 1753
f 1880 1753 1879
f 1823 1698 1697
f 1823 1824 1698
f 1881 1755 1754
f 1881 1754 1880
f 1822 1697 1696
f 1822 1823 1697
f 1756 1755 1881
f 1882 1756 1881
f 1821 1696 1695
f 1821 1822 1696
f 1883 1757 1756
f 1883 1756 1882
f 1694 1820 1821
f 1694 1821 1695
f 1758 1883 1884
f 1758 1757 1883
f 1693 1820 1694
f 1693 1819 1820
f 1885 1758 1884
f 1759 1758 1885
f 1692 1819 1693
f 1692 1818 1819
f 1760 1759 1885
f 1760 1885 1886
f 1691 1818 1692
f 1691 1817 1818
f 1887 1760 1886
f 1761 1760 1887
f 1816 1817 1691
f 1690 1816 1691
f 1815 1816 1690
f 1762 1761 1887
f 1762 1887 1888
f 1689 1815 1690
f 1763 1762 1888
f 1763 1888 1889
f 1688 1815 1689
f 1688 1814 1815
f 1764 1889 1890
f 1764 1763 1889
f 1687 1814 1688
f 1687 1813 1814
f 1765 1890 1891
f 1765 1764 1890
f 1686 1813 1687
f 1686 1811 1812
f 1686 1812 1813
f 1766 1891 1892
f 1766 1765 1891
f 1685 1811 1686
f 1767 1892 1893
f 1767 1893 1894
f 1767 1766 1892
f 1684 1810 1811
f 1684 1811 1685
f 1768 1767 1894
f 1683 1809 1810
f 1683 1810 1684
f 1769 1894 1895
f 1769 1895 1896
f 1769 1768 1894
f 1682 1808 1809
f 1682 1809 1683
f 1770 1769 1896
f 1681 1806 1807
f 1681 1807 1808
f 1681 1808 1682
f 1771 1770 1896
f 1771 1896 1897
f 1771 1897 1898
f 1680 1806 1681
f 1772 1771 1898
f 1679 1806 1680
f 1679 1805 1806
f 1647 1773 1774
f 1647 1772 1898
f 1647 1898 1773
f 1678 1805 1679
f 1678 1804 1805
f 1648 1647 1774
f 1677 1804 1678
f 1677 1803 1804
f 1649 1774 1775
f 1649 1775 1776
f 1649 1648 1774
f 1676 1802 1803
f 1676 1803 1677
f 1650 1649 1776
f 1675 1800 1801
f 1675 1801 1802
f 1675 1802 1676
f 1651 1776 1777
f 1651 1777 1778
f 1651 1650 1776
f 1674 1800 1675
f 1674 1799 1800
f 1652 1651 1778
f 1673 1799 1674
f 1653 1778 1779
f 1653 1652 1778
f 1672 1798 1799
f 1672 1799 1673
f 1654 1779 1780
f 1654 1653 1779
f 1671 1798 1672
f 1671 1797 1798
f 1655 1780 1781
f 1655 1654 1780
f 1670 1797 1671
f 1670 1796 1797
f 1656 1655 1781
f 1656 1781 1782
f 1669 1796 1670
f 1669 1794 1795
f 1669 1795 1796
f 1657 1656 1782
f 1657 1782 1783
f 1657 1783 1784
f 1668 1794 1669
f 1668 1793 1794
f 1658 1657 1784
f 1667 1793 1668
f 1659 1658 1784
f 1659 1784 1785
f 1659 1785 1786
f 1666 1792 1793
f 1666 1793 1667
f 1660 1659 1786
f 1665 1792 1666
f 1665 1791 1792
f 1661 1660 1786
f 1661 1786 1787
f 1664 1790 1791
f 1664 1791 1665
f 1662 1787 1788
f 1662 1788 1789
f 1662 1661 1787
f 1663 1790 1664
f 1663 1662 1789
f 1663 1789 1790
f 1900 1899 2026
f 1900 2026 2027
f 1901 2027 2028
f 1901 2028 2029
f 1901 1900 2027
f 1902 1901 2029
f 1903 2029 2030
f 1903 2030 2031
f 1903 1902 2029
f 1904 2031 2032
f 1904 1903 2031
f 1905 1904 2032
f 1906 2032 2033
f 1906 1905 2032
f 1907 2033 2034
f 1907 2034 2035
f 1907 1906 2033
f 1908 1907 2035
f 1909 2035 2036
f 1909 1908 2035
f 1910 1909 2036
f 1910 2036 2037
f 1911 1910 2037
f 1911 2037 2038
f 1912 1911 2038
f 1912 2038 2039
f 1913 1912 2039
f 1913 2039 2040
f 1914 1913 2040
f 1914 2040 2041
f 1915 1914 2041
f 1915 2041 2042
f 1916 1915 2042
f 1916 2042 2043
f 1917 1916 2043
f 1917 2043 2044
f 1918 1917 2044
f 1918 2044 2045
f 1919 1918 2045
f 1919 2045 2046
f 1920 1919 2046
f 1920 2046 2047
f 1921 1920 2047
f 1921 2047 2048
f 1921 2048 2049
f 1922 1921 2049
f 1923 2049 2050
f 1923 2050 2051
f 1923 1922 2049
f 1924 1923 2051
f 1925 2051 2052
f 1925 1924 2051
f 1926 2052 2053
f 1926 2053 2054
f 1926 1925 2052
f 1927 1926 2054
f 1928 2054 2055
f 1928 1927 2054
f 1929 2055 2056
f 1929 2056 2057
f 1929 1928 2055
f 1930 1929 2057
f 1931 2057 2058
f 1931 2058 2059
f 1931 1930 2057
f 1932 1931 2059
f 1933 2059 2060
f 1933 2060 2061
f 1933 1932 2059
f 1934 1933 2061
f 1935 1934 2061
f 1935 2061 2062
f 1936 1935 2062
f 1936 2062 2063
f 1937 1936 2063
f 1937 2063 2064
f 1938 1937 2064
f 1938 2064 2065
f 1939 1938 2065
f 1939 2065 2066
f 1940 1939 2066
f 1940 2066 2067
f 1941 1940 2067
f 1941 2067 2068
f 1941 2068 2069
f 1942 1941 2069
f 1943 1942 2069
f 1943 2069 2070
f 1943 2070 2071
f 1944 1943 2071
f 1944 2071 2072
f 1945 1944 2072
f 1945 2072 2073
f 1946 1945 2073
f 1947 1946 2073
f 1947 2073 2074
f 1948 1947 2074
f 1948 2074 2075
f 1949 1948 2075
f 1949 2075 2076
f 1950 1949 2076
f 1950 2076 2077
f 1951 1950 2077
f 1951 2077 2078
f 1952 1951 2078
f 1952 2078 2079
f 1953 1952 2079
f 1953 2079 2080
f 1954 1953 2080
f 1954 2080 2081
f 1955 1954 2081
f 1955 2081 2082
f 1955 2082 2083
f 1956 2083 2084
f 1956 1955 2083
f 1957 1956 2084
f 1958 2084 2085
f 1958 2085 2086
f 1958 1957 2084
f 1959 2086 2087
f 1959 1958 2086
f 1960 1959 2087
f 1961 1960 2087
f 1961 2087 2088
f 1962 1961 2088
f 1962 2088 2089
f 1963 1962 2089
f 1963 2089 2090
f 1964 1963 2090
f 1964 2090 2091
f 1965 1964 2091
f 1965 2091 2092
f 1966 1965 2092
f 1966 2092 2093
f 1967 1966 2093
f 1967 2093 2094
f 1968 1967 2094
f 1968 2094 2095
f 1969 1968 2095
f 1969 2095 2096
f 1970 1969 2096
f 1970 2096 2097
f 1971 1970 2097
f 1971 2097 2098
f 1972 1971 2098
f 1972 2098 2099
f 1973 1972 2099
f 1973 2099 2100
f 1974 2100 2101
f 1974 1973 2100
f 1975 2101 2102
f 1975 1974 2101
f 1976 2102 2103
f 1976 1975 2102
f 1977 2103 2104
f 1977 1976 2103
f 1978 2104 2105
f 1978 1977 2104
f 1979 2105 2106
f 1979 1978 2105
f 1980 2106 2107
f 1980 2107 2108
f 1980 1979 2106
f 1981 1980 2108
f 1982 2108 2109
f 1982 1981 2108
f 1983 2109 2110
f 1983 2110 2111
f 1983 1982 2109
f 1984 2111 2112
f 1984 1983 2111
f 1985 1984 2112
f 1986 2112 2113
f 1986 1985 2112
f 1987 1986 2113
f 1987 2113 2114
f 1988 1987 2114
f 1988 2114 2115
f 1989 1988 2115
f 1989 2115 2116
f 1990 1989 2116
f 1990 2116 2117
f 1991 2117 2118
f 1991 2118 2119
f 1991 1990 2117
f 1992 2119 2120
f 1992 1991 2119
f 1993 1992 2120
f 1994 2120 2121
f 1994 1993 2120
f 1995 2121 2122
f 1995 1994 2121
f 1996 2122 2123
f 1996 1995 2122
f 1997 2123 2124
f 1997 2124 2125
f 1997 1996 2123
f 1998 1997 2125
f 1999 2125 2126
f 1999 1998 2125
f 2000 2126 2127
f 2000 1999 2126
f 2001 2127 2128
f 2001 2000 2127
f 2002 2128 2129
f 2002 2001 2128
f 2003 2129 2130
f 2003 2002 2129
f 2004 2130 2131
f 2004 2003 2130
f 2005 2131 2132
f 2005 2004 2131
f 2006 2132 2133
f 2006 2133 2134
f 2006 2005 2132
f 2007 2006 2134
f 2008 2134 2135
f 2008 2135 2136
f 2008 2007 2134
f 2009 2008 2136
f 2010 2136 2137
f 2010 2009 2136
f 2011 2010 2137
f 2011 2137 2138
f 2012 2011 2138
f 2012 2138 2139
f 2013 2012 2139
f 2013 2139 2140
f 2014 2013 2140
f 2014 2140 2141
f 2015 2014 2141
f 2015 2141 2142
f 2016 2015 2142
f 2016 2142 2143
f 2017 2016 2143
f 2017 2143 2144
f 2018 2017 2144
f 2018 2144 2145
f 2019 2018 2145
f 2019 2145 2146
f 2020 2019 2146
f 2020 2146 2147
f 2021 2020 2147
f 2021 2147 2148
f 2022 2021 2148
f 2022 2148 2149
f 2023 2149 2150
f 2023 2022 2149
f 2024 2023 2150
f 2024 2150 2151
f 2025 2151 2152
f 2025 2024 2151
f 2358 2231 2232
f 2358 2232 2233
f 2357 2231 2358
f 2359 2358 2233
f 2356 2230 2231
f 2356 2231 2357
f 2360 2359 2233
f 2360 2233 2234
f 2355 2229 2230
f 2355 2230 2356
f 2361 2234 2235
f 2361 2360 2234
f 2354 2229 2355
f 2354 2227 2228
f 2354 2228 2229
f 2362 2361 2235
f 2362 2235 2236
f 2353 2227 2354
f 2363 2362 2236
f 2363 2236 2237
f 2352 2225 2226
f 2352 2226 2227
f 2352 2227 2353
f 2364 2363 2237
f 2364 2237 2238
f 2351 2225 2352
f 2351 2224 2225
f 2365 2238 2239
f 2365 2364 2238
f 2350 2224 2351
f 2366 2365 2239
f 2366 2239 2240
f 2366 2240 2241
f 2349 2224 2350
f 2349 2222 2223
f 2349 2223 2224
f 2367 2366 2241
f 2348 2222 2349
f 2368 2367 2241
f 2368 2241 2242
f 2347 2222 2348
f 2347 2221 2222
f 2369 2368 2242
f 2369 2242 2243
f 2346 2221 2347
f 2346 2219 2220
f 2346 2220 2221
f 2370 2369 2243
f 2370 2243 2244
f 2370 2244 2245
f 2345 2219 2346
f 2371 2370 2245
f 2344 2219 2345
f 2344 2217 2218
f 2344 2218 2219
f 2372 2371 2245
f 2372 2245 2246
f 2343 2217 2344
f 2373 2372 2246
f 2373 2246 2247
f 2373 2247 2248
f 2342 2216 2217
f 2342 2217 2343
f 2374 2373 2248
f 2341 2216 2342
f 2341 2214 2215
f 2341 2215 2216
f 2375 2374 2248
f 2375 2248 2249
f 2340 2214 2341
f 2376 2249 2250
f 2376 2375 2249
f 2339 2213 2214
f 2339 2214 2340
f 2377 2376 2250
f 2377 2250 2251
f 2338 2212 2213
f 2338 2213 2339
f 2378 2377 2251
f 2378 2251 2252
f 2337 2212 2338
f 2337 2211 2212
f 2379 2378 2252
f 2379 2252 2253
f 2336 2211 2337
f 2336 2209 2210
f 2336 2210 2211
f 2380 2253 2254
f 2380 2379 2253
f 2335 2209 2336
f 2381 2254 2255
f 2381 2380 2254
f 2334 2209 2335
f 2334 2208 2209
f 2382 2255 2256
f 2382 2381 2255
f 2333 2208 2334
f 2333 2207 2208
f 2383 2256 2257
f 2383 2382 2256
f 2332 2206 2207
f 2332 2207 2333
f 2384 2257 2258
f 2384 2383 2257
f 2331 2205 2206
f 2331 2206 2332
f 2385 2258 2259
f 2385 2384 2258
f 2330 2205 2331
f 2330 2204 2205
f 2386 2259 2260
f 2386 2385 2259
f 2329 2203 2204
f 2329 2204 2330
f 2387 2260 2261
f 2387 2386 2260
f 2328 2202 2203
f 2328 2203 2329
f 2262 2387 2261
f 2388 2387 2262
f 2327 2201 2202
f 2327 2202 2328
f 2389 2262 2263
f 2389 2388 2262
f 2200 2327 2326
f 2200 2201 2327
f 2264 2390 2389
f 2264 2389 2263
f 2199 2200 2326
f 2199 2326 2325
f 2391 2390 2264
f 2265 2391 2264
f 2198 2199 2325
f 2198 2325 2324
f 2266 2391 2265
f 2266 2392 2391
f 2197 2198 2324
f 2197 2324 2323
f 2393 2392 2266
f 2267 2393 2266
f 2322 2197 2323
f 2196 2197 2322
f 2321 2196 2322
f 2268 2393 2267
f 2268 2394 2393
f 2195 2196 2321
f 2269 2394 2268
f 2269 2395 2394
f 2194 2195 2321
f 2194 2321 2320
f 2270 2396 2395
f 2270 2395 2269
f 2193 2194 2320
f 2193 2320 2319
f 2271 2397 2396
f 2271 2396 2270
f 2192 2193 2319
f 2192 2318 2317
f 2192 2319 2318
f 2272 2398 2397
f 2272 2397 2271
f 2191 2192 2317
f 2273 2399 2398
f 2273 2400 2399
f 2273 2398 2272
f 2190 2317 2316
f 2190 2191 2317
f 2274 2400 2273
f 2189 2316 2315
f 2189 2190 2316
f 2275 2401 2400
f 2275 2402 2401
f 2275 2400 2274
f 2188 2315 2314
f 2188 2189 2315
f 2276 2402 2275
f 2187 2313 2312
f 2187 2314 2313
f 2187 2188 2314
f 2277 2402 2276
f 2277 2403 2402
f 2277 2404 2403
f 2186 2187 2312
f 2278 2404 2277
f 2185 2186 2312
f 2185 2312 2311
f 2153 2280 2279
f 2153 2404 2278
f 2153 2279 2404
f 2184 2185 2311
f 2184 2311 2310
f 2154 2280 2153
f 2183 2184 2310
f 2183 2310 2309
f 2155 2281 2280
f 2155 2282 2281
f 2155 2280 2154
f 2182 2309 2308
f 2182 2183 2309
f 2156 2282 2155
f 2181 2307 2306
f 2181 2308 2307
f 2181 2182 2308
f 2157 2283 2282
f 2157 2284 2283
f 2157 2282 2156
f 2180 2181 2306
f 2180 2306 2305
f 2158 2284 2157
f 2179 2180 2305
f 2159 2285 2284
f 2159 2284 2158
f 2178 2305 2304
f 2178 2179 2305
f 2160 2286 2285
f 2160 2285 2159
f 2177 2178 2304
f 2177 2304 2303
f 2161 2287 2286
f 2161 2286 2160
f 2176 2177 2303
f 2176 2303 2302
f 2162 2287 2161
f 2162 2288 2287
f 2175 2176 2302
f 2175 2301 2300
f 2175 2302 2301
f 2163 2288 2162
f 2163 2289 2288
f 2163 2290 2289
f 2174 2175 2300
f 2174 2300 2299
f 2164 2290 2163
f 2173 2174 2299
f 2165 2290 2164
f 2165 2291 2290
f 2165 2292 2291
f 2172 2299 2298
f 2172 2173 2299
f 2166 2292 2165
f 2171 2172 2298
f 2171 2298 2297
f 2167 2292 2166
f 2167 2293 2292
f 2170 2297 2296
f 2170 2171 2297
f 2168 2294 2293
f 2168 2295 2294
f 2168 2293 2167
f 2169 2170 2296
f 2169 2295 2168
f 2169 2296 2295
f 2408 2407 2533
f 2408 2533 2534
f 2409 2534 2535
f 2409 2535 2536
f 2409 2408 2534
f 2410 2409 2536
f 2411 2536 2537
f 2411 2537 2538
f 2411 2410 2536
f 2412 2538 2539
f 2412 2411 2538
f 2413 2412 2539
f 2414 2539 2540
f 2414 2413 2539
f 2415 2540 2541
f 2415 2541 2542
f 2415 2414 2540
f 2416 2415 2542
f 2417 2542 2543
f 2417 2416 2542
f 2418 2417 2543
f 2418 2543 2544
f 2419 2418 2544
f 2419 2544 2545
f 2420 2419 2545
f 2420 2545 2546
f 2421 2420 2546
f 2421 2546 2547
f 2422 2421 2547
f 2422 2547 2548
f 2423 2422 2548
f 2423 2548 2549
f 2424 2423 2549
f 2424 2549 2550
f 2425 2424 2550
f 2425 2550 2551
f 2426 2425 2551
f 2426 2551 2552
f 2427 2426 2552
f 2427 2552 2553
f 2428 2427 2553
f 2428 2553 2554
f 2429 2428 2554
f 2429 2554 2555
f 2429 2555 2556
f 2430 2429 2556
f 2431 2556 2557
f 2431 2557 2558
f 2431 2430 2556
f 2432 2431 2558
f 2433 2558 2559
f 2433 2432 2558
f 2434 2559 2560
f 2434 2560 2561
f 2434 2433 2559
f 2435 2434 2561
f 2436 2561 2562
f 2436 2435 2561
f 2437 2562 2563
f 2437 2563 2564
f 2437 2436 2562
f 2438 2437 2564
f 2439 2564 2565
f 2439 2565 2566
f 2439 2438 2564
f 2440 2439 2566
f 2441 2566 2567
f 2441 2567 2568
f 2441 2440 2566
f 2442 2441 2568
f 2443 2442 2568
f 2443 2568 2569
f 2444 2443 2569
f 2444 2569 2570
f 2445 2444 2570
f 2445 2570 2571
f 2446 2445 2571
f 2446 2571 2572
f 2447 2446 2572
f 2447 2572 2573
f 2448 2447 2573
f 2448 2573 2574
f 2449 2448 2574
f 2449 2574 2575
f 2449 2575 2576
f 2450 2449 2576
f 2451 2450 2576
f 2451 2576 2577
f 2451 2577 2578
f 2452 2451 2578
f 2452 2578 2579
f 2453 2452 2579
f 2453 2579 2580
f 2454 2453 2580
f 2455 2454 2580
f 2455 2580 2581
f 2456 2455 2581
f 2456 2581 2582
f 2457 2456 2582
f 2457 2582 2583
f 2458 2457 2583
f 2458 2583 2584
f 2459 2458 2584
f 2459 2584 2585
f 2460 2459 2585
f 2460 2585 2586
f 2461 2460 2586
f 2461 2586 2587
f 2462 2461 2587
f 2462 2587 2588
f 2463 2462 2588
f 2463 2588 2589
f 2463 2589 2590
f 2464 2590 2591
f 2464 2463 2590
f 2465 2464 2591
f 2466 2591 2592
f 2466 2592 2593
f 2466 2465 2591
f 2467 2593 2594
f 2467 2466 2593
f 2468 2467 2594
f 2469 2468 2594
f 2469 2594 2595
f 2470 2469 2595
f 2470 2595 2596
f 2471 2470 2596
f 2471 2596 2597
f 2472 2471 2597
f 2472 2597 2598
f 2473 2472 2598
f 2473 2598 2599
f 2474 2473 2599
f 2474 2599 2600
f 2475 2474 2600
f 2475 2600 2601
f 2476 2475 2601
f 2476 2601 2602
f 2477 2476 2602
f 2477 2602 2603
f 2478 2477 2603
f 2478 2603 2604
f 2479 2478 2604
f 2479 2604 2605
f 2480 2479 2605
f 2480 2605 2606
f 2481 2606 2607
f 2481 2480 2606
f 2482 2607 2608
f 2482 2481 2607
f 2483 2608 2609
f 2483 2482 2608
f 2484 2609 2610
f 2484 2483 2609
f 2485 2610 2611
f 2485 2484 2610
f 2486 2611 2612
f 2486 2485 2611
f 2487 2612 2613
f 2487 2486 2612
f 2488 2613 2614
f 2488 2614 2615
f 2488 2487 2613
f 2489 2488 2615
f 2490 2615 2616
f 2490 2489 2615
f 2491 2616 2617
f 2491 2617 2618
f 2491 2490 2616
f 2492 2618 2619
f 2492 2491 2618
f 2493 2492 2619
f 2494 2619 2620
f 2494 2493 2619
f 2495 2494 2620
f 2495 2620 2621
f 2496 2495 2621
f 2496 2621 2622
f 2497 2496 2622
f 2497 2622 2623
f 2498 2497 2623
f 2498 2623 2624
f 2499 2624 2625
f 2499 2625 2626
f 2499 2498 2624
f 2500 2626 2627
f 2500 2499 2626
f 2501 2500 2627
f 2502 2627 2628
f 2502 2501 2627
f 2503 2628 2629
f 2503 2502 2628
f 2504 2629 2630
f 2504 2503 2629
f 2505 2630 2631
f 2505 2631 2632
f 2505 2504 2630
f 2506 2505 2632
f 2507 2632 2633
f 2507 2506 2632
f 2508 2633 2634
f 2508 2507 2633
f 2509 2634 2635
f 2509 2508 2634
f 2510 2635 2636
f 2510 2509 2635
f 2511 2636 2637
f 2511 2510 2636
f 2512 2637 2638
f 2512 2511 2637
f 2513 2638 2639
f 2513 2512 2638
f 2514 2639 2640
f 2514 2640 2641
f 2514 2513 2639
f 2515 2514 2641
f 2516 2641 2642
f 2516 2642 2643
f 2516 2515 2641
f 2517 2516 2643
f 2518 2643 2644
f 2518 2517 2643
f 2519 2518 2644
f 2519 2644 2645
f 2520 2519 2645
f 2520 2645 2646
f 2521 2520 2646
f 2521 2646 2647
f 2522 2521 2647
f 2522 2647 2648
f 2523 2522 2648
f 2523 2648 2649
f 2524 2523 2649
f 2524 2649 2650
f 2525 2524 2650
f 2525 2650 2651
f 2526 2525 2651
f 2526 2651 2652
f 2527 2526 2652
f 2527 2652 2653
f 2528 2527 2653
f 2528 2653 2654
f 2529 2528 2654
f 2529 2654 2655
f 2530 2529 2655
f 2530 2655 2656
f 2531 2656 2657
f 2531 2530 2656
f 2532 2657 2658
f 2532 2531 2657
f 2406 2532 2658
f 2406 2658 2405
f 2864 2738 2737
f 2864 2739 2738
f 2863 2864 2737
f 2865 2739 2864
f 2862 2737 2736
f 2862 2863 2737
f 2866 2739 2865
f 2866 2740 2739
f 2861 2736 2735
f 2861 2862 2736
f 2867 2741 2740
f 2867 2740 2866
f 2860 2861 2735
f 2860 2734 2733
f 2860 2735 2734
f 2868 2741 2867
f 2868 2742 2741
f 2859 2860 2733
f 2869 2742 2868
f 2869 2743 2742
f 2858 2732 2731
f 2858 2733 2732
f 2858 2859 2733
f 2870 2743 2869
f 2870 2744 2743
f 2857 2858 2731
f 2857 2731 2730
f 2871 2745 2744
f 2871 2744 2870
f 2856 2857 2730
f 2872 2745 2871
f 2872 2746 2745
f 2872 2747 2746
f 2855 2856 2730
f 2855 2729 2728
f 2855 2730 2729
f 2873 2747 2872
f 2854 2855 2728
f 2874 2747 2873
f 2874 2748 2747
f 2853 2854 2728
f 2853 2728 2727
f 2875 2748 2874
f 2875 2749 2748
f 2852 2853 2727
f 2852 2726 2725
f 2852 2727 2726
f 2876 2749 2875
f 2876 2750 2749
f 2876 2751 2750
f 2851 2852 2725
f 2877 2751 2876
f 2850 2851 2725
f 2850 2724 2723
f 2850 2725 2724
f 2878 2751 2877
f 2878 2752 2751
f 2849 2850 2723
f 2879 2752 2878
f 2879 2753 2752
f 2879 2754 2753
f 2848 2723 2722
f 2848 2849 2723
f 2880 2754 2879
f 2847 2848 2722
f 2847 2721 2720
f 2847 2722 2721
f 2881 2754 2880
f 2881 2755 2754
f 2846 2847 2720
f 2882 2756 2755
f 2882 2755 2881
f 2845 2720 2719
f 2845 2846 2720
f 2883 2756 2882
f 2883 2757 2756
f 2844 2719 2718
f 2844 2845 2719
f 2884 2757 2883
f 2884 2758 2757
f 2843 2844 2718
f 2843 2718 2717
f 2885 2758 2884
f 2885 2759 2758
f 2842 2843 2717
f 2842 2716 2715
f 2842 2717 2716
f 2886 2760 2759
f 2886 2759 2885
f 2841 2842 2715
f 2887 2761 2760
f 2887 2760 2886
f 2840 2841 2715
f 2840 2715 2714
f 2888 2762 2761
f 2888 2761 2887
f 2839 2840 2714
f 2839 2714 2713
f 2889 2763 2762
f 2889 2762 2888
f 2838 2713 2712
f 2838 2839 2713
f 2890 2764 2763
f 2890 2763 2889
f 2837 2712 2711
f 2837 2838 2712
f 2891 2765 2764
f 2891 2764 2890
f 2836 2837 2711
f 2836 2711 2710
f 2892 2766 2765
f 2892 2765 2891
f 2835 2710 2709
f 2835 2836 2710
f 2893 2767 2766
f 2893 2766 2892
f 2834 2709 2708
f 2834 2835 2709
f 2768 2767 2893
f 2894 2768 2893
f 2833 2708 2707
f 2833 2834 2708
f 2895 2769 2768
f 2895 2768 2894
f 2706 2832 2833
f 2706 2833 2707
f 2770 2895 2896
f 2770 2769 2895
f 2705 2832 2706
f 2705 2831 2832
f 2897 2770 2896
f 2771 2770 2897
f 2704 2831 2705
f 2704 2830 2831
f 2772 2771 2897
f 2772 2897 2898
f 2703 2830 2704
f 2703 2829 2830
f 2899 2772 2898
f 2773 2772 2899
f 2828 2829 2703
f 2702 2828 2703
f 2827 2828 2702
f 2774 2773 2899
f 2774 2899 2900
f 2701 2827 2702
f 2775 2774 2900
f 2775 2900 2901
f 2700 2827 2701
f 2700 2826 2827
f 2776 2901 2902
f 2776 2775 2901
f 2699 2826 2700
f 2699 2825 2826
f 2777 2902 2903
f 2777 2776 2902
f 2698 2825 2699
f 2698 2823 2824
f 2698 2824 2825
f 2778 2903 2904
f 2778 2777 2903
f 2697 2823 2698
f 2779 2904 2905
f 2779 2905 2906
f 2779 2778 2904
f 2696 2822 2823
f 2696 2823 2697
f 2780 2779 2906
f 2695 2821 2822
f 2695 2822 2696
f 2781 2906 2907
f 2781 2907 2908
f 2781 2780 2906
f 2694 2820 2821
f 2694 2821 2695
f 2782 2781 2908
f 2693 2818 2819
f 2693 2819 2820
f 2693 2820 2694
f 2783 2782 2908
f 2783 2908 2909
f 2783 2909 2910
f 2692 2818 2693
f 2784 2783 2910
f 2691 2818 2692
f 2691 2817 2818
f 2659 2785 2786
f 2659 2784 2910
f 2659 2910 2785
f 2690 2817 2691
f 2690 2816 2817
f 2660 2659 2786
f 2689 2816 2690
f 2689 2815 2816
f 2661 2786 2787
f 2661 2787 2788
f 2661 2660 2786
f 2688 2814 2815
f 2688 2815 2689
f 2662 2661 2788
f 2687 2812 2813
f 2687 2813 2814
f 2687 2814 2688
f 2663 2788 2789
f 2663 2789 2790
f 2663 2662 2788
f 2686 2812 2687
f 2686 2811 2812
f 2664 2663 2790
f 2685 2811 2686
f 2665 2790 2791
f 2665 2664 2790
f 2684 2810 2811
f 2684 2811 2685
f 2666 2791 2792
f 2666 2665 2791
f 2683 2810 2684
f 2683 2809 2810
f 2667 2792 2793
f 2667 2666 2792
f 2682 2809 2683
f 2682 2808 2809
f 2668 2667 2793
f 2668 2793 2794
f 2681 2808 2682
f 2681 2806 2807
f 2681 2807 2808
f 2669 2668 2794
f 2669 2794 2795
f 2669 2795 2796
f 2680 2806 2681
f 2680 2805 2806
f 2670 2669 2796
f 2679 2805 2680
f 2671 2670 2796
f 2671 2796 2797
f 2671 2797 2798
f 2678 2804 2805
f 2678 2805 2679
f 2672 2671 2798
f 2677 2804 2678
f 2677 2803 2804
f 2673 2672 2798
f 2673 2798 2799
f 2676 2802 2803
f 2676 2803 2677
f 2674 2799 2800
f 2674 2800 2801
f 2674 2673 2799
f 2675 2802 2676
f 2675 2674 2801
f 2675 2801 2802
f 2912 2911 3038
f 2912 3038 3039
f 2913 3039 3040
f 2913 3040 3041
f 2913 2912 3039
f 2914 2913 3041
f 2915 3041 3042
f 2915 3042 3043
f 2915 2914 3041
f 2916 3043 3044
f 2916 2915 3043
f 2917 2916 3044
f 2918 3044 3045
f 2918 2917 3044
f 2919 3045 3046
f 2919 3046 3047
f 2919 2918 3045
f 2920 2919 3047
f 2921 3047 3048
f 2921 2920 3047
f 2922 2921 3048
f 2922 3048 3049
f 2923 2922 3049
f 2923 3049 3050
f 2924 2923 3050
f 2924 3050 3051
f 2925 2924 3051
f 2925 3051 3052
f 2926 2925 3052
f 2926 3052 3053
f 2927 2926 3053
f 2927 3053 3054
f 2928 2927 3054
f 2928 3054 3055
f 2929 2928 3055
f 2929 3055 3056
f 2930 2929 3056
f 2930 3056 3057
f 2931 2930 3057
f 2931 3057 3058
f 2932 2931 3058
f 2932 3058 3059
f 2933 2932 3059
f 2933 3059 3060
f 2933 3060 3061
f 2934 2933 3061
f 2935 3061 3062
f 2935 3062 3063
f 2935 2934 3061
f 2936 2935 3063
f 2937 3063 3064
f 2937 2936 3063
f 2938 3064 3065
f 2938 3065 3066
f 2938 2937 3064
f 2939 2938 3066
f 2940 3066 3067
f 2940 2939 3066
f 2941 3067 3068
f 2941 3068 3069
f 2941 2940 3067
f 2942 2941 3069
f 2943 3069 3070
f 2943 3070 3071
f 2943 2942 3069
f 2944 2943 3071
f 2945 3071 3072
f 2945 3072 3073
f 2945 2944 3071
f 2946 2945 3073
f 2947 2946 3073
f 2947 3073 3074
f 2948 2947 3074
f 2948 3074 3075
f 2949 2948 3075
f 2949 3075 3076
f 2950 2949 3076
f 2950 3076 3077
f 2951 2950 3077
f 2951 3077 3078
f 2952 2951 3078
f 2952 3078 3079
f 2953 2952 3079
f 2953 3079 3080
f 2953 3080 3081
f 2954 2953 3081
f 2955 2954 3081
f 2955 3081 3082
f 2955 3082 3083
f 2956 2955 3083
f 2956 3083 3084
f 2957 2956 3084
f 2957 3084 3085
f 2958 2957 3085
f 2959 2958 3085
f 2959 3085 3086
f 2960 2959 3086
f 2960 3086 3087
f 2961 2960 3087
f 2961 3087 3088
f 2962 2961 3088
f 2962 3088 3089
f 2963 2962 3089
f 2963 3089 3090
f 2964 2963 3090
f 2964 3090 3091
f 2965 2964 3091
f 2965 3091 3092
f 2966 2965 3092
f 2966 3092 3093
f 2967 2966 3093
f 2967 3093 3094
f 2967 3094 3095
f 2968 3095 3096
f 2968 2967 3095
f 2969 2968 3096
f 2970 3096 3097
f 2970 3097 3098
f 2970 2969 3096
f 2971 3098 3099
f 2971 2970 3098
f 2972 2971 3099
f 2973 2972 3099
f 2973 3099 3100
f 2974 2973 3100
f 2974 3100 3101
f 2975 2974 3101
f 2975 3101 3102
f 2976 2975 3102
f 2976 3102 3103
f 2977 2976 3103
f 2977 3103 3104
f 2978 2977 3104
f 2978 3104 3105
f 2979 2978 3105
f 2979 3105 3106
f 2980 2979 3106
f 2980 3106 3107
f 2981 2980 3107
f 2981 3107 3108
f 2982 2981 3108
f 2982 3108 3109
f 2983 2982 3109
f 2983 3109 3110
f 2984 2983 3110
f 2984 3110 3111
f 2985 2984 3111
f 2985 3111 3112
f 2986 3112 3113
f 2986 2985 3112
f 2987 3113 3114
f 2987 2986 3113
f 2988 3114 3115
f 2988 2987 3114
f 2989 3115 3116
f 2989 2988 3115
f 2990 3116 3117
f 2990 2989 3116
f 2991 3117 3118
f 2991 2990 3117
f 2992 3118 3119
f 2992 3119 3120
f 2992 2991 3118
f 2993 2992 3120
f 2994 3120 3121
f 2994 2993 3120
f 2995 3121 3122
f 2995 3122 3123
f 2995 2994 3121
f 2996 3123 3124
f 2996 2995 3123
f 2997 2996 3124
f 2998 3124 3125
f 2998 2997 3124
f 2999 2998 3125
f 2999 3125 3126
f 3000 2999 3126
f 3000 3126 3127
f 3001 3000 3127
f 3001 3127 3128
f 3002 3001 3128
f 3002 3128 3129
f 3003 3129 3130
f 3003 3130 3131
f 3003 3002 3129
f 3004 3131 3132
f 3004 3003 3131
f 3005 3004 3132
f 3006 3132 3133
f 3006 3005 3132
f 3007 3133 3134
f 3007 3006 3133
f 3008 3134 3135
f 3008 3007 3134
f 3009 3135 3136
f 3009 3136 3137
f 3009 3008 3135
f 3010 3009 3137
f 3011 3137 3138
f 3011 3010 3137
f 3012 3138 3139
f 3012 3011 3138
f 3013 3139 3140
f 3013 3012 3139
f 3014 3140 3141
f 3014 3013 3140
f 3015 3141 3142
f 3015 3014 3141
f 3016 3142 3143
f 3016 3015 3142
f 3017 3143 3144
f 3017 3016 3143
f 3018 3144 3145
f 3018 3145 3146
f 3018 3017 3144
f 3019 3018 3146
f 3020 3146 3147
f 3020 3147 3148
f 3020 3019 3146
f 3021 3020 3148
f 3022 3148 3149
f 3022 3021 3148
f 3023 3022 3149
f 3023 3149 3150
f 3024 3023 3150
f 3024 3150 3151
f 3025 3024 3151
f 3025 3151 3152
f 3026 3025 3152
f 3026 3152 3153
f 3027 3026 3153
f 3027 3153 3154
f 3028 3027 3154
f 3028 3154 3155
f 3029 3028 3155
f 3029 3155 3156
f 3030 3029 3156
f 3030 3156 3157
f 3031 3030 3157
f 3031 3157 3158
f 3032 3031 3158
f 3032 3158 3159
f 3033 3032 3159
f 3033 3159 3160
f 3034 3033 3160
f 3034 3160 3161
f 3035 3161 3162
f 3035 3034 3161
f 3036 3035 3162
f 3036 3162 3163
f 3037 3163 3164
f 3037 3036 3163
f 3370 3243 3244
f 3370 3244 3245
f 3369 3243 3370
f 3371 3370 3245
f 3368 3242 3243
f 3368 3243 3369
f 3372 3371 3245
f 3372 3245 3246
f 3367 3241 3242
f 3367 3242 3368
f 3373 3246 3247
f 3373 3372 3246
f 3366 3241 3367
f 3366 3239 3240
f 3366 3240 3241
f 3374 3373 3247
f 3374 3247 3248
f 3365 3239 3366
f 3375 3374 3248
f 3375 3248 3249
f 3364 3237 3238
f 3364 3238 3239
f 3364 3239 3365
f 3376 3375 3249
f 3376 3249 3250
f 3363 3237 3364
f 3363 3236 3237
f 3377 3250 3251
f 3377 3376 3250
f 3362 3236 3363
f 3378 3377 3251
f 3378 3251 3252
f 3378 3252 3253
f 3361 3236 3362
f 3361 3234 3235
f 3361 3235 3236
f 3379 3378 3253
f 3360 3234 3361
f 3380 3379 3253
f 3380 3253 3254
f 3359 3234 3360
f 3359 3233 3234
f 3381 3380 3254
f 3381 3254 3255
f 3358 3233 3359
f 3358 3231 3232
f 3358 3232 3233
f 3382 3381 3255
f 3382 3255 3256
f 3382 3256 3257
f 3357 3231 3358
f 3383 3382 3257
f 3356 3231 3357
f 3356 3229 3230
f 3356 3230 3231
f 3384 3383 3257
f 3384 3257 3258
f 3355 3229 3356
f 3385 3384 3258
f 3385 3258 3259
f 3385 3259 3260
f 3354 3228 3229
f 3354 3229 3355
f 3386 3385 3260
f 3353 3228 3354
f 3353 3226 3227
f 3353 3227 3228
f 3387 3386 3260
f 3387 3260 3261
f 3352 3226 3353
f 3388 3261 3262
f 3388 3387 3261
f 3351 3225 3226
f 3351 3226 3352
f 3389 3388 3262
f 3389 3262 3263
f 3350 3224 3225
f 3350 3225 3351
f 3390 3389 3263
f 3390 3263 3264
f 3349 3224 3350
f 3349 3223 3224
f 3391 3390 3264
f 3391 3264 3265
f 3348 3223 3349
f 3348 3221 3222
f 3348 3222 3223
f 3392 3265 3266
f 3392 3391 3265
f 3347 3221 3348
f 3393 3266 3267
f 3393 3392 3266
f 3346 3221 3347
f 3346 3220 3221
f 3394 3267 3268
f 3394 3393 3267
f 3345 3220 3346
f 3345 3219 3220
f 3395 3268 3269
f 3395 3394 3268
f 3344 3218 3219
f 3344 3219 3345
f 3396 3269 3270
f 3396 3395 3269
f 3343 3217 3218
f 3343 3218 3344
f 3397 3270 3271
f 3397 3396 3270
f 3342 3217 3343
f 3342 3216 3217
f 3398 3271 3272
f 3398 3397 3271
f 3341 3215 3216
f 3341 3216 3342
f 3399 3272 3273
f 3399 3398 3272
f 3340 3214 3215
f 3340 3215 3341
f 3274 3399 3273
f 3400 3399 3274
f 3339 3213 3214
f 3339 3214 3340
f 3401 3274 3275
f 3401 3400 3274
f 3212 3339 3338
f 3212 3213 3339
f 3276 3402 3401
f 3276 3401 3275
f 3211 3212 3338
f 3211 3338 3337
f 3403 3402 3276
f 3277 3403 3276
f 3210 3211 3337
f 3210 3337 3336
f 3278 3403 3277
f 3278 3404 3403
f 3209 3210 3336
f 3209 3336 3335
f 3405 3404 3278
f 3279 3405 3278
f 3334 3209 3335
f 3208 3209 3334
f 3333 3208 3334
f 3280 3405 3279
f 3280 3406 3405
f 3207 3208 3333
f 3281 3406 3280
f 3281 3407 3406
f 3206 3207 3333
f 3206 3333 3332
f 3282 3408 3407
f 3282 3407 3281
f 3205 3206 3332
f 3205 3332 3331
f 3283 3409 3408
f 3283 3408 3282
f 3204 3205 3331
f 3204 3330 3329
f 3204 3331 3330
f 3284 3410 3409
f 3284 3409 3283
f 3203 3204 3329
f 3285 3411 3410
f 3285 3412 3411
f 3285 3410 3284
f 3202 3329 3328
f 3202 3203 3329
f 3286 3412 3285
f 3201 3328 3327
f 3201 3202 3328
f 3287 3413 3412
f 3287 3414 3413
f 3287 3412 3286
f 3200 3327 3326
f 3200 3201 3327
f 3288 3414 3287
f 3199 3325 3324
f 3199 3326 3325
f 3199 3200 3326
f 3289 3414 3288
f 3289 3415 3414
f 3289 3416 3415
f 3198 3199 3324
f 3290 3416 3289
f 3197 3198 3324
f 3197 3324 3323
f 3165 3292 3291
f 3165 3416 3290
f 3165 3291 3416
f 3196 3197 3323
f 3196 3323 3322
f 3166 3292 3165
f 3195 3196 3322
f 3195 3322 3321
f 3167 3293 3292
f 3167 3294 3293
f 3167 3292 3166
f 3194 3321 3320
f 3194 3195 3321
f 3168 3294 3167
f 3193 3319 3318
f 3193 3320 3319
f 3193 3194 3320
f 3169 3295 3294
f 3169 3296 3295
f 3169 3294 3168
f 3192 3193 3318
f 3192 3318 3317
f 3170 3296 3169
f 3191 3192 3317
f 3171 3297 3296
f 3171 3296 3170
f 3190 3317 3316
f 3190 3191 3317
f 3172 3298 3297
f 3172 3297 3171
f 3189 3190 3316
f 3189 3316 3315
f 3173 3299 3298
f 3173 3298 3172
f 3188 3189 3315
f 3188 3315 3314
f 3174 3299 3173
f 3174 3300 3299
f 3187 3188 3314
f 3187 3313 3312
f 3187 3314 3313
f 3175 3300 3174
f 3175 3301 3300
f 3175 3302 3301
f 3186 3187 3312
f 3186 3312 3311
f 3176 3302 3175
f 3185 3186 3311
f 3177 3302 3176
f 3177 3303 3302
f 3177 3304 3303
f 3184 3311 3310
f 3184 3185 3311
f 3178 3304 3177
f 3183 3184 3310
f 3183 3310 3309
f 3179 3304 3178
f 3179 3305 3304
f 3182 3309 3308
f 3182 3183 3309
f 3180 3306 3305
f 3180 3307 3306
f 3180 3305 3179
f 3181 3182 3308
f 3181 3307 3180
f 3181 3308 3307
f 3419 3545 3546
f 3420 3419 3546
f 3421 3546 3547
f 3421 3547 3548
f 3421 3420 3546
f 3422 3421 3548
f 3423 3422 3548
f 3423 3548 3549
f 3423 3549 3550
f 3424 3423 3550
f 3425 3424 3550
f 3425 3550 3551
f 3426 3425 3551
f 3426 3551 3552
f 3426 3552 3553
f 3427 3426 3553
f 3428 3427 3553
f 3428 3553 3554
f 3428 3554 3555
f 3429 3428 3555
f 3430 3429 3555
f 3430 3555 3556
f 3430 3556 3557
f 3431 3430 3557
f 3432 3557 3558
f 3432 3431 3557
f 3433 3558 3559
f 3433 3432 3558
f 3433 3559 3560
f 3434 3560 3561
f 3434 3433 3560
f 3435 3434 3561
f 3436 3561 3562
f 3436 3435 3561
f 3437 3562 3563
f 3437 3436 3562
f 3438 3563 3564
f 3438 3437 3563
f 3439 3564 3565
f 3439 3438 3564
f 3440 3565 3566
f 3440 3439 3565
f 3441 3566 3567
f 3441 3440 3566
f 3442 3567 3568
f 3442 3441 3567
f 3443 3568 3569
f 3443 3442 3568
f 3444 3569 3570
f 3444 3443 3569
f 4000 4001 3571
f 4002 3570 3571
f 4002 3571 4001
f 3999 4000 3571
f 4003 3570 4002
f 4004 3570 4003
f 4004 3444 3570
f 3998 3999 3571
f 3838 3444 4004
f 3997 3998 3571
f 3839 3444 3838
f 3996 3997 3571
f 3995 3996 3571
f 3994 3995 3571
f 3993 3994 3571
f 3992 3993 3571
f 3992 3571 3572
f 3991 3992 3572
f 3990 3991 3572
f 3989 3990 3572
f 3988 3989 3572
f 3987 3988 3572
f 3445 3444 3839
f 3445 3839 3840
f 3445 3840 3841
f 3445 3841 3842
f 3445 3842 3843
f 3445 3843 3844
f 3445 3844 3845
f 3445 3845 3846
f 3445 3846 3847
f 3986 3987 3572
f 3985 3986 3572
f 3984 3985 3572
f 3983 3984 3572
f 3982 3572 3573
f 3982 3983 3572
f 3981 3982 3573
f 3980 3981 3573
f 3979 3980 3573
f 3978 3979 3573
f 3446 3847 3848
f 3446 3848 3849
f 3446 3849 3850
f 3446 3850 3851
f 3446 3851 3852
f 3446 3852 3853
f 3446 3853 3854
f 3446 3445 3847
f 3855 3446 3854
f 3977 3978 3573
f 3856 3446 3855
f 3976 3977 3573
f 3975 3573 3574
f 3975 3976 3573
f 3974 3975 3574
f 3973 3974 3574
f 3972 3973 3574
f 3447 3856 3857
f 3447 3857 3858
f 3447 3858 3859
f 3447 3859 3860
f 3447 3446 3856
f 3971 3972 3574
f 3861 3447 3860
f 3970 3574 3575
f 3970 3971 3574
f 3969 3970 3575
f 3968 3969 3575
f 3967 3968 3575
f 3448 3447 3861
f 3448 3861 3862
f 3448 3862 3863
f 3448 3863 3864
f 3966 3967 3575
f 3865 3448 3864
f 3965 3966 3575
f 3965 3575 3576
f 3866 3448 3865
f 3964 3965 3576
f 3963 3964 3576
f 3962 3963 3576
f 3449 3448 3866
f 3449 3866 3867
f 3449 3867 3868
f 3449 3868 3869
f 3870 3449 3869
f 3961 3962 3576
f 3961 3576 3577
f 3871 3449 3870
f 3960 3961 3577
f 3959 3960 3577
f 3958 3959 3577
f 3450 3871 3872
f 3450 3872 3873
f 3450 3449 3871
f 3874 3450 3873
f 3957 3577 3578
f 3957 3958 3577
f 3875 3450 3874
f 3956 3957 3578
f 3955 3956 3578
f 3954 3955 3578
f 3953 3954 3578
f 3451 3875 3876
f 3451 3876 3877
f 3451 3877 3878
f 3451 3450 3875
f 3952 3578 3579
f 3952 3953 3578
f 3879 3451 3878
f 3951 3952 3579
f 3950 3951 3579
f 3949 3950 3579
f 3948 3949 3579
f 3452 3879 3880
f 3452 3880 3881
f 3452 3881 3882
f 3452 3451 3879
f 3883 3452 3882
f 3947 3948 3579
f 3947 3579 3580
f 3884 3452 3883
f 3946 3947 3580
f 3945 3946 3580
f 3944 3945 3580
f 3943 3944 3580
f 3942 3943 3580
f 3453 3884 3885
f 3453 3885 3886
f 3453 3886 3887
f 3453 3887 3888
f 3453 3452 3884
f 3889 3453 3888
f 3941 3942 3580
f 3940 3941 3580
f 3940 3580 3581
f 3939 3940 3581
f 3938 3939 3581
f 3937 3938 3581
f 3936 3937 3581
f 3935 3936 3581
f 3934 3935 3581
f 3454 3453 3889
f 3454 3889 3890
f 3454 3890 3891
f 3454 3891 3892
f 3454 3892 3893
f 3454 3893 3894
f 3454 3894 3895
f 3454 3895 3896
f 3933 3934 3581
f 3932 3933 3581
f 3931 3932 3581
f 3930 3581 3582
f 3930 3931 3581
f 3929 3930 3582
f 3928 3929 3582
f 3927 3928 3582
f 3926 3927 3582
f 3925 3926 3582
f 3924 3925 3582
f 3923 3924 3582
f 3922 3923 3582
f 3921 3922 3582
f 3920 3921 3582
f 3583 3920 3582
f 3583 3919 3920
f 3455 3896 3897
f 3455 3897 3898
f 3455 3898 3899
f 3455 3899 3900
f 3455 3900 3901
f 3455 3901 3902
f 3455 3902 3903
f 3455 3903 3904
f 3455 3904 3905
f 3455 3905 3906
f 3455 3454 3896
f 3456 3455 3906
f 3456 3906 3907
f 3456 3907 3908
f 3456 3908 3909
f 3456 3909 3910
f 3456 3910 3911
f 3456 3911 3912
f 3456 3912 3913
f 3456 3913 3914
f 3456 3914 3915
f 3456 3915 3916
f 3456 3916 3917
f 3457 3919 3583
f 3457 3583 3584
f 3457 3456 3917
f 3457 3917 3918
f 3457 3918 3919
f 3458 3457 3584
f 3459 3584 3585
f 3459 3458 3584
f 3460 3585 3586
f 3460 3459 3585
f 3461 3586 3587
f 3461 3460 3586
f 3462 3587 3588
f 3462 3461 3587
f 3463 3588 3589
f 3463 3462 3588
f 3464 3589 3590
f 3464 3590 3591
f 3464 3463 3589
f 3465 3464 3591
f 3466 3465 3591
f 3466 3591 3592
f 3467 3466 3592
f 3467 3592 3593
f 3468 3467 3593
f 3468 3593 3594
f 3469 3468 3594
f 3469 3594 3595
f 3469 3595 3596
f 3470 3469 3596
f 3471 3470 3596
f 3471 3596 3597
f 3471 3597 3598
f 3472 3471 3598
f 3473 3472 3598
f 3473 3598 3599
f 3474 3473 3599
f 3474 3599 3600
f 3475 3474 3600
f 3475 3600 3601
f 3476 3475 3601
f 3476 3601 3602
f 3476 3602 3603
f 3477 3476 3603
f 3478 3477 3603
f 3478 3603 3604
f 3479 3478 3604
f 3479 3604 3605
f 3479 3605 3606
f 3480 3479 3606
f 3480 3606 3607
f 3481 3480 3607
f 3481 3607 3608
f 3482 3481 3608
f 3482 3608 3609
f 3483 3482 3609
f 3484 3483 3609
f 3484 3609 3610
f 3484 3610 3611
f 3485 3484 3611
f 3485 3611 3612
f 3486 3485 3612
f 3487 3486 3612
f 3487 3612 3613
f 3488 3487 3613
f 3488 3613 3614
f 3488 3614 3615
f 3489 3488 3615
f 3490 3489 3615
f 3490 3615 3616
f 3491 3490 3616
f 3491 3616 3617
f 3492 3491 3617
f 3492 3617 3618
f 3493 3618 3619
f 3493 3492 3618
f 3494 3619 3620
f 3494 3493 3619
f 3495 3620 3621
f 3495 3494 3620
f 3496 3621 3622
f 3496 3495 3621
f 3497 3622 3623
f 3497 3496 3622
f 3498 3623 3624
f 3498 3497 3623
f 3499 3624 3625
f 3499 3498 3624
f 3500 3625 3626
f 3500 3499 3625
f 3501 3626 3627
f 3501 3500 3626
f 3502 3627 3628
f 3502 3628 3629
f 3502 3501 3627
f 3503 3502 3629
f 3504 3629 3630
f 3504 3503 3629
f 3505 3630 3631
f 3505 3631 3632
f 3505 3504 3630
f 3506 3505 3632
f 3507 3632 3633
f 3507 3506 3632
f 3755 3754 3634
f 3753 3633 3634
f 3753 3634 3754
f 3756 3755 3634
f 3752 3507 3633
f 3752 3633 3753
f 3757 3756 3634
f 3751 3507 3752
f 3758 3757 3634
f 3750 3507 3751
f 3759 3758 3634
f 3760 3759 3634
f 3761 3760 3634
f 3762 3761 3634
f 3763 3634 3635
f 3763 3762 3634
f 3764 3763 3635
f 3765 3764 3635
f 3766 3765 3635
f 3767 3766 3635
f 3768 3767 3635
f 3508 3741 3740
f 3508 3742 3741
f 3508 3743 3742
f 3508 3744 3743
f 3508 3745 3744
f 3508 3746 3745
f 3508 3747 3746
f 3508 3748 3747
f 3508 3749 3748
f 3508 3750 3749
f 3508 3507 3750
f 3769 3768 3635
f 3739 3508 3740
f 3770 3769 3635
f 3771 3770 3635
f 3772 3771 3635
f 3773 3635 3636
f 3773 3772 3635
f 3774 3773 3636
f 3775 3774 3636
f 3776 3775 3636
f 3777 3776 3636
f 3509 3732 3731
f 3509 3733 3732
f 3509 3734 3733
f 3509 3735 3734
f 3509 3736 3735
f 3509 3737 3736
f 3509 3738 3737
f 3509 3739 3738
f 3509 3508 3739
f 3730 3509 3731
f 3778 3777 3636
f 3729 3509 3730
f 3779 3778 3636
f 3780 3636 3637
f 3780 3779 3636
f 3781 3780 3637
f 3782 3781 3637
f 3783 3782 3637
f 3510 3725 3724
f 3510 3726 3725
f 3510 3727 3726
f 3510 3728 3727
f 3510 3729 3728
f 3510 3509 3729
f 3784 3783 3637
f 3723 3510 3724
f 3785 3784 3637
f 3785 3637 3638
f 3722 3510 3723
f 3786 3785 3638
f 3787 3786 3638
f 3788 3787 3638
f 3511 3720 3719
f 3511 3721 3720
f 3511 3722 3721
f 3511 3510 3722
f 3511 3719 3718
f 3789 3788 3638
f 3717 3511 3718
f 3790 3638 3639
f 3790 3789 3638
f 3791 3790 3639
f 3792 3791 3639
f 3793 3792 3639
f 3512 3511 3717
f 3512 3715 3714
f 3512 3716 3715
f 3512 3717 3716
f 3713 3512 3714
f 3794 3639 3640
f 3794 3793 3639
f 3712 3512 3713
f 3795 3794 3640
f 3796 3795 3640
f 3797 3796 3640
f 3513 3512 3712
f 3513 3710 3709
f 3513 3711 3710
f 3513 3712 3711
f 3798 3640 3641
f 3798 3797 3640
f 3708 3513 3709
f 3799 3798 3641
f 3800 3799 3641
f 3801 3800 3641
f 3802 3801 3641
f 3514 3513 3708
f 3514 3706 3705
f 3514 3707 3706
f 3514 3708 3707
f 3704 3514 3705
f 3803 3641 3642
f 3803 3802 3641
f 3804 3803 3642
f 3805 3804 3642
f 3806 3805 3642
f 3807 3806 3642
f 3515 3514 3704
f 3515 3701 3700
f 3515 3702 3701
f 3515 3703 3702
f 3515 3704 3703
f 3808 3807 3642
f 3808 3642 3643
f 3699 3515 3700
f 3809 3808 3643
f 3810 3809 3643
f 3811 3810 3643
f 3812 3811 3643
f 3813 3812 3643
f 3516 3515 3699
f 3516 3696 3695
f 3516 3697 3696
f 3516 3698 3697
f 3516 3699 3698
f 3814 3813 3643
f 3694 3516 3695
f 3815 3643 3644
f 3815 3814 3643
f 3816 3815 3644
f 3817 3816 3644
f 3818 3817 3644
f 3819 3818 3644
f 3820 3819 3644
f 3821 3820 3644
f 3517 3516 3694
f 3517 3690 3689
f 3517 3691 3690
f 3517 3692 3691
f 3517 3693 3692
f 3517 3694 3693
f 3822 3821 3644
f 3823 3822 3644
f 3824 3823 3644
f 3825 3644 3645
f 3825 3824 3644
f 3826 3825 3645
f 3827 3826 3645
f 3828 3827 3645
f 3829 3828 3645
f 3830 3829 3645
f 3831 3830 3645
f 3832 3831 3645
f 3833 3832 3645
f 3834 3833 3645
f 3835 3834 3645
f 3646 3836 3835
f 3646 3837 3836
f 3646 3835 3645
f 3518 3517 3689
f 3518 3681 3680
f 3518 3682 3681
f 3518 3683 3682
f 3518 3684 3683
f 3518 3685 3684
f 3518 3686 3685
f 3518 3687 3686
f 3518 3688 3687
f 3518 3689 3688
f 3519 3673 3672
f 3519 3674 3673
f 3519 3675 3674
f 3519 3676 3675
f 3519 3677 3676
f 3519 3678 3677
f 3519 3679 3678
f 3519 3680 3679
f 3519 3518 3680
f 3520 3519 3672
f 3520 3671 3837
f 3520 3837 3646
f 3520 3672 3671
f 3521 3646 3647
f 3521 3647 3648
f 3521 3520 3646
f 3522 3648 3649
f 3522 3521 3648
f 3523 3649 3650
f 3523 3522 3649
f 3524 3523 3650
f 3525 3650 3651
f 3525 3524 3650
f 3526 3651 3652
f 3526 3525 3651
f 3527 3652 3653
f 3527 3526 3652
f 3528 3653 3654
f 3528 3527 3653
f 3529 3654 3655
f 3529 3528 3654
f 3530 3655 3656
f 3530 3656 3657
f 3530 3529 3655
f 3531 3530 3657
f 3532 3657 3658
f 3532 3658 3659
f 3532 3531 3657
f 3533 3532 3659
f 3534 3533 3659
f 3534 3659 3660
f 3535 3534 3660
f 3535 3660 3661
f 3535 3661 3662
f 3536 3535 3662
f 3537 3536 3662
f 3537 3662 3663
f 3538 3537 3663
f 3538 3663 3664
f 3538 3664 3665
f 3539 3538 3665
f 3540 3539 3665
f 3540 3665 3666
f 3541 3540 3666
f 3541 3666 3667
f 3542 3541 3667
f 3542 3667 3668
f 3543 3542 3668
f 3543 3668 3669
f 3544 3543 3669
f 3544 3669 3670
f 3418 3544 3670
f 3418 3670 3417
f 4210 4084 4083
f 4209 4210 4083
f 4211 4084 4210
f 4211 4085 4084
f 4208 4209 4083
f 4208 4082 4081
f 4208 4083 4082
f 4212 4086 4085
f 4212 4085 4211
f 4207 4208 4081
f 4213 4086 4212
f 4213 4087 4086
f 4213 4088 4087
f 4206 4080 4079
f 4206 4081 4080
f 4206 4207 4081
f 4214 4088 4213
f 4205 4206 4079
f 4215 4088 4214
f 4215 4089 4088
f 4204 4205 4079
f 4204 4079 4078
f 4216 4089 4215
f 4216 4090 4089
f 4216 4091 4090
f 4203 4204 4078
f 4203 4078 4077
f 4217 4091 4216
f 4217 4092 4091
f 4202 4203 4077
f 4202 4077 4076
f 4218 4092 4217
f 4218 4093 4092
f 4201 4202 4076
f 4201 4076 4075
f 4219 4093 4218
f 4200 4201 4075
f 4200 4074 4073
f 4200 4075 4074
f 4220 4093 4219
f 4220 4094 4093
f 4199 4200 4073
f 4221 4094 4220
f 4221 4095 4094
f 4198 4199 4073
f 4198 4073 4072
f 4222 4095 4221
f 4222 4096 4095
f 4222 4097 4096
f 4197 4198 4072
f 4197 4072 4071
f 4223 4097 4222
f 4196 4197 4071
f 4196 4071 4070
f 4224 4097 4223
f 4224 4098 4097
f 4195 4196 4070
f 4195 4070 4069
f 4225 4098 4224
f 4225 4099 4098
f 4194 4069 4068
f 4194 4195 4069
f 4226 4099 4225
f 4226 4100 4099
f 4226 4101 4100
f 4193 4067 4066
f 4193 4068 4067
f 4193 4194 4068
f 4227 4101 4226
f 4227 4102 4101
f 4192 4193 4066
f 4228 4102 4227
f 4191 4192 4066
f 4191 4066 4065
f 4229 4102 4228
f 4229 4103 4102
f 4229 4104 4103
f 4190 4191 4065
f 4190 4065 4064
f 4230 4104 4229
f 4189 4190 4064
f 4189 4063 4062
f 4189 4064 4063
f 4231 4106 4105
f 4231 4104 4230
f 4231 4105 4104
f 4188 4189 4062
f 4232 4106 4231
f 4187 4188 4062
f 4187 4062 4061
f 4233 4107 4106
f 4233 4108 4107
f 4233 4106 4232
f 4186 4187 4061
f 4186 4061 4060
f 4234 4108 4233
f 4185 4186 4060
f 4185 4060 4059
f 4235 4109 4108
f 4235 4108 4234
f 4184 4059 4058
f 4184 4185 4059
f 4236 4110 4109
f 4236 4109 4235
f 4111 4110 4236
f 4183 4058 4057
f 4183 4184 4058
f 4237 4111 4236
f 4182 4057 4056
f 4182 4183 4057
f 4238 4112 4111
f 4238 4111 4237
f 4181 4056 4055
f 4181 4182 4056
f 4239 4113 4112
f 4239 4112 4238
f 4180 4055 4054
f 4180 4181 4055
f 4240 4114 4113
f 4240 4113 4239
f 4179 4054 4053
f 4179 4180 4054
f 4241 4115 4114
f 4241 4114 4240
f 4052 4178 4179
f 4052 4179 4053
f 4242 4115 4241
f 4116 4115 4242
f 4177 4178 4052
f 4051 4177 4052
f 4243 4116 4242
f 4117 4116 4243
f 4050 4177 4051
f 4050 4176 4177
f 4118 4117 4243
f 4118 4243 4244
f 4245 4118 4244
f 4049 4176 4050
f 4049 4175 4176
f 4174 4175 4049
f 4119 4118 4245
f 4048 4174 4049
f 4173 4174 4048
f 4120 4119 4245
f 4120 4245 4246
f 4047 4173 4048
f 4121 4246 4247
f 4121 4120 4246
f 4046 4173 4047
f 4046 4172 4173
f 4122 4121 4247
f 4122 4247 4248
f 4045 4172 4046
f 4045 4170 4171
f 4045 4171 4172
f 4123 4248 4249
f 4123 4249 4250
f 4123 4122 4248
f 4044 4170 4045
f 4124 4123 4250
f 4124 4250 4251
f 4043 4168 4169
f 4043 4169 4170
f 4043 4170 4044
f 4125 4124 4251
f 4042 4168 4043
f 4126 4251 4252
f 4126 4252 4253
f 4126 4125 4251
f 4041 4167 4168
f 4041 4168 4042
f 4127 4126 4253
f 4040 4167 4041
f 4040 4166 4167
f 4128 4127 4253
f 4128 4253 4254
f 4128 4254 4255
f 4039 4166 4040
f 4039 4165 4166
f 4129 4128 4255
f 4038 4165 4039
f 4038 4164 4165
f 4130 4129 4255
f 4130 4255 4256
f 4037 4164 4038
f 4037 4163 4164
f 4005 4130 4256
f 4005 4256 4131
f 4036 4163 4037
f 4036 4162 4163
f 4006 4131 4132
f 4006 4005 4131
f 4035 4162 4036
f 4035 4161 4162
f 4007 4132 4133
f 4007 4133 4134
f 4007 4006 4132
f 4034 4159 4160
f 4034 4160 4161
f 4034 4161 4035
f 4008 4007 4134
f 4033 4159 4034
f 4009 4134 4135
f 4009 4135 4136
f 4009 4008 4134
f 4032 4158 4159
f 4032 4159 4033
f 4010 4009 4136
f 4031 4156 4157
f 4031 4157 4158
f 4031 4158 4032
f 4011 4010 4136
f 4011 4136 4137
f 4011 4137 4138
f 4030 4156 4031
f 4012 4011 4138
f 4029 4155 4156
f 4029 4156 4030
f 4013 4138 4139
f 4013 4012 4138
f 4028 4155 4029
f 4028 4153 4154
f 4028 4154 4155
f 4014 4139 4140
f 4014 4013 4139
f 4027 4153 4028
f 4015 4014 4140
f 4015 4140 4141
f 4015 4141 4142
f 4026 4153 4027
f 4026 4152 4153
f 4016 4015 4142
f 4025 4152 4026
f 4025 4150 4151
f 4025 4151 4152
f 4017 4142 4143
f 4017 4016 4142
f 4024 4150 4025
f 4018 4017 4143
f 4018 4143 4144
f 4023 4150 4024
f 4023 4149 4150
f 4019 4144 4145
f 4019 4145 4146
f 4019 4018 4144
f 4022 4147 4148
f 4022 4148 4149
f 4022 4149 4023
f 4020 4146 4147
f 4020 4019 4146
f 4021 4147 4022
f 4021 4020 4147
f 4258 4425 4257
f 4258 4426 4425
f 4259 4426 4258
f 4259 4427 4426
f 4260 4427 4259
f 4260 4428 4427
f 4261 4428 4260
f 4261 4429 4428
f 4262 4429 4261
f 4263 4429 4262
f 4263 4430 4429
f 4264 4430 4263
f 4264 4431 4430
f 4265 4431 4264
f 4265 4432 4431
f 4266 4432 4265
f 4267 4432 4266
f 4267 4433 4432
f 4268 4433 4267
f 4268 4434 4433
f 4269 4434 4268
f 4269 4435 4434
f 4270 4435 4269
f 4270 4436 4435
f 4271 4436 4270
f 4271 4437 4436
f 4272 4437 4271
f 4273 4437 4272
f 4273 4438 4437
f 4274 4438 4273
f 4274 4439 4438
f 4275 4439 4274
f 4275 4440 4439
f 4276 4440 4275
f 4276 4441 4440
f 4277 4441 4276
f 4277 4442 4441
f 4278 4442 4277
f 4278 4443 4442
f 4279 4443 4278
f 4279 4444 4443
f 4280 4444 4279
f 4280 4445 4444
f 4281 4446 4445
f 4281 4445 4280
f 4282 4447 4446
f 4282 4446 4281
f 4283 4447 4282
f 4284 4448 4447
f 4284 4447 4283
f 4285 4448 4284
f 4285 4449 4448
f 4286 4449 4285
f 4286 4450 4449
f 4287 4450 4286
f 4287 4451 4450
f 4288 4451 4287
f 4288 4452 4451
f 4289 4452 4288
f 4289 4453 4452
f 4290 4453 4289
f 4291 4453 4290
f 4291 4454 4453
f 4292 4454 4291
f 4292 4455 4454
f 4293 4455 4292
f 4293 4456 4455
f 4294 4456 4293
f 4294 4457 4456
f 4295 4457 4294
f 4295 4458 4457
f 4296 4459 4458
f 4296 4458 4295
f 4297 4460 4459
f 4297 4459 4296
f 4298 4461 4460
f 4298 4460 4297
f 4299 4462 4461
f 4299 4461 4298
f 4300 4462 4299
f 4301 4463 4462
f 4301 4462 4300
f 4302 4464 4463
f 4302 4463 4301
f 4303 4465 4464
f 4303 4464 4302
f 4304 4466 4465
f 4304 4465 4303
f 4305 4467 4466
f 4305 4466 4304
f 4306 4467 4305
f 4307 4468 4467
f 4307 4467 4306
f 4308 4469 4468
f 4308 4468 4307
f 4309 4470 4469
f 4309 4469 4308
f 4310 4470 4309
f 4311 4471 4470
f 4311 4470 4310
f 4312 4472 4471
f 4312 4471 4311
f 4313 4472 4312
f 4313 4473 4472
f 4314 4473 4313
f 4315 4473 4314
f 4315 4474 4473
f 4316 4474 4315
f 4316 4475 4474
f 4317 4475 4316
f 4318 4476 4475
f 4318 4475 4317
f 4319 4477 4476
f 4319 4476 4318
f 4320 4477 4319
f 4321 4478 4477
f 4321 4477 4320
f 4322 4479 4478
f 4322 4478 4321
f 4323 4479 4322
f 4324 4480 4479
f 4324 4479 4323
f 4325 4481 4480
f 4325 4480 4324
f 4326 4481 4325
f 4327 4482 4481
f 4327 4481 4326
f 4328 4483 4482
f 4328 4482 4327
f 4329 4483 4328
f 4330 4484 4483
f 4330 4483 4329
f 4331 4485 4484
f 4331 4484 4330
f 4332 4485 4331
f 4333 4486 4485
f 4333 4485 4332
f 4334 4486 4333
f 4335 4487 4486
f 4335 4486 4334
f 4336 4488 4487
f 4336 4487 4335
f 4337 4488 4336
f 4338 4489 4488
f 4338 4488 4337
f 4339 4490 4489
f 4339 4489 4338
f 4340 4490 4339
f 4341 4491 4490
f 4341 4490 4340
f 4342 4492 4491
f 4342 4491 4341
f 4343 4492 4342
f 4344 4492 4343
f 4344 4493 4492
f 4345 4493 4344
f 4346 4493 4345
f 4346 4494 4493
f 4347 4494 4346
f 4347 4495 4494
f 4348 4495 4347
f 4349 4495 4348
f 4349 4496 4495
f 4350 4496 4349
f 4350 4497 4496
f 4351 4497 4350
f 4352 4497 4351
f 4352 4498 4497
f 4353 4498 4352
f 4353 4499 4498
f 4354 4499 4353
f 4355 4500 4499
f 4355 4499 4354
f 4356 4501 4500
f 4356 4500 4355
f 4357 4501 4356
f 4358 4502 4501
f 4358 4501 4357
f 4359 4503 4502
f 4359 4502 4358
f 4360 4504 4503
f 4360 4503 4359
f 4361 4504 4360
f 4362 4505 4504
f 4362 4504 4361
f 4363 4506 4505
f 4363 4505 4362
f 4364 4506 4363
f 4365 4507 4506
f 4365 4506 4364
f 4366 4508 4507
f 4366 4507 4365
f 4367 4509 4508
f 4367 4508 4366
f 4368 4510 4509
f 4368 4509 4367
f 4369 4510 4368
f 4370 4511 4510
f 4370 4510 4369
f 4371 4512 4511
f 4371 4511 4370
f 4372 4513 4512
f 4372 4512 4371
f 4373 4513 4372
f 4373 4514 4513
f 4374 4514 4373
f 4374 4515 4514
f 4375 4515 4374
f 4376 4515 4375
f 4376 4516 4515
f 4377 4516 4376
f 4377 4517 4516
f 4378 4517 4377
f 4378 4518 4517
f 4379 4518 4378
f 4379 4519 4518
f 4380 4519 4379
f 4380 4520 4519
f 4381 4520 4380
f 4381 4521 4520
f 4382 4521 4381
f 4382 4522 4521
f 4383 4522 4382
f 4383 4523 4522
f 4384 4523 4383
f 4385 4523 4384
f 4385 4524 4523
f 4386 4524 4385
f 4386 4525 4524
f 4387 4525 4386
f 4387 4526 4525
f 4388 4526 4387
f 4388 4527 4526
f 4389 4527 4388
f 4389 4528 4527
f 4390 4528 4389
f 4390 4529 4528
f 4391 4529 4390
f 4392 4530 4529
f 4392 4529 4391
f 4393 4531 4530
f 4393 4530 4392
f 4394 4532 4531
f 4394 4531 4393
f 4395 4532 4394
f 4396 4533 4532
f 4396 4532 4395
f 4397 4534 4533
f 4397 4533 4396
f 4398 4535 4534
f 4398 4534 4397
f 4399 4535 4398
f 4400 4536 4535
f 4400 4535 4399
f 4401 4536 4400
f 4401 4537 4536
f 4402 4537 4401
f 4402 4538 4537
f 4403 4538 4402
f 4404 4538 4403
f 4404 4539 4538
f 4405 4539 4404
f 4405 4540 4539
f 4406 4540 4405
f 4407 4540 4406
f 4407 4541 4540
f 4408 4541 4407
f 4408 4542 4541
f 4409 4542 4408
f 4410 4542 4409
f 4410 4543 4542
f 4411 4543 4410
f 4411 4544 4543
f 4412 4544 4411
f 4413 4544 4412
f 4413 4545 4544
f 4414 4545 4413
f 4414 4546 4545
f 4415 4546 4414
f 4416 4546 4415
f 4416 4547 4546
f 4417 4547 4416
f 4418 4547 4417
f 4418 4548 4547
f 4419 4548 4418
f 4419 4549 4548
f 4420 4549 4419
f 4421 4549 4420
f 4421 4550 4549
f 4422 4550 4421
f 4423 4550 4422
f 4423 4551 4550
f 4424 4551 4423
f 4552 4680 4679
f 4553 4681 4680
f 4553 4680 4552
f 4554 4681 4553
f 4554 4682 4681
f 4555 4682 4554
f 4555 4683 4682
f 4556 4683 4555
f 4556 4684 4683
f 4556 4685 4684
f 4557 4685 4556
f 4557 4686 4685
f 4558 4686 4557
f 4558 4687 4686
f 4559 4687 4558
f 4559 4688 4687
f 4559 4689 4688
f 4560 4689 4559
f 4560 4690 4689
f 4561 4691 4690
f 4561 4690 4560
f 4562 4692 4691
f 4562 4691 4561
f 4563 4693 4692
f 4563 4692 4562
f 4564 4694 4693
f 4564 4695 4694
f 4564 4693 4563
f 4565 4696 4695
f 4565 4695 4564
f 4566 4697 4696
f 4566 4696 4565
f 4567 4698 4697
f 4567 4697 4566
f 4568 4699 4698
f 4568 4698 4567
f 4569 4700 4699
f 4569 4699 4568
f 4570 4701 4700
f 4570 4700 4569
f 4571 4702 4701
f 4571 4701 4570
f 4572 4703 4702
f 4572 4702 4571
f 4573 4704 4703
f 4573 4703 4572
f 4574 4705 4704
f 4574 4706 4705
f 4574 4704 4573
f 4575 4707 4706
f 4575 4706 4574
f 4576 4707 4575
f 4576 4708 4707
f 4577 4708 4576
f 4577 4709 4708
f 4578 4709 4577
f 4578 4710 4709
f 4579 4710 4578
f 4579 4711 4710
f 4580 4711 4579
f 4580 4712 4711
f 4580 4713 4712
f 4581 4713 4580
f 4581 4714 4713
f 4582 4714 4581
f 4582 4715 4714
f 4583 4715 4582
f 4583 4716 4715
f 4584 4716 4583
f 4584 4717 4716
f 4585 4717 4584
f 4585 4718 4717
f 4586 4718 4585
f 4586 4719 4718
f 4587 4719 4586
f 4587 4720 4719
f 4588 4720 4587
f 4588 4721 4720
f 4589 4721 4588
f 4589 4722 4721
f 4589 4723 4722
f 4590 4723 4589
f 4590 4724 4723
f 4591 4724 4590
f 4591 4725 4724
f 4592 4725 4591
f 4592 4726 4725
f 4593 4727 4726
f 4593 4726 4592
f 4594 4727 4593
f 4594 4728 4727
f 4594 4729 4728
f 4595 4730 4729
f 4595 4729 4594
f 4596 4731 4730
f 4596 4730 4595
f 4597 4732 4731
f 4597 4733 4732
f 4597 4731 4596
f 4598 4734 4733
f 4598 4733 4597
f 4599 4734 4598
f 4599 4735 4734
f 4600 4735 4599
f 4600 4736 4735
f 4600 4737 4736
f 4601 4737 4600
f 4601 4738 4737
f 4602 4738 4601
f 4602 4739 4738
f 4602 4740 4739
f 4603 4740 4602
f 4603 4741 4740
f 4604 4741 4603
f 4604 4742 4741
f 4604 4743 4742
f 4605 4743 4604
f 4605 4744 4743
f 4606 4744 4605
f 4606 4745 4744
f 4606 4746 4745
f 4607 4746 4606
f 4607 4747 4746
f 4608 4747 4607
f 4608 4748 4747
f 4608 4749 4748
f 4609 4749 4608
f 4609 4750 4749
f 4610 4750 4609
f 4610 4751 4750
f 4610 4752 4751
f 4611 4752 4610
f 4611 4753 4752
f 4612 4754 4753
f 4612 4755 4754
f 4612 4753 4611
f 4613 4756 4755
f 4613 4757 4756
f 4613 4755 4612
f 4614 4757 4613
f 4614 4758 4757
f 4615 4759 4758
f 4615 4760 4759
f 4615 4758 4614
f 4616 4761 4760
f 4616 4760 4615
f 4617 4762 4761
f 4617 4763 4762
f 4617 4761 4616
f 4618 4764 4763
f 4618 4763 4617
f 4619 4765 4764
f 4619 4766 4765
f 4619 4764 4618
f 4620 4767 4766
f 4620 4768 4767
f 4620 4766 4619
f 4621 4768 4620
f 4621 4769 4768
f 4622 4769 4621
f 4622 4770 4769
f 4622 4771 4770
f 4623 4772 4771
f 4623 4771 4622
f 4624 4773 4772
f 4624 4774 4773
f 4624 4772 4623
f 4625 4775 4774
f 4625 4774 4624
f 4626 4776 4775
f 4626 4777 4776
f 4626 4775 4625
f 4627 4778 4777
f 4627 4777 4626
f 4628 4778 4627
f 4628 4779 4778
f 4628 4780 4779
f 4629 4781 4780
f 4629 4780 4628
f 4630 4782 4781
f 4630 4781 4629
f 4631 4783 4782
f 4631 4784 4783
f 4631 4782 4630
f 4632 4784 4631
f 4632 4785 4784
f 4633 4786 4785
f 4633 4787 4786
f 4633 4785 4632
f 4634 4788 4787
f 4634 4787 4633
f 4635 4789 4788
f 4635 4788 4634
f 4636 4790 4789
f 4636 4789 4635
f 4637 4791 4790
f 4637 4792 4791
f 4637 4790 4636
f 4638 4793 4792
f 4638 4792 4637
f 4639 4794 4793
f 4639 4793 4638
f 4640 4795 4794
f 4640 4794 4639
f 4641 4795 4640
f 4641 4796 4795
f 4642 4796 4641
f 4642 4797 4796
f 4642 4798 4797
f 4643 4798 4642
f 4643 4799 4798
f 4644 4799 4643
f 4644 4800 4799
f 4645 4800 4644
f 4645 4801 4800
f 4646 4801 4645
f 4646 4802 4801
f 4647 4802 4646
f 4647 4803 4802
f 4648 4803 4647
f 4648 4804 4803
f 4649 4804 4648
f 4649 4805 4804
f 4650 4805 4649
f 4650 4806 4805
f 4650 4807 4806
f 4651 4807 4650
f 4651 4808 4807
f 4652 4808 4651
f 4652 4809 4808
f 4653 4809 4652
f 4653 4810 4809
f 4654 4811 4810
f 4654 4810 4653
f 4655 4812 4811
f 4655 4811 4654
f 4656 4813 4812
f 4656 4814 4813
f 4656 4812 4655
f 4657 4815 4814
f 4657 4814 4656
f 4658 4816 4815
f 4658 4815 4657
f 4659 4817 4816
f 4659 4818 4817
f 4659 4816 4658
f 4660 4819 4818
f 4660 4818 4659
f 4661 4820 4819
f 4661 4819 4660
f 4662 4821 4820
f 4662 4822 4821
f 4662 4820 4661
f 4663 4822 4662
f 4663 4823 4822
f 4664 4823 4663
f 4664 4824 4823
f 4665 4824 4664
f 4665 4825 4824
f 4665 4826 4825
f 4666 4826 4665
f 4666 4827 4826
f 4667 4827 4666
f 4667 4828 4827
f 4667 4829 4828
f 4668 4829 4667
f 4668 4830 4829
f 4669 4830 4668
f 4669 4831 4830
f 4669 4832 4831
f 4670 4832 4669
f 4670 4833 4832
f 4671 4833 4670
f 4671 4834 4833
f 4671 4835 4834
f 4672 4835 4671
f 4672 4836 4835
f 4673 4836 4672
f 4673 4837 4836
f 4673 4838 4837
f 4674 4838 4673
f 4674 4839 4838
f 4674 4840 4839
f 4675 4840 4674
f 4675 4841 4840
f 4676 4841 4675
f 4676 4842 4841
f 4676 4843 4842
f 4677 4843 4676
f 4677 4844 4843
f 4677 4845 4844
f 4678 4845 4677
f 4678 4846 4845
f 4976 4847 4848
f 4976 4849 4847
f 4976 4850 4849
f 4977 4851 4850
f 4977 4850 4976
f 4978 4852 4851
f 4978 4851 4977
f 4979 4852 4978
f 4980 4853 4852
f 4980 4854 4853
f 4980 4852 4979
f 4981 4855 4854
f 4981 4854 4980
f 4982 4855 4981
f 4983 4856 4855
f 4983 4855 4982
f 4984 4857 4856
f 4984 4858 4857
f 4984 4856 4983
f 4985 4858 4984
f 4986 4859 4858
f 4986 4858 4985
f 4987 4860 4859
f 4987 4861 4860
f 4987 4859 4986
f 4988 4861 4987
f 4989 4862 4861
f 4989 4861 4988
f 4990 4863 4862
f 4990 4862 4989
f 4991 4864 4863
f 4991 4863 4990
f 4992 4865 4864
f 4992 4864 4991
f 4993 4866 4865
f 4993 4865 4992
f 4994 4867 4866
f 4994 4866 4993
f 4995 4868 4867
f 4995 4867 4994
f 4996 4869 4868
f 4996 4868 4995
f 5272 4870 5273
f 5274 5273 4870
f 5275 5274 4870
f 5271 4870 5272
f 5101 4870 4869
f 5101 4869 4996
f 5101 5275 4870
f 5270 4870 5271
f 5269 4870 5270
f 5268 4870 5269
f 5268 4871 4870
f 5267 4871 5268
f 5266 4871 5267
f 5265 4871 5266
f 5264 4871 5265
f 5263 4871 5264
f 5262 4871 5263
f 4997 5101 4996
f 4997 5102 5101
f 4997 5103 5102
f 4997 5104 5103
f 4997 5105 5104
f 4997 5106 5105
f 4997 5107 5106
f 5261 4871 5262
f 5260 4871 5261
f 5259 4872 4871
f 5259 4871 5260
f 5258 4872 5259
f 5257 4872 5258
f 5256 4872 5257
f 5255 4872 5256
f 4998 5107 4997
f 4998 5108 5107
f 4998 5109 5108
f 4998 5110 5109
f 4998 5111 5110
f 4998 5112 5111
f 4998 5113 5112
f 4998 5114 5113
f 5254 4872 5255
f 5253 4873 4872
f 5253 4872 5254
f 5252 4873 5253
f 5251 4873 5252
f 5250 4873 5251
f 5249 4873 5250
f 4874 4873 5249
f 4999 5115 5114
f 4999 5116 5115
f 4999 5117 5116
f 4999 5118 5117
f 4999 5114 4998
f 5119 5118 4999
f 5248 4874 5249
f 5247 4874 5248
f 5246 4874 5247
f 5245 4874 5246
f 4875 4874 5245
f 5000 5120 5119
f 5000 5121 5120
f 5000 5122 5121
f 5000 5119 4999
f 5244 4875 5245
f 5243 4875 5244
f 5242 4875 5243
f 5001 5123 5122
f 5001 5124 5123
f 5001 5125 5124
f 5001 5122 5000
f 5241 4875 5242
f 5241 4876 4875
f 5126 5125 5001
f 5240 4876 5241
f 5239 4876 5240
f 5238 4876 5239
f 4877 4876 5238
f 5002 5126 5001
f 5002 5127 5126
f 5002 5128 5127
f 5237 4877 5238
f 5236 4877 5237
f 5235 4877 5236
f 4878 4877 5235
f 5003 5128 5002
f 5003 5129 5128
f 5003 5130 5129
f 5131 5130 5003
f 5234 4878 5235
f 5233 4878 5234
f 4879 4878 5233
f 5004 5131 5003
f 5004 5132 5131
f 5004 5133 5132
f 5232 4879 5233
f 5134 5133 5004
f 5231 4879 5232
f 5230 4879 5231
f 4880 4879 5230
f 5005 5134 5004
f 5005 5135 5134
f 5005 5136 5135
f 5229 4880 5230
f 5137 5136 5005
f 5228 4880 5229
f 5227 4880 5228
f 4881 4880 5227
f 5006 5138 5137
f 5006 5139 5138
f 5006 5137 5005
f 5226 4881 5227
f 5225 4881 5226
f 5224 4881 5225
f 5224 4882 4881
f 5007 5139 5006
f 5007 5140 5139
f 5007 5141 5140
f 5142 5141 5007
f 5223 4882 5224
f 5222 4882 5223
f 4883 4882 5222
f 5008 5142 5007
f 5008 5143 5142
f 5008 5144 5143
f 5221 4883 5222
f 5145 5144 5008
f 5220 4883 5221
f 5219 4883 5220
f 5009 5145 5008
f 5009 5146 5145
f 5009 5147 5146
f 5218 4884 4883
f 5218 4883 5219
f 5148 5147 5009
f 5217 4884 5218
f 5216 4884 5217
f 5215 4884 5216
f 4885 4884 5215
f 5010 5150 5149
f 5010 5148 5009
f 5010 5149 5148
f 5151 5150 5010
f 5214 4885 5215
f 5213 4885 5214
f 5212 4885 5213
f 5211 4885 5212
f 4886 4885 5211
f 5011 5152 5151
f 5011 5153 5152
f 5011 5154 5153
f 5011 5151 5010
f 5210 4886 5211
f 5209 4886 5210
f 5208 4886 5209
f 5207 4886 5208
f 5012 5155 5154
f 5012 5156 5155
f 5012 5157 5156
f 5012 5158 5157
f 5012 5154 5011
f 5206 4887 4886
f 5206 4886 5207
f 5205 4887 5206
f 5204 4887 5205
f 5203 4887 5204
f 5202 4887 5203
f 5201 4887 5202
f 5013 5158 5012
f 5013 5159 5158
f 5013 5160 5159
f 5013 5161 5160
f 5013 5162 5161
f 5013 5163 5162
f 5200 4887 5201
f 5200 4888 4887
f 5199 4888 5200
f 5198 4888 5199
f 5197 4888 5198
f 5196 4888 5197
f 5195 4888 5196
f 5194 4888 5195
f 5014 5164 5163
f 5014 5165 5164
f 5014 5166 5165
f 5014 5167 5166
f 5014 5168 5167
f 5014 5169 5168
f 5014 5163 5013
f 5193 4888 5194
f 5192 4888 5193
f 5191 4889 4888
f 5191 4888 5192
f 5190 4889 5191
f 5189 4889 5190
f 5188 4889 5189
f 5187 4889 5188
f 5186 4889 5187
f 5185 4889 5186
f 4890 4889 5185
f 5015 5170 5169
f 5015 5171 5170
f 5015 5172 5171
f 5015 5173 5172
f 5015 5174 5173
f 5015 5175 5174
f 5015 5176 5175
f 5015 5177 5176
f 5015 5178 5177
f 5015 5169 5014
f 5016 5179 5178
f 5016 5180 5179
f 5016 5181 5180
f 5016 5182 5181
f 5016 5183 5182
f 5016 5184 5183
f 5016 5178 5015
f 5017 4890 5185
f 5017 5185 5184
f 5017 5184 5016
f 5018 4890 5017
f 5018 4891 4890
f 5019 4891 5018
f 5019 4892 4891
f 5019 4893 4892
f 5020 4893 5019
f 5021 4893 5020
f 5021 4894 4893
f 5022 4894 5021
f 5022 4895 4894
f 5022 4896 4895
f 5023 4896 5022
f 5024 4896 5023
f 5024 4897 4896
f 5024 4898 4897
f 5025 4898 5024
f 5026 4898 5025
f 5026 4899 4898
f 5027 4900 4899
f 5027 4901 4900
f 5027 4899 5026
f 5028 4901 5027
f 5029 4902 4901
f 5029 4903 4902
f 5029 4901 5028
f 5030 4903 5029
f 5031 4904 4903
f 5031 4905 4904
f 5031 4903 5030
f 5032 4905 5031
f 5033 4906 4905
f 5033 4907 4906
f 5033 4905 5032
f 5034 4908 4907
f 5034 4907 5033
f 5035 4909 4908
f 5035 4908 5034
f 5036 4909 5035
f 5037 4910 4909
f 5037 4909 5036
f 5038 4911 4910
f 5038 4910 5037
f 5039 4911 5038
f 5039 4912 4911
f 5040 4912 5039
f 5040 4913 4912
f 5041 4913 5040
f 5041 4914 4913
f 5042 4914 5041
f 5042 4915 4914
f 5043 4915 5042
f 5043 4916 4915
f 5044 4916 5043
f 5044 4917 4916
f 5045 4917 5044
f 5045 4918 4917
f 5046 4918 5045
f 5046 4919 4918
f 5047 4919 5046
f 5047 4920 4919
f 5048 4920 5047
f 5048 4921 4920
f 5049 4921 5048
f 5049 4922 4921
f 5049 4923 4922
f 5050 4923 5049
f 5050 4924 4923
f 5051 4924 5050
f 5052 4924 5051
f 5052 4925 4924
f 5053 4925 5052
f 5053 4926 4925
f 5054 4926 5053
f 5054 4927 4926
f 5054 4928 4927
f 5055 4928 5054
f 5056 4928 5055
f 5056 4929 4928
f 5057 4929 5056
f 5057 4930 4929
f 5057 4931 4930
f 5058 4931 5057
f 5059 4931 5058
f 5059 4932 4931
f 5361 5362 4933
f 5363 4933 5362
f 5360 4933 4932
f 5360 4932 5059
f 5360 5361 4933
f 5364 4933 5363
f 5359 5360 5059
f 5365 4933 5364
f 5366 4933 5365
f 5366 4934 4933
f 5367 4934 5366
f 5368 4934 5367
f 5369 4934 5368
f 5370 4934 5369
f 5371 4934 5370
f 5372 4934 5371
f 5373 4934 5372
f 5060 5359 5059
f 5060 5353 5354
f 5060 5354 5355
f 5060 5355 5356
f 5060 5356 5357
f 5060 5357 5358
f 5060 5358 5359
f 5374 4934 5373
f 5375 4934 5374
f 5375 4935 4934
f 5376 4935 5375
f 5377 4935 5376
f 5378 4935 5377
f 5379 4935 5378
f 5380 4935 5379
f 5061 5351 5352
f 5061 5352 5353
f 5061 5353 5060
f 5061 5344 5345
f 5061 5345 5346
f 5061 5346 5347
f 5061 5347 5348
f 5061 5348 5349
f 5061 5349 5350
f 5061 5350 5351
f 5381 4935 5380
f 5381 4936 4935
f 5382 4936 5381
f 5383 4936 5382
f 5384 4936 5383
f 5385 4936 5384
f 5062 5344 5061
f 5062 5338 5339
f 5062 5339 5340
f 5062 5340 5341
f 5062 5341 5342
f 5062 5342 5343
f 5062 5343 5344
f 5386 4937 4936
f 5386 4936 5385
f 5387 4937 5386
f 5388 4937 5387
f 5389 4937 5388
f 5390 4937 5389
f 4938 4937 5390
f 5063 5334 5335
f 5063 5335 5336
f 5063 5338 5062
f 5063 5336 5337
f 5063 5337 5338
f 5333 5334 5063
f 5391 4938 5390
f 5392 4938 5391
f 5393 4938 5392
f 4939 4938 5393
f 5064 5333 5063
f 5064 5330 5331
f 5064 5331 5332
f 5064 5332 5333
f 5394 4939 5393
f 5329 5330 5064
f 5395 4939 5394
f 5396 4939 5395
f 5065 5329 5064
f 5065 5326 5327
f 5065 5327 5328
f 5065 5328 5329
f 5397 4939 5396
f 5397 4940 4939
f 5398 4940 5397
f 5399 4940 5398
f 4941 4940 5399
f 5066 5326 5065
f 5066 5323 5324
f 5066 5324 5325
f 5066 5325 5326
f 5400 4941 5399
f 5401 4941 5400
f 5402 4941 5401
f 4942 4941 5402
f 5067 5323 5066
f 5067 5321 5322
f 5067 5322 5323
f 5320 5321 5067
f 5403 4942 5402
f 5404 4942 5403
f 5405 4942 5404
f 4943 4942 5405
f 5068 5320 5067
f 5068 5318 5319
f 5068 5319 5320
f 5317 5318 5068
f 5406 4943 5405
f 5407 4943 5406
f 5408 4943 5407
f 4944 4943 5408
f 5069 5317 5068
f 5069 5315 5316
f 5069 5316 5317
f 5314 5315 5069
f 5409 4944 5408
f 5410 4944 5409
f 4945 4944 5410
f 5070 5314 5069
f 5070 5312 5313
f 5070 5313 5314
f 5411 4945 5410
f 5412 4945 5411
f 5413 4945 5412
f 4946 4945 5413
f 5071 5312 5070
f 5071 5310 5311
f 5071 5311 5312
f 5309 5310 5071
f 5414 4946 5413
f 5415 4946 5414
f 5416 4946 5415
f 4947 4946 5416
f 5072 5309 5071
f 5072 5307 5308
f 5072 5308 5309
f 5306 5307 5072
f 5417 4947 5416
f 5418 4947 5417
f 5419 4947 5418
f 5420 4947 5419
f 4948 4947 5420
f 5073 5306 5072
f 5073 5304 5305
f 5073 5305 5306
f 5303 5304 5073
f 5421 4948 5420
f 5422 4948 5421
f 5423 4948 5422
f 5074 5301 5302
f 5074 5302 5303
f 5074 5303 5073
f 5424 4949 4948
f 5424 4948 5423
f 5425 4949 5424
f 5426 4949 5425
f 5427 4949 5426
f 5428 4949 5427
f 4950 4949 5428
f 5075 5297 5298
f 5075 5298 5299
f 5075 5299 5300
f 5075 5300 5301
f 5075 5301 5074
f 5429 4950 5428
f 5430 4950 5429
f 5431 4950 5430
f 5432 4950 5431
f 5433 4950 5432
f 5076 5297 5075
f 5076 5294 5295
f 5076 5295 5296
f 5076 5296 5297
f 5434 4951 4950
f 5434 4950 5433
f 5435 4951 5434
f 5436 4951 5435
f 5437 4951 5436
f 5438 4951 5437
f 5439 4951 5438
f 5440 4951 5439
f 5441 4951 5440
f 5077 5289 5290
f 5077 5290 5291
f 5077 5291 5292
f 5077 5292 5293
f 5077 5293 5294
f 5077 5294 5076
f 5442 4951 5441
f 5443 4952 4951
f 5443 4951 5442
f 5444 4952 5443
f 5445 4952 5444
f 5446 4952 5445
f 5447 4952 5446
f 5448 4952 5447
f 5449 4952 5448
f 5450 4952 5449
f 5276 4952 5450
f 4953 4952 5276
f 5078 5282 5283
f 5078 5283 5284
f 5078 5284 5285
f 5078 5285 5286
f 5078 5286 5287
f 5078 5287 5288
f 5078 5288 5289
f 5078 5289 5077
f 5079 5276 5277
f 5079 5277 5278
f 5079 5278 5279
f 5079 5279 5280
f 5079 5280 5281
f 5079 5281 5282
f 5079 5282 5078
f 5080 5276 5079
f 5080 4953 5276
f 5081 4953 5080
f 5081 4954 4953
f 5082 4955 4954
f 5082 4954 5081
f 5083 4956 4955
f 5083 4957 4956
f 5083 4955 5082
f 5084 4957 5083
f 5085 4958 4957
f 5085 4957 5084
f 5086 4959 4958
f 5086 4958 5085
f 5087 4960 4959
f 5087 4961 4960
f 5087 4959 5086
f 5088 4961 5087
f 5089 4962 4961
f 5089 4963 4962
f 5089 4961 5088
f 5090 4963 5089
f 5091 4964 4963
f 5091 4963 5090
f 5092 4965 4964
f 5092 4964 5091
f 5093 4966 4965
f 5093 4965 5092
f 5094 4967 4966
f 5094 4966 5093
f 5095 4968 4967
f 5095 4969 4968
f 5095 4967 5094
f 5096 4969 5095
f 5097 4970 4969
f 5097 4969 5096
f 5098 4971 4970
f 5098 4970 5097
f 5099 4972 4971
f 5099 4971 5098
f 5100 4973 4972
f 5100 4972 5099
f 4975 4974 4973
f 4975 4973 5100
f 5655 5530 5529
f 5655 5656 5530
f 5657 5531 5530
f 5657 5530 5656
f 5654 5655 5529
f 5654 5528 5527
f 5654 5529 5528
f 5658 5531 5657
f 5658 5532 5531
f 5653 5654 5527
f 5653 5527 5526
f 5659 5532 5658
f 5659 5533 5532
f 5652 5653 5526
f 5652 5526 5525
f 5660 5533 5659
f 5660 5534 5533
f 5651 5652 5525
f 5661 5534 5660
f 5661 5535 5534
f 5650 5651 5525
f 5650 5524 5523
f 5650 5525 5524
f 5662 5535 5661
f 5662 5536 5535
f 5649 5650 5523
f 5663 5536 5662
f 5663 5537 5536
f 5648 5523 5522
f 5648 5649 5523
f 5664 5537 5663
f 5664 5538 5537
f 5664 5539 5538
f 5647 5648 5522
f 5647 5522 5521
f 5665 5539 5664
f 5646 5647 5521
f 5646 5520 5519
f 5646 5521 5520
f 5666 5539 5665
f 5666 5540 5539
f 5666 5541 5540
f 5645 5646 5519
f 5667 5541 5666
f 5644 5519 5518
f 5644 5645 5519
f 5668 5541 5667
f 5668 5542 5541
f 5668 5543 5542
f 5643 5518 5517
f 5643 5644 5518
f 5669 5543 5668
f 5669 5544 5543
f 5642 5643 5517
f 5642 5516 5515
f 5642 5517 5516
f 5670 5544 5669
f 5670 5545 5544
f 5641 5642 5515
f 5641 5515 5514
f 5671 5545 5670
f 5640 5641 5514
f 5672 5545 5671
f 5672 5546 5545
f 5639 5513 5512
f 5639 5514 5513
f 5639 5640 5514
f 5673 5547 5546
f 5673 5548 5547
f 5673 5546 5672
f 5638 5512 5511
f 5638 5639 5512
f 5674 5548 5673
f 5637 5638 5511
f 5675 5548 5674
f 5675 5549 5548
f 5636 5637 5511
f 5636 5511 5510
f 5676 5549 5675
f 5676 5550 5549
f 5635 5636 5510
f 5635 5509 5508
f 5635 5510 5509
f 5677 5550 5676
f 5677 5551 5550
f 5634 5635 5508
f 5678 5552 5551
f 5678 5551 5677
f 5633 5508 5507
f 5633 5634 5508
f 5679 5553 5552
f 5679 5554 5553
f 5679 5552 5678
f 5632 5633 5507
f 5632 5507 5506
f 5680 5555 5554
f 5680 5554 5679
f 5631 5632 5506
f 5631 5506 5505
f 5681 5555 5680
f 5630 5505 5504
f 5630 5631 5505
f 5682 5556 5555
f 5682 5555 5681
f 5629 5504 5503
f 5629 5630 5504
f 5683 5557 5556
f 5683 5556 5682
f 5628 5502 5501
f 5628 5503 5502
f 5628 5629 5503
f 5684 5558 5557
f 5684 5557 5683
f 5627 5628 5501
f 5685 5559 5558
f 5685 5558 5684
f 5560 5559 5685
f 5626 5501 5500
f 5626 5627 5501
f 5686 5560 5685
f 5625 5500 5499
f 5625 5626 5500
f 5687 5561 5560
f 5687 5560 5686
f 5498 5624 5625
f 5498 5625 5499
f 5688 5561 5687
f 5562 5561 5688
f 5497 5624 5498
f 5497 5623 5624
f 5622 5623 5497
f 5563 5562 5688
f 5563 5688 5689
f 5690 5563 5689
f 5496 5622 5497
f 5564 5563 5690
f 5495 5622 5496
f 5495 5621 5622
f 5565 5564 5690
f 5565 5690 5691
f 5494 5621 5495
f 5494 5620 5621
f 5566 5691 5692
f 5566 5565 5691
f 5493 5620 5494
f 5493 5619 5620
f 5567 5566 5692
f 5567 5692 5693
f 5567 5693 5694
f 5492 5619 5493
f 5492 5618 5619
f 5568 5567 5694
f 5491 5617 5618
f 5491 5618 5492
f 5569 5568 5694
f 5569 5694 5695
f 5569 5695 5696
f 5490 5615 5616
f 5490 5616 5617
f 5490 5617 5491
f 5570 5696 5697
f 5570 5569 5696
f 5489 5615 5490
f 5571 5570 5697
f 5488 5613 5614
f 5488 5614 5615
f 5488 5615 5489
f 5572 5697 5698
f 5572 5571 5697
f 5487 5613 5488
f 5573 5572 5698
f 5573 5698 5699
f 5573 5699 5700
f 5486 5613 5487
f 5486 5611 5612
f 5486 5612 5613
f 5574 5700 5701
f 5574 5573 5700
f 5485 5611 5486
f 5485 5610 5611
f 5575 5574 5701
f 5484 5610 5485
f 5576 5701 5702
f 5576 5575 5701
f 5483 5610 5484
f 5483 5609 5610
f 5451 5576 5702
f 5451 5702 5577
f 5482 5607 5608
f 5482 5608 5609
f 5482 5609 5483
f 5452 5577 5578
f 5452 5578 5579
f 5452 5451 5577
f 5481 5606 5607
f 5481 5607 5482
f 5453 5579 5580
f 5453 5452 5579
f 5480 5606 5481
f 5454 5453 5580
f 5479 5604 5605
f 5479 5605 5606
f 5479 5606 5480
f 5455 5580 5581
f 5455 5454 5580
f 5478 5604 5479
f 5456 5581 5582
f 5456 5455 5581
f 5477 5604 5478
f 5477 5603 5604
f 5457 5582 5583
f 5457 5456 5582
f 5476 5603 5477
f 5476 5602 5603
f 5458 5583 5584
f 5458 5584 5585
f 5458 5457 5583
f 5475 5602 5476
f 5475 5600 5601
f 5475 5601 5602
f 5459 5458 5585
f 5474 5600 5475
f 5460 5585 5586
f 5460 5459 5585
f 5473 5600 5474
f 5473 5599 5600
f 5461 5586 5587
f 5461 5460 5586
f 5472 5599 5473
f 5472 5597 5598
f 5472 5598 5599
f 5462 5461 5587
f 5462 5587 5588
f 5462 5588 5589
f 5471 5597 5472
f 5463 5462 5589
f 5470 5597 5471
f 5470 5596 5597
f 5464 5463 5589
f 5464 5589 5590
f 5464 5590 5591
f 5469 5596 5470
f 5469 5595 5596
f 5465 5464 5591
f 5468 5594 5595
f 5468 5595 5469
f 5466 5591 5592
f 5466 5465 5591
f 5467 5592 5593
f 5467 5593 5594
f 5467 5594 5468
f 5467 5466 5592
f 5907 5781 5782
f 5907 5782 5908
f 5909 5782 5783
f 5909 5908 5782
f 5906 5781 5907
f 5906 5780 5781
f 5910 5909 5783
f 5910 5783 5784
f 5905 5780 5906
f 5905 5779 5780
f 5911 5910 5784
f 5911 5784 5785
f 5904 5779 5905
f 5904 5777 5778
f 5904 5778 5779
f 5912 5911 5785
f 5912 5785 5786
f 5903 5777 5904
f 5913 5786 5787
f 5913 5912 5786
f 5902 5775 5776
f 5902 5776 5777
f 5902 5777 5903
f 5914 5913 5787
f 5914 5787 5788
f 5901 5775 5902
f 5915 5914 5788
f 5915 5788 5789
f 5900 5775 5901
f 5900 5774 5775
f 5916 5915 5789
f 5916 5789 5790
f 5916 5790 5791
f 5899 5774 5900
f 5899 5773 5774
f 5917 5916 5791
f 5898 5773 5899
f 5898 5772 5773
f 5918 5917 5791
f 5918 5791 5792
f 5897 5772 5898
f 5897 5771 5772
f 5919 5918 5792
f 5919 5792 5793
f 5896 5770 5771
f 5896 5771 5897
f 5920 5793 5794
f 5920 5919 5793
f 5895 5770 5896
f 5895 5769 5770
f 5921 5920 5794
f 5921 5794 5795
f 5921 5795 5796
f 5894 5769 5895
f 5894 5768 5769
f 5922 5921 5796
f 5922 5796 5797
f 5893 5767 5768
f 5893 5768 5894
f 5923 5922 5797
f 5892 5766 5767
f 5892 5767 5893
f 5924 5923 5797
f 5924 5797 5798
f 5891 5765 5766
f 5891 5766 5892
f 5925 5798 5799
f 5925 5799 5800
f 5925 5924 5798
f 5890 5765 5891
f 5890 5763 5764
f 5890 5764 5765
f 5926 5925 5800
f 5889 5763 5890
f 5927 5926 5800
f 5927 5800 5801
f 5888 5763 5889
f 5888 5762 5763
f 5928 5927 5801
f 5928 5801 5802
f 5887 5762 5888
f 5887 5761 5762
f 5929 5928 5802
f 5929 5802 5803
f 5886 5760 5761
f 5886 5761 5887
f 5930 5803 5804
f 5930 5929 5803
f 5885 5760 5886
f 5885 5759 5760
f 5931 5804 5805
f 5931 5930 5804
f 5884 5759 5885
f 5884 5758 5759
f 5932 5805 5806
f 5932 5931 5805
f 5883 5758 5884
f 5883 5757 5758
f 5933 5806 5807
f 5933 5932 5806
f 5882 5756 5757
f 5882 5757 5883
f 5934 5807 5808
f 5934 5933 5807
f 5881 5755 5756
f 5881 5756 5882
f 5935 5808 5809
f 5935 5934 5808
f 5880 5754 5755
f 5880 5755 5881
f 5936 5809 5810
f 5936 5810 5811
f 5936 5935 5809
f 5879 5753 5754
f 5879 5754 5880
f 5937 5936 5811
f 5878 5752 5753
f 5878 5753 5879
f 5938 5811 5812
f 5938 5937 5811
f 5877 5751 5752
f 5877 5752 5878
f 5939 5812 5813
f 5939 5938 5812
f 5750 5877 5876
f 5750 5751 5877
f 5940 5939 5813
f 5814 5940 5813
f 5749 5750 5876
f 5749 5876 5875
f 5874 5749 5875
f 5815 5940 5814
f 5815 5941 5940
f 5748 5749 5874
f 5748 5874 5873
f 5816 5941 5815
f 5816 5942 5941
f 5747 5748 5873
f 5747 5873 5872
f 5817 5942 5816
f 5817 5943 5942
f 5746 5747 5872
f 5818 5944 5943
f 5818 5943 5817
f 5745 5746 5872
f 5745 5872 5871
f 5819 5944 5818
f 5819 5945 5944
f 5819 5946 5945
f 5744 5745 5871
f 5744 5871 5870
f 5820 5946 5819
f 5820 5947 5946
f 5743 5870 5869
f 5743 5744 5870
f 5821 5948 5947
f 5821 5947 5820
f 5742 5868 5867
f 5742 5869 5868
f 5742 5743 5869
f 5822 5948 5821
f 5741 5742 5867
f 5823 5949 5948
f 5823 5948 5822
f 5740 5866 5865
f 5740 5867 5866
f 5740 5741 5867
f 5824 5950 5949
f 5824 5949 5823
f 5739 5740 5865
f 5825 5950 5824
f 5825 5951 5950
f 5738 5864 5863
f 5738 5865 5864
f 5738 5739 5865
f 5826 5952 5951
f 5826 5953 5952
f 5826 5951 5825
f 5737 5738 5863
f 5827 5953 5826
f 5736 5737 5863
f 5736 5862 5861
f 5736 5863 5862
f 5828 5953 5827
f 5828 5954 5953
f 5735 5736 5861
f 5703 5829 5954
f 5703 5954 5828
f 5734 5860 5859
f 5734 5861 5860
f 5734 5735 5861
f 5704 5830 5829
f 5704 5829 5703
f 5733 5734 5859
f 5705 5831 5830
f 5705 5830 5704
f 5732 5859 5858
f 5732 5733 5859
f 5706 5832 5831
f 5706 5831 5705
f 5731 5857 5856
f 5731 5858 5857
f 5731 5732 5858
f 5707 5833 5832
f 5707 5832 5706
f 5730 5731 5856
f 5708 5834 5833
f 5708 5835 5834
f 5708 5833 5707
f 5729 5855 5854
f 5729 5856 5855
f 5729 5730 5856
f 5709 5836 5835
f 5709 5835 5708
f 5728 5729 5854
f 5710 5836 5709
f 5727 5728 5854
f 5727 5853 5852
f 5727 5854 5853
f 5711 5836 5710
f 5711 5837 5836
f 5726 5727 5852
f 5712 5838 5837
f 5712 5837 5711
f 5725 5726 5852
f 5725 5851 5850
f 5725 5852 5851
f 5713 5839 5838
f 5713 5840 5839
f 5713 5838 5712
f 5724 5725 5850
f 5714 5841 5840
f 5714 5840 5713
f 5723 5724 5850
f 5723 5850 5849
f 5715 5841 5714
f 5722 5723 5849
f 5722 5848 5847
f 5722 5849 5848
f 5716 5841 5715
f 5716 5842 5841
f 5721 5722 5847
f 5717 5842 5716
f 5717 5843 5842
f 5720 5721 5847
f 5720 5847 5846
f 5718 5844 5843
f 5718 5843 5717
f 5719 5845 5844
f 5719 5846 5845
f 5719 5844 5718
f 5719 5720 5846
f 6031 6033 6032
f 6038 6036 6035
f 6038 6037 6036
f 6029 6033 6031
f 6029 6031 6030
f 6039 6038 6035
f 6039 6035 6034
f 6027 6033 6029
f 6027 6029 6028
f 6027 6034 6033
f 6042 6041 6040
f 6025 6034 6027
f 6025 6039 6034
f 6025 6027 6026
f 6043 6042 6040
f 6044 6043 6040
f 6044 6040 6039
f 6023 6039 6025
f 6023 6025 6024
f 6046 6045 6044
f 6047 6044 6039
f 6047 6046 6044
f 6020 6022 6021
f 6020 6023 6022
f 6018 6020 6019
f 6050 6049 6048
f 6017 6023 6020
f 6017 6020 6018
f 6014 6016 6015
f 6014 6017 6016
f 6054 6053 6052
f 6013 6017 6014
f 6055 6054 6052
f 6055 6048 6047
f 6055 6050 6048
f 6055 6051 6050
f 6055 6052 6051
f 6011 6013 6012
f 6057 6056 6055
f 6010 6013 6011
f 6009 6017 6013
f 6009 6013 6010
f 6009 6039 6023
f 6009 6023 6017
f 6059 6058 6057
f 6059 6055 6047
f 6059 6057 6055
f 6007 6009 6008
f 6062 6061 6060
f 6063 6060 6059
f 6063 6062 6060
f 6064 6063 6059
f 6003 6005 6004
f 6003 6006 6005
f 6066 6065 6064
f 6066 6064 6059
f 6001 6003 6002
f 6000 6003 6001
f 5999 6003 6000
f 6069 6068 6067
f 6070 6069 6067
f 5997 6009 6007
f 5997 5999 5998
f 5997 6006 6003
f 5997 6007 6006
f 5997 6003 5999
f 6071 6070 6067
f 6073 6072 6071
f 6073 6071 6067
f 5994 6039 6009
f 5994 5996 5995
f 5994 5997 5996
f 5994 6009 5997
f 5994 6047 6039
f 6074 6073 6067
f 6077 6076 6075
f 6078 6077 6075
f 5989 5991 5990
f 6079 6078 6075
f 5988 5991 5989
f 5988 5992 5991
f 6080 6075 6074
f 6080 6074 6067
f 6080 6079 6075
f 5987 5993 5992
f 5987 5992 5988
f 5958 5956 5955
f 5958 5957 5956
f 5983 5985 5984
f 5983 5986 5985
f 5959 5958 5955
f 5959 5955 6080
f 5982 5986 5983
f 5982 5987 5986
f 5981 5987 5982
f 5961 5960 5959
f 5961 6067 6066
f 5961 6080 6067
f 5961 5959 6080
f 5961 6066 6059
f 5963 5962 5961
f 5978 5980 5979
f 5978 5981 5980
f 5965 5964 5963
f 5975 5977 5976
f 5975 5978 5977
f 5967 6059 6047
f 5967 5966 5965
f 5967 5963 5961
f 5967 5961 6059
f 5967 5965 5963
f 5973 5975 5974
f 5973 5987 5981
f 5973 5978 5975
f 5973 5981 5978
f 5970 5969 5968
f 5971 5968 5967
f 5971 5993 5987
f 5971 5973 5972
f 5971 5994 5993
f 5971 5987 5973
f 5971 5967 6047
f 5971 5970 5968
f 5971 6047 5994
f 6083 6209 6210
f 6084 6083 6210
f 6084 6210 6211
f 6085 6084 6211
f 6085 6211 6212
f 6086 6085 6212
f 6086 6212 6213
f 6086 6213 6214
f 6087 6086 6214
f 6087 6214 6215
f 6088 6087 6215
f 6088 6215 6216
f 6089 6088 6216
f 6089 6216 6217
f 6089 6217 6218
f 6090 6218 6219
f 6090 6089 6218
f 6091 6219 6220
f 6091 6090 6219
f 6092 6220 6221
f 6092 6091 6220
f 6093 6221 6222
f 6093 6222 6223
f 6093 6092 6221
f 6094 6223 6224
f 6094 6093 6223
f 6095 6224 6225
f 6095 6094 6224
f 6096 6225 6226
f 6096 6226 6227
f 6096 6095 6225
f 6097 6227 6228
f 6097 6096 6227
f 6098 6228 6229
f 6098 6097 6228
f 6099 6229 6230
f 6099 6098 6229
f 6100 6230 6231
f 6100 6099 6230
f 6101 6231 6232
f 6101 6100 6231
f 6102 6232 6233
f 6102 6233 6234
f 6102 6101 6232
f 6103 6234 6235
f 6103 6102 6234
f 6104 6235 6236
f 6104 6103 6235
f 6105 6104 6236
f 6105 6236 6237
f 6106 6105 6237
f 6106 6237 6238
f 6107 6106 6238
f 6107 6238 6239
f 6108 6107 6239
f 6108 6239 6240
f 6109 6108 6240
f 6109 6240 6241
f 6110 6109 6241
f 6110 6241 6242
f 6110 6242 6243
f 6111 6110 6243
f 6111 6243 6244
f 6112 6111 6244
f 6112 6244 6245
f 6113 6112 6245
f 6113 6245 6246
f 6114 6113 6246
f 6114 6246 6247
f 6115 6114 6247
f 6115 6247 6248
f 6115 6248 6249
f 6116 6115 6249
f 6116 6249 6250
f 6117 6116 6250
f 6117 6250 6251
f 6118 6117 6251
f 6118 6251 6252
f 6119 6118 6252
f 6119 6252 6253
f 6120 6119 6253
f 6120 6253 6254
f 6121 6120 6254
f 6121 6254 6255
f 6121 6255 6256
f 6122 6256 6257
f 6122 6121 6256
f 6123 6257 6258
f 6123 6122 6257
f 6124 6258 6259
f 6124 6259 6260
f 6124 6123 6258
f 6125 6260 6261
f 6125 6124 6260
f 6126 6261 6262
f 6126 6125 6261
f 6127 6262 6263
f 6127 6263 6264
f 6127 6126 6262
f 6128 6127 6264
f 6128 6264 6265
f 6129 6128 6265
f 6129 6265 6266
f 6129 6266 6267
f 6130 6129 6267
f 6130 6267 6268
f 6131 6130 6268
f 6131 6268 6269
f 6131 6269 6270
f 6132 6131 6270
f 6132 6270 6271
f 6133 6132 6271
f 6133 6271 6272
f 6133 6272 6273
f 6134 6133 6273
f 6134 6273 6274
f 6135 6134 6274
f 6135 6274 6275
f 6135 6275 6276
f 6136 6135 6276
f 6136 6276 6277
f 6137 6136 6277
f 6137 6277 6278
f 6137 6278 6279
f 6138 6137 6279
f 6138 6279 6280
f 6139 6138 6280
f 6139 6280 6281
f 6139 6281 6282
f 6140 6282 6283
f 6140 6283 6284
f 6140 6139 6282
f 6141 6284 6285
f 6141 6140 6284
f 6142 6285 6286
f 6142 6286 6287
f 6142 6141 6285
f 6143 6287 6288
f 6143 6288 6289
f 6143 6142 6287
f 6144 6289 6290
f 6144 6143 6289
f 6145 6290 6291
f 6145 6291 6292
f 6145 6144 6290
f 6146 6292 6293
f 6146 6145 6292
f 6147 6293 6294
f 6147 6294 6295
f 6147 6146 6293
f 6148 6295 6296
f 6148 6296 6297
f 6148 6147 6295
f 6149 6148 6297
f 6149 6297 6298
f 6150 6149 6298
f 6150 6298 6299
f 6150 6299 6300
f 6151 6300 6301
f 6151 6301 6302
f 6151 6150 6300
f 6152 6302 6303
f 6152 6151 6302
f 6153 6303 6304
f 6153 6304 6305
f 6153 6152 6303
f 6154 6305 6306
f 6154 6153 6305
f 6155 6154 6306
f 6155 6306 6307
f 6155 6307 6308
f 6156 6308 6309
f 6156 6309 6310
f 6156 6155 6308
f 6157 6310 6311
f 6157 6156 6310
f 6158 6311 6312
f 6158 6157 6311
f 6158 6312 6313
f 6159 6313 6314
f 6159 6158 6313
f 6160 6314 6315
f 6160 6315 6316
f 6160 6159 6314
f 6161 6316 6317
f 6161 6160 6316
f 6162 6317 6318
f 6162 6318 6319
f 6162 6161 6317
f 6163 6319 6320
f 6163 6162 6319
f 6164 6163 6320
f 6164 6320 6321
f 6164 6321 6322
f 6165 6322 6323
f 6165 6164 6322
f 6166 6323 6324
f 6166 6165 6323
f 6167 6324 6325
f 6167 6325 6326
f 6167 6166 6324
f 6168 6167 6326
f 6168 6326 6327
f 6169 6168 6327
f 6169 6327 6328
f 6170 6169 6328
f 6170 6328 6329
f 6170 6329 6330
f 6171 6170 6330
f 6171 6330 6331
f 6172 6171 6331
f 6172 6331 6332
f 6173 6172 6332
f 6173 6332 6333
f 6174 6173 6333
f 6174 6333 6334
f 6175 6174 6334
f 6175 6334 6335
f 6175 6335 6336
f 6176 6175 6336
f 6176 6336 6337
f 6177 6176 6337
f 6177 6337 6338
f 6178 6177 6338
f 6178 6338 6339
f 6179 6178 6339
f 6179 6339 6340
f 6180 6340 6341
f 6180 6179 6340
f 6181 6341 6342
f 6181 6342 6343
f 6181 6180 6341
f 6182 6343 6344
f 6182 6181 6343
f 6183 6344 6345
f 6183 6182 6344
f 6184 6345 6346
f 6184 6183 6345
f 6185 6346 6347
f 6185 6347 6348
f 6185 6184 6346
f 6186 6348 6349
f 6186 6185 6348
f 6187 6349 6350
f 6187 6186 6349
f 6188 6350 6351
f 6188 6187 6350
f 6189 6351 6352
f 6189 6352 6353
f 6189 6188 6351
f 6190 6189 6353
f 6190 6353 6354
f 6191 6190 6354
f 6191 6354 6355
f 6191 6355 6356
f 6192 6191 6356
f 6192 6356 6357
f 6193 6192 6357
f 6193 6357 6358
f 6193 6358 6359
f 6194 6193 6359
f 6194 6359 6360
f 6195 6194 6360
f 6195 6360 6361
f 6195 6361 6362
f 6196 6195 6362
f 6196 6362 6363
f 6197 6196 6363
f 6197 6363 6364
f 6197 6364 6365
f 6198 6197 6365
f 6198 6365 6366
f 6199 6198 6366
f 6199 6366 6367
f 6199 6367 6368
f 6200 6199 6368
f 6200 6368 6369
f 6201 6200 6369
f 6201 6369 6370
f 6201 6370 6371
f 6202 6201 6371
f 6202 6371 6372
f 6202 6372 6373
f 6203 6202 6373
f 6203 6373 6374
f 6204 6203 6374
f 6204 6374 6375
f 6204 6375 6376
f 6205 6204 6376
f 6205 6376 6377
f 6206 6205 6377
f 6206 6377 6378
f 6206 6378 6379
f 6207 6206 6379
f 6207 6379 6380
f 6207 6380 6381
f 6208 6207 6381
f 6208 6381 6382
f 6208 6382 6383
f 6082 6383 6081
f 6082 6208 6383
f 6385 6384 6560
f 6385 6560 6561
f 6386 6385 6561
f 6386 6561 6562
f 6387 6386 6562
f 6387 6562 6563
f 6388 6387 6563
f 6389 6388 6563
f 6389 6563 6564
f 6390 6389 6564
f 6390 6564 6565
f 6391 6390 6565
f 6391 6565 6566
f 6392 6391 6566
f 6393 6392 6566
f 6393 6566 6567
f 6394 6393 6567
f 6394 6567 6568
f 6395 6394 6568
f 6395 6568 6569
f 6396 6395 6569
f 6396 6569 6570
f 6397 6396 6570
f 6398 6397 6570
f 6398 6570 6571
f 6399 6398 6571
f 6399 6571 6572
f 6400 6399 6572
f 6400 6572 6573
f 6401 6400 6573
f 6402 6401 6573
f 6402 6573 6574
f 6403 6402 6574
f 6403 6574 6575
f 6404 6403 6575
f 6404 6575 6576
f 6405 6404 6576
f 6405 6576 6577
f 6406 6405 6577
f 6406 6577 6578
f 6407 6406 6578
f 6407 6578 6579
f 6408 6407 6579
f 6409 6408 6579
f 6409 6579 6580
f 6410 6580 6581
f 6410 6409 6580
f 6411 6410 6581
f 6411 6581 6582
f 6412 6411 6582
f 6412 6582 6583
f 6413 6412 6583
f 6413 6583 6584
f 6414 6413 6584
f 6414 6584 6585
f 6415 6585 6586
f 6415 6414 6585
f 6416 6586 6587
f 6416 6415 6586
f 6417 6416 6587
f 6418 6587 6588
f 6418 6417 6587
f 6419 6588 6589
f 6419 6418 6588
f 6420 6589 6590
f 6420 6419 6589
f 6421 6590 6591
f 6421 6420 6590
f 6422 6591 6592
f 6422 6421 6591
f 6423 6422 6592
f 6424 6592 6593
f 6424 6423 6592
f 6425 6593 6594
f 6425 6424 6593
f 6426 6594 6595
f 6426 6425 6594
f 6427 6595 6596
f 6427 6426 6595
f 6428 6596 6597
f 6428 6427 6596
f 6429 6597 6598
f 6429 6428 6597
f 6430 6429 6598
f 6431 6598 6599
f 6431 6430 6598
f 6432 6599 6600
f 6432 6431 6599
f 6433 6600 6601
f 6433 6432 6600
f 6434 6433 6601
f 6435 6601 6602
f 6435 6434 6601
f 6436 6602 6603
f 6436 6435 6602
f 6437 6603 6604
f 6437 6436 6603
f 6438 6437 6604
f 6439 6438 6604
f 6439 6604 6605
f 6440 6439 6605
f 6440 6605 6606
f 6441 6440 6606
f 6442 6441 6606
f 6442 6606 6607
f 6443 6442 6607
f 6443 6607 6608
f 6444 6443 6608
f 6445 6444 6608
f 6445 6608 6609
f 6446 6609 6610
f 6446 6445 6609
f 6447 6446 6610
f 6448 6610 6611
f 6448 6447 6610
f 6449 6611 6612
f 6449 6448 6611
f 6450 6449 6612
f 6451 6612 6613
f 6451 6450 6612
f 6452 6613 6614
f 6452 6451 6613
f 6453 6452 6614
f 6454 6614 6615
f 6454 6453 6614
f 6455 6615 6616
f 6455 6454 6615
f 6456 6455 6616
f 6457 6616 6617
f 6457 6456 6616
f 6458 6457 6617
f 6459 6617 6618
f 6459 6458 6617
f 6460 6618 6619
f 6460 6459 6618
f 6461 6460 6619
f 6462 6619 6620
f 6462 6461 6619
f 6463 6462 6620
f 6464 6620 6621
f 6464 6463 6620
f 6465 6621 6622
f 6465 6464 6621
f 6466 6465 6622
f 6467 6622 6623
f 6467 6466 6622
f 6468 6623 6624
f 6468 6467 6623
f 6469 6468 6624
f 6470 6624 6625
f 6470 6469 6624
f 6471 6470 6625
f 6472 6471 6625
f 6472 6625 6626
f 6473 6472 6626
f 6473 6626 6627
f 6474 6473 6627
f 6475 6474 6627
f 6475 6627 6628
f 6476 6475 6628
f 6477 6476 6628
f 6477 6628 6629
f 6478 6477 6629
f 6478 6629 6630
f 6479 6478 6630
f 6480 6479 6630
f 6480 6630 6631
f 6481 6480 6631
f 6481 6631 6632
f 6482 6481 6632
f 6483 6632 6633
f 6483 6482 6632
f 6484 6483 6633
f 6485 6633 6634
f 6485 6484 6633
f 6486 6634 6635
f 6486 6485 6634
f 6487 6486 6635
f 6488 6635 6636
f 6488 6487 6635
f 6489 6636 6637
f 6489 6488 6636
f 6490 6489 6637
f 6491 6637 6638
f 6491 6490 6637
f 6492 6638 6639
f 6492 6491 6638
f 6493 6492 6639
f 6494 6639 6640
f 6494 6493 6639
f 6495 6640 6641
f 6495 6494 6640
f 6496 6495 6641
f 6497 6641 6642
f 6497 6496 6641
f 6498 6642 6643
f 6498 6497 6642
f 6499 6643 6644
f 6499 6498 6643
f 6500 6499 6644
f 6501 6500 6644
f 6501 6644 6645
f 6502 6501 6645
f 6502 6645 6646
f 6503 6502 6646
f 6503 6646 6647
f 6504 6503 6647
f 6505 6504 6647
f 6505 6647 6648
f 6506 6505 6648
f 6506 6648 6649
f 6507 6506 6649
f 6507 6649 6650
f 6508 6507 6650
f 6508 6650 6651
f 6509 6508 6651
f 6509 6651 6652
f 6510 6509 6652
f 6511 6510 6652
f 6511 6652 6653
f 6512 6511 6653
f 6512 6653 6654
f 6513 6512 6654
f 6513 6654 6655
f 6514 6513 6655
f 6514 6655 6656
f 6515 6514 6656
f 6515 6656 6657
f 6516 6515 6657
f 6516 6657 6658
f 6517 6516 6658
f 6518 6517 6658
f 6518 6658 6659
f 6519 6518 6659
f 6519 6659 6660
f 6520 6660 6661
f 6520 6519 6660
f 6521 6661 6662
f 6521 6520 6661
f 6522 6521 6662
f 6523 6662 6663
f 6523 6522 6662
f 6524 6663 6664
f 6524 6523 6663
f 6525 6664 6665
f 6525 6524 6664
f 6526 6665 6666
f 6526 6525 6665
f 6527 6526 6666
f 6528 6666 6667
f 6528 6527 6666
f 6529 6528 6667
f 6529 6667 6668
f 6530 6529 6668
f 6531 6530 6668
f 6531 6668 6669
f 6532 6531 6669
f 6532 6669 6670
f 6533 6532 6670
f 6534 6533 6670
f 6534 6670 6671
f 6535 6534 6671
f 6535 6671 6672
f 6536 6535 6672
f 6537 6536 6672
f 6537 6672 6673
f 6538 6537 6673
f 6538 6673 6674
f 6539 6538 6674
f 6540 6539 6674
f 6540 6674 6675
f 6541 6540 6675
f 6541 6675 6676
f 6542 6541 6676
f 6543 6542 6676
f 6543 6676 6677
f 6544 6543 6677
f 6544 6677 6678
f 6545 6544 6678
f 6546 6545 6678
f 6546 6678 6679
f 6547 6546 6679
f 6548 6547 6679
f 6548 6679 6680
f 6549 6548 6680
f 6549 6680 6681
f 6550 6549 6681
f 6551 6550 6681
f 6551 6681 6682
f 6552 6551 6682
f 6552 6682 6683
f 6553 6552 6683
f 6554 6553 6683
f 6554 6683 6684
f 6555 6554 6684
f 6556 6555 6684
f 6556 6684 6685
f 6557 6556 6685
f 6558 6557 6685
f 6558 6685 6686
f 6559 6558 6686
f 6688 6687 6814
f 6688 6814 6815
f 6689 6815 6816
f 6689 6688 6815
f 6690 6816 6817
f 6690 6689 6816
f 6691 6817 6818
f 6691 6690 6817
f 6692 6818 6819
f 6692 6691 6818
f 6693 6819 6820
f 6693 6820 6821
f 6693 6692 6819
f 6694 6821 6822
f 6694 6693 6821
f 6695 6694 6822
f 6696 6822 6823
f 6696 6823 6824
f 6696 6695 6822
f 6697 6824 6825
f 6697 6696 6824
f 6698 6697 6825
f 6699 6698 6825
f 6699 6825 6826
f 6699 6826 6827
f 6700 6699 6827
f 6701 6700 6827
f 6701 6827 6828
f 6702 6701 6828
f 6702 6828 6829
f 6702 6829 6830
f 6703 6702 6830
f 6704 6703 6830
f 6704 6830 6831
f 6705 6704 6831
f 6705 6831 6832
f 6706 6705 6832
f 6706 6832 6833
f 6707 6706 6833
f 6707 6833 6834
f 6708 6707 6834
f 6708 6834 6835
f 6709 6708 6835
f 6709 6835 6836
f 6710 6836 6837
f 6710 6709 6836
f 6711 6837 6838
f 6711 6710 6837
f 6712 6838 6839
f 6712 6711 6838
f 6713 6839 6840
f 6713 6712 6839
f 6714 6840 6841
f 6714 6713 6840
f 6715 6841 6842
f 6715 6714 6841
f 6716 6842 6843
f 6716 6715 6842
f 6717 6843 6844
f 6717 6716 6843
f 6718 6844 6845
f 6718 6717 6844
f 6719 6845 6846
f 6719 6718 6845
f 6720 6846 6847
f 6720 6719 6846
f 6721 6847 6848
f 6721 6720 6847
f 6722 6848 6849
f 6722 6721 6848
f 6723 6849 6850
f 6723 6850 6851
f 6723 6722 6849
f 6724 6723 6851
f 6725 6724 6851
f 6725 6851 6852
f 6726 6725 6852
f 6726 6852 6853
f 6726 6853 6854
f 6727 6726 6854
f 6727 6854 6855
f 6728 6727 6855
f 6729 6728 6855
f 6729 6855 6856
f 6730 6729 6856
f 6730 6856 6857
f 6731 6730 6857
f 6731 6857 6858
f 6732 6731 6858
f 6732 6858 6859
f 6733 6732 6859
f 6733 6859 6860
f 6734 6733 6860
f 6734 6860 6861
f 6734 6861 6862
f 6735 6734 6862
f 6736 6735 6862
f 6736 6862 6863
f 6737 6736 6863
f 6737 6863 6864
f 6738 6737 6864
f 6738 6864 6865
f 6739 6738 6865
f 6739 6865 6866
f 6740 6739 6866
f 6740 6866 6867
f 6741 6740 6867
f 6741 6867 6868
f 6741 6868 6869
f 6742 6741 6869
f 6743 6742 6869
f 6743 6869 6870
f 6743 6870 6871
f 6744 6871 6872
f 6744 6743 6871
f 6745 6744 6872
f 6746 6872 6873
f 6746 6745 6872
f 6747 6873 6874
f 6747 6874 6875
f 6747 6746 6873
f 6748 6747 6875
f 6749 6748 6875
f 6749 6875 6876
f 6750 6749 6876
f 6750 6876 6877
f 6751 6750 6877
f 6751 6877 6878
f 6752 6751 6878
f 6752 6878 6879
f 6753 6752 6879
f 6753 6879 6880
f 6754 6753 6880
f 6754 6880 6881
f 6755 6754 6881
f 6755 6881 6882
f 6756 6755 6882
f 6756 6882 6883
f 6756 6883 6884
f 6757 6756 6884
f 6758 6757 6884
f 6758 6884 6885
f 6759 6758 6885
f 6759 6885 6886
f 6760 6759 6886
f 6760 6886 6887
f 6761 6760 6887
f 6761 6887 6888
f 6762 6888 6889
f 6762 6761 6888
f 6763 6889 6890
f 6763 6890 6891
f 6763 6762 6889
f 6764 6763 6891
f 6765 6891 6892
f 6765 6892 6893
f 6765 6764 6891
f 6766 6765 6893
f 6767 6893 6894
f 6767 6766 6893
f 6768 6894 6895
f 6768 6767 6894
f 6769 6895 6896
f 6769 6896 6897
f 6769 6768 6895
f 6770 6769 6897
f 6771 6897 6898
f 6771 6770 6897
f 6772 6898 6899
f 6772 6771 6898
f 6773 6899 6900
f 6773 6900 6901
f 6773 6772 6899
f 6774 6773 6901
f 6775 6774 6901
f 6775 6901 6902
f 6775 6902 6903
f 6776 6775 6903
f 6777 6776 6903
f 6777 6903 6904
f 6777 6904 6905
f 6778 6777 6905
f 6779 6905 6906
f 6779 6906 6907
f 6779 6778 6905
f 6780 6779 6907
f 6781 6907 6908
f 6781 6780 6907
f 6782 6908 6909
f 6782 6781 6908
f 6783 6909 6910
f 6783 6910 6911
f 6783 6782 6909
f 6784 6783 6911
f 6785 6911 6912
f 6785 6784 6911
f 6786 6912 6913
f 6786 6913 6914
f 6786 6785 6912
f 6787 6914 6915
f 6787 6786 6914
f 6788 6787 6915
f 6789 6915 6916
f 6789 6916 6917
f 6789 6788 6915
f 6790 6789 6917
f 6791 6917 6918
f 6791 6790 6917
f 6792 6918 6919
f 6792 6919 6920
f 6792 6791 6918
f 6793 6792 6920
f 6794 6920 6921
f 6794 6921 6922
f 6794 6793 6920
f 6795 6922 6923
f 6795 6794 6922
f 6796 6923 6924
f 6796 6795 6923
f 6797 6796 6924
f 6798 6924 6925
f 6798 6797 6924
f 6799 6798 6925
f 6799 6925 6926
f 6799 6926 6927
f 6800 6799 6927
f 6801 6927 6928
f 6801 6928 6929
f 6801 6800 6927
f 6802 6801 6929
f 6802 6929 6930
f 6803 6802 6930
f 6804 6803 6930
f 6804 6930 6931
f 6805 6804 6931
f 6805 6931 6932
f 6805 6932 6933
f 6806 6805 6933
f 6807 6806 6933
f 6807 6933 6934
f 6808 6807 6934
f 6808 6934 6935
f 6808 6935 6936
f 6809 6808 6936
f 6810 6809 6936
f 6810 6936 6937
f 6811 6810 6937
f 6811 6937 6938
f 6811 6938 6939
f 6812 6811 6939
f 6813 6939 6940
f 6813 6812 6939
f 7023 7020 7021
f 7023 7021 7022
f 7024 7020 7023
f 7024 7019 7020
f 7014 7019 7024
f 7014 7015 7016
f 7014 7016 7017
f 7014 7017 7018
f 7014 7018 7019
f 7026 7014 7024
f 7026 7024 7025
f 7013 7014 7026
f 7028 7026 7027
f 7029 7026 7028
f 7031 7026 7029
f 7031 7029 7030
f 7008 7009 7010
f 7008 7010 7011
f 7008 7011 7012
f 7008 7012 7013
f 7033 7013 7026
f 7033 7026 7031
f 7033 7008 7013
f 7033 7031 7032
f 7034 7008 7033
f 7004 7005 7006
f 7004 7006 7007
f 7004 7007 7008
f 7004 7008 7034
f 7037 7035 7036
f 7039 7037 7038
f 7039 7035 7037
f 7000 7001 7002
f 7000 7002 7003
f 7000 7003 7004
f 6999 7000 7004
f 7041 7035 7039
f 7041 7034 7035
f 7041 7039 7040
f 7042 7034 7041
f 6997 6998 6999
f 6997 6999 7004
f 7044 7042 7043
f 6995 6997 7004
f 6995 6996 6997
f 6995 7004 7034
f 7045 7042 7044
f 6993 6994 6995
f 7049 7045 7046
f 7049 7046 7047
f 7049 7047 7048
f 7049 7042 7045
f 7049 7034 7042
f 6990 6991 6992
f 7051 7049 7050
f 7051 7034 7049
f 6988 6990 6992
f 6988 6989 6990
f 7052 7034 7051
f 6987 6988 6992
f 6985 6986 6987
f 6985 6987 6992
f 7056 7054 7055
f 6983 6984 6985
f 7057 7052 7053
f 7057 7053 7054
f 7057 7034 7052
f 7057 7054 7056
f 7060 7058 7059
f 7061 7057 7058
f 7061 6995 7034
f 7061 7034 7057
f 7061 7058 7060
f 6978 6979 6980
f 6978 6980 6981
f 6977 6978 6981
f 6977 6981 6982
f 6977 6982 6983
f 6977 6985 6992
f 6977 6983 6985
f 7063 7061 7062
f 7064 7061 7063
f 7065 7061 7064
f 6941 7061 7065
f 6941 7065 7066
f 6972 6973 6974
f 6972 6974 6975
f 6972 6975 6976
f 6971 6972 6976
f 6971 6976 6977
f 6943 6941 6942
f 6968 6969 6970
f 6967 6970 6971
f 6967 6968 6970
f 6947 6943 6944
f 6947 6944 6945
f 6947 6945 6946
f 6947 7061 6941
f 6947 6941 6943
f 6947 6993 6995
f 6947 6992 6993
f 6947 6995 7061
f 6965 6966 6967
f 6950 6947 6948
f 6950 6948 6949
f 6962 6963 6964
f 6962 6964 6965
f 6962 6965 6967
f 6952 6950 6951
f 6953 6950 6952
f 6959 6960 6961
f 6955 6953 6954
f 6955 6992 6947
f 6955 6947 6950
f 6955 6950 6953
f 6958 6961 6962
f 6958 6971 6977
f 6958 6967 6971
f 6958 6959 6961
f 6958 6962 6967
f 6958 6977 6992
f 6957 6955 6956
f 6957 6992 6955
f 6957 6958 6992
f 7149 7147 7146
f 7149 7148 7147
f 7150 7149 7146
f 7150 7146 7145
f 7140 7150 7145
f 7140 7142 7141
f 7140 7143 7142
f 7140 7144 7143
f 7140 7145 7144
f 7152 7150 7140
f 7152 7151 7150
f 7139 7152 7140
f 7154 7153 7152
f 7155 7154 7152
f 7157 7155 7152
f 7157 7156 7155
f 7134 7136 7135
f 7134 7137 7136
f 7134 7138 7137
f 7134 7139 7138
f 7159 7152 7139
f 7159 7157 7152
f 7159 7139 7134
f 7159 7158 7157
f 7160 7159 7134
f 7130 7132 7131
f 7130 7133 7132
f 7130 7134 7133
f 7130 7160 7134
f 7163 7162 7161
f 7165 7164 7163
f 7165 7163 7161
f 7126 7128 7127
f 7126 7129 7128
f 7126 7130 7129
f 7125 7130 7126
f 7167 7165 7161
f 7167 7161 7160
f 7167 7166 7165
f 7168 7167 7160
f 7123 7125 7124
f 7123 7130 7125
f 7170 7169 7168
f 7121 7130 7123
f 7121 7123 7122
f 7121 7160 7130
f 7171 7170 7168
f 7119 7121 7120
f 7175 7172 7171
f 7175 7173 7172
f 7175 7174 7173
f 7175 7171 7168
f 7175 7168 7160
f 7116 7118 7117
f 7177 7176 7175
f 7177 7175 7160
f 7114 7118 7116
f 7114 7116 7115
f 7178 7177 7160
f 7113 7118 7114
f 7111 7113 7112
f 7111 7118 7113
f 7182 7181 7180
f 7109 7111 7110
f 7183 7179 7178
f 7183 7180 7179
f 7183 7178 7160
f 7183 7182 7180
f 7186 7185 7184
f 7187 7184 7183
f 7187 7160 7121
f 7187 7183 7160
f 7187 7186 7184
f 7104 7106 7105
f 7104 7107 7106
f 7103 7107 7104
f 7103 7108 7107
f 7103 7109 7108
f 7103 7118 7111
f 7103 7111 7109
f 7189 7188 7187
f 7190 7189 7187
f 7191 7190 7187
f 7067 7191 7187
f 7067 7192 7191
f 7098 7100 7099
f 7098 7101 7100
f 7098 7102 7101
f 7097 7102 7098
f 7097 7103 7102
f 7069 7068 7067
f 7094 7096 7095
f 7093 7097 7096
f 7093 7096 7094
f 7073 7070 7069
f 7073 7071 7070
f 7073 7072 7071
f 7073 7067 7187
f 7073 7069 7067
f 7073 7121 7119
f 7073 7119 7118
f 7073 7187 7121
f 7091 7093 7092
f 7076 7074 7073
f 7076 7075 7074
f 7088 7090 7089
f 7088 7091 7090
f 7088 7093 7091
f 7078 7077 7076
f 7079 7078 7076
f 7085 7087 7086
f 7081 7080 7079
f 7081 7073 7118
f 7081 7076 7073
f 7081 7079 7076
f 7084 7088 7087
f 7084 7103 7097
f 7084 7097 7093
f 7084 7087 7085
f 7084 7093 7088
f 7084 7118 7103
f 7083 7082 7081
f 7083 7081 7118
f 7083 7118 7084
f 7380 7194 7193
f 7379 7380 7193
f 7378 7379 7193
f 7377 7378 7193
f 7376 7377 7193
f 7375 7193 7195
f 7375 7376 7193
f 7374 7375 7195
f 7373 7374 7195
f 7372 7373 7195
f 7371 7372 7195
f 7370 7371 7195
f 7369 7370 7195
f 7368 7369 7195
f 7367 7368 7195
f 7366 7367 7195
f 7365 7366 7195
f 7364 7365 7195
f 7363 7364 7195
f 7362 7363 7195
f 7361 7362 7195
f 7360 7361 7195
f 7359 7360 7195
f 7358 7359 7195
f 7196 7356 7357
f 7196 7357 7358
f 7196 7358 7195
f 7334 7335 7336
f 7334 7336 7337
f 7334 7337 7338
f 7334 7338 7339
f 7333 7334 7339
f 7333 7339 7340
f 7333 7340 7341
f 7333 7341 7342
f 7333 7342 7343
f 7333 7343 7344
f 7333 7344 7345
f 7333 7345 7346
f 7333 7346 7347
f 7333 7347 7348
f 7333 7348 7349
f 7333 7349 7350
f 7333 7350 7351
f 7333 7351 7352
f 7333 7352 7353
f 7332 7196 7197
f 7332 7333 7353
f 7332 7353 7354
f 7332 7354 7355
f 7332 7355 7356
f 7332 7356 7196
f 7331 7197 7198
f 7331 7332 7197
f 7330 7331 7198
f 7330 7198 7199
f 7329 7199 7200
f 7329 7330 7199
f 7328 7329 7200
f 7328 7200 7201
f 7327 7201 7202
f 7327 7328 7201
f 7326 7202 7203
f 7326 7327 7202
f 7325 7203 7204
f 7325 7326 7203
f 7324 7204 7205
f 7324 7325 7204
f 7323 7205 7206
f 7323 7324 7205
f 7322 7206 7207
f 7322 7323 7206
f 7321 7207 7208
f 7321 7322 7207
f 7320 7208 7209
f 7320 7321 7208
f 7319 7209 7210
f 7319 7320 7209
f 7318 7210 7211
f 7318 7319 7210
f 7317 7211 7212
f 7317 7318 7211
f 7316 7212 7213
f 7316 7317 7212
f 7315 7213 7214
f 7315 7316 7213
f 7314 7214 7215
f 7314 7315 7214
f 7313 7215 7216
f 7313 7314 7215
f 7312 7216 7217
f 7312 7313 7216
f 7311 7217 7218
f 7311 7312 7217
f 7310 7218 7219
f 7310 7311 7218
f 7309 7219 7220
f 7309 7310 7219
f 7308 7220 7221
f 7308 7309 7220
f 7307 7221 7222
f 7307 7308 7221
f 7306 7222 7223
f 7306 7307 7222
f 7305 7223 7224
f 7305 7306 7223
f 7304 7305 7224
f 7304 7224 7225
f 7303 7304 7225
f 7303 7225 7226
f 7302 7303 7226
f 7302 7226 7227
f 7301 7302 7227
f 7301 7227 7228
f 7300 7301 7228
f 7300 7228 7229
f 7299 7300 7229
f 7299 7229 7230
f 7298 7299 7230
f 7298 7230 7231
f 7297 7298 7231
f 7297 7231 7232
f 7296 7297 7232
f 7296 7232 7233
f 7295 7296 7233
f 7295 7233 7234
f 7294 7295 7234
f 7294 7234 7235
f 7293 7235 7236
f 7293 7294 7235
f 7292 7236 7237
f 7292 7293 7236
f 7291 7237 7238
f 7291 7292 7237
f 7290 7291 7238
f 7259 7238 7239
f 7258 7259 7239
f 7260 7238 7259
f 7257 7258 7239
f 7261 7238 7260
f 7256 7257 7239
f 7262 7290 7238
f 7262 7238 7261
f 7255 7256 7239
f 7263 7290 7262
f 7254 7255 7239
f 7264 7290 7263
f 7253 7254 7239
f 7252 7253 7239
f 7251 7252 7239
f 7250 7251 7239
f 7249 7250 7239
f 7248 7249 7239
f 7247 7248 7239
f 7246 7247 7239
f 7245 7246 7239
f 7245 7239 7240
f 7244 7245 7240
f 7243 7244 7240
f 7242 7243 7240
f 7241 7242 7240
f 7289 7264 7265
f 7289 7265 7266
f 7289 7266 7267
f 7289 7267 7268
f 7289 7268 7269
f 7289 7269 7270
f 7289 7270 7271
f 7289 7271 7272
f 7289 7272 7273
f 7289 7273 7274
f 7289 7274 7275
f 7289 7275 7276
f 7289 7276 7277
f 7289 7277 7278
f 7289 7278 7279
f 7289 7279 7280
f 7289 7290 7264
f 7289 7280 7281
f 7288 7281 7282
f 7288 7282 7283
f 7288 7283 7284
f 7288 7284 7285
f 7288 7289 7281
f 7288 7285 7286
f 7288 7286 7287
f 7399 7400 7490
f 7401 7490 7400
f 7398 7399 7490
f 7402 7490 7401
f 7397 7398 7490
f 7403 7490 7402
f 7396 7397 7490
f 7404 7490 7403
f 7395 7396 7490
f 7405 7490 7404
f 7394 7395 7490
f 7406 7490 7405
f 7393 7394 7490
f 7407 7490 7406
f 7392 7393 7490
f 7408 7490 7407
f 7391 7392 7490
f 7409 7490 7408
f 7390 7391 7490
f 7410 7490 7409
f 7389 7390 7490
f 7411 7490 7410
f 7388 7490 7489
f 7388 7389 7490
f 7412 7490 7411
f 7387 7388 7489
f 7413 7490 7412
f 7386 7387 7489
f 7414 7490 7413
f 7385 7386 7489
f 7415 7490 7414
f 7384 7385 7489
f 7416 7490 7415
f 7488 7384 7489
f 7487 7488 7489
f 7486 7487 7489
f 7485 7486 7489
f 7484 7485 7489
f 7483 7484 7489
f 7482 7483 7489
f 7481 7482 7489
f 7480 7481 7489
f 7479 7480 7489
f 7478 7479 7489
f 7477 7478 7489
f 7476 7477 7489
f 7475 7476 7489
f 7474 7475 7489
f 7473 7474 7489
f 7472 7473 7489
f 7471 7472 7489
f 7470 7471 7489
f 7469 7470 7489
f 7468 7469 7489
f 7382 7416 7417
f 7382 7417 7418
f 7382 7418 7419
f 7382 7419 7420
f 7382 7420 7421
f 7382 7421 7422
f 7382 7422 7423
f 7382 7423 7424
f 7382 7424 7425
f 7382 7425 7426
f 7382 7426 7427
f 7382 7427 7428
f 7382 7428 7429
f 7382 7429 7430
f 7382 7430 7431
f 7382 7431 7432
f 7382 7432 7433
f 7382 7433 7434
f 7382 7434 7435
f 7382 7435 7436
f 7382 7436 7437
f 7382 7437 7438
f 7382 7438 7439
f 7382 7439 7440
f 7382 7440 7441
f 7382 7490 7416
f 7442 7382 7441
f 7443 7382 7442
f 7381 7443 7444
f 7381 7444 7445
f 7381 7445 7446
f 7381 7446 7447
f 7381 7447 7448
f 7381 7448 7449
f 7381 7449 7450
f 7381 7450 7451
f 7381 7451 7452
f 7381 7452 7453
f 7381 7382 7443
f 7381 7453 7454
f 7381 7454 7455
f 7381 7455 7456
f 7381 7456 7457
f 7381 7457 7458
f 7381 7458 7459
f 7381 7459 7460
f 7381 7460 7461
f 7381 7461 7462
f 7381 7462 7463
f 7381 7463 7464
f 7381 7464 7465
f 7381 7465 7466
f 7381 7466 7467
f 7381 7467 7383
f 7492 7576 7491
f 7492 7577 7576
f 7493 7577 7492
f 7493 7578 7577
f 7494 7578 7493
f 7494 7579 7578
f 7495 7579 7494
f 7495 7580 7579
f 7496 7580 7495
f 7496 7581 7580
f 7497 7581 7496
f 7497 7582 7581
f 7498 7582 7497
f 7498 7583 7582
f 7499 7583 7498
f 7499 7584 7583
f 7500 7584 7499
f 7500 7585 7584
f 7501 7585 7500
f 7501 7586 7585
f 7502 7586 7501
f 7502 7587 7586
f 7503 7587 7502
f 7503 7588 7587
f 7504 7588 7503
f 7504 7589 7588
f 7505 7589 7504
f 7505 7590 7589
f 7506 7590 7505
f 7506 7591 7590
f 7507 7592 7591
f 7507 7591 7506
f 7508 7593 7592
f 7508 7592 7507
f 7509 7594 7593
f 7509 7593 7508
f 7510 7595 7594
f 7510 7594 7509
f 7511 7596 7595
f 7511 7595 7510
f 7512 7597 7596
f 7512 7596 7511
f 7513 7598 7597
f 7513 7597 7512
f 7514 7599 7598
f 7514 7598 7513
f 7515 7600 7599
f 7515 7599 7514
f 7516 7600 7515
f 7516 7601 7600
f 7517 7602 7601
f 7517 7601 7516
f 7518 7603 7602
f 7518 7602 7517
f 7519 7604 7603
f 7519 7603 7518
f 7520 7605 7604
f 7520 7604 7519
f 7521 7606 7605
f 7521 7605 7520
f 7522 7607 7606
f 7522 7606 7521
f 7523 7608 7607
f 7523 7609 7608
f 7523 7607 7522
f 7524 7609 7523
f 7525 7610 7609
f 7525 7611 7610
f 7525 7609 7524
f 7526 7611 7525
f 7527 7612 7611
f 7527 7611 7526
f 7528 7613 7612
f 7528 7612 7527
f 7529 7614 7613
f 7529 7615 7614
f 7529 7613 7528
f 7530 7615 7529
f 7531 7616 7615
f 7531 7615 7530
f 7532 7617 7616
f 7532 7616 7531
f 7533 7618 7617
f 7533 7617 7532
f 7534 7619 7618
f 7534 7618 7533
f 7535 7620 7619
f 7535 7621 7620
f 7535 7619 7534
f 7536 7621 7535
f 7537 7622 7621
f 7537 7621 7536
f 7538 7623 7622
f 7538 7622 7537
f 7539 7624 7623
f 7539 7623 7538
f 7540 7625 7624
f 7540 7624 7539
f 7541 7625 7540
f 7541 7626 7625
f 7542 7626 7541
f 7542 7627 7626
f 7543 7627 7542
f 7543 7628 7627
f 7544 7628 7543
f 7544 7629 7628
f 7544 7630 7629
f 7545 7630 7544
f 7546 7630 7545
f 7546 7631 7630
f 7547 7631 7546
f 7547 7632 7631
f 7547 7633 7632
f 7548 7633 7547
f 7549 7633 7548
f 7549 7634 7633
f 7550 7634 7549
f 7550 7635 7634
f 7551 7636 7635
f 7551 7635 7550
f 7552 7637 7636
f 7552 7636 7551
f 7553 7638 7637
f 7553 7637 7552
f 7554 7639 7638
f 7554 7638 7553
f 7555 7640 7639
f 7555 7639 7554
f 7556 7641 7640
f 7556 7642 7641
f 7556 7640 7555
f 7557 7642 7556
f 7558 7643 7642
f 7558 7642 7557
f 7559 7644 7643
f 7559 7645 7644
f 7559 7643 7558
f 7560 7645 7559
f 7561 7646 7645
f 7561 7645 7560
f 7562 7647 7646
f 7562 7646 7561
f 7563 7648 7647
f 7563 7649 7648
f 7563 7647 7562
f 7564 7649 7563
f 7565 7650 7649
f 7565 7649 7564
f 7566 7650 7565
f 7566 7651 7650
f 7567 7651 7566
f 7567 7652 7651
f 7568 7652 7567
f 7568 7653 7652
f 7568 7654 7653
f 7569 7654 7568
f 7570 7654 7569
f 7570 7655 7654
f 7571 7655 7570
f 7571 7656 7655
f 7572 7656 7571
f 7572 7657 7656
f 7573 7657 7572
f 7573 7658 7657
f 7574 7658 7573
f 7574 7659 7658
f 7575 7659 7574
f 7575 7660 7659
f 7575 7661 7660
f 7750 7661 7575
f 7750 7662 7661
f 7751 7662 7750
f 7751 7663 7662
f 7752 7663 7751
f 7752 7664 7663
f 7753 7664 7752
f 7753 7665 7664
f 7754 7665 7753
f 7754 7666 7665
f 7755 7666 7754
f 7755 7667 7666
f 7756 7667 7755
f 7756 7668 7667
f 7757 7668 7756
f 7757 7669 7668
f 7758 7670 7669
f 7758 7669 7757
f 7759 7671 7670
f 7759 7670 7758
f 7760 7672 7671
f 7760 7671 7759
f 7761 7673 7672
f 7761 7672 7760
f 7762 7674 7673
f 7762 7673 7761
f 7763 7675 7674
f 7763 7674 7762
f 7764 7676 7675
f 7764 7675 7763
f 7765 7676 7764
f 7765 7677 7676
f 7766 7677 7765
f 7766 7678 7677
f 7767 7678 7766
f 7767 7679 7678
f 7768 7679 7767
f 7768 7680 7679
f 7769 7680 7768
f 7769 7681 7680
f 7770 7681 7769
f 7770 7682 7681
f 7771 7682 7770
f 7771 7683 7682
f 7772 7683 7771
f 7772 7684 7683
f 7773 7684 7772
f 7773 7685 7684
f 7774 7685 7773
f 7774 7686 7685
f 7775 7686 7774
f 7775 7687 7686
f 7776 7687 7775
f 7776 7688 7687
f 7777 7688 7776
f 7777 7689 7688
f 7778 7689 7777
f 7778 7690 7689
f 7779 7690 7778
f 7779 7691 7690
f 7780 7691 7779
f 7780 7692 7691
f 7781 7692 7780
f 7782 7693 7692
f 7782 7692 7781
f 7783 7694 7693
f 7783 7693 7782
f 7784 7695 7694
f 7784 7694 7783
f 7785 7696 7695
f 7785 7695 7784
f 7786 7697 7696
f 7786 7696 7785
f 7787 7698 7697
f 7787 7697 7786
f 7788 7699 7698
f 7788 7698 7787
f 7789 7700 7699
f 7789 7699 7788
f 7790 7701 7700
f 7790 7700 7789
f 7791 7701 7790
f 7791 7702 7701
f 7792 7703 7702
f 7792 7702 7791
f 7793 7704 7703
f 7793 7705 7704
f 7793 7703 7792
f 7794 7706 7705
f 7794 7705 7793
f 7729 7707 7706
f 7729 7706 7794
f 7730 7708 7707
f 7730 7707 7729
f 7731 7708 7730
f 7732 7709 7708
f 7732 7708 7731
f 7733 7710 7709
f 7733 7709 7732
f 7734 7711 7710
f 7734 7710 7733
f 7735 7712 7711
f 7735 7711 7734
f 7736 7713 7712
f 7736 7712 7735
f 7737 7714 7713
f 7737 7713 7736
f 7738 7715 7714
f 7738 7716 7715
f 7738 7714 7737
f 7739 7716 7738
f 7740 7717 7716
f 7740 7718 7717
f 7740 7716 7739
f 7741 7718 7740
f 7742 7719 7718
f 7742 7720 7719
f 7742 7718 7741
f 7743 7720 7742
f 7744 7721 7720
f 7744 7722 7721
f 7744 7720 7743
f 7745 7723 7722
f 7745 7722 7744
f 7746 7723 7745
f 7747 7724 7723
f 7747 7725 7724
f 7747 7723 7746
f 7748 7725 7747
f 7749 7725 7748
f 7749 7726 7725
f 7749 7727 7726
f 7728 7727 7749
f 7972 7852 7851
f 7971 7853 7852
f 7971 7852 7972
f 7973 7972 7851
f 7973 7851 7850
f 7970 7854 7853
f 7970 7853 7971
f 7974 7850 7849
f 7974 7973 7850
f 7969 7855 7854
f 7969 7854 7970
f 7975 7849 7848
f 7975 7974 7849
f 7968 7856 7855
f 7968 7855 7969
f 7976 7848 7847
f 7976 7975 7848
f 7967 7856 7968
f 7967 7857 7856
f 7977 7847 7846
f 7977 7976 7847
f 7966 7857 7967
f 7966 7858 7857
f 7978 7846 7845
f 7978 7977 7846
f 7965 7859 7858
f 7965 7858 7966
f 7979 7978 7845
f 7964 7859 7965
f 7964 7860 7859
f 7980 7979 7845
f 7963 7861 7860
f 7963 7860 7964
f 7981 7980 7845
f 7962 7861 7963
f 7962 7862 7861
f 7982 7981 7845
f 7961 7862 7962
f 7961 7863 7862
f 7983 7982 7845
f 7960 7863 7961
f 7960 7864 7863
f 7984 7983 7845
f 7959 7864 7960
f 7959 7865 7864
f 7985 7984 7845
f 7958 7865 7959
f 7958 7866 7865
f 7986 7985 7845
f 7986 7845 7891
f 7957 7866 7958
f 7957 7867 7866
f 7987 7986 7891
f 7987 7891 7892
f 7956 7867 7957
f 7956 7868 7867
f 7956 7869 7868
f 7988 7987 7892
f 7955 7870 7869
f 7955 7869 7956
f 7989 7988 7892
f 7954 7870 7955
f 7954 7871 7870
f 7953 7871 7954
f 7953 7872 7871
f 7952 7872 7953
f 7952 7873 7872
f 7951 7873 7952
f 7951 7874 7873
f 7841 7989 7892
f 7841 7990 7989
f 7841 7991 7990
f 7841 7992 7991
f 7841 7993 7992
f 7950 7874 7951
f 7950 7875 7874
f 7994 7993 7841
f 7949 7876 7875
f 7949 7875 7950
f 7995 7994 7841
f 7948 7876 7949
f 7948 7877 7876
f 7996 7995 7841
f 7947 7878 7877
f 7947 7877 7948
f 7997 7841 7840
f 7997 7996 7841
f 7946 7879 7878
f 7946 7878 7947
f 7998 7840 7839
f 7998 7997 7840
f 7945 7880 7879
f 7945 7879 7946
f 7999 7998 7839
f 7999 7839 7838
f 7944 7880 7945
f 7944 7881 7880
f 8000 7999 7838
f 8000 7838 7837
f 7943 7881 7944
f 7882 7881 7943
f 8001 8000 7837
f 8001 7837 7836
f 7942 7882 7943
f 8002 8001 7836
f 8002 7836 7835
f 7883 7882 7942
f 7941 7883 7942
f 8003 8002 7835
f 7834 8003 7835
f 7884 7883 7941
f 7940 7884 7941
f 8004 8003 7834
f 7833 8004 7834
f 7885 7940 7939
f 7885 7884 7940
f 8005 8004 7833
f 7832 8005 7833
f 8006 8005 7832
f 7886 7939 7938
f 7886 7885 7939
f 7831 8007 8006
f 7831 8006 7832
f 7887 7938 7937
f 7887 7886 7938
f 7830 8008 8007
f 7830 8007 7831
f 7888 7937 7936
f 7888 7887 7937
f 7829 8009 8008
f 7829 8008 7830
f 7889 7888 7936
f 7889 7936 7935
f 7828 8010 8009
f 7828 8009 7829
f 7890 7935 7934
f 7890 7889 7935
f 7827 8010 7828
f 7827 8011 8010
f 7844 7890 7934
f 7844 7932 7931
f 7844 7933 7932
f 7844 7934 7933
f 7930 7844 7931
f 7826 8011 7827
f 7826 8012 8011
f 7929 7844 7930
f 7928 7844 7929
f 7825 8012 7826
f 7825 8013 8012
f 7927 7844 7928
f 7824 8014 8013
f 7824 8013 7825
f 7926 7844 7927
f 7823 8015 8014
f 7823 8014 7824
f 7822 8016 8015
f 7822 8015 7823
f 7821 8017 8016
f 7821 8016 7822
f 7843 7926 7925
f 7843 7844 7926
f 7820 8018 8017
f 7820 8017 7821
f 7819 7893 8018
f 7819 8018 7820
f 7818 7893 7819
f 7817 7893 7818
f 7817 7894 7893
f 7816 7894 7817
f 7816 7895 7894
f 7815 7896 7895
f 7815 7895 7816
f 7814 7897 7896
f 7814 7896 7815
f 7813 7898 7897
f 7813 7897 7814
f 7812 7899 7898
f 7812 7898 7813
f 7811 7900 7899
f 7811 7899 7812
f 7810 7901 7900
f 7810 7900 7811
f 7795 7916 7915
f 7795 7917 7916
f 7795 7918 7917
f 7795 7919 7918
f 7795 7920 7919
f 7795 7921 7920
f 7795 7922 7921
f 7795 7923 7922
f 7809 7902 7901
f 7809 7901 7810
f 7796 7915 7914
f 7796 7795 7915
f 7808 7902 7809
f 7808 7903 7902
f 7797 7914 7913
f 7797 7796 7914
f 7807 7904 7903
f 7807 7903 7808
f 7798 7913 7912
f 7798 7797 7913
f 7806 7905 7904
f 7806 7904 7807
f 7799 7912 7911
f 7799 7798 7912
f 7805 7906 7905
f 7805 7905 7806
f 7800 7911 7910
f 7800 7799 7911
f 7804 7907 7906
f 7804 7906 7805
f 7801 7910 7909
f 7801 7800 7910
f 7803 7908 7907
f 7803 7907 7804
f 7802 7909 7908
f 7802 7801 7909
f 7802 7908 7803
f 7842 7924 7923
f 7842 7925 7924
f 7842 7843 7925
f 7842 7923 7795
f 8041 8022 8040
f 8039 8040 8022
f 8042 8022 8041
f 8038 8039 8022
f 8043 8022 8042
f 8037 8038 8022
f 8044 8022 8043
f 8036 8037 8022
f 8023 8022 8044
f 8035 8036 8022
f 8034 8035 8022
f 8033 8034 8022
f 8032 8033 8022
f 8031 8032 8022
f 8030 8031 8022
f 8029 8030 8022
f 8028 8029 8022
f 8027 8028 8022
f 8026 8027 8022
f 8025 8026 8022
f 8024 8025 8022
f 8128 8024 8022
f 8127 8128 8022
f 8126 8127 8022
f 8125 8126 8022
f 8021 8124 8125
f 8021 8125 8022
f 8123 8124 8021
f 8122 8123 8021
f 8121 8122 8021
f 8120 8121 8021
f 8119 8120 8021
f 8118 8119 8021
f 8117 8118 8021
f 8116 8117 8021
f 8115 8116 8021
f 8114 8115 8021
f 8113 8114 8021
f 8112 8113 8021
f 8111 8112 8021
f 8110 8111 8021
f 8109 8110 8021
f 8108 8109 8021
f 8107 8108 8021
f 8106 8107 8021
f 8105 8106 8021
f 8104 8105 8021
f 8103 8104 8021
f 8102 8103 8021
f 8101 8102 8021
f 8100 8101 8021
f 8020 8045 8046
f 8020 8046 8047
f 8020 8047 8048
f 8020 8048 8049
f 8020 8049 8050
f 8020 8050 8051
f 8020 8051 8052
f 8020 8052 8053
f 8020 8053 8054
f 8020 8054 8055
f 8020 8055 8056
f 8020 8056 8057
f 8020 8057 8058
f 8020 8058 8059
f 8020 8059 8060
f 8020 8060 8061
f 8020 8061 8062
f 8020 8062 8063
f 8020 8063 8064
f 8020 8064 8065
f 8020 8065 8066
f 8020 8066 8067
f 8020 8067 8068
f 8020 8068 8069
f 8020 8069 8070
f 8019 8070 8071
f 8019 8071 8072
f 8019 8072 8073
f 8019 8073 8074
f 8019 8074 8075
f 8019 8075 8076
f 8019 8076 8077
f 8019 8077 8078
f 8019 8078 8079
f 8019 8079 8080
f 8019 8080 8081
f 8019 8081 8082
f 8019 8082 8083
f 8019 8083 8084
f 8019 8084 8085
f 8019 8085 8086
f 8019 8086 8087
f 8019 8087 8088
f 8019 8088 8089
f 8019 8089 8090
f 8019 8090 8091
f 8019 8091 8092
f 8019 8092 8093
f 8019 8093 8094
f 8019 8094 8095
f 8019 8020 8070
f 8019 8097 8021
f 8097 8098 8021
f 8098 8099 8021
f 8099 8100 8021
f 8019 8096 8097
f 8019 8095 8096
f 8130 8151 8129
f 8130 8152 8151
f 8131 8152 8130
f 8131 8153 8152
f 8132 8153 8131
f 8132 8154 8153
f 8133 8154 8132
f 8133 8155 8154
f 8134 8156 8155
f 8134 8155 8133
f 8135 8157 8156
f 8135 8156 8134
f 8136 8158 8157
f 8136 8157 8135
f 8137 8159 8158
f 8137 8158 8136
f 8138 8160 8159
f 8138 8159 8137
f 8139 8161 8160
f 8139 8160 8138
f 8140 8162 8161
f 8140 8161 8139
f 8141 8163 8162
f 8141 8162 8140
f 8142 8164 8163
f 8142 8163 8141
f 8143 8165 8164
f 8143 8164 8142
f 8144 8166 8165
f 8144 8165 8143
f 8145 8167 8166
f 8145 8166 8144
f 8146 8168 8167
f 8146 8167 8145
f 8147 8169 8168
f 8147 8168 8146
f 8148 8170 8169
f 8148 8169 8147
f 8149 8171 8170
f 8149 8172 8171
f 8149 8170 8148
f 8150 8173 8172
f 8150 8172 8149
f 8388 8174 8173
f 8388 8173 8150
f 8389 8175 8174
f 8389 8174 8388
f 8390 8175 8389
f 8390 8176 8175
f 8391 8176 8390
f 8391 8177 8176
f 8392 8177 8391
f 8392 8178 8177
f 8393 8178 8392
f 8393 8179 8178
f 8394 8179 8393
f 8394 8180 8179
f 8395 8180 8394
f 8395 8181 8180
f 8396 8181 8395
f 8396 8182 8181
f 8397 8182 8396
f 8397 8183 8182
f 8398 8183 8397
f 8398 8184 8183
f 8399 8184 8398
f 8399 8185 8184
f 8400 8185 8399
f 8400 8186 8185
f 8401 8186 8400
f 8401 8187 8186
f 8402 8187 8401
f 8402 8188 8187
f 8403 8188 8402
f 8403 8189 8188
f 8404 8189 8403
f 8404 8190 8189
f 8405 8191 8190
f 8405 8190 8404
f 8406 8192 8191
f 8406 8191 8405
f 8407 8193 8192
f 8407 8192 8406
f 8408 8194 8193
f 8408 8193 8407
f 8409 8195 8194
f 8409 8194 8408
f 8410 8196 8195
f 8410 8195 8409
f 8411 8197 8196
f 8411 8196 8410
f 8412 8198 8197
f 8412 8197 8411
f 8413 8199 8198
f 8413 8198 8412
f 8414 8199 8413
f 8414 8200 8199
f 8415 8200 8414
f 8415 8201 8200
f 8416 8201 8415
f 8416 8202 8201
f 8417 8202 8416
f 8417 8203 8202
f 8418 8203 8417
f 8418 8204 8203
f 8419 8204 8418
f 8419 8205 8204
f 8420 8205 8419
f 8420 8206 8205
f 8421 8206 8420
f 8421 8207 8206
f 8422 8207 8421
f 8422 8208 8207
f 8423 8208 8422
f 8423 8209 8208
f 8424 8209 8423
f 8424 8210 8209
f 8425 8210 8424
f 8425 8211 8210
f 8426 8211 8425
f 8426 8212 8211
f 8427 8212 8426
f 8427 8213 8212
f 8428 8213 8427
f 8428 8214 8213
f 8429 8214 8428
f 8429 8215 8214
f 8430 8215 8429
f 8430 8216 8215
f 8431 8216 8430
f 8431 8217 8216
f 8432 8217 8431
f 8432 8218 8217
f 8304 8218 8432
f 8305 8218 8304
f 8305 8219 8218
f 8305 8220 8219
f 8306 8220 8305
f 8307 8220 8306
f 8307 8221 8220
f 8308 8221 8307
f 8308 8222 8221
f 8309 8222 8308
f 8309 8223 8222
f 8309 8224 8223
f 8310 8224 8309
f 8311 8224 8310
f 8311 8225 8224
f 8311 8226 8225
f 8312 8226 8311
f 8313 8226 8312
f 8313 8227 8226
f 8313 8228 8227
f 8314 8228 8313
f 8314 8229 8228
f 8315 8229 8314
f 8316 8230 8229
f 8316 8231 8230
f 8316 8229 8315
f 8317 8232 8231
f 8317 8231 8316
f 8318 8232 8317
f 8319 8233 8232
f 8319 8234 8233
f 8319 8232 8318
f 8320 8234 8319
f 8321 8235 8234
f 8321 8236 8235
f 8321 8234 8320
f 8322 8236 8321
f 8323 8237 8236
f 8323 8236 8322
f 8324 8238 8237
f 8324 8239 8238
f 8324 8237 8323
f 8325 8239 8324
f 8326 8240 8239
f 8326 8241 8240
f 8326 8239 8325
f 8327 8242 8241
f 8327 8241 8326
f 8328 8243 8242
f 8328 8242 8327
f 8329 8243 8328
f 8330 8244 8243
f 8330 8243 8329
f 8331 8245 8244
f 8331 8246 8245
f 8331 8244 8330
f 8332 8247 8246
f 8332 8246 8331
f 8333 8247 8332
f 8334 8248 8247
f 8334 8247 8333
f 8335 8249 8248
f 8335 8248 8334
f 8336 8250 8249
f 8336 8251 8250
f 8336 8249 8335
f 8337 8251 8336
f 8338 8251 8337
f 8338 8252 8251
f 8338 8253 8252
f 8339 8253 8338
f 8340 8253 8339
f 8340 8254 8253
f 8341 8254 8340
f 8341 8255 8254
f 8342 8255 8341
f 8342 8256 8255
f 8343 8257 8256
f 8343 8256 8342
f 8344 8258 8257
f 8344 8257 8343
f 8345 8259 8258
f 8345 8260 8259
f 8345 8258 8344
f 8346 8260 8345
f 8347 8261 8260
f 8347 8260 8346
f 8348 8262 8261
f 8348 8261 8347
f 8349 8263 8262
f 8349 8262 8348
f 8350 8264 8263
f 8350 8265 8264
f 8350 8263 8349
f 8351 8266 8265
f 8351 8265 8350
f 8352 8266 8351
f 8353 8267 8266
f 8353 8266 8352
f 8354 8268 8267
f 8354 8267 8353
f 8355 8269 8268
f 8355 8270 8269
f 8355 8268 8354
f 8356 8270 8355
f 8357 8271 8270
f 8357 8270 8356
f 8358 8272 8271
f 8358 8273 8272
f 8358 8271 8357
f 8359 8274 8273
f 8359 8273 8358
f 8360 8274 8359
f 8361 8275 8274
f 8361 8276 8275
f 8361 8274 8360
f 8362 8276 8361
f 8363 8276 8362
f 8363 8277 8276
f 8364 8277 8363
f 8364 8278 8277
f 8364 8279 8278
f 8365 8279 8364
f 8366 8279 8365
f 8366 8280 8279
f 8366 8281 8280
f 8367 8281 8366
f 8368 8281 8367
f 8368 8282 8281
f 8369 8282 8368
f 8369 8283 8282
f 8369 8284 8283
f 8370 8284 8369
f 8370 8285 8284
f 8371 8285 8370
f 8372 8285 8371
f 8372 8286 8285
f 8373 8286 8372
f 8373 8287 8286
f 8373 8288 8287
f 8374 8288 8373
f 8374 8289 8288
f 8375 8289 8374
f 8375 8290 8289
f 8376 8290 8375
f 8376 8291 8290
f 8377 8291 8376
f 8378 8292 8291
f 8378 8291 8377
f 8379 8293 8292
f 8379 8292 8378
f 8380 8294 8293
f 8380 8293 8379
f 8381 8295 8294
f 8381 8294 8380
f 8382 8296 8295
f 8382 8295 8381
f 8383 8297 8296
f 8383 8298 8297
f 8383 8296 8382
f 8384 8299 8298
f 8384 8298 8383
f 8385 8300 8299
f 8385 8299 8384
f 8386 8300 8385
f 8387 8300 8386
f 8387 8301 8300
f 8303 8301 8387
f 8303 8302 8301
f 8610 8474 8473
f 8609 8610 8473
f 8609 8473 8472
f 8611 8474 8610
f 8611 8475 8474
f 8608 8472 8471
f 8608 8609 8472
f 8612 8475 8611
f 8612 8476 8475
f 8607 8471 8470
f 8607 8608 8471
f 8613 8477 8476
f 8613 8476 8612
f 8606 8470 8469
f 8606 8607 8470
f 8614 8478 8477
f 8614 8477 8613
f 8605 8469 8468
f 8605 8606 8469
f 8615 8479 8478
f 8615 8478 8614
f 8604 8468 8467
f 8604 8605 8468
f 8616 8480 8479
f 8616 8479 8615
f 8603 8467 8466
f 8603 8604 8467
f 8617 8480 8616
f 8602 8466 8465
f 8602 8603 8466
f 8618 8480 8617
f 8601 8465 8464
f 8601 8602 8465
f 8619 8480 8618
f 8600 8464 8463
f 8600 8601 8464
f 8620 8480 8619
f 8599 8463 8462
f 8599 8600 8463
f 8621 8480 8620
f 8598 8462 8461
f 8598 8599 8462
f 8622 8480 8621
f 8597 8461 8460
f 8597 8598 8461
f 8623 8480 8622
f 8596 8460 8459
f 8596 8597 8460
f 8624 8480 8623
f 8624 8481 8480
f 8595 8459 8458
f 8595 8596 8459
f 8625 8481 8624
f 8625 8482 8481
f 8594 8457 8456
f 8594 8458 8457
f 8594 8595 8458
f 8626 8482 8625
f 8593 8456 8455
f 8593 8594 8456
f 8627 8482 8626
f 8592 8455 8454
f 8592 8593 8455
f 8591 8454 8453
f 8591 8592 8454
f 8590 8453 8452
f 8590 8591 8453
f 8589 8452 8451
f 8589 8590 8452
f 8483 8482 8627
f 8483 8627 8628
f 8483 8628 8629
f 8483 8629 8630
f 8483 8630 8631
f 8588 8451 8450
f 8588 8589 8451
f 8632 8483 8631
f 8587 8450 8449
f 8587 8588 8450
f 8633 8483 8632
f 8586 8449 8448
f 8586 8587 8449
f 8634 8483 8633
f 8585 8448 8447
f 8585 8586 8448
f 8635 8484 8483
f 8635 8483 8634
f 8584 8447 8446
f 8584 8585 8447
f 8636 8484 8635
f 8636 8485 8484
f 8583 8584 8446
f 8583 8446 8445
f 8637 8485 8636
f 8637 8486 8485
f 8582 8445 8444
f 8582 8583 8445
f 8638 8486 8637
f 8638 8487 8486
f 8581 8582 8444
f 8443 8581 8444
f 8639 8488 8487
f 8639 8487 8638
f 8580 8581 8443
f 8640 8488 8639
f 8640 8489 8488
f 8442 8580 8443
f 8579 8580 8442
f 8641 8489 8640
f 8490 8489 8641
f 8441 8579 8442
f 8578 8579 8441
f 8642 8490 8641
f 8491 8490 8642
f 8440 8577 8578
f 8440 8578 8441
f 8643 8491 8642
f 8492 8491 8643
f 8644 8492 8643
f 8439 8576 8577
f 8439 8577 8440
f 8493 8644 8645
f 8493 8492 8644
f 8438 8575 8576
f 8438 8576 8439
f 8494 8645 8646
f 8494 8493 8645
f 8437 8574 8575
f 8437 8575 8438
f 8495 8646 8647
f 8495 8494 8646
f 8436 8573 8574
f 8436 8574 8437
f 8496 8647 8648
f 8496 8495 8647
f 8435 8572 8573
f 8435 8573 8436
f 8497 8648 8649
f 8497 8496 8648
f 8433 8572 8435
f 8433 8569 8570
f 8433 8570 8571
f 8433 8571 8572
f 8568 8569 8433
f 8498 8497 8649
f 8498 8649 8650
f 8567 8568 8433
f 8566 8567 8433
f 8499 8498 8650
f 8499 8650 8651
f 8565 8566 8433
f 8500 8651 8652
f 8500 8499 8651
f 8564 8565 8433
f 8501 8652 8653
f 8501 8500 8652
f 8502 8653 8654
f 8502 8501 8653
f 8503 8654 8655
f 8503 8502 8654
f 8434 8562 8563
f 8434 8563 8564
f 8434 8564 8433
f 8504 8655 8656
f 8504 8503 8655
f 8505 8656 8531
f 8505 8504 8656
f 8506 8505 8531
f 8507 8506 8531
f 8507 8531 8532
f 8508 8507 8532
f 8508 8532 8533
f 8509 8533 8534
f 8509 8508 8533
f 8510 8534 8535
f 8510 8509 8534
f 8511 8535 8536
f 8511 8510 8535
f 8512 8536 8537
f 8512 8511 8536
f 8513 8537 8538
f 8513 8512 8537
f 8514 8538 8539
f 8514 8513 8538
f 8529 8553 8554
f 8529 8554 8555
f 8529 8555 8556
f 8529 8556 8557
f 8529 8557 8558
f 8529 8558 8559
f 8529 8559 8560
f 8529 8560 8561
f 8515 8539 8540
f 8515 8514 8539
f 8528 8552 8553
f 8528 8553 8529
f 8516 8540 8541
f 8516 8515 8540
f 8527 8552 8528
f 8527 8551 8552
f 8517 8516 8541
f 8517 8541 8542
f 8526 8551 8527
f 8526 8550 8551
f 8518 8542 8543
f 8518 8517 8542
f 8525 8549 8550
f 8525 8550 8526
f 8519 8518 8543
f 8519 8543 8544
f 8524 8548 8549
f 8524 8549 8525
f 8520 8544 8545
f 8520 8519 8544
f 8523 8547 8548
f 8523 8548 8524
f 8521 8545 8546
f 8521 8520 8545
f 8522 8546 8547
f 8522 8547 8523
f 8522 8521 8546
f 8530 8562 8434
f 8530 8561 8562
f 8530 8529 8561
f 8660 8658 8657
f 8660 8657 8659
f 8679 8770 8680
f 8681 8680 8770
f 8678 8770 8679
f 8682 8681 8770
f 8677 8770 8678
f 8683 8682 8770
f 8676 8770 8677
f 8684 8683 8770
f 8675 8770 8676
f 8685 8684 8770
f 8674 8770 8675
f 8686 8685 8770
f 8673 8770 8674
f 8687 8686 8770
f 8672 8770 8673
f 8688 8687 8770
f 8671 8770 8672
f 8689 8688 8770
f 8670 8770 8671
f 8690 8689 8770
f 8669 8770 8670
f 8691 8690 8770
f 8668 8769 8770
f 8668 8770 8669
f 8692 8691 8770
f 8667 8769 8668
f 8693 8692 8770
f 8666 8769 8667
f 8694 8693 8770
f 8665 8769 8666
f 8695 8694 8770
f 8664 8769 8665
f 8696 8695 8770
f 8768 8769 8664
f 8767 8769 8768
f 8766 8769 8767
f 8765 8769 8766
f 8764 8769 8765
f 8763 8769 8764
f 8762 8769 8763
f 8761 8769 8762
f 8760 8769 8761
f 8759 8769 8760
f 8758 8769 8759
f 8757 8769 8758
f 8756 8769 8757
f 8755 8769 8756
f 8754 8769 8755
f 8753 8769 8754
f 8752 8769 8753
f 8751 8769 8752
f 8750 8769 8751
f 8749 8769 8750
f 8748 8769 8749
f 8662 8697 8696
f 8662 8698 8697
f 8662 8699 8698
f 8662 8700 8699
f 8662 8701 8700
f 8662 8702 8701
f 8662 8703 8702
f 8662 8704 8703
f 8662 8705 8704
f 8662 8706 8705
f 8662 8707 8706
f 8662 8708 8707
f 8662 8709 8708
f 8662 8710 8709
f 8662 8711 8710
f 8662 8712 8711
f 8662 8713 8712
f 8662 8714 8713
f 8662 8715 8714
f 8662 8716 8715
f 8662 8717 8716
f 8662 8718 8717
f 8662 8719 8718
f 8662 8720 8719
f 8662 8721 8720
f 8662 8696 8770
f 8722 8721 8662
f 8723 8722 8662
f 8661 8724 8723
f 8661 8725 8724
f 8661 8726 8725
f 8661 8727 8726
f 8661 8728 8727
f 8661 8729 8728
f 8661 8730 8729
f 8661 8731 8730
f 8661 8732 8731
f 8661 8733 8732
f 8661 8734 8733
f 8661 8735 8734
f 8661 8736 8735
f 8661 8737 8736
f 8661 8738 8737
f 8661 8739 8738
f 8661 8740 8739
f 8661 8741 8740
f 8661 8723 8662
f 8661 8742 8741
f 8661 8743 8742
f 8661 8744 8743
f 8661 8745 8744
f 8661 8746 8745
f 8661 8747 8746
f 8661 8663 8747
f 8974 8832 8831
f 8975 8974 8831
f 8976 8975 8831
f 8977 8831 8833
f 8977 8976 8831
f 8978 8977 8833
f 8979 8978 8833
f 8980 8979 8833
f 8981 8980 8833
f 8982 8981 8833
f 8983 8982 8833
f 8984 8983 8833
f 8985 8984 8833
f 8986 8985 8833
f 8987 8986 8833
f 8988 8987 8833
f 8989 8988 8833
f 8990 8989 8833
f 8991 8990 8833
f 8834 8992 8991
f 8834 8993 8992
f 8834 8994 8993
f 8834 8991 8833
f 8972 9014 9013
f 8972 9015 9014
f 8972 9016 9015
f 8972 9017 9016
f 8972 9018 9017
f 8972 8973 9018
f 8971 8972 9013
f 8971 8997 8996
f 8971 8998 8997
f 8971 8999 8998
f 8971 9000 8999
f 8971 9001 9000
f 8971 9002 9001
f 8971 9003 9002
f 8971 9004 9003
f 8971 9005 9004
f 8971 9006 9005
f 8971 9007 9006
f 8971 9008 9007
f 8971 9009 9008
f 8971 9010 9009
f 8971 9011 9010
f 8971 9012 9011
f 8971 9013 9012
f 8970 8995 8994
f 8970 8996 8995
f 8970 8994 8834
f 8970 8971 8996
f 8970 8834 8835
f 8969 8970 8835
f 8969 8835 8836
f 8968 8969 8836
f 8968 8836 8837
f 8967 8837 8838
f 8967 8968 8837
f 8966 8838 8839
f 8966 8967 8838
f 8965 8839 8840
f 8965 8966 8839
f 8964 8840 8841
f 8964 8965 8840
f 8963 8841 8842
f 8963 8964 8841
f 8962 8842 8843
f 8962 8963 8842
f 8961 8843 8844
f 8961 8962 8843
f 8960 8844 8845
f 8960 8961 8844
f 8959 8845 8846
f 8959 8960 8845
f 8848 8823 8847
f 8958 8846 8847
f 8958 8959 8846
f 8824 8847 8823
f 8849 8822 8848
f 8957 8958 8847
f 8771 8847 8824
f 8771 8957 8847
f 8778 8957 8771
f 8850 8821 8849
f 8956 8957 8778
f 8772 8771 8824
f 8772 8824 8825
f 8773 8772 8825
f 8773 8825 8826
f 8851 8820 8850
f 8955 8956 8779
f 8774 8773 8826
f 8774 8826 8827
f 8852 8819 8851
f 8954 8955 8780
f 8775 8827 8828
f 8775 8774 8827
f 8853 8818 8852
f 8953 8954 8781
f 8776 8828 8829
f 8776 8775 8828
f 8854 8817 8853
f 8952 8953 8782
f 8777 8829 8830
f 8777 8776 8829
f 8816 8817 8854
f 8855 8816 8854
f 8951 8952 8783
f 8815 8816 8855
f 8856 8815 8855
f 8950 8951 8784
f 8785 8950 8784
f 8814 8815 8856
f 8857 8814 8856
f 8949 8950 8785
f 8786 8949 8785
f 8858 8813 8857
f 8948 8949 8786
f 8787 8948 8786
f 8859 8812 8858
f 8947 8948 8787
f 8796 8795 8801
f 8796 8801 8802
f 8860 8811 8859
f 8946 8947 8788
f 8797 8802 8803
f 8797 8796 8802
f 8861 8810 8860
f 8945 8946 8789
f 8798 8803 8804
f 8798 8797 8803
f 8862 8809 8861
f 8799 8804 8805
f 8799 8798 8804
f 8944 8945 8790
f 8800 8805 8806
f 8800 8799 8805
f 8863 8807 8808
f 8863 8808 8862
f 8943 8944 8791
f 8794 8806 8807
f 8794 8807 8863
f 8794 8800 8806
f 8942 8943 8792
f 8941 8942 8793
f 8941 8794 8863
f 8941 8793 8794
f 8941 8863 8864
f 8940 8941 8864
f 8940 8864 8865
f 8939 8940 8865
f 8939 8865 8866
f 8938 8939 8866
f 8938 8866 8867
f 8937 8938 8867
f 8937 8867 8868
f 8936 8937 8868
f 8936 8868 8869
f 8935 8936 8869
f 8934 8935 8869
f 8934 8869 8870
f 8934 8870 8871
f 8933 8871 8872
f 8933 8934 8871
f 8932 8872 8873
f 8932 8933 8872
f 8931 8873 8874
f 8931 8932 8873
f 8930 8874 8875
f 8930 8931 8874
f 8929 8875 8876
f 8929 8930 8875
f 8928 8929 8876
f 8903 8876 8877
f 8903 8877 8904
f 8905 8904 8877
f 8902 8876 8903
f 8906 8905 8877
f 8901 8928 8876
f 8901 8876 8902
f 8907 8906 8877
f 8900 8928 8901
f 8908 8907 8877
f 8899 8928 8900
f 8909 8908 8877
f 8898 8928 8899
f 8910 8909 8877
f 8911 8910 8877
f 8912 8911 8877
f 8913 8912 8877
f 8914 8913 8877
f 8915 8914 8877
f 8916 8915 8877
f 8917 8916 8877
f 8918 8917 8877
f 8919 8918 8877
f 8920 8877 8878
f 8920 8919 8877
f 8921 8920 8878
f 8922 8921 8878
f 8923 8922 8878
f 8924 8923 8878
f 8925 8924 8878
f 8879 8925 8878
f 8927 8885 8884
f 8927 8886 8885
f 8927 8887 8886
f 8927 8888 8887
f 8927 8889 8888
f 8927 8890 8889
f 8927 8891 8890
f 8927 8892 8891
f 8927 8893 8892
f 8927 8894 8893
f 8927 8895 8894
f 8927 8896 8895
f 8927 8897 8896
f 8927 8898 8897
f 8927 8928 8898
f 8926 8881 8880
f 8926 8882 8881
f 8926 8883 8882
f 8926 8884 8883
f 8926 8927 8884
f 8778 8779 8956
f 8779 8780 8955
f 8780 8781 8954
f 8781 8782 8953
f 8782 8783 8952
f 8783 8784 8951
f 8787 8788 8947
f 8788 8789 8946
f 8789 8790 8945
f 8790 8791 8944
f 8791 8792 8943
f 8792 8793 8942
f 8808 8809 8862
f 8809 8810 8861
f 8810 8811 8860
f 8811 8812 8859
f 8812 8813 8858
f 8813 8814 8857
f 8817 8818 8853
f 8818 8819 8852
f 8819 8820 8851
f 8820 8821 8850
f 8821 8822 8849
f 8822 8823 8848
f 9041 9040 9022
f 9039 9022 9040
f 9042 9041 9022
f 9038 9022 9039
f 9043 9042 9022
f 9037 9022 9038
f 9044 9043 9022
f 9036 9022 9037
f 9023 9044 9022
f 9035 9022 9036
f 9034 9022 9035
f 9033 9022 9034
f 9032 9022 9033
f 9031 9022 9032
f 9030 9022 9031
f 9029 9022 9030
f 9028 9022 9029
f 9027 9022 9028
f 9026 9022 9027
f 9025 9022 9026
f 9024 9022 9025
f 9128 9022 9024
f 9127 9022 9128
f 9126 9022 9127
f 9125 9022 9126
f 9021 9125 9124
f 9021 9022 9125
f 9123 9021 9124
f 9122 9021 9123
f 9121 9021 9122
f 9120 9021 9121
f 9119 9021 9120
f 9118 9021 9119
f 9117 9021 9118
f 9116 9021 9117
f 9115 9021 9116
f 9114 9021 9115
f 9113 9021 9114
f 9112 9021 9113
f 9111 9021 9112
f 9110 9021 9111
f 9109 9021 9110
f 9108 9021 9109
f 9107 9021 9108
f 9106 9021 9107
f 9105 9021 9106
f 9104 9021 9105
f 9103 9021 9104
f 9102 9021 9103
f 9101 9021 9102
f 9100 9021 9101
f 9020 9046 9045
f 9020 9047 9046
f 9020 9048 9047
f 9020 9049 9048
f 9020 9050 9049
f 9020 9051 9050
f 9020 9052 9051
f 9020 9053 9052
f 9020 9054 9053
f 9020 9055 9054
f 9020 9056 9055
f 9020 9057 9056
f 9020 9058 9057
f 9020 9059 9058
f 9020 9060 9059
f 9020 9061 9060
f 9020 9062 9061
f 9020 9063 9062
f 9020 9064 9063
f 9020 9065 9064
f 9020 9066 9065
f 9020 9067 9066
f 9020 9068 9067
f 9020 9069 9068
f 9020 9070 9069
f 9019 9071 9070
f 9019 9072 9071
f 9019 9073 9072
f 9019 9074 9073
f 9019 9075 9074
f 9019 9076 9075
f 9019 9077 9076
f 9019 9078 9077
f 9019 9079 9078
f 9019 9080 9079
f 9019 9081 9080
f 9019 9082 9081
f 9019 9083 9082
f 9019 9084 9083
f 9019 9085 9084
f 9019 9086 9085
f 9019 9087 9086
f 9019 9088 9087
f 9019 9089 9088
f 9019 9090 9089
f 9019 9091 9090
f 9019 9092 9091
f 9019 9093 9092
f 9019 9094 9093
f 9019 9095 9094
f 9019 9070 9020
f 9019 9021 9097
f 9097 9021 9098
f 9098 9021 9099
f 9099 9021 9100
f 9019 9097 9096
f 9019 9096 9095
f 9132 9129 9130
f 9132 9131 9129
f 9134 9260 9133
f 9134 9261 9260
f 9135 9262 9261
f 9135 9261 9134
f 9136 9263 9262
f 9136 9262 9135
f 9137 9264 9263
f 9137 9263 9136
f 9138 9265 9264
f 9138 9264 9137
f 9139 9266 9265
f 9139 9265 9138
f 9140 9267 9266
f 9140 9266 9139
f 9141 9268 9267
f 9141 9267 9140
f 9142 9269 9268
f 9142 9268 9141
f 9143 9270 9269
f 9143 9269 9142
f 9144 9270 9143
f 9144 9271 9270
f 9145 9271 9144
f 9145 9272 9271
f 9145 9273 9272
f 9146 9273 9145
f 9147 9273 9146
f 9147 9274 9273
f 9148 9274 9147
f 9148 9275 9274
f 9149 9275 9148
f 9149 9276 9275
f 9149 9277 9276
f 9150 9277 9149
f 9151 9277 9150
f 9151 9278 9277
f 9152 9278 9151
f 9152 9279 9278
f 9153 9279 9152
f 9153 9280 9279
f 9153 9281 9280
f 9154 9281 9153
f 9155 9281 9154
f 9155 9282 9281
f 9155 9283 9282
f 9156 9284 9283
f 9156 9283 9155
f 9157 9284 9156
f 9158 9284 9157
f 9158 9285 9284
f 9158 9286 9285
f 9159 9286 9158
f 9160 9287 9286
f 9160 9286 9159
f 9161 9288 9287
f 9161 9287 9160
f 9162 9289 9288
f 9162 9288 9161
f 9163 9290 9289
f 9163 9289 9162
f 9164 9291 9290
f 9164 9292 9291
f 9164 9290 9163
f 9165 9293 9292
f 9165 9292 9164
f 9166 9293 9165
f 9167 9294 9293
f 9167 9293 9166
f 9168 9295 9294
f 9168 9294 9167
f 9169 9296 9295
f 9169 9295 9168
f 9170 9296 9169
f 9170 9297 9296
f 9171 9297 9170
f 9171 9298 9297
f 9172 9298 9171
f 9172 9299 9298
f 9172 9300 9299
f 9173 9300 9172
f 9174 9300 9173
f 9174 9301 9300
f 9175 9301 9174
f 9175 9302 9301
f 9175 9303 9302
f 9176 9303 9175
f 9177 9303 9176
f 9177 9304 9303
f 9178 9304 9177
f 9178 9305 9304
f 9179 9305 9178
f 9179 9306 9305
f 9180 9306 9179
f 9180 9307 9306
f 9181 9307 9180
f 9181 9308 9307
f 9182 9308 9181
f 9182 9309 9308
f 9182 9310 9309
f 9183 9310 9182
f 9184 9310 9183
f 9184 9311 9310
f 9185 9311 9184
f 9185 9312 9311
f 9186 9312 9185
f 9186 9313 9312
f 9186 9314 9313
f 9187 9314 9186
f 9188 9314 9187
f 9188 9315 9314
f 9189 9315 9188
f 9189 9316 9315
f 9190 9316 9189
f 9190 9317 9316
f 9190 9318 9317
f 9191 9319 9318
f 9191 9318 9190
f 9192 9320 9319
f 9192 9319 9191
f 9193 9320 9192
f 9194 9321 9320
f 9194 9320 9193
f 9195 9321 9194
f 9195 9322 9321
f 9196 9322 9195
f 9196 9323 9322
f 9197 9323 9196
f 9197 9324 9323
f 9198 9324 9197
f 9198 9325 9324
f 9198 9326 9325
f 9199 9326 9198
f 9199 9327 9326
f 9200 9327 9199
f 9201 9327 9200
f 9201 9328 9327
f 9202 9328 9201
f 9202 9329 9328
f 9203 9329 9202
f 9203 9330 9329
f 9204 9330 9203
f 9204 9331 9330
f 9204 9332 9331
f 9205 9332 9204
f 9206 9332 9205
f 9206 9333 9332
f 9207 9333 9206
f 9207 9334 9333
f 9208 9335 9334
f 9208 9334 9207
f 9209 9336 9335
f 9209 9335 9208
f 9210 9337 9336
f 9210 9336 9209
f 9211 9338 9337
f 9211 9337 9210
f 9212 9339 9338
f 9212 9338 9211
f 9213 9340 9339
f 9213 9339 9212
f 9214 9341 9340
f 9214 9342 9341
f 9214 9340 9213
f 9215 9343 9342
f 9215 9342 9214
f 9216 9343 9215
f 9217 9344 9343
f 9217 9345 9344
f 9217 9343 9216
f 9218 9345 9217
f 9219 9346 9345
f 9219 9345 9218
f 9220 9347 9346
f 9220 9346 9219
f 9221 9347 9220
f 9221 9348 9347
f 9222 9348 9221
f 9222 9349 9348
f 9223 9349 9222
f 9223 9350 9349
f 9223 9351 9350
f 9224 9351 9223
f 9225 9352 9351
f 9225 9353 9352
f 9225 9351 9224
f 9226 9353 9225
f 9227 9354 9353
f 9227 9355 9354
f 9227 9353 9226
f 9228 9355 9227
f 9228 9356 9355
f 9229 9356 9228
f 9230 9357 9356
f 9230 9358 9357
f 9230 9356 9229
f 9231 9358 9230
f 9232 9359 9358
f 9232 9360 9359
f 9232 9358 9231
f 9233 9360 9232
f 9234 9361 9360
f 9234 9360 9233
f 9235 9362 9361
f 9235 9361 9234
f 9236 9363 9362
f 9236 9364 9363
f 9236 9362 9235
f 9237 9364 9236
f 9238 9365 9364
f 9238 9366 9365
f 9238 9364 9237
f 9239 9367 9366
f 9239 9366 9238
f 9240 9367 9239
f 9241 9368 9367
f 9241 9367 9240
f 9242 9369 9368
f 9242 9368 9241
f 9243 9370 9369
f 9243 9369 9242
f 9244 9371 9370
f 9244 9370 9243
f 9245 9371 9244
f 9245 9372 9371
f 9245 9373 9372
f 9246 9373 9245
f 9247 9374 9373
f 9247 9373 9246
f 9248 9374 9247
f 9248 9375 9374
f 9249 9375 9248
f 9249 9376 9375
f 9250 9376 9249
f 9250 9377 9376
f 9250 9378 9377
f 9251 9378 9250
f 9251 9379 9378
f 9252 9379 9251
f 9253 9379 9252
f 9253 9380 9379
f 9254 9380 9253
f 9254 9381 9380
f 9255 9381 9254
f 9255 9382 9381
f 9256 9382 9255
f 9256 9383 9382
f 9256 9384 9383
f 9257 9384 9256
f 9258 9385 9384
f 9258 9384 9257
f 9259 9386 9385
f 9259 9385 9258
f 9405 9394 9387
f 9404 9405 9387
f 9403 9404 9387
f 9402 9403 9387
f 9401 9402 9387
f 9400 9387 9388
f 9400 9401 9387
f 9399 9388 9389
f 9399 9400 9388
f 9398 9389 9390
f 9398 9399 9389
f 9397 9390 9391
f 9397 9398 9390
f 9396 9397 9391
f 9395 9391 9392
f 9395 9392 9393
f 9395 9396 9391
f 9409 9406 9407
f 9409 9408 9406
f 9413 9410 9411
f 9413 9412 9410
f 9459 9416 9431
f 9458 9416 9459
f 9457 9416 9458
f 9456 9416 9457
f 9455 9416 9456
f 9454 9417 9416
f 9454 9416 9455
f 9453 9418 9417
f 9453 9417 9454
f 9452 9419 9418
f 9452 9418 9453
f 9451 9419 9452
f 9450 9420 9419
f 9450 9419 9451
f 9449 9421 9420
f 9449 9420 9450
f 9448 9422 9421
f 9448 9421 9449
f 9447 9423 9422
f 9447 9422 9448
f 9446 9423 9447
f 9445 9423 9446
f 9445 9424 9423
f 9444 9425 9424
f 9444 9424 9445
f 9443 9425 9444
f 9443 9426 9425
f 9442 9427 9426
f 9442 9426 9443
f 9441 9427 9442
f 9441 9428 9427
f 9440 9428 9441
f 9439 9429 9428
f 9439 9428 9440
f 9438 9430 9429
f 9438 9429 9439
f 9437 9414 9430
f 9437 9430 9438
f 9436 9414 9437
f 9435 9414 9436
f 9434 9414 9435
f 9433 9414 9434
f 9432 9414 9433
f 9415 9414 9432
f 9478 9460 9467
f 9477 9460 9478
f 9476 9460 9477
f 9475 9460 9476
f 9474 9460 9475
f 9473 9461 9460
f 9473 9460 9474
f 9472 9462 9461
f 9472 9461 9473
f 9471 9463 9462
f 9471 9462 9472
f 9470 9464 9463
f 9470 9463 9471
f 9469 9464 9470
f 9468 9465 9464
f 9468 9466 9465
f 9468 9464 9469
f 9480 9479 9481
f 9482 9480 9481
f 9486 9483 9484
f 9486 9485 9483
f 9495 9489 9490
f 9495 9490 9491
f 9505 9495 9491
f 9504 9491 9492
f 9504 9505 9491
f 9503 9492 9493
f 9503 9504 9492
f 9502 9493 9494
f 9502 9503 9493
f 9501 9494 9487
f 9501 9502 9494
f 9500 9501 9487
f 9499 9500 9487
f 9498 9499 9487
f 9497 9498 9487
f 9496 9497 9487
f 9488 9496 9487
f 9551 9522 9521
f 9550 9551 9521
f 9549 9550 9521
f 9548 9549 9521
f 9547 9548 9521
f 9546 9521 9520
f 9546 9547 9521
f 9545 9520 9519
f 9545 9546 9520
f 9544 9519 9518
f 9544 9545 9519
f 9543 9544 9518
f 9542 9518 9517
f 9542 9543 9518
f 9541 9517 9516
f 9541 9542 9517
f 9540 9516 9515
f 9540 9541 9516
f 9539 9515 9514
f 9539 9540 9515
f 9538 9539 9514
f 9538 9514 9513
f 9537 9538 9513
f 9536 9513 9512
f 9536 9537 9513
f 9535 9512 9511
f 9535 9536 9512
f 9534 9511 9510
f 9534 9535 9511
f 9533 9510 9509
f 9533 9534 9510
f 9532 9533 9509
f 9531 9509 9508
f 9531 9532 9509
f 9530 9508 9507
f 9530 9531 9508
f 9529 9507 9506
f 9529 9530 9507
f 9528 9529 9506
f 9527 9528 9506
f 9526 9527 9506
f 9525 9526 9506
f 9524 9525 9506
f 9523 9524 9506
f 9555 9553 9552
f 9555 9552 9554
f 9559 9557 9556
f 9559 9556 9558
f 9568 9563 9562
f 9568 9564 9563
f 9578 9564 9568
f 9577 9565 9564
f 9577 9564 9578
f 9576 9566 9565
f 9576 9565 9577
f 9575 9567 9566
f 9575 9566 9576
f 9574 9560 9567
f 9574 9567 9575
f 9573 9560 9574
f 9572 9560 9573
f 9571 9560 9572
f 9570 9560 9571
f 9569 9560 9570
f 9561 9560 9569
f 9582 9581 9707
f 9582 9707 9708
f 9583 9708 9709
f 9583 9582 9708
f 9584 9709 9710
f 9584 9583 9709
f 9585 9710 9711
f 9585 9584 9710
f 9586 9711 9712
f 9586 9585 9711
f 9587 9712 9713
f 9587 9713 9714
f 9587 9586 9712
f 9588 9587 9714
f 9589 9714 9715
f 9589 9588 9714
f 9590 9715 9716
f 9590 9716 9717
f 9590 9589 9715
f 9591 9590 9717
f 9591 9717 9718
f 9592 9591 9718
f 9592 9718 9719
f 9593 9592 9719
f 9594 9593 9719
f 9594 9719 9720
f 9595 9594 9720
f 9595 9720 9721
f 9596 9595 9721
f 9596 9721 9722
f 9596 9722 9723
f 9597 9596 9723
f 9597 9723 9724
f 9598 9597 9724
f 9598 9724 9725
f 9599 9598 9725
f 9600 9599 9725
f 9600 9725 9726
f 9601 9600 9726
f 9601 9726 9727
f 9602 9727 9728
f 9602 9601 9727
f 9602 9728 9729
f 9603 9602 9729
f 9604 9729 9730
f 9604 9603 9729
f 9605 9730 9731
f 9605 9604 9730
f 9606 9731 9732
f 9606 9605 9731
f 9607 9732 9733
f 9607 9606 9732
f 9608 9733 9734
f 9608 9734 9735
f 9608 9607 9733
f 9609 9608 9735
f 9610 9735 9736
f 9610 9609 9735
f 9611 9736 9737
f 9611 9610 9736
f 9612 9737 9738
f 9612 9738 9739
f 9612 9611 9737
f 9613 9739 9740
f 9613 9612 9739
f 9614 9613 9740
f 9615 9740 9741
f 9615 9614 9740
f 9616 9741 9742
f 9616 9615 9741
f 9617 9616 9742
f 9617 9742 9743
f 9617 9743 9744
f 9618 9617 9744
f 9618 9744 9745
f 9619 9618 9745
f 9620 9619 9745
f 9620 9745 9746
f 9621 9620 9746
f 9621 9746 9747
f 9622 9621 9747
f 9622 9747 9748
f 9622 9748 9749
f 9623 9622 9749
f 9623 9749 9750
f 9624 9623 9750
f 9625 9624 9750
f 9625 9750 9751
f 9625 9751 9752
f 9626 9625 9752
f 9627 9626 9752
f 9627 9752 9753
f 9628 9627 9753
f 9628 9753 9754
f 9858 9755 9756
f 9887 9755 9858
f 9629 9628 9754
f 9629 9754 9755
f 9859 9756 9757
f 9900 9755 9887
f 9900 9629 9755
f 9911 9629 9900
f 9630 9629 9911
f 9860 9757 9758
f 9901 9887 9888
f 9901 9900 9887
f 9759 9861 9758
f 9631 9630 9912
f 9902 9888 9889
f 9902 9901 9888
f 9890 9902 9889
f 9760 9862 9759
f 9632 9631 9913
f 9903 9902 9890
f 9761 9863 9760
f 9633 9632 9914
f 9904 9890 9891
f 9904 9903 9890
f 9892 9904 9891
f 9762 9864 9761
f 9634 9633 9915
f 9905 9904 9892
f 9763 9865 9762
f 9635 9634 9916
f 9906 9892 9893
f 9906 9905 9892
f 9764 9866 9763
f 9636 9635 9917
f 9907 9893 9894
f 9907 9906 9893
f 9765 9867 9764
f 9637 9636 9918
f 9908 9894 9895
f 9908 9907 9894
f 9909 9895 9896
f 9909 9908 9895
f 9766 9868 9765
f 9638 9637 9919
f 9910 9896 9897
f 9910 9909 9896
f 9767 9869 9766
f 9639 9638 9920
f 9899 9897 9898
f 9899 9910 9897
f 9768 9870 9767
f 9640 9639 9921
f 9871 9870 9768
f 9769 9871 9768
f 9641 9640 9922
f 9872 9871 9769
f 9770 9872 9769
f 9642 9641 9923
f 9924 9642 9923
f 9873 9872 9770
f 9771 9873 9770
f 9643 9642 9924
f 9925 9643 9924
f 9874 9873 9771
f 9772 9874 9771
f 9644 9643 9925
f 9926 9644 9925
f 9875 9874 9772
f 9773 9875 9772
f 9645 9644 9926
f 9927 9645 9926
f 9774 9876 9773
f 9646 9645 9927
f 9928 9646 9927
f 9775 9877 9774
f 9647 9646 9928
f 9846 9833 9845
f 9834 9833 9846
f 9776 9878 9775
f 9648 9647 9929
f 9847 9834 9846
f 9835 9834 9847
f 9777 9879 9776
f 9649 9648 9930
f 9836 9835 9847
f 9836 9847 9848
f 9778 9880 9777
f 9650 9649 9931
f 9837 9836 9848
f 9837 9848 9849
f 9779 9881 9778
f 9651 9650 9932
f 9838 9837 9849
f 9838 9849 9850
f 9780 9882 9779
f 9652 9651 9933
f 9839 9838 9850
f 9839 9850 9851
f 9781 9883 9780
f 9653 9652 9934
f 9840 9839 9851
f 9840 9851 9852
f 9782 9884 9781
f 9654 9653 9935
f 9841 9840 9852
f 9841 9852 9853
f 9783 9885 9782
f 9655 9654 9936
f 9842 9853 9854
f 9842 9841 9853
f 9784 9886 9783
f 9656 9655 9937
f 9843 9842 9854
f 9843 9854 9855
f 9785 9857 9784
f 9785 9856 9857
f 9657 9656 9938
f 9844 9843 9855
f 9844 9855 9856
f 9658 9657 9939
f 9659 9856 9785
f 9659 9844 9856
f 9659 9658 9940
f 9659 9940 9844
f 9660 9785 9786
f 9660 9659 9785
f 9661 9786 9787
f 9661 9660 9786
f 9662 9787 9788
f 9662 9788 9789
f 9662 9661 9787
f 9663 9662 9789
f 9664 9789 9790
f 9664 9790 9791
f 9664 9663 9789
f 9665 9664 9791
f 9666 9791 9792
f 9666 9665 9791
f 9667 9792 9793
f 9667 9666 9792
f 9668 9793 9794
f 9668 9794 9795
f 9668 9667 9793
f 9669 9668 9795
f 9670 9795 9796
f 9670 9669 9795
f 9671 9796 9797
f 9671 9670 9796
f 9672 9797 9798
f 9672 9798 9799
f 9672 9671 9797
f 9673 9672 9799
f 9674 9799 9800
f 9674 9800 9801
f 9674 9673 9799
f 9675 9674 9801
f 9676 9675 9801
f 9676 9801 9802
f 9677 9676 9802
f 9677 9802 9803
f 9678 9677 9803
f 9678 9803 9804
f 9679 9678 9804
f 9679 9804 9805
f 9680 9679 9805
f 9680 9805 9806
f 9681 9680 9806
f 9681 9806 9807
f 9681 9807 9808
f 9682 9681 9808
f 9683 9682 9808
f 9683 9808 9809
f 9684 9809 9810
f 9684 9810 9811
f 9684 9683 9809
f 9685 9811 9812
f 9685 9684 9811
f 9686 9812 9813
f 9686 9685 9812
f 9687 9686 9813
f 9688 9813 9814
f 9688 9814 9815
f 9688 9687 9813
f 9689 9688 9815
f 9690 9815 9816
f 9690 9689 9815
f 9691 9816 9817
f 9691 9690 9816
f 9692 9817 9818
f 9692 9691 9817
f 9693 9818 9819
f 9693 9692 9818
f 9694 9819 9820
f 9694 9693 9819
f 9695 9820 9821
f 9695 9694 9820
f 9696 9821 9822
f 9696 9822 9823
f 9696 9695 9821
f 9697 9696 9823
f 9698 9823 9824
f 9698 9697 9823
f 9699 9824 9825
f 9699 9698 9824
f 9700 9825 9826
f 9700 9699 9825
f 9701 9826 9827
f 9701 9700 9826
f 9702 9701 9827
f 9702 9827 9828
f 9703 9702 9828
f 9703 9828 9829
f 9704 9703 9829
f 9704 9829 9830
f 9705 9704 9830
f 9705 9830 9831
f 9706 9705 9831
f 9706 9831 9832
f 9580 9706 9832
f 9580 9832 9579
f 9859 9858 9756
f 9860 9859 9757
f 9861 9860 9758
f 9862 9861 9759
f 9863 9862 9760
f 9864 9863 9761
f 9865 9864 9762
f 9866 9865 9763
f 9867 9866 9764
f 9868 9867 9765
f 9869 9868 9766
f 9870 9869 9767
f 9876 9875 9773
f 9877 9876 9774
f 9878 9877 9775
f 9879 9878 9776
f 9880 9879 9777
f 9881 9880 9778
f 9882 9881 9779
f 9883 9882 9780
f 9884 9883 9781
f 9885 9884 9782
f 9886 9885 9783
f 9857 9886 9784
f 9911 9912 9630
f 9912 9913 9631
f 9913 9914 9632
f 9914 9915 9633
f 9915 9916 9634
f 9916 9917 9635
f 9917 9918 9636
f 9918 9919 9637
f 9919 9920 9638
f 9920 9921 9639
f 9921 9922 9640
f 9922 9923 9641
f 9928 9929 9647
f 9929 9930 9648
f 9930 9931 9649
f 9931 9932 9650
f 9932 9933 9651
f 9933 9934 9652
f 9934 9935 9653
f 9935 9936 9654
f 9936 9937 9655
f 9937 9938 9656
f 9938 9939 9657
f 9939 9940 9658
f 10145 10019 10018
f 10145 10020 10019
f 10145 10146 10020
f 10147 10021 10020
f 10147 10022 10021
f 10147 10020 10146
f 10144 10145 10018
f 10148 10022 10147
f 10143 10144 10018
f 10143 10018 10017
f 10149 10022 10148
f 10149 10023 10022
f 10142 10143 10017
f 10142 10017 10016
f 10150 10023 10149
f 10150 10024 10023
f 10141 10142 10016
f 10141 10016 10015
f 10151 10025 10024
f 10151 10024 10150
f 10140 10141 10015
f 10140 10014 10013
f 10140 10015 10014
f 10152 10025 10151
f 10152 10026 10025
f 10139 10140 10013
f 10153 10026 10152
f 10153 10027 10026
f 10153 10028 10027
f 10138 10139 10013
f 10138 10013 10012
f 10154 10028 10153
f 10154 10029 10028
f 10137 10138 10012
f 10137 10011 10010
f 10137 10012 10011
f 10155 10029 10154
f 10136 10137 10010
f 10156 10029 10155
f 10156 10030 10029
f 10156 10031 10030
f 10135 10136 10010
f 10135 10010 10009
f 10157 10031 10156
f 10134 10008 10007
f 10134 10009 10008
f 10134 10135 10009
f 10158 10031 10157
f 10158 10032 10031
f 10133 10134 10007
f 10159 10032 10158
f 10159 10033 10032
f 10132 10006 10005
f 10132 10007 10006
f 10132 10133 10007
f 10160 10034 10033
f 10160 10033 10159
f 10131 10132 10005
f 10161 10034 10160
f 10161 10035 10034
f 10130 10005 10004
f 10130 10131 10005
f 10162 10036 10035
f 10162 10035 10161
f 10129 10004 10003
f 10129 10130 10004
f 10163 10036 10162
f 10163 10037 10036
f 10163 10038 10037
f 10128 10129 10003
f 10128 10003 10002
f 10164 10038 10163
f 10127 10128 10002
f 10127 10002 10001
f 10165 10038 10164
f 10165 10039 10038
f 10126 10127 10001
f 10126 10001 10000
f 10166 10039 10165
f 10166 10040 10039
f 10125 10126 10000
f 10125 10000 9999
f 10167 10040 10166
f 10167 10041 10040
f 10124 10125 9999
f 10124 9999 9998
f 10168 10042 10041
f 10168 10041 10167
f 10123 10124 9998
f 10123 9998 9997
f 10169 10043 10042
f 10169 10042 10168
f 10122 9997 9996
f 10122 10123 9997
f 10170 10044 10043
f 10170 10045 10044
f 10170 10043 10169
f 10121 10122 9996
f 10121 9995 9994
f 10121 9996 9995
f 10171 10045 10170
f 10120 10121 9994
f 10172 10046 10045
f 10172 10045 10171
f 10119 9994 9993
f 10119 10120 9994
f 10173 10047 10046
f 10173 10046 10172
f 10118 9992 9991
f 10118 9993 9992
f 10118 10119 9993
f 10174 10048 10047
f 10174 10047 10173
f 10117 10118 9991
f 10175 10049 10048
f 10175 10048 10174
f 10116 9991 9990
f 10116 10117 9991
f 10176 10050 10049
f 10176 10049 10175
f 10115 9990 9989
f 10115 10116 9990
f 10177 10051 10050
f 10177 10050 10176
f 9988 10114 10115
f 9988 10115 9989
f 10052 10177 10178
f 10052 10051 10177
f 10113 10114 9988
f 9987 10113 9988
f 10112 10113 9987
f 10053 10052 10178
f 10053 10178 10179
f 9986 10112 9987
f 10054 10053 10179
f 10054 10179 10180
f 9985 10112 9986
f 9985 10110 10111
f 9985 10111 10112
f 10055 10054 10180
f 10055 10180 10181
f 10055 10181 10182
f 9984 10110 9985
f 9984 10109 10110
f 10056 10055 10182
f 9983 10109 9984
f 10057 10056 10182
f 10057 10182 10183
f 9982 10109 9983
f 9982 10107 10108
f 9982 10108 10109
f 10058 10183 10184
f 10058 10057 10183
f 9981 10107 9982
f 10059 10184 10185
f 10059 10058 10184
f 9980 10105 10106
f 9980 10106 10107
f 9980 10107 9981
f 10060 10185 10186
f 10060 10059 10185
f 9979 10105 9980
f 10061 10186 10187
f 10061 10060 10186
f 9978 10105 9979
f 9978 10103 10104
f 9978 10104 10105
f 10062 10187 10188
f 10062 10188 10189
f 10062 10061 10187
f 9977 10103 9978
f 10063 10062 10189
f 9976 10103 9977
f 9976 10101 10102
f 9976 10102 10103
f 10064 10063 10189
f 10064 10189 10190
f 9975 10101 9976
f 10065 10064 10190
f 10065 10190 10191
f 9974 10101 9975
f 9974 10099 10100
f 9974 10100 10101
f 10066 10065 10191
f 10066 10191 10192
f 9973 10099 9974
f 9941 10192 10067
f 9941 10066 10192
f 9972 10098 10099
f 9972 10099 9973
f 9942 10067 10068
f 9942 9941 10067
f 9971 10096 10097
f 9971 10097 10098
f 9971 10098 9972
f 9943 10068 10069
f 9943 9942 10068
f 9970 10095 10096
f 9970 10096 9971
f 9944 10069 10070
f 9944 10070 10071
f 9944 9943 10069
f 9969 10094 10095
f 9969 10095 9970
f 9945 9944 10071
f 9968 10094 9969
f 9946 10071 10072
f 9946 10072 10073
f 9946 9945 10071
f 9967 10094 9968
f 9967 10093 10094
f 9947 9946 10073
f 9966 10093 9967
f 9966 10091 10092
f 9966 10092 10093
f 9948 10073 10074
f 9948 10074 10075
f 9948 9947 10073
f 9965 10091 9966
f 9949 9948 10075
f 9964 10091 9965
f 9964 10089 10090
f 9964 10090 10091
f 9950 10075 10076
f 9950 9949 10075
f 9963 10089 9964
f 9951 10076 10077
f 9951 9950 10076
f 9962 10089 9963
f 9962 10087 10088
f 9962 10088 10089
f 9952 9951 10077
f 9952 10077 10078
f 9952 10078 10079
f 9961 10087 9962
f 9953 9952 10079
f 9960 10087 9961
f 9960 10085 10086
f 9960 10086 10087
f 9954 9953 10079
f 9954 10079 10080
f 9959 10085 9960
f 9955 10080 10081
f 9955 9954 10080
f 9958 10084 10085
f 9958 10085 9959
f 9956 10081 10082
f 9956 9955 10081
f 9957 10082 10083
f 9957 10083 10084
f 9957 10084 9958
f 9957 9956 10082
f 10397 10271 10272
f 10397 10272 10398
f 10399 10272 10273
f 10399 10273 10274
f 10399 10398 10272
f 10396 10271 10397
f 10396 10269 10270
f 10396 10270 10271
f 10400 10399 10274
f 10395 10269 10396
f 10401 10400 10274
f 10401 10274 10275
f 10394 10269 10395
f 10394 10267 10268
f 10394 10268 10269
f 10402 10401 10275
f 10402 10275 10276
f 10393 10267 10394
f 10403 10276 10277
f 10403 10402 10276
f 10392 10267 10393
f 10392 10265 10266
f 10392 10266 10267
f 10404 10277 10278
f 10404 10403 10277
f 10391 10265 10392
f 10405 10278 10279
f 10405 10404 10278
f 10390 10265 10391
f 10390 10263 10264
f 10390 10264 10265
f 10406 10405 10279
f 10406 10279 10280
f 10406 10280 10281
f 10389 10263 10390
f 10407 10406 10281
f 10388 10263 10389
f 10388 10262 10263
f 10408 10407 10281
f 10408 10281 10282
f 10387 10261 10262
f 10387 10262 10388
f 10409 10408 10282
f 10409 10282 10283
f 10409 10283 10284
f 10386 10261 10387
f 10386 10260 10261
f 10410 10409 10284
f 10410 10284 10285
f 10385 10259 10260
f 10385 10260 10386
f 10411 10410 10285
f 10411 10285 10286
f 10384 10259 10385
f 10384 10258 10259
f 10412 10411 10286
f 10383 10258 10384
f 10383 10257 10258
f 10413 10412 10286
f 10413 10286 10287
f 10413 10287 10288
f 10382 10257 10383
f 10382 10256 10257
f 10414 10413 10288
f 10381 10255 10256
f 10381 10256 10382
f 10415 10414 10288
f 10415 10288 10289
f 10415 10289 10290
f 10380 10254 10255
f 10380 10255 10381
f 10416 10415 10290
f 10416 10290 10291
f 10379 10254 10380
f 10379 10253 10254
f 10417 10416 10291
f 10378 10253 10379
f 10378 10251 10252
f 10378 10252 10253
f 10418 10417 10291
f 10418 10291 10292
f 10418 10292 10293
f 10377 10251 10378
f 10419 10293 10294
f 10419 10418 10293
f 10376 10250 10251
f 10376 10251 10377
f 10420 10419 10294
f 10375 10250 10376
f 10375 10249 10250
f 10421 10294 10295
f 10421 10420 10294
f 10374 10249 10375
f 10374 10248 10249
f 10422 10295 10296
f 10422 10421 10295
f 10373 10246 10247
f 10373 10248 10374
f 10373 10247 10248
f 10423 10296 10297
f 10423 10422 10296
f 10372 10246 10373
f 10424 10297 10298
f 10424 10423 10297
f 10371 10246 10372
f 10371 10244 10245
f 10371 10245 10246
f 10425 10298 10299
f 10425 10424 10298
f 10370 10244 10371
f 10426 10299 10300
f 10426 10425 10299
f 10369 10243 10244
f 10369 10244 10370
f 10427 10300 10301
f 10427 10426 10300
f 10302 10427 10301
f 10368 10242 10243
f 10368 10243 10369
f 10428 10427 10302
f 10367 10241 10242
f 10367 10242 10368
f 10429 10302 10303
f 10429 10428 10302
f 10240 10367 10366
f 10240 10241 10367
f 10430 10429 10303
f 10304 10430 10303
f 10365 10240 10366
f 10431 10430 10304
f 10239 10240 10365
f 10364 10239 10365
f 10305 10431 10304
f 10238 10239 10364
f 10306 10431 10305
f 10306 10432 10431
f 10237 10238 10364
f 10237 10364 10363
f 10307 10432 10306
f 10307 10433 10432
f 10236 10237 10363
f 10236 10362 10361
f 10236 10363 10362
f 10308 10433 10307
f 10308 10434 10433
f 10308 10435 10434
f 10235 10236 10361
f 10309 10435 10308
f 10309 10436 10435
f 10234 10235 10361
f 10234 10361 10360
f 10310 10436 10309
f 10233 10360 10359
f 10233 10234 10360
f 10311 10436 10310
f 10311 10437 10436
f 10232 10359 10358
f 10232 10233 10359
f 10312 10438 10437
f 10312 10437 10311
f 10231 10358 10357
f 10231 10232 10358
f 10313 10439 10438
f 10313 10440 10439
f 10313 10438 10312
f 10230 10357 10356
f 10230 10231 10357
f 10314 10440 10313
f 10229 10230 10356
f 10229 10356 10355
f 10315 10441 10440
f 10315 10440 10314
f 10228 10229 10355
f 10228 10355 10354
f 10316 10441 10315
f 10316 10442 10441
f 10227 10228 10354
f 10227 10354 10353
f 10317 10443 10442
f 10317 10444 10443
f 10317 10442 10316
f 10226 10227 10353
f 10226 10353 10352
f 10318 10444 10317
f 10225 10352 10351
f 10225 10226 10352
f 10193 10320 10319
f 10193 10319 10444
f 10193 10444 10318
f 10224 10350 10349
f 10224 10351 10350
f 10224 10225 10351
f 10194 10320 10193
f 10223 10224 10349
f 10195 10321 10320
f 10195 10320 10194
f 10222 10349 10348
f 10222 10223 10349
f 10196 10322 10321
f 10196 10323 10322
f 10196 10321 10195
f 10221 10222 10348
f 10221 10347 10346
f 10221 10348 10347
f 10197 10323 10196
f 10220 10221 10346
f 10198 10324 10323
f 10198 10323 10197
f 10219 10220 10346
f 10219 10346 10345
f 10199 10325 10324
f 10199 10324 10198
f 10218 10219 10345
f 10218 10344 10343
f 10218 10345 10344
f 10200 10325 10199
f 10200 10326 10325
f 10200 10327 10326
f 10217 10218 10343
f 10201 10327 10200
f 10216 10217 10343
f 10216 10343 10342
f 10202 10328 10327
f 10202 10327 10201
f 10215 10216 10342
f 10215 10342 10341
f 10203 10329 10328
f 10203 10330 10329
f 10203 10328 10202
f 10214 10215 10341
f 10214 10340 10339
f 10214 10341 10340
f 10204 10330 10203
f 10213 10214 10339
f 10205 10330 10204
f 10205 10331 10330
f 10212 10213 10339
f 10212 10339 10338
f 10206 10331 10205
f 10206 10332 10331
f 10211 10212 10338
f 10211 10338 10337
f 10207 10333 10332
f 10207 10332 10206
f 10210 10337 10336
f 10210 10211 10337
f 10208 10334 10333
f 10208 10333 10207
f 10209 10335 10334
f 10209 10336 10335
f 10209 10334 10208
f 10209 10210 10336
f 10446 10572 10445
f 10446 10573 10572
f 10447 10574 10573
f 10447 10573 10446
f 10448 10575 10574
f 10448 10574 10447
f 10449 10576 10575
f 10449 10575 10448
f 10450 10577 10576
f 10450 10576 10449
f 10451 10578 10577
f 10451 10577 10450
f 10452 10579 10578
f 10452 10578 10451
f 10453 10580 10579
f 10453 10579 10452
f 10454 10581 10580
f 10454 10580 10453
f 10455 10582 10581
f 10455 10581 10454
f 10456 10582 10455
f 10456 10583 10582
f 10457 10583 10456
f 10457 10584 10583
f 10457 10585 10584
f 10458 10585 10457
f 10459 10585 10458
f 10459 10586 10585
f 10460 10586 10459
f 10460 10587 10586
f 10461 10587 10460
f 10461 10588 10587
f 10461 10589 10588
f 10462 10589 10461
f 10463 10589 10462
f 10463 10590 10589
f 10464 10590 10463
f 10464 10591 10590
f 10465 10591 10464
f 10465 10592 10591
f 10465 10593 10592
f 10466 10593 10465
f 10467 10593 10466
f 10467 10594 10593
f 10467 10595 10594
f 10468 10596 10595
f 10468 10595 10467
f 10469 10596 10468
f 10470 10596 10469
f 10470 10597 10596
f 10470 10598 10597
f 10471 10598 10470
f 10472 10599 10598
f 10472 10598 10471
f 10473 10600 10599
f 10473 10599 10472
f 10474 10601 10600
f 10474 10600 10473
f 10475 10602 10601
f 10475 10601 10474
f 10476 10603 10602
f 10476 10604 10603
f 10476 10602 10475
f 10477 10605 10604
f 10477 10604 10476
f 10478 10605 10477
f 10479 10606 10605
f 10479 10605 10478
f 10480 10607 10606
f 10480 10606 10479
f 10481 10608 10607
f 10481 10607 10480
f 10482 10608 10481
f 10482 10609 10608
f 10483 10609 10482
f 10483 10610 10609
f 10484 10610 10483
f 10484 10611 10610
f 10484 10612 10611
f 10485 10612 10484
f 10486 10612 10485
f 10486 10613 10612
f 10487 10613 10486
f 10487 10614 10613
f 10487 10615 10614
f 10488 10615 10487
f 10489 10615 10488
f 10489 10616 10615
f 10490 10616 10489
f 10490 10617 10616
f 10491 10617 10490
f 10491 10618 10617
f 10492 10618 10491
f 10492 10619 10618
f 10493 10619 10492
f 10493 10620 10619
f 10494 10620 10493
f 10494 10621 10620
f 10494 10622 10621
f 10495 10622 10494
f 10496 10622 10495
f 10496 10623 10622
f 10497 10623 10496
f 10497 10624 10623
f 10498 10624 10497
f 10498 10625 10624
f 10498 10626 10625
f 10499 10626 10498
f 10500 10626 10499
f 10500 10627 10626
f 10501 10627 10500
f 10501 10628 10627
f 10502 10628 10501
f 10502 10629 10628
f 10502 10630 10629
f 10503 10631 10630
f 10503 10630 10502
f 10504 10632 10631
f 10504 10631 10503
f 10505 10632 10504
f 10506 10633 10632
f 10506 10632 10505
f 10507 10633 10506
f 10507 10634 10633
f 10508 10634 10507
f 10508 10635 10634
f 10509 10635 10508
f 10509 10636 10635
f 10510 10636 10509
f 10510 10637 10636
f 10510 10638 10637
f 10511 10638 10510
f 10511 10639 10638
f 10512 10639 10511
f 10513 10639 10512
f 10513 10640 10639
f 10514 10640 10513
f 10514 10641 10640
f 10515 10641 10514
f 10515 10642 10641
f 10516 10642 10515
f 10516 10643 10642
f 10516 10644 10643
f 10517 10644 10516
f 10518 10644 10517
f 10518 10645 10644
f 10519 10645 10518
f 10519 10646 10645
f 10520 10647 10646
f 10520 10646 10519
f 10521 10648 10647
f 10521 10647 10520
f 10522 10649 10648
f 10522 10648 10521
f 10523 10650 10649
f 10523 10649 10522
f 10524 10651 10650
f 10524 10650 10523
f 10525 10652 10651
f 10525 10651 10524
f 10526 10653 10652
f 10526 10654 10653
f 10526 10652 10525
f 10527 10655 10654
f 10527 10654 10526
f 10528 10655 10527
f 10529 10656 10655
f 10529 10657 10656
f 10529 10655 10528
f 10530 10657 10529
f 10531 10658 10657
f 10531 10657 10530
f 10532 10659 10658
f 10532 10658 10531
f 10533 10659 10532
f 10533 10660 10659
f 10534 10660 10533
f 10534 10661 10660
f 10535 10661 10534
f 10535 10662 10661
f 10535 10663 10662
f 10536 10663 10535
f 10537 10664 10663
f 10537 10665 10664
f 10537 10663 10536
f 10538 10665 10537
f 10539 10666 10665
f 10539 10667 10666
f 10539 10665 10538
f 10540 10667 10539
f 10540 10668 10667
f 10541 10668 10540
f 10542 10669 10668
f 10542 10670 10669
f 10542 10668 10541
f 10543 10670 10542
f 10544 10671 10670
f 10544 10672 10671
f 10544 10670 10543
f 10545 10672 10544
f 10546 10673 10672
f 10546 10672 10545
f 10547 10674 10673
f 10547 10673 10546
f 10548 10675 10674
f 10548 10676 10675
f 10548 10674 10547
f 10549 10676 10548
f 10550 10677 10676
f 10550 10678 10677
f 10550 10676 10549
f 10551 10679 10678
f 10551 10678 10550
f 10552 10679 10551
f 10553 10680 10679
f 10553 10679 10552
f 10554 10681 10680
f 10554 10680 10553
f 10555 10682 10681
f 10555 10681 10554
f 10556 10683 10682
f 10556 10682 10555
f 10557 10683 10556
f 10557 10684 10683
f 10557 10685 10684
f 10558 10685 10557
f 10559 10686 10685
f 10559 10685 10558
f 10560 10686 10559
f 10560 10687 10686
f 10561 10687 10560
f 10561 10688 10687
f 10562 10688 10561
f 10562 10689 10688
f 10562 10690 10689
f 10563 10690 10562
f 10563 10691 10690
f 10564 10691 10563
f 10565 10691 10564
f 10565 10692 10691
f 10566 10692 10565
f 10566 10693 10692
f 10567 10693 10566
f 10567 10694 10693
f 10568 10694 10567
f 10568 10695 10694
f 10568 10696 10695
f 10569 10696 10568
f 10570 10697 10696
f 10570 10696 10569
f 10571 10698 10697
f 10571 10697 10570
