# Cadless export: model
v 140 -3.42901e-14 32
v 139.826 6.97842 32
v 139.304 13.9395 32
v 138.436 20.8659 32
v 137.224 27.7405 32
v 135.671 34.546 32
v 133.78 41.2657 32
v 131.557 47.8828 32
v 129.007 54.3809 32
v 126.136 60.7437 32
v 122.951 66.9556 32
v 119.461 73.0009 32
v 115.673 78.8648 32
v 111.599 84.5326 32
v 107.246 89.9903 32
v 102.627 95.2242 32
v 97.7532 100.221 32
v 92.636 104.969 32
v 87.2886 109.456 32
v 81.7241 113.671 32
v 75.9565 117.604 32
v 70 121.244 32
v 63.8695 124.582 32
v 57.5802 127.611 32
v 51.1477 130.322 32
v 44.5881 132.71 32
v 37.9177 134.767 32
v 31.1529 136.49 32
v 24.3107 137.873 32
v 17.4081 138.913 32
v 10.4622 139.609 32
v 3.4903 139.956 32
v -3.4903 139.956 32
v -10.4622 139.609 32
v -17.4081 138.913 32
v -24.3107 137.873 32
v -31.1529 136.49 32
v -37.9177 134.767 32
v -44.5881 132.71 32
v -51.1477 130.322 32
v -57.5802 127.611 32
v -63.8695 124.582 32
v -70 121.244 32
v -75.9565 117.604 32
v -81.7241 113.671 32
v -87.2886 109.456 32
v -92.636 104.969 32
v -97.7532 100.221 32
v -102.627 95.2242 32
v -107.246 89.9903 32
v -111.599 84.5326 32
v -115.673 78.8648 32
v -119.461 73.0009 32
v -122.951 66.9556 32
v -126.136 60.7437 32
v -129.007 54.3809 32
v -131.557 47.8828 32
v -133.78 41.2657 32
v -135.671 34.546 32
v -137.224 27.7405 32
v -138.436 20.8659 32
v -139.304 13.9395 32
v -139.826 6.97842 32
v -140 -4.80235e-13 32
v -139.826 -6.97842 32
v -139.304 -13.9395 32
v -138.436 -20.8659 32
v -137.224 -27.7405 32
v -135.671 -34.546 32
v -133.78 -41.2657 32
v -131.557 -47.8828 32
v -129.007 -54.3809 32
v -126.136 -60.7437 32
v -122.951 -66.9556 32
v -119.461 -73.0009 32
v -115.673 -78.8648 32
v -111.599 -84.5326 32
v -107.246 -89.9903 32
v -102.627 -95.2242 32
v -97.7532 -100.221 32
v -92.636 -104.969 32
v -87.2886 -109.456 32
v -81.7241 -113.671 32
v -75.9565 -117.604 32
v -70 -121.244 32
v -63.8695 -124.582 32
v -57.5802 -127.611 32
v -51.1477 -130.322 32
v -44.5881 -132.71 32
v -37.9177 -134.767 32
v -31.1529 -136.49 32
v -24.3107 -137.873 32
v -17.4081 -138.913 32
v -10.4622 -139.609 32
v -3.4903 -139.956 32
v 3.4903 -139.956 32
v 10.4622 -139.609 32
v 17.4081 -138.913 32
v 24.3107 -137.873 32
v 31.1529 -136.49 32
v 37.9177 -134.767 32
v 44.5881 -132.71 32
v 51.1477 -130.322 32
v 57.5802 -127.611 32
v 63.8695 -124.582 32
v 70 -121.244 32
v 75.9565 -117.604 32
v 81.7241 -113.671 32
v 87.2886 -109.456 32
v 92.636 -104.969 32
v 97.7532 -100.221 32
v 102.627 -95.2242 32
v 107.246 -89.9903 32
v 111.599 -84.5326 32
v 115.673 -78.8648 32
v 119.461 -73.0009 32
v 122.951 -66.9556 32
v 126.136 -60.7437 32
v 129.007 -54.3809 32
v 131.557 -47.8828 32
v 133.78 -41.2657 32
v 135.671 -34.546 32
v 137.224 -27.7405 32
v 138.436 -20.8659 32
v 139.304 -13.9395 32
v 139.826 -6.97842 32
v 140 -3.42901e-14 32
v 140 -3.42901e-14 0
v 139.826 6.97842 0
v 139.304 13.9395 0
v 138.436 20.8659 0
v 137.224 27.7405 0
v 135.671 34.546 0
v 133.78 41.2657 0
v 131.557 47.8828 0
v 129.007 54.3809 0
v 126.136 60.7437 0
v 122.951 66.9556 0
v 119.461 73.0009 0
v 115.673 78.8648 0
v 111.599 84.5326 0
v 107.246 89.9903 0
v 102.627 95.2242 0
v 97.7532 100.221 0
v 92.636 104.969 0
v 87.2886 109.456 0
v 81.7241 113.671 0
v 75.9565 117.604 0
v 70 121.244 0
v 63.8695 124.582 0
v 57.5802 127.611 0
v 51.1477 130.322 0
v 44.5881 132.71 0
v 37.9177 134.767 0
v 31.1529 136.49 0
v 24.3107 137.873 0
v 17.4081 138.913 0
v 10.4622 139.609 0
v 3.4903 139.956 0
v -3.4903 139.956 0
v -10.4622 139.609 0
v -17.4081 138.913 0
v -24.3107 137.873 0
v -31.1529 136.49 0
v -37.9177 134.767 0
v -44.5881 132.71 0
v -51.1477 130.322 0
v -57.5802 127.611 0
v -63.8695 124.582 0
v -70 121.244 0
v -75.9565 117.604 0
v -81.7241 113.671 0
v -87.2886 109.456 0
v -92.636 104.969 0
v -97.7532 100.221 0
v -102.627 95.2242 0
v -107.246 89.9903 0
v -111.599 84.5326 0
v -115.673 78.8648 0
v -119.461 73.0009 0
v -122.951 66.9556 0
v -126.136 60.7437 0
v -129.007 54.3809 0
v -131.557 47.8828 0
v -133.78 41.2657 0
v -135.671 34.546 0
v -137.224 27.7405 0
v -138.436 20.8659 0
v -139.304 13.9395 0
v -139.826 6.97842 0
v -140 -4.80235e-13 0
v -139.826 -6.97842 0
v -139.304 -13.9395 0
v -138.436 -20.8659 0
v -137.224 -27.7405 0
v -135.671 -34.546 0
v -133.78 -41.2657 0
v -131.557 -47.8828 0
v -129.007 -54.3809 0
v -126.136 -60.7437 0
v -122.951 -66.9556 0
v -119.461 -73.0009 0
v -115.673 -78.8648 0
v -111.599 -84.5326 0
v -107.246 -89.9903 0
v -102.627 -95.2242 0
v -97.7532 -100.221 0
v -92.636 -104.969 0
v -87.2886 -109.456 0
v -81.7241 -113.671 0
v -75.9565 -117.604 0
v -70 -121.244 0
v -63.8695 -124.582 0
v -57.5802 -127.611 0
v -51.1477 -130.322 0
v -44.5881 -132.71 0
v -37.9177 -134.767 0
v -31.1529 -136.49 0
v -24.3107 -137.873 0
v -17.4081 -138.913 0
v -10.4622 -139.609 0
v -3.4903 -139.956 0
v 3.4903 -139.956 0
v 10.4622 -139.609 0
v 17.4081 -138.913 0
v 24.3107 -137.873 0
v 31.1529 -136.49 0
v 37.9177 -134.767 0
v 44.5881 -132.71 0
v 51.1477 -130.322 0
v 57.5802 -127.611 0
v 63.8695 -124.582 0
v 70 -121.244 0
v 75.9565 -117.604 0
v 81.7241 -113.671 0
v 87.2886 -109.456 0
v 92.636 -104.969 0
v 97.7532 -100.221 0
v 102.627 -95.2242 0
v 107.246 -89.9903 0
v 111.599 -84.5326 0
v 115.673 -78.8648 0
v 119.461 -73.0009 0
v 122.951 -66.9556 0
v 126.136 -60.7437 0
v 129.007 -54.3809 0
v 131.557 -47.8828 0
v 133.78 -41.2657 0
v 135.671 -34.546 0
v 137.224 -27.7405 0
v 138.436 -20.8659 0
v 139.304 -13.9395 0
v 139.826 -6.97842 0
v 140 -3.42901e-14 0
v 140 -3.42901e-14 32
v 139.826 6.97842 32
v 139.304 13.9395 32
v 138.436 20.8659 32
v 137.224 27.7405 32
v 135.671 34.546 32
v 133.78 41.2657 32
v 131.557 47.8828 32
v 129.007 54.3809 32
v 126.136 60.7437 32
v 122.951 66.9556 32
v 119.461 73.0009 32
v 115.673 78.8648 32
v 111.599 84.5326 32
v 107.246 89.9903 32
v 102.627 95.2242 32
v 97.7532 100.221 32
v 92.636 104.969 32
v 87.2886 109.456 32
v 81.7241 113.671 32
v 75.9565 117.604 32
v 70 121.244 32
v 63.8695 124.582 32
v 57.5802 127.611 32
v 51.1477 130.322 32
v 44.5881 132.71 32
v 37.9177 134.767 32
v 31.1529 136.49 32
v 24.3107 137.873 32
v 17.4081 138.913 32
v 10.4622 139.609 32
v 3.4903 139.956 32
v -3.4903 139.956 32
v -10.4622 139.609 32
v -17.4081 138.913 32
v -24.3107 137.873 32
v -31.1529 136.49 32
v -37.9177 134.767 32
v -44.5881 132.71 32
v -51.1477 130.322 32
v -57.5802 127.611 32
v -63.8695 124.582 32
v -70 121.244 32
v -75.9565 117.604 32
v -81.7241 113.671 32
v -87.2886 109.456 32
v -92.636 104.969 32
v -97.7532 100.221 32
v -102.627 95.2242 32
v -107.246 89.9903 32
v -111.599 84.5326 32
v -115.673 78.8648 32
v -119.461 73.0009 32
v -122.951 66.9556 32
v -126.136 60.7437 32
v -129.007 54.3809 32
v -131.557 47.8828 32
v -133.78 41.2657 32
v -135.671 34.546 32
v -137.224 27.7405 32
v -138.436 20.8659 32
v -139.304 13.9395 32
v -139.826 6.97842 32
v -140 -4.80235e-13 32
v -139.826 -6.97842 32
v -139.304 -13.9395 32
v -138.436 -20.8659 32
v -137.224 -27.7405 32
v -135.671 -34.546 32
v -133.78 -41.2657 32
v -131.557 -47.8828 32
v -129.007 -54.3809 32
v -126.136 -60.7437 32
v -122.951 -66.9556 32
v -119.461 -73.0009 32
v -115.673 -78.8648 32
v -111.599 -84.5326 32
v -107.246 -89.9903 32
v -102.627 -95.2242 32
v -97.7532 -100.221 32
v -92.636 -104.969 32
v -87.2886 -109.456 32
v -81.7241 -113.671 32
v -75.9565 -117.604 32
v -70 -121.244 32
v -63.8695 -124.582 32
v -57.5802 -127.611 32
v -51.1477 -130.322 32
v -44.5881 -132.71 32
v -37.9177 -134.767 32
v -31.1529 -136.49 32
v -24.3107 -137.873 32
v -17.4081 -138.913 32
v -10.4622 -139.609 32
v -3.4903 -139.956 32
v 3.4903 -139.956 32
v 10.4622 -139.609 32
v 17.4081 -138.913 32
v 24.3107 -137.873 32
v 31.1529 -136.49 32
v 37.9177 -134.767 32
v 44.5881 -132.71 32
v 51.1477 -130.322 32
v 57.5802 -127.611 32
v 63.8695 -124.582 32
v 70 -121.244 32
v 75.9565 -117.604 32
v 81.7241 -113.671 32
v 87.2886 -109.456 32
v 92.636 -104.969 32
v 97.7532 -100.221 32
v 102.627 -95.2242 32
v 107.246 -89.9903 32
v 111.599 -84.5326 32
v 115.673 -78.8648 32
v 119.461 -73.0009 32
v 122.951 -66.9556 32
v 126.136 -60.7437 32
v 129.007 -54.3809 32
v 131.557 -47.8828 32
v 133.78 -41.2657 32
v 135.671 -34.546 32
v 137.224 -27.7405 32
v 138.436 -20.8659 32
v 139.304 -13.9395 32
v 139.826 -6.97842 32
v 115 -2.81669e-14 32
v 114.857 5.73228 32
v 114.429 11.4503 32
v 113.716 17.1399 32
v 112.72 22.7868 32
v 111.444 28.3771 32
v 109.891 33.8968 32
v 108.065 39.3323 32
v 105.97 44.67 32
v 103.611 49.8966 32
v 100.995 54.9992 32
v 98.1285 59.965 32
v 95.0175 64.7818 32
v 91.6702 69.4375 32
v 88.0951 73.9206 32
v 84.301 78.2199 32
v 80.2972 82.3247 32
v 76.0939 86.2248 32
v 71.7013 89.9106 32
v 67.1305 93.3729 32
v 62.3928 96.603 32
v 57.5 99.5929 32
v 52.4642 102.335 32
v 47.298 104.823 32
v 42.0142 107.05 32
v 36.626 109.012 32
v 31.1467 110.702 32
v 25.5899 112.117 32
v 19.9695 113.253 32
v 14.2995 114.108 32
v 8.59396 114.678 32
v 2.86703 114.964 32
v -2.86703 114.964 32
v -8.59396 114.678 32
v -14.2995 114.108 32
v -19.9695 113.253 32
v -25.5899 112.117 32
v -31.1467 110.702 32
v -36.626 109.012 32
v -42.0142 107.05 32
v -47.298 104.823 32
v -52.4642 102.335 32
v -57.5 99.5929 32
v -62.3928 96.603 32
v -67.1305 93.3729 32
v -71.7013 89.9106 32
v -76.0939 86.2248 32
v -80.2972 82.3247 32
v -84.301 78.2199 32
v -88.0951 73.9206 32
v -91.6702 69.4375 32
v -95.0175 64.7818 32
v -98.1285 59.965 32
v -100.995 54.9992 32
v -103.611 49.8966 32
v -105.97 44.67 32
v -108.065 39.3323 32
v -109.891 33.8968 32
v -111.444 28.3771 32
v -112.72 22.7868 32
v -113.716 17.1399 32
v -114.429 11.4503 32
v -114.857 5.73228 32
v -115 -3.94479e-13 32
v -114.857 -5.73228 32
v -114.429 -11.4503 32
v -113.716 -17.1399 32
v -112.72 -22.7868 32
v -111.444 -28.3771 32
v -109.891 -33.8968 32
v -108.065 -39.3323 32
v -105.97 -44.67 32
v -103.611 -49.8966 32
v -100.995 -54.9992 32
v -98.1285 -59.965 32
v -95.0175 -64.7818 32
v -91.6702 -69.4375 32
v -88.0951 -73.9206 32
v -84.301 -78.2199 32
v -80.2972 -82.3247 32
v -76.0939 -86.2248 32
v -71.7013 -89.9106 32
v -67.1305 -93.3729 32
v -62.3928 -96.603 32
v -57.5 -99.5929 32
v -52.4642 -102.335 32
v -47.298 -104.823 32
v -42.0142 -107.05 32
v -36.626 -109.012 32
v -31.1467 -110.702 32
v -25.5899 -112.117 32
v -19.9695 -113.253 32
v -14.2995 -114.108 32
v -8.59396 -114.678 32
v -2.86703 -114.964 32
v 2.86703 -114.964 32
v 8.59396 -114.678 32
v 14.2995 -114.108 32
v 19.9695 -113.253 32
v 25.5899 -112.117 32
v 31.1467 -110.702 32
v 36.626 -109.012 32
v 42.0142 -107.05 32
v 47.298 -104.823 32
v 52.4642 -102.335 32
v 57.5 -99.5929 32
v 62.3928 -96.603 32
v 67.1305 -93.3729 32
v 71.7013 -89.9106 32
v 76.0939 -86.2248 32
v 80.2972 -82.3247 32
v 84.301 -78.2199 32
v 88.0951 -73.9206 32
v 91.6702 -69.4375 32
v 95.0175 -64.7818 32
v 98.1285 -59.965 32
v 100.995 -54.9992 32
v 103.611 -49.8966 32
v 105.97 -44.67 32
v 108.065 -39.3323 32
v 109.891 -33.8968 32
v 111.444 -28.3771 32
v 112.72 -22.7868 32
v 113.716 -17.1399 32
v 114.429 -11.4503 32
v 114.857 -5.73228 32
v 140 -3.42901e-14 0
v 139.826 6.97842 0
v 139.304 13.9395 0
v 138.436 20.8659 0
v 137.224 27.7405 0
v 135.671 34.546 0
v 133.78 41.2657 0
v 131.557 47.8828 0
v 129.007 54.3809 0
v 126.136 60.7437 0
v 122.951 66.9556 0
v 119.461 73.0009 0
v 115.673 78.8648 0
v 111.599 84.5326 0
v 107.246 89.9903 0
v 102.627 95.2242 0
v 97.7532 100.221 0
v 92.636 104.969 0
v 87.2886 109.456 0
v 81.7241 113.671 0
v 75.9565 117.604 0
v 70 121.244 0
v 63.8695 124.582 0
v 57.5802 127.611 0
v 51.1477 130.322 0
v 44.5881 132.71 0
v 37.9177 134.767 0
v 31.1529 136.49 0
v 24.3107 137.873 0
v 17.4081 138.913 0
v 10.4622 139.609 0
v 3.4903 139.956 0
v -3.4903 139.956 0
v -10.4622 139.609 0
v -17.4081 138.913 0
v -24.3107 137.873 0
v -31.1529 136.49 0
v -37.9177 134.767 0
v -44.5881 132.71 0
v -51.1477 130.322 0
v -57.5802 127.611 0
v -63.8695 124.582 0
v -70 121.244 0
v -75.9565 117.604 0
v -81.7241 113.671 0
v -87.2886 109.456 0
v -92.636 104.969 0
v -97.7532 100.221 0
v -102.627 95.2242 0
v -107.246 89.9903 0
v -111.599 84.5326 0
v -115.673 78.8648 0
v -119.461 73.0009 0
v -122.951 66.9556 0
v -126.136 60.7437 0
v -129.007 54.3809 0
v -131.557 47.8828 0
v -133.78 41.2657 0
v -135.671 34.546 0
v -137.224 27.7405 0
v -138.436 20.8659 0
v -139.304 13.9395 0
v -139.826 6.97842 0
v -140 -4.80235e-13 0
v -139.826 -6.97842 0
v -139.304 -13.9395 0
v -138.436 -20.8659 0
v -137.224 -27.7405 0
v -135.671 -34.546 0
v -133.78 -41.2657 0
v -131.557 -47.8828 0
v -129.007 -54.3809 0
v -126.136 -60.7437 0
v -122.951 -66.9556 0
v -119.461 -73.0009 0
v -115.673 -78.8648 0
v -111.599 -84.5326 0
v -107.246 -89.9903 0
v -102.627 -95.2242 0
v -97.7532 -100.221 0
v -92.636 -104.969 0
v -87.2886 -109.456 0
v -81.7241 -113.671 0
v -75.9565 -117.604 0
v -70 -121.244 0
v -63.8695 -124.582 0
v -57.5802 -127.611 0
v -51.1477 -130.322 0
v -44.5881 -132.71 0
v -37.9177 -134.767 0
v -31.1529 -136.49 0
v -24.3107 -137.873 0
v -17.4081 -138.913 0
v -10.4622 -139.609 0
v -3.4903 -139.956 0
v 3.4903 -139.956 0
v 10.4622 -139.609 0
v 17.4081 -138.913 0
v 24.3107 -137.873 0
v 31.1529 -136.49 0
v 37.9177 -134.767 0
v 44.5881 -132.71 0
v 51.1477 -130.322 0
v 57.5802 -127.611 0
v 63.8695 -124.582 0
v 70 -121.244 0
v 75.9565 -117.604 0
v 81.7241 -113.671 0
v 87.2886 -109.456 0
v 92.636 -104.969 0
v 97.7532 -100.221 0
v 102.627 -95.2242 0
v 107.246 -89.9903 0
v 111.599 -84.5326 0
v 115.673 -78.8648 0
v 119.461 -73.0009 0
v 122.951 -66.9556 0
v 126.136 -60.7437 0
v 129.007 -54.3809 0
v 131.557 -47.8828 0
v 133.78 -41.2657 0
v 135.671 -34.546 0
v 137.224 -27.7405 0
v 138.436 -20.8659 0
v 139.304 -13.9395 0
v 139.826 -6.97842 0
v -18.25 -31.6099 0
v -18.0529 -31.7172 0
v -17.8508 -31.8146 0
v -17.644 -31.9017 0
v -17.4332 -31.9785 0
v -17.2188 -32.0446 0
v -17.0013 -32.1 0
v -16.7814 -32.1444 0
v -16.5595 -32.1779 0
v -16.3363 -32.2002 0
v -16.1122 -32.2114 0
v -15.8878 -32.2114 0
v -15.6637 -32.2002 0
v -15.4405 -32.1779 0
v -15.2186 -32.1444 0
v -14.9987 -32.1 0
v -14.7812 -32.0446 0
v -14.5668 -31.9785 0
v -14.356 -31.9017 0
v -14.1492 -31.8146 0
v -13.9471 -31.7172 0
v -13.75 -31.6099 0
v -13.5585 -31.4929 0
v -13.3732 -31.3665 0
v -13.1943 -31.2311 0
v -13.0224 -31.0868 0
v -12.8579 -30.9342 0
v -12.7013 -30.7736 0
v -12.5528 -30.6054 0
v -12.4129 -30.4299 0
v -12.2819 -30.2478 0
v -12.1602 -30.0593 0
v -12.048 -29.865 0
v -11.9456 -29.6653 0
v -11.8534 -29.4608 0
v -11.7714 -29.2519 0
v -11.6999 -29.0392 0
v -11.6392 -28.8232 0
v -11.5892 -28.6045 0
v -11.5503 -28.3835 0
v -11.5224 -28.1609 0
v -11.5056 -27.9371 0
v -11.5 -27.7128 0
v -11.5056 -27.4885 0
v -11.5224 -27.2648 0
v -11.5503 -27.0421 0
v -11.5892 -26.8212 0
v -11.6392 -26.6024 0
v -11.6999 -26.3864 0
v -11.7714 -26.1737 0
v -11.8534 -25.9649 0
v -11.9456 -25.7603 0
v -12.048 -25.5607 0
v -12.1602 -25.3664 0
v -12.2819 -25.1779 0
v -12.4129 -24.9957 0
v -12.5528 -24.8203 0
v -12.7013 -24.652 0
v -12.8579 -24.4914 0
v -13.0224 -24.3388 0
v -13.1943 -24.1946 0
v -13.3732 -24.0591 0
v -13.5585 -23.9327 0
v -13.75 -23.8157 0
v -13.9471 -23.7084 0
v -14.1492 -23.611 0
v -14.356 -23.5239 0
v -14.5668 -23.4471 0
v -14.7812 -23.381 0
v -14.9987 -23.3256 0
v -15.2186 -23.2812 0
v -15.4405 -23.2477 0
v -15.6637 -23.2254 0
v -15.8878 -23.2142 0
v -16.1122 -23.2142 0
v -16.3363 -23.2254 0
v -16.5595 -23.2477 0
v -16.7814 -23.2812 0
v -17.0013 -23.3256 0
v -17.2188 -23.381 0
v -17.4332 -23.4471 0
v -17.644 -23.5239 0
v -17.8508 -23.611 0
v -18.0529 -23.7084 0
v -18.25 -23.8157 0
v -18.4415 -23.9327 0
v -18.6268 -24.0591 0
v -18.8057 -24.1946 0
v -18.9776 -24.3388 0
v -19.1421 -24.4914 0
v -19.2987 -24.652 0
v -19.4472 -24.8203 0
v -19.5871 -24.9957 0
v -19.7181 -25.1779 0
v -19.8398 -25.3664 0
v -19.952 -25.5607 0
v -20.0544 -25.7603 0
v -20.1466 -25.9649 0
v -20.2286 -26.1737 0
v -20.3001 -26.3864 0
v -20.3608 -26.6024 0
v -20.4108 -26.8212 0
v -20.4497 -27.0421 0
v -20.4776 -27.2648 0
v -20.4944 -27.4885 0
v -20.5 -27.7128 0
v -20.4944 -27.9371 0
v -20.4776 -28.1609 0
v -20.4497 -28.3835 0
v -20.4108 -28.6045 0
v -20.3608 -28.8232 0
v -20.3001 -29.0392 0
v -20.2286 -29.2519 0
v -20.1466 -29.4608 0
v -20.0544 -29.6653 0
v -19.952 -29.865 0
v -19.8398 -30.0593 0
v -19.7181 -30.2478 0
v -19.5871 -30.4299 0
v -19.4472 -30.6054 0
v -19.2987 -30.7736 0
v -19.1421 -30.9342 0
v -18.9776 -31.0868 0
v -18.8057 -31.2311 0
v -18.6268 -31.3665 0
v -18.4415 -31.4929 0
v 18.25 -31.6099 0
v 18.4415 -31.4929 0
v 18.6268 -31.3665 0
v 18.8057 -31.2311 0
v 18.9776 -31.0868 0
v 19.1421 -30.9342 0
v 19.2987 -30.7736 0
v 19.4472 -30.6054 0
v 19.5871 -30.4299 0
v 19.7181 -30.2478 0
v 19.8398 -30.0593 0
v 19.952 -29.865 0
v 20.0544 -29.6653 0
v 20.1466 -29.4608 0
v 20.2286 -29.2519 0
v 20.3001 -29.0392 0
v 20.3608 -28.8232 0
v 20.4108 -28.6045 0
v 20.4497 -28.3835 0
v 20.4776 -28.1609 0
v 20.4944 -27.9371 0
v 20.5 -27.7128 0
v 20.4944 -27.4885 0
v 20.4776 -27.2648 0
v 20.4497 -27.0421 0
v 20.4108 -26.8212 0
v 20.3608 -26.6024 0
v 20.3001 -26.3864 0
v 20.2286 -26.1737 0
v 20.1466 -25.9649 0
v 20.0544 -25.7603 0
v 19.952 -25.5607 0
v 19.8398 -25.3664 0
v 19.7181 -25.1779 0
v 19.5871 -24.9957 0
v 19.4472 -24.8203 0
v 19.2987 -24.652 0
v 19.1421 -24.4914 0
v 18.9776 -24.3388 0
v 18.8057 -24.1946 0
v 18.6268 -24.0591 0
v 18.4415 -23.9327 0
v 18.25 -23.8157 0
v 18.0529 -23.7084 0
v 17.8508 -23.611 0
v 17.644 -23.5239 0
v 17.4332 -23.4471 0
v 17.2188 -23.381 0
v 17.0013 -23.3256 0
v 16.7814 -23.2812 0
v 16.5595 -23.2477 0
v 16.3363 -23.2254 0
v 16.1122 -23.2142 0
v 15.8878 -23.2142 0
v 15.6637 -23.2254 0
v 15.4405 -23.2477 0
v 15.2186 -23.2812 0
v 14.9987 -23.3256 0
v 14.7812 -23.381 0
v 14.5668 -23.4471 0
v 14.356 -23.5239 0
v 14.1492 -23.611 0
v 13.9471 -23.7084 0
v 13.75 -23.8157 0
v 13.5585 -23.9327 0
v 13.3732 -24.0591 0
v 13.1943 -24.1946 0
v 13.0224 -24.3388 0
v 12.8579 -24.4914 0
v 12.7013 -24.652 0
v 12.5528 -24.8203 0
v 12.4129 -24.9957 0
v 12.2819 -25.1779 0
v 12.1602 -25.3664 0
v 12.048 -25.5607 0
v 11.9456 -25.7603 0
v 11.8534 -25.9649 0
v 11.7714 -26.1737 0
v 11.6999 -26.3864 0
v 11.6392 -26.6024 0
v 11.5892 -26.8212 0
v 11.5503 -27.0421 0
v 11.5224 -27.2648 0
v 11.5056 -27.4885 0
v 11.5 -27.7128 0
v 11.5056 -27.9371 0
v 11.5224 -28.1609 0
v 11.5503 -28.3835 0
v 11.5892 -28.6045 0
v 11.6392 -28.8232 0
v 11.6999 -29.0392 0
v 11.7714 -29.2519 0
v 11.8534 -29.4608 0
v 11.9456 -29.6653 0
v 12.048 -29.865 0
v 12.1602 -30.0593 0
v 12.2819 -30.2478 0
v 12.4129 -30.4299 0
v 12.5528 -30.6054 0
v 12.7013 -30.7736 0
v 12.8579 -30.9342 0
v 13.0224 -31.0868 0
v 13.1943 -31.2311 0
v 13.3732 -31.3665 0
v 13.5585 -31.4929 0
v 13.75 -31.6099 0
v 13.9471 -31.7172 0
v 14.1492 -31.8146 0
v 14.356 -31.9017 0
v 14.5668 -31.9785 0
v 14.7812 -32.0446 0
v 14.9987 -32.1 0
v 15.2186 -32.1444 0
v 15.4405 -32.1779 0
v 15.6637 -32.2002 0
v 15.8878 -32.2114 0
v 16.1122 -32.2114 0
v 16.3363 -32.2002 0
v 16.5595 -32.1779 0
v 16.7814 -32.1444 0
v 17.0013 -32.1 0
v 17.2188 -32.0446 0
v 17.4332 -31.9785 0
v 17.644 -31.9017 0
v 17.8508 -31.8146 0
v 18.0529 -31.7172 0
v 15 -3.67394e-15 0
v 14.9814 0.747688 0
v 14.9255 1.49352 0
v 14.8325 2.23563 0
v 14.7026 2.97219 0
v 14.5362 3.70136 0
v 14.3336 4.42133 0
v 14.0954 5.1303 0
v 13.8221 5.82652 0
v 13.5145 6.50826 0
v 13.1733 7.17381 0
v 12.7994 7.82153 0
v 12.3936 8.4498 0
v 11.957 9.05707 0
v 11.4907 9.64181 0
v 10.9958 10.2026 0
v 10.4736 10.738 0
v 9.92529 11.2467 0
v 9.35235 11.7275 0
v 8.75616 12.1791 0
v 8.13819 12.6004 0
v 7.5 12.9904 0
v 6.84316 13.3481 0
v 6.16931 13.6726 0
v 5.48012 13.9631 0
v 4.7773 14.2189 0
v 4.06261 14.4394 0
v 3.33781 14.6239 0
v 2.60472 14.7721 0
v 1.86516 14.8836 0
v 1.12095 14.9581 0
v 0.37396 14.9953 0
v -0.37396 14.9953 0
v -1.12095 14.9581 0
v -1.86516 14.8836 0
v -2.60472 14.7721 0
v -3.33781 14.6239 0
v -4.06261 14.4394 0
v -4.7773 14.2189 0
v -5.48012 13.9631 0
v -6.16931 13.6726 0
v -6.84316 13.3481 0
v -7.5 12.9904 0
v -8.13819 12.6004 0
v -8.75616 12.1791 0
v -9.35235 11.7275 0
v -9.92529 11.2467 0
v -10.4736 10.738 0
v -10.9958 10.2026 0
v -11.4907 9.64181 0
v -11.957 9.05707 0
v -12.3936 8.4498 0
v -12.7994 7.82153 0
v -13.1733 7.17381 0
v -13.5145 6.50826 0
v -13.8221 5.82652 0
v -14.0954 5.1303 0
v -14.3336 4.42133 0
v -14.5362 3.70136 0
v -14.7026 2.97219 0
v -14.8325 2.23563 0
v -14.9255 1.49352 0
v -14.9814 0.747688 0
v -15 -5.14537e-14 0
v -14.9814 -0.747688 0
v -14.9255 -1.49352 0
v -14.8325 -2.23563 0
v -14.7026 -2.97219 0
v -14.5362 -3.70136 0
v -14.3336 -4.42133 0
v -14.0954 -5.1303 0
v -13.8221 -5.82652 0
v -13.5145 -6.50826 0
v -13.1733 -7.17381 0
v -12.7994 -7.82153 0
v -12.3936 -8.4498 0
v -11.957 -9.05707 0
v -11.4907 -9.64181 0
v -10.9958 -10.2026 0
v -10.4736 -10.738 0
v -9.92529 -11.2467 0
v -9.35235 -11.7275 0
v -8.75616 -12.1791 0
v -8.13819 -12.6004 0
v -7.5 -12.9904 0
v -6.84316 -13.3481 0
v -6.16931 -13.6726 0
v -5.48012 -13.9631 0
v -4.7773 -14.2189 0
v -4.06261 -14.4394 0
v -3.33781 -14.6239 0
v -2.60472 -14.7721 0
v -1.86516 -14.8836 0
v -1.12095 -14.9581 0
v -0.37396 -14.9953 0
v 0.37396 -14.9953 0
v 1.12095 -14.9581 0
v 1.86516 -14.8836 0
v 2.60472 -14.7721 0
v 3.33781 -14.6239 0
v 4.06261 -14.4394 0
v 4.7773 -14.2189 0
v 5.48012 -13.9631 0
v 6.16931 -13.6726 0
v 6.84316 -13.3481 0
v 7.5 -12.9904 0
v 8.13819 -12.6004 0
v 8.75616 -12.1791 0
v 9.35235 -11.7275 0
v 9.92529 -11.2467 0
v 10.4736 -10.738 0
v 10.9958 -10.2026 0
v 11.4907 -9.64181 0
v 11.957 -9.05707 0
v 12.3936 -8.4498 0
v 12.7994 -7.82153 0
v 13.1733 -7.17381 0
v 13.5145 -6.50826 0
v 13.8221 -5.82652 0
v 14.0954 -5.1303 0
v 14.3336 -4.42133 0
v 14.5362 -3.70136 0
v 14.7026 -2.97219 0
v 14.8325 -2.23563 0
v 14.9255 -1.49352 0
v 14.9814 -0.747688 0
v 36.5 -1.10218e-15 0
v 36.4944 0.224306 0
v 36.4776 0.448055 0
v 36.4497 0.67069 0
v 36.4108 0.891658 0
v 36.3608 1.11041 0
v 36.3001 1.3264 0
v 36.2286 1.53909 0
v 36.1466 1.74796 0
v 36.0544 1.95248 0
v 35.952 2.15214 0
v 35.8398 2.34646 0
v 35.7181 2.53494 0
v 35.5871 2.71712 0
v 35.4472 2.89254 0
v 35.2987 3.06078 0
v 35.1421 3.2214 0
v 34.9776 3.37402 0
v 34.8057 3.51824 0
v 34.6268 3.65372 0
v 34.4415 3.78012 0
v 34.25 3.89711 0
v 34.0529 4.00442 0
v 33.8508 4.10178 0
v 33.644 4.18893 0
v 33.4332 4.26567 0
v 33.2188 4.33181 0
v 33.0013 4.38718 0
v 32.7814 4.43163 0
v 32.5595 4.46508 0
v 32.3363 4.48742 0
v 32.1122 4.4986 0
v 31.8878 4.4986 0
v 31.6637 4.48742 0
v 31.4405 4.46508 0
v 31.2186 4.43163 0
v 30.9987 4.38718 0
v 30.7812 4.33181 0
v 30.5668 4.26567 0
v 30.356 4.18893 0
v 30.1492 4.10178 0
v 29.9471 4.00442 0
v 29.75 3.89711 0
v 29.5585 3.78012 0
v 29.3732 3.65372 0
v 29.1943 3.51824 0
v 29.0224 3.37402 0
v 28.8579 3.2214 0
v 28.7013 3.06078 0
v 28.5528 2.89254 0
v 28.4129 2.71712 0
v 28.2819 2.53494 0
v 28.1602 2.34646 0
v 28.048 2.15214 0
v 27.9456 1.95248 0
v 27.8534 1.74796 0
v 27.7714 1.53909 0
v 27.6999 1.3264 0
v 27.6392 1.11041 0
v 27.5892 0.891658 0
v 27.5503 0.67069 0
v 27.5224 0.448055 0
v 27.5056 0.224306 0
v 27.5 -1.54361e-14 0
v 27.5056 -0.224306 0
v 27.5224 -0.448055 0
v 27.5503 -0.67069 0
v 27.5892 -0.891658 0
v 27.6392 -1.11041 0
v 27.6999 -1.3264 0
v 27.7714 -1.53909 0
v 27.8534 -1.74796 0
v 27.9456 -1.95248 0
v 28.048 -2.15214 0
v 28.1602 -2.34646 0
v 28.2819 -2.53494 0
v 28.4129 -2.71712 0
v 28.5528 -2.89254 0
v 28.7013 -3.06078 0
v 28.8579 -3.2214 0
v 29.0224 -3.37402 0
v 29.1943 -3.51824 0
v 29.3732 -3.65372 0
v 29.5585 -3.78012 0
v 29.75 -3.89711 0
v 29.9471 -4.00442 0
v 30.1492 -4.10178 0
v 30.356 -4.18893 0
v 30.5668 -4.26567 0
v 30.7812 -4.33181 0
v 30.9987 -4.38718 0
v 31.2186 -4.43163 0
v 31.4405 -4.46508 0
v 31.6637 -4.48742 0
v 31.8878 -4.4986 0
v 32.1122 -4.4986 0
v 32.3363 -4.48742 0
v 32.5595 -4.46508 0
v 32.7814 -4.43163 0
v 33.0013 -4.38718 0
v 33.2188 -4.33181 0
v 33.4332 -4.26567 0
v 33.644 -4.18893 0
v 33.8508 -4.10178 0
v 34.0529 -4.00442 0
v 34.25 -3.89711 0
v 34.4415 -3.78012 0
v 34.6268 -3.65372 0
v 34.8057 -3.51824 0
v 34.9776 -3.37402 0
v 35.1421 -3.2214 0
v 35.2987 -3.06078 0
v 35.4472 -2.89254 0
v 35.5871 -2.71712 0
v 35.7181 -2.53494 0
v 35.8398 -2.34646 0
v 35.952 -2.15214 0
v 36.0544 -1.95248 0
v 36.1466 -1.74796 0
v 36.2286 -1.53909 0
v 36.3001 -1.3264 0
v 36.3608 -1.11041 0
v 36.4108 -0.891658 0
v 36.4497 -0.67069 0
v 36.4776 -0.448055 0
v 36.4944 -0.224306 0
v -36.5 5.57214e-15 0
v -36.4944 -0.224306 0
v -36.4776 -0.448055 0
v -36.4497 -0.67069 0
v -36.4108 -0.891658 0
v -36.3608 -1.11041 0
v -36.3001 -1.3264 0
v -36.2286 -1.53909 0
v -36.1466 -1.74796 0
v -36.0544 -1.95248 0
v -35.952 -2.15214 0
v -35.8398 -2.34646 0
v -35.7181 -2.53494 0
v -35.5871 -2.71712 0
v -35.4472 -2.89254 0
v -35.2987 -3.06078 0
v -35.1421 -3.2214 0
v -34.9776 -3.37402 0
v -34.8057 -3.51824 0
v -34.6268 -3.65372 0
v -34.4415 -3.78012 0
v -34.25 -3.89711 0
v -34.0529 -4.00442 0
v -33.8508 -4.10178 0
v -33.644 -4.18893 0
v -33.4332 -4.26567 0
v -33.2188 -4.33181 0
v -33.0013 -4.38718 0
v -32.7814 -4.43163 0
v -32.5595 -4.46508 0
v -32.3363 -4.48742 0
v -32.1122 -4.4986 0
v -31.8878 -4.4986 0
v -31.6637 -4.48742 0
v -31.4405 -4.46508 0
v -31.2186 -4.43163 0
v -30.9987 -4.38718 0
v -30.7812 -4.33181 0
v -30.5668 -4.26567 0
v -30.356 -4.18893 0
v -30.1492 -4.10178 0
v -29.9471 -4.00442 0
v -29.75 -3.89711 0
v -29.5585 -3.78012 0
v -29.3732 -3.65372 0
v -29.1943 -3.51824 0
v -29.0224 -3.37402 0
v -28.8579 -3.2214 0
v -28.7013 -3.06078 0
v -28.5528 -2.89254 0
v -28.4129 -2.71712 0
v -28.2819 -2.53494 0
v -28.1602 -2.34646 0
v -28.048 -2.15214 0
v -27.9456 -1.95248 0
v -27.8534 -1.74796 0
v -27.7714 -1.53909 0
v -27.6999 -1.3264 0
v -27.6392 -1.11041 0
v -27.5892 -0.891658 0
v -27.5503 -0.67069 0
v -27.5224 -0.448055 0
v -27.5056 -0.224306 0
v -27.5 1.88039e-14 0
v -27.5056 0.224306 0
v -27.5224 0.448055 0
v -27.5503 0.67069 0
v -27.5892 0.891658 0
v -27.6392 1.11041 0
v -27.6999 1.3264 0
v -27.7714 1.53909 0
v -27.8534 1.74796 0
v -27.9456 1.95248 0
v -28.048 2.15214 0
v -28.1602 2.34646 0
v -28.2819 2.53494 0
v -28.4129 2.71712 0
v -28.5528 2.89254 0
v -28.7013 3.06078 0
v -28.8579 3.2214 0
v -29.0224 3.37402 0
v -29.1943 3.51824 0
v -29.3732 3.65372 0
v -29.5585 3.78012 0
v -29.75 3.89711 0
v -29.9471 4.00442 0
v -30.1492 4.10178 0
v -30.356 4.18893 0
v -30.5668 4.26567 0
v -30.7812 4.33181 0
v -30.9987 4.38718 0
v -31.2186 4.43163 0
v -31.4405 4.46508 0
v -31.6637 4.48742 0
v -31.8878 4.4986 0
v -32.1122 4.4986 0
v -32.3363 4.48742 0
v -32.5595 4.46508 0
v -32.7814 4.43163 0
v -33.0013 4.38718 0
v -33.2188 4.33181 0
v -33.4332 4.26567 0
v -33.644 4.18893 0
v -33.8508 4.10178 0
v -34.0529 4.00442 0
v -34.25 3.89711 0
v -34.4415 3.78012 0
v -34.6268 3.65372 0
v -34.8057 3.51824 0
v -34.9776 3.37402 0
v -35.1421 3.2214 0
v -35.2987 3.06078 0
v -35.4472 2.89254 0
v -35.5871 2.71712 0
v -35.7181 2.53494 0
v -35.8398 2.34646 0
v -35.952 2.15214 0
v -36.0544 1.95248 0
v -36.1466 1.74796 0
v -36.2286 1.53909 0
v -36.3001 1.3264 0
v -36.3608 1.11041 0
v -36.4108 0.891658 0
v -36.4497 0.67069 0
v -36.4776 0.448055 0
v -36.4944 0.224306 0
v -18.25 31.6099 0
v -18.4415 31.4929 0
v -18.6268 31.3665 0
v -18.8057 31.2311 0
v -18.9776 31.0868 0
v -19.1421 30.9342 0
v -19.2987 30.7736 0
v -19.4472 30.6054 0
v -19.5871 30.4299 0
v -19.7181 30.2478 0
v -19.8398 30.0593 0
v -19.952 29.865 0
v -20.0544 29.6653 0
v -20.1466 29.4608 0
v -20.2286 29.2519 0
v -20.3001 29.0392 0
v -20.3608 28.8232 0
v -20.4108 28.6045 0
v -20.4497 28.3835 0
v -20.4776 28.1609 0
v -20.4944 27.9371 0
v -20.5 27.7128 0
v -20.4944 27.4885 0
v -20.4776 27.2648 0
v -20.4497 27.0421 0
v -20.4108 26.8212 0
v -20.3608 26.6024 0
v -20.3001 26.3864 0
v -20.2286 26.1737 0
v -20.1466 25.9649 0
v -20.0544 25.7603 0
v -19.952 25.5607 0
v -19.8398 25.3664 0
v -19.7181 25.1779 0
v -19.5871 24.9957 0
v -19.4472 24.8203 0
v -19.2987 24.652 0
v -19.1421 24.4914 0
v -18.9776 24.3388 0
v -18.8057 24.1946 0
v -18.6268 24.0591 0
v -18.4415 23.9327 0
v -18.25 23.8157 0
v -18.0529 23.7084 0
v -17.8508 23.611 0
v -17.644 23.5239 0
v -17.4332 23.4471 0
v -17.2188 23.381 0
v -17.0013 23.3256 0
v -16.7814 23.2812 0
v -16.5595 23.2477 0
v -16.3363 23.2254 0
v -16.1122 23.2142 0
v -15.8878 23.2142 0
v -15.6637 23.2254 0
v -15.4405 23.2477 0
v -15.2186 23.2812 0
v -14.9987 23.3256 0
v -14.7812 23.381 0
v -14.5668 23.4471 0
v -14.356 23.5239 0
v -14.1492 23.611 0
v -13.9471 23.7084 0
v -13.75 23.8157 0
v -13.5585 23.9327 0
v -13.3732 24.0591 0
v -13.1943 24.1946 0
v -13.0224 24.3388 0
v -12.8579 24.4914 0
v -12.7013 24.652 0
v -12.5528 24.8203 0
v -12.4129 24.9957 0
v -12.2819 25.1779 0
v -12.1602 25.3664 0
v -12.048 25.5607 0
v -11.9456 25.7603 0
v -11.8534 25.9649 0
v -11.7714 26.1737 0
v -11.6999 26.3864 0
v -11.6392 26.6024 0
v -11.5892 26.8212 0
v -11.5503 27.0421 0
v -11.5224 27.2648 0
v -11.5056 27.4885 0
v -11.5 27.7128 0
v -11.5056 27.9371 0
v -11.5224 28.1609 0
v -11.5503 28.3835 0
v -11.5892 28.6045 0
v -11.6392 28.8232 0
v -11.6999 29.0392 0
v -11.7714 29.2519 0
v -11.8534 29.4608 0
v -11.9456 29.6653 0
v -12.048 29.865 0
v -12.1602 30.0593 0
v -12.2819 30.2478 0
v -12.4129 30.4299 0
v -12.5528 30.6054 0
v -12.7013 30.7736 0
v -12.8579 30.9342 0
v -13.0224 31.0868 0
v -13.1943 31.2311 0
v -13.3732 31.3665 0
v -13.5585 31.4929 0
v -13.75 31.6099 0
v -13.9471 31.7172 0
v -14.1492 31.8146 0
v -14.356 31.9017 0
v -14.5668 31.9785 0
v -14.7812 32.0446 0
v -14.9987 32.1 0
v -15.2186 32.1444 0
v -15.4405 32.1779 0
v -15.6637 32.2002 0
v -15.8878 32.2114 0
v -16.1122 32.2114 0
v -16.3363 32.2002 0
v -16.5595 32.1779 0
v -16.7814 32.1444 0
v -17.0013 32.1 0
v -17.2188 32.0446 0
v -17.4332 31.9785 0
v -17.644 31.9017 0
v -17.8508 31.8146 0
v -18.0529 31.7172 0
v 18.25 31.6099 0
v 18.0529 31.7172 0
v 17.8508 31.8146 0
v 17.644 31.9017 0
v 17.4332 31.9785 0
v 17.2188 32.0446 0
v 17.0013 32.1 0
v 16.7814 32.1444 0
v 16.5595 32.1779 0
v 16.3363 32.2002 0
v 16.1122 32.2114 0
v 15.8878 32.2114 0
v 15.6637 32.2002 0
v 15.4405 32.1779 0
v 15.2186 32.1444 0
v 14.9987 32.1 0
v 14.7812 32.0446 0
v 14.5668 31.9785 0
v 14.356 31.9017 0
v 14.1492 31.8146 0
v 13.9471 31.7172 0
v 13.75 31.6099 0
v 13.5585 31.4929 0
v 13.3732 31.3665 0
v 13.1943 31.2311 0
v 13.0224 31.0868 0
v 12.8579 30.9342 0
v 12.7013 30.7736 0
v 12.5528 30.6054 0
v 12.4129 30.4299 0
v 12.2819 30.2478 0
v 12.1602 30.0593 0
v 12.048 29.865 0
v 11.9456 29.6653 0
v 11.8534 29.4608 0
v 11.7714 29.2519 0
v 11.6999 29.0392 0
v 11.6392 28.8232 0
v 11.5892 28.6045 0
v 11.5503 28.3835 0
v 11.5224 28.1609 0
v 11.5056 27.9371 0
v 11.5 27.7128 0
v 11.5056 27.4885 0
v 11.5224 27.2648 0
v 11.5503 27.0421 0
v 11.5892 26.8212 0
v 11.6392 26.6024 0
v 11.6999 26.3864 0
v 11.7714 26.1737 0
v 11.8534 25.9649 0
v 11.9456 25.7603 0
v 12.048 25.5607 0
v 12.1602 25.3664 0
v 12.2819 25.1779 0
v 12.4129 24.9957 0
v 12.5528 24.8203 0
v 12.7013 24.652 0
v 12.8579 24.4914 0
v 13.0224 24.3388 0
v 13.1943 24.1946 0
v 13.3732 24.0591 0
v 13.5585 23.9327 0
v 13.75 23.8157 0
v 13.9471 23.7084 0
v 14.1492 23.611 0
v 14.356 23.5239 0
v 14.5668 23.4471 0
v 14.7812 23.381 0
v 14.9987 23.3256 0
v 15.2186 23.2812 0
v 15.4405 23.2477 0
v 15.6637 23.2254 0
v 15.8878 23.2142 0
v 16.1122 23.2142 0
v 16.3363 23.2254 0
v 16.5595 23.2477 0
v 16.7814 23.2812 0
v 17.0013 23.3256 0
v 17.2188 23.381 0
v 17.4332 23.4471 0
v 17.644 23.5239 0
v 17.8508 23.611 0
v 18.0529 23.7084 0
v 18.25 23.8157 0
v 18.4415 23.9327 0
v 18.6268 24.0591 0
v 18.8057 24.1946 0
v 18.9776 24.3388 0
v 19.1421 24.4914 0
v 19.2987 24.652 0
v 19.4472 24.8203 0
v 19.5871 24.9957 0
v 19.7181 25.1779 0
v 19.8398 25.3664 0
v 19.952 25.5607 0
v 20.0544 25.7603 0
v 20.1466 25.9649 0
v 20.2286 26.1737 0
v 20.3001 26.3864 0
v 20.3608 26.6024 0
v 20.4108 26.8212 0
v 20.4497 27.0421 0
v 20.4776 27.2648 0
v 20.4944 27.4885 0
v 20.5 27.7128 0
v 20.4944 27.9371 0
v 20.4776 28.1609 0
v 20.4497 28.3835 0
v 20.4108 28.6045 0
v 20.3608 28.8232 0
v 20.3001 29.0392 0
v 20.2286 29.2519 0
v 20.1466 29.4608 0
v 20.0544 29.6653 0
v 19.952 29.865 0
v 19.8398 30.0593 0
v 19.7181 30.2478 0
v 19.5871 30.4299 0
v 19.4472 30.6054 0
v 19.2987 30.7736 0
v 19.1421 30.9342 0
v 18.9776 31.0868 0
v 18.8057 31.2311 0
v 18.6268 31.3665 0
v 18.4415 31.4929 0
v 115 -2.81669e-14 32
v 114.857 5.73228 32
v 114.429 11.4503 32
v 113.716 17.1399 32
v 112.72 22.7868 32
v 111.444 28.3771 32
v 109.891 33.8968 32
v 108.065 39.3323 32
v 105.97 44.67 32
v 103.611 49.8966 32
v 100.995 54.9992 32
v 98.1285 59.965 32
v 95.0175 64.7818 32
v 91.6702 69.4375 32
v 88.0951 73.9206 32
v 84.301 78.2199 32
v 80.2972 82.3247 32
v 76.0939 86.2248 32
v 71.7013 89.9106 32
v 67.1305 93.3729 32
v 62.3928 96.603 32
v 57.5 99.5929 32
v 52.4642 102.335 32
v 47.298 104.823 32
v 42.0142 107.05 32
v 36.626 109.012 32
v 31.1467 110.702 32
v 25.5899 112.117 32
v 19.9695 113.253 32
v 14.2995 114.108 32
v 8.59396 114.678 32
v 2.86703 114.964 32
v -2.86703 114.964 32
v -8.59396 114.678 32
v -14.2995 114.108 32
v -19.9695 113.253 32
v -25.5899 112.117 32
v -31.1467 110.702 32
v -36.626 109.012 32
v -42.0142 107.05 32
v -47.298 104.823 32
v -52.4642 102.335 32
v -57.5 99.5929 32
v -62.3928 96.603 32
v -67.1305 93.3729 32
v -71.7013 89.9106 32
v -76.0939 86.2248 32
v -80.2972 82.3247 32
v -84.301 78.2199 32
v -88.0951 73.9206 32
v -91.6702 69.4375 32
v -95.0175 64.7818 32
v -98.1285 59.965 32
v -100.995 54.9992 32
v -103.611 49.8966 32
v -105.97 44.67 32
v -108.065 39.3323 32
v -109.891 33.8968 32
v -111.444 28.3771 32
v -112.72 22.7868 32
v -113.716 17.1399 32
v -114.429 11.4503 32
v -114.857 5.73228 32
v -115 -3.94479e-13 32
v -114.857 -5.73228 32
v -114.429 -11.4503 32
v -113.716 -17.1399 32
v -112.72 -22.7868 32
v -111.444 -28.3771 32
v -109.891 -33.8968 32
v -108.065 -39.3323 32
v -105.97 -44.67 32
v -103.611 -49.8966 32
v -100.995 -54.9992 32
v -98.1285 -59.965 32
v -95.0175 -64.7818 32
v -91.6702 -69.4375 32
v -88.0951 -73.9206 32
v -84.301 -78.2199 32
v -80.2972 -82.3247 32
v -76.0939 -86.2248 32
v -71.7013 -89.9106 32
v -67.1305 -93.3729 32
v -62.3928 -96.603 32
v -57.5 -99.5929 32
v -52.4642 -102.335 32
v -47.298 -104.823 32
v -42.0142 -107.05 32
v -36.626 -109.012 32
v -31.1467 -110.702 32
v -25.5899 -112.117 32
v -19.9695 -113.253 32
v -14.2995 -114.108 32
v -8.59396 -114.678 32
v -2.86703 -114.964 32
v 2.86703 -114.964 32
v 8.59396 -114.678 32
v 14.2995 -114.108 32
v 19.9695 -113.253 32
v 25.5899 -112.117 32
v 31.1467 -110.702 32
v 36.626 -109.012 32
v 42.0142 -107.05 32
v 47.298 -104.823 32
v 52.4642 -102.335 32
v 57.5 -99.5929 32
v 62.3928 -96.603 32
v 67.1305 -93.3729 32
v 71.7013 -89.9106 32
v 76.0939 -86.2248 32
v 80.2972 -82.3247 32
v 84.301 -78.2199 32
v 88.0951 -73.9206 32
v 91.6702 -69.4375 32
v 95.0175 -64.7818 32
v 98.1285 -59.965 32
v 100.995 -54.9992 32
v 103.611 -49.8966 32
v 105.97 -44.67 32
v 108.065 -39.3323 32
v 109.891 -33.8968 32
v 111.444 -28.3771 32
v 112.72 -22.7868 32
v 113.716 -17.1399 32
v 114.429 -11.4503 32
v 114.857 -5.73228 32
v 115 -2.81669e-14 32
v 115 -2.81669e-14 20
v 114.857 5.73228 20
v 114.429 11.4503 20
v 113.716 17.1399 20
v 112.72 22.7868 20
v 111.444 28.3771 20
v 109.891 33.8968 20
v 108.065 39.3323 20
v 105.97 44.67 20
v 103.611 49.8966 20
v 100.995 54.9992 20
v 98.1285 59.965 20
v 95.0175 64.7818 20
v 91.6702 69.4375 20
v 88.0951 73.9206 20
v 84.301 78.2199 20
v 80.2972 82.3247 20
v 76.0939 86.2248 20
v 71.7013 89.9106 20
v 67.1305 93.3729 20
v 62.3928 96.603 20
v 57.5 99.5929 20
v 52.4642 102.335 20
v 47.298 104.823 20
v 42.0142 107.05 20
v 36.626 109.012 20
v 31.1467 110.702 20
v 25.5899 112.117 20
v 19.9695 113.253 20
v 14.2995 114.108 20
v 8.59396 114.678 20
v 2.86703 114.964 20
v -2.86703 114.964 20
v -8.59396 114.678 20
v -14.2995 114.108 20
v -19.9695 113.253 20
v -25.5899 112.117 20
v -31.1467 110.702 20
v -36.626 109.012 20
v -42.0142 107.05 20
v -47.298 104.823 20
v -52.4642 102.335 20
v -57.5 99.5929 20
v -62.3928 96.603 20
v -67.1305 93.3729 20
v -71.7013 89.9106 20
v -76.0939 86.2248 20
v -80.2972 82.3247 20
v -84.301 78.2199 20
v -88.0951 73.9206 20
v -91.6702 69.4375 20
v -95.0175 64.7818 20
v -98.1285 59.965 20
v -100.995 54.9992 20
v -103.611 49.8966 20
v -105.97 44.67 20
v -108.065 39.3323 20
v -109.891 33.8968 20
v -111.444 28.3771 20
v -112.72 22.7868 20
v -113.716 17.1399 20
v -114.429 11.4503 20
v -114.857 5.73228 20
v -115 -3.94479e-13 20
v -114.857 -5.73228 20
v -114.429 -11.4503 20
v -113.716 -17.1399 20
v -112.72 -22.7868 20
v -111.444 -28.3771 20
v -109.891 -33.8968 20
v -108.065 -39.3323 20
v -105.97 -44.67 20
v -103.611 -49.8966 20
v -100.995 -54.9992 20
v -98.1285 -59.965 20
v -95.0175 -64.7818 20
v -91.6702 -69.4375 20
v -88.0951 -73.9206 20
v -84.301 -78.2199 20
v -80.2972 -82.3247 20
v -76.0939 -86.2248 20
v -71.7013 -89.9106 20
v -67.1305 -93.3729 20
v -62.3928 -96.603 20
v -57.5 -99.5929 20
v -52.4642 -102.335 20
v -47.298 -104.823 20
v -42.0142 -107.05 20
v -36.626 -109.012 20
v -31.1467 -110.702 20
v -25.5899 -112.117 20
v -19.9695 -113.253 20
v -14.2995 -114.108 20
v -8.59396 -114.678 20
v -2.86703 -114.964 20
v 2.86703 -114.964 20
v 8.59396 -114.678 20
v 14.2995 -114.108 20
v 19.9695 -113.253 20
v 25.5899 -112.117 20
v 31.1467 -110.702 20
v 36.626 -109.012 20
v 42.0142 -107.05 20
v 47.298 -104.823 20
v 52.4642 -102.335 20
v 57.5 -99.5929 20
v 62.3928 -96.603 20
v 67.1305 -93.3729 20
v 71.7013 -89.9106 20
v 76.0939 -86.2248 20
v 80.2972 -82.3247 20
v 84.301 -78.2199 20
v 88.0951 -73.9206 20
v 91.6702 -69.4375 20
v 95.0175 -64.7818 20
v 98.1285 -59.965 20
v 100.995 -54.9992 20
v 103.611 -49.8966 20
v 105.97 -44.67 20
v 108.065 -39.3323 20
v 109.891 -33.8968 20
v 111.444 -28.3771 20
v 112.72 -22.7868 20
v 113.716 -17.1399 20
v 114.429 -11.4503 20
v 114.857 -5.73228 20
v 115 -2.81669e-14 20
v -18.25 -31.6099 48
v -18.0529 -31.7172 48
v -17.8508 -31.8146 48
v -17.644 -31.9017 48
v -17.4332 -31.9785 48
v -17.2188 -32.0446 48
v -17.0013 -32.1 48
v -16.7814 -32.1444 48
v -16.5595 -32.1779 48
v -16.3363 -32.2002 48
v -16.1122 -32.2114 48
v -15.8878 -32.2114 48
v -15.6637 -32.2002 48
v -15.4405 -32.1779 48
v -15.2186 -32.1444 48
v -14.9987 -32.1 48
v -14.7812 -32.0446 48
v -14.5668 -31.9785 48
v -14.356 -31.9017 48
v -14.1492 -31.8146 48
v -13.9471 -31.7172 48
v -13.75 -31.6099 48
v -13.5585 -31.4929 48
v -13.3732 -31.3665 48
v -13.1943 -31.2311 48
v -13.0224 -31.0868 48
v -12.8579 -30.9342 48
v -12.7013 -30.7736 48
v -12.5528 -30.6054 48
v -12.4129 -30.4299 48
v -12.2819 -30.2478 48
v -12.1602 -30.0593 48
v -12.048 -29.865 48
v -11.9456 -29.6653 48
v -11.8534 -29.4608 48
v -11.7714 -29.2519 48
v -11.6999 -29.0392 48
v -11.6392 -28.8232 48
v -11.5892 -28.6045 48
v -11.5503 -28.3835 48
v -11.5224 -28.1609 48
v -11.5056 -27.9371 48
v -11.5 -27.7128 48
v -11.5056 -27.4885 48
v -11.5224 -27.2648 48
v -11.5503 -27.0421 48
v -11.5892 -26.8212 48
v -11.6392 -26.6024 48
v -11.6999 -26.3864 48
v -11.7714 -26.1737 48
v -11.8534 -25.9649 48
v -11.9456 -25.7603 48
v -12.048 -25.5607 48
v -12.1602 -25.3664 48
v -12.2819 -25.1779 48
v -12.4129 -24.9957 48
v -12.5528 -24.8203 48
v -12.7013 -24.652 48
v -12.8579 -24.4914 48
v -13.0224 -24.3388 48
v -13.1943 -24.1946 48
v -13.3732 -24.0591 48
v -13.5585 -23.9327 48
v -13.75 -23.8157 48
v -13.9471 -23.7084 48
v -14.1492 -23.611 48
v -14.356 -23.5239 48
v -14.5668 -23.4471 48
v -14.7812 -23.381 48
v -14.9987 -23.3256 48
v -15.2186 -23.2812 48
v -15.4405 -23.2477 48
v -15.6637 -23.2254 48
v -15.8878 -23.2142 48
v -16.1122 -23.2142 48
v -16.3363 -23.2254 48
v -16.5595 -23.2477 48
v -16.7814 -23.2812 48
v -17.0013 -23.3256 48
v -17.2188 -23.381 48
v -17.4332 -23.4471 48
v -17.644 -23.5239 48
v -17.8508 -23.611 48
v -18.0529 -23.7084 48
v -18.25 -23.8157 48
v -18.4415 -23.9327 48
v -18.6268 -24.0591 48
v -18.8057 -24.1946 48
v -18.9776 -24.3388 48
v -19.1421 -24.4914 48
v -19.2987 -24.652 48
v -19.4472 -24.8203 48
v -19.5871 -24.9957 48
v -19.7181 -25.1779 48
v -19.8398 -25.3664 48
v -19.952 -25.5607 48
v -20.0544 -25.7603 48
v -20.1466 -25.9649 48
v -20.2286 -26.1737 48
v -20.3001 -26.3864 48
v -20.3608 -26.6024 48
v -20.4108 -26.8212 48
v -20.4497 -27.0421 48
v -20.4776 -27.2648 48
v -20.4944 -27.4885 48
v -20.5 -27.7128 48
v -20.4944 -27.9371 48
v -20.4776 -28.1609 48
v -20.4497 -28.3835 48
v -20.4108 -28.6045 48
v -20.3608 -28.8232 48
v -20.3001 -29.0392 48
v -20.2286 -29.2519 48
v -20.1466 -29.4608 48
v -20.0544 -29.6653 48
v -19.952 -29.865 48
v -19.8398 -30.0593 48
v -19.7181 -30.2478 48
v -19.5871 -30.4299 48
v -19.4472 -30.6054 48
v -19.2987 -30.7736 48
v -19.1421 -30.9342 48
v -18.9776 -31.0868 48
v -18.8057 -31.2311 48
v -18.6268 -31.3665 48
v -18.4415 -31.4929 48
v -18.25 -31.6099 48
v -18.25 -31.6099 0
v -18.0529 -31.7172 0
v -17.8508 -31.8146 0
v -17.644 -31.9017 0
v -17.4332 -31.9785 0
v -17.2188 -32.0446 0
v -17.0013 -32.1 0
v -16.7814 -32.1444 0
v -16.5595 -32.1779 0
v -16.3363 -32.2002 0
v -16.1122 -32.2114 0
v -15.8878 -32.2114 0
v -15.6637 -32.2002 0
v -15.4405 -32.1779 0
v -15.2186 -32.1444 0
v -14.9987 -32.1 0
v -14.7812 -32.0446 0
v -14.5668 -31.9785 0
v -14.356 -31.9017 0
v -14.1492 -31.8146 0
v -13.9471 -31.7172 0
v -13.75 -31.6099 0
v -13.5585 -31.4929 0
v -13.3732 -31.3665 0
v -13.1943 -31.2311 0
v -13.0224 -31.0868 0
v -12.8579 -30.9342 0
v -12.7013 -30.7736 0
v -12.5528 -30.6054 0
v -12.4129 -30.4299 0
v -12.2819 -30.2478 0
v -12.1602 -30.0593 0
v -12.048 -29.865 0
v -11.9456 -29.6653 0
v -11.8534 -29.4608 0
v -11.7714 -29.2519 0
v -11.6999 -29.0392 0
v -11.6392 -28.8232 0
v -11.5892 -28.6045 0
v -11.5503 -28.3835 0
v -11.5224 -28.1609 0
v -11.5056 -27.9371 0
v -11.5 -27.7128 0
v -11.5056 -27.4885 0
v -11.5224 -27.2648 0
v -11.5503 -27.0421 0
v -11.5892 -26.8212 0
v -11.6392 -26.6024 0
v -11.6999 -26.3864 0
v -11.7714 -26.1737 0
v -11.8534 -25.9649 0
v -11.9456 -25.7603 0
v -12.048 -25.5607 0
v -12.1602 -25.3664 0
v -12.2819 -25.1779 0
v -12.4129 -24.9957 0
v -12.5528 -24.8203 0
v -12.7013 -24.652 0
v -12.8579 -24.4914 0
v -13.0224 -24.3388 0
v -13.1943 -24.1946 0
v -13.3732 -24.0591 0
v -13.5585 -23.9327 0
v -13.75 -23.8157 0
v -13.9471 -23.7084 0
v -14.1492 -23.611 0
v -14.356 -23.5239 0
v -14.5668 -23.4471 0
v -14.7812 -23.381 0
v -14.9987 -23.3256 0
v -15.2186 -23.2812 0
v -15.4405 -23.2477 0
v -15.6637 -23.2254 0
v -15.8878 -23.2142 0
v -16.1122 -23.2142 0
v -16.3363 -23.2254 0
v -16.5595 -23.2477 0
v -16.7814 -23.2812 0
v -17.0013 -23.3256 0
v -17.2188 -23.381 0
v -17.4332 -23.4471 0
v -17.644 -23.5239 0
v -17.8508 -23.611 0
v -18.0529 -23.7084 0
v -18.25 -23.8157 0
v -18.4415 -23.9327 0
v -18.6268 -24.0591 0
v -18.8057 -24.1946 0
v -18.9776 -24.3388 0
v -19.1421 -24.4914 0
v -19.2987 -24.652 0
v -19.4472 -24.8203 0
v -19.5871 -24.9957 0
v -19.7181 -25.1779 0
v -19.8398 -25.3664 0
v -19.952 -25.5607 0
v -20.0544 -25.7603 0
v -20.1466 -25.9649 0
v -20.2286 -26.1737 0
v -20.3001 -26.3864 0
v -20.3608 -26.6024 0
v -20.4108 -26.8212 0
v -20.4497 -27.0421 0
v -20.4776 -27.2648 0
v -20.4944 -27.4885 0
v -20.5 -27.7128 0
v -20.4944 -27.9371 0
v -20.4776 -28.1609 0
v -20.4497 -28.3835 0
v -20.4108 -28.6045 0
v -20.3608 -28.8232 0
v -20.3001 -29.0392 0
v -20.2286 -29.2519 0
v -20.1466 -29.4608 0
v -20.0544 -29.6653 0
v -19.952 -29.865 0
v -19.8398 -30.0593 0
v -19.7181 -30.2478 0
v -19.5871 -30.4299 0
v -19.4472 -30.6054 0
v -19.2987 -30.7736 0
v -19.1421 -30.9342 0
v -18.9776 -31.0868 0
v -18.8057 -31.2311 0
v -18.6268 -31.3665 0
v -18.4415 -31.4929 0
v -18.25 -31.6099 0
v 18.25 -31.6099 48
v 18.4415 -31.4929 48
v 18.6268 -31.3665 48
v 18.8057 -31.2311 48
v 18.9776 -31.0868 48
v 19.1421 -30.9342 48
v 19.2987 -30.7736 48
v 19.4472 -30.6054 48
v 19.5871 -30.4299 48
v 19.7181 -30.2478 48
v 19.8398 -30.0593 48
v 19.952 -29.865 48
v 20.0544 -29.6653 48
v 20.1466 -29.4608 48
v 20.2286 -29.2519 48
v 20.3001 -29.0392 48
v 20.3608 -28.8232 48
v 20.4108 -28.6045 48
v 20.4497 -28.3835 48
v 20.4776 -28.1609 48
v 20.4944 -27.9371 48
v 20.5 -27.7128 48
v 20.4944 -27.4885 48
v 20.4776 -27.2648 48
v 20.4497 -27.0421 48
v 20.4108 -26.8212 48
v 20.3608 -26.6024 48
v 20.3001 -26.3864 48
v 20.2286 -26.1737 48
v 20.1466 -25.9649 48
v 20.0544 -25.7603 48
v 19.952 -25.5607 48
v 19.8398 -25.3664 48
v 19.7181 -25.1779 48
v 19.5871 -24.9957 48
v 19.4472 -24.8203 48
v 19.2987 -24.652 48
v 19.1421 -24.4914 48
v 18.9776 -24.3388 48
v 18.8057 -24.1946 48
v 18.6268 -24.0591 48
v 18.4415 -23.9327 48
v 18.25 -23.8157 48
v 18.0529 -23.7084 48
v 17.8508 -23.611 48
v 17.644 -23.5239 48
v 17.4332 -23.4471 48
v 17.2188 -23.381 48
v 17.0013 -23.3256 48
v 16.7814 -23.2812 48
v 16.5595 -23.2477 48
v 16.3363 -23.2254 48
v 16.1122 -23.2142 48
v 15.8878 -23.2142 48
v 15.6637 -23.2254 48
v 15.4405 -23.2477 48
v 15.2186 -23.2812 48
v 14.9987 -23.3256 48
v 14.7812 -23.381 48
v 14.5668 -23.4471 48
v 14.356 -23.5239 48
v 14.1492 -23.611 48
v 13.9471 -23.7084 48
v 13.75 -23.8157 48
v 13.5585 -23.9327 48
v 13.3732 -24.0591 48
v 13.1943 -24.1946 48
v 13.0224 -24.3388 48
v 12.8579 -24.4914 48
v 12.7013 -24.652 48
v 12.5528 -24.8203 48
v 12.4129 -24.9957 48
v 12.2819 -25.1779 48
v 12.1602 -25.3664 48
v 12.048 -25.5607 48
v 11.9456 -25.7603 48
v 11.8534 -25.9649 48
v 11.7714 -26.1737 48
v 11.6999 -26.3864 48
v 11.6392 -26.6024 48
v 11.5892 -26.8212 48
v 11.5503 -27.0421 48
v 11.5224 -27.2648 48
v 11.5056 -27.4885 48
v 11.5 -27.7128 48
v 11.5056 -27.9371 48
v 11.5224 -28.1609 48
v 11.5503 -28.3835 48
v 11.5892 -28.6045 48
v 11.6392 -28.8232 48
v 11.6999 -29.0392 48
v 11.7714 -29.2519 48
v 11.8534 -29.4608 48
v 11.9456 -29.6653 48
v 12.048 -29.865 48
v 12.1602 -30.0593 48
v 12.2819 -30.2478 48
v 12.4129 -30.4299 48
v 12.5528 -30.6054 48
v 12.7013 -30.7736 48
v 12.8579 -30.9342 48
v 13.0224 -31.0868 48
v 13.1943 -31.2311 48
v 13.3732 -31.3665 48
v 13.5585 -31.4929 48
v 13.75 -31.6099 48
v 13.9471 -31.7172 48
v 14.1492 -31.8146 48
v 14.356 -31.9017 48
v 14.5668 -31.9785 48
v 14.7812 -32.0446 48
v 14.9987 -32.1 48
v 15.2186 -32.1444 48
v 15.4405 -32.1779 48
v 15.6637 -32.2002 48
v 15.8878 -32.2114 48
v 16.1122 -32.2114 48
v 16.3363 -32.2002 48
v 16.5595 -32.1779 48
v 16.7814 -32.1444 48
v 17.0013 -32.1 48
v 17.2188 -32.0446 48
v 17.4332 -31.9785 48
v 17.644 -31.9017 48
v 17.8508 -31.8146 48
v 18.0529 -31.7172 48
v 18.25 -31.6099 48
v 18.25 -31.6099 0
v 18.4415 -31.4929 0
v 18.6268 -31.3665 0
v 18.8057 -31.2311 0
v 18.9776 -31.0868 0
v 19.1421 -30.9342 0
v 19.2987 -30.7736 0
v 19.4472 -30.6054 0
v 19.5871 -30.4299 0
v 19.7181 -30.2478 0
v 19.8398 -30.0593 0
v 19.952 -29.865 0
v 20.0544 -29.6653 0
v 20.1466 -29.4608 0
v 20.2286 -29.2519 0
v 20.3001 -29.0392 0
v 20.3608 -28.8232 0
v 20.4108 -28.6045 0
v 20.4497 -28.3835 0
v 20.4776 -28.1609 0
v 20.4944 -27.9371 0
v 20.5 -27.7128 0
v 20.4944 -27.4885 0
v 20.4776 -27.2648 0
v 20.4497 -27.0421 0
v 20.4108 -26.8212 0
v 20.3608 -26.6024 0
v 20.3001 -26.3864 0
v 20.2286 -26.1737 0
v 20.1466 -25.9649 0
v 20.0544 -25.7603 0
v 19.952 -25.5607 0
v 19.8398 -25.3664 0
v 19.7181 -25.1779 0
v 19.5871 -24.9957 0
v 19.4472 -24.8203 0
v 19.2987 -24.652 0
v 19.1421 -24.4914 0
v 18.9776 -24.3388 0
v 18.8057 -24.1946 0
v 18.6268 -24.0591 0
v 18.4415 -23.9327 0
v 18.25 -23.8157 0
v 18.0529 -23.7084 0
v 17.8508 -23.611 0
v 17.644 -23.5239 0
v 17.4332 -23.4471 0
v 17.2188 -23.381 0
v 17.0013 -23.3256 0
v 16.7814 -23.2812 0
v 16.5595 -23.2477 0
v 16.3363 -23.2254 0
v 16.1122 -23.2142 0
v 15.8878 -23.2142 0
v 15.6637 -23.2254 0
v 15.4405 -23.2477 0
v 15.2186 -23.2812 0
v 14.9987 -23.3256 0
v 14.7812 -23.381 0
v 14.5668 -23.4471 0
v 14.356 -23.5239 0
v 14.1492 -23.611 0
v 13.9471 -23.7084 0
v 13.75 -23.8157 0
v 13.5585 -23.9327 0
v 13.3732 -24.0591 0
v 13.1943 -24.1946 0
v 13.0224 -24.3388 0
v 12.8579 -24.4914 0
v 12.7013 -24.652 0
v 12.5528 -24.8203 0
v 12.4129 -24.9957 0
v 12.2819 -25.1779 0
v 12.1602 -25.3664 0
v 12.048 -25.5607 0
v 11.9456 -25.7603 0
v 11.8534 -25.9649 0
v 11.7714 -26.1737 0
v 11.6999 -26.3864 0
v 11.6392 -26.6024 0
v 11.5892 -26.8212 0
v 11.5503 -27.0421 0
v 11.5224 -27.2648 0
v 11.5056 -27.4885 0
v 11.5 -27.7128 0
v 11.5056 -27.9371 0
v 11.5224 -28.1609 0
v 11.5503 -28.3835 0
v 11.5892 -28.6045 0
v 11.6392 -28.8232 0
v 11.6999 -29.0392 0
v 11.7714 -29.2519 0
v 11.8534 -29.4608 0
v 11.9456 -29.6653 0
v 12.048 -29.865 0
v 12.1602 -30.0593 0
v 12.2819 -30.2478 0
v 12.4129 -30.4299 0
v 12.5528 -30.6054 0
v 12.7013 -30.7736 0
v 12.8579 -30.9342 0
v 13.0224 -31.0868 0
v 13.1943 -31.2311 0
v 13.3732 -31.3665 0
v 13.5585 -31.4929 0
v 13.75 -31.6099 0
v 13.9471 -31.7172 0
v 14.1492 -31.8146 0
v 14.356 -31.9017 0
v 14.5668 -31.9785 0
v 14.7812 -32.0446 0
v 14.9987 -32.1 0
v 15.2186 -32.1444 0
v 15.4405 -32.1779 0
v 15.6637 -32.2002 0
v 15.8878 -32.2114 0
v 16.1122 -32.2114 0
v 16.3363 -32.2002 0
v 16.5595 -32.1779 0
v 16.7814 -32.1444 0
v 17.0013 -32.1 0
v 17.2188 -32.0446 0
v 17.4332 -31.9785 0
v 17.644 -31.9017 0
v 17.8508 -31.8146 0
v 18.0529 -31.7172 0
v 18.25 -31.6099 0
v 15 -3.67394e-15 48
v 14.9814 0.747688 48
v 14.9255 1.49352 48
v 14.8325 2.23563 48
v 14.7026 2.97219 48
v 14.5362 3.70136 48
v 14.3336 4.42133 48
v 14.0954 5.1303 48
v 13.8221 5.82652 48
v 13.5145 6.50826 48
v 13.1733 7.17381 48
v 12.7994 7.82153 48
v 12.3936 8.4498 48
v 11.957 9.05707 48
v 11.4907 9.64181 48
v 10.9958 10.2026 48
v 10.4736 10.738 48
v 9.92529 11.2467 48
v 9.35235 11.7275 48
v 8.75616 12.1791 48
v 8.13819 12.6004 48
v 7.5 12.9904 48
v 6.84316 13.3481 48
v 6.16931 13.6726 48
v 5.48012 13.9631 48
v 4.7773 14.2189 48
v 4.06261 14.4394 48
v 3.33781 14.6239 48
v 2.60472 14.7721 48
v 1.86516 14.8836 48
v 1.12095 14.9581 48
v 0.37396 14.9953 48
v -0.37396 14.9953 48
v -1.12095 14.9581 48
v -1.86516 14.8836 48
v -2.60472 14.7721 48
v -3.33781 14.6239 48
v -4.06261 14.4394 48
v -4.7773 14.2189 48
v -5.48012 13.9631 48
v -6.16931 13.6726 48
v -6.84316 13.3481 48
v -7.5 12.9904 48
v -8.13819 12.6004 48
v -8.75616 12.1791 48
v -9.35235 11.7275 48
v -9.92529 11.2467 48
v -10.4736 10.738 48
v -10.9958 10.2026 48
v -11.4907 9.64181 48
v -11.957 9.05707 48
v -12.3936 8.4498 48
v -12.7994 7.82153 48
v -13.1733 7.17381 48
v -13.5145 6.50826 48
v -13.8221 5.82652 48
v -14.0954 5.1303 48
v -14.3336 4.42133 48
v -14.5362 3.70136 48
v -14.7026 2.97219 48
v -14.8325 2.23563 48
v -14.9255 1.49352 48
v -14.9814 0.747688 48
v -15 -5.14537e-14 48
v -14.9814 -0.747688 48
v -14.9255 -1.49352 48
v -14.8325 -2.23563 48
v -14.7026 -2.97219 48
v -14.5362 -3.70136 48
v -14.3336 -4.42133 48
v -14.0954 -5.1303 48
v -13.8221 -5.82652 48
v -13.5145 -6.50826 48
v -13.1733 -7.17381 48
v -12.7994 -7.82153 48
v -12.3936 -8.4498 48
v -11.957 -9.05707 48
v -11.4907 -9.64181 48
v -10.9958 -10.2026 48
v -10.4736 -10.738 48
v -9.92529 -11.2467 48
v -9.35235 -11.7275 48
v -8.75616 -12.1791 48
v -8.13819 -12.6004 48
v -7.5 -12.9904 48
v -6.84316 -13.3481 48
v -6.16931 -13.6726 48
v -5.48012 -13.9631 48
v -4.7773 -14.2189 48
v -4.06261 -14.4394 48
v -3.33781 -14.6239 48
v -2.60472 -14.7721 48
v -1.86516 -14.8836 48
v -1.12095 -14.9581 48
v -0.37396 -14.9953 48
v 0.37396 -14.9953 48
v 1.12095 -14.9581 48
v 1.86516 -14.8836 48
v 2.60472 -14.7721 48
v 3.33781 -14.6239 48
v 4.06261 -14.4394 48
v 4.7773 -14.2189 48
v 5.48012 -13.9631 48
v 6.16931 -13.6726 48
v 6.84316 -13.3481 48
v 7.5 -12.9904 48
v 8.13819 -12.6004 48
v 8.75616 -12.1791 48
v 9.35235 -11.7275 48
v 9.92529 -11.2467 48
v 10.4736 -10.738 48
v 10.9958 -10.2026 48
v 11.4907 -9.64181 48
v 11.957 -9.05707 48
v 12.3936 -8.4498 48
v 12.7994 -7.82153 48
v 13.1733 -7.17381 48
v 13.5145 -6.50826 48
v 13.8221 -5.82652 48
v 14.0954 -5.1303 48
v 14.3336 -4.42133 48
v 14.5362 -3.70136 48
v 14.7026 -2.97219 48
v 14.8325 -2.23563 48
v 14.9255 -1.49352 48
v 14.9814 -0.747688 48
v 15 -3.67394e-15 48
v 15 -3.67394e-15 0
v 14.9814 0.747688 0
v 14.9255 1.49352 0
v 14.8325 2.23563 0
v 14.7026 2.97219 0
v 14.5362 3.70136 0
v 14.3336 4.42133 0
v 14.0954 5.1303 0
v 13.8221 5.82652 0
v 13.5145 6.50826 0
v 13.1733 7.17381 0
v 12.7994 7.82153 0
v 12.3936 8.4498 0
v 11.957 9.05707 0
v 11.4907 9.64181 0
v 10.9958 10.2026 0
v 10.4736 10.738 0
v 9.92529 11.2467 0
v 9.35235 11.7275 0
v 8.75616 12.1791 0
v 8.13819 12.6004 0
v 7.5 12.9904 0
v 6.84316 13.3481 0
v 6.16931 13.6726 0
v 5.48012 13.9631 0
v 4.7773 14.2189 0
v 4.06261 14.4394 0
v 3.33781 14.6239 0
v 2.60472 14.7721 0
v 1.86516 14.8836 0
v 1.12095 14.9581 0
v 0.37396 14.9953 0
v -0.37396 14.9953 0
v -1.12095 14.9581 0
v -1.86516 14.8836 0
v -2.60472 14.7721 0
v -3.33781 14.6239 0
v -4.06261 14.4394 0
v -4.7773 14.2189 0
v -5.48012 13.9631 0
v -6.16931 13.6726 0
v -6.84316 13.3481 0
v -7.5 12.9904 0
v -8.13819 12.6004 0
v -8.75616 12.1791 0
v -9.35235 11.7275 0
v -9.92529 11.2467 0
v -10.4736 10.738 0
v -10.9958 10.2026 0
v -11.4907 9.64181 0
v -11.957 9.05707 0
v -12.3936 8.4498 0
v -12.7994 7.82153 0
v -13.1733 7.17381 0
v -13.5145 6.50826 0
v -13.8221 5.82652 0
v -14.0954 5.1303 0
v -14.3336 4.42133 0
v -14.5362 3.70136 0
v -14.7026 2.97219 0
v -14.8325 2.23563 0
v -14.9255 1.49352 0
v -14.9814 0.747688 0
v -15 -5.14537e-14 0
v -14.9814 -0.747688 0
v -14.9255 -1.49352 0
v -14.8325 -2.23563 0
v -14.7026 -2.97219 0
v -14.5362 -3.70136 0
v -14.3336 -4.42133 0
v -14.0954 -5.1303 0
v -13.8221 -5.82652 0
v -13.5145 -6.50826 0
v -13.1733 -7.17381 0
v -12.7994 -7.82153 0
v -12.3936 -8.4498 0
v -11.957 -9.05707 0
v -11.4907 -9.64181 0
v -10.9958 -10.2026 0
v -10.4736 -10.738 0
v -9.92529 -11.2467 0
v -9.35235 -11.7275 0
v -8.75616 -12.1791 0
v -8.13819 -12.6004 0
v -7.5 -12.9904 0
v -6.84316 -13.3481 0
v -6.16931 -13.6726 0
v -5.48012 -13.9631 0
v -4.7773 -14.2189 0
v -4.06261 -14.4394 0
v -3.33781 -14.6239 0
v -2.60472 -14.7721 0
v -1.86516 -14.8836 0
v -1.12095 -14.9581 0
v -0.37396 -14.9953 0
v 0.37396 -14.9953 0
v 1.12095 -14.9581 0
v 1.86516 -14.8836 0
v 2.60472 -14.7721 0
v 3.33781 -14.6239 0
v 4.06261 -14.4394 0
v 4.7773 -14.2189 0
v 5.48012 -13.9631 0
v 6.16931 -13.6726 0
v 6.84316 -13.3481 0
v 7.5 -12.9904 0
v 8.13819 -12.6004 0
v 8.75616 -12.1791 0
v 9.35235 -11.7275 0
v 9.92529 -11.2467 0
v 10.4736 -10.738 0
v 10.9958 -10.2026 0
v 11.4907 -9.64181 0
v 11.957 -9.05707 0
v 12.3936 -8.4498 0
v 12.7994 -7.82153 0
v 13.1733 -7.17381 0
v 13.5145 -6.50826 0
v 13.8221 -5.82652 0
v 14.0954 -5.1303 0
v 14.3336 -4.42133 0
v 14.5362 -3.70136 0
v 14.7026 -2.97219 0
v 14.8325 -2.23563 0
v 14.9255 -1.49352 0
v 14.9814 -0.747688 0
v 15 -3.67394e-15 0
v 36.5 -1.10218e-15 48
v 36.4944 0.224306 48
v 36.4776 0.448055 48
v 36.4497 0.67069 48
v 36.4108 0.891658 48
v 36.3608 1.11041 48
v 36.3001 1.3264 48
v 36.2286 1.53909 48
v 36.1466 1.74796 48
v 36.0544 1.95248 48
v 35.952 2.15214 48
v 35.8398 2.34646 48
v 35.7181 2.53494 48
v 35.5871 2.71712 48
v 35.4472 2.89254 48
v 35.2987 3.06078 48
v 35.1421 3.2214 48
v 34.9776 3.37402 48
v 34.8057 3.51824 48
v 34.6268 3.65372 48
v 34.4415 3.78012 48
v 34.25 3.89711 48
v 34.0529 4.00442 48
v 33.8508 4.10178 48
v 33.644 4.18893 48
v 33.4332 4.26567 48
v 33.2188 4.33181 48
v 33.0013 4.38718 48
v 32.7814 4.43163 48
v 32.5595 4.46508 48
v 32.3363 4.48742 48
v 32.1122 4.4986 48
v 31.8878 4.4986 48
v 31.6637 4.48742 48
v 31.4405 4.46508 48
v 31.2186 4.43163 48
v 30.9987 4.38718 48
v 30.7812 4.33181 48
v 30.5668 4.26567 48
v 30.356 4.18893 48
v 30.1492 4.10178 48
v 29.9471 4.00442 48
v 29.75 3.89711 48
v 29.5585 3.78012 48
v 29.3732 3.65372 48
v 29.1943 3.51824 48
v 29.0224 3.37402 48
v 28.8579 3.2214 48
v 28.7013 3.06078 48
v 28.5528 2.89254 48
v 28.4129 2.71712 48
v 28.2819 2.53494 48
v 28.1602 2.34646 48
v 28.048 2.15214 48
v 27.9456 1.95248 48
v 27.8534 1.74796 48
v 27.7714 1.53909 48
v 27.6999 1.3264 48
v 27.6392 1.11041 48
v 27.5892 0.891658 48
v 27.5503 0.67069 48
v 27.5224 0.448055 48
v 27.5056 0.224306 48
v 27.5 -1.54361e-14 48
v 27.5056 -0.224306 48
v 27.5224 -0.448055 48
v 27.5503 -0.67069 48
v 27.5892 -0.891658 48
v 27.6392 -1.11041 48
v 27.6999 -1.3264 48
v 27.7714 -1.53909 48
v 27.8534 -1.74796 48
v 27.9456 -1.95248 48
v 28.048 -2.15214 48
v 28.1602 -2.34646 48
v 28.2819 -2.53494 48
v 28.4129 -2.71712 48
v 28.5528 -2.89254 48
v 28.7013 -3.06078 48
v 28.8579 -3.2214 48
v 29.0224 -3.37402 48
v 29.1943 -3.51824 48
v 29.3732 -3.65372 48
v 29.5585 -3.78012 48
v 29.75 -3.89711 48
v 29.9471 -4.00442 48
v 30.1492 -4.10178 48
v 30.356 -4.18893 48
v 30.5668 -4.26567 48
v 30.7812 -4.33181 48
v 30.9987 -4.38718 48
v 31.2186 -4.43163 48
v 31.4405 -4.46508 48
v 31.6637 -4.48742 48
v 31.8878 -4.4986 48
v 32.1122 -4.4986 48
v 32.3363 -4.48742 48
v 32.5595 -4.46508 48
v 32.7814 -4.43163 48
v 33.0013 -4.38718 48
v 33.2188 -4.33181 48
v 33.4332 -4.26567 48
v 33.644 -4.18893 48
v 33.8508 -4.10178 48
v 34.0529 -4.00442 48
v 34.25 -3.89711 48
v 34.4415 -3.78012 48
v 34.6268 -3.65372 48
v 34.8057 -3.51824 48
v 34.9776 -3.37402 48
v 35.1421 -3.2214 48
v 35.2987 -3.06078 48
v 35.4472 -2.89254 48
v 35.5871 -2.71712 48
v 35.7181 -2.53494 48
v 35.8398 -2.34646 48
v 35.952 -2.15214 48
v 36.0544 -1.95248 48
v 36.1466 -1.74796 48
v 36.2286 -1.53909 48
v 36.3001 -1.3264 48
v 36.3608 -1.11041 48
v 36.4108 -0.891658 48
v 36.4497 -0.67069 48
v 36.4776 -0.448055 48
v 36.4944 -0.224306 48
v 36.5 -1.10218e-15 48
v 36.5 -1.10218e-15 0
v 36.4944 0.224306 0
v 36.4776 0.448055 0
v 36.4497 0.67069 0
v 36.4108 0.891658 0
v 36.3608 1.11041 0
v 36.3001 1.3264 0
v 36.2286 1.53909 0
v 36.1466 1.74796 0
v 36.0544 1.95248 0
v 35.952 2.15214 0
v 35.8398 2.34646 0
v 35.7181 2.53494 0
v 35.5871 2.71712 0
v 35.4472 2.89254 0
v 35.2987 3.06078 0
v 35.1421 3.2214 0
v 34.9776 3.37402 0
v 34.8057 3.51824 0
v 34.6268 3.65372 0
v 34.4415 3.78012 0
v 34.25 3.89711 0
v 34.0529 4.00442 0
v 33.8508 4.10178 0
v 33.644 4.18893 0
v 33.4332 4.26567 0
v 33.2188 4.33181 0
v 33.0013 4.38718 0
v 32.7814 4.43163 0
v 32.5595 4.46508 0
v 32.3363 4.48742 0
v 32.1122 4.4986 0
v 31.8878 4.4986 0
v 31.6637 4.48742 0
v 31.4405 4.46508 0
v 31.2186 4.43163 0
v 30.9987 4.38718 0
v 30.7812 4.33181 0
v 30.5668 4.26567 0
v 30.356 4.18893 0
v 30.1492 4.10178 0
v 29.9471 4.00442 0
v 29.75 3.89711 0
v 29.5585 3.78012 0
v 29.3732 3.65372 0
v 29.1943 3.51824 0
v 29.0224 3.37402 0
v 28.8579 3.2214 0
v 28.7013 3.06078 0
v 28.5528 2.89254 0
v 28.4129 2.71712 0
v 28.2819 2.53494 0
v 28.1602 2.34646 0
v 28.048 2.15214 0
v 27.9456 1.95248 0
v 27.8534 1.74796 0
v 27.7714 1.53909 0
v 27.6999 1.3264 0
v 27.6392 1.11041 0
v 27.5892 0.891658 0
v 27.5503 0.67069 0
v 27.5224 0.448055 0
v 27.5056 0.224306 0
v 27.5 -1.54361e-14 0
v 27.5056 -0.224306 0
v 27.5224 -0.448055 0
v 27.5503 -0.67069 0
v 27.5892 -0.891658 0
v 27.6392 -1.11041 0
v 27.6999 -1.3264 0
v 27.7714 -1.53909 0
v 27.8534 -1.74796 0
v 27.9456 -1.95248 0
v 28.048 -2.15214 0
v 28.1602 -2.34646 0
v 28.2819 -2.53494 0
v 28.4129 -2.71712 0
v 28.5528 -2.89254 0
v 28.7013 -3.06078 0
v 28.8579 -3.2214 0
v 29.0224 -3.37402 0
v 29.1943 -3.51824 0
v 29.3732 -3.65372 0
v 29.5585 -3.78012 0
v 29.75 -3.89711 0
v 29.9471 -4.00442 0
v 30.1492 -4.10178 0
v 30.356 -4.18893 0
v 30.5668 -4.26567 0
v 30.7812 -4.33181 0
v 30.9987 -4.38718 0
v 31.2186 -4.43163 0
v 31.4405 -4.46508 0
v 31.6637 -4.48742 0
v 31.8878 -4.4986 0
v 32.1122 -4.4986 0
v 32.3363 -4.48742 0
v 32.5595 -4.46508 0
v 32.7814 -4.43163 0
v 33.0013 -4.38718 0
v 33.2188 -4.33181 0
v 33.4332 -4.26567 0
v 33.644 -4.18893 0
v 33.8508 -4.10178 0
v 34.0529 -4.00442 0
v 34.25 -3.89711 0
v 34.4415 -3.78012 0
v 34.6268 -3.65372 0
v 34.8057 -3.51824 0
v 34.9776 -3.37402 0
v 35.1421 -3.2214 0
v 35.2987 -3.06078 0
v 35.4472 -2.89254 0
v 35.5871 -2.71712 0
v 35.7181 -2.53494 0
v 35.8398 -2.34646 0
v 35.952 -2.15214 0
v 36.0544 -1.95248 0
v 36.1466 -1.74796 0
v 36.2286 -1.53909 0
v 36.3001 -1.3264 0
v 36.3608 -1.11041 0
v 36.4108 -0.891658 0
v 36.4497 -0.67069 0
v 36.4776 -0.448055 0
v 36.4944 -0.224306 0
v 36.5 -1.10218e-15 0
v -36.5 5.57214e-15 48
v -36.4944 -0.224306 48
v -36.4776 -0.448055 48
v -36.4497 -0.67069 48
v -36.4108 -0.891658 48
v -36.3608 -1.11041 48
v -36.3001 -1.3264 48
v -36.2286 -1.53909 48
v -36.1466 -1.74796 48
v -36.0544 -1.95248 48
v -35.952 -2.15214 48
v -35.8398 -2.34646 48
v -35.7181 -2.53494 48
v -35.5871 -2.71712 48
v -35.4472 -2.89254 48
v -35.2987 -3.06078 48
v -35.1421 -3.2214 48
v -34.9776 -3.37402 48
v -34.8057 -3.51824 48
v -34.6268 -3.65372 48
v -34.4415 -3.78012 48
v -34.25 -3.89711 48
v -34.0529 -4.00442 48
v -33.8508 -4.10178 48
v -33.644 -4.18893 48
v -33.4332 -4.26567 48
v -33.2188 -4.33181 48
v -33.0013 -4.38718 48
v -32.7814 -4.43163 48
v -32.5595 -4.46508 48
v -32.3363 -4.48742 48
v -32.1122 -4.4986 48
v -31.8878 -4.4986 48
v -31.6637 -4.48742 48
v -31.4405 -4.46508 48
v -31.2186 -4.43163 48
v -30.9987 -4.38718 48
v -30.7812 -4.33181 48
v -30.5668 -4.26567 48
v -30.356 -4.18893 48
v -30.1492 -4.10178 48
v -29.9471 -4.00442 48
v -29.75 -3.89711 48
v -29.5585 -3.78012 48
v -29.3732 -3.65372 48
v -29.1943 -3.51824 48
v -29.0224 -3.37402 48
v -28.8579 -3.2214 48
v -28.7013 -3.06078 48
v -28.5528 -2.89254 48
v -28.4129 -2.71712 48
v -28.2819 -2.53494 48
v -28.1602 -2.34646 48
v -28.048 -2.15214 48
v -27.9456 -1.95248 48
v -27.8534 -1.74796 48
v -27.7714 -1.53909 48
v -27.6999 -1.3264 48
v -27.6392 -1.11041 48
v -27.5892 -0.891658 48
v -27.5503 -0.67069 48
v -27.5224 -0.448055 48
v -27.5056 -0.224306 48
v -27.5 1.88039e-14 48
v -27.5056 0.224306 48
v -27.5224 0.448055 48
v -27.5503 0.67069 48
v -27.5892 0.891658 48
v -27.6392 1.11041 48
v -27.6999 1.3264 48
v -27.7714 1.53909 48
v -27.8534 1.74796 48
v -27.9456 1.95248 48
v -28.048 2.15214 48
v -28.1602 2.34646 48
v -28.2819 2.53494 48
v -28.4129 2.71712 48
v -28.5528 2.89254 48
v -28.7013 3.06078 48
v -28.8579 3.2214 48
v -29.0224 3.37402 48
v -29.1943 3.51824 48
v -29.3732 3.65372 48
v -29.5585 3.78012 48
v -29.75 3.89711 48
v -29.9471 4.00442 48
v -30.1492 4.10178 48
v -30.356 4.18893 48
v -30.5668 4.26567 48
v -30.7812 4.33181 48
v -30.9987 4.38718 48
v -31.2186 4.43163 48
v -31.4405 4.46508 48
v -31.6637 4.48742 48
v -31.8878 4.4986 48
v -32.1122 4.4986 48
v -32.3363 4.48742 48
v -32.5595 4.46508 48
v -32.7814 4.43163 48
v -33.0013 4.38718 48
v -33.2188 4.33181 48
v -33.4332 4.26567 48
v -33.644 4.18893 48
v -33.8508 4.10178 48
v -34.0529 4.00442 48
v -34.25 3.89711 48
v -34.4415 3.78012 48
v -34.6268 3.65372 48
v -34.8057 3.51824 48
v -34.9776 3.37402 48
v -35.1421 3.2214 48
v -35.2987 3.06078 48
v -35.4472 2.89254 48
v -35.5871 2.71712 48
v -35.7181 2.53494 48
v -35.8398 2.34646 48
v -35.952 2.15214 48
v -36.0544 1.95248 48
v -36.1466 1.74796 48
v -36.2286 1.53909 48
v -36.3001 1.3264 48
v -36.3608 1.11041 48
v -36.4108 0.891658 48
v -36.4497 0.67069 48
v -36.4776 0.448055 48
v -36.4944 0.224306 48
v -36.5 5.57214e-15 48
v -36.5 5.57214e-15 0
v -36.4944 -0.224306 0
v -36.4776 -0.448055 0
v -36.4497 -0.67069 0
v -36.4108 -0.891658 0
v -36.3608 -1.11041 0
v -36.3001 -1.3264 0
v -36.2286 -1.53909 0
v -36.1466 -1.74796 0
v -36.0544 -1.95248 0
v -35.952 -2.15214 0
v -35.8398 -2.34646 0
v -35.7181 -2.53494 0
v -35.5871 -2.71712 0
v -35.4472 -2.89254 0
v -35.2987 -3.06078 0
v -35.1421 -3.2214 0
v -34.9776 -3.37402 0
v -34.8057 -3.51824 0
v -34.6268 -3.65372 0
v -34.4415 -3.78012 0
v -34.25 -3.89711 0
v -34.0529 -4.00442 0
v -33.8508 -4.10178 0
v -33.644 -4.18893 0
v -33.4332 -4.26567 0
v -33.2188 -4.33181 0
v -33.0013 -4.38718 0
v -32.7814 -4.43163 0
v -32.5595 -4.46508 0
v -32.3363 -4.48742 0
v -32.1122 -4.4986 0
v -31.8878 -4.4986 0
v -31.6637 -4.48742 0
v -31.4405 -4.46508 0
v -31.2186 -4.43163 0
v -30.9987 -4.38718 0
v -30.7812 -4.33181 0
v -30.5668 -4.26567 0
v -30.356 -4.18893 0
v -30.1492 -4.10178 0
v -29.9471 -4.00442 0
v -29.75 -3.89711 0
v -29.5585 -3.78012 0
v -29.3732 -3.65372 0
v -29.1943 -3.51824 0
v -29.0224 -3.37402 0
v -28.8579 -3.2214 0
v -28.7013 -3.06078 0
v -28.5528 -2.89254 0
v -28.4129 -2.71712 0
v -28.2819 -2.53494 0
v -28.1602 -2.34646 0
v -28.048 -2.15214 0
v -27.9456 -1.95248 0
v -27.8534 -1.74796 0
v -27.7714 -1.53909 0
v -27.6999 -1.3264 0
v -27.6392 -1.11041 0
v -27.5892 -0.891658 0
v -27.5503 -0.67069 0
v -27.5224 -0.448055 0
v -27.5056 -0.224306 0
v -27.5 1.88039e-14 0
v -27.5056 0.224306 0
v -27.5224 0.448055 0
v -27.5503 0.67069 0
v -27.5892 0.891658 0
v -27.6392 1.11041 0
v -27.6999 1.3264 0
v -27.7714 1.53909 0
v -27.8534 1.74796 0
v -27.9456 1.95248 0
v -28.048 2.15214 0
v -28.1602 2.34646 0
v -28.2819 2.53494 0
v -28.4129 2.71712 0
v -28.5528 2.89254 0
v -28.7013 3.06078 0
v -28.8579 3.2214 0
v -29.0224 3.37402 0
v -29.1943 3.51824 0
v -29.3732 3.65372 0
v -29.5585 3.78012 0
v -29.75 3.89711 0
v -29.9471 4.00442 0
v -30.1492 4.10178 0
v -30.356 4.18893 0
v -30.5668 4.26567 0
v -30.7812 4.33181 0
v -30.9987 4.38718 0
v -31.2186 4.43163 0
v -31.4405 4.46508 0
v -31.6637 4.48742 0
v -31.8878 4.4986 0
v -32.1122 4.4986 0
v -32.3363 4.48742 0
v -32.5595 4.46508 0
v -32.7814 4.43163 0
v -33.0013 4.38718 0
v -33.2188 4.33181 0
v -33.4332 4.26567 0
v -33.644 4.18893 0
v -33.8508 4.10178 0
v -34.0529 4.00442 0
v -34.25 3.89711 0
v -34.4415 3.78012 0
v -34.6268 3.65372 0
v -34.8057 3.51824 0
v -34.9776 3.37402 0
v -35.1421 3.2214 0
v -35.2987 3.06078 0
v -35.4472 2.89254 0
v -35.5871 2.71712 0
v -35.7181 2.53494 0
v -35.8398 2.34646 0
v -35.952 2.15214 0
v -36.0544 1.95248 0
v -36.1466 1.74796 0
v -36.2286 1.53909 0
v -36.3001 1.3264 0
v -36.3608 1.11041 0
v -36.4108 0.891658 0
v -36.4497 0.67069 0
v -36.4776 0.448055 0
v -36.4944 0.224306 0
v -36.5 5.57214e-15 0
v -18.25 31.6099 48
v -18.4415 31.4929 48
v -18.6268 31.3665 48
v -18.8057 31.2311 48
v -18.9776 31.0868 48
v -19.1421 30.9342 48
v -19.2987 30.7736 48
v -19.4472 30.6054 48
v -19.5871 30.4299 48
v -19.7181 30.2478 48
v -19.8398 30.0593 48
v -19.952 29.865 48
v -20.0544 29.6653 48
v -20.1466 29.4608 48
v -20.2286 29.2519 48
v -20.3001 29.0392 48
v -20.3608 28.8232 48
v -20.4108 28.6045 48
v -20.4497 28.3835 48
v -20.4776 28.1609 48
v -20.4944 27.9371 48
v -20.5 27.7128 48
v -20.4944 27.4885 48
v -20.4776 27.2648 48
v -20.4497 27.0421 48
v -20.4108 26.8212 48
v -20.3608 26.6024 48
v -20.3001 26.3864 48
v -20.2286 26.1737 48
v -20.1466 25.9649 48
v -20.0544 25.7603 48
v -19.952 25.5607 48
v -19.8398 25.3664 48
v -19.7181 25.1779 48
v -19.5871 24.9957 48
v -19.4472 24.8203 48
v -19.2987 24.652 48
v -19.1421 24.4914 48
v -18.9776 24.3388 48
v -18.8057 24.1946 48
v -18.6268 24.0591 48
v -18.4415 23.9327 48
v -18.25 23.8157 48
v -18.0529 23.7084 48
v -17.8508 23.611 48
v -17.644 23.5239 48
v -17.4332 23.4471 48
v -17.2188 23.381 48
v -17.0013 23.3256 48
v -16.7814 23.2812 48
v -16.5595 23.2477 48
v -16.3363 23.2254 48
v -16.1122 23.2142 48
v -15.8878 23.2142 48
v -15.6637 23.2254 48
v -15.4405 23.2477 48
v -15.2186 23.2812 48
v -14.9987 23.3256 48
v -14.7812 23.381 48
v -14.5668 23.4471 48
v -14.356 23.5239 48
v -14.1492 23.611 48
v -13.9471 23.7084 48
v -13.75 23.8157 48
v -13.5585 23.9327 48
v -13.3732 24.0591 48
v -13.1943 24.1946 48
v -13.0224 24.3388 48
v -12.8579 24.4914 48
v -12.7013 24.652 48
v -12.5528 24.8203 48
v -12.4129 24.9957 48
v -12.2819 25.1779 48
v -12.1602 25.3664 48
v -12.048 25.5607 48
v -11.9456 25.7603 48
v -11.8534 25.9649 48
v -11.7714 26.1737 48
v -11.6999 26.3864 48
v -11.6392 26.6024 48
v -11.5892 26.8212 48
v -11.5503 27.0421 48
v -11.5224 27.2648 48
v -11.5056 27.4885 48
v -11.5 27.7128 48
v -11.5056 27.9371 48
v -11.5224 28.1609 48
v -11.5503 28.3835 48
v -11.5892 28.6045 48
v -11.6392 28.8232 48
v -11.6999 29.0392 48
v -11.7714 29.2519 48
v -11.8534 29.4608 48
v -11.9456 29.6653 48
v -12.048 29.865 48
v -12.1602 30.0593 48
v -12.2819 30.2478 48
v -12.4129 30.4299 48
v -12.5528 30.6054 48
v -12.7013 30.7736 48
v -12.8579 30.9342 48
v -13.0224 31.0868 48
v -13.1943 31.2311 48
v -13.3732 31.3665 48
v -13.5585 31.4929 48
v -13.75 31.6099 48
v -13.9471 31.7172 48
v -14.1492 31.8146 48
v -14.356 31.9017 48
v -14.5668 31.9785 48
v -14.7812 32.0446 48
v -14.9987 32.1 48
v -15.2186 32.1444 48
v -15.4405 32.1779 48
v -15.6637 32.2002 48
v -15.8878 32.2114 48
v -16.1122 32.2114 48
v -16.3363 32.2002 48
v -16.5595 32.1779 48
v -16.7814 32.1444 48
v -17.0013 32.1 48
v -17.2188 32.0446 48
v -17.4332 31.9785 48
v -17.644 31.9017 48
v -17.8508 31.8146 48
v -18.0529 31.7172 48
v -18.25 31.6099 48
v -18.25 31.6099 0
v -18.4415 31.4929 0
v -18.6268 31.3665 0
v -18.8057 31.2311 0
v -18.9776 31.0868 0
v -19.1421 30.9342 0
v -19.2987 30.7736 0
v -19.4472 30.6054 0
v -19.5871 30.4299 0
v -19.7181 30.2478 0
v -19.8398 30.0593 0
v -19.952 29.865 0
v -20.0544 29.6653 0
v -20.1466 29.4608 0
v -20.2286 29.2519 0
v -20.3001 29.0392 0
v -20.3608 28.8232 0
v -20.4108 28.6045 0
v -20.4497 28.3835 0
v -20.4776 28.1609 0
v -20.4944 27.9371 0
v -20.5 27.7128 0
v -20.4944 27.4885 0
v -20.4776 27.2648 0
v -20.4497 27.0421 0
v -20.4108 26.8212 0
v -20.3608 26.6024 0
v -20.3001 26.3864 0
v -20.2286 26.1737 0
v -20.1466 25.9649 0
v -20.0544 25.7603 0
v -19.952 25.5607 0
v -19.8398 25.3664 0
v -19.7181 25.1779 0
v -19.5871 24.9957 0
v -19.4472 24.8203 0
v -19.2987 24.652 0
v -19.1421 24.4914 0
v -18.9776 24.3388 0
v -18.8057 24.1946 0
v -18.6268 24.0591 0
v -18.4415 23.9327 0
v -18.25 23.8157 0
v -18.0529 23.7084 0
v -17.8508 23.611 0
v -17.644 23.5239 0
v -17.4332 23.4471 0
v -17.2188 23.381 0
v -17.0013 23.3256 0
v -16.7814 23.2812 0
v -16.5595 23.2477 0
v -16.3363 23.2254 0
v -16.1122 23.2142 0
v -15.8878 23.2142 0
v -15.6637 23.2254 0
v -15.4405 23.2477 0
v -15.2186 23.2812 0
v -14.9987 23.3256 0
v -14.7812 23.381 0
v -14.5668 23.4471 0
v -14.356 23.5239 0
v -14.1492 23.611 0
v -13.9471 23.7084 0
v -13.75 23.8157 0
v -13.5585 23.9327 0
v -13.3732 24.0591 0
v -13.1943 24.1946 0
v -13.0224 24.3388 0
v -12.8579 24.4914 0
v -12.7013 24.652 0
v -12.5528 24.8203 0
v -12.4129 24.9957 0
v -12.2819 25.1779 0
v -12.1602 25.3664 0
v -12.048 25.5607 0
v -11.9456 25.7603 0
v -11.8534 25.9649 0
v -11.7714 26.1737 0
v -11.6999 26.3864 0
v -11.6392 26.6024 0
v -11.5892 26.8212 0
v -11.5503 27.0421 0
v -11.5224 27.2648 0
v -11.5056 27.4885 0
v -11.5 27.7128 0
v -11.5056 27.9371 0
v -11.5224 28.1609 0
v -11.5503 28.3835 0
v -11.5892 28.6045 0
v -11.6392 28.8232 0
v -11.6999 29.0392 0
v -11.7714 29.2519 0
v -11.8534 29.4608 0
v -11.9456 29.6653 0
v -12.048 29.865 0
v -12.1602 30.0593 0
v -12.2819 30.2478 0
v -12.4129 30.4299 0
v -12.5528 30.6054 0
v -12.7013 30.7736 0
v -12.8579 30.9342 0
v -13.0224 31.0868 0
v -13.1943 31.2311 0
v -13.3732 31.3665 0
v -13.5585 31.4929 0
v -13.75 31.6099 0
v -13.9471 31.7172 0
v -14.1492 31.8146 0
v -14.356 31.9017 0
v -14.5668 31.9785 0
v -14.7812 32.0446 0
v -14.9987 32.1 0
v -15.2186 32.1444 0
v -15.4405 32.1779 0
v -15.6637 32.2002 0
v -15.8878 32.2114 0
v -16.1122 32.2114 0
v -16.3363 32.2002 0
v -16.5595 32.1779 0
v -16.7814 32.1444 0
v -17.0013 32.1 0
v -17.2188 32.0446 0
v -17.4332 31.9785 0
v -17.644 31.9017 0
v -17.8508 31.8146 0
v -18.0529 31.7172 0
v -18.25 31.6099 0
v 18.25 31.6099 48
v 18.0529 31.7172 48
v 17.8508 31.8146 48
v 17.644 31.9017 48
v 17.4332 31.9785 48
v 17.2188 32.0446 48
v 17.0013 32.1 48
v 16.7814 32.1444 48
v 16.5595 32.1779 48
v 16.3363 32.2002 48
v 16.1122 32.2114 48
v 15.8878 32.2114 48
v 15.6637 32.2002 48
v 15.4405 32.1779 48
v 15.2186 32.1444 48
v 14.9987 32.1 48
v 14.7812 32.0446 48
v 14.5668 31.9785 48
v 14.356 31.9017 48
v 14.1492 31.8146 48
v 13.9471 31.7172 48
v 13.75 31.6099 48
v 13.5585 31.4929 48
v 13.3732 31.3665 48
v 13.1943 31.2311 48
v 13.0224 31.0868 48
v 12.8579 30.9342 48
v 12.7013 30.7736 48
v 12.5528 30.6054 48
v 12.4129 30.4299 48
v 12.2819 30.2478 48
v 12.1602 30.0593 48
v 12.048 29.865 48
v 11.9456 29.6653 48
v 11.8534 29.4608 48
v 11.7714 29.2519 48
v 11.6999 29.0392 48
v 11.6392 28.8232 48
v 11.5892 28.6045 48
v 11.5503 28.3835 48
v 11.5224 28.1609 48
v 11.5056 27.9371 48
v 11.5 27.7128 48
v 11.5056 27.4885 48
v 11.5224 27.2648 48
v 11.5503 27.0421 48
v 11.5892 26.8212 48
v 11.6392 26.6024 48
v 11.6999 26.3864 48
v 11.7714 26.1737 48
v 11.8534 25.9649 48
v 11.9456 25.7603 48
v 12.048 25.5607 48
v 12.1602 25.3664 48
v 12.2819 25.1779 48
v 12.4129 24.9957 48
v 12.5528 24.8203 48
v 12.7013 24.652 48
v 12.8579 24.4914 48
v 13.0224 24.3388 48
v 13.1943 24.1946 48
v 13.3732 24.0591 48
v 13.5585 23.9327 48
v 13.75 23.8157 48
v 13.9471 23.7084 48
v 14.1492 23.611 48
v 14.356 23.5239 48
v 14.5668 23.4471 48
v 14.7812 23.381 48
v 14.9987 23.3256 48
v 15.2186 23.2812 48
v 15.4405 23.2477 48
v 15.6637 23.2254 48
v 15.8878 23.2142 48
v 16.1122 23.2142 48
v 16.3363 23.2254 48
v 16.5595 23.2477 48
v 16.7814 23.2812 48
v 17.0013 23.3256 48
v 17.2188 23.381 48
v 17.4332 23.4471 48
v 17.644 23.5239 48
v 17.8508 23.611 48
v 18.0529 23.7084 48
v 18.25 23.8157 48
v 18.4415 23.9327 48
v 18.6268 24.0591 48
v 18.8057 24.1946 48
v 18.9776 24.3388 48
v 19.1421 24.4914 48
v 19.2987 24.652 48
v 19.4472 24.8203 48
v 19.5871 24.9957 48
v 19.7181 25.1779 48
v 19.8398 25.3664 48
v 19.952 25.5607 48
v 20.0544 25.7603 48
v 20.1466 25.9649 48
v 20.2286 26.1737 48
v 20.3001 26.3864 48
v 20.3608 26.6024 48
v 20.4108 26.8212 48
v 20.4497 27.0421 48
v 20.4776 27.2648 48
v 20.4944 27.4885 48
v 20.5 27.7128 48
v 20.4944 27.9371 48
v 20.4776 28.1609 48
v 20.4497 28.3835 48
v 20.4108 28.6045 48
v 20.3608 28.8232 48
v 20.3001 29.0392 48
v 20.2286 29.2519 48
v 20.1466 29.4608 48
v 20.0544 29.6653 48
v 19.952 29.865 48
v 19.8398 30.0593 48
v 19.7181 30.2478 48
v 19.5871 30.4299 48
v 19.4472 30.6054 48
v 19.2987 30.7736 48
v 19.1421 30.9342 48
v 18.9776 31.0868 48
v 18.8057 31.2311 48
v 18.6268 31.3665 48
v 18.4415 31.4929 48
v 18.25 31.6099 48
v 18.25 31.6099 0
v 18.0529 31.7172 0
v 17.8508 31.8146 0
v 17.644 31.9017 0
v 17.4332 31.9785 0
v 17.2188 32.0446 0
v 17.0013 32.1 0
v 16.7814 32.1444 0
v 16.5595 32.1779 0
v 16.3363 32.2002 0
v 16.1122 32.2114 0
v 15.8878 32.2114 0
v 15.6637 32.2002 0
v 15.4405 32.1779 0
v 15.2186 32.1444 0
v 14.9987 32.1 0
v 14.7812 32.0446 0
v 14.5668 31.9785 0
v 14.356 31.9017 0
v 14.1492 31.8146 0
v 13.9471 31.7172 0
v 13.75 31.6099 0
v 13.5585 31.4929 0
v 13.3732 31.3665 0
v 13.1943 31.2311 0
v 13.0224 31.0868 0
v 12.8579 30.9342 0
v 12.7013 30.7736 0
v 12.5528 30.6054 0
v 12.4129 30.4299 0
v 12.2819 30.2478 0
v 12.1602 30.0593 0
v 12.048 29.865 0
v 11.9456 29.6653 0
v 11.8534 29.4608 0
v 11.7714 29.2519 0
v 11.6999 29.0392 0
v 11.6392 28.8232 0
v 11.5892 28.6045 0
v 11.5503 28.3835 0
v 11.5224 28.1609 0
v 11.5056 27.9371 0
v 11.5 27.7128 0
v 11.5056 27.4885 0
v 11.5224 27.2648 0
v 11.5503 27.0421 0
v 11.5892 26.8212 0
v 11.6392 26.6024 0
v 11.6999 26.3864 0
v 11.7714 26.1737 0
v 11.8534 25.9649 0
v 11.9456 25.7603 0
v 12.048 25.5607 0
v 12.1602 25.3664 0
v 12.2819 25.1779 0
v 12.4129 24.9957 0
v 12.5528 24.8203 0
v 12.7013 24.652 0
v 12.8579 24.4914 0
v 13.0224 24.3388 0
v 13.1943 24.1946 0
v 13.3732 24.0591 0
v 13.5585 23.9327 0
v 13.75 23.8157 0
v 13.9471 23.7084 0
v 14.1492 23.611 0
v 14.356 23.5239 0
v 14.5668 23.4471 0
v 14.7812 23.381 0
v 14.9987 23.3256 0
v 15.2186 23.2812 0
v 15.4405 23.2477 0
v 15.6637 23.2254 0
v 15.8878 23.2142 0
v 16.1122 23.2142 0
v 16.3363 23.2254 0
v 16.5595 23.2477 0
v 16.7814 23.2812 0
v 17.0013 23.3256 0
v 17.2188 23.381 0
v 17.4332 23.4471 0
v 17.644 23.5239 0
v 17.8508 23.611 0
v 18.0529 23.7084 0
v 18.25 23.8157 0
v 18.4415 23.9327 0
v 18.6268 24.0591 0
v 18.8057 24.1946 0
v 18.9776 24.3388 0
v 19.1421 24.4914 0
v 19.2987 24.652 0
v 19.4472 24.8203 0
v 19.5871 24.9957 0
v 19.7181 25.1779 0
v 19.8398 25.3664 0
v 19.952 25.5607 0
v 20.0544 25.7603 0
v 20.1466 25.9649 0
v 20.2286 26.1737 0
v 20.3001 26.3864 0
v 20.3608 26.6024 0
v 20.4108 26.8212 0
v 20.4497 27.0421 0
v 20.4776 27.2648 0
v 20.4944 27.4885 0
v 20.5 27.7128 0
v 20.4944 27.9371 0
v 20.4776 28.1609 0
v 20.4497 28.3835 0
v 20.4108 28.6045 0
v 20.3608 28.8232 0
v 20.3001 29.0392 0
v 20.2286 29.2519 0
v 20.1466 29.4608 0
v 20.0544 29.6653 0
v 19.952 29.865 0
v 19.8398 30.0593 0
v 19.7181 30.2478 0
v 19.5871 30.4299 0
v 19.4472 30.6054 0
v 19.2987 30.7736 0
v 19.1421 30.9342 0
v 18.9776 31.0868 0
v 18.8057 31.2311 0
v 18.6268 31.3665 0
v 18.4415 31.4929 0
v 18.25 31.6099 0
v 115 -2.81669e-14 20
v 114.857 5.73228 20
v 114.429 11.4503 20
v 113.716 17.1399 20
v 112.72 22.7868 20
v 111.444 28.3771 20
v 109.891 33.8968 20
v 108.065 39.3323 20
v 105.97 44.67 20
v 103.611 49.8966 20
v 100.995 54.9992 20
v 98.1285 59.965 20
v 95.0175 64.7818 20
v 91.6702 69.4375 20
v 88.0951 73.9206 20
v 84.301 78.2199 20
v 80.2972 82.3247 20
v 76.0939 86.2248 20
v 71.7013 89.9106 20
v 67.1305 93.3729 20
v 62.3928 96.603 20
v 57.5 99.5929 20
v 52.4642 102.335 20
v 47.298 104.823 20
v 42.0142 107.05 20
v 36.626 109.012 20
v 31.1467 110.702 20
v 25.5899 112.117 20
v 19.9695 113.253 20
v 14.2995 114.108 20
v 8.59396 114.678 20
v 2.86703 114.964 20
v -2.86703 114.964 20
v -8.59396 114.678 20
v -14.2995 114.108 20
v -19.9695 113.253 20
v -25.5899 112.117 20
v -31.1467 110.702 20
v -36.626 109.012 20
v -42.0142 107.05 20
v -47.298 104.823 20
v -52.4642 102.335 20
v -57.5 99.5929 20
v -62.3928 96.603 20
v -67.1305 93.3729 20
v -71.7013 89.9106 20
v -76.0939 86.2248 20
v -80.2972 82.3247 20
v -84.301 78.2199 20
v -88.0951 73.9206 20
v -91.6702 69.4375 20
v -95.0175 64.7818 20
v -98.1285 59.965 20
v -100.995 54.9992 20
v -103.611 49.8966 20
v -105.97 44.67 20
v -108.065 39.3323 20
v -109.891 33.8968 20
v -111.444 28.3771 20
v -112.72 22.7868 20
v -113.716 17.1399 20
v -114.429 11.4503 20
v -114.857 5.73228 20
v -115 -3.94479e-13 20
v -114.857 -5.73228 20
v -114.429 -11.4503 20
v -113.716 -17.1399 20
v -112.72 -22.7868 20
v -111.444 -28.3771 20
v -109.891 -33.8968 20
v -108.065 -39.3323 20
v -105.97 -44.67 20
v -103.611 -49.8966 20
v -100.995 -54.9992 20
v -98.1285 -59.965 20
v -95.0175 -64.7818 20
v -91.6702 -69.4375 20
v -88.0951 -73.9206 20
v -84.301 -78.2199 20
v -80.2972 -82.3247 20
v -76.0939 -86.2248 20
v -71.7013 -89.9106 20
v -67.1305 -93.3729 20
v -62.3928 -96.603 20
v -57.5 -99.5929 20
v -52.4642 -102.335 20
v -47.298 -104.823 20
v -42.0142 -107.05 20
v -36.626 -109.012 20
v -31.1467 -110.702 20
v -25.5899 -112.117 20
v -19.9695 -113.253 20
v -14.2995 -114.108 20
v -8.59396 -114.678 20
v -2.86703 -114.964 20
v 2.86703 -114.964 20
v 8.59396 -114.678 20
v 14.2995 -114.108 20
v 19.9695 -113.253 20
v 25.5899 -112.117 20
v 31.1467 -110.702 20
v 36.626 -109.012 20
v 42.0142 -107.05 20
v 47.298 -104.823 20
v 52.4642 -102.335 20
v 57.5 -99.5929 20
v 62.3928 -96.603 20
v 67.1305 -93.3729 20
v 71.7013 -89.9106 20
v 76.0939 -86.2248 20
v 80.2972 -82.3247 20
v 84.301 -78.2199 20
v 88.0951 -73.9206 20
v 91.6702 -69.4375 20
v 95.0175 -64.7818 20
v 98.1285 -59.965 20
v 100.995 -54.9992 20
v 103.611 -49.8966 20
v 105.97 -44.67 20
v 108.065 -39.3323 20
v 109.891 -33.8968 20
v 111.444 -28.3771 20
v 112.72 -22.7868 20
v 113.716 -17.1399 20
v 114.429 -11.4503 20
v 114.857 -5.73228 20
v 50 -1.22465e-14 20
v 49.9378 2.49229 20
v 49.7515 4.97839 20
v 49.4415 7.45211 20
v 49.0086 9.90731 20
v 48.4539 12.3379 20
v 47.7786 14.7378 20
v 46.9846 17.101 20
v 46.0738 19.4217 20
v 45.0484 21.6942 20
v 43.9111 23.9127 20
v 42.6645 26.0718 20
v 41.3119 28.166 20
v 39.8566 30.1902 20
v 38.3022 32.1394 20
v 36.6526 34.0086 20
v 34.9118 35.7933 20
v 33.0843 37.4891 20
v 31.1745 39.0916 20
v 29.1872 40.5969 20
v 27.1273 42.0013 20
v 25 43.3013 20
v 22.8105 44.4936 20
v 20.5644 45.5753 20
v 18.2671 46.5437 20
v 15.9243 47.3964 20
v 13.542 48.1312 20
v 11.126 48.7464 20
v 8.68241 49.2404 20
v 6.21719 49.612 20
v 3.7365 49.8602 20
v 1.24653 49.9845 20
v -1.24653 49.9845 20
v -3.7365 49.8602 20
v -6.21719 49.612 20
v -8.68241 49.2404 20
v -11.126 48.7464 20
v -13.542 48.1312 20
v -15.9243 47.3964 20
v -18.2671 46.5437 20
v -20.5644 45.5753 20
v -22.8105 44.4936 20
v -25 43.3013 20
v -27.1273 42.0013 20
v -29.1872 40.5969 20
v -31.1745 39.0916 20
v -33.0843 37.4891 20
v -34.9118 35.7933 20
v -36.6526 34.0086 20
v -38.3022 32.1394 20
v -39.8566 30.1902 20
v -41.3119 28.166 20
v -42.6645 26.0718 20
v -43.9111 23.9127 20
v -45.0484 21.6942 20
v -46.0738 19.4217 20
v -46.9846 17.101 20
v -47.7786 14.7378 20
v -48.4539 12.3379 20
v -49.0086 9.90731 20
v -49.4415 7.45211 20
v -49.7515 4.97839 20
v -49.9378 2.49229 20
v -50 -1.71512e-13 20
v -49.9378 -2.49229 20
v -49.7515 -4.97839 20
v -49.4415 -7.45211 20
v -49.0086 -9.90731 20
v -48.4539 -12.3379 20
v -47.7786 -14.7378 20
v -46.9846 -17.101 20
v -46.0738 -19.4217 20
v -45.0484 -21.6942 20
v -43.9111 -23.9127 20
v -42.6645 -26.0718 20
v -41.3119 -28.166 20
v -39.8566 -30.1902 20
v -38.3022 -32.1394 20
v -36.6526 -34.0086 20
v -34.9118 -35.7933 20
v -33.0843 -37.4891 20
v -31.1745 -39.0916 20
v -29.1872 -40.5969 20
v -27.1273 -42.0013 20
v -25 -43.3013 20
v -22.8105 -44.4936 20
v -20.5644 -45.5753 20
v -18.2671 -46.5437 20
v -15.9243 -47.3964 20
v -13.542 -48.1312 20
v -11.126 -48.7464 20
v -8.68241 -49.2404 20
v -6.21719 -49.612 20
v -3.7365 -49.8602 20
v -1.24653 -49.9845 20
v 1.24653 -49.9845 20
v 3.7365 -49.8602 20
v 6.21719 -49.612 20
v 8.68241 -49.2404 20
v 11.126 -48.7464 20
v 13.542 -48.1312 20
v 15.9243 -47.3964 20
v 18.2671 -46.5437 20
v 20.5644 -45.5753 20
v 22.8105 -44.4936 20
v 25 -43.3013 20
v 27.1273 -42.0013 20
v 29.1872 -40.5969 20
v 31.1745 -39.0916 20
v 33.0843 -37.4891 20
v 34.9118 -35.7933 20
v 36.6526 -34.0086 20
v 38.3022 -32.1394 20
v 39.8566 -30.1902 20
v 41.3119 -28.166 20
v 42.6645 -26.0718 20
v 43.9111 -23.9127 20
v 45.0484 -21.6942 20
v 46.0738 -19.4217 20
v 46.9846 -17.101 20
v 47.7786 -14.7378 20
v 48.4539 -12.3379 20
v 49.0086 -9.90731 20
v 49.4415 -7.45211 20
v 49.7515 -4.97839 20
v 49.9378 -2.49229 20
v 45 -1.10218e-14 48
v 44.9441 2.24306 48
v 44.7764 4.48055 48
v 44.4974 6.7069 48
v 44.1078 8.91658 48
v 43.6085 11.1041 48
v 43.0008 13.264 48
v 42.2862 15.3909 48
v 41.4664 17.4796 48
v 40.5436 19.5248 48
v 39.52 21.5214 48
v 38.3981 23.4646 48
v 37.1807 25.3494 48
v 35.871 27.1712 48
v 34.472 28.9254 48
v 32.9873 30.6078 48
v 31.4207 32.214 48
v 29.7759 33.7402 48
v 28.057 35.1824 48
v 26.2685 36.5372 48
v 24.4146 37.8012 48
v 22.5 38.9711 48
v 20.5295 40.0442 48
v 18.5079 41.0178 48
v 16.4403 41.8893 48
v 14.3319 42.6567 48
v 12.1878 43.3181 48
v 10.0134 43.8718 48
v 7.81417 44.3163 48
v 5.59547 44.6508 48
v 3.36285 44.8742 48
v 1.12188 44.986 48
v -1.12188 44.986 48
v -3.36285 44.8742 48
v -5.59547 44.6508 48
v -7.81417 44.3163 48
v -10.0134 43.8718 48
v -12.1878 43.3181 48
v -14.3319 42.6567 48
v -16.4403 41.8893 48
v -18.5079 41.0178 48
v -20.5295 40.0442 48
v -22.5 38.9711 48
v -24.4146 37.8012 48
v -26.2685 36.5372 48
v -28.057 35.1824 48
v -29.7759 33.7402 48
v -31.4207 32.214 48
v -32.9873 30.6078 48
v -34.472 28.9254 48
v -35.871 27.1712 48
v -37.1807 25.3494 48
v -38.3981 23.4646 48
v -39.52 21.5214 48
v -40.5436 19.5248 48
v -41.4664 17.4796 48
v -42.2862 15.3909 48
v -43.0008 13.264 48
v -43.6085 11.1041 48
v -44.1078 8.91658 48
v -44.4974 6.7069 48
v -44.7764 4.48055 48
v -44.9441 2.24306 48
v -45 -1.54361e-13 48
v -44.9441 -2.24306 48
v -44.7764 -4.48055 48
v -44.4974 -6.7069 48
v -44.1078 -8.91658 48
v -43.6085 -11.1041 48
v -43.0008 -13.264 48
v -42.2862 -15.3909 48
v -41.4664 -17.4796 48
v -40.5436 -19.5248 48
v -39.52 -21.5214 48
v -38.3981 -23.4646 48
v -37.1807 -25.3494 48
v -35.871 -27.1712 48
v -34.472 -28.9254 48
v -32.9873 -30.6078 48
v -31.4207 -32.214 48
v -29.7759 -33.7402 48
v -28.057 -35.1824 48
v -26.2685 -36.5372 48
v -24.4146 -37.8012 48
v -22.5 -38.9711 48
v -20.5295 -40.0442 48
v -18.5079 -41.0178 48
v -16.4403 -41.8893 48
v -14.3319 -42.6567 48
v -12.1878 -43.3181 48
v -10.0134 -43.8718 48
v -7.81417 -44.3163 48
v -5.59547 -44.6508 48
v -3.36285 -44.8742 48
v -1.12188 -44.986 48
v 1.12188 -44.986 48
v 3.36285 -44.8742 48
v 5.59547 -44.6508 48
v 7.81417 -44.3163 48
v 10.0134 -43.8718 48
v 12.1878 -43.3181 48
v 14.3319 -42.6567 48
v 16.4403 -41.8893 48
v 18.5079 -41.0178 48
v 20.5295 -40.0442 48
v 22.5 -38.9711 48
v 24.4146 -37.8012 48
v 26.2685 -36.5372 48
v 28.057 -35.1824 48
v 29.7759 -33.7402 48
v 31.4207 -32.214 48
v 32.9873 -30.6078 48
v 34.472 -28.9254 48
v 35.871 -27.1712 48
v 37.1807 -25.3494 48
v 38.3981 -23.4646 48
v 39.52 -21.5214 48
v 40.5436 -19.5248 48
v 41.4664 -17.4796 48
v 42.2862 -15.3909 48
v 43.0008 -13.264 48
v 43.6085 -11.1041 48
v 44.1078 -8.91658 48
v 44.4974 -6.7069 48
v 44.7764 -4.48055 48
v 44.9441 -2.24306 48
v -18.25 -31.6099 48
v -18.0529 -31.7172 48
v -17.8508 -31.8146 48
v -17.644 -31.9017 48
v -17.4332 -31.9785 48
v -17.2188 -32.0446 48
v -17.0013 -32.1 48
v -16.7814 -32.1444 48
v -16.5595 -32.1779 48
v -16.3363 -32.2002 48
v -16.1122 -32.2114 48
v -15.8878 -32.2114 48
v -15.6637 -32.2002 48
v -15.4405 -32.1779 48
v -15.2186 -32.1444 48
v -14.9987 -32.1 48
v -14.7812 -32.0446 48
v -14.5668 -31.9785 48
v -14.356 -31.9017 48
v -14.1492 -31.8146 48
v -13.9471 -31.7172 48
v -13.75 -31.6099 48
v -13.5585 -31.4929 48
v -13.3732 -31.3665 48
v -13.1943 -31.2311 48
v -13.0224 -31.0868 48
v -12.8579 -30.9342 48
v -12.7013 -30.7736 48
v -12.5528 -30.6054 48
v -12.4129 -30.4299 48
v -12.2819 -30.2478 48
v -12.1602 -30.0593 48
v -12.048 -29.865 48
v -11.9456 -29.6653 48
v -11.8534 -29.4608 48
v -11.7714 -29.2519 48
v -11.6999 -29.0392 48
v -11.6392 -28.8232 48
v -11.5892 -28.6045 48
v -11.5503 -28.3835 48
v -11.5224 -28.1609 48
v -11.5056 -27.9371 48
v -11.5 -27.7128 48
v -11.5056 -27.4885 48
v -11.5224 -27.2648 48
v -11.5503 -27.0421 48
v -11.5892 -26.8212 48
v -11.6392 -26.6024 48
v -11.6999 -26.3864 48
v -11.7714 -26.1737 48
v -11.8534 -25.9649 48
v -11.9456 -25.7603 48
v -12.048 -25.5607 48
v -12.1602 -25.3664 48
v -12.2819 -25.1779 48
v -12.4129 -24.9957 48
v -12.5528 -24.8203 48
v -12.7013 -24.652 48
v -12.8579 -24.4914 48
v -13.0224 -24.3388 48
v -13.1943 -24.1946 48
v -13.3732 -24.0591 48
v -13.5585 -23.9327 48
v -13.75 -23.8157 48
v -13.9471 -23.7084 48
v -14.1492 -23.611 48
v -14.356 -23.5239 48
v -14.5668 -23.4471 48
v -14.7812 -23.381 48
v -14.9987 -23.3256 48
v -15.2186 -23.2812 48
v -15.4405 -23.2477 48
v -15.6637 -23.2254 48
v -15.8878 -23.2142 48
v -16.1122 -23.2142 48
v -16.3363 -23.2254 48
v -16.5595 -23.2477 48
v -16.7814 -23.2812 48
v -17.0013 -23.3256 48
v -17.2188 -23.381 48
v -17.4332 -23.4471 48
v -17.644 -23.5239 48
v -17.8508 -23.611 48
v -18.0529 -23.7084 48
v -18.25 -23.8157 48
v -18.4415 -23.9327 48
v -18.6268 -24.0591 48
v -18.8057 -24.1946 48
v -18.9776 -24.3388 48
v -19.1421 -24.4914 48
v -19.2987 -24.652 48
v -19.4472 -24.8203 48
v -19.5871 -24.9957 48
v -19.7181 -25.1779 48
v -19.8398 -25.3664 48
v -19.952 -25.5607 48
v -20.0544 -25.7603 48
v -20.1466 -25.9649 48
v -20.2286 -26.1737 48
v -20.3001 -26.3864 48
v -20.3608 -26.6024 48
v -20.4108 -26.8212 48
v -20.4497 -27.0421 48
v -20.4776 -27.2648 48
v -20.4944 -27.4885 48
v -20.5 -27.7128 48
v -20.4944 -27.9371 48
v -20.4776 -28.1609 48
v -20.4497 -28.3835 48
v -20.4108 -28.6045 48
v -20.3608 -28.8232 48
v -20.3001 -29.0392 48
v -20.2286 -29.2519 48
v -20.1466 -29.4608 48
v -20.0544 -29.6653 48
v -19.952 -29.865 48
v -19.8398 -30.0593 48
v -19.7181 -30.2478 48
v -19.5871 -30.4299 48
v -19.4472 -30.6054 48
v -19.2987 -30.7736 48
v -19.1421 -30.9342 48
v -18.9776 -31.0868 48
v -18.8057 -31.2311 48
v -18.6268 -31.3665 48
v -18.4415 -31.4929 48
v 18.25 -31.6099 48
v 18.4415 -31.4929 48
v 18.6268 -31.3665 48
v 18.8057 -31.2311 48
v 18.9776 -31.0868 48
v 19.1421 -30.9342 48
v 19.2987 -30.7736 48
v 19.4472 -30.6054 48
v 19.5871 -30.4299 48
v 19.7181 -30.2478 48
v 19.8398 -30.0593 48
v 19.952 -29.865 48
v 20.0544 -29.6653 48
v 20.1466 -29.4608 48
v 20.2286 -29.2519 48
v 20.3001 -29.0392 48
v 20.3608 -28.8232 48
v 20.4108 -28.6045 48
v 20.4497 -28.3835 48
v 20.4776 -28.1609 48
v 20.4944 -27.9371 48
v 20.5 -27.7128 48
v 20.4944 -27.4885 48
v 20.4776 -27.2648 48
v 20.4497 -27.0421 48
v 20.4108 -26.8212 48
v 20.3608 -26.6024 48
v 20.3001 -26.3864 48
v 20.2286 -26.1737 48
v 20.1466 -25.9649 48
v 20.0544 -25.7603 48
v 19.952 -25.5607 48
v 19.8398 -25.3664 48
v 19.7181 -25.1779 48
v 19.5871 -24.9957 48
v 19.4472 -24.8203 48
v 19.2987 -24.652 48
v 19.1421 -24.4914 48
v 18.9776 -24.3388 48
v 18.8057 -24.1946 48
v 18.6268 -24.0591 48
v 18.4415 -23.9327 48
v 18.25 -23.8157 48
v 18.0529 -23.7084 48
v 17.8508 -23.611 48
v 17.644 -23.5239 48
v 17.4332 -23.4471 48
v 17.2188 -23.381 48
v 17.0013 -23.3256 48
v 16.7814 -23.2812 48
v 16.5595 -23.2477 48
v 16.3363 -23.2254 48
v 16.1122 -23.2142 48
v 15.8878 -23.2142 48
v 15.6637 -23.2254 48
v 15.4405 -23.2477 48
v 15.2186 -23.2812 48
v 14.9987 -23.3256 48
v 14.7812 -23.381 48
v 14.5668 -23.4471 48
v 14.356 -23.5239 48
v 14.1492 -23.611 48
v 13.9471 -23.7084 48
v 13.75 -23.8157 48
v 13.5585 -23.9327 48
v 13.3732 -24.0591 48
v 13.1943 -24.1946 48
v 13.0224 -24.3388 48
v 12.8579 -24.4914 48
v 12.7013 -24.652 48
v 12.5528 -24.8203 48
v 12.4129 -24.9957 48
v 12.2819 -25.1779 48
v 12.1602 -25.3664 48
v 12.048 -25.5607 48
v 11.9456 -25.7603 48
v 11.8534 -25.9649 48
v 11.7714 -26.1737 48
v 11.6999 -26.3864 48
v 11.6392 -26.6024 48
v 11.5892 -26.8212 48
v 11.5503 -27.0421 48
v 11.5224 -27.2648 48
v 11.5056 -27.4885 48
v 11.5 -27.7128 48
v 11.5056 -27.9371 48
v 11.5224 -28.1609 48
v 11.5503 -28.3835 48
v 11.5892 -28.6045 48
v 11.6392 -28.8232 48
v 11.6999 -29.0392 48
v 11.7714 -29.2519 48
v 11.8534 -29.4608 48
v 11.9456 -29.6653 48
v 12.048 -29.865 48
v 12.1602 -30.0593 48
v 12.2819 -30.2478 48
v 12.4129 -30.4299 48
v 12.5528 -30.6054 48
v 12.7013 -30.7736 48
v 12.8579 -30.9342 48
v 13.0224 -31.0868 48
v 13.1943 -31.2311 48
v 13.3732 -31.3665 48
v 13.5585 -31.4929 48
v 13.75 -31.6099 48
v 13.9471 -31.7172 48
v 14.1492 -31.8146 48
v 14.356 -31.9017 48
v 14.5668 -31.9785 48
v 14.7812 -32.0446 48
v 14.9987 -32.1 48
v 15.2186 -32.1444 48
v 15.4405 -32.1779 48
v 15.6637 -32.2002 48
v 15.8878 -32.2114 48
v 16.1122 -32.2114 48
v 16.3363 -32.2002 48
v 16.5595 -32.1779 48
v 16.7814 -32.1444 48
v 17.0013 -32.1 48
v 17.2188 -32.0446 48
v 17.4332 -31.9785 48
v 17.644 -31.9017 48
v 17.8508 -31.8146 48
v 18.0529 -31.7172 48
v 15 -3.67394e-15 48
v 14.9814 0.747688 48
v 14.9255 1.49352 48
v 14.8325 2.23563 48
v 14.7026 2.97219 48
v 14.5362 3.70136 48
v 14.3336 4.42133 48
v 14.0954 5.1303 48
v 13.8221 5.82652 48
v 13.5145 6.50826 48
v 13.1733 7.17381 48
v 12.7994 7.82153 48
v 12.3936 8.4498 48
v 11.957 9.05707 48
v 11.4907 9.64181 48
v 10.9958 10.2026 48
v 10.4736 10.738 48
v 9.92529 11.2467 48
v 9.35235 11.7275 48
v 8.75616 12.1791 48
v 8.13819 12.6004 48
v 7.5 12.9904 48
v 6.84316 13.3481 48
v 6.16931 13.6726 48
v 5.48012 13.9631 48
v 4.7773 14.2189 48
v 4.06261 14.4394 48
v 3.33781 14.6239 48
v 2.60472 14.7721 48
v 1.86516 14.8836 48
v 1.12095 14.9581 48
v 0.37396 14.9953 48
v -0.37396 14.9953 48
v -1.12095 14.9581 48
v -1.86516 14.8836 48
v -2.60472 14.7721 48
v -3.33781 14.6239 48
v -4.06261 14.4394 48
v -4.7773 14.2189 48
v -5.48012 13.9631 48
v -6.16931 13.6726 48
v -6.84316 13.3481 48
v -7.5 12.9904 48
v -8.13819 12.6004 48
v -8.75616 12.1791 48
v -9.35235 11.7275 48
v -9.92529 11.2467 48
v -10.4736 10.738 48
v -10.9958 10.2026 48
v -11.4907 9.64181 48
v -11.957 9.05707 48
v -12.3936 8.4498 48
v -12.7994 7.82153 48
v -13.1733 7.17381 48
v -13.5145 6.50826 48
v -13.8221 5.82652 48
v -14.0954 5.1303 48
v -14.3336 4.42133 48
v -14.5362 3.70136 48
v -14.7026 2.97219 48
v -14.8325 2.23563 48
v -14.9255 1.49352 48
v -14.9814 0.747688 48
v -15 -5.14537e-14 48
v -14.9814 -0.747688 48
v -14.9255 -1.49352 48
v -14.8325 -2.23563 48
v -14.7026 -2.97219 48
v -14.5362 -3.70136 48
v -14.3336 -4.42133 48
v -14.0954 -5.1303 48
v -13.8221 -5.82652 48
v -13.5145 -6.50826 48
v -13.1733 -7.17381 48
v -12.7994 -7.82153 48
v -12.3936 -8.4498 48
v -11.957 -9.05707 48
v -11.4907 -9.64181 48
v -10.9958 -10.2026 48
v -10.4736 -10.738 48
v -9.92529 -11.2467 48
v -9.35235 -11.7275 48
v -8.75616 -12.1791 48
v -8.13819 -12.6004 48
v -7.5 -12.9904 48
v -6.84316 -13.3481 48
v -6.16931 -13.6726 48
v -5.48012 -13.9631 48
v -4.7773 -14.2189 48
v -4.06261 -14.4394 48
v -3.33781 -14.6239 48
v -2.60472 -14.7721 48
v -1.86516 -14.8836 48
v -1.12095 -14.9581 48
v -0.37396 -14.9953 48
v 0.37396 -14.9953 48
v 1.12095 -14.9581 48
v 1.86516 -14.8836 48
v 2.60472 -14.7721 48
v 3.33781 -14.6239 48
v 4.06261 -14.4394 48
v 4.7773 -14.2189 48
v 5.48012 -13.9631 48
v 6.16931 -13.6726 48
v 6.84316 -13.3481 48
v 7.5 -12.9904 48
v 8.13819 -12.6004 48
v 8.75616 -12.1791 48
v 9.35235 -11.7275 48
v 9.92529 -11.2467 48
v 10.4736 -10.738 48
v 10.9958 -10.2026 48
v 11.4907 -9.64181 48
v 11.957 -9.05707 48
v 12.3936 -8.4498 48
v 12.7994 -7.82153 48
v 13.1733 -7.17381 48
v 13.5145 -6.50826 48
v 13.8221 -5.82652 48
v 14.0954 -5.1303 48
v 14.3336 -4.42133 48
v 14.5362 -3.70136 48
v 14.7026 -2.97219 48
v 14.8325 -2.23563 48
v 14.9255 -1.49352 48
v 14.9814 -0.747688 48
v 36.5 -1.10218e-15 48
v 36.4944 0.224306 48
v 36.4776 0.448055 48
v 36.4497 0.67069 48
v 36.4108 0.891658 48
v 36.3608 1.11041 48
v 36.3001 1.3264 48
v 36.2286 1.53909 48
v 36.1466 1.74796 48
v 36.0544 1.95248 48
v 35.952 2.15214 48
v 35.8398 2.34646 48
v 35.7181 2.53494 48
v 35.5871 2.71712 48
v 35.4472 2.89254 48
v 35.2987 3.06078 48
v 35.1421 3.2214 48
v 34.9776 3.37402 48
v 34.8057 3.51824 48
v 34.6268 3.65372 48
v 34.4415 3.78012 48
v 34.25 3.89711 48
v 34.0529 4.00442 48
v 33.8508 4.10178 48
v 33.644 4.18893 48
v 33.4332 4.26567 48
v 33.2188 4.33181 48
v 33.0013 4.38718 48
v 32.7814 4.43163 48
v 32.5595 4.46508 48
v 32.3363 4.48742 48
v 32.1122 4.4986 48
v 31.8878 4.4986 48
v 31.6637 4.48742 48
v 31.4405 4.46508 48
v 31.2186 4.43163 48
v 30.9987 4.38718 48
v 30.7812 4.33181 48
v 30.5668 4.26567 48
v 30.356 4.18893 48
v 30.1492 4.10178 48
v 29.9471 4.00442 48
v 29.75 3.89711 48
v 29.5585 3.78012 48
v 29.3732 3.65372 48
v 29.1943 3.51824 48
v 29.0224 3.37402 48
v 28.8579 3.2214 48
v 28.7013 3.06078 48
v 28.5528 2.89254 48
v 28.4129 2.71712 48
v 28.2819 2.53494 48
v 28.1602 2.34646 48
v 28.048 2.15214 48
v 27.9456 1.95248 48
v 27.8534 1.74796 48
v 27.7714 1.53909 48
v 27.6999 1.3264 48
v 27.6392 1.11041 48
v 27.5892 0.891658 48
v 27.5503 0.67069 48
v 27.5224 0.448055 48
v 27.5056 0.224306 48
v 27.5 -1.54361e-14 48
v 27.5056 -0.224306 48
v 27.5224 -0.448055 48
v 27.5503 -0.67069 48
v 27.5892 -0.891658 48
v 27.6392 -1.11041 48
v 27.6999 -1.3264 48
v 27.7714 -1.53909 48
v 27.8534 -1.74796 48
v 27.9456 -1.95248 48
v 28.048 -2.15214 48
v 28.1602 -2.34646 48
v 28.2819 -2.53494 48
v 28.4129 -2.71712 48
v 28.5528 -2.89254 48
v 28.7013 -3.06078 48
v 28.8579 -3.2214 48
v 29.0224 -3.37402 48
v 29.1943 -3.51824 48
v 29.3732 -3.65372 48
v 29.5585 -3.78012 48
v 29.75 -3.89711 48
v 29.9471 -4.00442 48
v 30.1492 -4.10178 48
v 30.356 -4.18893 48
v 30.5668 -4.26567 48
v 30.7812 -4.33181 48
v 30.9987 -4.38718 48
v 31.2186 -4.43163 48
v 31.4405 -4.46508 48
v 31.6637 -4.48742 48
v 31.8878 -4.4986 48
v 32.1122 -4.4986 48
v 32.3363 -4.48742 48
v 32.5595 -4.46508 48
v 32.7814 -4.43163 48
v 33.0013 -4.38718 48
v 33.2188 -4.33181 48
v 33.4332 -4.26567 48
v 33.644 -4.18893 48
v 33.8508 -4.10178 48
v 34.0529 -4.00442 48
v 34.25 -3.89711 48
v 34.4415 -3.78012 48
v 34.6268 -3.65372 48
v 34.8057 -3.51824 48
v 34.9776 -3.37402 48
v 35.1421 -3.2214 48
v 35.2987 -3.06078 48
v 35.4472 -2.89254 48
v 35.5871 -2.71712 48
v 35.7181 -2.53494 48
v 35.8398 -2.34646 48
v 35.952 -2.15214 48
v 36.0544 -1.95248 48
v 36.1466 -1.74796 48
v 36.2286 -1.53909 48
v 36.3001 -1.3264 48
v 36.3608 -1.11041 48
v 36.4108 -0.891658 48
v 36.4497 -0.67069 48
v 36.4776 -0.448055 48
v 36.4944 -0.224306 48
v -36.5 5.57214e-15 48
v -36.4944 -0.224306 48
v -36.4776 -0.448055 48
v -36.4497 -0.67069 48
v -36.4108 -0.891658 48
v -36.3608 -1.11041 48
v -36.3001 -1.3264 48
v -36.2286 -1.53909 48
v -36.1466 -1.74796 48
v -36.0544 -1.95248 48
v -35.952 -2.15214 48
v -35.8398 -2.34646 48
v -35.7181 -2.53494 48
v -35.5871 -2.71712 48
v -35.4472 -2.89254 48
v -35.2987 -3.06078 48
v -35.1421 -3.2214 48
v -34.9776 -3.37402 48
v -34.8057 -3.51824 48
v -34.6268 -3.65372 48
v -34.4415 -3.78012 48
v -34.25 -3.89711 48
v -34.0529 -4.00442 48
v -33.8508 -4.10178 48
v -33.644 -4.18893 48
v -33.4332 -4.26567 48
v -33.2188 -4.33181 48
v -33.0013 -4.38718 48
v -32.7814 -4.43163 48
v -32.5595 -4.46508 48
v -32.3363 -4.48742 48
v -32.1122 -4.4986 48
v -31.8878 -4.4986 48
v -31.6637 -4.48742 48
v -31.4405 -4.46508 48
v -31.2186 -4.43163 48
v -30.9987 -4.38718 48
v -30.7812 -4.33181 48
v -30.5668 -4.26567 48
v -30.356 -4.18893 48
v -30.1492 -4.10178 48
v -29.9471 -4.00442 48
v -29.75 -3.89711 48
v -29.5585 -3.78012 48
v -29.3732 -3.65372 48
v -29.1943 -3.51824 48
v -29.0224 -3.37402 48
v -28.8579 -3.2214 48
v -28.7013 -3.06078 48
v -28.5528 -2.89254 48
v -28.4129 -2.71712 48
v -28.2819 -2.53494 48
v -28.1602 -2.34646 48
v -28.048 -2.15214 48
v -27.9456 -1.95248 48
v -27.8534 -1.74796 48
v -27.7714 -1.53909 48
v -27.6999 -1.3264 48
v -27.6392 -1.11041 48
v -27.5892 -0.891658 48
v -27.5503 -0.67069 48
v -27.5224 -0.448055 48
v -27.5056 -0.224306 48
v -27.5 1.88039e-14 48
v -27.5056 0.224306 48
v -27.5224 0.448055 48
v -27.5503 0.67069 48
v -27.5892 0.891658 48
v -27.6392 1.11041 48
v -27.6999 1.3264 48
v -27.7714 1.53909 48
v -27.8534 1.74796 48
v -27.9456 1.95248 48
v -28.048 2.15214 48
v -28.1602 2.34646 48
v -28.2819 2.53494 48
v -28.4129 2.71712 48
v -28.5528 2.89254 48
v -28.7013 3.06078 48
v -28.8579 3.2214 48
v -29.0224 3.37402 48
v -29.1943 3.51824 48
v -29.3732 3.65372 48
v -29.5585 3.78012 48
v -29.75 3.89711 48
v -29.9471 4.00442 48
v -30.1492 4.10178 48
v -30.356 4.18893 48
v -30.5668 4.26567 48
v -30.7812 4.33181 48
v -30.9987 4.38718 48
v -31.2186 4.43163 48
v -31.4405 4.46508 48
v -31.6637 4.48742 48
v -31.8878 4.4986 48
v -32.1122 4.4986 48
v -32.3363 4.48742 48
v -32.5595 4.46508 48
v -32.7814 4.43163 48
v -33.0013 4.38718 48
v -33.2188 4.33181 48
v -33.4332 4.26567 48
v -33.644 4.18893 48
v -33.8508 4.10178 48
v -34.0529 4.00442 48
v -34.25 3.89711 48
v -34.4415 3.78012 48
v -34.6268 3.65372 48
v -34.8057 3.51824 48
v -34.9776 3.37402 48
v -35.1421 3.2214 48
v -35.2987 3.06078 48
v -35.4472 2.89254 48
v -35.5871 2.71712 48
v -35.7181 2.53494 48
v -35.8398 2.34646 48
v -35.952 2.15214 48
v -36.0544 1.95248 48
v -36.1466 1.74796 48
v -36.2286 1.53909 48
v -36.3001 1.3264 48
v -36.3608 1.11041 48
v -36.4108 0.891658 48
v -36.4497 0.67069 48
v -36.4776 0.448055 48
v -36.4944 0.224306 48
v -18.25 31.6099 48
v -18.4415 31.4929 48
v -18.6268 31.3665 48
v -18.8057 31.2311 48
v -18.9776 31.0868 48
v -19.1421 30.9342 48
v -19.2987 30.7736 48
v -19.4472 30.6054 48
v -19.5871 30.4299 48
v -19.7181 30.2478 48
v -19.8398 30.0593 48
v -19.952 29.865 48
v -20.0544 29.6653 48
v -20.1466 29.4608 48
v -20.2286 29.2519 48
v -20.3001 29.0392 48
v -20.3608 28.8232 48
v -20.4108 28.6045 48
v -20.4497 28.3835 48
v -20.4776 28.1609 48
v -20.4944 27.9371 48
v -20.5 27.7128 48
v -20.4944 27.4885 48
v -20.4776 27.2648 48
v -20.4497 27.0421 48
v -20.4108 26.8212 48
v -20.3608 26.6024 48
v -20.3001 26.3864 48
v -20.2286 26.1737 48
v -20.1466 25.9649 48
v -20.0544 25.7603 48
v -19.952 25.5607 48
v -19.8398 25.3664 48
v -19.7181 25.1779 48
v -19.5871 24.9957 48
v -19.4472 24.8203 48
v -19.2987 24.652 48
v -19.1421 24.4914 48
v -18.9776 24.3388 48
v -18.8057 24.1946 48
v -18.6268 24.0591 48
v -18.4415 23.9327 48
v -18.25 23.8157 48
v -18.0529 23.7084 48
v -17.8508 23.611 48
v -17.644 23.5239 48
v -17.4332 23.4471 48
v -17.2188 23.381 48
v -17.0013 23.3256 48
v -16.7814 23.2812 48
v -16.5595 23.2477 48
v -16.3363 23.2254 48
v -16.1122 23.2142 48
v -15.8878 23.2142 48
v -15.6637 23.2254 48
v -15.4405 23.2477 48
v -15.2186 23.2812 48
v -14.9987 23.3256 48
v -14.7812 23.381 48
v -14.5668 23.4471 48
v -14.356 23.5239 48
v -14.1492 23.611 48
v -13.9471 23.7084 48
v -13.75 23.8157 48
v -13.5585 23.9327 48
v -13.3732 24.0591 48
v -13.1943 24.1946 48
v -13.0224 24.3388 48
v -12.8579 24.4914 48
v -12.7013 24.652 48
v -12.5528 24.8203 48
v -12.4129 24.9957 48
v -12.2819 25.1779 48
v -12.1602 25.3664 48
v -12.048 25.5607 48
v -11.9456 25.7603 48
v -11.8534 25.9649 48
v -11.7714 26.1737 48
v -11.6999 26.3864 48
v -11.6392 26.6024 48
v -11.5892 26.8212 48
v -11.5503 27.0421 48
v -11.5224 27.2648 48
v -11.5056 27.4885 48
v -11.5 27.7128 48
v -11.5056 27.9371 48
v -11.5224 28.1609 48
v -11.5503 28.3835 48
v -11.5892 28.6045 48
v -11.6392 28.8232 48
v -11.6999 29.0392 48
v -11.7714 29.2519 48
v -11.8534 29.4608 48
v -11.9456 29.6653 48
v -12.048 29.865 48
v -12.1602 30.0593 48
v -12.2819 30.2478 48
v -12.4129 30.4299 48
v -12.5528 30.6054 48
v -12.7013 30.7736 48
v -12.8579 30.9342 48
v -13.0224 31.0868 48
v -13.1943 31.2311 48
v -13.3732 31.3665 48
v -13.5585 31.4929 48
v -13.75 31.6099 48
v -13.9471 31.7172 48
v -14.1492 31.8146 48
v -14.356 31.9017 48
v -14.5668 31.9785 48
v -14.7812 32.0446 48
v -14.9987 32.1 48
v -15.2186 32.1444 48
v -15.4405 32.1779 48
v -15.6637 32.2002 48
v -15.8878 32.2114 48
v -16.1122 32.2114 48
v -16.3363 32.2002 48
v -16.5595 32.1779 48
v -16.7814 32.1444 48
v -17.0013 32.1 48
v -17.2188 32.0446 48
v -17.4332 31.9785 48
v -17.644 31.9017 48
v -17.8508 31.8146 48
v -18.0529 31.7172 48
v 18.25 31.6099 48
v 18.0529 31.7172 48
v 17.8508 31.8146 48
v 17.644 31.9017 48
v 17.4332 31.9785 48
v 17.2188 32.0446 48
v 17.0013 32.1 48
v 16.7814 32.1444 48
v 16.5595 32.1779 48
v 16.3363 32.2002 48
v 16.1122 32.2114 48
v 15.8878 32.2114 48
v 15.6637 32.2002 48
v 15.4405 32.1779 48
v 15.2186 32.1444 48
v 14.9987 32.1 48
v 14.7812 32.0446 48
v 14.5668 31.9785 48
v 14.356 31.9017 48
v 14.1492 31.8146 48
v 13.9471 31.7172 48
v 13.75 31.6099 48
v 13.5585 31.4929 48
v 13.3732 31.3665 48
v 13.1943 31.2311 48
v 13.0224 31.0868 48
v 12.8579 30.9342 48
v 12.7013 30.7736 48
v 12.5528 30.6054 48
v 12.4129 30.4299 48
v 12.2819 30.2478 48
v 12.1602 30.0593 48
v 12.048 29.865 48
v 11.9456 29.6653 48
v 11.8534 29.4608 48
v 11.7714 29.2519 48
v 11.6999 29.0392 48
v 11.6392 28.8232 48
v 11.5892 28.6045 48
v 11.5503 28.3835 48
v 11.5224 28.1609 48
v 11.5056 27.9371 48
v 11.5 27.7128 48
v 11.5056 27.4885 48
v 11.5224 27.2648 48
v 11.5503 27.0421 48
v 11.5892 26.8212 48
v 11.6392 26.6024 48
v 11.6999 26.3864 48
v 11.7714 26.1737 48
v 11.8534 25.9649 48
v 11.9456 25.7603 48
v 12.048 25.5607 48
v 12.1602 25.3664 48
v 12.2819 25.1779 48
v 12.4129 24.9957 48
v 12.5528 24.8203 48
v 12.7013 24.652 48
v 12.8579 24.4914 48
v 13.0224 24.3388 48
v 13.1943 24.1946 48
v 13.3732 24.0591 48
v 13.5585 23.9327 48
v 13.75 23.8157 48
v 13.9471 23.7084 48
v 14.1492 23.611 48
v 14.356 23.5239 48
v 14.5668 23.4471 48
v 14.7812 23.381 48
v 14.9987 23.3256 48
v 15.2186 23.2812 48
v 15.4405 23.2477 48
v 15.6637 23.2254 48
v 15.8878 23.2142 48
v 16.1122 23.2142 48
v 16.3363 23.2254 48
v 16.5595 23.2477 48
v 16.7814 23.2812 48
v 17.0013 23.3256 48
v 17.2188 23.381 48
v 17.4332 23.4471 48
v 17.644 23.5239 48
v 17.8508 23.611 48
v 18.0529 23.7084 48
v 18.25 23.8157 48
v 18.4415 23.9327 48
v 18.6268 24.0591 48
v 18.8057 24.1946 48
v 18.9776 24.3388 48
v 19.1421 24.4914 48
v 19.2987 24.652 48
v 19.4472 24.8203 48
v 19.5871 24.9957 48
v 19.7181 25.1779 48
v 19.8398 25.3664 48
v 19.952 25.5607 48
v 20.0544 25.7603 48
v 20.1466 25.9649 48
v 20.2286 26.1737 48
v 20.3001 26.3864 48
v 20.3608 26.6024 48
v 20.4108 26.8212 48
v 20.4497 27.0421 48
v 20.4776 27.2648 48
v 20.4944 27.4885 48
v 20.5 27.7128 48
v 20.4944 27.9371 48
v 20.4776 28.1609 48
v 20.4497 28.3835 48
v 20.4108 28.6045 48
v 20.3608 28.8232 48
v 20.3001 29.0392 48
v 20.2286 29.2519 48
v 20.1466 29.4608 48
v 20.0544 29.6653 48
v 19.952 29.865 48
v 19.8398 30.0593 48
v 19.7181 30.2478 48
v 19.5871 30.4299 48
v 19.4472 30.6054 48
v 19.2987 30.7736 48
v 19.1421 30.9342 48
v 18.9776 31.0868 48
v 18.8057 31.2311 48
v 18.6268 31.3665 48
v 18.4415 31.4929 48
v 50 -1.22465e-14 32
v 49.9378 2.49229 32
v 49.7515 4.97839 32
v 49.4415 7.45211 32
v 49.0086 9.90731 32
v 48.4539 12.3379 32
v 47.7786 14.7378 32
v 46.9846 17.101 32
v 46.0738 19.4217 32
v 45.0484 21.6942 32
v 43.9111 23.9127 32
v 42.6645 26.0718 32
v 41.3119 28.166 32
v 39.8566 30.1902 32
v 38.3022 32.1394 32
v 36.6526 34.0086 32
v 34.9118 35.7933 32
v 33.0843 37.4891 32
v 31.1745 39.0916 32
v 29.1872 40.5969 32
v 27.1273 42.0013 32
v 25 43.3013 32
v 22.8105 44.4936 32
v 20.5644 45.5753 32
v 18.2671 46.5437 32
v 15.9243 47.3964 32
v 13.542 48.1312 32
v 11.126 48.7464 32
v 8.68241 49.2404 32
v 6.21719 49.612 32
v 3.7365 49.8602 32
v 1.24653 49.9845 32
v -1.24653 49.9845 32
v -3.7365 49.8602 32
v -6.21719 49.612 32
v -8.68241 49.2404 32
v -11.126 48.7464 32
v -13.542 48.1312 32
v -15.9243 47.3964 32
v -18.2671 46.5437 32
v -20.5644 45.5753 32
v -22.8105 44.4936 32
v -25 43.3013 32
v -27.1273 42.0013 32
v -29.1872 40.5969 32
v -31.1745 39.0916 32
v -33.0843 37.4891 32
v -34.9118 35.7933 32
v -36.6526 34.0086 32
v -38.3022 32.1394 32
v -39.8566 30.1902 32
v -41.3119 28.166 32
v -42.6645 26.0718 32
v -43.9111 23.9127 32
v -45.0484 21.6942 32
v -46.0738 19.4217 32
v -46.9846 17.101 32
v -47.7786 14.7378 32
v -48.4539 12.3379 32
v -49.0086 9.90731 32
v -49.4415 7.45211 32
v -49.7515 4.97839 32
v -49.9378 2.49229 32
v -50 -1.71512e-13 32
v -49.9378 -2.49229 32
v -49.7515 -4.97839 32
v -49.4415 -7.45211 32
v -49.0086 -9.90731 32
v -48.4539 -12.3379 32
v -47.7786 -14.7378 32
v -46.9846 -17.101 32
v -46.0738 -19.4217 32
v -45.0484 -21.6942 32
v -43.9111 -23.9127 32
v -42.6645 -26.0718 32
v -41.3119 -28.166 32
v -39.8566 -30.1902 32
v -38.3022 -32.1394 32
v -36.6526 -34.0086 32
v -34.9118 -35.7933 32
v -33.0843 -37.4891 32
v -31.1745 -39.0916 32
v -29.1872 -40.5969 32
v -27.1273 -42.0013 32
v -25 -43.3013 32
v -22.8105 -44.4936 32
v -20.5644 -45.5753 32
v -18.2671 -46.5437 32
v -15.9243 -47.3964 32
v -13.542 -48.1312 32
v -11.126 -48.7464 32
v -8.68241 -49.2404 32
v -6.21719 -49.612 32
v -3.7365 -49.8602 32
v -1.24653 -49.9845 32
v 1.24653 -49.9845 32
v 3.7365 -49.8602 32
v 6.21719 -49.612 32
v 8.68241 -49.2404 32
v 11.126 -48.7464 32
v 13.542 -48.1312 32
v 15.9243 -47.3964 32
v 18.2671 -46.5437 32
v 20.5644 -45.5753 32
v 22.8105 -44.4936 32
v 25 -43.3013 32
v 27.1273 -42.0013 32
v 29.1872 -40.5969 32
v 31.1745 -39.0916 32
v 33.0843 -37.4891 32
v 34.9118 -35.7933 32
v 36.6526 -34.0086 32
v 38.3022 -32.1394 32
v 39.8566 -30.1902 32
v 41.3119 -28.166 32
v 42.6645 -26.0718 32
v 43.9111 -23.9127 32
v 45.0484 -21.6942 32
v 46.0738 -19.4217 32
v 46.9846 -17.101 32
v 47.7786 -14.7378 32
v 48.4539 -12.3379 32
v 49.0086 -9.90731 32
v 49.4415 -7.45211 32
v 49.7515 -4.97839 32
v 49.9378 -2.49229 32
v 50 -1.22465e-14 32
v 50 -1.22465e-14 20
v 49.9378 2.49229 20
v 49.7515 4.97839 20
v 49.4415 7.45211 20
v 49.0086 9.90731 20
v 48.4539 12.3379 20
v 47.7786 14.7378 20
v 46.9846 17.101 20
v 46.0738 19.4217 20
v 45.0484 21.6942 20
v 43.9111 23.9127 20
v 42.6645 26.0718 20
v 41.3119 28.166 20
v 39.8566 30.1902 20
v 38.3022 32.1394 20
v 36.6526 34.0086 20
v 34.9118 35.7933 20
v 33.0843 37.4891 20
v 31.1745 39.0916 20
v 29.1872 40.5969 20
v 27.1273 42.0013 20
v 25 43.3013 20
v 22.8105 44.4936 20
v 20.5644 45.5753 20
v 18.2671 46.5437 20
v 15.9243 47.3964 20
v 13.542 48.1312 20
v 11.126 48.7464 20
v 8.68241 49.2404 20
v 6.21719 49.612 20
v 3.7365 49.8602 20
v 1.24653 49.9845 20
v -1.24653 49.9845 20
v -3.7365 49.8602 20
v -6.21719 49.612 20
v -8.68241 49.2404 20
v -11.126 48.7464 20
v -13.542 48.1312 20
v -15.9243 47.3964 20
v -18.2671 46.5437 20
v -20.5644 45.5753 20
v -22.8105 44.4936 20
v -25 43.3013 20
v -27.1273 42.0013 20
v -29.1872 40.5969 20
v -31.1745 39.0916 20
v -33.0843 37.4891 20
v -34.9118 35.7933 20
v -36.6526 34.0086 20
v -38.3022 32.1394 20
v -39.8566 30.1902 20
v -41.3119 28.166 20
v -42.6645 26.0718 20
v -43.9111 23.9127 20
v -45.0484 21.6942 20
v -46.0738 19.4217 20
v -46.9846 17.101 20
v -47.7786 14.7378 20
v -48.4539 12.3379 20
v -49.0086 9.90731 20
v -49.4415 7.45211 20
v -49.7515 4.97839 20
v -49.9378 2.49229 20
v -50 -1.71512e-13 20
v -49.9378 -2.49229 20
v -49.7515 -4.97839 20
v -49.4415 -7.45211 20
v -49.0086 -9.90731 20
v -48.4539 -12.3379 20
v -47.7786 -14.7378 20
v -46.9846 -17.101 20
v -46.0738 -19.4217 20
v -45.0484 -21.6942 20
v -43.9111 -23.9127 20
v -42.6645 -26.0718 20
v -41.3119 -28.166 20
v -39.8566 -30.1902 20
v -38.3022 -32.1394 20
v -36.6526 -34.0086 20
v -34.9118 -35.7933 20
v -33.0843 -37.4891 20
v -31.1745 -39.0916 20
v -29.1872 -40.5969 20
v -27.1273 -42.0013 20
v -25 -43.3013 20
v -22.8105 -44.4936 20
v -20.5644 -45.5753 20
v -18.2671 -46.5437 20
v -15.9243 -47.3964 20
v -13.542 -48.1312 20
v -11.126 -48.7464 20
v -8.68241 -49.2404 20
v -6.21719 -49.612 20
v -3.7365 -49.8602 20
v -1.24653 -49.9845 20
v 1.24653 -49.9845 20
v 3.7365 -49.8602 20
v 6.21719 -49.612 20
v 8.68241 -49.2404 20
v 11.126 -48.7464 20
v 13.542 -48.1312 20
v 15.9243 -47.3964 20
v 18.2671 -46.5437 20
v 20.5644 -45.5753 20
v 22.8105 -44.4936 20
v 25 -43.3013 20
v 27.1273 -42.0013 20
v 29.1872 -40.5969 20
v 31.1745 -39.0916 20
v 33.0843 -37.4891 20
v 34.9118 -35.7933 20
v 36.6526 -34.0086 20
v 38.3022 -32.1394 20
v 39.8566 -30.1902 20
v 41.3119 -28.166 20
v 42.6645 -26.0718 20
v 43.9111 -23.9127 20
v 45.0484 -21.6942 20
v 46.0738 -19.4217 20
v 46.9846 -17.101 20
v 47.7786 -14.7378 20
v 48.4539 -12.3379 20
v 49.0086 -9.90731 20
v 49.4415 -7.45211 20
v 49.7515 -4.97839 20
v 49.9378 -2.49229 20
v 50 -1.22465e-14 20
v 45 -1.10218e-14 32
v 45 -1.10218e-14 48
v 45 -1.10218e-14 48
v 44.9441 2.24306 48
v 44.7764 4.48055 48
v 44.4974 6.7069 48
v 44.1078 8.91658 48
v 43.6085 11.1041 48
v 43.0008 13.264 48
v 42.2862 15.3909 48
v 41.4664 17.4796 48
v 40.5436 19.5248 48
v 39.52 21.5214 48
v 38.3981 23.4646 48
v 37.1807 25.3494 48
v 35.871 27.1712 48
v 34.472 28.9254 48
v 32.9873 30.6078 48
v 31.4207 32.214 48
v 29.7759 33.7402 48
v 28.057 35.1824 48
v 26.2685 36.5372 48
v 24.4146 37.8012 48
v 22.5 38.9711 48
v 20.5295 40.0442 48
v 18.5079 41.0178 48
v 16.4403 41.8893 48
v 14.3319 42.6567 48
v 12.1878 43.3181 48
v 10.0134 43.8718 48
v 7.81417 44.3163 48
v 5.59547 44.6508 48
v 3.36285 44.8742 48
v 1.12188 44.986 48
v -1.12188 44.986 48
v -3.36285 44.8742 48
v -5.59547 44.6508 48
v -7.81417 44.3163 48
v -10.0134 43.8718 48
v -12.1878 43.3181 48
v -14.3319 42.6567 48
v -16.4403 41.8893 48
v -18.5079 41.0178 48
v -20.5295 40.0442 48
v -22.5 38.9711 48
v -24.4146 37.8012 48
v -26.2685 36.5372 48
v -28.057 35.1824 48
v -29.7759 33.7402 48
v -31.4207 32.214 48
v -32.9873 30.6078 48
v -34.472 28.9254 48
v -35.871 27.1712 48
v -37.1807 25.3494 48
v -38.3981 23.4646 48
v -39.52 21.5214 48
v -40.5436 19.5248 48
v -41.4664 17.4796 48
v -42.2862 15.3909 48
v -43.0008 13.264 48
v -43.6085 11.1041 48
v -44.1078 8.91658 48
v -44.4974 6.7069 48
v -44.7764 4.48055 48
v -44.9441 2.24306 48
v -45 -1.54361e-13 48
v -44.9441 -2.24306 48
v -44.7764 -4.48055 48
v -44.4974 -6.7069 48
v -44.1078 -8.91658 48
v -43.6085 -11.1041 48
v -43.0008 -13.264 48
v -42.2862 -15.3909 48
v -41.4664 -17.4796 48
v -40.5436 -19.5248 48
v -39.52 -21.5214 48
v -38.3981 -23.4646 48
v -37.1807 -25.3494 48
v -35.871 -27.1712 48
v -34.472 -28.9254 48
v -32.9873 -30.6078 48
v -31.4207 -32.214 48
v -29.7759 -33.7402 48
v -28.057 -35.1824 48
v -26.2685 -36.5372 48
v -24.4146 -37.8012 48
v -22.5 -38.9711 48
v -20.5295 -40.0442 48
v -18.5079 -41.0178 48
v -16.4403 -41.8893 48
v -14.3319 -42.6567 48
v -12.1878 -43.3181 48
v -10.0134 -43.8718 48
v -7.81417 -44.3163 48
v -5.59547 -44.6508 48
v -3.36285 -44.8742 48
v -1.12188 -44.986 48
v 1.12188 -44.986 48
v 3.36285 -44.8742 48
v 5.59547 -44.6508 48
v 7.81417 -44.3163 48
v 10.0134 -43.8718 48
v 12.1878 -43.3181 48
v 14.3319 -42.6567 48
v 16.4403 -41.8893 48
v 18.5079 -41.0178 48
v 20.5295 -40.0442 48
v 22.5 -38.9711 48
v 24.4146 -37.8012 48
v 26.2685 -36.5372 48
v 28.057 -35.1824 48
v 29.7759 -33.7402 48
v 31.4207 -32.214 48
v 32.9873 -30.6078 48
v 34.472 -28.9254 48
v 35.871 -27.1712 48
v 37.1807 -25.3494 48
v 38.3981 -23.4646 48
v 39.52 -21.5214 48
v 40.5436 -19.5248 48
v 41.4664 -17.4796 48
v 42.2862 -15.3909 48
v 43.0008 -13.264 48
v 43.6085 -11.1041 48
v 44.1078 -8.91658 48
v 44.4974 -6.7069 48
v 44.7764 -4.48055 48
v 44.9441 -2.24306 48
v 45 -1.10218e-14 32
v 44.9441 2.24306 32
v 44.7764 4.48055 32
v 44.4974 6.7069 32
v 44.1078 8.91658 32
v 43.6085 11.1041 32
v 43.0008 13.264 32
v 42.2862 15.3909 32
v 41.4664 17.4796 32
v 40.5436 19.5248 32
v 39.52 21.5214 32
v 38.3981 23.4646 32
v 37.1807 25.3494 32
v 35.871 27.1712 32
v 34.472 28.9254 32
v 32.9873 30.6078 32
v 31.4207 32.214 32
v 29.7759 33.7402 32
v 28.057 35.1824 32
v 26.2685 36.5372 32
v 24.4146 37.8012 32
v 22.5 38.9711 32
v 20.5295 40.0442 32
v 18.5079 41.0178 32
v 16.4403 41.8893 32
v 14.3319 42.6567 32
v 12.1878 43.3181 32
v 10.0134 43.8718 32
v 7.81417 44.3163 32
v 5.59547 44.6508 32
v 3.36285 44.8742 32
v 1.12188 44.986 32
v -1.12188 44.986 32
v -3.36285 44.8742 32
v -5.59547 44.6508 32
v -7.81417 44.3163 32
v -10.0134 43.8718 32
v -12.1878 43.3181 32
v -14.3319 42.6567 32
v -16.4403 41.8893 32
v -18.5079 41.0178 32
v -20.5295 40.0442 32
v -22.5 38.9711 32
v -24.4146 37.8012 32
v -26.2685 36.5372 32
v -28.057 35.1824 32
v -29.7759 33.7402 32
v -31.4207 32.214 32
v -32.9873 30.6078 32
v -34.472 28.9254 32
v -35.871 27.1712 32
v -37.1807 25.3494 32
v -38.3981 23.4646 32
v -39.52 21.5214 32
v -40.5436 19.5248 32
v -41.4664 17.4796 32
v -42.2862 15.3909 32
v -43.0008 13.264 32
v -43.6085 11.1041 32
v -44.1078 8.91658 32
v -44.4974 6.7069 32
v -44.7764 4.48055 32
v -44.9441 2.24306 32
v -45 -1.54361e-13 32
v -44.9441 -2.24306 32
v -44.7764 -4.48055 32
v -44.4974 -6.7069 32
v -44.1078 -8.91658 32
v -43.6085 -11.1041 32
v -43.0008 -13.264 32
v -42.2862 -15.3909 32
v -41.4664 -17.4796 32
v -40.5436 -19.5248 32
v -39.52 -21.5214 32
v -38.3981 -23.4646 32
v -37.1807 -25.3494 32
v -35.871 -27.1712 32
v -34.472 -28.9254 32
v -32.9873 -30.6078 32
v -31.4207 -32.214 32
v -29.7759 -33.7402 32
v -28.057 -35.1824 32
v -26.2685 -36.5372 32
v -24.4146 -37.8012 32
v -22.5 -38.9711 32
v -20.5295 -40.0442 32
v -18.5079 -41.0178 32
v -16.4403 -41.8893 32
v -14.3319 -42.6567 32
v -12.1878 -43.3181 32
v -10.0134 -43.8718 32
v -7.81417 -44.3163 32
v -5.59547 -44.6508 32
v -3.36285 -44.8742 32
v -1.12188 -44.986 32
v 1.12188 -44.986 32
v 3.36285 -44.8742 32
v 5.59547 -44.6508 32
v 7.81417 -44.3163 32
v 10.0134 -43.8718 32
v 12.1878 -43.3181 32
v 14.3319 -42.6567 32
v 16.4403 -41.8893 32
v 18.5079 -41.0178 32
v 20.5295 -40.0442 32
v 22.5 -38.9711 32
v 24.4146 -37.8012 32
v 26.2685 -36.5372 32
v 28.057 -35.1824 32
v 29.7759 -33.7402 32
v 31.4207 -32.214 32
v 32.9873 -30.6078 32
v 34.472 -28.9254 32
v 35.871 -27.1712 32
v 37.1807 -25.3494 32
v 38.3981 -23.4646 32
v 39.52 -21.5214 32
v 40.5436 -19.5248 32
v 41.4664 -17.4796 32
v 42.2862 -15.3909 32
v 43.0008 -13.264 32
v 43.6085 -11.1041 32
v 44.1078 -8.91658 32
v 44.4974 -6.7069 32
v 44.7764 -4.48055 32
v 44.9441 -2.24306 32
v 50 -1.22465e-14 32
v 49.9378 2.49229 32
v 49.7515 4.97839 32
v 49.4415 7.45211 32
v 49.0086 9.90731 32
v 48.4539 12.3379 32
v 47.7786 14.7378 32
v 46.9846 17.101 32
v 46.0738 19.4217 32
v 45.0484 21.6942 32
v 43.9111 23.9127 32
v 42.6645 26.0718 32
v 41.3119 28.166 32
v 39.8566 30.1902 32
v 38.3022 32.1394 32
v 36.6526 34.0086 32
v 34.9118 35.7933 32
v 33.0843 37.4891 32
v 31.1745 39.0916 32
v 29.1872 40.5969 32
v 27.1273 42.0013 32
v 25 43.3013 32
v 22.8105 44.4936 32
v 20.5644 45.5753 32
v 18.2671 46.5437 32
v 15.9243 47.3964 32
v 13.542 48.1312 32
v 11.126 48.7464 32
v 8.68241 49.2404 32
v 6.21719 49.612 32
v 3.7365 49.8602 32
v 1.24653 49.9845 32
v -1.24653 49.9845 32
v -3.7365 49.8602 32
v -6.21719 49.612 32
v -8.68241 49.2404 32
v -11.126 48.7464 32
v -13.542 48.1312 32
v -15.9243 47.3964 32
v -18.2671 46.5437 32
v -20.5644 45.5753 32
v -22.8105 44.4936 32
v -25 43.3013 32
v -27.1273 42.0013 32
v -29.1872 40.5969 32
v -31.1745 39.0916 32
v -33.0843 37.4891 32
v -34.9118 35.7933 32
v -36.6526 34.0086 32
v -38.3022 32.1394 32
v -39.8566 30.1902 32
v -41.3119 28.166 32
v -42.6645 26.0718 32
v -43.9111 23.9127 32
v -45.0484 21.6942 32
v -46.0738 19.4217 32
v -46.9846 17.101 32
v -47.7786 14.7378 32
v -48.4539 12.3379 32
v -49.0086 9.90731 32
v -49.4415 7.45211 32
v -49.7515 4.97839 32
v -49.9378 2.49229 32
v -50 -1.71512e-13 32
v -49.9378 -2.49229 32
v -49.7515 -4.97839 32
v -49.4415 -7.45211 32
v -49.0086 -9.90731 32
v -48.4539 -12.3379 32
v -47.7786 -14.7378 32
v -46.9846 -17.101 32
v -46.0738 -19.4217 32
v -45.0484 -21.6942 32
v -43.9111 -23.9127 32
v -42.6645 -26.0718 32
v -41.3119 -28.166 32
v -39.8566 -30.1902 32
v -38.3022 -32.1394 32
v -36.6526 -34.0086 32
v -34.9118 -35.7933 32
v -33.0843 -37.4891 32
v -31.1745 -39.0916 32
v -29.1872 -40.5969 32
v -27.1273 -42.0013 32
v -25 -43.3013 32
v -22.8105 -44.4936 32
v -20.5644 -45.5753 32
v -18.2671 -46.5437 32
v -15.9243 -47.3964 32
v -13.542 -48.1312 32
v -11.126 -48.7464 32
v -8.68241 -49.2404 32
v -6.21719 -49.612 32
v -3.7365 -49.8602 32
v -1.24653 -49.9845 32
v 1.24653 -49.9845 32
v 3.7365 -49.8602 32
v 6.21719 -49.612 32
v 8.68241 -49.2404 32
v 11.126 -48.7464 32
v 13.542 -48.1312 32
v 15.9243 -47.3964 32
v 18.2671 -46.5437 32
v 20.5644 -45.5753 32
v 22.8105 -44.4936 32
v 25 -43.3013 32
v 27.1273 -42.0013 32
v 29.1872 -40.5969 32
v 31.1745 -39.0916 32
v 33.0843 -37.4891 32
v 34.9118 -35.7933 32
v 36.6526 -34.0086 32
v 38.3022 -32.1394 32
v 39.8566 -30.1902 32
v 41.3119 -28.166 32
v 42.6645 -26.0718 32
v 43.9111 -23.9127 32
v 45.0484 -21.6942 32
v 46.0738 -19.4217 32
v 46.9846 -17.101 32
v 47.7786 -14.7378 32
v 48.4539 -12.3379 32
v 49.0086 -9.90731 32
v 49.4415 -7.45211 32
v 49.7515 -4.97839 32
v 49.9378 -2.49229 32
v 45 -1.10218e-14 32
v 44.9441 2.24306 32
v 44.7764 4.48055 32
v 44.4974 6.7069 32
v 44.1078 8.91658 32
v 43.6085 11.1041 32
v 43.0008 13.264 32
v 42.2862 15.3909 32
v 41.4664 17.4796 32
v 40.5436 19.5248 32
v 39.52 21.5214 32
v 38.3981 23.4646 32
v 37.1807 25.3494 32
v 35.871 27.1712 32
v 34.472 28.9254 32
v 32.9873 30.6078 32
v 31.4207 32.214 32
v 29.7759 33.7402 32
v 28.057 35.1824 32
v 26.2685 36.5372 32
v 24.4146 37.8012 32
v 22.5 38.9711 32
v 20.5295 40.0442 32
v 18.5079 41.0178 32
v 16.4403 41.8893 32
v 14.3319 42.6567 32
v 12.1878 43.3181 32
v 10.0134 43.8718 32
v 7.81417 44.3163 32
v 5.59547 44.6508 32
v 3.36285 44.8742 32
v 1.12188 44.986 32
v -1.12188 44.986 32
v -3.36285 44.8742 32
v -5.59547 44.6508 32
v -7.81417 44.3163 32
v -10.0134 43.8718 32
v -12.1878 43.3181 32
v -14.3319 42.6567 32
v -16.4403 41.8893 32
v -18.5079 41.0178 32
v -20.5295 40.0442 32
v -22.5 38.9711 32
v -24.4146 37.8012 32
v -26.2685 36.5372 32
v -28.057 35.1824 32
v -29.7759 33.7402 32
v -31.4207 32.214 32
v -32.9873 30.6078 32
v -34.472 28.9254 32
v -35.871 27.1712 32
v -37.1807 25.3494 32
v -38.3981 23.4646 32
v -39.52 21.5214 32
v -40.5436 19.5248 32
v -41.4664 17.4796 32
v -42.2862 15.3909 32
v -43.0008 13.264 32
v -43.6085 11.1041 32
v -44.1078 8.91658 32
v -44.4974 6.7069 32
v -44.7764 4.48055 32
v -44.9441 2.24306 32
v -45 -1.54361e-13 32
v -44.9441 -2.24306 32
v -44.7764 -4.48055 32
v -44.4974 -6.7069 32
v -44.1078 -8.91658 32
v -43.6085 -11.1041 32
v -43.0008 -13.264 32
v -42.2862 -15.3909 32
v -41.4664 -17.4796 32
v -40.5436 -19.5248 32
v -39.52 -21.5214 32
v -38.3981 -23.4646 32
v -37.1807 -25.3494 32
v -35.871 -27.1712 32
v -34.472 -28.9254 32
v -32.9873 -30.6078 32
v -31.4207 -32.214 32
v -29.7759 -33.7402 32
v -28.057 -35.1824 32
v -26.2685 -36.5372 32
v -24.4146 -37.8012 32
v -22.5 -38.9711 32
v -20.5295 -40.0442 32
v -18.5079 -41.0178 32
v -16.4403 -41.8893 32
v -14.3319 -42.6567 32
v -12.1878 -43.3181 32
v -10.0134 -43.8718 32
v -7.81417 -44.3163 32
v -5.59547 -44.6508 32
v -3.36285 -44.8742 32
v -1.12188 -44.986 32
v 1.12188 -44.986 32
v 3.36285 -44.8742 32
v 5.59547 -44.6508 32
v 7.81417 -44.3163 32
v 10.0134 -43.8718 32
v 12.1878 -43.3181 32
v 14.3319 -42.6567 32
v 16.4403 -41.8893 32
v 18.5079 -41.0178 32
v 20.5295 -40.0442 32
v 22.5 -38.9711 32
v 24.4146 -37.8012 32
v 26.2685 -36.5372 32
v 28.057 -35.1824 32
v 29.7759 -33.7402 32
v 31.4207 -32.214 32
v 32.9873 -30.6078 32
v 34.472 -28.9254 32
v 35.871 -27.1712 32
v 37.1807 -25.3494 32
v 38.3981 -23.4646 32
v 39.52 -21.5214 32
v 40.5436 -19.5248 32
v 41.4664 -17.4796 32
v 42.2862 -15.3909 32
v 43.0008 -13.264 32
v 43.6085 -11.1041 32
v 44.1078 -8.91658 32
v 44.4974 -6.7069 32
v 44.7764 -4.48055 32
v 44.9441 -2.24306 32
f 1 128 129
f 2 129 130
f 2 1 129
f 3 130 131
f 3 2 130
f 4 131 132
f 4 3 131
f 5 132 133
f 5 4 132
f 6 133 134
f 6 5 133
f 7 6 134
f 8 134 135
f 8 7 134
f 9 135 136
f 9 8 135
f 10 136 137
f 10 137 138
f 10 9 136
f 11 10 138
f 12 11 138
f 12 138 139
f 13 12 139
f 13 139 140
f 14 13 140
f 14 140 141
f 14 141 142
f 15 14 142
f 16 15 142
f 16 142 143
f 17 16 143
f 17 143 144
f 18 17 144
f 18 144 145
f 18 145 146
f 19 18 146
f 20 19 146
f 20 146 147
f 20 147 148
f 21 20 148
f 22 21 148
f 22 148 149
f 22 149 150
f 23 22 150
f 24 150 151
f 24 23 150
f 25 151 152
f 25 24 151
f 26 152 153
f 26 25 152
f 27 153 154
f 27 26 153
f 28 154 155
f 28 27 154
f 29 155 156
f 29 28 155
f 30 156 157
f 30 29 156
f 31 157 158
f 31 30 157
f 32 158 159
f 32 31 158
f 33 159 160
f 33 160 161
f 33 32 159
f 34 33 161
f 35 161 162
f 35 34 161
f 36 162 163
f 36 163 164
f 36 35 162
f 37 36 164
f 38 37 164
f 38 164 165
f 39 38 165
f 39 165 166
f 39 166 167
f 40 39 167
f 41 40 167
f 41 167 168
f 42 41 168
f 42 168 169
f 43 42 169
f 43 169 170
f 43 170 171
f 44 43 171
f 45 44 171
f 45 171 172
f 45 172 173
f 46 45 173
f 46 173 174
f 47 46 174
f 48 47 174
f 48 174 175
f 49 48 175
f 49 175 176
f 49 176 177
f 50 49 177
f 51 50 177
f 51 177 178
f 52 51 178
f 52 178 179
f 52 179 180
f 53 52 180
f 53 180 181
f 54 53 181
f 55 54 181
f 55 181 182
f 56 55 182
f 56 182 183
f 57 56 183
f 57 183 184
f 58 57 184
f 58 184 185
f 59 185 186
f 59 186 187
f 59 58 185
f 60 59 187
f 61 187 188
f 61 188 189
f 61 60 187
f 62 189 190
f 62 61 189
f 63 62 190
f 64 63 190
f 64 190 191
f 65 64 191
f 65 191 192
f 66 65 192
f 66 192 193
f 66 193 194
f 67 66 194
f 67 194 195
f 68 67 195
f 69 68 195
f 69 195 196
f 70 69 196
f 70 196 197
f 71 70 197
f 71 197 198
f 72 71 198
f 72 198 199
f 72 199 200
f 73 72 200
f 74 73 200
f 74 200 201
f 74 201 202
f 75 202 203
f 75 74 202
f 76 75 203
f 77 203 204
f 77 204 205
f 77 76 203
f 78 77 205
f 79 205 206
f 79 78 205
f 80 206 207
f 80 79 206
f 81 207 208
f 81 80 207
f 82 208 209
f 82 81 208
f 83 209 210
f 83 210 211
f 83 82 209
f 84 83 211
f 85 211 212
f 85 212 213
f 85 84 211
f 86 85 213
f 87 213 214
f 87 214 215
f 87 86 213
f 88 87 215
f 89 88 215
f 89 215 216
f 90 89 216
f 90 216 217
f 91 90 217
f 91 217 218
f 91 218 219
f 92 91 219
f 93 219 220
f 93 92 219
f 94 220 221
f 94 93 220
f 95 221 222
f 95 222 223
f 95 94 221
f 96 95 223
f 97 223 224
f 97 224 225
f 97 96 223
f 98 97 225
f 99 225 226
f 99 98 225
f 100 226 227
f 100 99 226
f 101 227 228
f 101 100 227
f 102 228 229
f 102 229 230
f 102 101 228
f 103 102 230
f 104 230 231
f 104 231 232
f 104 103 230
f 105 104 232
f 106 232 233
f 106 233 234
f 106 105 232
f 107 106 234
f 108 234 235
f 108 107 234
f 109 235 236
f 109 236 237
f 109 108 235
f 110 109 237
f 111 237 238
f 111 110 237
f 112 238 239
f 112 239 240
f 112 111 238
f 113 112 240
f 114 113 240
f 114 240 241
f 115 114 241
f 115 241 242
f 116 115 242
f 116 242 243
f 117 116 243
f 117 243 244
f 118 117 244
f 118 244 245
f 118 245 246
f 119 118 246
f 120 119 246
f 120 246 247
f 121 120 247
f 121 247 248
f 122 121 248
f 122 248 249
f 122 249 250
f 123 122 250
f 124 123 250
f 124 250 251
f 125 124 251
f 125 251 252
f 126 252 253
f 126 125 252
f 127 253 254
f 127 126 253
f 459 334 460
f 459 332 333
f 459 333 334
f 461 460 334
f 461 334 335
f 458 332 459
f 458 331 332
f 462 461 335
f 462 335 336
f 457 331 458
f 463 462 336
f 463 336 337
f 456 331 457
f 456 330 331
f 464 463 337
f 464 337 338
f 455 330 456
f 455 328 329
f 455 329 330
f 465 464 338
f 465 338 339
f 454 328 455
f 466 465 339
f 466 339 340
f 453 328 454
f 453 326 327
f 453 327 328
f 467 466 340
f 467 340 341
f 452 326 453
f 452 325 326
f 468 341 342
f 468 467 341
f 451 325 452
f 451 324 325
f 469 468 342
f 469 342 343
f 469 343 344
f 450 324 451
f 470 469 344
f 470 344 345
f 449 323 324
f 449 324 450
f 471 470 345
f 471 345 346
f 448 323 449
f 448 321 322
f 448 322 323
f 472 471 346
f 447 321 448
f 473 472 346
f 473 346 347
f 473 347 348
f 446 319 320
f 446 320 321
f 446 321 447
f 474 473 348
f 445 319 446
f 445 318 319
f 475 474 348
f 475 348 349
f 444 318 445
f 476 475 349
f 476 349 350
f 443 317 318
f 443 318 444
f 477 476 350
f 477 350 351
f 442 316 317
f 442 317 443
f 478 477 351
f 478 351 352
f 441 314 315
f 441 315 316
f 441 316 442
f 479 478 352
f 479 352 353
f 440 314 441
f 480 479 353
f 480 353 354
f 439 314 440
f 439 313 314
f 481 480 354
f 481 354 355
f 438 313 439
f 438 312 313
f 482 355 356
f 482 356 357
f 482 481 355
f 437 312 438
f 437 311 312
f 483 482 357
f 436 311 437
f 436 310 311
f 484 357 358
f 484 483 357
f 435 310 436
f 435 309 310
f 485 358 359
f 485 484 358
f 434 308 309
f 434 309 435
f 486 359 360
f 486 485 359
f 433 307 308
f 433 308 434
f 487 360 361
f 487 486 360
f 432 306 307
f 432 307 433
f 488 361 362
f 488 487 361
f 431 305 306
f 431 306 432
f 489 362 363
f 489 488 362
f 430 304 305
f 430 305 431
f 364 489 363
f 490 489 364
f 429 303 304
f 429 304 430
f 491 364 365
f 491 490 364
f 302 429 428
f 302 303 429
f 366 492 491
f 366 491 365
f 427 302 428
f 301 302 427
f 493 492 366
f 367 493 366
f 300 301 427
f 300 427 426
f 494 493 367
f 368 494 367
f 495 494 368
f 299 300 426
f 299 426 425
f 369 495 368
f 298 299 425
f 298 425 424
f 370 495 369
f 370 496 495
f 297 298 424
f 297 423 422
f 297 424 423
f 371 497 496
f 371 496 370
f 296 297 422
f 372 498 497
f 372 497 371
f 295 296 422
f 295 421 420
f 295 422 421
f 373 499 498
f 373 500 499
f 373 498 372
f 294 295 420
f 374 500 373
f 293 420 419
f 293 294 420
f 375 501 500
f 375 500 374
f 292 419 418
f 292 293 419
f 376 502 501
f 376 503 502
f 376 501 375
f 291 418 417
f 291 292 418
f 377 503 376
f 290 416 415
f 290 417 416
f 290 291 417
f 378 503 377
f 378 504 503
f 378 505 504
f 289 290 415
f 379 505 378
f 288 289 415
f 288 414 413
f 288 415 414
f 380 505 379
f 380 506 505
f 287 288 413
f 255 506 380
f 255 381 506
f 286 287 413
f 286 413 412
f 256 382 381
f 256 381 255
f 285 286 412
f 285 412 411
f 257 383 382
f 257 382 256
f 284 410 409
f 284 411 410
f 284 285 411
f 258 384 383
f 258 383 257
f 283 284 409
f 259 385 384
f 259 384 258
f 282 409 408
f 282 283 409
f 260 386 385
f 260 385 259
f 281 282 408
f 281 408 407
f 261 387 386
f 261 386 260
f 280 281 407
f 280 406 405
f 280 407 406
f 262 388 387
f 262 387 261
f 279 280 405
f 263 389 388
f 263 388 262
f 278 279 405
f 278 405 404
f 264 390 389
f 264 391 390
f 264 389 263
f 277 278 404
f 277 403 402
f 277 404 403
f 265 391 264
f 265 392 391
f 276 277 402
f 266 392 265
f 275 276 402
f 275 401 400
f 275 402 401
f 267 392 266
f 267 393 392
f 274 275 400
f 268 393 267
f 268 394 393
f 273 274 400
f 273 400 399
f 269 395 394
f 269 394 268
f 272 398 397
f 272 399 398
f 272 273 399
f 270 396 395
f 270 395 269
f 271 272 397
f 271 397 396
f 271 396 270
f 754 588 587
f 753 754 587
f 755 588 754
f 755 589 588
f 752 753 587
f 752 587 586
f 756 589 755
f 751 752 586
f 757 589 756
f 757 590 589
f 750 586 585
f 750 751 586
f 758 590 757
f 758 591 590
f 749 750 585
f 749 585 584
f 633 591 758
f 748 749 584
f 634 591 633
f 634 592 591
f 747 584 583
f 747 748 584
f 635 592 634
f 635 593 592
f 746 747 583
f 746 583 582
f 636 593 635
f 745 746 582
f 637 593 636
f 637 594 593
f 744 745 582
f 744 582 581
f 638 594 637
f 638 595 594
f 743 744 581
f 743 581 580
f 639 595 638
f 640 595 639
f 640 596 595
f 641 596 640
f 642 596 641
f 642 597 596
f 643 597 642
f 643 598 597
f 644 598 643
f 645 598 644
f 645 599 598
f 646 599 645
f 646 600 599
f 647 600 646
f 648 600 647
f 648 601 600
f 649 601 648
f 1153 743 580
f 1152 1153 580
f 1152 580 579
f 1154 743 1153
f 1154 741 742
f 1154 742 743
f 1151 1152 579
f 1155 740 741
f 1155 741 1154
f 1150 1151 579
f 1150 579 578
f 1156 740 1155
f 1149 1150 578
f 1149 578 577
f 1157 738 739
f 1157 739 740
f 1157 740 1156
f 1148 1149 577
f 1158 738 1157
f 1147 577 576
f 1147 1148 577
f 1159 738 1158
f 1159 737 738
f 1146 576 575
f 1146 1147 576
f 1160 735 736
f 1160 736 737
f 1160 737 1159
f 1145 1146 575
f 1161 735 1160
f 1144 1145 575
f 1144 575 574
f 1162 735 1161
f 1162 734 735
f 1143 1144 574
f 1163 733 734
f 1163 734 1162
f 1142 574 573
f 1142 1143 574
f 1164 733 1163
f 1164 732 733
f 1141 1142 573
f 1141 573 572
f 1165 731 732
f 1165 732 1164
f 1140 1141 572
f 1166 730 731
f 1166 731 1165
f 1139 572 571
f 1139 1140 572
f 1167 729 730
f 1167 730 1166
f 1138 571 570
f 1138 1139 571
f 1168 727 728
f 1168 728 729
f 1168 729 1167
f 1137 1138 570
f 1169 727 1168
f 1262 1137 570
f 1262 570 569
f 1170 726 727
f 1170 727 1169
f 1261 1262 569
f 1261 569 568
f 1171 725 726
f 1171 726 1170
f 1260 1261 568
f 1172 724 725
f 1172 725 1171
f 1259 568 567
f 1259 1260 568
f 1173 723 724
f 1173 724 1172
f 1258 1259 567
f 1258 567 566
f 1174 722 723
f 1174 723 1173
f 1257 1258 566
f 1175 721 722
f 1175 722 1174
f 1256 1257 566
f 1256 566 565
f 1176 720 721
f 1176 721 1175
f 1255 1256 565
f 1177 718 719
f 1177 719 720
f 1177 720 1176
f 1254 1255 565
f 1254 565 564
f 1178 718 1177
f 1253 564 563
f 1253 1254 564
f 1179 717 718
f 1179 718 1178
f 1252 1253 563
f 1180 716 717
f 1180 717 1179
f 1251 563 562
f 1251 1252 563
f 1250 562 561
f 1250 1251 562
f 1249 1250 561
f 1248 561 560
f 1248 1249 561
f 1247 1248 560
f 964 705 706
f 964 706 707
f 963 708 709
f 963 964 707
f 963 707 708
f 965 705 964
f 965 703 704
f 965 704 705
f 962 709 710
f 962 963 709
f 966 703 965
f 966 701 702
f 966 702 703
f 961 710 711
f 961 711 712
f 961 962 710
f 967 701 966
f 967 699 700
f 967 700 701
f 960 712 713
f 960 713 714
f 960 961 712
f 968 699 967
f 968 697 698
f 968 698 699
f 959 714 715
f 959 715 716
f 959 960 714
f 969 697 968
f 969 695 696
f 969 696 697
f 958 716 1180
f 958 959 716
f 958 1180 1181
f 958 1181 1182
f 970 695 969
f 970 693 694
f 970 694 695
f 957 1182 1183
f 957 1183 1184
f 957 958 1182
f 971 693 970
f 971 691 692
f 971 692 693
f 956 957 1184
f 956 1184 1185
f 956 1185 1186
f 972 691 971
f 972 689 690
f 972 690 691
f 955 956 1186
f 955 1186 1187
f 973 689 972
f 973 687 688
f 973 688 689
f 954 955 1187
f 954 1187 1188
f 954 1188 1189
f 974 687 973
f 974 685 686
f 974 686 687
f 953 954 1189
f 953 1189 1190
f 953 1190 1191
f 859 658 659
f 858 859 659
f 858 659 660
f 860 658 859
f 857 858 660
f 857 660 661
f 857 661 662
f 861 657 658
f 861 658 860
f 856 662 663
f 856 857 662
f 862 655 656
f 862 656 657
f 862 657 861
f 855 663 664
f 855 856 663
f 975 685 974
f 975 683 684
f 975 684 685
f 863 655 862
f 854 855 664
f 864 653 654
f 864 654 655
f 864 655 863
f 853 854 664
f 853 664 665
f 865 653 864
f 865 652 653
f 852 853 665
f 852 665 666
f 952 953 1191
f 952 1191 1192
f 952 1192 1193
f 866 652 865
f 866 651 652
f 851 666 667
f 851 667 668
f 851 852 666
f 867 651 866
f 850 851 668
f 868 650 651
f 868 651 867
f 976 682 683
f 976 683 975
f 849 668 669
f 849 850 668
f 869 650 868
f 869 649 650
f 869 601 649
f 869 602 601
f 848 849 669
f 848 669 670
f 870 602 869
f 870 603 602
f 951 952 1193
f 951 1193 1194
f 951 1194 1195
f 847 848 670
f 847 670 671
f 871 603 870
f 846 847 671
f 846 671 672
f 977 682 976
f 977 680 681
f 977 681 682
f 872 603 871
f 872 604 603
f 845 846 672
f 845 672 673
f 873 604 872
f 873 605 604
f 844 845 673
f 844 673 674
f 844 674 675
f 950 951 1195
f 950 1195 1196
f 950 1196 1197
f 874 605 873
f 843 844 675
f 875 605 874
f 875 606 605
f 978 680 977
f 978 678 679
f 978 679 680
f 842 843 675
f 842 675 676
f 876 606 875
f 876 607 606
f 949 950 1197
f 949 1197 1198
f 949 1198 1199
f 877 607 876
f 979 678 978
f 979 842 676
f 979 676 677
f 979 677 678
f 878 608 607
f 878 607 877
f 879 608 878
f 948 1199 1200
f 948 1200 1201
f 948 949 1199
f 880 609 608
f 880 608 879
f 980 840 841
f 980 841 842
f 980 842 979
f 881 610 609
f 881 609 880
f 882 610 881
f 947 948 1201
f 947 1201 1202
f 947 1202 1203
f 883 611 610
f 883 610 882
f 981 840 980
f 981 838 839
f 981 839 840
f 884 612 611
f 884 611 883
f 946 947 1203
f 946 1203 1204
f 946 1204 1205
f 759 612 884
f 760 613 612
f 760 612 759
f 982 836 837
f 982 837 838
f 982 838 981
f 761 613 760
f 761 614 613
f 945 946 1205
f 945 1205 1206
f 945 1206 1207
f 762 614 761
f 983 835 836
f 983 836 982
f 763 614 762
f 763 615 614
f 764 616 615
f 764 615 763
f 944 945 1207
f 944 1207 1208
f 944 1208 1209
f 765 616 764
f 984 835 983
f 984 833 834
f 984 834 835
f 766 616 765
f 943 944 1209
f 943 1209 1210
f 943 1210 1211
f 985 831 832
f 985 832 833
f 985 833 984
f 942 943 1211
f 942 1211 1212
f 942 1212 1213
f 986 829 830
f 986 830 831
f 986 831 985
f 941 1213 1214
f 941 942 1213
f 987 829 986
f 987 827 828
f 987 828 829
f 940 1214 1215
f 940 1215 1216
f 940 941 1214
f 988 825 826
f 988 826 827
f 988 827 987
f 939 1216 1217
f 939 1217 1218
f 939 940 1216
f 989 823 824
f 989 824 825
f 989 825 988
f 938 1218 1219
f 938 1219 1220
f 938 939 1218
f 990 821 822
f 990 822 823
f 990 823 989
f 937 938 1220
f 991 819 820
f 991 820 821
f 991 821 990
f 992 817 818
f 992 818 819
f 992 819 991
f 617 616 766
f 617 766 767
f 617 767 768
f 993 815 816
f 993 816 817
f 993 817 992
f 994 813 814
f 994 814 815
f 994 815 993
f 995 811 812
f 995 812 813
f 995 813 994
f 996 809 810
f 996 810 811
f 996 811 995
f 997 809 996
f 997 808 809
f 998 808 997
f 998 806 807
f 998 807 808
f 999 806 998
f 999 804 805
f 999 805 806
f 1000 804 999
f 1000 802 803
f 1000 803 804
f 1299 1226 1227
f 1299 1300 1226
f 1301 1225 1226
f 1301 1226 1300
f 1298 1299 1227
f 1298 1227 1228
f 1302 1223 1224
f 1302 1224 1225
f 1302 1225 1301
f 1297 1228 1229
f 1297 1298 1228
f 1303 1223 1302
f 1296 1229 1230
f 1296 1297 1229
f 1304 1222 1223
f 1304 1223 1303
f 1295 1230 1231
f 1295 1231 1232
f 1295 1296 1230
f 1305 1221 1222
f 1305 1222 1304
f 1294 1232 1233
f 1294 1295 1232
f 1306 1220 1221
f 1306 1221 1305
f 1306 937 1220
f 1293 1294 1233
f 1307 937 1306
f 1292 1293 1233
f 1292 1233 1234
f 1292 1234 1235
f 1308 936 937
f 1308 937 1307
f 1291 1292 1235
f 1001 802 1000
f 1309 936 1308
f 1290 1291 1235
f 1290 1235 1236
f 1290 1236 1237
f 1310 936 1309
f 1310 935 936
f 1289 1290 1237
f 1311 935 1310
f 1288 1237 1238
f 1288 1238 1239
f 1288 1289 1237
f 1312 935 1311
f 1312 934 935
f 1287 1288 1239
f 1313 933 934
f 1313 934 1312
f 1286 1239 1240
f 1286 1240 1241
f 1286 1287 1239
f 1314 933 1313
f 1285 1241 1242
f 1285 1286 1241
f 1315 932 933
f 1315 933 1314
f 1284 1285 1242
f 1284 1242 1243
f 1316 932 1315
f 618 617 768
f 618 768 769
f 1283 1284 1243
f 1317 931 932
f 1317 932 1316
f 1282 1243 1244
f 1282 1244 1245
f 1282 1283 1243
f 1318 931 1317
f 1281 1245 1246
f 1281 1282 1245
f 1319 931 1318
f 1319 930 931
f 1280 1246 1247
f 1280 1281 1246
f 1320 930 1319
f 1279 1280 1247
f 1279 560 559
f 1279 1247 560
f 1321 929 930
f 1321 930 1320
f 1278 1279 559
f 1278 559 558
f 1322 929 1321
f 1277 1278 558
f 1323 929 1322
f 1323 928 929
f 1276 558 557
f 1276 1277 558
f 1324 928 1323
f 1275 1276 557
f 1275 557 556
f 1325 927 928
f 1325 928 1324
f 1274 1275 556
f 1326 927 1325
f 1273 1274 556
f 1273 556 555
f 1327 926 927
f 1327 927 1326
f 1272 555 554
f 1272 1273 555
f 1328 926 1327
f 1271 1272 554
f 1329 925 926
f 1329 926 1328
f 1270 1271 554
f 1330 925 1329
f 1331 924 925
f 1331 925 1330
f 1332 924 1331
f 1333 923 924
f 1333 924 1332
f 553 1268 1269
f 553 1269 1270
f 553 1270 554
f 1334 923 1333
f 1335 922 923
f 1335 923 1334
f 1336 922 1335
f 1337 921 922
f 1337 922 1336
f 1338 921 1337
f 1339 920 921
f 1339 921 1338
f 1340 919 920
f 1340 920 1339
f 1341 919 1340
f 1342 918 919
f 1342 919 1341
f 1343 918 1342
f 1344 917 918
f 1344 918 1343
f 1345 917 1344
f 1346 917 1345
f 619 618 769
f 619 769 770
f 619 770 771
f 552 1267 1268
f 552 1268 553
f 1090 1002 1003
f 1089 1090 1003
f 1091 1002 1090
f 1088 1089 1003
f 1088 1003 1004
f 1092 1002 1091
f 1092 1001 1002
f 1087 1088 1004
f 1087 1004 1005
f 1093 1001 1092
f 1086 1087 1005
f 1094 1001 1093
f 1094 802 1001
f 1085 1086 1005
f 1085 1005 1006
f 1095 802 1094
f 1095 801 802
f 1084 1085 1006
f 1096 801 1095
f 1096 800 801
f 1083 1006 1007
f 1083 1084 1006
f 1097 800 1096
f 1097 799 800
f 1082 1083 1007
f 1098 799 1097
f 1098 798 799
f 1081 1082 1007
f 1081 1007 1008
f 1099 798 1098
f 1099 797 798
f 1080 1081 1008
f 1100 797 1099
f 1100 796 797
f 1079 1080 1008
f 1079 1008 1009
f 1101 796 1100
f 1101 795 796
f 1078 1079 1009
f 1102 795 1101
f 1102 794 795
f 1077 1078 1009
f 1077 1009 1010
f 1103 794 1102
f 1103 793 794
f 620 619 771
f 620 771 772
f 1076 1077 1010
f 1104 793 1103
f 1104 791 792
f 1104 792 793
f 1075 1076 1010
f 1075 1010 885
f 1105 791 1104
f 1074 1075 885
f 1106 789 790
f 1106 790 791
f 1106 791 1105
f 1073 1074 885
f 1073 885 886
f 1107 789 1106
f 1107 788 789
f 1072 1073 886
f 1108 788 1107
f 1071 1072 886
f 1071 886 887
f 1109 788 1108
f 1109 786 787
f 1109 787 788
f 1070 1071 887
f 1110 786 1109
f 1110 785 786
f 1069 887 888
f 1069 1070 887
f 1111 785 1110
f 1068 1069 888
f 1112 785 1111
f 1112 784 785
f 1067 1068 888
f 1067 888 889
f 1113 783 784
f 1113 784 1112
f 1066 1067 889
f 1114 782 783
f 1114 783 1113
f 1065 1066 889
f 1065 889 890
f 1115 782 1114
f 1115 781 782
f 1064 1065 890
f 1116 780 781
f 1116 781 1115
f 1063 1064 890
f 1063 890 891
f 1117 779 780
f 1117 780 1116
f 1062 1063 891
f 1118 778 779
f 1118 779 1117
f 1061 1062 891
f 1061 891 892
f 1119 776 777
f 1119 777 778
f 1119 778 1118
f 1060 1061 892
f 1060 892 893
f 1120 776 1119
f 1120 775 776
f 1059 1060 893
f 1121 775 1120
f 551 1265 1266
f 551 1266 1267
f 551 1267 552
f 1058 1059 893
f 1058 893 894
f 1057 1058 894
f 1056 1057 894
f 1056 894 895
f 1055 1056 895
f 1054 1055 895
f 1054 895 896
f 621 620 772
f 621 772 773
f 621 773 774
f 1447 908 909
f 1446 1447 909
f 1448 908 1447
f 1445 1446 909
f 1445 909 910
f 1449 908 1448
f 1449 907 908
f 1444 1445 910
f 1450 907 1449
f 1443 910 911
f 1443 1444 910
f 1451 906 907
f 1451 907 1450
f 1442 1443 911
f 1452 906 1451
f 1441 911 912
f 1441 1442 911
f 1453 906 1452
f 1453 905 906
f 1440 1441 912
f 1454 905 1453
f 1439 912 913
f 1439 1440 912
f 1455 905 1454
f 1455 904 905
f 1438 913 914
f 1438 1439 913
f 1456 904 1455
f 1437 1438 914
f 1457 904 1456
f 1457 903 904
f 1436 914 915
f 1436 1437 914
f 1458 903 1457
f 1435 1436 915
f 1459 903 1458
f 1459 902 903
f 1434 915 916
f 1434 1435 915
f 1460 902 1459
f 1433 1434 916
f 1461 901 902
f 1461 902 1460
f 1432 916 917
f 1432 1346 1347
f 1432 917 1346
f 1432 1433 916
f 1462 901 1461
f 1431 1432 1347
f 1463 901 1462
f 1463 900 901
f 1430 1347 1348
f 1430 1348 1349
f 1430 1431 1347
f 1464 900 1463
f 1429 1430 1349
f 1465 900 1464
f 1465 899 900
f 1428 1349 1350
f 1428 1350 1351
f 1428 1429 1349
f 1466 899 1465
f 1466 898 899
f 1427 1428 1351
f 1467 898 1466
f 1426 1351 1352
f 1426 1352 1353
f 1426 1427 1351
f 1468 897 898
f 1468 898 1467
f 1425 1426 1353
f 1469 897 1468
f 1424 1425 1353
f 1424 1353 1354
f 1470 897 1469
f 1470 896 897
f 1423 1424 1354
f 1423 1354 1355
f 1471 896 1470
f 1422 1423 1355
f 1422 1355 1356
f 1422 1356 1357
f 550 1264 1265
f 550 1265 551
f 1472 1054 896
f 1472 896 1471
f 1421 1422 1357
f 1473 1054 1472
f 1473 1052 1053
f 1473 1053 1054
f 1420 1421 1357
f 1420 1357 1358
f 1420 1358 1359
f 1474 1052 1473
f 1474 1051 1052
f 1419 1420 1359
f 1475 1051 1474
f 1418 1359 1360
f 1418 1419 1359
f 1476 1050 1051
f 1476 1051 1475
f 1417 1360 1361
f 1417 1418 1360
f 1477 1049 1050
f 1477 1050 1476
f 1416 1417 1361
f 1416 1361 1362
f 1478 1049 1477
f 1478 1048 1049
f 1415 1362 1363
f 1415 1416 1362
f 1479 1048 1478
f 1479 1046 1047
f 1479 1047 1048
f 1414 1363 1364
f 1414 1415 1363
f 1480 1046 1479
f 1413 1414 1364
f 1413 1364 1365
f 1413 1365 1366
f 1481 1046 1480
f 1481 1045 1046
f 1412 1366 1367
f 1412 1413 1366
f 1482 1044 1045
f 1482 1045 1481
f 1411 1412 1367
f 1483 1042 1043
f 1483 1043 1044
f 1483 1044 1482
f 1410 1367 1368
f 1410 1411 1367
f 1484 1041 1042
f 1484 1042 1483
f 1409 1368 1369
f 1409 1410 1368
f 1485 1041 1484
f 1485 1040 1041
f 1408 1369 1370
f 1408 1370 1371
f 1408 1409 1369
f 1486 1040 1485
f 1407 1408 1371
f 1487 1038 1039
f 1487 1039 1040
f 1487 1040 1486
f 622 774 775
f 622 621 774
f 622 775 1121
f 1406 1407 1371
f 1406 1371 1372
f 1406 1372 1373
f 1488 1038 1487
f 1405 1406 1373
f 1489 1037 1038
f 1489 1038 1488
f 1490 1035 1036
f 1490 1036 1037
f 1490 1037 1489
f 1491 1035 1490
f 1492 1034 1035
f 1492 1035 1491
f 1493 1032 1033
f 1493 1033 1034
f 1493 1034 1492
f 1494 1032 1493
f 1494 1031 1032
f 1495 1031 1494
f 1496 1029 1030
f 1496 1030 1031
f 1496 1031 1495
f 1497 1029 1496
f 1498 1029 1497
f 1498 1028 1029
f 1499 1027 1028
f 1499 1028 1498
f 549 1264 550
f 549 1263 1264
f 549 1388 1263
f 623 622 1121
f 623 1121 1122
f 548 1388 549
f 548 1387 1388
f 624 1122 1123
f 624 1123 1124
f 624 623 1122
f 547 1387 548
f 547 1385 1386
f 547 1386 1387
f 625 1124 1125
f 625 624 1124
f 546 1385 547
f 546 1384 1385
f 626 1125 1126
f 626 1126 1127
f 626 625 1125
f 545 1384 546
f 545 1382 1383
f 545 1383 1384
f 627 1127 1128
f 627 626 1127
f 544 1382 545
f 544 1380 1381
f 544 1381 1382
f 628 1128 1129
f 628 1129 1130
f 628 627 1128
f 543 1380 544
f 543 1379 1380
f 629 1130 1131
f 629 1131 1132
f 629 628 1130
f 542 1379 543
f 542 1377 1378
f 542 1378 1379
f 630 1132 1133
f 630 629 1132
f 541 1376 1377
f 541 1377 542
f 631 1133 1134
f 631 1134 1135
f 631 630 1133
f 540 1376 541
f 540 1374 1375
f 540 1375 1376
f 632 1135 1136
f 632 631 1135
f 539 1374 540
f 539 1373 1374
f 507 1011 1012
f 507 1136 1011
f 507 632 1136
f 538 1405 1373
f 538 1373 539
f 538 1404 1405
f 508 1012 1013
f 508 507 1012
f 537 1404 538
f 537 1402 1403
f 537 1403 1404
f 509 1013 1014
f 509 1014 1015
f 509 508 1013
f 536 1402 537
f 536 1401 1402
f 510 1015 1016
f 510 509 1015
f 535 1401 536
f 535 1399 1400
f 535 1400 1401
f 511 1016 1017
f 511 1017 1018
f 511 510 1016
f 534 1399 535
f 534 1398 1399
f 512 1018 1019
f 512 1019 1020
f 512 511 1018
f 533 1398 534
f 533 1396 1397
f 533 1397 1398
f 513 1020 1021
f 513 512 1020
f 532 1396 533
f 532 1394 1395
f 532 1395 1396
f 514 1021 1022
f 514 513 1021
f 514 1022 1023
f 531 1394 532
f 531 1393 1394
f 515 1023 1024
f 515 514 1023
f 530 1393 531
f 530 1391 1392
f 530 1392 1393
f 516 1024 1025
f 516 1025 1026
f 516 515 1024
f 529 1391 530
f 529 1390 1391
f 517 1026 1027
f 517 516 1026
f 528 1390 529
f 528 1389 1390
f 528 1514 1389
f 518 1027 1499
f 518 517 1027
f 518 1499 1500
f 527 1514 528
f 527 1513 1514
f 519 518 1500
f 519 1500 1501
f 519 1501 1502
f 526 1513 527
f 526 1511 1512
f 526 1512 1513
f 520 519 1502
f 520 1502 1503
f 525 1511 526
f 525 1510 1511
f 521 520 1503
f 521 1503 1504
f 521 1504 1505
f 524 1510 525
f 524 1508 1509
f 524 1509 1510
f 522 1505 1506
f 522 521 1505
f 523 1506 1507
f 523 1507 1508
f 523 1508 524
f 523 522 1506
f 1516 1642 1515
f 1516 1643 1642
f 1517 1644 1643
f 1517 1645 1644
f 1517 1643 1516
f 1518 1646 1645
f 1518 1645 1517
f 1519 1647 1646
f 1519 1646 1518
f 1520 1648 1647
f 1520 1647 1519
f 1521 1649 1648
f 1521 1648 1520
f 1522 1649 1521
f 1523 1650 1649
f 1523 1651 1650
f 1523 1649 1522
f 1524 1651 1523
f 1525 1652 1651
f 1525 1651 1524
f 1526 1652 1525
f 1526 1653 1652
f 1527 1653 1526
f 1527 1654 1653
f 1527 1655 1654
f 1528 1655 1527
f 1529 1655 1528
f 1529 1656 1655
f 1530 1656 1529
f 1530 1657 1656
f 1531 1657 1530
f 1531 1658 1657
f 1532 1658 1531
f 1532 1659 1658
f 1533 1659 1532
f 1533 1660 1659
f 1534 1660 1533
f 1534 1661 1660
f 1535 1661 1534
f 1535 1662 1661
f 1536 1662 1535
f 1536 1663 1662
f 1537 1663 1536
f 1537 1664 1663
f 1537 1665 1664
f 1538 1665 1537
f 1539 1666 1665
f 1539 1667 1666
f 1539 1665 1538
f 1540 1667 1539
f 1541 1668 1667
f 1541 1667 1540
f 1542 1669 1668
f 1542 1670 1669
f 1542 1668 1541
f 1543 1670 1542
f 1544 1671 1670
f 1544 1670 1543
f 1545 1672 1671
f 1545 1673 1672
f 1545 1671 1544
f 1546 1673 1545
f 1547 1674 1673
f 1547 1675 1674
f 1547 1673 1546
f 1548 1675 1547
f 1549 1676 1675
f 1549 1677 1676
f 1549 1675 1548
f 1550 1677 1549
f 1551 1677 1550
f 1551 1678 1677
f 1552 1678 1551
f 1552 1679 1678
f 1553 1679 1552
f 1553 1680 1679
f 1554 1680 1553
f 1554 1681 1680
f 1555 1681 1554
f 1555 1682 1681
f 1556 1682 1555
f 1556 1683 1682
f 1557 1683 1556
f 1557 1684 1683
f 1557 1685 1684
f 1558 1685 1557
f 1559 1685 1558
f 1559 1686 1685
f 1559 1687 1686
f 1560 1687 1559
f 1560 1688 1687
f 1561 1688 1560
f 1561 1689 1688
f 1562 1689 1561
f 1563 1689 1562
f 1563 1690 1689
f 1564 1690 1563
f 1564 1691 1690
f 1565 1691 1564
f 1565 1692 1691
f 1566 1692 1565
f 1566 1693 1692
f 1567 1693 1566
f 1567 1694 1693
f 1568 1694 1567
f 1568 1695 1694
f 1569 1695 1568
f 1569 1696 1695
f 1570 1696 1569
f 1570 1697 1696
f 1571 1697 1570
f 1571 1698 1697
f 1571 1699 1698
f 1572 1700 1699
f 1572 1699 1571
f 1573 1700 1572
f 1574 1701 1700
f 1574 1702 1701
f 1574 1700 1573
f 1575 1703 1702
f 1575 1702 1574
f 1576 1703 1575
f 1577 1703 1576
f 1577 1704 1703
f 1578 1704 1577
f 1578 1705 1704
f 1579 1705 1578
f 1579 1706 1705
f 1580 1706 1579
f 1580 1707 1706
f 1581 1707 1580
f 1581 1708 1707
f 1582 1708 1581
f 1582 1709 1708
f 1583 1709 1582
f 1583 1710 1709
f 1584 1710 1583
f 1584 1711 1710
f 1585 1711 1584
f 1585 1712 1711
f 1586 1712 1585
f 1586 1713 1712
f 1587 1713 1586
f 1587 1714 1713
f 1588 1714 1587
f 1588 1715 1714
f 1589 1715 1588
f 1589 1716 1715
f 1590 1717 1716
f 1590 1716 1589
f 1591 1718 1717
f 1591 1717 1590
f 1592 1719 1718
f 1592 1718 1591
f 1593 1720 1719
f 1593 1719 1592
f 1594 1721 1720
f 1594 1720 1593
f 1595 1722 1721
f 1595 1721 1594
f 1596 1723 1722
f 1596 1724 1723
f 1596 1722 1595
f 1597 1724 1596
f 1598 1725 1724
f 1598 1724 1597
f 1599 1726 1725
f 1599 1727 1726
f 1599 1725 1598
f 1600 1728 1727
f 1600 1727 1599
f 1601 1728 1600
f 1602 1729 1728
f 1602 1728 1601
f 1603 1729 1602
f 1603 1730 1729
f 1604 1730 1603
f 1604 1731 1730
f 1605 1731 1604
f 1605 1732 1731
f 1606 1732 1605
f 1606 1733 1732
f 1607 1734 1733
f 1607 1735 1734
f 1607 1733 1606
f 1608 1736 1735
f 1608 1735 1607
f 1609 1736 1608
f 1610 1737 1736
f 1610 1736 1609
f 1611 1738 1737
f 1611 1737 1610
f 1612 1739 1738
f 1612 1738 1611
f 1613 1740 1739
f 1613 1741 1740
f 1613 1739 1612
f 1614 1741 1613
f 1615 1742 1741
f 1615 1741 1614
f 1616 1743 1742
f 1616 1742 1615
f 1617 1744 1743
f 1617 1743 1616
f 1618 1745 1744
f 1618 1744 1617
f 1619 1746 1745
f 1619 1745 1618
f 1620 1747 1746
f 1620 1746 1619
f 1621 1748 1747
f 1621 1747 1620
f 1622 1749 1748
f 1622 1750 1749
f 1622 1748 1621
f 1623 1750 1622
f 1624 1751 1750
f 1624 1752 1751
f 1624 1750 1623
f 1625 1752 1624
f 1626 1753 1752
f 1626 1752 1625
f 1627 1753 1626
f 1627 1754 1753
f 1628 1754 1627
f 1628 1755 1754
f 1629 1755 1628
f 1629 1756 1755
f 1630 1756 1629
f 1630 1757 1756
f 1631 1757 1630
f 1631 1758 1757
f 1632 1758 1631
f 1632 1759 1758
f 1633 1759 1632
f 1633 1760 1759
f 1634 1760 1633
f 1634 1761 1760
f 1635 1761 1634
f 1635 1762 1761
f 1636 1762 1635
f 1636 1763 1762
f 1637 1763 1636
f 1637 1764 1763
f 1638 1764 1637
f 1638 1765 1764
f 1639 1766 1765
f 1639 1765 1638
f 1640 1766 1639
f 1640 1767 1766
f 1641 1768 1767
f 1641 1767 1640
f 1770 1896 1769
f 1770 1897 1896
f 1771 1898 1897
f 1771 1899 1898
f 1771 1897 1770
f 1772 1900 1899
f 1772 1899 1771
f 1773 1901 1900
f 1773 1900 1772
f 1774 1902 1901
f 1774 1901 1773
f 1775 1903 1902
f 1775 1902 1774
f 1776 1903 1775
f 1777 1904 1903
f 1777 1905 1904
f 1777 1903 1776
f 1778 1905 1777
f 1779 1906 1905
f 1779 1905 1778
f 1780 1906 1779
f 1780 1907 1906
f 1781 1907 1780
f 1781 1908 1907
f 1781 1909 1908
f 1782 1909 1781
f 1783 1909 1782
f 1783 1910 1909
f 1784 1910 1783
f 1784 1911 1910
f 1785 1911 1784
f 1785 1912 1911
f 1786 1912 1785
f 1786 1913 1912
f 1787 1913 1786
f 1787 1914 1913
f 1788 1914 1787
f 1788 1915 1914
f 1789 1915 1788
f 1789 1916 1915
f 1790 1916 1789
f 1790 1917 1916
f 1791 1917 1790
f 1791 1918 1917
f 1791 1919 1918
f 1792 1919 1791
f 1793 1920 1919
f 1793 1921 1920
f 1793 1919 1792
f 1794 1921 1793
f 1795 1922 1921
f 1795 1921 1794
f 1796 1923 1922
f 1796 1924 1923
f 1796 1922 1795
f 1797 1924 1796
f 1798 1925 1924
f 1798 1924 1797
f 1799 1926 1925
f 1799 1927 1926
f 1799 1925 1798
f 1800 1927 1799
f 1801 1928 1927
f 1801 1929 1928
f 1801 1927 1800
f 1802 1929 1801
f 1803 1930 1929
f 1803 1931 1930
f 1803 1929 1802
f 1804 1931 1803
f 1805 1931 1804
f 1805 1932 1931
f 1806 1932 1805
f 1806 1933 1932
f 1807 1933 1806
f 1807 1934 1933
f 1808 1934 1807
f 1808 1935 1934
f 1809 1935 1808
f 1809 1936 1935
f 1810 1936 1809
f 1810 1937 1936
f 1811 1937 1810
f 1811 1938 1937
f 1811 1939 1938
f 1812 1939 1811
f 1813 1939 1812
f 1813 1940 1939
f 1813 1941 1940
f 1814 1941 1813
f 1814 1942 1941
f 1815 1942 1814
f 1815 1943 1942
f 1816 1943 1815
f 1817 1943 1816
f 1817 1944 1943
f 1818 1944 1817
f 1818 1945 1944
f 1819 1945 1818
f 1819 1946 1945
f 1820 1946 1819
f 1820 1947 1946
f 1821 1947 1820
f 1821 1948 1947
f 1822 1948 1821
f 1822 1949 1948
f 1823 1949 1822
f 1823 1950 1949
f 1824 1950 1823
f 1824 1951 1950
f 1825 1951 1824
f 1825 1952 1951
f 1825 1953 1952
f 1826 1954 1953
f 1826 1953 1825
f 1827 1954 1826
f 1828 1955 1954
f 1828 1956 1955
f 1828 1954 1827
f 1829 1957 1956
f 1829 1956 1828
f 1830 1957 1829
f 1831 1957 1830
f 1831 1958 1957
f 1832 1958 1831
f 1832 1959 1958
f 1833 1959 1832
f 1833 1960 1959
f 1834 1960 1833
f 1834 1961 1960
f 1835 1961 1834
f 1835 1962 1961
f 1836 1962 1835
f 1836 1963 1962
f 1837 1963 1836
f 1837 1964 1963
f 1838 1964 1837
f 1838 1965 1964
f 1839 1965 1838
f 1839 1966 1965
f 1840 1966 1839
f 1840 1967 1966
f 1841 1967 1840
f 1841 1968 1967
f 1842 1968 1841
f 1842 1969 1968
f 1843 1969 1842
f 1843 1970 1969
f 1844 1971 1970
f 1844 1970 1843
f 1845 1972 1971
f 1845 1971 1844
f 1846 1973 1972
f 1846 1972 1845
f 1847 1974 1973
f 1847 1973 1846
f 1848 1975 1974
f 1848 1974 1847
f 1849 1976 1975
f 1849 1975 1848
f 1850 1977 1976
f 1850 1978 1977
f 1850 1976 1849
f 1851 1978 1850
f 1852 1979 1978
f 1852 1978 1851
f 1853 1980 1979
f 1853 1981 1980
f 1853 1979 1852
f 1854 1982 1981
f 1854 1981 1853
f 1855 1982 1854
f 1856 1983 1982
f 1856 1982 1855
f 1857 1983 1856
f 1857 1984 1983
f 1858 1984 1857
f 1858 1985 1984
f 1859 1985 1858
f 1859 1986 1985
f 1860 1986 1859
f 1860 1987 1986
f 1861 1988 1987
f 1861 1989 1988
f 1861 1987 1860
f 1862 1990 1989
f 1862 1989 1861
f 1863 1990 1862
f 1864 1991 1990
f 1864 1990 1863
f 1865 1992 1991
f 1865 1991 1864
f 1866 1993 1992
f 1866 1992 1865
f 1867 1994 1993
f 1867 1995 1994
f 1867 1993 1866
f 1868 1995 1867
f 1869 1996 1995
f 1869 1995 1868
f 1870 1997 1996
f 1870 1996 1869
f 1871 1998 1997
f 1871 1997 1870
f 1872 1999 1998
f 1872 1998 1871
f 1873 2000 1999
f 1873 1999 1872
f 1874 2001 2000
f 1874 2000 1873
f 1875 2002 2001
f 1875 2001 1874
f 1876 2003 2002
f 1876 2004 2003
f 1876 2002 1875
f 1877 2004 1876
f 1878 2005 2004
f 1878 2006 2005
f 1878 2004 1877
f 1879 2006 1878
f 1880 2007 2006
f 1880 2006 1879
f 1881 2007 1880
f 1881 2008 2007
f 1882 2008 1881
f 1882 2009 2008
f 1883 2009 1882
f 1883 2010 2009
f 1884 2010 1883
f 1884 2011 2010
f 1885 2011 1884
f 1885 2012 2011
f 1886 2012 1885
f 1886 2013 2012
f 1887 2013 1886
f 1887 2014 2013
f 1888 2014 1887
f 1888 2015 2014
f 1889 2015 1888
f 1889 2016 2015
f 1890 2016 1889
f 1890 2017 2016
f 1891 2017 1890
f 1891 2018 2017
f 1892 2018 1891
f 1892 2019 2018
f 1893 2020 2019
f 1893 2019 1892
f 1894 2020 1893
f 1894 2021 2020
f 1895 2022 2021
f 1895 2021 1894
f 2024 2150 2023
f 2024 2151 2150
f 2025 2152 2151
f 2025 2153 2152
f 2025 2151 2024
f 2026 2153 2025
f 2027 2154 2153
f 2027 2155 2154
f 2027 2153 2026
f 2028 2155 2027
f 2029 2156 2155
f 2029 2157 2156
f 2029 2155 2028
f 2030 2157 2029
f 2031 2158 2157
f 2031 2159 2158
f 2031 2157 2030
f 2032 2159 2031
f 2033 2160 2159
f 2033 2159 2032
f 2034 2160 2033
f 2034 2161 2160
f 2035 2161 2034
f 2035 2162 2161
f 2035 2163 2162
f 2036 2163 2035
f 2037 2163 2036
f 2037 2164 2163
f 2038 2164 2037
f 2038 2165 2164
f 2039 2165 2038
f 2039 2166 2165
f 2040 2166 2039
f 2040 2167 2166
f 2041 2167 2040
f 2041 2168 2167
f 2042 2168 2041
f 2042 2169 2168
f 2043 2169 2042
f 2043 2170 2169
f 2044 2170 2043
f 2044 2171 2170
f 2045 2171 2044
f 2045 2172 2171
f 2045 2173 2172
f 2046 2173 2045
f 2047 2174 2173
f 2047 2175 2174
f 2047 2173 2046
f 2048 2175 2047
f 2049 2176 2175
f 2049 2175 2048
f 2050 2177 2176
f 2050 2178 2177
f 2050 2176 2049
f 2051 2178 2050
f 2052 2179 2178
f 2052 2178 2051
f 2053 2180 2179
f 2053 2181 2180
f 2053 2179 2052
f 2054 2181 2053
f 2055 2182 2181
f 2055 2183 2182
f 2055 2181 2054
f 2056 2183 2055
f 2057 2184 2183
f 2057 2185 2184
f 2057 2183 2056
f 2058 2185 2057
f 2059 2185 2058
f 2059 2186 2185
f 2060 2186 2059
f 2060 2187 2186
f 2061 2187 2060
f 2061 2188 2187
f 2062 2188 2061
f 2062 2189 2188
f 2063 2189 2062
f 2063 2190 2189
f 2064 2190 2063
f 2064 2191 2190
f 2065 2191 2064
f 2065 2192 2191
f 2065 2193 2192
f 2066 2193 2065
f 2067 2193 2066
f 2067 2194 2193
f 2067 2195 2194
f 2068 2195 2067
f 2068 2196 2195
f 2069 2196 2068
f 2069 2197 2196
f 2070 2197 2069
f 2071 2197 2070
f 2071 2198 2197
f 2072 2198 2071
f 2072 2199 2198
f 2073 2199 2072
f 2073 2200 2199
f 2074 2200 2073
f 2074 2201 2200
f 2075 2201 2074
f 2075 2202 2201
f 2076 2202 2075
f 2076 2203 2202
f 2077 2203 2076
f 2077 2204 2203
f 2078 2204 2077
f 2078 2205 2204
f 2079 2205 2078
f 2079 2206 2205
f 2079 2207 2206
f 2080 2208 2207
f 2080 2207 2079
f 2081 2208 2080
f 2082 2209 2208
f 2082 2210 2209
f 2082 2208 2081
f 2083 2211 2210
f 2083 2210 2082
f 2084 2211 2083
f 2085 2211 2084
f 2085 2212 2211
f 2086 2212 2085
f 2086 2213 2212
f 2087 2213 2086
f 2087 2214 2213
f 2088 2214 2087
f 2088 2215 2214
f 2089 2215 2088
f 2089 2216 2215
f 2090 2216 2089
f 2090 2217 2216
f 2091 2217 2090
f 2091 2218 2217
f 2092 2218 2091
f 2092 2219 2218
f 2093 2219 2092
f 2093 2220 2219
f 2094 2220 2093
f 2094 2221 2220
f 2095 2221 2094
f 2095 2222 2221
f 2096 2222 2095
f 2096 2223 2222
f 2097 2223 2096
f 2097 2224 2223
f 2098 2225 2224
f 2098 2224 2097
f 2099 2226 2225
f 2099 2225 2098
f 2100 2227 2226
f 2100 2226 2099
f 2101 2228 2227
f 2101 2227 2100
f 2102 2229 2228
f 2102 2228 2101
f 2103 2230 2229
f 2103 2229 2102
f 2104 2231 2230
f 2104 2232 2231
f 2104 2230 2103
f 2105 2232 2104
f 2106 2233 2232
f 2106 2232 2105
f 2107 2234 2233
f 2107 2235 2234
f 2107 2233 2106
f 2108 2236 2235
f 2108 2235 2107
f 2109 2236 2108
f 2110 2237 2236
f 2110 2236 2109
f 2111 2237 2110
f 2111 2238 2237
f 2112 2238 2111
f 2112 2239 2238
f 2113 2239 2112
f 2113 2240 2239
f 2114 2240 2113
f 2114 2241 2240
f 2115 2242 2241
f 2115 2243 2242
f 2115 2241 2114
f 2116 2244 2243
f 2116 2243 2115
f 2117 2244 2116
f 2118 2245 2244
f 2118 2244 2117
f 2119 2246 2245
f 2119 2245 2118
f 2120 2247 2246
f 2120 2246 2119
f 2121 2248 2247
f 2121 2249 2248
f 2121 2247 2120
f 2122 2249 2121
f 2123 2250 2249
f 2123 2249 2122
f 2124 2251 2250
f 2124 2250 2123
f 2125 2252 2251
f 2125 2251 2124
f 2126 2253 2252
f 2126 2252 2125
f 2127 2254 2253
f 2127 2253 2126
f 2128 2255 2254
f 2128 2254 2127
f 2129 2256 2255
f 2129 2255 2128
f 2130 2257 2256
f 2130 2258 2257
f 2130 2256 2129
f 2131 2258 2130
f 2132 2259 2258
f 2132 2260 2259
f 2132 2258 2131
f 2133 2260 2132
f 2134 2261 2260
f 2134 2260 2133
f 2135 2261 2134
f 2135 2262 2261
f 2136 2262 2135
f 2136 2263 2262
f 2137 2263 2136
f 2137 2264 2263
f 2138 2264 2137
f 2138 2265 2264
f 2139 2265 2138
f 2139 2266 2265
f 2140 2266 2139
f 2140 2267 2266
f 2141 2267 2140
f 2141 2268 2267
f 2142 2268 2141
f 2142 2269 2268
f 2143 2269 2142
f 2143 2270 2269
f 2144 2270 2143
f 2144 2271 2270
f 2145 2271 2144
f 2145 2272 2271
f 2146 2272 2145
f 2146 2273 2272
f 2147 2274 2273
f 2147 2273 2146
f 2148 2274 2147
f 2148 2275 2274
f 2149 2276 2275
f 2149 2275 2148
f 2278 2404 2277
f 2278 2405 2404
f 2279 2406 2405
f 2279 2407 2406
f 2279 2405 2278
f 2280 2408 2407
f 2280 2407 2279
f 2281 2409 2408
f 2281 2408 2280
f 2282 2410 2409
f 2282 2409 2281
f 2283 2411 2410
f 2283 2410 2282
f 2284 2411 2283
f 2285 2412 2411
f 2285 2413 2412
f 2285 2411 2284
f 2286 2413 2285
f 2287 2414 2413
f 2287 2413 2286
f 2288 2414 2287
f 2288 2415 2414
f 2289 2415 2288
f 2289 2416 2415
f 2289 2417 2416
f 2290 2417 2289
f 2291 2417 2290
f 2291 2418 2417
f 2292 2418 2291
f 2292 2419 2418
f 2293 2419 2292
f 2293 2420 2419
f 2294 2420 2293
f 2294 2421 2420
f 2295 2421 2294
f 2295 2422 2421
f 2296 2422 2295
f 2296 2423 2422
f 2297 2423 2296
f 2297 2424 2423
f 2298 2424 2297
f 2298 2425 2424
f 2299 2425 2298
f 2299 2426 2425
f 2299 2427 2426
f 2300 2427 2299
f 2301 2428 2427
f 2301 2429 2428
f 2301 2427 2300
f 2302 2429 2301
f 2303 2430 2429
f 2303 2429 2302
f 2304 2431 2430
f 2304 2432 2431
f 2304 2430 2303
f 2305 2432 2304
f 2306 2433 2432
f 2306 2432 2305
f 2307 2434 2433
f 2307 2435 2434
f 2307 2433 2306
f 2308 2435 2307
f 2309 2436 2435
f 2309 2437 2436
f 2309 2435 2308
f 2310 2437 2309
f 2311 2438 2437
f 2311 2439 2438
f 2311 2437 2310
f 2312 2439 2311
f 2313 2439 2312
f 2313 2440 2439
f 2314 2440 2313
f 2314 2441 2440
f 2315 2441 2314
f 2315 2442 2441
f 2316 2442 2315
f 2316 2443 2442
f 2317 2443 2316
f 2317 2444 2443
f 2318 2444 2317
f 2318 2445 2444
f 2319 2445 2318
f 2319 2446 2445
f 2319 2447 2446
f 2320 2447 2319
f 2321 2447 2320
f 2321 2448 2447
f 2321 2449 2448
f 2322 2449 2321
f 2322 2450 2449
f 2323 2450 2322
f 2323 2451 2450
f 2324 2451 2323
f 2325 2451 2324
f 2325 2452 2451
f 2326 2452 2325
f 2326 2453 2452
f 2327 2453 2326
f 2327 2454 2453
f 2328 2454 2327
f 2328 2455 2454
f 2329 2455 2328
f 2329 2456 2455
f 2330 2456 2329
f 2330 2457 2456
f 2331 2457 2330
f 2331 2458 2457
f 2332 2458 2331
f 2332 2459 2458
f 2333 2459 2332
f 2333 2460 2459
f 2333 2461 2460
f 2334 2462 2461
f 2334 2461 2333
f 2335 2462 2334
f 2336 2463 2462
f 2336 2464 2463
f 2336 2462 2335
f 2337 2465 2464
f 2337 2464 2336
f 2338 2465 2337
f 2339 2465 2338
f 2339 2466 2465
f 2340 2466 2339
f 2340 2467 2466
f 2341 2467 2340
f 2341 2468 2467
f 2342 2468 2341
f 2342 2469 2468
f 2343 2469 2342
f 2343 2470 2469
f 2344 2470 2343
f 2344 2471 2470
f 2345 2471 2344
f 2345 2472 2471
f 2346 2472 2345
f 2346 2473 2472
f 2347 2473 2346
f 2347 2474 2473
f 2348 2474 2347
f 2348 2475 2474
f 2349 2475 2348
f 2349 2476 2475
f 2350 2476 2349
f 2350 2477 2476
f 2351 2477 2350
f 2351 2478 2477
f 2352 2479 2478
f 2352 2478 2351
f 2353 2480 2479
f 2353 2479 2352
f 2354 2481 2480
f 2354 2480 2353
f 2355 2482 2481
f 2355 2481 2354
f 2356 2483 2482
f 2356 2482 2355
f 2357 2484 2483
f 2357 2483 2356
f 2358 2485 2484
f 2358 2486 2485
f 2358 2484 2357
f 2359 2486 2358
f 2360 2487 2486
f 2360 2486 2359
f 2361 2488 2487
f 2361 2489 2488
f 2361 2487 2360
f 2362 2490 2489
f 2362 2489 2361
f 2363 2490 2362
f 2364 2491 2490
f 2364 2490 2363
f 2365 2491 2364
f 2365 2492 2491
f 2366 2492 2365
f 2366 2493 2492
f 2367 2493 2366
f 2367 2494 2493
f 2368 2494 2367
f 2368 2495 2494
f 2369 2496 2495
f 2369 2497 2496
f 2369 2495 2368
f 2370 2498 2497
f 2370 2497 2369
f 2371 2498 2370
f 2372 2499 2498
f 2372 2498 2371
f 2373 2500 2499
f 2373 2499 2372
f 2374 2501 2500
f 2374 2500 2373
f 2375 2502 2501
f 2375 2503 2502
f 2375 2501 2374
f 2376 2503 2375
f 2377 2504 2503
f 2377 2503 2376
f 2378 2505 2504
f 2378 2504 2377
f 2379 2506 2505
f 2379 2505 2378
f 2380 2507 2506
f 2380 2506 2379
f 2381 2508 2507
f 2381 2507 2380
f 2382 2509 2508
f 2382 2508 2381
f 2383 2510 2509
f 2383 2509 2382
f 2384 2511 2510
f 2384 2512 2511
f 2384 2510 2383
f 2385 2512 2384
f 2386 2513 2512
f 2386 2514 2513
f 2386 2512 2385
f 2387 2514 2386
f 2388 2515 2514
f 2388 2514 2387
f 2389 2515 2388
f 2389 2516 2515
f 2390 2516 2389
f 2390 2517 2516
f 2391 2517 2390
f 2391 2518 2517
f 2392 2518 2391
f 2392 2519 2518
f 2393 2519 2392
f 2393 2520 2519
f 2394 2520 2393
f 2394 2521 2520
f 2395 2521 2394
f 2395 2522 2521
f 2396 2522 2395
f 2396 2523 2522
f 2397 2523 2396
f 2397 2524 2523
f 2398 2524 2397
f 2398 2525 2524
f 2399 2525 2398
f 2399 2526 2525
f 2400 2526 2399
f 2400 2527 2526
f 2401 2528 2527
f 2401 2527 2400
f 2402 2528 2401
f 2402 2529 2528
f 2403 2530 2529
f 2403 2529 2402
f 2532 2658 2531
f 2532 2659 2658
f 2533 2660 2659
f 2533 2661 2660
f 2533 2659 2532
f 2534 2662 2661
f 2534 2661 2533
f 2535 2663 2662
f 2535 2662 2534
f 2536 2664 2663
f 2536 2663 2535
f 2537 2665 2664
f 2537 2664 2536
f 2538 2665 2537
f 2539 2666 2665
f 2539 2667 2666
f 2539 2665 2538
f 2540 2667 2539
f 2541 2668 2667
f 2541 2667 2540
f 2542 2668 2541
f 2542 2669 2668
f 2543 2669 2542
f 2543 2670 2669
f 2543 2671 2670
f 2544 2671 2543
f 2545 2671 2544
f 2545 2672 2671
f 2546 2672 2545
f 2546 2673 2672
f 2547 2673 2546
f 2547 2674 2673
f 2548 2674 2547
f 2548 2675 2674
f 2549 2675 2548
f 2549 2676 2675
f 2550 2676 2549
f 2550 2677 2676
f 2551 2677 2550
f 2551 2678 2677
f 2552 2678 2551
f 2552 2679 2678
f 2553 2679 2552
f 2553 2680 2679
f 2553 2681 2680
f 2554 2681 2553
f 2555 2682 2681
f 2555 2683 2682
f 2555 2681 2554
f 2556 2683 2555
f 2557 2684 2683
f 2557 2683 2556
f 2558 2685 2684
f 2558 2686 2685
f 2558 2684 2557
f 2559 2686 2558
f 2560 2687 2686
f 2560 2686 2559
f 2561 2688 2687
f 2561 2689 2688
f 2561 2687 2560
f 2562 2689 2561
f 2563 2690 2689
f 2563 2691 2690
f 2563 2689 2562
f 2564 2691 2563
f 2565 2692 2691
f 2565 2693 2692
f 2565 2691 2564
f 2566 2693 2565
f 2567 2693 2566
f 2567 2694 2693
f 2568 2694 2567
f 2568 2695 2694
f 2569 2695 2568
f 2569 2696 2695
f 2570 2696 2569
f 2570 2697 2696
f 2571 2697 2570
f 2571 2698 2697
f 2572 2698 2571
f 2572 2699 2698
f 2573 2699 2572
f 2573 2700 2699
f 2573 2701 2700
f 2574 2701 2573
f 2575 2701 2574
f 2575 2702 2701
f 2575 2703 2702
f 2576 2703 2575
f 2576 2704 2703
f 2577 2704 2576
f 2577 2705 2704
f 2578 2705 2577
f 2579 2705 2578
f 2579 2706 2705
f 2580 2706 2579
f 2580 2707 2706
f 2581 2707 2580
f 2581 2708 2707
f 2582 2708 2581
f 2582 2709 2708
f 2583 2709 2582
f 2583 2710 2709
f 2584 2710 2583
f 2584 2711 2710
f 2585 2711 2584
f 2585 2712 2711
f 2586 2712 2585
f 2586 2713 2712
f 2587 2713 2586
f 2587 2714 2713
f 2587 2715 2714
f 2588 2716 2715
f 2588 2715 2587
f 2589 2716 2588
f 2590 2717 2716
f 2590 2718 2717
f 2590 2716 2589
f 2591 2719 2718
f 2591 2718 2590
f 2592 2719 2591
f 2593 2719 2592
f 2593 2720 2719
f 2594 2720 2593
f 2594 2721 2720
f 2595 2721 2594
f 2595 2722 2721
f 2596 2722 2595
f 2596 2723 2722
f 2597 2723 2596
f 2597 2724 2723
f 2598 2724 2597
f 2598 2725 2724
f 2599 2725 2598
f 2599 2726 2725
f 2600 2726 2599
f 2600 2727 2726
f 2601 2727 2600
f 2601 2728 2727
f 2602 2728 2601
f 2602 2729 2728
f 2603 2729 2602
f 2603 2730 2729
f 2604 2730 2603
f 2604 2731 2730
f 2605 2731 2604
f 2605 2732 2731
f 2606 2733 2732
f 2606 2732 2605
f 2607 2734 2733
f 2607 2733 2606
f 2608 2735 2734
f 2608 2734 2607
f 2609 2736 2735
f 2609 2735 2608
f 2610 2737 2736
f 2610 2736 2609
f 2611 2738 2737
f 2611 2737 2610
f 2612 2739 2738
f 2612 2740 2739
f 2612 2738 2611
f 2613 2740 2612
f 2614 2741 2740
f 2614 2740 2613
f 2615 2742 2741
f 2615 2743 2742
f 2615 2741 2614
f 2616 2744 2743
f 2616 2743 2615
f 2617 2744 2616
f 2618 2745 2744
f 2618 2744 2617
f 2619 2745 2618
f 2619 2746 2745
f 2620 2746 2619
f 2620 2747 2746
f 2621 2747 2620
f 2621 2748 2747
f 2622 2748 2621
f 2622 2749 2748
f 2623 2750 2749
f 2623 2751 2750
f 2623 2749 2622
f 2624 2752 2751
f 2624 2751 2623
f 2625 2752 2624
f 2626 2753 2752
f 2626 2752 2625
f 2627 2754 2753
f 2627 2753 2626
f 2628 2755 2754
f 2628 2754 2627
f 2629 2756 2755
f 2629 2757 2756
f 2629 2755 2628
f 2630 2757 2629
f 2631 2758 2757
f 2631 2757 2630
f 2632 2759 2758
f 2632 2758 2631
f 2633 2760 2759
f 2633 2759 2632
f 2634 2761 2760
f 2634 2760 2633
f 2635 2762 2761
f 2635 2761 2634
f 2636 2763 2762
f 2636 2762 2635
f 2637 2764 2763
f 2637 2763 2636
f 2638 2765 2764
f 2638 2766 2765
f 2638 2764 2637
f 2639 2766 2638
f 2640 2767 2766
f 2640 2768 2767
f 2640 2766 2639
f 2641 2768 2640
f 2642 2769 2768
f 2642 2768 2641
f 2643 2769 2642
f 2643 2770 2769
f 2644 2770 2643
f 2644 2771 2770
f 2645 2771 2644
f 2645 2772 2771
f 2646 2772 2645
f 2646 2773 2772
f 2647 2773 2646
f 2647 2774 2773
f 2648 2774 2647
f 2648 2775 2774
f 2649 2775 2648
f 2649 2776 2775
f 2650 2776 2649
f 2650 2777 2776
f 2651 2777 2650
f 2651 2778 2777
f 2652 2778 2651
f 2652 2779 2778
f 2653 2779 2652
f 2653 2780 2779
f 2654 2780 2653
f 2654 2781 2780
f 2655 2782 2781
f 2655 2781 2654
f 2656 2782 2655
f 2656 2783 2782
f 2657 2784 2783
f 2657 2783 2656
f 2786 2912 2785
f 2786 2913 2912
f 2787 2914 2913
f 2787 2915 2914
f 2787 2913 2786
f 2788 2916 2915
f 2788 2915 2787
f 2789 2917 2916
f 2789 2916 2788
f 2790 2918 2917
f 2790 2917 2789
f 2791 2919 2918
f 2791 2918 2790
f 2792 2919 2791
f 2793 2920 2919
f 2793 2921 2920
f 2793 2919 2792
f 2794 2921 2793
f 2795 2922 2921
f 2795 2921 2794
f 2796 2922 2795
f 2796 2923 2922
f 2797 2923 2796
f 2797 2924 2923
f 2797 2925 2924
f 2798 2925 2797
f 2799 2925 2798
f 2799 2926 2925
f 2800 2926 2799
f 2800 2927 2926
f 2801 2927 2800
f 2801 2928 2927
f 2802 2928 2801
f 2802 2929 2928
f 2803 2929 2802
f 2803 2930 2929
f 2804 2930 2803
f 2804 2931 2930
f 2805 2931 2804
f 2805 2932 2931
f 2806 2932 2805
f 2806 2933 2932
f 2807 2933 2806
f 2807 2934 2933
f 2807 2935 2934
f 2808 2935 2807
f 2809 2936 2935
f 2809 2937 2936
f 2809 2935 2808
f 2810 2937 2809
f 2811 2938 2937
f 2811 2937 2810
f 2812 2939 2938
f 2812 2940 2939
f 2812 2938 2811
f 2813 2940 2812
f 2814 2941 2940
f 2814 2940 2813
f 2815 2942 2941
f 2815 2943 2942
f 2815 2941 2814
f 2816 2943 2815
f 2817 2944 2943
f 2817 2945 2944
f 2817 2943 2816
f 2818 2945 2817
f 2819 2946 2945
f 2819 2947 2946
f 2819 2945 2818
f 2820 2947 2819
f 2821 2947 2820
f 2821 2948 2947
f 2822 2948 2821
f 2822 2949 2948
f 2823 2949 2822
f 2823 2950 2949
f 2824 2950 2823
f 2824 2951 2950
f 2825 2951 2824
f 2825 2952 2951
f 2826 2952 2825
f 2826 2953 2952
f 2827 2953 2826
f 2827 2954 2953
f 2827 2955 2954
f 2828 2955 2827
f 2829 2955 2828
f 2829 2956 2955
f 2829 2957 2956
f 2830 2957 2829
f 2830 2958 2957
f 2831 2958 2830
f 2831 2959 2958
f 2832 2959 2831
f 2833 2959 2832
f 2833 2960 2959
f 2834 2960 2833
f 2834 2961 2960
f 2835 2961 2834
f 2835 2962 2961
f 2836 2962 2835
f 2836 2963 2962
f 2837 2963 2836
f 2837 2964 2963
f 2838 2964 2837
f 2838 2965 2964
f 2839 2965 2838
f 2839 2966 2965
f 2840 2966 2839
f 2840 2967 2966
f 2841 2967 2840
f 2841 2968 2967
f 2841 2969 2968
f 2842 2970 2969
f 2842 2969 2841
f 2843 2970 2842
f 2844 2971 2970
f 2844 2972 2971
f 2844 2970 2843
f 2845 2973 2972
f 2845 2972 2844
f 2846 2973 2845
f 2847 2973 2846
f 2847 2974 2973
f 2848 2974 2847
f 2848 2975 2974
f 2849 2975 2848
f 2849 2976 2975
f 2850 2976 2849
f 2850 2977 2976
f 2851 2977 2850
f 2851 2978 2977
f 2852 2978 2851
f 2852 2979 2978
f 2853 2979 2852
f 2853 2980 2979
f 2854 2980 2853
f 2854 2981 2980
f 2855 2981 2854
f 2855 2982 2981
f 2856 2982 2855
f 2856 2983 2982
f 2857 2983 2856
f 2857 2984 2983
f 2858 2984 2857
f 2858 2985 2984
f 2859 2985 2858
f 2859 2986 2985
f 2860 2987 2986
f 2860 2986 2859
f 2861 2988 2987
f 2861 2987 2860
f 2862 2989 2988
f 2862 2988 2861
f 2863 2990 2989
f 2863 2989 2862
f 2864 2991 2990
f 2864 2990 2863
f 2865 2992 2991
f 2865 2991 2864
f 2866 2993 2992
f 2866 2994 2993
f 2866 2992 2865
f 2867 2994 2866
f 2868 2995 2994
f 2868 2994 2867
f 2869 2996 2995
f 2869 2997 2996
f 2869 2995 2868
f 2870 2998 2997
f 2870 2997 2869
f 2871 2998 2870
f 2872 2999 2998
f 2872 2998 2871
f 2873 2999 2872
f 2873 3000 2999
f 2874 3000 2873
f 2874 3001 3000
f 2875 3001 2874
f 2875 3002 3001
f 2876 3002 2875
f 2876 3003 3002
f 2877 3004 3003
f 2877 3005 3004
f 2877 3003 2876
f 2878 3006 3005
f 2878 3005 2877
f 2879 3006 2878
f 2880 3007 3006
f 2880 3006 2879
f 2881 3008 3007
f 2881 3007 2880
f 2882 3009 3008
f 2882 3008 2881
f 2883 3010 3009
f 2883 3011 3010
f 2883 3009 2882
f 2884 3011 2883
f 2885 3012 3011
f 2885 3011 2884
f 2886 3013 3012
f 2886 3012 2885
f 2887 3014 3013
f 2887 3013 2886
f 2888 3015 3014
f 2888 3014 2887
f 2889 3016 3015
f 2889 3015 2888
f 2890 3017 3016
f 2890 3016 2889
f 2891 3018 3017
f 2891 3017 2890
f 2892 3019 3018
f 2892 3020 3019
f 2892 3018 2891
f 2893 3020 2892
f 2894 3021 3020
f 2894 3022 3021
f 2894 3020 2893
f 2895 3022 2894
f 2896 3023 3022
f 2896 3022 2895
f 2897 3023 2896
f 2897 3024 3023
f 2898 3024 2897
f 2898 3025 3024
f 2899 3025 2898
f 2899 3026 3025
f 2900 3026 2899
f 2900 3027 3026
f 2901 3027 2900
f 2901 3028 3027
f 2902 3028 2901
f 2902 3029 3028
f 2903 3029 2902
f 2903 3030 3029
f 2904 3030 2903
f 2904 3031 3030
f 2905 3031 2904
f 2905 3032 3031
f 2906 3032 2905
f 2906 3033 3032
f 2907 3033 2906
f 2907 3034 3033
f 2908 3034 2907
f 2908 3035 3034
f 2909 3036 3035
f 2909 3035 2908
f 2910 3036 2909
f 2910 3037 3036
f 2911 3038 3037
f 2911 3037 2910
f 3040 3166 3039
f 3040 3167 3166
f 3041 3168 3167
f 3041 3169 3168
f 3041 3167 3040
f 3042 3170 3169
f 3042 3169 3041
f 3043 3171 3170
f 3043 3170 3042
f 3044 3172 3171
f 3044 3171 3043
f 3045 3173 3172
f 3045 3172 3044
f 3046 3173 3045
f 3047 3174 3173
f 3047 3175 3174
f 3047 3173 3046
f 3048 3175 3047
f 3049 3176 3175
f 3049 3175 3048
f 3050 3176 3049
f 3050 3177 3176
f 3051 3177 3050
f 3051 3178 3177
f 3051 3179 3178
f 3052 3179 3051
f 3053 3179 3052
f 3053 3180 3179
f 3054 3180 3053
f 3054 3181 3180
f 3055 3181 3054
f 3055 3182 3181
f 3056 3182 3055
f 3056 3183 3182
f 3057 3183 3056
f 3057 3184 3183
f 3058 3184 3057
f 3058 3185 3184
f 3059 3185 3058
f 3059 3186 3185
f 3060 3186 3059
f 3060 3187 3186
f 3061 3187 3060
f 3061 3188 3187
f 3061 3189 3188
f 3062 3189 3061
f 3063 3190 3189
f 3063 3191 3190
f 3063 3189 3062
f 3064 3191 3063
f 3065 3192 3191
f 3065 3191 3064
f 3066 3193 3192
f 3066 3194 3193
f 3066 3192 3065
f 3067 3194 3066
f 3068 3195 3194
f 3068 3194 3067
f 3069 3196 3195
f 3069 3197 3196
f 3069 3195 3068
f 3070 3197 3069
f 3071 3198 3197
f 3071 3199 3198
f 3071 3197 3070
f 3072 3199 3071
f 3073 3200 3199
f 3073 3201 3200
f 3073 3199 3072
f 3074 3201 3073
f 3075 3201 3074
f 3075 3202 3201
f 3076 3202 3075
f 3076 3203 3202
f 3077 3203 3076
f 3077 3204 3203
f 3078 3204 3077
f 3078 3205 3204
f 3079 3205 3078
f 3079 3206 3205
f 3080 3206 3079
f 3080 3207 3206
f 3081 3207 3080
f 3081 3208 3207
f 3081 3209 3208
f 3082 3209 3081
f 3083 3209 3082
f 3083 3210 3209
f 3083 3211 3210
f 3084 3211 3083
f 3084 3212 3211
f 3085 3212 3084
f 3085 3213 3212
f 3086 3213 3085
f 3087 3213 3086
f 3087 3214 3213
f 3088 3214 3087
f 3088 3215 3214
f 3089 3215 3088
f 3089 3216 3215
f 3090 3216 3089
f 3090 3217 3216
f 3091 3217 3090
f 3091 3218 3217
f 3092 3218 3091
f 3092 3219 3218
f 3093 3219 3092
f 3093 3220 3219
f 3094 3220 3093
f 3094 3221 3220
f 3095 3221 3094
f 3095 3222 3221
f 3095 3223 3222
f 3096 3224 3223
f 3096 3223 3095
f 3097 3224 3096
f 3098 3225 3224
f 3098 3226 3225
f 3098 3224 3097
f 3099 3227 3226
f 3099 3226 3098
f 3100 3227 3099
f 3101 3227 3100
f 3101 3228 3227
f 3102 3228 3101
f 3102 3229 3228
f 3103 3229 3102
f 3103 3230 3229
f 3104 3230 3103
f 3104 3231 3230
f 3105 3231 3104
f 3105 3232 3231
f 3106 3232 3105
f 3106 3233 3232
f 3107 3233 3106
f 3107 3234 3233
f 3108 3234 3107
f 3108 3235 3234
f 3109 3235 3108
f 3109 3236 3235
f 3110 3236 3109
f 3110 3237 3236
f 3111 3237 3110
f 3111 3238 3237
f 3112 3238 3111
f 3112 3239 3238
f 3113 3239 3112
f 3113 3240 3239
f 3114 3241 3240
f 3114 3240 3113
f 3115 3242 3241
f 3115 3241 3114
f 3116 3243 3242
f 3116 3242 3115
f 3117 3244 3243
f 3117 3243 3116
f 3118 3245 3244
f 3118 3244 3117
f 3119 3246 3245
f 3119 3245 3118
f 3120 3247 3246
f 3120 3248 3247
f 3120 3246 3119
f 3121 3248 3120
f 3122 3249 3248
f 3122 3248 3121
f 3123 3250 3249
f 3123 3251 3250
f 3123 3249 3122
f 3124 3252 3251
f 3124 3251 3123
f 3125 3252 3124
f 3126 3253 3252
f 3126 3252 3125
f 3127 3253 3126
f 3127 3254 3253
f 3128 3254 3127
f 3128 3255 3254
f 3129 3255 3128
f 3129 3256 3255
f 3130 3256 3129
f 3130 3257 3256
f 3131 3258 3257
f 3131 3259 3258
f 3131 3257 3130
f 3132 3260 3259
f 3132 3259 3131
f 3133 3260 3132
f 3134 3261 3260
f 3134 3260 3133
f 3135 3262 3261
f 3135 3261 3134
f 3136 3263 3262
f 3136 3262 3135
f 3137 3264 3263
f 3137 3265 3264
f 3137 3263 3136
f 3138 3265 3137
f 3139 3266 3265
f 3139 3265 3138
f 3140 3267 3266
f 3140 3266 3139
f 3141 3268 3267
f 3141 3267 3140
f 3142 3269 3268
f 3142 3268 3141
f 3143 3270 3269
f 3143 3269 3142
f 3144 3271 3270
f 3144 3270 3143
f 3145 3272 3271
f 3145 3271 3144
f 3146 3273 3272
f 3146 3274 3273
f 3146 3272 3145
f 3147 3274 3146
f 3148 3275 3274
f 3148 3276 3275
f 3148 3274 3147
f 3149 3276 3148
f 3150 3277 3276
f 3150 3276 3149
f 3151 3277 3150
f 3151 3278 3277
f 3152 3278 3151
f 3152 3279 3278
f 3153 3279 3152
f 3153 3280 3279
f 3154 3280 3153
f 3154 3281 3280
f 3155 3281 3154
f 3155 3282 3281
f 3156 3282 3155
f 3156 3283 3282
f 3157 3283 3156
f 3157 3284 3283
f 3158 3284 3157
f 3158 3285 3284
f 3159 3285 3158
f 3159 3286 3285
f 3160 3286 3159
f 3160 3287 3286
f 3161 3287 3160
f 3161 3288 3287
f 3162 3288 3161
f 3162 3289 3288
f 3163 3290 3289
f 3163 3289 3162
f 3164 3290 3163
f 3164 3291 3290
f 3165 3292 3291
f 3165 3291 3164
f 3294 3420 3293
f 3294 3421 3420
f 3295 3422 3421
f 3295 3423 3422
f 3295 3421 3294
f 3296 3424 3423
f 3296 3423 3295
f 3297 3425 3424
f 3297 3424 3296
f 3298 3426 3425
f 3298 3425 3297
f 3299 3427 3426
f 3299 3426 3298
f 3300 3427 3299
f 3301 3428 3427
f 3301 3429 3428
f 3301 3427 3300
f 3302 3429 3301
f 3303 3430 3429
f 3303 3429 3302
f 3304 3430 3303
f 3304 3431 3430
f 3305 3431 3304
f 3305 3432 3431
f 3305 3433 3432
f 3306 3433 3305
f 3307 3433 3306
f 3307 3434 3433
f 3308 3434 3307
f 3308 3435 3434
f 3309 3435 3308
f 3309 3436 3435
f 3310 3436 3309
f 3310 3437 3436
f 3311 3437 3310
f 3311 3438 3437
f 3312 3438 3311
f 3312 3439 3438
f 3313 3439 3312
f 3313 3440 3439
f 3314 3440 3313
f 3314 3441 3440
f 3315 3441 3314
f 3315 3442 3441
f 3315 3443 3442
f 3316 3443 3315
f 3317 3444 3443
f 3317 3445 3444
f 3317 3443 3316
f 3318 3445 3317
f 3319 3446 3445
f 3319 3445 3318
f 3320 3447 3446
f 3320 3448 3447
f 3320 3446 3319
f 3321 3448 3320
f 3322 3449 3448
f 3322 3448 3321
f 3323 3450 3449
f 3323 3451 3450
f 3323 3449 3322
f 3324 3451 3323
f 3325 3452 3451
f 3325 3453 3452
f 3325 3451 3324
f 3326 3453 3325
f 3327 3454 3453
f 3327 3455 3454
f 3327 3453 3326
f 3328 3455 3327
f 3329 3455 3328
f 3329 3456 3455
f 3330 3456 3329
f 3330 3457 3456
f 3331 3457 3330
f 3331 3458 3457
f 3332 3458 3331
f 3332 3459 3458
f 3333 3459 3332
f 3333 3460 3459
f 3334 3460 3333
f 3334 3461 3460
f 3335 3461 3334
f 3335 3462 3461
f 3335 3463 3462
f 3336 3463 3335
f 3337 3463 3336
f 3337 3464 3463
f 3337 3465 3464
f 3338 3465 3337
f 3338 3466 3465
f 3339 3466 3338
f 3339 3467 3466
f 3340 3467 3339
f 3341 3467 3340
f 3341 3468 3467
f 3342 3468 3341
f 3342 3469 3468
f 3343 3469 3342
f 3343 3470 3469
f 3344 3470 3343
f 3344 3471 3470
f 3345 3471 3344
f 3345 3472 3471
f 3346 3472 3345
f 3346 3473 3472
f 3347 3473 3346
f 3347 3474 3473
f 3348 3474 3347
f 3348 3475 3474
f 3349 3475 3348
f 3349 3476 3475
f 3349 3477 3476
f 3350 3478 3477
f 3350 3477 3349
f 3351 3478 3350
f 3352 3479 3478
f 3352 3480 3479
f 3352 3478 3351
f 3353 3481 3480
f 3353 3480 3352
f 3354 3481 3353
f 3355 3481 3354
f 3355 3482 3481
f 3356 3482 3355
f 3356 3483 3482
f 3357 3483 3356
f 3357 3484 3483
f 3358 3484 3357
f 3358 3485 3484
f 3359 3485 3358
f 3359 3486 3485
f 3360 3486 3359
f 3360 3487 3486
f 3361 3487 3360
f 3361 3488 3487
f 3362 3488 3361
f 3362 3489 3488
f 3363 3489 3362
f 3363 3490 3489
f 3364 3490 3363
f 3364 3491 3490
f 3365 3491 3364
f 3365 3492 3491
f 3366 3492 3365
f 3366 3493 3492
f 3367 3493 3366
f 3367 3494 3493
f 3368 3495 3494
f 3368 3494 3367
f 3369 3496 3495
f 3369 3495 3368
f 3370 3497 3496
f 3370 3496 3369
f 3371 3498 3497
f 3371 3497 3370
f 3372 3499 3498
f 3372 3498 3371
f 3373 3500 3499
f 3373 3499 3372
f 3374 3501 3500
f 3374 3502 3501
f 3374 3500 3373
f 3375 3502 3374
f 3376 3503 3502
f 3376 3502 3375
f 3377 3504 3503
f 3377 3505 3504
f 3377 3503 3376
f 3378 3506 3505
f 3378 3505 3377
f 3379 3506 3378
f 3380 3507 3506
f 3380 3506 3379
f 3381 3507 3380
f 3381 3508 3507
f 3382 3508 3381
f 3382 3509 3508
f 3383 3509 3382
f 3383 3510 3509
f 3384 3510 3383
f 3384 3511 3510
f 3385 3512 3511
f 3385 3513 3512
f 3385 3511 3384
f 3386 3514 3513
f 3386 3513 3385
f 3387 3514 3386
f 3388 3515 3514
f 3388 3514 3387
f 3389 3516 3515
f 3389 3515 3388
f 3390 3517 3516
f 3390 3516 3389
f 3391 3518 3517
f 3391 3519 3518
f 3391 3517 3390
f 3392 3519 3391
f 3393 3520 3519
f 3393 3519 3392
f 3394 3521 3520
f 3394 3520 3393
f 3395 3522 3521
f 3395 3521 3394
f 3396 3523 3522
f 3396 3522 3395
f 3397 3524 3523
f 3397 3523 3396
f 3398 3525 3524
f 3398 3524 3397
f 3399 3526 3525
f 3399 3525 3398
f 3400 3527 3526
f 3400 3528 3527
f 3400 3526 3399
f 3401 3528 3400
f 3402 3529 3528
f 3402 3530 3529
f 3402 3528 3401
f 3403 3530 3402
f 3404 3531 3530
f 3404 3530 3403
f 3405 3531 3404
f 3405 3532 3531
f 3406 3532 3405
f 3406 3533 3532
f 3407 3533 3406
f 3407 3534 3533
f 3408 3534 3407
f 3408 3535 3534
f 3409 3535 3408
f 3409 3536 3535
f 3410 3536 3409
f 3410 3537 3536
f 3411 3537 3410
f 3411 3538 3537
f 3412 3538 3411
f 3412 3539 3538
f 3413 3539 3412
f 3413 3540 3539
f 3414 3540 3413
f 3414 3541 3540
f 3415 3541 3414
f 3415 3542 3541
f 3416 3542 3415
f 3416 3543 3542
f 3417 3544 3543
f 3417 3543 3416
f 3418 3544 3417
f 3418 3545 3544
f 3419 3546 3545
f 3419 3545 3418
f 3751 3626 3752
f 3751 3624 3625
f 3751 3625 3626
f 3753 3752 3626
f 3753 3626 3627
f 3750 3624 3751
f 3754 3753 3627
f 3754 3627 3628
f 3749 3624 3750
f 3749 3623 3624
f 3755 3754 3628
f 3755 3628 3629
f 3755 3629 3630
f 3748 3623 3749
f 3748 3622 3623
f 3756 3755 3630
f 3756 3630 3631
f 3747 3622 3748
f 3747 3621 3622
f 3757 3756 3631
f 3746 3621 3747
f 3746 3620 3621
f 3758 3757 3631
f 3758 3631 3632
f 3758 3632 3633
f 3745 3620 3746
f 3745 3619 3620
f 3759 3633 3634
f 3759 3758 3633
f 3744 3618 3619
f 3744 3619 3745
f 3760 3759 3634
f 3760 3634 3635
f 3743 3616 3617
f 3743 3617 3618
f 3743 3618 3744
f 3761 3760 3635
f 3742 3616 3743
f 3762 3761 3635
f 3762 3635 3636
f 3741 3614 3615
f 3741 3615 3616
f 3741 3616 3742
f 3763 3762 3636
f 3763 3636 3637
f 3740 3614 3741
f 3764 3763 3637
f 3764 3637 3638
f 3739 3612 3613
f 3739 3613 3614
f 3739 3614 3740
f 3765 3638 3639
f 3765 3639 3640
f 3765 3764 3638
f 3738 3612 3739
f 3738 3611 3612
f 3766 3765 3640
f 3737 3611 3738
f 3767 3766 3640
f 3767 3640 3641
f 3736 3610 3611
f 3736 3611 3737
f 3768 3767 3641
f 3768 3641 3642
f 3768 3642 3643
f 3735 3610 3736
f 3735 3609 3610
f 3769 3768 3643
f 3769 3643 3644
f 3734 3609 3735
f 3734 3608 3609
f 3770 3769 3644
f 3733 3608 3734
f 3733 3607 3608
f 3771 3770 3644
f 3771 3644 3645
f 3732 3606 3607
f 3732 3607 3733
f 3772 3771 3645
f 3772 3645 3646
f 3731 3606 3732
f 3731 3605 3606
f 3773 3772 3646
f 3773 3646 3647
f 3730 3605 3731
f 3730 3604 3605
f 3774 3647 3648
f 3774 3773 3647
f 3729 3604 3730
f 3729 3602 3603
f 3729 3603 3604
f 3775 3648 3649
f 3775 3774 3648
f 3775 3649 3650
f 3728 3602 3729
f 3776 3775 3650
f 3727 3602 3728
f 3727 3601 3602
f 3777 3650 3651
f 3777 3776 3650
f 3726 3600 3601
f 3726 3601 3727
f 3778 3651 3652
f 3778 3777 3651
f 3725 3599 3600
f 3725 3600 3726
f 3779 3652 3653
f 3779 3778 3652
f 3724 3597 3598
f 3724 3598 3599
f 3724 3599 3725
f 3780 3653 3654
f 3780 3779 3653
f 3723 3597 3724
f 3781 3654 3655
f 3781 3655 3656
f 3781 3780 3654
f 3722 3597 3723
f 3722 3596 3597
f 3595 3596 3722
f 3782 3781 3656
f 3721 3595 3722
f 3657 3782 3656
f 3783 3782 3657
f 3594 3595 3721
f 3594 3721 3720
f 3719 3594 3720
f 3658 3784 3783
f 3658 3783 3657
f 3593 3594 3719
f 3659 3784 3658
f 3659 3785 3784
f 3592 3593 3719
f 3592 3719 3718
f 3660 3785 3659
f 3660 3786 3785
f 3591 3592 3718
f 3591 3718 3717
f 3661 3786 3660
f 3661 3787 3786
f 3590 3591 3717
f 3590 3716 3715
f 3590 3717 3716
f 3662 3787 3661
f 3662 3788 3787
f 3589 3590 3715
f 3663 3789 3788
f 3663 3788 3662
f 3588 3589 3715
f 3588 3714 3713
f 3588 3715 3714
f 3664 3790 3789
f 3664 3789 3663
f 3587 3588 3713
f 3665 3791 3790
f 3665 3790 3664
f 3586 3587 3713
f 3586 3712 3711
f 3586 3713 3712
f 3666 3792 3791
f 3666 3791 3665
f 3585 3586 3711
f 3667 3792 3666
f 3667 3793 3792
f 3584 3585 3711
f 3584 3711 3710
f 3668 3793 3667
f 3668 3794 3793
f 3583 3709 3708
f 3583 3710 3709
f 3583 3584 3710
f 3669 3794 3668
f 3669 3795 3794
f 3582 3583 3708
f 3670 3795 3669
f 3670 3796 3795
f 3581 3582 3708
f 3581 3708 3707
f 3671 3796 3670
f 3671 3797 3796
f 3580 3707 3706
f 3580 3581 3707
f 3672 3798 3797
f 3672 3797 3671
f 3579 3706 3705
f 3579 3580 3706
f 3547 3674 3673
f 3547 3673 3798
f 3547 3798 3672
f 3578 3705 3704
f 3578 3579 3705
f 3548 3674 3547
f 3577 3704 3703
f 3577 3578 3704
f 3549 3675 3674
f 3549 3674 3548
f 3576 3577 3703
f 3576 3703 3702
f 3550 3676 3675
f 3550 3675 3549
f 3575 3702 3701
f 3575 3576 3702
f 3551 3677 3676
f 3551 3678 3677
f 3551 3676 3550
f 3574 3700 3699
f 3574 3701 3700
f 3574 3575 3701
f 3552 3678 3551
f 3573 3574 3699
f 3573 3699 3698
f 3553 3678 3552
f 3553 3679 3678
f 3572 3573 3698
f 3572 3698 3697
f 3554 3680 3679
f 3554 3679 3553
f 3571 3572 3697
f 3555 3681 3680
f 3555 3680 3554
f 3570 3571 3697
f 3570 3696 3695
f 3570 3697 3696
f 3556 3682 3681
f 3556 3681 3555
f 3569 3570 3695
f 3557 3682 3556
f 3557 3683 3682
f 3557 3684 3683
f 3568 3569 3695
f 3568 3695 3694
f 3558 3684 3557
f 3567 3568 3694
f 3567 3694 3693
f 3559 3684 3558
f 3559 3685 3684
f 3566 3567 3693
f 3566 3693 3692
f 3560 3685 3559
f 3560 3686 3685
f 3565 3566 3692
f 3565 3692 3691
f 3561 3686 3560
f 3561 3687 3686
f 3561 3688 3687
f 3564 3691 3690
f 3564 3565 3691
f 3562 3688 3561
f 3563 3689 3688
f 3563 3690 3689
f 3563 3564 3690
f 3563 3688 3562
f 4045 3882 4046
f 4047 4046 3882
f 4044 3882 4045
f 4044 3881 3882
f 4048 4047 3882
f 4043 3881 4044
f 4049 4048 3882
f 4049 3882 3883
f 4042 3881 4043
f 4050 4049 3883
f 4041 3881 4042
f 3925 4050 3883
f 4040 3881 4041
f 4040 3880 3881
f 3926 3925 3883
f 4039 3880 4040
f 3927 3926 3883
f 3927 3883 3884
f 4038 3880 4039
f 3928 3927 3884
f 4037 3880 4038
f 3929 3928 3884
f 4036 3879 3880
f 4036 3880 4037
f 3930 3929 3884
f 4035 3879 4036
f 3931 3930 3884
f 4034 3879 4035
f 3932 3884 3885
f 3932 3931 3884
f 4033 3879 4034
f 3933 3932 3885
f 4032 3878 3879
f 4032 3879 4033
f 3934 3933 3885
f 4031 3878 4032
f 3935 3934 3885
f 4030 3878 4031
f 3936 3935 3885
f 3936 3885 3886
f 4029 3878 4030
f 3937 3936 3886
f 4028 3878 4029
f 4028 3877 3878
f 3938 3937 3886
f 4027 3877 4028
f 3939 3938 3886
f 4026 3877 4027
f 3940 3939 3886
f 3940 3886 3887
f 4025 3876 3877
f 4025 3877 4026
f 3941 3940 3887
f 4024 3876 4025
f 3942 3941 3887
f 4023 3876 4024
f 3943 3942 3887
f 4022 3876 4023
f 4022 3875 3876
f 3944 3943 3887
f 3944 3887 3888
f 4021 3875 4022
f 3945 3944 3888
f 4020 3875 4021
f 4020 3874 3875
f 3946 3945 3888
f 4019 3874 4020
f 3947 3946 3888
f 4018 3874 4019
f 3948 3947 3888
f 3948 3888 3889
f 4017 3874 4018
f 4017 3873 3874
f 3949 3948 3889
f 4016 3873 4017
f 3950 3949 3889
f 4015 3872 3873
f 4015 3873 4016
f 3951 3950 3889
f 3951 3889 3890
f 3952 3951 3890
f 3953 3952 3890
f 3954 3953 3890
f 3954 3890 3891
f 3955 3954 3891
f 3956 3955 3891
f 3956 3891 3892
f 3957 3956 3892
f 3958 3957 3892
f 3959 3958 3892
f 3959 3892 3893
f 3960 3959 3893
f 3961 3960 3893
f 4444 3865 3866
f 4444 3866 4445
f 4446 4445 3866
f 4443 3865 4444
f 4447 4446 3866
f 4442 3865 4443
f 4448 4447 3866
f 4448 3866 3867
f 4441 3865 4442
f 4449 4448 3867
f 4440 3864 3865
f 4440 3865 4441
f 4450 4449 3867
f 4439 3864 4440
f 4451 4450 3867
f 4438 3864 4439
f 4452 4451 3867
f 4452 3867 3868
f 4437 3864 4438
f 4453 4452 3868
f 4436 3864 4437
f 4436 3863 3864
f 4454 4453 3868
f 4435 3863 4436
f 4455 4454 3868
f 4455 3868 3869
f 4434 3863 4435
f 4456 4455 3869
f 4433 3863 4434
f 4457 4456 3869
f 4432 3863 4433
f 4458 4457 3869
f 4458 3869 3870
f 4431 3862 3863
f 4431 3863 4432
f 4459 4458 3870
f 4430 3862 4431
f 4460 3870 3871
f 4460 4459 3870
f 4429 3862 4430
f 4461 4460 3871
f 4554 3862 4429
f 4462 4461 3871
f 4553 3861 3862
f 4553 3862 4554
f 4463 3871 3872
f 4463 4462 3871
f 4552 3861 4553
f 4464 4463 3872
f 4551 3861 4552
f 4465 4464 3872
f 4465 3872 4015
f 4550 3861 4551
f 4466 4465 4015
f 4466 4015 4014
f 4549 3861 4550
f 4467 4014 4013
f 4467 4466 4014
f 4548 3861 4549
f 4548 3860 3861
f 4468 4012 4011
f 4468 4013 4012
f 4468 4467 4013
f 4547 3860 4548
f 4469 4468 4011
f 4469 4011 4010
f 4546 3860 4547
f 4470 4010 4009
f 4470 4469 4010
f 4545 3860 4546
f 4471 4470 4009
f 4544 3859 3860
f 4544 3860 4545
f 4472 4009 4008
f 4472 4471 4009
f 4543 3859 4544
f 4542 3859 4543
f 4541 3859 4542
f 4540 3859 4541
f 4540 3858 3859
f 4539 3858 4540
f 4538 3858 4539
f 4537 3858 4538
f 4536 3857 3858
f 4536 3858 4537
f 4535 3857 4536
f 4534 3857 4535
f 4533 3857 4534
f 4532 3857 4533
f 3856 3857 4532
f 4531 3856 4532
f 4530 3856 4531
f 4529 3856 4530
f 3855 4527 4526
f 3855 4528 4527
f 3855 4529 4528
f 3855 3856 4529
f 3854 4525 4524
f 3854 4526 4525
f 3854 3855 4526
f 4256 3998 3997
f 4256 3999 3998
f 4255 3999 4256
f 4255 4001 4000
f 4255 4000 3999
f 4257 4256 3997
f 4257 3996 3995
f 4257 3997 3996
f 4254 4002 4001
f 4254 4001 4255
f 4258 4257 3995
f 4258 3994 3993
f 4258 3995 3994
f 3853 4522 4521
f 3853 4523 4522
f 3853 4524 4523
f 3853 3854 4524
f 4253 4003 4002
f 4253 4004 4003
f 4253 4002 4254
f 4259 4258 3993
f 4259 3992 3991
f 4259 3993 3992
f 4252 4005 4004
f 4252 4006 4005
f 4252 4004 4253
f 4260 4259 3991
f 4260 3990 3989
f 4260 3991 3990
f 4251 4006 4252
f 4251 4007 4006
f 4251 4008 4007
f 4261 4260 3989
f 4261 3988 3987
f 4261 3989 3988
f 4250 4472 4008
f 4250 4008 4251
f 4250 4473 4472
f 4250 4474 4473
f 4262 4261 3987
f 4262 3986 3985
f 4262 3987 3986
f 4249 4474 4250
f 4249 4475 4474
f 4249 4476 4475
f 4263 4262 3985
f 4263 3984 3983
f 4263 3985 3984
f 4248 4477 4476
f 4248 4478 4477
f 4248 4476 4249
f 4264 4263 3983
f 4264 3982 3981
f 4264 3983 3982
f 4247 4479 4478
f 4247 4478 4248
f 4265 3980 3979
f 4265 3981 3980
f 4265 4264 3981
f 4246 4479 4247
f 4246 4480 4479
f 4246 4481 4480
f 4266 3978 3977
f 4266 3979 3978
f 4266 4265 3979
f 4245 4481 4246
f 4245 4482 4481
f 4245 4483 4482
f 4151 3897 3898
f 4150 3897 4151
f 4152 4151 3898
f 4149 3897 4150
f 4153 4152 3898
f 4148 3897 4149
f 4148 3896 3897
f 3852 4520 4519
f 3852 4521 4520
f 3852 3853 4521
f 4154 4153 3898
f 4154 3898 3899
f 4147 3896 4148
f 4267 4266 3977
f 4267 3976 3975
f 4267 3977 3976
f 4155 4154 3899
f 4146 3896 4147
f 4146 3895 3896
f 4156 4155 3899
f 4145 3895 4146
f 4157 4156 3899
f 4144 3895 4145
f 4244 4484 4483
f 4244 4485 4484
f 4244 4483 4245
f 4158 3899 3900
f 4158 4157 3899
f 4143 3895 4144
f 4143 3894 3895
f 4159 4158 3900
f 4142 3894 4143
f 4160 4159 3900
f 4268 4267 3975
f 4268 3975 3974
f 4141 3961 3893
f 4141 3894 4142
f 4141 3893 3894
f 4161 4160 3900
f 4140 3962 3961
f 4140 3963 3962
f 4140 3961 4141
f 4162 3900 3901
f 4162 4161 3900
f 4243 4485 4244
f 4243 4486 4485
f 4243 4487 4486
f 4139 3963 4140
f 4139 3964 3963
f 4163 4162 3901
f 4138 3964 4139
f 4269 3973 3972
f 4269 3974 3973
f 4269 4268 3974
f 4164 4163 3901
f 4137 3965 3964
f 4137 3964 4138
f 4165 4164 3901
f 4136 3965 4137
f 4136 3966 3965
f 4242 4487 4243
f 4242 4488 4487
f 4242 4489 4488
f 4166 3901 3902
f 4166 4165 3901
f 4135 3967 3966
f 4135 3968 3967
f 4135 3966 4136
f 4167 4166 3902
f 4270 4269 3972
f 4270 3971 3970
f 4270 3972 3971
f 4134 3968 4135
f 4168 4167 3902
f 4241 4490 4489
f 4241 4491 4490
f 4241 4489 4242
f 4169 4168 3902
f 4271 4270 3970
f 4271 3968 4134
f 4271 3969 3968
f 4271 3970 3969
f 4170 3902 3903
f 4170 4169 3902
f 4171 4170 3903
f 4240 4491 4241
f 4240 4492 4491
f 4240 4493 4492
f 3851 3852 4519
f 4172 4171 3903
f 4272 4271 4134
f 4272 4133 4132
f 4272 4134 4133
f 4173 4172 3903
f 4174 4173 3903
f 4239 4493 4240
f 4239 4494 4493
f 4239 4495 4494
f 4175 3903 3904
f 4175 4174 3903
f 4273 4131 4130
f 4273 4132 4131
f 4273 4272 4132
f 4176 4175 3904
f 4238 4495 4239
f 4238 4496 4495
f 4238 4497 4496
f 4051 4176 3904
f 4052 4051 3904
f 4274 4129 4128
f 4274 4130 4129
f 4274 4273 4130
f 4053 3904 3905
f 4053 4052 3904
f 4237 4497 4238
f 4237 4498 4497
f 4237 4499 4498
f 4054 4053 3905
f 4275 4128 4127
f 4275 4274 4128
f 4055 4054 3905
f 4056 4055 3905
f 4236 4499 4237
f 4236 4500 4499
f 4236 4501 4500
f 4057 4056 3905
f 4276 4126 4125
f 4276 4127 4126
f 4276 4275 4127
f 4058 4057 3905
f 4235 4501 4236
f 4235 4502 4501
f 4235 4503 4502
f 4277 4124 4123
f 4277 4125 4124
f 4277 4276 4125
f 3906 4058 3905
f 3906 4059 4058
f 3906 4060 4059
f 4061 4060 3906
f 4062 4061 3906
f 4234 4503 4235
f 4234 4504 4503
f 4234 4505 4504
f 4278 4122 4121
f 4278 4123 4122
f 4278 4277 4123
f 4233 4506 4505
f 4233 4505 4234
f 4279 4120 4119
f 4279 4121 4120
f 4279 4278 4121
f 4232 4507 4506
f 4232 4508 4507
f 4232 4506 4233
f 4280 4118 4117
f 4280 4119 4118
f 4280 4279 4119
f 3907 4062 3906
f 3907 4063 4062
f 3907 4064 4063
f 3907 4065 4064
f 3907 4066 4065
f 4231 4509 4508
f 4231 4510 4509
f 4231 4508 4232
f 4281 4280 4117
f 4281 4116 4115
f 4281 4117 4116
f 4230 4511 4510
f 4230 4512 4511
f 4230 4510 4231
f 4282 4114 4113
f 4282 4115 4114
f 4282 4281 4115
f 4229 4512 4230
f 4283 4112 4111
f 4283 4113 4112
f 4283 4282 4113
f 3908 4066 3907
f 3908 4067 4066
f 3908 4068 4067
f 3908 4069 4068
f 3908 4070 4069
f 4284 4110 4109
f 4284 4111 4110
f 4284 4283 4111
f 4285 4108 4107
f 4285 4109 4108
f 4285 4284 4109
f 4286 4106 4105
f 4286 4107 4106
f 4286 4285 4107
f 3909 4070 3908
f 3909 4071 4070
f 3909 4072 4071
f 3909 4073 4072
f 3909 4074 4073
f 4287 4104 4103
f 4287 4105 4104
f 4287 4286 4105
f 4288 4102 4101
f 4288 4103 4102
f 4288 4287 4103
f 4289 4288 4101
f 4289 4101 4100
f 3910 4074 3909
f 3910 4075 4074
f 3910 4076 4075
f 3910 4077 4076
f 4290 4289 4100
f 4290 4099 4098
f 4290 4100 4099
f 4291 4290 4098
f 4291 4097 4096
f 4291 4098 4097
f 4292 4291 4096
f 4292 4095 4094
f 4292 4096 4095
f 4591 4518 4592
f 4591 4519 4518
f 4591 3851 4519
f 4593 4592 4518
f 4593 4518 4517
f 4590 3851 4591
f 4594 4516 4515
f 4594 4517 4516
f 4594 4593 4517
f 4589 3850 3851
f 4589 3851 4590
f 4595 4594 4515
f 4588 3850 4589
f 4596 4595 4515
f 4596 4514 4513
f 4596 4515 4514
f 4587 3850 4588
f 3911 4077 3910
f 3911 4078 4077
f 3911 4079 4078
f 3911 4080 4079
f 4597 4596 4513
f 4586 3849 3850
f 4586 3850 4587
f 4598 4513 4512
f 4598 4512 4229
f 4598 4597 4513
f 4585 3849 4586
f 4599 4598 4229
f 4584 3849 4585
f 4584 3848 3849
f 4600 4599 4229
f 4600 4229 4228
f 4583 3848 4584
f 4601 4600 4228
f 4582 3848 4583
f 4602 4228 4227
f 4602 4601 4228
f 4581 3847 3848
f 4581 3848 4582
f 4603 4602 4227
f 4580 3847 4581
f 4604 4227 4226
f 4604 4603 4227
f 4579 3847 4580
f 4605 4226 4225
f 4605 4604 4226
f 4578 3846 3847
f 4578 3847 4579
f 4606 4605 4225
f 4577 3846 4578
f 4607 4606 4225
f 4607 4225 4224
f 4576 3846 4577
f 4608 4607 4224
f 4575 3846 4576
f 4609 4608 4224
f 4609 4224 4223
f 4574 3846 4575
f 4574 3845 3846
f 4610 4609 4223
f 4573 3845 4574
f 4611 4223 4222
f 4611 4610 4223
f 4572 3845 4573
f 4612 4611 4222
f 4571 3845 4572
f 4613 4222 4221
f 4613 4612 4222
f 3912 4081 4080
f 3912 4082 4081
f 3912 4080 3911
f 4570 3845 4571
f 4570 3844 3845
f 4614 4613 4221
f 4569 3844 4570
f 4615 4614 4221
f 4615 4221 4220
f 4568 3844 4569
f 4616 4615 4220
f 4567 3844 4568
f 4617 4220 4219
f 4617 4616 4220
f 4566 3844 4567
f 4618 4617 4219
f 3843 3844 4566
f 3843 4566 4565
f 4619 4219 4218
f 4619 4618 4219
f 4564 3843 4565
f 4620 4619 4218
f 4563 3843 4564
f 4621 4218 4217
f 4621 4620 4218
f 4562 3843 4563
f 4622 4621 4217
f 4623 4217 4216
f 4623 4622 4217
f 3913 4082 3912
f 3913 4083 4082
f 3913 4084 4083
f 3913 4085 4084
f 4624 4623 4216
f 4625 4216 4215
f 4625 4624 4216
f 4626 4625 4215
f 4627 4626 4215
f 4627 4215 4214
f 4628 4627 4214
f 3842 4558 4557
f 3842 4559 4558
f 3842 4560 4559
f 3842 4561 4560
f 3842 4562 4561
f 3842 3843 4562
f 4629 4214 4213
f 4629 4628 4214
f 4630 4629 4213
f 4631 4213 4212
f 4631 4630 4213
f 4632 4212 4211
f 4632 4631 4212
f 4633 4632 4211
f 3914 4085 3913
f 3914 4086 4085
f 3914 4087 4086
f 4634 4211 4210
f 4634 4633 4211
f 4635 4634 4210
f 4636 4210 4209
f 4636 4635 4210
f 4637 4636 4209
f 4638 4637 4209
f 3841 4556 4555
f 3841 4557 4556
f 3841 4680 4679
f 3841 4555 4680
f 3841 3842 4557
f 3840 3841 4679
f 3840 4675 4674
f 3840 4676 4675
f 3840 4677 4676
f 3840 4678 4677
f 3840 4679 4678
f 3839 3840 4674
f 3839 4671 4670
f 3839 4672 4671
f 3839 4673 4672
f 3839 4674 4673
f 3838 3839 4670
f 3838 4667 4666
f 3838 4668 4667
f 3838 4669 4668
f 3838 4670 4669
f 4382 4295 4294
f 4381 4295 4382
f 4383 4382 4294
f 4380 4295 4381
f 4380 4296 4295
f 4384 4383 4294
f 4384 4294 4293
f 4379 4297 4296
f 4379 4296 4380
f 4385 4384 4293
f 4378 4297 4379
f 4386 4292 4094
f 4386 4385 4293
f 4386 4293 4292
f 4377 4297 4378
f 4377 4298 4297
f 4387 4386 4094
f 4387 4094 4093
f 4376 4298 4377
f 4388 4387 4093
f 4388 4093 4092
f 4375 4298 4376
f 4375 4299 4298
f 4389 4388 4092
f 4389 4091 4090
f 4389 4092 4091
f 4374 4299 4375
f 4390 4389 4090
f 4373 4299 4374
f 4373 4300 4299
f 4391 4090 4089
f 4391 4390 4090
f 4372 4300 4373
f 4392 4391 4089
f 4392 4089 4088
f 4371 4300 4372
f 4371 4301 4300
f 4393 3914 3915
f 4393 4392 4088
f 4393 4088 4087
f 4393 4087 3914
f 4370 4301 4371
f 4394 4393 3915
f 4369 4301 4370
f 4369 4302 4301
f 4395 3915 3916
f 4395 4394 3915
f 4368 4302 4369
f 4396 4395 3916
f 4367 4302 4368
f 4367 4177 4302
f 4397 4396 3916
f 4366 4177 4367
f 4398 3916 3917
f 4398 4397 3916
f 4365 4177 4366
f 4365 4178 4177
f 4399 4398 3917
f 4364 4178 4365
f 4400 3917 3918
f 4400 4399 3917
f 4363 4179 4178
f 4363 4178 4364
f 3837 3838 4666
f 3837 4663 4662
f 3837 4664 4663
f 3837 4665 4664
f 3837 4666 4665
f 4401 4400 3918
f 4362 4179 4363
f 4402 4401 3918
f 4361 4180 4179
f 4361 4179 4362
f 4403 4402 3918
f 4360 4180 4361
f 4359 4180 4360
f 4359 4181 4180
f 4358 4181 4359
f 3919 4405 4404
f 3919 4403 3918
f 3919 4404 4403
f 4406 4405 3919
f 4357 4182 4181
f 4357 4181 4358
f 4356 4182 4357
f 4355 4183 4182
f 4355 4182 4356
f 4354 4183 4355
f 4353 4183 4354
f 4353 4184 4183
f 3836 3837 4662
f 3836 4659 4658
f 3836 4660 4659
f 3836 4661 4660
f 3836 4662 4661
f 4352 4184 4353
f 4352 4185 4184
f 4351 4185 4352
f 4350 4185 4351
f 4350 4186 4185
f 4349 4186 4350
f 3920 4407 4406
f 3920 4406 3919
f 3920 4408 4407
f 3920 4409 4408
f 3920 4410 4409
f 4348 4186 4349
f 4348 4187 4186
f 4347 4187 4348
f 4346 4187 4347
f 4346 4188 4187
f 3835 3836 4658
f 3835 4656 4655
f 3835 4657 4656
f 3835 4658 4657
f 3921 4411 4410
f 3921 4412 4411
f 3921 4413 4412
f 3921 4414 4413
f 3921 4410 3920
f 3834 3835 4655
f 3834 4653 4652
f 3834 4654 4653
f 3834 4655 4654
f 4739 4201 4200
f 4738 4201 4739
f 4740 4739 4200
f 4737 4201 4738
f 4737 4202 4201
f 4741 4740 4200
f 4741 4200 4199
f 4736 4202 4737
f 4742 4741 4199
f 4735 4203 4202
f 4735 4202 4736
f 4743 4199 4198
f 4743 4742 4199
f 4734 4203 4735
f 4744 4743 4198
f 4733 4204 4203
f 4733 4203 4734
f 4745 4744 4198
f 4745 4198 4197
f 4732 4204 4733
f 4746 4745 4197
f 3922 4415 4414
f 3922 4416 4415
f 3922 4417 4416
f 3922 4418 4417
f 3922 4414 3921
f 4731 4205 4204
f 4731 4204 4732
f 4747 4746 4197
f 4747 4197 4196
f 4730 4206 4205
f 4730 4205 4731
f 4748 4747 4196
f 4729 4206 4730
f 4749 4748 4196
f 4749 4196 4195
f 4728 4207 4206
f 4728 4206 4729
f 4750 4749 4195
f 4727 4207 4728
f 4751 4750 4195
f 4751 4195 4194
f 4726 4208 4207
f 4726 4207 4727
f 4752 4751 4194
f 4725 4208 4726
f 4753 4752 4194
f 4753 4194 4193
f 4724 4208 4725
f 4724 4209 4208
f 4724 4638 4209
f 3833 4651 4650
f 3833 4652 4651
f 3833 3834 4652
f 4754 4753 4193
f 4723 4639 4638
f 4723 4640 4639
f 4723 4638 4724
f 4755 4754 4193
f 4755 4193 4192
f 4722 4640 4723
f 4756 4755 4192
f 4721 4641 4640
f 4721 4640 4722
f 4757 4756 4192
f 4757 4192 4191
f 4720 4642 4641
f 4720 4641 4721
f 4758 4757 4191
f 4758 4191 4190
f 4719 4643 4642
f 4719 4642 4720
f 3923 4419 4418
f 3923 4420 4419
f 3923 4421 4420
f 3923 4422 4421
f 3923 4418 3922
f 4759 4758 4190
f 4718 4644 4643
f 4718 4645 4644
f 4718 4643 4719
f 4760 4759 4190
f 4760 4190 4189
f 4717 4645 4718
f 4761 4760 4189
f 4762 4761 4189
f 4762 4189 4188
f 4763 4762 4188
f 3832 4648 4647
f 3832 4649 4648
f 3832 4650 4649
f 3832 3833 4650
f 4764 4763 4188
f 4764 4188 4346
f 4765 4346 4345
f 4765 4764 4346
f 4766 4345 4344
f 4766 4765 4345
f 4767 4344 4343
f 4767 4766 4344
f 3924 4423 4422
f 3924 4424 4423
f 3924 4425 4424
f 3924 4426 4425
f 3924 4427 4426
f 3924 4422 3923
f 4768 4343 4342
f 4768 4767 4343
f 4769 4768 4342
f 4769 4342 4341
f 4770 4769 4341
f 4770 4341 4340
f 3831 3832 4647
f 3831 4646 4645
f 3831 4647 4646
f 4771 4770 4340
f 4771 4340 4339
f 3799 4304 4303
f 3799 4305 4304
f 3799 4428 4427
f 3799 4303 4428
f 3799 4427 3924
f 3830 4716 4715
f 3830 4717 4716
f 3830 3831 4645
f 3830 4645 4717
f 3800 4306 4305
f 3800 4307 4306
f 3800 4308 4307
f 3800 4309 4308
f 3800 4310 4309
f 3800 4305 3799
f 3829 4713 4712
f 3829 4714 4713
f 3829 4715 4714
f 3829 3830 4715
f 3801 4310 3800
f 3801 4311 4310
f 3801 4312 4311
f 3801 4313 4312
f 3801 4314 4313
f 3828 4711 4710
f 3828 4712 4711
f 3828 3829 4712
f 3802 4315 4314
f 3802 4316 4315
f 3802 4317 4316
f 3802 4318 4317
f 3802 4314 3801
f 3827 4708 4707
f 3827 4709 4708
f 3827 4710 4709
f 3827 3828 4710
f 3803 4318 3802
f 3803 4319 4318
f 3803 4320 4319
f 3803 4321 4320
f 3803 4322 4321
f 3826 3827 4707
f 3826 4705 4704
f 3826 4706 4705
f 3826 4707 4706
f 3804 4323 4322
f 3804 4324 4323
f 3804 4325 4324
f 3804 4326 4325
f 3804 4322 3803
f 3825 3826 4704
f 3825 4701 4700
f 3825 4702 4701
f 3825 4703 4702
f 3825 4704 4703
f 3805 4327 4326
f 3805 4328 4327
f 3805 4329 4328
f 3805 4326 3804
f 3824 3825 4700
f 3824 4697 4696
f 3824 4698 4697
f 3824 4699 4698
f 3824 4700 4699
f 3806 4330 4329
f 3806 4331 4330
f 3806 4332 4331
f 3806 4329 3805
f 3823 3824 4696
f 3823 4693 4692
f 3823 4694 4693
f 3823 4695 4694
f 3823 4696 4695
f 3807 4332 3806
f 3807 4333 4332
f 3807 4334 4333
f 3822 3823 4692
f 3822 4689 4688
f 3822 4690 4689
f 3822 4691 4690
f 3822 4692 4691
f 3808 4335 4334
f 3808 4336 4335
f 3808 4337 4336
f 3808 4334 3807
f 3821 4684 4683
f 3821 4685 4684
f 3821 3822 4688
f 3821 4686 4685
f 3821 4687 4686
f 3821 4688 4687
f 3809 4338 4337
f 3809 4339 4338
f 3809 4337 3808
f 3820 4682 4681
f 3820 4683 4682
f 3820 3821 4683
f 3820 4806 4805
f 3820 4681 4806
f 3810 4771 4339
f 3810 4339 3809
f 3810 4772 4771
f 3810 4773 4772
f 3819 3820 4805
f 3819 4801 4800
f 3819 4802 4801
f 3819 4803 4802
f 3819 4804 4803
f 3819 4805 4804
f 3811 4773 3810
f 3811 4774 4773
f 3811 4775 4774
f 3811 4776 4775
f 3818 3819 4800
f 3818 4797 4796
f 3818 4798 4797
f 3818 4799 4798
f 3818 4800 4799
f 3812 4776 3811
f 3812 4777 4776
f 3812 4778 4777
f 3817 3818 4796
f 3817 4793 4792
f 3817 4794 4793
f 3817 4795 4794
f 3817 4796 4795
f 3813 4778 3812
f 3813 4779 4778
f 3813 4780 4779
f 3813 4781 4780
f 3816 3817 4792
f 3816 4789 4788
f 3816 4790 4789
f 3816 4791 4790
f 3816 4792 4791
f 3814 4781 3813
f 3814 4782 4781
f 3814 4783 4782
f 3814 4784 4783
f 3815 3816 4788
f 3815 4785 4784
f 3815 4786 4785
f 3815 4787 4786
f 3815 4788 4787
f 3815 4784 3814
f 4808 4807 4934
f 4808 4934 4935
f 4809 4935 4936
f 4809 4936 4937
f 4809 4808 4935
f 4810 4937 4938
f 4810 4809 4937
f 4811 4938 4939
f 4811 4810 4938
f 4812 4939 4940
f 4812 4811 4939
f 4813 4940 4941
f 4813 4812 4940
f 4814 4813 4941
f 4815 4941 4942
f 4815 4942 4943
f 4815 4814 4941
f 4816 4815 4943
f 4817 4943 4944
f 4817 4816 4943
f 4818 4817 4944
f 4818 4944 4945
f 4819 4818 4945
f 4819 4945 4946
f 4819 4946 4947
f 4820 4819 4947
f 4821 4820 4947
f 4821 4947 4948
f 4822 4821 4948
f 4822 4948 4949
f 4823 4822 4949
f 4823 4949 4950
f 4824 4823 4950
f 4824 4950 4951
f 4825 4824 4951
f 4825 4951 4952
f 4826 4825 4952
f 4826 4952 4953
f 4827 4826 4953
f 4827 4953 4954
f 4828 4827 4954
f 4828 4954 4955
f 4829 4828 4955
f 4829 4955 4956
f 4829 4956 4957
f 4830 4829 4957
f 4831 4957 4958
f 4831 4958 4959
f 4831 4830 4957
f 4832 4831 4959
f 4833 4959 4960
f 4833 4832 4959
f 4834 4960 4961
f 4834 4961 4962
f 4834 4833 4960
f 4835 4834 4962
f 4836 4962 4963
f 4836 4835 4962
f 4837 4963 4964
f 4837 4964 4965
f 4837 4836 4963
f 4838 4837 4965
f 4839 4965 4966
f 4839 4966 4967
f 4839 4838 4965
f 4840 4839 4967
f 4841 4967 4968
f 4841 4968 4969
f 4841 4840 4967
f 4842 4841 4969
f 4843 4842 4969
f 4843 4969 4970
f 4844 4843 4970
f 4844 4970 4971
f 4845 4844 4971
f 4845 4971 4972
f 4846 4845 4972
f 4846 4972 4973
f 4847 4846 4973
f 4847 4973 4974
f 4848 4847 4974
f 4848 4974 4975
f 4849 4848 4975
f 4849 4975 4976
f 4849 4976 4977
f 4850 4849 4977
f 4851 4850 4977
f 4851 4977 4978
f 4851 4978 4979
f 4852 4851 4979
f 4852 4979 4980
f 4853 4852 4980
f 4853 4980 4981
f 4854 4853 4981
f 4855 4854 4981
f 4855 4981 4982
f 4856 4855 4982
f 4856 4982 4983
f 4857 4856 4983
f 4857 4983 4984
f 4858 4857 4984
f 4858 4984 4985
f 4859 4858 4985
f 4859 4985 4986
f 4860 4859 4986
f 4860 4986 4987
f 4861 4860 4987
f 4861 4987 4988
f 4862 4861 4988
f 4862 4988 4989
f 4863 4862 4989
f 4863 4989 4990
f 4863 4990 4991
f 4864 4991 4992
f 4864 4863 4991
f 4865 4864 4992
f 4866 4992 4993
f 4866 4993 4994
f 4866 4865 4992
f 4867 4994 4995
f 4867 4866 4994
f 4868 4867 4995
f 4869 4868 4995
f 4869 4995 4996
f 4870 4869 4996
f 4870 4996 4997
f 4871 4870 4997
f 4871 4997 4998
f 4872 4871 4998
f 4872 4998 4999
f 4873 4872 4999
f 4873 4999 5000
f 4874 4873 5000
f 4874 5000 5001
f 4875 4874 5001
f 4875 5001 5002
f 4876 4875 5002
f 4876 5002 5003
f 4877 4876 5003
f 4877 5003 5004
f 4878 4877 5004
f 4878 5004 5005
f 4879 4878 5005
f 4879 5005 5006
f 4880 4879 5006
f 4880 5006 5007
f 4881 4880 5007
f 4881 5007 5008
f 4882 5008 5009
f 4882 4881 5008
f 4883 5009 5010
f 4883 4882 5009
f 4884 5010 5011
f 4884 4883 5010
f 4885 5011 5012
f 4885 4884 5011
f 4886 5012 5013
f 4886 4885 5012
f 4887 5013 5014
f 4887 4886 5013
f 4888 5014 5015
f 4888 5015 5016
f 4888 4887 5014
f 4889 4888 5016
f 4890 5016 5017
f 4890 4889 5016
f 4891 5017 5018
f 4891 5018 5019
f 4891 4890 5017
f 4892 5019 5020
f 4892 4891 5019
f 4893 4892 5020
f 4894 5020 5021
f 4894 4893 5020
f 4895 4894 5021
f 4895 5021 5022
f 4896 4895 5022
f 4896 5022 5023
f 4897 4896 5023
f 4897 5023 5024
f 4898 4897 5024
f 4898 5024 5025
f 4899 5025 5026
f 4899 5026 5027
f 4899 4898 5025
f 4900 5027 5028
f 4900 4899 5027
f 4901 4900 5028
f 4902 5028 5029
f 4902 4901 5028
f 4903 5029 5030
f 4903 4902 5029
f 4904 5030 5031
f 4904 4903 5030
f 4905 5031 5032
f 4905 5032 5033
f 4905 4904 5031
f 4906 4905 5033
f 4907 5033 5034
f 4907 4906 5033
f 4908 5034 5035
f 4908 4907 5034
f 4909 5035 5036
f 4909 4908 5035
f 4910 5036 5037
f 4910 4909 5036
f 4911 5037 5038
f 4911 4910 5037
f 4912 5038 5039
f 4912 4911 5038
f 4913 5039 5040
f 4913 4912 5039
f 4914 5040 5041
f 4914 5041 5042
f 4914 4913 5040
f 4915 4914 5042
f 4916 5042 5043
f 4916 5043 5044
f 4916 4915 5042
f 4917 4916 5044
f 4918 5044 5045
f 4918 4917 5044
f 4919 4918 5045
f 4919 5045 5046
f 4920 4919 5046
f 4920 5046 5047
f 4921 4920 5047
f 4921 5047 5048
f 4922 4921 5048
f 4922 5048 5049
f 4923 4922 5049
f 4923 5049 5050
f 4924 4923 5050
f 4924 5050 5051
f 4925 4924 5051
f 4925 5051 5052
f 4926 4925 5052
f 4926 5052 5053
f 4927 4926 5053
f 4927 5053 5054
f 4928 4927 5054
f 4928 5054 5055
f 4929 4928 5055
f 4929 5055 5056
f 4930 4929 5056
f 4930 5056 5057
f 4931 5057 5058
f 4931 4930 5057
f 4932 4931 5058
f 4932 5058 5059
f 4933 5059 5060
f 4933 4932 5059
f 5063 5189 5190
f 5064 5190 5191
f 5064 5063 5190
f 5065 5191 5192
f 5065 5064 5191
f 5066 5192 5193
f 5066 5065 5192
f 5067 5193 5194
f 5067 5066 5193
f 5068 5194 5195
f 5068 5067 5194
f 5069 5068 5195
f 5070 5195 5196
f 5070 5069 5195
f 5071 5196 5197
f 5071 5070 5196
f 5072 5197 5198
f 5072 5198 5199
f 5072 5071 5197
f 5073 5072 5199
f 5074 5073 5199
f 5074 5199 5200
f 5075 5074 5200
f 5075 5200 5201
f 5076 5075 5201
f 5076 5201 5202
f 5076 5202 5203
f 5077 5076 5203
f 5078 5077 5203
f 5078 5203 5204
f 5079 5078 5204
f 5079 5204 5205
f 5080 5079 5205
f 5080 5205 5206
f 5080 5206 5207
f 5081 5080 5207
f 5082 5081 5207
f 5082 5207 5208
f 5082 5208 5209
f 5083 5082 5209
f 5084 5083 5209
f 5084 5209 5210
f 5084 5210 5211
f 5085 5084 5211
f 5086 5211 5212
f 5086 5085 5211
f 5087 5212 5213
f 5087 5086 5212
f 5088 5213 5214
f 5088 5087 5213
f 5089 5214 5215
f 5089 5088 5214
f 5090 5215 5216
f 5090 5089 5215
f 5091 5216 5217
f 5091 5090 5216
f 5092 5217 5218
f 5092 5091 5217
f 5093 5218 5219
f 5093 5092 5218
f 5094 5219 5220
f 5094 5093 5219
f 5095 5220 5221
f 5095 5221 5222
f 5095 5094 5220
f 5096 5095 5222
f 5097 5222 5223
f 5097 5096 5222
f 5098 5223 5224
f 5098 5224 5225
f 5098 5097 5223
f 5099 5098 5225
f 5100 5099 5225
f 5100 5225 5226
f 5101 5100 5226
f 5101 5226 5227
f 5101 5227 5228
f 5102 5101 5228
f 5103 5102 5228
f 5103 5228 5229
f 5104 5103 5229
f 5104 5229 5230
f 5105 5104 5230
f 5105 5230 5231
f 5105 5231 5232
f 5106 5105 5232
f 5107 5106 5232
f 5107 5232 5233
f 5107 5233 5234
f 5108 5107 5234
f 5108 5234 5235
f 5109 5108 5235
f 5110 5109 5235
f 5110 5235 5236
f 5111 5110 5236
f 5111 5236 5237
f 5111 5237 5238
f 5112 5111 5238
f 5113 5112 5238
f 5113 5238 5239
f 5114 5113 5239
f 5114 5239 5240
f 5114 5240 5241
f 5115 5114 5241
f 5115 5241 5242
f 5116 5115 5242
f 5117 5116 5242
f 5117 5242 5243
f 5118 5117 5243
f 5118 5243 5244
f 5119 5118 5244
f 5119 5244 5245
f 5120 5119 5245
f 5120 5245 5246
f 5121 5246 5247
f 5121 5120 5246
f 5121 5247 5248
f 5122 5121 5248
f 5123 5248 5249
f 5123 5249 5250
f 5123 5122 5248
f 5124 5250 5251
f 5124 5123 5250
f 5125 5124 5251
f 5126 5125 5251
f 5126 5251 5252
f 5127 5126 5252
f 5127 5252 5253
f 5128 5127 5253
f 5128 5253 5254
f 5128 5254 5255
f 5129 5128 5255
f 5129 5255 5256
f 5130 5129 5256
f 5131 5130 5256
f 5131 5256 5257
f 5132 5131 5257
f 5132 5257 5258
f 5133 5132 5258
f 5133 5258 5259
f 5134 5133 5259
f 5134 5259 5260
f 5134 5260 5261
f 5135 5134 5261
f 5136 5262 5263
f 5136 5135 5261
f 5136 5261 5262
f 5137 5263 5264
f 5137 5136 5263
f 5138 5137 5264
f 5139 5264 5265
f 5139 5265 5266
f 5139 5138 5264
f 5140 5139 5266
f 5141 5266 5267
f 5141 5140 5266
f 5142 5267 5268
f 5142 5141 5267
f 5143 5268 5269
f 5143 5142 5268
f 5144 5269 5270
f 5144 5143 5269
f 5145 5270 5271
f 5145 5271 5272
f 5145 5144 5270
f 5146 5145 5272
f 5147 5272 5273
f 5147 5273 5274
f 5147 5146 5272
f 5148 5147 5274
f 5149 5274 5275
f 5149 5275 5276
f 5149 5148 5274
f 5150 5149 5276
f 5151 5150 5276
f 5151 5276 5277
f 5152 5151 5277
f 5152 5277 5278
f 5153 5152 5278
f 5153 5278 5279
f 5153 5279 5280
f 5154 5153 5280
f 5155 5280 5281
f 5155 5154 5280
f 5156 5281 5282
f 5156 5155 5281
f 5157 5282 5283
f 5157 5283 5284
f 5157 5156 5282
f 5158 5157 5284
f 5159 5284 5285
f 5159 5285 5286
f 5159 5158 5284
f 5160 5159 5286
f 5161 5286 5287
f 5161 5160 5286
f 5162 5287 5288
f 5162 5161 5287
f 5163 5288 5289
f 5163 5162 5288
f 5164 5289 5290
f 5164 5290 5291
f 5164 5163 5289
f 5165 5164 5291
f 5166 5291 5292
f 5166 5292 5293
f 5166 5165 5291
f 5167 5166 5293
f 5168 5293 5294
f 5168 5294 5295
f 5168 5167 5293
f 5169 5168 5295
f 5170 5295 5296
f 5170 5169 5295
f 5171 5296 5297
f 5171 5297 5298
f 5171 5170 5296
f 5172 5171 5298
f 5173 5298 5299
f 5173 5172 5298
f 5174 5299 5300
f 5174 5300 5301
f 5174 5173 5299
f 5175 5174 5301
f 5176 5175 5301
f 5176 5301 5302
f 5177 5176 5302
f 5177 5302 5303
f 5178 5177 5303
f 5178 5303 5304
f 5179 5178 5304
f 5179 5304 5305
f 5180 5179 5305
f 5180 5305 5306
f 5180 5306 5307
f 5181 5180 5307
f 5182 5181 5307
f 5182 5307 5308
f 5183 5182 5308
f 5183 5308 5309
f 5184 5183 5309
f 5184 5309 5310
f 5184 5310 5311
f 5185 5184 5311
f 5186 5185 5311
f 5186 5311 5312
f 5187 5186 5312
f 5187 5312 5313
f 5188 5187 5313
f 5188 5313 5314
f 5062 5314 5061
f 5062 5188 5314
f 5519 5394 5520
f 5519 5393 5394
f 5521 5520 5394
f 5521 5394 5395
f 5521 5395 5396
f 5518 5392 5393
f 5518 5393 5519
f 5522 5396 5397
f 5522 5521 5396
f 5517 5391 5392
f 5517 5392 5518
f 5523 5522 5397
f 5516 5391 5517
f 5516 5389 5390
f 5516 5390 5391
f 5524 5523 5397
f 5524 5397 5398
f 5515 5389 5516
f 5525 5524 5398
f 5525 5398 5399
f 5514 5389 5515
f 5514 5387 5388
f 5514 5388 5389
f 5526 5525 5399
f 5526 5399 5400
f 5513 5387 5514
f 5527 5526 5400
f 5527 5400 5401
f 5527 5401 5402
f 5512 5387 5513
f 5512 5386 5387
f 5528 5527 5402
f 5511 5386 5512
f 5511 5384 5385
f 5511 5385 5386
f 5529 5528 5402
f 5529 5402 5403
f 5510 5384 5511
f 5510 5383 5384
f 5530 5529 5403
f 5530 5403 5404
f 5509 5383 5510
f 5531 5530 5404
f 5531 5404 5405
f 5531 5405 5406
f 5508 5383 5509
f 5508 5382 5383
f 5532 5531 5406
f 5507 5382 5508
f 5507 5380 5381
f 5507 5381 5382
f 5533 5532 5406
f 5533 5406 5407
f 5506 5380 5507
f 5534 5533 5407
f 5534 5407 5408
f 5505 5379 5380
f 5505 5380 5506
f 5535 5534 5408
f 5535 5408 5409
f 5504 5377 5378
f 5504 5378 5379
f 5504 5379 5505
f 5536 5535 5409
f 5536 5409 5410
f 5536 5410 5411
f 5503 5377 5504
f 5537 5536 5411
f 5502 5375 5376
f 5502 5376 5377
f 5502 5377 5503
f 5538 5537 5411
f 5538 5411 5412
f 5501 5374 5375
f 5501 5375 5502
f 5539 5538 5412
f 5539 5412 5413
f 5500 5374 5501
f 5540 5539 5413
f 5540 5413 5414
f 5499 5374 5500
f 5499 5372 5373
f 5499 5373 5374
f 5541 5540 5414
f 5541 5414 5415
f 5498 5372 5499
f 5542 5415 5416
f 5542 5541 5415
f 5497 5372 5498
f 5497 5371 5372
f 5543 5416 5417
f 5543 5542 5416
f 5496 5371 5497
f 5496 5370 5371
f 5544 5417 5418
f 5544 5543 5417
f 5495 5370 5496
f 5495 5369 5370
f 5545 5418 5419
f 5545 5544 5418
f 5494 5368 5369
f 5494 5369 5495
f 5546 5419 5420
f 5546 5545 5419
f 5493 5368 5494
f 5493 5367 5368
f 5421 5546 5420
f 5547 5546 5421
f 5492 5366 5367
f 5492 5367 5493
f 5548 5421 5422
f 5548 5547 5421
f 5491 5365 5366
f 5491 5366 5492
f 5549 5422 5423
f 5549 5548 5422
f 5490 5365 5491
f 5490 5364 5365
f 5424 5549 5423
f 5550 5549 5424
f 5489 5363 5364
f 5489 5364 5490
f 5551 5424 5425
f 5551 5550 5424
f 5488 5363 5489
f 5362 5363 5488
f 5426 5552 5551
f 5426 5551 5425
f 5487 5362 5488
f 5361 5362 5487
f 5427 5552 5426
f 5427 5553 5552
f 5486 5361 5487
f 5360 5361 5486
f 5554 5553 5427
f 5428 5554 5427
f 5485 5360 5486
f 5359 5360 5485
f 5429 5554 5428
f 5429 5555 5554
f 5358 5359 5485
f 5358 5485 5484
f 5430 5555 5429
f 5430 5556 5555
f 5357 5358 5484
f 5357 5484 5483
f 5482 5357 5483
f 5431 5557 5556
f 5431 5556 5430
f 5356 5357 5482
f 5432 5558 5557
f 5432 5557 5431
f 5559 5558 5432
f 5355 5356 5482
f 5355 5482 5481
f 5480 5355 5481
f 5433 5559 5432
f 5354 5355 5480
f 5434 5559 5433
f 5434 5560 5559
f 5353 5479 5478
f 5353 5480 5479
f 5353 5354 5480
f 5435 5561 5560
f 5435 5562 5561
f 5435 5560 5434
f 5352 5353 5478
f 5436 5562 5435
f 5351 5478 5477
f 5351 5352 5478
f 5437 5563 5562
f 5437 5564 5563
f 5437 5562 5436
f 5350 5476 5475
f 5350 5477 5476
f 5350 5351 5477
f 5438 5564 5437
f 5349 5350 5475
f 5439 5564 5438
f 5439 5565 5564
f 5439 5566 5565
f 5348 5349 5475
f 5348 5475 5474
f 5440 5566 5439
f 5347 5348 5474
f 5347 5473 5472
f 5347 5474 5473
f 5315 5566 5440
f 5315 5441 5566
f 5346 5347 5472
f 5316 5442 5441
f 5316 5443 5442
f 5316 5441 5315
f 5345 5346 5472
f 5345 5472 5471
f 5317 5443 5316
f 5344 5345 5471
f 5344 5471 5470
f 5318 5444 5443
f 5318 5443 5317
f 5343 5469 5468
f 5343 5470 5469
f 5343 5344 5470
f 5319 5445 5444
f 5319 5444 5318
f 5342 5343 5468
f 5320 5446 5445
f 5320 5445 5319
f 5341 5468 5467
f 5341 5342 5468
f 5321 5447 5446
f 5321 5446 5320
f 5340 5466 5465
f 5340 5467 5466
f 5340 5341 5467
f 5322 5448 5447
f 5322 5447 5321
f 5339 5340 5465
f 5323 5448 5322
f 5323 5449 5448
f 5338 5339 5465
f 5338 5465 5464
f 5324 5449 5323
f 5324 5450 5449
f 5324 5451 5450
f 5337 5338 5464
f 5337 5464 5463
f 5325 5451 5324
f 5325 5452 5451
f 5336 5337 5463
f 5336 5462 5461
f 5336 5463 5462
f 5326 5453 5452
f 5326 5452 5325
f 5335 5336 5461
f 5327 5453 5326
f 5327 5454 5453
f 5334 5335 5461
f 5334 5461 5460
f 5328 5454 5327
f 5333 5334 5460
f 5333 5459 5458
f 5333 5460 5459
f 5329 5455 5454
f 5329 5454 5328
f 5332 5333 5458
f 5330 5455 5329
f 5330 5456 5455
f 5331 5457 5456
f 5331 5458 5457
f 5331 5332 5458
f 5331 5456 5330
