# Cadless export: model
v -35 -20 4
v -35 -20 15
v -35 -28 4
v -35 -28 -8
v -35 -20 -8
v -35 -20 0
v -35 20 0
v -35 20 15
v 35 -20 4
v 35 -20 15
v -35 -20 4
v -35 -20 15
v -35 -28 4
v -35 -20 4
v 35 -28 4
v 35 -20 4
v -35 -28 -8
v 35 -28 -8
v -35 -28 4
v 35 -28 4
v -35 -28 -8
v -35 -20 -8
v 35 -28 -8
v 35 -20 -8
v 35 -20 -8
v 35 -20 0
v -35 -20 -8
v -35 -20 0
v -35 -20 0
v -35 20 0
v 35 -20 0
v 35 20 0
v -27.25 -6.73556e-16 0
v -27.2534 0.137076 0
v -27.2637 0.273812 0
v -27.2807 0.409866 0
v -27.3045 0.544902 0
v -27.335 0.678583 0
v -27.3722 0.810577 0
v -27.4158 0.940555 0
v -27.4659 1.0682 0
v -27.5223 1.19318 0
v -27.5849 1.3152 0
v -27.6535 1.43395 0
v -27.7278 1.54913 0
v -27.8079 1.66046 0
v -27.8934 1.76767 0
v -27.9841 1.87048 0
v -28.0798 1.96863 0
v -28.1804 2.0619 0
v -28.2854 2.15004 0
v -28.3947 2.23283 0
v -28.508 2.31007 0
v -28.625 2.38157 0
v -28.7454 2.44715 0
v -28.869 2.50664 0
v -28.9953 2.5599 0
v -29.1242 2.6068 0
v -29.2552 2.64722 0
v -29.3881 2.68105 0
v -29.5225 2.70822 0
v -29.6581 2.72866 0
v -29.7945 2.74231 0
v -29.9314 2.74915 0
v -30.0686 2.74915 0
v -30.2055 2.74231 0
v -30.3419 2.72866 0
v -30.4775 2.70822 0
v -30.6119 2.68105 0
v -30.7448 2.64722 0
v -30.8758 2.6068 0
v -31.0047 2.5599 0
v -31.131 2.50664 0
v -31.2546 2.44715 0
v -31.375 2.38157 0
v -31.492 2.31007 0
v -31.6053 2.23283 0
v -31.7146 2.15004 0
v -31.8196 2.0619 0
v -31.9202 1.96863 0
v -32.0159 1.87048 0
v -32.1066 1.76767 0
v -32.1921 1.66046 0
v -32.2722 1.54913 0
v -32.3465 1.43395 0
v -32.4151 1.3152 0
v -32.4777 1.19318 0
v -32.5341 1.0682 0
v -32.5842 0.940555 0
v -32.6278 0.810577 0
v -32.665 0.678583 0
v -32.6955 0.544902 0
v -32.7193 0.409866 0
v -32.7363 0.273812 0
v -32.7466 0.137076 0
v -32.75 -9.43318e-15 0
v -32.7466 -0.137076 0
v -32.7363 -0.273812 0
v -32.7193 -0.409866 0
v -32.6955 -0.544902 0
v -32.665 -0.678583 0
v -32.6278 -0.810577 0
v -32.5842 -0.940555 0
v -32.5341 -1.0682 0
v -32.4777 -1.19318 0
v -32.4151 -1.3152 0
v -32.3465 -1.43395 0
v -32.2722 -1.54913 0
v -32.1921 -1.66046 0
v -32.1066 -1.76767 0
v -32.0159 -1.87048 0
v -31.9202 -1.96863 0
v -31.8196 -2.0619 0
v -31.7146 -2.15004 0
v -31.6053 -2.23283 0
v -31.492 -2.31007 0
v -31.375 -2.38157 0
v -31.2546 -2.44715 0
v -31.131 -2.50664 0
v -31.0047 -2.5599 0
v -30.8758 -2.6068 0
v -30.7448 -2.64722 0
v -30.6119 -2.68105 0
v -30.4775 -2.70822 0
v -30.3419 -2.72866 0
v -30.2055 -2.74231 0
v -30.0686 -2.74915 0
v -29.9314 -2.74915 0
v -29.7945 -2.74231 0
v -29.6581 -2.72866 0
v -29.5225 -2.70822 0
v -29.3881 -2.68105 0
v -29.2552 -2.64722 0
v -29.1242 -2.6068 0
v -28.9953 -2.5599 0
v -28.869 -2.50664 0
v -28.7454 -2.44715 0
v -28.625 -2.38157 0
v -28.508 -2.31007 0
v -28.3947 -2.23283 0
v -28.2854 -2.15004 0
v -28.1804 -2.0619 0
v -28.0798 -1.96863 0
v -27.9841 -1.87048 0
v -27.8934 -1.76767 0
v -27.8079 -1.66046 0
v -27.7278 -1.54913 0
v -27.6535 -1.43395 0
v -27.5849 -1.3152 0
v -27.5223 -1.19318 0
v -27.4659 -1.0682 0
v -27.4158 -0.940555 0
v -27.3722 -0.810577 0
v -27.335 -0.678583 0
v -27.3045 -0.544902 0
v -27.2807 -0.409866 0
v -27.2637 -0.273812 0
v -27.2534 -0.137076 0
v -17 -7.34788e-16 0
v -17.0037 0.149538 0
v -17.0149 0.298704 0
v -17.0335 0.447127 0
v -17.0595 0.594438 0
v -17.0928 0.740272 0
v -17.1333 0.884266 0
v -17.1809 1.02606 0
v -17.2356 1.1653 0
v -17.2971 1.30165 0
v -17.3653 1.43476 0
v -17.4401 1.56431 0
v -17.5213 1.68996 0
v -17.6086 1.81141 0
v -17.7019 1.92836 0
v -17.8008 2.04052 0
v -17.9053 2.1476 0
v -18.0149 2.24934 0
v -18.1295 2.34549 0
v -18.2488 2.43581 0
v -18.3724 2.52008 0
v -18.5 2.59808 0
v -18.6314 2.66962 0
v -18.7661 2.73452 0
v -18.904 2.79262 0
v -19.0445 2.84378 0
v -19.1875 2.88787 0
v -19.3324 2.92478 0
v -19.4791 2.95442 0
v -19.627 2.97672 0
v -19.7758 2.99161 0
v -19.9252 2.99907 0
v -20.0748 2.99907 0
v -20.2242 2.99161 0
v -20.373 2.97672 0
v -20.5209 2.95442 0
v -20.6676 2.92478 0
v -20.8125 2.88787 0
v -20.9555 2.84378 0
v -21.096 2.79262 0
v -21.2339 2.73452 0
v -21.3686 2.66962 0
v -21.5 2.59808 0
v -21.6276 2.52008 0
v -21.7512 2.43581 0
v -21.8705 2.34549 0
v -21.9851 2.24934 0
v -22.0947 2.1476 0
v -22.1992 2.04052 0
v -22.2981 1.92836 0
v -22.3914 1.81141 0
v -22.4787 1.68996 0
v -22.5599 1.56431 0
v -22.6347 1.43476 0
v -22.7029 1.30165 0
v -22.7644 1.1653 0
v -22.8191 1.02606 0
v -22.8667 0.884266 0
v -22.9072 0.740272 0
v -22.9405 0.594438 0
v -22.9665 0.447127 0
v -22.9851 0.298704 0
v -22.9963 0.149538 0
v -23 -1.02907e-14 0
v -22.9963 -0.149538 0
v -22.9851 -0.298704 0
v -22.9665 -0.447127 0
v -22.9405 -0.594438 0
v -22.9072 -0.740272 0
v -22.8667 -0.884266 0
v -22.8191 -1.02606 0
v -22.7644 -1.1653 0
v -22.7029 -1.30165 0
v -22.6347 -1.43476 0
v -22.5599 -1.56431 0
v -22.4787 -1.68996 0
v -22.3914 -1.81141 0
v -22.2981 -1.92836 0
v -22.1992 -2.04052 0
v -22.0947 -2.1476 0
v -21.9851 -2.24934 0
v -21.8705 -2.34549 0
v -21.7512 -2.43581 0
v -21.6276 -2.52008 0
v -21.5 -2.59808 0
v -21.3686 -2.66962 0
v -21.2339 -2.73452 0
v -21.096 -2.79262 0
v -20.9555 -2.84378 0
v -20.8125 -2.88787 0
v -20.6676 -2.92478 0
v -20.5209 -2.95442 0
v -20.373 -2.97672 0
v -20.2242 -2.99161 0
v -20.0748 -2.99907 0
v -19.9252 -2.99907 0
v -19.7758 -2.99161 0
v -19.627 -2.97672 0
v -19.4791 -2.95442 0
v -19.3324 -2.92478 0
v -19.1875 -2.88787 0
v -19.0445 -2.84378 0
v -18.904 -2.79262 0
v -18.7661 -2.73452 0
v -18.6314 -2.66962 0
v -18.5 -2.59808 0
v -18.3724 -2.52008 0
v -18.2488 -2.43581 0
v -18.1295 -2.34549 0
v -18.0149 -2.24934 0
v -17.9053 -2.1476 0
v -17.8008 -2.04052 0
v -17.7019 -1.92836 0
v -17.6086 -1.81141 0
v -17.5213 -1.68996 0
v -17.4401 -1.56431 0
v -17.3653 -1.43476 0
v -17.2971 -1.30165 0
v -17.2356 -1.1653 0
v -17.1809 -1.02606 0
v -17.1333 -0.884266 0
v -17.0928 -0.740272 0
v -17.0595 -0.594438 0
v -17.0335 -0.447127 0
v -17.0149 -0.298704 0
v -17.0037 -0.149538 0
v 3 -7.34788e-16 0
v 2.99627 0.149538 0
v 2.98509 0.298704 0
v 2.96649 0.447127 0
v 2.94052 0.594438 0
v 2.90723 0.740272 0
v 2.86672 0.884266 0
v 2.81908 1.02606 0
v 2.76443 1.1653 0
v 2.70291 1.30165 0
v 2.63466 1.43476 0
v 2.55987 1.56431 0
v 2.47872 1.68996 0
v 2.3914 1.81141 0
v 2.29813 1.92836 0
v 2.19916 2.04052 0
v 2.09471 2.1476 0
v 1.98506 2.24934 0
v 1.87047 2.34549 0
v 1.75123 2.43581 0
v 1.62764 2.52008 0
v 1.5 2.59808 0
v 1.36863 2.66962 0
v 1.23386 2.73452 0
v 1.09602 2.79262 0
v 0.95546 2.84378 0
v 0.812521 2.88787 0
v 0.667563 2.92478 0
v 0.520945 2.95442 0
v 0.373031 2.97672 0
v 0.22419 2.99161 0
v 0.0747921 2.99907 0
v -0.0747921 2.99907 0
v -0.22419 2.99161 0
v -0.373031 2.97672 0
v -0.520945 2.95442 0
v -0.667563 2.92478 0
v -0.812521 2.88787 0
v -0.95546 2.84378 0
v -1.09602 2.79262 0
v -1.23386 2.73452 0
v -1.36863 2.66962 0
v -1.5 2.59808 0
v -1.62764 2.52008 0
v -1.75123 2.43581 0
v -1.87047 2.34549 0
v -1.98506 2.24934 0
v -2.09471 2.1476 0
v -2.19916 2.04052 0
v -2.29813 1.92836 0
v -2.3914 1.81141 0
v -2.47872 1.68996 0
v -2.55987 1.56431 0
v -2.63466 1.43476 0
v -2.70291 1.30165 0
v -2.76443 1.1653 0
v -2.81908 1.02606 0
v -2.86672 0.884266 0
v -2.90723 0.740272 0
v -2.94052 0.594438 0
v -2.96649 0.447127 0
v -2.98509 0.298704 0
v -2.99627 0.149538 0
v -3 -1.02907e-14 0
v -2.99627 -0.149538 0
v -2.98509 -0.298704 0
v -2.96649 -0.447127 0
v -2.94052 -0.594438 0
v -2.90723 -0.740272 0
v -2.86672 -0.884266 0
v -2.81908 -1.02606 0
v -2.76443 -1.1653 0
v -2.70291 -1.30165 0
v -2.63466 -1.43476 0
v -2.55987 -1.56431 0
v -2.47872 -1.68996 0
v -2.3914 -1.81141 0
v -2.29813 -1.92836 0
v -2.19916 -2.04052 0
v -2.09471 -2.1476 0
v -1.98506 -2.24934 0
v -1.87047 -2.34549 0
v -1.75123 -2.43581 0
v -1.62764 -2.52008 0
v -1.5 -2.59808 0
v -1.36863 -2.66962 0
v -1.23386 -2.73452 0
v -1.09602 -2.79262 0
v -0.95546 -2.84378 0
v -0.812521 -2.88787 0
v -0.667563 -2.92478 0
v -0.520945 -2.95442 0
v -0.373031 -2.97672 0
v -0.22419 -2.99161 0
v -0.0747921 -2.99907 0
v 0.0747921 -2.99907 0
v 0.22419 -2.99161 0
v 0.373031 -2.97672 0
v 0.520945 -2.95442 0
v 0.667563 -2.92478 0
v 0.812521 -2.88787 0
v 0.95546 -2.84378 0
v 1.09602 -2.79262 0
v 1.23386 -2.73452 0
v 1.36863 -2.66962 0
v 1.5 -2.59808 0
v 1.62764 -2.52008 0
v 1.75123 -2.43581 0
v 1.87047 -2.34549 0
v 1.98506 -2.24934 0
v 2.09471 -2.1476 0
v 2.19916 -2.04052 0
v 2.29813 -1.92836 0
v 2.3914 -1.81141 0
v 2.47872 -1.68996 0
v 2.55987 -1.56431 0
v 2.63466 -1.43476 0
v 2.70291 -1.30165 0
v 2.76443 -1.1653 0
v 2.81908 -1.02606 0
v 2.86672 -0.884266 0
v 2.90723 -0.740272 0
v 2.94052 -0.594438 0
v 2.96649 -0.447127 0
v 2.98509 -0.298704 0
v 2.99627 -0.149538 0
v 23 -7.34788e-16 0
v 22.9963 0.149538 0
v 22.9851 0.298704 0
v 22.9665 0.447127 0
v 22.9405 0.594438 0
v 22.9072 0.740272 0
v 22.8667 0.884266 0
v 22.8191 1.02606 0
v 22.7644 1.1653 0
v 22.7029 1.30165 0
v 22.6347 1.43476 0
v 22.5599 1.56431 0
v 22.4787 1.68996 0
v 22.3914 1.81141 0
v 22.2981 1.92836 0
v 22.1992 2.04052 0
v 22.0947 2.1476 0
v 21.9851 2.24934 0
v 21.8705 2.34549 0
v 21.7512 2.43581 0
v 21.6276 2.52008 0
v 21.5 2.59808 0
v 21.3686 2.66962 0
v 21.2339 2.73452 0
v 21.096 2.79262 0
v 20.9555 2.84378 0
v 20.8125 2.88787 0
v 20.6676 2.92478 0
v 20.5209 2.95442 0
v 20.373 2.97672 0
v 20.2242 2.99161 0
v 20.0748 2.99907 0
v 19.9252 2.99907 0
v 19.7758 2.99161 0
v 19.627 2.97672 0
v 19.4791 2.95442 0
v 19.3324 2.92478 0
v 19.1875 2.88787 0
v 19.0445 2.84378 0
v 18.904 2.79262 0
v 18.7661 2.73452 0
v 18.6314 2.66962 0
v 18.5 2.59808 0
v 18.3724 2.52008 0
v 18.2488 2.43581 0
v 18.1295 2.34549 0
v 18.0149 2.24934 0
v 17.9053 2.1476 0
v 17.8008 2.04052 0
v 17.7019 1.92836 0
v 17.6086 1.81141 0
v 17.5213 1.68996 0
v 17.4401 1.56431 0
v 17.3653 1.43476 0
v 17.2971 1.30165 0
v 17.2356 1.1653 0
v 17.1809 1.02606 0
v 17.1333 0.884266 0
v 17.0928 0.740272 0
v 17.0595 0.594438 0
v 17.0335 0.447127 0
v 17.0149 0.298704 0
v 17.0037 0.149538 0
v 17 -1.02907e-14 0
v 17.0037 -0.149538 0
v 17.0149 -0.298704 0
v 17.0335 -0.447127 0
v 17.0595 -0.594438 0
v 17.0928 -0.740272 0
v 17.1333 -0.884266 0
v 17.1809 -1.02606 0
v 17.2356 -1.1653 0
v 17.2971 -1.30165 0
v 17.3653 -1.43476 0
v 17.4401 -1.56431 0
v 17.5213 -1.68996 0
v 17.6086 -1.81141 0
v 17.7019 -1.92836 0
v 17.8008 -2.04052 0
v 17.9053 -2.1476 0
v 18.0149 -2.24934 0
v 18.1295 -2.34549 0
v 18.2488 -2.43581 0
v 18.3724 -2.52008 0
v 18.5 -2.59808 0
v 18.6314 -2.66962 0
v 18.7661 -2.73452 0
v 18.904 -2.79262 0
v 19.0445 -2.84378 0
v 19.1875 -2.88787 0
v 19.3324 -2.92478 0
v 19.4791 -2.95442 0
v 19.627 -2.97672 0
v 19.7758 -2.99161 0
v 19.9252 -2.99907 0
v 20.0748 -2.99907 0
v 20.2242 -2.99161 0
v 20.373 -2.97672 0
v 20.5209 -2.95442 0
v 20.6676 -2.92478 0
v 20.8125 -2.88787 0
v 20.9555 -2.84378 0
v 21.096 -2.79262 0
v 21.2339 -2.73452 0
v 21.3686 -2.66962 0
v 21.5 -2.59808 0
v 21.6276 -2.52008 0
v 21.7512 -2.43581 0
v 21.8705 -2.34549 0
v 21.9851 -2.24934 0
v 22.0947 -2.1476 0
v 22.1992 -2.04052 0
v 22.2981 -1.92836 0
v 22.3914 -1.81141 0
v 22.4787 -1.68996 0
v 22.5599 -1.56431 0
v 22.6347 -1.43476 0
v 22.7029 -1.30165 0
v 22.7644 -1.1653 0
v 22.8191 -1.02606 0
v 22.8667 -0.884266 0
v 22.9072 -0.740272 0
v 22.9405 -0.594438 0
v 22.9665 -0.447127 0
v 22.9851 -0.298704 0
v 22.9963 -0.149538 0
v 32.75 -6.73556e-16 0
v 32.7466 0.137076 0
v 32.7363 0.273812 0
v 32.7193 0.409866 0
v 32.6955 0.544902 0
v 32.665 0.678583 0
v 32.6278 0.810577 0
v 32.5842 0.940555 0
v 32.5341 1.0682 0
v 32.4777 1.19318 0
v 32.4151 1.3152 0
v 32.3465 1.43395 0
v 32.2722 1.54913 0
v 32.1921 1.66046 0
v 32.1066 1.76767 0
v 32.0159 1.87048 0
v 31.9202 1.96863 0
v 31.8196 2.0619 0
v 31.7146 2.15004 0
v 31.6053 2.23283 0
v 31.492 2.31007 0
v 31.375 2.38157 0
v 31.2546 2.44715 0
v 31.131 2.50664 0
v 31.0047 2.5599 0
v 30.8758 2.6068 0
v 30.7448 2.64722 0
v 30.6119 2.68105 0
v 30.4775 2.70822 0
v 30.3419 2.72866 0
v 30.2055 2.74231 0
v 30.0686 2.74915 0
v 29.9314 2.74915 0
v 29.7945 2.74231 0
v 29.6581 2.72866 0
v 29.5225 2.70822 0
v 29.3881 2.68105 0
v 29.2552 2.64722 0
v 29.1242 2.6068 0
v 28.9953 2.5599 0
v 28.869 2.50664 0
v 28.7454 2.44715 0
v 28.625 2.38157 0
v 28.508 2.31007 0
v 28.3947 2.23283 0
v 28.2854 2.15004 0
v 28.1804 2.0619 0
v 28.0798 1.96863 0
v 27.9841 1.87048 0
v 27.8934 1.76767 0
v 27.8079 1.66046 0
v 27.7278 1.54913 0
v 27.6535 1.43395 0
v 27.5849 1.3152 0
v 27.5223 1.19318 0
v 27.4659 1.0682 0
v 27.4158 0.940555 0
v 27.3722 0.810577 0
v 27.335 0.678583 0
v 27.3045 0.544902 0
v 27.2807 0.409866 0
v 27.2637 0.273812 0
v 27.2534 0.137076 0
v 27.25 -9.43318e-15 0
v 27.2534 -0.137076 0
v 27.2637 -0.273812 0
v 27.2807 -0.409866 0
v 27.3045 -0.544902 0
v 27.335 -0.678583 0
v 27.3722 -0.810577 0
v 27.4158 -0.940555 0
v 27.4659 -1.0682 0
v 27.5223 -1.19318 0
v 27.5849 -1.3152 0
v 27.6535 -1.43395 0
v 27.7278 -1.54913 0
v 27.8079 -1.66046 0
v 27.8934 -1.76767 0
v 27.9841 -1.87048 0
v 28.0798 -1.96863 0
v 28.1804 -2.0619 0
v 28.2854 -2.15004 0
v 28.3947 -2.23283 0
v 28.508 -2.31007 0
v 28.625 -2.38157 0
v 28.7454 -2.44715 0
v 28.869 -2.50664 0
v 28.9953 -2.5599 0
v 29.1242 -2.6068 0
v 29.2552 -2.64722 0
v 29.3881 -2.68105 0
v 29.5225 -2.70822 0
v 29.6581 -2.72866 0
v 29.7945 -2.74231 0
v 29.9314 -2.74915 0
v 30.0686 -2.74915 0
v 30.2055 -2.74231 0
v 30.3419 -2.72866 0
v 30.4775 -2.70822 0
v 30.6119 -2.68105 0
v 30.7448 -2.64722 0
v 30.8758 -2.6068 0
v 31.0047 -2.5599 0
v 31.131 -2.50664 0
v 31.2546 -2.44715 0
v 31.375 -2.38157 0
v 31.492 -2.31007 0
v 31.6053 -2.23283 0
v 31.7146 -2.15004 0
v 31.8196 -2.0619 0
v 31.9202 -1.96863 0
v 32.0159 -1.87048 0
v 32.1066 -1.76767 0
v 32.1921 -1.66046 0
v 32.2722 -1.54913 0
v 32.3465 -1.43395 0
v 32.4151 -1.3152 0
v 32.4777 -1.19318 0
v 32.5341 -1.0682 0
v 32.5842 -0.940555 0
v 32.6278 -0.810577 0
v 32.665 -0.678583 0
v 32.6955 -0.544902 0
v 32.7193 -0.409866 0
v 32.7363 -0.273812 0
v 32.7466 -0.137076 0
v -35 20 0
v 35 20 0
v -35 20 15
v 35 20 15
v -35 -20 15
v -35 20 15
v 35 -20 15
v 35 20 15
v -27.25 -6.73556e-16 15
v -27.2534 0.137076 15
v -27.2637 0.273812 15
v -27.2807 0.409866 15
v -27.3045 0.544902 15
v -27.335 0.678583 15
v -27.3722 0.810577 15
v -27.4158 0.940555 15
v -27.4659 1.0682 15
v -27.5223 1.19318 15
v -27.5849 1.3152 15
v -27.6535 1.43395 15
v -27.7278 1.54913 15
v -27.8079 1.66046 15
v -27.8934 1.76767 15
v -27.9841 1.87048 15
v -28.0798 1.96863 15
v -28.1804 2.0619 15
v -28.2854 2.15004 15
v -28.3947 2.23283 15
v -28.508 2.31007 15
v -28.625 2.38157 15
v -28.7454 2.44715 15
v -28.869 2.50664 15
v -28.9953 2.5599 15
v -29.1242 2.6068 15
v -29.2552 2.64722 15
v -29.3881 2.68105 15
v -29.5225 2.70822 15
v -29.6581 2.72866 15
v -29.7945 2.74231 15
v -29.9314 2.74915 15
v -30.0686 2.74915 15
v -30.2055 2.74231 15
v -30.3419 2.72866 15
v -30.4775 2.70822 15
v -30.6119 2.68105 15
v -30.7448 2.64722 15
v -30.8758 2.6068 15
v -31.0047 2.5599 15
v -31.131 2.50664 15
v -31.2546 2.44715 15
v -31.375 2.38157 15
v -31.492 2.31007 15
v -31.6053 2.23283 15
v -31.7146 2.15004 15
v -31.8196 2.0619 15
v -31.9202 1.96863 15
v -32.0159 1.87048 15
v -32.1066 1.76767 15
v -32.1921 1.66046 15
v -32.2722 1.54913 15
v -32.3465 1.43395 15
v -32.4151 1.3152 15
v -32.4777 1.19318 15
v -32.5341 1.0682 15
v -32.5842 0.940555 15
v -32.6278 0.810577 15
v -32.665 0.678583 15
v -32.6955 0.544902 15
v -32.7193 0.409866 15
v -32.7363 0.273812 15
v -32.7466 0.137076 15
v -32.75 -9.43318e-15 15
v -32.7466 -0.137076 15
v -32.7363 -0.273812 15
v -32.7193 -0.409866 15
v -32.6955 -0.544902 15
v -32.665 -0.678583 15
v -32.6278 -0.810577 15
v -32.5842 -0.940555 15
v -32.5341 -1.0682 15
v -32.4777 -1.19318 15
v -32.4151 -1.3152 15
v -32.3465 -1.43395 15
v -32.2722 -1.54913 15
v -32.1921 -1.66046 15
v -32.1066 -1.76767 15
v -32.0159 -1.87048 15
v -31.9202 -1.96863 15
v -31.8196 -2.0619 15
v -31.7146 -2.15004 15
v -31.6053 -2.23283 15
v -31.492 -2.31007 15
v -31.375 -2.38157 15
v -31.2546 -2.44715 15
v -31.131 -2.50664 15
v -31.0047 -2.5599 15
v -30.8758 -2.6068 15
v -30.7448 -2.64722 15
v -30.6119 -2.68105 15
v -30.4775 -2.70822 15
v -30.3419 -2.72866 15
v -30.2055 -2.74231 15
v -30.0686 -2.74915 15
v -29.9314 -2.74915 15
v -29.7945 -2.74231 15
v -29.6581 -2.72866 15
v -29.5225 -2.70822 15
v -29.3881 -2.68105 15
v -29.2552 -2.64722 15
v -29.1242 -2.6068 15
v -28.9953 -2.5599 15
v -28.869 -2.50664 15
v -28.7454 -2.44715 15
v -28.625 -2.38157 15
v -28.508 -2.31007 15
v -28.3947 -2.23283 15
v -28.2854 -2.15004 15
v -28.1804 -2.0619 15
v -28.0798 -1.96863 15
v -27.9841 -1.87048 15
v -27.8934 -1.76767 15
v -27.8079 -1.66046 15
v -27.7278 -1.54913 15
v -27.6535 -1.43395 15
v -27.5849 -1.3152 15
v -27.5223 -1.19318 15
v -27.4659 -1.0682 15
v -27.4158 -0.940555 15
v -27.3722 -0.810577 15
v -27.335 -0.678583 15
v -27.3045 -0.544902 15
v -27.2807 -0.409866 15
v -27.2637 -0.273812 15
v -27.2534 -0.137076 15
v -15 -1.22465e-15 15
v -15.0062 0.249229 15
v -15.0248 0.497839 15
v -15.0558 0.745211 15
v -15.0991 0.990731 15
v -15.1546 1.23379 15
v -15.2221 1.47378 15
v -15.3015 1.7101 15
v -15.3926 1.94217 15
v -15.4952 2.16942 15
v -15.6089 2.39127 15
v -15.7335 2.60718 15
v -15.8688 2.8166 15
v -16.0143 3.01902 15
v -16.1698 3.21394 15
v -16.3347 3.40086 15
v -16.5088 3.57933 15
v -16.6916 3.74891 15
v -16.8826 3.90916 15
v -17.0813 4.05969 15
v -17.2873 4.20013 15
v -17.5 4.33013 15
v -17.7189 4.44936 15
v -17.9436 4.55753 15
v -18.1733 4.65437 15
v -18.4076 4.73964 15
v -18.6458 4.81312 15
v -18.8874 4.87464 15
v -19.1318 4.92404 15
v -19.3783 4.9612 15
v -19.6263 4.98602 15
v -19.8753 4.99845 15
v -20.1247 4.99845 15
v -20.3737 4.98602 15
v -20.6217 4.9612 15
v -20.8682 4.92404 15
v -21.1126 4.87464 15
v -21.3542 4.81312 15
v -21.5924 4.73964 15
v -21.8267 4.65437 15
v -22.0564 4.55753 15
v -22.2811 4.44936 15
v -22.5 4.33013 15
v -22.7127 4.20013 15
v -22.9187 4.05969 15
v -23.1174 3.90916 15
v -23.3084 3.74891 15
v -23.4912 3.57933 15
v -23.6653 3.40086 15
v -23.8302 3.21394 15
v -23.9857 3.01902 15
v -24.1312 2.8166 15
v -24.2665 2.60718 15
v -24.3911 2.39127 15
v -24.5048 2.16942 15
v -24.6074 1.94217 15
v -24.6985 1.7101 15
v -24.7779 1.47378 15
v -24.8454 1.23379 15
v -24.9009 0.990731 15
v -24.9442 0.745211 15
v -24.9752 0.497839 15
v -24.9938 0.249229 15
v -25 -1.71512e-14 15
v -24.9938 -0.249229 15
v -24.9752 -0.497839 15
v -24.9442 -0.745211 15
v -24.9009 -0.990731 15
v -24.8454 -1.23379 15
v -24.7779 -1.47378 15
v -24.6985 -1.7101 15
v -24.6074 -1.94217 15
v -24.5048 -2.16942 15
v -24.3911 -2.39127 15
v -24.2665 -2.60718 15
v -24.1312 -2.8166 15
v -23.9857 -3.01902 15
v -23.8302 -3.21394 15
v -23.6653 -3.40086 15
v -23.4912 -3.57933 15
v -23.3084 -3.74891 15
v -23.1174 -3.90916 15
v -22.9187 -4.05969 15
v -22.7127 -4.20013 15
v -22.5 -4.33013 15
v -22.2811 -4.44936 15
v -22.0564 -4.55753 15
v -21.8267 -4.65437 15
v -21.5924 -4.73964 15
v -21.3542 -4.81312 15
v -21.1126 -4.87464 15
v -20.8682 -4.92404 15
v -20.6217 -4.9612 15
v -20.3737 -4.98602 15
v -20.1247 -4.99845 15
v -19.8753 -4.99845 15
v -19.6263 -4.98602 15
v -19.3783 -4.9612 15
v -19.1318 -4.92404 15
v -18.8874 -4.87464 15
v -18.6458 -4.81312 15
v -18.4076 -4.73964 15
v -18.1733 -4.65437 15
v -17.9436 -4.55753 15
v -17.7189 -4.44936 15
v -17.5 -4.33013 15
v -17.2873 -4.20013 15
v -17.0813 -4.05969 15
v -16.8826 -3.90916 15
v -16.6916 -3.74891 15
v -16.5088 -3.57933 15
v -16.3347 -3.40086 15
v -16.1698 -3.21394 15
v -16.0143 -3.01902 15
v -15.8688 -2.8166 15
v -15.7335 -2.60718 15
v -15.6089 -2.39127 15
v -15.4952 -2.16942 15
v -15.3926 -1.94217 15
v -15.3015 -1.7101 15
v -15.2221 -1.47378 15
v -15.1546 -1.23379 15
v -15.0991 -0.990731 15
v -15.0558 -0.745211 15
v -15.0248 -0.497839 15
v -15.0062 -0.249229 15
v 5 -1.22465e-15 15
v 4.99378 0.249229 15
v 4.97515 0.497839 15
v 4.94415 0.745211 15
v 4.90086 0.990731 15
v 4.84539 1.23379 15
v 4.77786 1.47378 15
v 4.69846 1.7101 15
v 4.60738 1.94217 15
v 4.50484 2.16942 15
v 4.39111 2.39127 15
v 4.26645 2.60718 15
v 4.13119 2.8166 15
v 3.98566 3.01902 15
v 3.83022 3.21394 15
v 3.66526 3.40086 15
v 3.49118 3.57933 15
v 3.30843 3.74891 15
v 3.11745 3.90916 15
v 2.91872 4.05969 15
v 2.71273 4.20013 15
v 2.5 4.33013 15
v 2.28105 4.44936 15
v 2.05644 4.55753 15
v 1.82671 4.65437 15
v 1.59243 4.73964 15
v 1.3542 4.81312 15
v 1.1126 4.87464 15
v 0.868241 4.92404 15
v 0.621719 4.9612 15
v 0.37365 4.98602 15
v 0.124653 4.99845 15
v -0.124653 4.99845 15
v -0.37365 4.98602 15
v -0.621719 4.9612 15
v -0.868241 4.92404 15
v -1.1126 4.87464 15
v -1.3542 4.81312 15
v -1.59243 4.73964 15
v -1.82671 4.65437 15
v -2.05644 4.55753 15
v -2.28105 4.44936 15
v -2.5 4.33013 15
v -2.71273 4.20013 15
v -2.91872 4.05969 15
v -3.11745 3.90916 15
v -3.30843 3.74891 15
v -3.49118 3.57933 15
v -3.66526 3.40086 15
v -3.83022 3.21394 15
v -3.98566 3.01902 15
v -4.13119 2.8166 15
v -4.26645 2.60718 15
v -4.39111 2.39127 15
v -4.50484 2.16942 15
v -4.60738 1.94217 15
v -4.69846 1.7101 15
v -4.77786 1.47378 15
v -4.84539 1.23379 15
v -4.90086 0.990731 15
v -4.94415 0.745211 15
v -4.97515 0.497839 15
v -4.99378 0.249229 15
v -5 -1.71512e-14 15
v -4.99378 -0.249229 15
v -4.97515 -0.497839 15
v -4.94415 -0.745211 15
v -4.90086 -0.990731 15
v -4.84539 -1.23379 15
v -4.77786 -1.47378 15
v -4.69846 -1.7101 15
v -4.60738 -1.94217 15
v -4.50484 -2.16942 15
v -4.39111 -2.39127 15
v -4.26645 -2.60718 15
v -4.13119 -2.8166 15
v -3.98566 -3.01902 15
v -3.83022 -3.21394 15
v -3.66526 -3.40086 15
v -3.49118 -3.57933 15
v -3.30843 -3.74891 15
v -3.11745 -3.90916 15
v -2.91872 -4.05969 15
v -2.71273 -4.20013 15
v -2.5 -4.33013 15
v -2.28105 -4.44936 15
v -2.05644 -4.55753 15
v -1.82671 -4.65437 15
v -1.59243 -4.73964 15
v -1.3542 -4.81312 15
v -1.1126 -4.87464 15
v -0.868241 -4.92404 15
v -0.621719 -4.9612 15
v -0.37365 -4.98602 15
v -0.124653 -4.99845 15
v 0.124653 -4.99845 15
v 0.37365 -4.98602 15
v 0.621719 -4.9612 15
v 0.868241 -4.92404 15
v 1.1126 -4.87464 15
v 1.3542 -4.81312 15
v 1.59243 -4.73964 15
v 1.82671 -4.65437 15
v 2.05644 -4.55753 15
v 2.28105 -4.44936 15
v 2.5 -4.33013 15
v 2.71273 -4.20013 15
v 2.91872 -4.05969 15
v 3.11745 -3.90916 15
v 3.30843 -3.74891 15
v 3.49118 -3.57933 15
v 3.66526 -3.40086 15
v 3.83022 -3.21394 15
v 3.98566 -3.01902 15
v 4.13119 -2.8166 15
v 4.26645 -2.60718 15
v 4.39111 -2.39127 15
v 4.50484 -2.16942 15
v 4.60738 -1.94217 15
v 4.69846 -1.7101 15
v 4.77786 -1.47378 15
v 4.84539 -1.23379 15
v 4.90086 -0.990731 15
v 4.94415 -0.745211 15
v 4.97515 -0.497839 15
v 4.99378 -0.249229 15
v 25 -1.22465e-15 15
v 24.9938 0.249229 15
v 24.9752 0.497839 15
v 24.9442 0.745211 15
v 24.9009 0.990731 15
v 24.8454 1.23379 15
v 24.7779 1.47378 15
v 24.6985 1.7101 15
v 24.6074 1.94217 15
v 24.5048 2.16942 15
v 24.3911 2.39127 15
v 24.2665 2.60718 15
v 24.1312 2.8166 15
v 23.9857 3.01902 15
v 23.8302 3.21394 15
v 23.6653 3.40086 15
v 23.4912 3.57933 15
v 23.3084 3.74891 15
v 23.1174 3.90916 15
v 22.9187 4.05969 15
v 22.7127 4.20013 15
v 22.5 4.33013 15
v 22.2811 4.44936 15
v 22.0564 4.55753 15
v 21.8267 4.65437 15
v 21.5924 4.73964 15
v 21.3542 4.81312 15
v 21.1126 4.87464 15
v 20.8682 4.92404 15
v 20.6217 4.9612 15
v 20.3737 4.98602 15
v 20.1247 4.99845 15
v 19.8753 4.99845 15
v 19.6263 4.98602 15
v 19.3783 4.9612 15
v 19.1318 4.92404 15
v 18.8874 4.87464 15
v 18.6458 4.81312 15
v 18.4076 4.73964 15
v 18.1733 4.65437 15
v 17.9436 4.55753 15
v 17.7189 4.44936 15
v 17.5 4.33013 15
v 17.2873 4.20013 15
v 17.0813 4.05969 15
v 16.8826 3.90916 15
v 16.6916 3.74891 15
v 16.5088 3.57933 15
v 16.3347 3.40086 15
v 16.1698 3.21394 15
v 16.0143 3.01902 15
v 15.8688 2.8166 15
v 15.7335 2.60718 15
v 15.6089 2.39127 15
v 15.4952 2.16942 15
v 15.3926 1.94217 15
v 15.3015 1.7101 15
v 15.2221 1.47378 15
v 15.1546 1.23379 15
v 15.0991 0.990731 15
v 15.0558 0.745211 15
v 15.0248 0.497839 15
v 15.0062 0.249229 15
v 15 -1.71512e-14 15
v 15.0062 -0.249229 15
v 15.0248 -0.497839 15
v 15.0558 -0.745211 15
v 15.0991 -0.990731 15
v 15.1546 -1.23379 15
v 15.2221 -1.47378 15
v 15.3015 -1.7101 15
v 15.3926 -1.94217 15
v 15.4952 -2.16942 15
v 15.6089 -2.39127 15
v 15.7335 -2.60718 15
v 15.8688 -2.8166 15
v 16.0143 -3.01902 15
v 16.1698 -3.21394 15
v 16.3347 -3.40086 15
v 16.5088 -3.57933 15
v 16.6916 -3.74891 15
v 16.8826 -3.90916 15
v 17.0813 -4.05969 15
v 17.2873 -4.20013 15
v 17.5 -4.33013 15
v 17.7189 -4.44936 15
v 17.9436 -4.55753 15
v 18.1733 -4.65437 15
v 18.4076 -4.73964 15
v 18.6458 -4.81312 15
v 18.8874 -4.87464 15
v 19.1318 -4.92404 15
v 19.3783 -4.9612 15
v 19.6263 -4.98602 15
v 19.8753 -4.99845 15
v 20.1247 -4.99845 15
v 20.3737 -4.98602 15
v 20.6217 -4.9612 15
v 20.8682 -4.92404 15
v 21.1126 -4.87464 15
v 21.3542 -4.81312 15
v 21.5924 -4.73964 15
v 21.8267 -4.65437 15
v 22.0564 -4.55753 15
v 22.2811 -4.44936 15
v 22.5 -4.33013 15
v 22.7127 -4.20013 15
v 22.9187 -4.05969 15
v 23.1174 -3.90916 15
v 23.3084 -3.74891 15
v 23.4912 -3.57933 15
v 23.6653 -3.40086 15
v 23.8302 -3.21394 15
v 23.9857 -3.01902 15
v 24.1312 -2.8166 15
v 24.2665 -2.60718 15
v 24.3911 -2.39127 15
v 24.5048 -2.16942 15
v 24.6074 -1.94217 15
v 24.6985 -1.7101 15
v 24.7779 -1.47378 15
v 24.8454 -1.23379 15
v 24.9009 -0.990731 15
v 24.9442 -0.745211 15
v 24.9752 -0.497839 15
v 24.9938 -0.249229 15
v 32.75 -6.73556e-16 15
v 32.7466 0.137076 15
v 32.7363 0.273812 15
v 32.7193 0.409866 15
v 32.6955 0.544902 15
v 32.665 0.678583 15
v 32.6278 0.810577 15
v 32.5842 0.940555 15
v 32.5341 1.0682 15
v 32.4777 1.19318 15
v 32.4151 1.3152 15
v 32.3465 1.43395 15
v 32.2722 1.54913 15
v 32.1921 1.66046 15
v 32.1066 1.76767 15
v 32.0159 1.87048 15
v 31.9202 1.96863 15
v 31.8196 2.0619 15
v 31.7146 2.15004 15
v 31.6053 2.23283 15
v 31.492 2.31007 15
v 31.375 2.38157 15
v 31.2546 2.44715 15
v 31.131 2.50664 15
v 31.0047 2.5599 15
v 30.8758 2.6068 15
v 30.7448 2.64722 15
v 30.6119 2.68105 15
v 30.4775 2.70822 15
v 30.3419 2.72866 15
v 30.2055 2.74231 15
v 30.0686 2.74915 15
v 29.9314 2.74915 15
v 29.7945 2.74231 15
v 29.6581 2.72866 15
v 29.5225 2.70822 15
v 29.3881 2.68105 15
v 29.2552 2.64722 15
v 29.1242 2.6068 15
v 28.9953 2.5599 15
v 28.869 2.50664 15
v 28.7454 2.44715 15
v 28.625 2.38157 15
v 28.508 2.31007 15
v 28.3947 2.23283 15
v 28.2854 2.15004 15
v 28.1804 2.0619 15
v 28.0798 1.96863 15
v 27.9841 1.87048 15
v 27.8934 1.76767 15
v 27.8079 1.66046 15
v 27.7278 1.54913 15
v 27.6535 1.43395 15
v 27.5849 1.3152 15
v 27.5223 1.19318 15
v 27.4659 1.0682 15
v 27.4158 0.940555 15
v 27.3722 0.810577 15
v 27.335 0.678583 15
v 27.3045 0.544902 15
v 27.2807 0.409866 15
v 27.2637 0.273812 15
v 27.2534 0.137076 15
v 27.25 -9.43318e-15 15
v 27.2534 -0.137076 15
v 27.2637 -0.273812 15
v 27.2807 -0.409866 15
v 27.3045 -0.544902 15
v 27.335 -0.678583 15
v 27.3722 -0.810577 15
v 27.4158 -0.940555 15
v 27.4659 -1.0682 15
v 27.5223 -1.19318 15
v 27.5849 -1.3152 15
v 27.6535 -1.43395 15
v 27.7278 -1.54913 15
v 27.8079 -1.66046 15
v 27.8934 -1.76767 15
v 27.9841 -1.87048 15
v 28.0798 -1.96863 15
v 28.1804 -2.0619 15
v 28.2854 -2.15004 15
v 28.3947 -2.23283 15
v 28.508 -2.31007 15
v 28.625 -2.38157 15
v 28.7454 -2.44715 15
v 28.869 -2.50664 15
v 28.9953 -2.5599 15
v 29.1242 -2.6068 15
v 29.2552 -2.64722 15
v 29.3881 -2.68105 15
v 29.5225 -2.70822 15
v 29.6581 -2.72866 15
v 29.7945 -2.74231 15
v 29.9314 -2.74915 15
v 30.0686 -2.74915 15
v 30.2055 -2.74231 15
v 30.3419 -2.72866 15
v 30.4775 -2.70822 15
v 30.6119 -2.68105 15
v 30.7448 -2.64722 15
v 30.8758 -2.6068 15
v 31.0047 -2.5599 15
v 31.131 -2.50664 15
v 31.2546 -2.44715 15
v 31.375 -2.38157 15
v 31.492 -2.31007 15
v 31.6053 -2.23283 15
v 31.7146 -2.15004 15
v 31.8196 -2.0619 15
v 31.9202 -1.96863 15
v 32.0159 -1.87048 15
v 32.1066 -1.76767 15
v 32.1921 -1.66046 15
v 32.2722 -1.54913 15
v 32.3465 -1.43395 15
v 32.4151 -1.3152 15
v 32.4777 -1.19318 15
v 32.5341 -1.0682 15
v 32.5842 -0.940555 15
v 32.6278 -0.810577 15
v 32.665 -0.678583 15
v 32.6955 -0.544902 15
v 32.7193 -0.409866 15
v 32.7363 -0.273812 15
v 32.7466 -0.137076 15
v 35 -20 4
v 35 -20 15
v 35 -28 4
v 35 -28 -8
v 35 -20 -8
v 35 -20 0
v 35 20 0
v 35 20 15
v -27.25 -6.73556e-16 15
v -27.2534 0.137076 15
v -27.2637 0.273812 15
v -27.2807 0.409866 15
v -27.3045 0.544902 15
v -27.335 0.678583 15
v -27.3722 0.810577 15
v -27.4158 0.940555 15
v -27.4659 1.0682 15
v -27.5223 1.19318 15
v -27.5849 1.3152 15
v -27.6535 1.43395 15
v -27.7278 1.54913 15
v -27.8079 1.66046 15
v -27.8934 1.76767 15
v -27.9841 1.87048 15
v -28.0798 1.96863 15
v -28.1804 2.0619 15
v -28.2854 2.15004 15
v -28.3947 2.23283 15
v -28.508 2.31007 15
v -28.625 2.38157 15
v -28.7454 2.44715 15
v -28.869 2.50664 15
v -28.9953 2.5599 15
v -29.1242 2.6068 15
v -29.2552 2.64722 15
v -29.3881 2.68105 15
v -29.5225 2.70822 15
v -29.6581 2.72866 15
v -29.7945 2.74231 15
v -29.9314 2.74915 15
v -30.0686 2.74915 15
v -30.2055 2.74231 15
v -30.3419 2.72866 15
v -30.4775 2.70822 15
v -30.6119 2.68105 15
v -30.7448 2.64722 15
v -30.8758 2.6068 15
v -31.0047 2.5599 15
v -31.131 2.50664 15
v -31.2546 2.44715 15
v -31.375 2.38157 15
v -31.492 2.31007 15
v -31.6053 2.23283 15
v -31.7146 2.15004 15
v -31.8196 2.0619 15
v -31.9202 1.96863 15
v -32.0159 1.87048 15
v -32.1066 1.76767 15
v -32.1921 1.66046 15
v -32.2722 1.54913 15
v -32.3465 1.43395 15
v -32.4151 1.3152 15
v -32.4777 1.19318 15
v -32.5341 1.0682 15
v -32.5842 0.940555 15
v -32.6278 0.810577 15
v -32.665 0.678583 15
v -32.6955 0.544902 15
v -32.7193 0.409866 15
v -32.7363 0.273812 15
v -32.7466 0.137076 15
v -32.75 -9.43318e-15 15
v -32.7466 -0.137076 15
v -32.7363 -0.273812 15
v -32.7193 -0.409866 15
v -32.6955 -0.544902 15
v -32.665 -0.678583 15
v -32.6278 -0.810577 15
v -32.5842 -0.940555 15
v -32.5341 -1.0682 15
v -32.4777 -1.19318 15
v -32.4151 -1.3152 15
v -32.3465 -1.43395 15
v -32.2722 -1.54913 15
v -32.1921 -1.66046 15
v -32.1066 -1.76767 15
v -32.0159 -1.87048 15
v -31.9202 -1.96863 15
v -31.8196 -2.0619 15
v -31.7146 -2.15004 15
v -31.6053 -2.23283 15
v -31.492 -2.31007 15
v -31.375 -2.38157 15
v -31.2546 -2.44715 15
v -31.131 -2.50664 15
v -31.0047 -2.5599 15
v -30.8758 -2.6068 15
v -30.7448 -2.64722 15
v -30.6119 -2.68105 15
v -30.4775 -2.70822 15
v -30.3419 -2.72866 15
v -30.2055 -2.74231 15
v -30.0686 -2.74915 15
v -29.9314 -2.74915 15
v -29.7945 -2.74231 15
v -29.6581 -2.72866 15
v -29.5225 -2.70822 15
v -29.3881 -2.68105 15
v -29.2552 -2.64722 15
v -29.1242 -2.6068 15
v -28.9953 -2.5599 15
v -28.869 -2.50664 15
v -28.7454 -2.44715 15
v -28.625 -2.38157 15
v -28.508 -2.31007 15
v -28.3947 -2.23283 15
v -28.2854 -2.15004 15
v -28.1804 -2.0619 15
v -28.0798 -1.96863 15
v -27.9841 -1.87048 15
v -27.8934 -1.76767 15
v -27.8079 -1.66046 15
v -27.7278 -1.54913 15
v -27.6535 -1.43395 15
v -27.5849 -1.3152 15
v -27.5223 -1.19318 15
v -27.4659 -1.0682 15
v -27.4158 -0.940555 15
v -27.3722 -0.810577 15
v -27.335 -0.678583 15
v -27.3045 -0.544902 15
v -27.2807 -0.409866 15
v -27.2637 -0.273812 15
v -27.2534 -0.137076 15
v -27.25 -6.73556e-16 15
v -27.25 -6.73556e-16 0
v -27.2534 0.137076 0
v -27.2637 0.273812 0
v -27.2807 0.409866 0
v -27.3045 0.544902 0
v -27.335 0.678583 0
v -27.3722 0.810577 0
v -27.4158 0.940555 0
v -27.4659 1.0682 0
v -27.5223 1.19318 0
v -27.5849 1.3152 0
v -27.6535 1.43395 0
v -27.7278 1.54913 0
v -27.8079 1.66046 0
v -27.8934 1.76767 0
v -27.9841 1.87048 0
v -28.0798 1.96863 0
v -28.1804 2.0619 0
v -28.2854 2.15004 0
v -28.3947 2.23283 0
v -28.508 2.31007 0
v -28.625 2.38157 0
v -28.7454 2.44715 0
v -28.869 2.50664 0
v -28.9953 2.5599 0
v -29.1242 2.6068 0
v -29.2552 2.64722 0
v -29.3881 2.68105 0
v -29.5225 2.70822 0
v -29.6581 2.72866 0
v -29.7945 2.74231 0
v -29.9314 2.74915 0
v -30.0686 2.74915 0
v -30.2055 2.74231 0
v -30.3419 2.72866 0
v -30.4775 2.70822 0
v -30.6119 2.68105 0
v -30.7448 2.64722 0
v -30.8758 2.6068 0
v -31.0047 2.5599 0
v -31.131 2.50664 0
v -31.2546 2.44715 0
v -31.375 2.38157 0
v -31.492 2.31007 0
v -31.6053 2.23283 0
v -31.7146 2.15004 0
v -31.8196 2.0619 0
v -31.9202 1.96863 0
v -32.0159 1.87048 0
v -32.1066 1.76767 0
v -32.1921 1.66046 0
v -32.2722 1.54913 0
v -32.3465 1.43395 0
v -32.4151 1.3152 0
v -32.4777 1.19318 0
v -32.5341 1.0682 0
v -32.5842 0.940555 0
v -32.6278 0.810577 0
v -32.665 0.678583 0
v -32.6955 0.544902 0
v -32.7193 0.409866 0
v -32.7363 0.273812 0
v -32.7466 0.137076 0
v -32.75 -9.43318e-15 0
v -32.7466 -0.137076 0
v -32.7363 -0.273812 0
v -32.7193 -0.409866 0
v -32.6955 -0.544902 0
v -32.665 -0.678583 0
v -32.6278 -0.810577 0
v -32.5842 -0.940555 0
v -32.5341 -1.0682 0
v -32.4777 -1.19318 0
v -32.4151 -1.3152 0
v -32.3465 -1.43395 0
v -32.2722 -1.54913 0
v -32.1921 -1.66046 0
v -32.1066 -1.76767 0
v -32.0159 -1.87048 0
v -31.9202 -1.96863 0
v -31.8196 -2.0619 0
v -31.7146 -2.15004 0
v -31.6053 -2.23283 0
v -31.492 -2.31007 0
v -31.375 -2.38157 0
v -31.2546 -2.44715 0
v -31.131 -2.50664 0
v -31.0047 -2.5599 0
v -30.8758 -2.6068 0
v -30.7448 -2.64722 0
v -30.6119 -2.68105 0
v -30.4775 -2.70822 0
v -30.3419 -2.72866 0
v -30.2055 -2.74231 0
v -30.0686 -2.74915 0
v -29.9314 -2.74915 0
v -29.7945 -2.74231 0
v -29.6581 -2.72866 0
v -29.5225 -2.70822 0
v -29.3881 -2.68105 0
v -29.2552 -2.64722 0
v -29.1242 -2.6068 0
v -28.9953 -2.5599 0
v -28.869 -2.50664 0
v -28.7454 -2.44715 0
v -28.625 -2.38157 0
v -28.508 -2.31007 0
v -28.3947 -2.23283 0
v -28.2854 -2.15004 0
v -28.1804 -2.0619 0
v -28.0798 -1.96863 0
v -27.9841 -1.87048 0
v -27.8934 -1.76767 0
v -27.8079 -1.66046 0
v -27.7278 -1.54913 0
v -27.6535 -1.43395 0
v -27.5849 -1.3152 0
v -27.5223 -1.19318 0
v -27.4659 -1.0682 0
v -27.4158 -0.940555 0
v -27.3722 -0.810577 0
v -27.335 -0.678583 0
v -27.3045 -0.544902 0
v -27.2807 -0.409866 0
v -27.2637 -0.273812 0
v -27.2534 -0.137076 0
v -27.25 -6.73556e-16 0
v -17 -7.34788e-16 10
v -17.0037 0.149538 10
v -17.0149 0.298704 10
v -17.0335 0.447127 10
v -17.0595 0.594438 10
v -17.0928 0.740272 10
v -17.1333 0.884266 10
v -17.1809 1.02606 10
v -17.2356 1.1653 10
v -17.2971 1.30165 10
v -17.3653 1.43476 10
v -17.4401 1.56431 10
v -17.5213 1.68996 10
v -17.6086 1.81141 10
v -17.7019 1.92836 10
v -17.8008 2.04052 10
v -17.9053 2.1476 10
v -18.0149 2.24934 10
v -18.1295 2.34549 10
v -18.2488 2.43581 10
v -18.3724 2.52008 10
v -18.5 2.59808 10
v -18.6314 2.66962 10
v -18.7661 2.73452 10
v -18.904 2.79262 10
v -19.0445 2.84378 10
v -19.1875 2.88787 10
v -19.3324 2.92478 10
v -19.4791 2.95442 10
v -19.627 2.97672 10
v -19.7758 2.99161 10
v -19.9252 2.99907 10
v -20.0748 2.99907 10
v -20.2242 2.99161 10
v -20.373 2.97672 10
v -20.5209 2.95442 10
v -20.6676 2.92478 10
v -20.8125 2.88787 10
v -20.9555 2.84378 10
v -21.096 2.79262 10
v -21.2339 2.73452 10
v -21.3686 2.66962 10
v -21.5 2.59808 10
v -21.6276 2.52008 10
v -21.7512 2.43581 10
v -21.8705 2.34549 10
v -21.9851 2.24934 10
v -22.0947 2.1476 10
v -22.1992 2.04052 10
v -22.2981 1.92836 10
v -22.3914 1.81141 10
v -22.4787 1.68996 10
v -22.5599 1.56431 10
v -22.6347 1.43476 10
v -22.7029 1.30165 10
v -22.7644 1.1653 10
v -22.8191 1.02606 10
v -22.8667 0.884266 10
v -22.9072 0.740272 10
v -22.9405 0.594438 10
v -22.9665 0.447127 10
v -22.9851 0.298704 10
v -22.9963 0.149538 10
v -23 -1.02907e-14 10
v -22.9963 -0.149538 10
v -22.9851 -0.298704 10
v -22.9665 -0.447127 10
v -22.9405 -0.594438 10
v -22.9072 -0.740272 10
v -22.8667 -0.884266 10
v -22.8191 -1.02606 10
v -22.7644 -1.1653 10
v -22.7029 -1.30165 10
v -22.6347 -1.43476 10
v -22.5599 -1.56431 10
v -22.4787 -1.68996 10
v -22.3914 -1.81141 10
v -22.2981 -1.92836 10
v -22.1992 -2.04052 10
v -22.0947 -2.1476 10
v -21.9851 -2.24934 10
v -21.8705 -2.34549 10
v -21.7512 -2.43581 10
v -21.6276 -2.52008 10
v -21.5 -2.59808 10
v -21.3686 -2.66962 10
v -21.2339 -2.73452 10
v -21.096 -2.79262 10
v -20.9555 -2.84378 10
v -20.8125 -2.88787 10
v -20.6676 -2.92478 10
v -20.5209 -2.95442 10
v -20.373 -2.97672 10
v -20.2242 -2.99161 10
v -20.0748 -2.99907 10
v -19.9252 -2.99907 10
v -19.7758 -2.99161 10
v -19.627 -2.97672 10
v -19.4791 -2.95442 10
v -19.3324 -2.92478 10
v -19.1875 -2.88787 10
v -19.0445 -2.84378 10
v -18.904 -2.79262 10
v -18.7661 -2.73452 10
v -18.6314 -2.66962 10
v -18.5 -2.59808 10
v -18.3724 -2.52008 10
v -18.2488 -2.43581 10
v -18.1295 -2.34549 10
v -18.0149 -2.24934 10
v -17.9053 -2.1476 10
v -17.8008 -2.04052 10
v -17.7019 -1.92836 10
v -17.6086 -1.81141 10
v -17.5213 -1.68996 10
v -17.4401 -1.56431 10
v -17.3653 -1.43476 10
v -17.2971 -1.30165 10
v -17.2356 -1.1653 10
v -17.1809 -1.02606 10
v -17.1333 -0.884266 10
v -17.0928 -0.740272 10
v -17.0595 -0.594438 10
v -17.0335 -0.447127 10
v -17.0149 -0.298704 10
v -17.0037 -0.149538 10
v -17 -7.34788e-16 10
v -17 -7.34788e-16 0
v -17.0037 0.149538 0
v -17.0149 0.298704 0
v -17.0335 0.447127 0
v -17.0595 0.594438 0
v -17.0928 0.740272 0
v -17.1333 0.884266 0
v -17.1809 1.02606 0
v -17.2356 1.1653 0
v -17.2971 1.30165 0
v -17.3653 1.43476 0
v -17.4401 1.56431 0
v -17.5213 1.68996 0
v -17.6086 1.81141 0
v -17.7019 1.92836 0
v -17.8008 2.04052 0
v -17.9053 2.1476 0
v -18.0149 2.24934 0
v -18.1295 2.34549 0
v -18.2488 2.43581 0
v -18.3724 2.52008 0
v -18.5 2.59808 0
v -18.6314 2.66962 0
v -18.7661 2.73452 0
v -18.904 2.79262 0
v -19.0445 2.84378 0
v -19.1875 2.88787 0
v -19.3324 2.92478 0
v -19.4791 2.95442 0
v -19.627 2.97672 0
v -19.7758 2.99161 0
v -19.9252 2.99907 0
v -20.0748 2.99907 0
v -20.2242 2.99161 0
v -20.373 2.97672 0
v -20.5209 2.95442 0
v -20.6676 2.92478 0
v -20.8125 2.88787 0
v -20.9555 2.84378 0
v -21.096 2.79262 0
v -21.2339 2.73452 0
v -21.3686 2.66962 0
v -21.5 2.59808 0
v -21.6276 2.52008 0
v -21.7512 2.43581 0
v -21.8705 2.34549 0
v -21.9851 2.24934 0
v -22.0947 2.1476 0
v -22.1992 2.04052 0
v -22.2981 1.92836 0
v -22.3914 1.81141 0
v -22.4787 1.68996 0
v -22.5599 1.56431 0
v -22.6347 1.43476 0
v -22.7029 1.30165 0
v -22.7644 1.1653 0
v -22.8191 1.02606 0
v -22.8667 0.884266 0
v -22.9072 0.740272 0
v -22.9405 0.594438 0
v -22.9665 0.447127 0
v -22.9851 0.298704 0
v -22.9963 0.149538 0
v -23 -1.02907e-14 0
v -22.9963 -0.149538 0
v -22.9851 -0.298704 0
v -22.9665 -0.447127 0
v -22.9405 -0.594438 0
v -22.9072 -0.740272 0
v -22.8667 -0.884266 0
v -22.8191 -1.02606 0
v -22.7644 -1.1653 0
v -22.7029 -1.30165 0
v -22.6347 -1.43476 0
v -22.5599 -1.56431 0
v -22.4787 -1.68996 0
v -22.3914 -1.81141 0
v -22.2981 -1.92836 0
v -22.1992 -2.04052 0
v -22.0947 -2.1476 0
v -21.9851 -2.24934 0
v -21.8705 -2.34549 0
v -21.7512 -2.43581 0
v -21.6276 -2.52008 0
v -21.5 -2.59808 0
v -21.3686 -2.66962 0
v -21.2339 -2.73452 0
v -21.096 -2.79262 0
v -20.9555 -2.84378 0
v -20.8125 -2.88787 0
v -20.6676 -2.92478 0
v -20.5209 -2.95442 0
v -20.373 -2.97672 0
v -20.2242 -2.99161 0
v -20.0748 -2.99907 0
v -19.9252 -2.99907 0
v -19.7758 -2.99161 0
v -19.627 -2.97672 0
v -19.4791 -2.95442 0
v -19.3324 -2.92478 0
v -19.1875 -2.88787 0
v -19.0445 -2.84378 0
v -18.904 -2.79262 0
v -18.7661 -2.73452 0
v -18.6314 -2.66962 0
v -18.5 -2.59808 0
v -18.3724 -2.52008 0
v -18.2488 -2.43581 0
v -18.1295 -2.34549 0
v -18.0149 -2.24934 0
v -17.9053 -2.1476 0
v -17.8008 -2.04052 0
v -17.7019 -1.92836 0
v -17.6086 -1.81141 0
v -17.5213 -1.68996 0
v -17.4401 -1.56431 0
v -17.3653 -1.43476 0
v -17.2971 -1.30165 0
v -17.2356 -1.1653 0
v -17.1809 -1.02606 0
v -17.1333 -0.884266 0
v -17.0928 -0.740272 0
v -17.0595 -0.594438 0
v -17.0335 -0.447127 0
v -17.0149 -0.298704 0
v -17.0037 -0.149538 0
v -17 -7.34788e-16 0
v 3 -7.34788e-16 10
v 2.99627 0.149538 10
v 2.98509 0.298704 10
v 2.96649 0.447127 10
v 2.94052 0.594438 10
v 2.90723 0.740272 10
v 2.86672 0.884266 10
v 2.81908 1.02606 10
v 2.76443 1.1653 10
v 2.70291 1.30165 10
v 2.63466 1.43476 10
v 2.55987 1.56431 10
v 2.47872 1.68996 10
v 2.3914 1.81141 10
v 2.29813 1.92836 10
v 2.19916 2.04052 10
v 2.09471 2.1476 10
v 1.98506 2.24934 10
v 1.87047 2.34549 10
v 1.75123 2.43581 10
v 1.62764 2.52008 10
v 1.5 2.59808 10
v 1.36863 2.66962 10
v 1.23386 2.73452 10
v 1.09602 2.79262 10
v 0.95546 2.84378 10
v 0.812521 2.88787 10
v 0.667563 2.92478 10
v 0.520945 2.95442 10
v 0.373031 2.97672 10
v 0.22419 2.99161 10
v 0.0747921 2.99907 10
v -0.0747921 2.99907 10
v -0.22419 2.99161 10
v -0.373031 2.97672 10
v -0.520945 2.95442 10
v -0.667563 2.92478 10
v -0.812521 2.88787 10
v -0.95546 2.84378 10
v -1.09602 2.79262 10
v -1.23386 2.73452 10
v -1.36863 2.66962 10
v -1.5 2.59808 10
v -1.62764 2.52008 10
v -1.75123 2.43581 10
v -1.87047 2.34549 10
v -1.98506 2.24934 10
v -2.09471 2.1476 10
v -2.19916 2.04052 10
v -2.29813 1.92836 10
v -2.3914 1.81141 10
v -2.47872 1.68996 10
v -2.55987 1.56431 10
v -2.63466 1.43476 10
v -2.70291 1.30165 10
v -2.76443 1.1653 10
v -2.81908 1.02606 10
v -2.86672 0.884266 10
v -2.90723 0.740272 10
v -2.94052 0.594438 10
v -2.96649 0.447127 10
v -2.98509 0.298704 10
v -2.99627 0.149538 10
v -3 -1.02907e-14 10
v -2.99627 -0.149538 10
v -2.98509 -0.298704 10
v -2.96649 -0.447127 10
v -2.94052 -0.594438 10
v -2.90723 -0.740272 10
v -2.86672 -0.884266 10
v -2.81908 -1.02606 10
v -2.76443 -1.1653 10
v -2.70291 -1.30165 10
v -2.63466 -1.43476 10
v -2.55987 -1.56431 10
v -2.47872 -1.68996 10
v -2.3914 -1.81141 10
v -2.29813 -1.92836 10
v -2.19916 -2.04052 10
v -2.09471 -2.1476 10
v -1.98506 -2.24934 10
v -1.87047 -2.34549 10
v -1.75123 -2.43581 10
v -1.62764 -2.52008 10
v -1.5 -2.59808 10
v -1.36863 -2.66962 10
v -1.23386 -2.73452 10
v -1.09602 -2.79262 10
v -0.95546 -2.84378 10
v -0.812521 -2.88787 10
v -0.667563 -2.92478 10
v -0.520945 -2.95442 10
v -0.373031 -2.97672 10
v -0.22419 -2.99161 10
v -0.0747921 -2.99907 10
v 0.0747921 -2.99907 10
v 0.22419 -2.99161 10
v 0.373031 -2.97672 10
v 0.520945 -2.95442 10
v 0.667563 -2.92478 10
v 0.812521 -2.88787 10
v 0.95546 -2.84378 10
v 1.09602 -2.79262 10
v 1.23386 -2.73452 10
v 1.36863 -2.66962 10
v 1.5 -2.59808 10
v 1.62764 -2.52008 10
v 1.75123 -2.43581 10
v 1.87047 -2.34549 10
v 1.98506 -2.24934 10
v 2.09471 -2.1476 10
v 2.19916 -2.04052 10
v 2.29813 -1.92836 10
v 2.3914 -1.81141 10
v 2.47872 -1.68996 10
v 2.55987 -1.56431 10
v 2.63466 -1.43476 10
v 2.70291 -1.30165 10
v 2.76443 -1.1653 10
v 2.81908 -1.02606 10
v 2.86672 -0.884266 10
v 2.90723 -0.740272 10
v 2.94052 -0.594438 10
v 2.96649 -0.447127 10
v 2.98509 -0.298704 10
v 2.99627 -0.149538 10
v 3 -7.34788e-16 10
v 3 -7.34788e-16 0
v 2.99627 0.149538 0
v 2.98509 0.298704 0
v 2.96649 0.447127 0
v 2.94052 0.594438 0
v 2.90723 0.740272 0
v 2.86672 0.884266 0
v 2.81908 1.02606 0
v 2.76443 1.1653 0
v 2.70291 1.30165 0
v 2.63466 1.43476 0
v 2.55987 1.56431 0
v 2.47872 1.68996 0
v 2.3914 1.81141 0
v 2.29813 1.92836 0
v 2.19916 2.04052 0
v 2.09471 2.1476 0
v 1.98506 2.24934 0
v 1.87047 2.34549 0
v 1.75123 2.43581 0
v 1.62764 2.52008 0
v 1.5 2.59808 0
v 1.36863 2.66962 0
v 1.23386 2.73452 0
v 1.09602 2.79262 0
v 0.95546 2.84378 0
v 0.812521 2.88787 0
v 0.667563 2.92478 0
v 0.520945 2.95442 0
v 0.373031 2.97672 0
v 0.22419 2.99161 0
v 0.0747921 2.99907 0
v -0.0747921 2.99907 0
v -0.22419 2.99161 0
v -0.373031 2.97672 0
v -0.520945 2.95442 0
v -0.667563 2.92478 0
v -0.812521 2.88787 0
v -0.95546 2.84378 0
v -1.09602 2.79262 0
v -1.23386 2.73452 0
v -1.36863 2.66962 0
v -1.5 2.59808 0
v -1.62764 2.52008 0
v -1.75123 2.43581 0
v -1.87047 2.34549 0
v -1.98506 2.24934 0
v -2.09471 2.1476 0
v -2.19916 2.04052 0
v -2.29813 1.92836 0
v -2.3914 1.81141 0
v -2.47872 1.68996 0
v -2.55987 1.56431 0
v -2.63466 1.43476 0
v -2.70291 1.30165 0
v -2.76443 1.1653 0
v -2.81908 1.02606 0
v -2.86672 0.884266 0
v -2.90723 0.740272 0
v -2.94052 0.594438 0
v -2.96649 0.447127 0
v -2.98509 0.298704 0
v -2.99627 0.149538 0
v -3 -1.02907e-14 0
v -2.99627 -0.149538 0
v -2.98509 -0.298704 0
v -2.96649 -0.447127 0
v -2.94052 -0.594438 0
v -2.90723 -0.740272 0
v -2.86672 -0.884266 0
v -2.81908 -1.02606 0
v -2.76443 -1.1653 0
v -2.70291 -1.30165 0
v -2.63466 -1.43476 0
v -2.55987 -1.56431 0
v -2.47872 -1.68996 0
v -2.3914 -1.81141 0
v -2.29813 -1.92836 0
v -2.19916 -2.04052 0
v -2.09471 -2.1476 0
v -1.98506 -2.24934 0
v -1.87047 -2.34549 0
v -1.75123 -2.43581 0
v -1.62764 -2.52008 0
v -1.5 -2.59808 0
v -1.36863 -2.66962 0
v -1.23386 -2.73452 0
v -1.09602 -2.79262 0
v -0.95546 -2.84378 0
v -0.812521 -2.88787 0
v -0.667563 -2.92478 0
v -0.520945 -2.95442 0
v -0.373031 -2.97672 0
v -0.22419 -2.99161 0
v -0.0747921 -2.99907 0
v 0.0747921 -2.99907 0
v 0.22419 -2.99161 0
v 0.373031 -2.97672 0
v 0.520945 -2.95442 0
v 0.667563 -2.92478 0
v 0.812521 -2.88787 0
v 0.95546 -2.84378 0
v 1.09602 -2.79262 0
v 1.23386 -2.73452 0
v 1.36863 -2.66962 0
v 1.5 -2.59808 0
v 1.62764 -2.52008 0
v 1.75123 -2.43581 0
v 1.87047 -2.34549 0
v 1.98506 -2.24934 0
v 2.09471 -2.1476 0
v 2.19916 -2.04052 0
v 2.29813 -1.92836 0
v 2.3914 -1.81141 0
v 2.47872 -1.68996 0
v 2.55987 -1.56431 0
v 2.63466 -1.43476 0
v 2.70291 -1.30165 0
v 2.76443 -1.1653 0
v 2.81908 -1.02606 0
v 2.86672 -0.884266 0
v 2.90723 -0.740272 0
v 2.94052 -0.594438 0
v 2.96649 -0.447127 0
v 2.98509 -0.298704 0
v 2.99627 -0.149538 0
v 3 -7.34788e-16 0
v 23 -7.34788e-16 10
v 22.9963 0.149538 10
v 22.9851 0.298704 10
v 22.9665 0.447127 10
v 22.9405 0.594438 10
v 22.9072 0.740272 10
v 22.8667 0.884266 10
v 22.8191 1.02606 10
v 22.7644 1.1653 10
v 22.7029 1.30165 10
v 22.6347 1.43476 10
v 22.5599 1.56431 10
v 22.4787 1.68996 10
v 22.3914 1.81141 10
v 22.2981 1.92836 10
v 22.1992 2.04052 10
v 22.0947 2.1476 10
v 21.9851 2.24934 10
v 21.8705 2.34549 10
v 21.7512 2.43581 10
v 21.6276 2.52008 10
v 21.5 2.59808 10
v 21.3686 2.66962 10
v 21.2339 2.73452 10
v 21.096 2.79262 10
v 20.9555 2.84378 10
v 20.8125 2.88787 10
v 20.6676 2.92478 10
v 20.5209 2.95442 10
v 20.373 2.97672 10
v 20.2242 2.99161 10
v 20.0748 2.99907 10
v 19.9252 2.99907 10
v 19.7758 2.99161 10
v 19.627 2.97672 10
v 19.4791 2.95442 10
v 19.3324 2.92478 10
v 19.1875 2.88787 10
v 19.0445 2.84378 10
v 18.904 2.79262 10
v 18.7661 2.73452 10
v 18.6314 2.66962 10
v 18.5 2.59808 10
v 18.3724 2.52008 10
v 18.2488 2.43581 10
v 18.1295 2.34549 10
v 18.0149 2.24934 10
v 17.9053 2.1476 10
v 17.8008 2.04052 10
v 17.7019 1.92836 10
v 17.6086 1.81141 10
v 17.5213 1.68996 10
v 17.4401 1.56431 10
v 17.3653 1.43476 10
v 17.2971 1.30165 10
v 17.2356 1.1653 10
v 17.1809 1.02606 10
v 17.1333 0.884266 10
v 17.0928 0.740272 10
v 17.0595 0.594438 10
v 17.0335 0.447127 10
v 17.0149 0.298704 10
v 17.0037 0.149538 10
v 17 -1.02907e-14 10
v 17.0037 -0.149538 10
v 17.0149 -0.298704 10
v 17.0335 -0.447127 10
v 17.0595 -0.594438 10
v 17.0928 -0.740272 10
v 17.1333 -0.884266 10
v 17.1809 -1.02606 10
v 17.2356 -1.1653 10
v 17.2971 -1.30165 10
v 17.3653 -1.43476 10
v 17.4401 -1.56431 10
v 17.5213 -1.68996 10
v 17.6086 -1.81141 10
v 17.7019 -1.92836 10
v 17.8008 -2.04052 10
v 17.9053 -2.1476 10
v 18.0149 -2.24934 10
v 18.1295 -2.34549 10
v 18.2488 -2.43581 10
v 18.3724 -2.52008 10
v 18.5 -2.59808 10
v 18.6314 -2.66962 10
v 18.7661 -2.73452 10
v 18.904 -2.79262 10
v 19.0445 -2.84378 10
v 19.1875 -2.88787 10
v 19.3324 -2.92478 10
v 19.4791 -2.95442 10
v 19.627 -2.97672 10
v 19.7758 -2.99161 10
v 19.9252 -2.99907 10
v 20.0748 -2.99907 10
v 20.2242 -2.99161 10
v 20.373 -2.97672 10
v 20.5209 -2.95442 10
v 20.6676 -2.92478 10
v 20.8125 -2.88787 10
v 20.9555 -2.84378 10
v 21.096 -2.79262 10
v 21.2339 -2.73452 10
v 21.3686 -2.66962 10
v 21.5 -2.59808 10
v 21.6276 -2.52008 10
v 21.7512 -2.43581 10
v 21.8705 -2.34549 10
v 21.9851 -2.24934 10
v 22.0947 -2.1476 10
v 22.1992 -2.04052 10
v 22.2981 -1.92836 10
v 22.3914 -1.81141 10
v 22.4787 -1.68996 10
v 22.5599 -1.56431 10
v 22.6347 -1.43476 10
v 22.7029 -1.30165 10
v 22.7644 -1.1653 10
v 22.8191 -1.02606 10
v 22.8667 -0.884266 10
v 22.9072 -0.740272 10
v 22.9405 -0.594438 10
v 22.9665 -0.447127 10
v 22.9851 -0.298704 10
v 22.9963 -0.149538 10
v 23 -7.34788e-16 10
v 23 -7.34788e-16 0
v 22.9963 0.149538 0
v 22.9851 0.298704 0
v 22.9665 0.447127 0
v 22.9405 0.594438 0
v 22.9072 0.740272 0
v 22.8667 0.884266 0
v 22.8191 1.02606 0
v 22.7644 1.1653 0
v 22.7029 1.30165 0
v 22.6347 1.43476 0
v 22.5599 1.56431 0
v 22.4787 1.68996 0
v 22.3914 1.81141 0
v 22.2981 1.92836 0
v 22.1992 2.04052 0
v 22.0947 2.1476 0
v 21.9851 2.24934 0
v 21.8705 2.34549 0
v 21.7512 2.43581 0
v 21.6276 2.52008 0
v 21.5 2.59808 0
v 21.3686 2.66962 0
v 21.2339 2.73452 0
v 21.096 2.79262 0
v 20.9555 2.84378 0
v 20.8125 2.88787 0
v 20.6676 2.92478 0
v 20.5209 2.95442 0
v 20.373 2.97672 0
v 20.2242 2.99161 0
v 20.0748 2.99907 0
v 19.9252 2.99907 0
v 19.7758 2.99161 0
v 19.627 2.97672 0
v 19.4791 2.95442 0
v 19.3324 2.92478 0
v 19.1875 2.88787 0
v 19.0445 2.84378 0
v 18.904 2.79262 0
v 18.7661 2.73452 0
v 18.6314 2.66962 0
v 18.5 2.59808 0
v 18.3724 2.52008 0
v 18.2488 2.43581 0
v 18.1295 2.34549 0
v 18.0149 2.24934 0
v 17.9053 2.1476 0
v 17.8008 2.04052 0
v 17.7019 1.92836 0
v 17.6086 1.81141 0
v 17.5213 1.68996 0
v 17.4401 1.56431 0
v 17.3653 1.43476 0
v 17.2971 1.30165 0
v 17.2356 1.1653 0
v 17.1809 1.02606 0
v 17.1333 0.884266 0
v 17.0928 0.740272 0
v 17.0595 0.594438 0
v 17.0335 0.447127 0
v 17.0149 0.298704 0
v 17.0037 0.149538 0
v 17 -1.02907e-14 0
v 17.0037 -0.149538 0
v 17.0149 -0.298704 0
v 17.0335 -0.447127 0
v 17.0595 -0.594438 0
v 17.0928 -0.740272 0
v 17.1333 -0.884266 0
v 17.1809 -1.02606 0
v 17.2356 -1.1653 0
v 17.2971 -1.30165 0
v 17.3653 -1.43476 0
v 17.4401 -1.56431 0
v 17.5213 -1.68996 0
v 17.6086 -1.81141 0
v 17.7019 -1.92836 0
v 17.8008 -2.04052 0
v 17.9053 -2.1476 0
v 18.0149 -2.24934 0
v 18.1295 -2.34549 0
v 18.2488 -2.43581 0
v 18.3724 -2.52008 0
v 18.5 -2.59808 0
v 18.6314 -2.66962 0
v 18.7661 -2.73452 0
v 18.904 -2.79262 0
v 19.0445 -2.84378 0
v 19.1875 -2.88787 0
v 19.3324 -2.92478 0
v 19.4791 -2.95442 0
v 19.627 -2.97672 0
v 19.7758 -2.99161 0
v 19.9252 -2.99907 0
v 20.0748 -2.99907 0
v 20.2242 -2.99161 0
v 20.373 -2.97672 0
v 20.5209 -2.95442 0
v 20.6676 -2.92478 0
v 20.8125 -2.88787 0
v 20.9555 -2.84378 0
v 21.096 -2.79262 0
v 21.2339 -2.73452 0
v 21.3686 -2.66962 0
v 21.5 -2.59808 0
v 21.6276 -2.52008 0
v 21.7512 -2.43581 0
v 21.8705 -2.34549 0
v 21.9851 -2.24934 0
v 22.0947 -2.1476 0
v 22.1992 -2.04052 0
v 22.2981 -1.92836 0
v 22.3914 -1.81141 0
v 22.4787 -1.68996 0
v 22.5599 -1.56431 0
v 22.6347 -1.43476 0
v 22.7029 -1.30165 0
v 22.7644 -1.1653 0
v 22.8191 -1.02606 0
v 22.8667 -0.884266 0
v 22.9072 -0.740272 0
v 22.9405 -0.594438 0
v 22.9665 -0.447127 0
v 22.9851 -0.298704 0
v 22.9963 -0.149538 0
v 23 -7.34788e-16 0
v 32.75 -6.73556e-16 15
v 32.7466 0.137076 15
v 32.7363 0.273812 15
v 32.7193 0.409866 15
v 32.6955 0.544902 15
v 32.665 0.678583 15
v 32.6278 0.810577 15
v 32.5842 0.940555 15
v 32.5341 1.0682 15
v 32.4777 1.19318 15
v 32.4151 1.3152 15
v 32.3465 1.43395 15
v 32.2722 1.54913 15
v 32.1921 1.66046 15
v 32.1066 1.76767 15
v 32.0159 1.87048 15
v 31.9202 1.96863 15
v 31.8196 2.0619 15
v 31.7146 2.15004 15
v 31.6053 2.23283 15
v 31.492 2.31007 15
v 31.375 2.38157 15
v 31.2546 2.44715 15
v 31.131 2.50664 15
v 31.0047 2.5599 15
v 30.8758 2.6068 15
v 30.7448 2.64722 15
v 30.6119 2.68105 15
v 30.4775 2.70822 15
v 30.3419 2.72866 15
v 30.2055 2.74231 15
v 30.0686 2.74915 15
v 29.9314 2.74915 15
v 29.7945 2.74231 15
v 29.6581 2.72866 15
v 29.5225 2.70822 15
v 29.3881 2.68105 15
v 29.2552 2.64722 15
v 29.1242 2.6068 15
v 28.9953 2.5599 15
v 28.869 2.50664 15
v 28.7454 2.44715 15
v 28.625 2.38157 15
v 28.508 2.31007 15
v 28.3947 2.23283 15
v 28.2854 2.15004 15
v 28.1804 2.0619 15
v 28.0798 1.96863 15
v 27.9841 1.87048 15
v 27.8934 1.76767 15
v 27.8079 1.66046 15
v 27.7278 1.54913 15
v 27.6535 1.43395 15
v 27.5849 1.3152 15
v 27.5223 1.19318 15
v 27.4659 1.0682 15
v 27.4158 0.940555 15
v 27.3722 0.810577 15
v 27.335 0.678583 15
v 27.3045 0.544902 15
v 27.2807 0.409866 15
v 27.2637 0.273812 15
v 27.2534 0.137076 15
v 27.25 -9.43318e-15 15
v 27.2534 -0.137076 15
v 27.2637 -0.273812 15
v 27.2807 -0.409866 15
v 27.3045 -0.544902 15
v 27.335 -0.678583 15
v 27.3722 -0.810577 15
v 27.4158 -0.940555 15
v 27.4659 -1.0682 15
v 27.5223 -1.19318 15
v 27.5849 -1.3152 15
v 27.6535 -1.43395 15
v 27.7278 -1.54913 15
v 27.8079 -1.66046 15
v 27.8934 -1.76767 15
v 27.9841 -1.87048 15
v 28.0798 -1.96863 15
v 28.1804 -2.0619 15
v 28.2854 -2.15004 15
v 28.3947 -2.23283 15
v 28.508 -2.31007 15
v 28.625 -2.38157 15
v 28.7454 -2.44715 15
v 28.869 -2.50664 15
v 28.9953 -2.5599 15
v 29.1242 -2.6068 15
v 29.2552 -2.64722 15
v 29.3881 -2.68105 15
v 29.5225 -2.70822 15
v 29.6581 -2.72866 15
v 29.7945 -2.74231 15
v 29.9314 -2.74915 15
v 30.0686 -2.74915 15
v 30.2055 -2.74231 15
v 30.3419 -2.72866 15
v 30.4775 -2.70822 15
v 30.6119 -2.68105 15
v 30.7448 -2.64722 15
v 30.8758 -2.6068 15
v 31.0047 -2.5599 15
v 31.131 -2.50664 15
v 31.2546 -2.44715 15
v 31.375 -2.38157 15
v 31.492 -2.31007 15
v 31.6053 -2.23283 15
v 31.7146 -2.15004 15
v 31.8196 -2.0619 15
v 31.9202 -1.96863 15
v 32.0159 -1.87048 15
v 32.1066 -1.76767 15
v 32.1921 -1.66046 15
v 32.2722 -1.54913 15
v 32.3465 -1.43395 15
v 32.4151 -1.3152 15
v 32.4777 -1.19318 15
v 32.5341 -1.0682 15
v 32.5842 -0.940555 15
v 32.6278 -0.810577 15
v 32.665 -0.678583 15
v 32.6955 -0.544902 15
v 32.7193 -0.409866 15
v 32.7363 -0.273812 15
v 32.7466 -0.137076 15
v 32.75 -6.73556e-16 15
v 32.75 -6.73556e-16 0
v 32.7466 0.137076 0
v 32.7363 0.273812 0
v 32.7193 0.409866 0
v 32.6955 0.544902 0
v 32.665 0.678583 0
v 32.6278 0.810577 0
v 32.5842 0.940555 0
v 32.5341 1.0682 0
v 32.4777 1.19318 0
v 32.4151 1.3152 0
v 32.3465 1.43395 0
v 32.2722 1.54913 0
v 32.1921 1.66046 0
v 32.1066 1.76767 0
v 32.0159 1.87048 0
v 31.9202 1.96863 0
v 31.8196 2.0619 0
v 31.7146 2.15004 0
v 31.6053 2.23283 0
v 31.492 2.31007 0
v 31.375 2.38157 0
v 31.2546 2.44715 0
v 31.131 2.50664 0
v 31.0047 2.5599 0
v 30.8758 2.6068 0
v 30.7448 2.64722 0
v 30.6119 2.68105 0
v 30.4775 2.70822 0
v 30.3419 2.72866 0
v 30.2055 2.74231 0
v 30.0686 2.74915 0
v 29.9314 2.74915 0
v 29.7945 2.74231 0
v 29.6581 2.72866 0
v 29.5225 2.70822 0
v 29.3881 2.68105 0
v 29.2552 2.64722 0
v 29.1242 2.6068 0
v 28.9953 2.5599 0
v 28.869 2.50664 0
v 28.7454 2.44715 0
v 28.625 2.38157 0
v 28.508 2.31007 0
v 28.3947 2.23283 0
v 28.2854 2.15004 0
v 28.1804 2.0619 0
v 28.0798 1.96863 0
v 27.9841 1.87048 0
v 27.8934 1.76767 0
v 27.8079 1.66046 0
v 27.7278 1.54913 0
v 27.6535 1.43395 0
v 27.5849 1.3152 0
v 27.5223 1.19318 0
v 27.4659 1.0682 0
v 27.4158 0.940555 0
v 27.3722 0.810577 0
v 27.335 0.678583 0
v 27.3045 0.544902 0
v 27.2807 0.409866 0
v 27.2637 0.273812 0
v 27.2534 0.137076 0
v 27.25 -9.43318e-15 0
v 27.2534 -0.137076 0
v 27.2637 -0.273812 0
v 27.2807 -0.409866 0
v 27.3045 -0.544902 0
v 27.335 -0.678583 0
v 27.3722 -0.810577 0
v 27.4158 -0.940555 0
v 27.4659 -1.0682 0
v 27.5223 -1.19318 0
v 27.5849 -1.3152 0
v 27.6535 -1.43395 0
v 27.7278 -1.54913 0
v 27.8079 -1.66046 0
v 27.8934 -1.76767 0
v 27.9841 -1.87048 0
v 28.0798 -1.96863 0
v 28.1804 -2.0619 0
v 28.2854 -2.15004 0
v 28.3947 -2.23283 0
v 28.508 -2.31007 0
v 28.625 -2.38157 0
v 28.7454 -2.44715 0
v 28.869 -2.50664 0
v 28.9953 -2.5599 0
v 29.1242 -2.6068 0
v 29.2552 -2.64722 0
v 29.3881 -2.68105 0
v 29.5225 -2.70822 0
v 29.6581 -2.72866 0
v 29.7945 -2.74231 0
v 29.9314 -2.74915 0
v 30.0686 -2.74915 0
v 30.2055 -2.74231 0
v 30.3419 -2.72866 0
v 30.4775 -2.70822 0
v 30.6119 -2.68105 0
v 30.7448 -2.64722 0
v 30.8758 -2.6068 0
v 31.0047 -2.5599 0
v 31.131 -2.50664 0
v 31.2546 -2.44715 0
v 31.375 -2.38157 0
v 31.492 -2.31007 0
v 31.6053 -2.23283 0
v 31.7146 -2.15004 0
v 31.8196 -2.0619 0
v 31.9202 -1.96863 0
v 32.0159 -1.87048 0
v 32.1066 -1.76767 0
v 32.1921 -1.66046 0
v 32.2722 -1.54913 0
v 32.3465 -1.43395 0
v 32.4151 -1.3152 0
v 32.4777 -1.19318 0
v 32.5341 -1.0682 0
v 32.5842 -0.940555 0
v 32.6278 -0.810577 0
v 32.665 -0.678583 0
v 32.6955 -0.544902 0
v 32.7193 -0.409866 0
v 32.7363 -0.273812 0
v 32.7466 -0.137076 0
v 32.75 -6.73556e-16 0
v -15 -1.22465e-15 15
v -15.0062 0.249229 15
v -15.0248 0.497839 15
v -15.0558 0.745211 15
v -15.0991 0.990731 15
v -15.1546 1.23379 15
v -15.2221 1.47378 15
v -15.3015 1.7101 15
v -15.3926 1.94217 15
v -15.4952 2.16942 15
v -15.6089 2.39127 15
v -15.7335 2.60718 15
v -15.8688 2.8166 15
v -16.0143 3.01902 15
v -16.1698 3.21394 15
v -16.3347 3.40086 15
v -16.5088 3.57933 15
v -16.6916 3.74891 15
v -16.8826 3.90916 15
v -17.0813 4.05969 15
v -17.2873 4.20013 15
v -17.5 4.33013 15
v -17.7189 4.44936 15
v -17.9436 4.55753 15
v -18.1733 4.65437 15
v -18.4076 4.73964 15
v -18.6458 4.81312 15
v -18.8874 4.87464 15
v -19.1318 4.92404 15
v -19.3783 4.9612 15
v -19.6263 4.98602 15
v -19.8753 4.99845 15
v -20.1247 4.99845 15
v -20.3737 4.98602 15
v -20.6217 4.9612 15
v -20.8682 4.92404 15
v -21.1126 4.87464 15
v -21.3542 4.81312 15
v -21.5924 4.73964 15
v -21.8267 4.65437 15
v -22.0564 4.55753 15
v -22.2811 4.44936 15
v -22.5 4.33013 15
v -22.7127 4.20013 15
v -22.9187 4.05969 15
v -23.1174 3.90916 15
v -23.3084 3.74891 15
v -23.4912 3.57933 15
v -23.6653 3.40086 15
v -23.8302 3.21394 15
v -23.9857 3.01902 15
v -24.1312 2.8166 15
v -24.2665 2.60718 15
v -24.3911 2.39127 15
v -24.5048 2.16942 15
v -24.6074 1.94217 15
v -24.6985 1.7101 15
v -24.7779 1.47378 15
v -24.8454 1.23379 15
v -24.9009 0.990731 15
v -24.9442 0.745211 15
v -24.9752 0.497839 15
v -24.9938 0.249229 15
v -25 -1.71512e-14 15
v -24.9938 -0.249229 15
v -24.9752 -0.497839 15
v -24.9442 -0.745211 15
v -24.9009 -0.990731 15
v -24.8454 -1.23379 15
v -24.7779 -1.47378 15
v -24.6985 -1.7101 15
v -24.6074 -1.94217 15
v -24.5048 -2.16942 15
v -24.3911 -2.39127 15
v -24.2665 -2.60718 15
v -24.1312 -2.8166 15
v -23.9857 -3.01902 15
v -23.8302 -3.21394 15
v -23.6653 -3.40086 15
v -23.4912 -3.57933 15
v -23.3084 -3.74891 15
v -23.1174 -3.90916 15
v -22.9187 -4.05969 15
v -22.7127 -4.20013 15
v -22.5 -4.33013 15
v -22.2811 -4.44936 15
v -22.0564 -4.55753 15
v -21.8267 -4.65437 15
v -21.5924 -4.73964 15
v -21.3542 -4.81312 15
v -21.1126 -4.87464 15
v -20.8682 -4.92404 15
v -20.6217 -4.9612 15
v -20.3737 -4.98602 15
v -20.1247 -4.99845 15
v -19.8753 -4.99845 15
v -19.6263 -4.98602 15
v -19.3783 -4.9612 15
v -19.1318 -4.92404 15
v -18.8874 -4.87464 15
v -18.6458 -4.81312 15
v -18.4076 -4.73964 15
v -18.1733 -4.65437 15
v -17.9436 -4.55753 15
v -17.7189 -4.44936 15
v -17.5 -4.33013 15
v -17.2873 -4.20013 15
v -17.0813 -4.05969 15
v -16.8826 -3.90916 15
v -16.6916 -3.74891 15
v -16.5088 -3.57933 15
v -16.3347 -3.40086 15
v -16.1698 -3.21394 15
v -16.0143 -3.01902 15
v -15.8688 -2.8166 15
v -15.7335 -2.60718 15
v -15.6089 -2.39127 15
v -15.4952 -2.16942 15
v -15.3926 -1.94217 15
v -15.3015 -1.7101 15
v -15.2221 -1.47378 15
v -15.1546 -1.23379 15
v -15.0991 -0.990731 15
v -15.0558 -0.745211 15
v -15.0248 -0.497839 15
v -15.0062 -0.249229 15
v -15 -1.22465e-15 15
v -15 -1.22465e-15 10
v -15.0062 0.249229 10
v -15.0248 0.497839 10
v -15.0558 0.745211 10
v -15.0991 0.990731 10
v -15.1546 1.23379 10
v -15.2221 1.47378 10
v -15.3015 1.7101 10
v -15.3926 1.94217 10
v -15.4952 2.16942 10
v -15.6089 2.39127 10
v -15.7335 2.60718 10
v -15.8688 2.8166 10
v -16.0143 3.01902 10
v -16.1698 3.21394 10
v -16.3347 3.40086 10
v -16.5088 3.57933 10
v -16.6916 3.74891 10
v -16.8826 3.90916 10
v -17.0813 4.05969 10
v -17.2873 4.20013 10
v -17.5 4.33013 10
v -17.7189 4.44936 10
v -17.9436 4.55753 10
v -18.1733 4.65437 10
v -18.4076 4.73964 10
v -18.6458 4.81312 10
v -18.8874 4.87464 10
v -19.1318 4.92404 10
v -19.3783 4.9612 10
v -19.6263 4.98602 10
v -19.8753 4.99845 10
v -20.1247 4.99845 10
v -20.3737 4.98602 10
v -20.6217 4.9612 10
v -20.8682 4.92404 10
v -21.1126 4.87464 10
v -21.3542 4.81312 10
v -21.5924 4.73964 10
v -21.8267 4.65437 10
v -22.0564 4.55753 10
v -22.2811 4.44936 10
v -22.5 4.33013 10
v -22.7127 4.20013 10
v -22.9187 4.05969 10
v -23.1174 3.90916 10
v -23.3084 3.74891 10
v -23.4912 3.57933 10
v -23.6653 3.40086 10
v -23.8302 3.21394 10
v -23.9857 3.01902 10
v -24.1312 2.8166 10
v -24.2665 2.60718 10
v -24.3911 2.39127 10
v -24.5048 2.16942 10
v -24.6074 1.94217 10
v -24.6985 1.7101 10
v -24.7779 1.47378 10
v -24.8454 1.23379 10
v -24.9009 0.990731 10
v -24.9442 0.745211 10
v -24.9752 0.497839 10
v -24.9938 0.249229 10
v -25 -1.71512e-14 10
v -24.9938 -0.249229 10
v -24.9752 -0.497839 10
v -24.9442 -0.745211 10
v -24.9009 -0.990731 10
v -24.8454 -1.23379 10
v -24.7779 -1.47378 10
v -24.6985 -1.7101 10
v -24.6074 -1.94217 10
v -24.5048 -2.16942 10
v -24.3911 -2.39127 10
v -24.2665 -2.60718 10
v -24.1312 -2.8166 10
v -23.9857 -3.01902 10
v -23.8302 -3.21394 10
v -23.6653 -3.40086 10
v -23.4912 -3.57933 10
v -23.3084 -3.74891 10
v -23.1174 -3.90916 10
v -22.9187 -4.05969 10
v -22.7127 -4.20013 10
v -22.5 -4.33013 10
v -22.2811 -4.44936 10
v -22.0564 -4.55753 10
v -21.8267 -4.65437 10
v -21.5924 -4.73964 10
v -21.3542 -4.81312 10
v -21.1126 -4.87464 10
v -20.8682 -4.92404 10
v -20.6217 -4.9612 10
v -20.3737 -4.98602 10
v -20.1247 -4.99845 10
v -19.8753 -4.99845 10
v -19.6263 -4.98602 10
v -19.3783 -4.9612 10
v -19.1318 -4.92404 10
v -18.8874 -4.87464 10
v -18.6458 -4.81312 10
v -18.4076 -4.73964 10
v -18.1733 -4.65437 10
v -17.9436 -4.55753 10
v -17.7189 -4.44936 10
v -17.5 -4.33013 10
v -17.2873 -4.20013 10
v -17.0813 -4.05969 10
v -16.8826 -3.90916 10
v -16.6916 -3.74891 10
v -16.5088 -3.57933 10
v -16.3347 -3.40086 10
v -16.1698 -3.21394 10
v -16.0143 -3.01902 10
v -15.8688 -2.8166 10
v -15.7335 -2.60718 10
v -15.6089 -2.39127 10
v -15.4952 -2.16942 10
v -15.3926 -1.94217 10
v -15.3015 -1.7101 10
v -15.2221 -1.47378 10
v -15.1546 -1.23379 10
v -15.0991 -0.990731 10
v -15.0558 -0.745211 10
v -15.0248 -0.497839 10
v -15.0062 -0.249229 10
v -15 -1.22465e-15 10
v 5 -1.22465e-15 15
v 4.99378 0.249229 15
v 4.97515 0.497839 15
v 4.94415 0.745211 15
v 4.90086 0.990731 15
v 4.84539 1.23379 15
v 4.77786 1.47378 15
v 4.69846 1.7101 15
v 4.60738 1.94217 15
v 4.50484 2.16942 15
v 4.39111 2.39127 15
v 4.26645 2.60718 15
v 4.13119 2.8166 15
v 3.98566 3.01902 15
v 3.83022 3.21394 15
v 3.66526 3.40086 15
v 3.49118 3.57933 15
v 3.30843 3.74891 15
v 3.11745 3.90916 15
v 2.91872 4.05969 15
v 2.71273 4.20013 15
v 2.5 4.33013 15
v 2.28105 4.44936 15
v 2.05644 4.55753 15
v 1.82671 4.65437 15
v 1.59243 4.73964 15
v 1.3542 4.81312 15
v 1.1126 4.87464 15
v 0.868241 4.92404 15
v 0.621719 4.9612 15
v 0.37365 4.98602 15
v 0.124653 4.99845 15
v -0.124653 4.99845 15
v -0.37365 4.98602 15
v -0.621719 4.9612 15
v -0.868241 4.92404 15
v -1.1126 4.87464 15
v -1.3542 4.81312 15
v -1.59243 4.73964 15
v -1.82671 4.65437 15
v -2.05644 4.55753 15
v -2.28105 4.44936 15
v -2.5 4.33013 15
v -2.71273 4.20013 15
v -2.91872 4.05969 15
v -3.11745 3.90916 15
v -3.30843 3.74891 15
v -3.49118 3.57933 15
v -3.66526 3.40086 15
v -3.83022 3.21394 15
v -3.98566 3.01902 15
v -4.13119 2.8166 15
v -4.26645 2.60718 15
v -4.39111 2.39127 15
v -4.50484 2.16942 15
v -4.60738 1.94217 15
v -4.69846 1.7101 15
v -4.77786 1.47378 15
v -4.84539 1.23379 15
v -4.90086 0.990731 15
v -4.94415 0.745211 15
v -4.97515 0.497839 15
v -4.99378 0.249229 15
v -5 -1.71512e-14 15
v -4.99378 -0.249229 15
v -4.97515 -0.497839 15
v -4.94415 -0.745211 15
v -4.90086 -0.990731 15
v -4.84539 -1.23379 15
v -4.77786 -1.47378 15
v -4.69846 -1.7101 15
v -4.60738 -1.94217 15
v -4.50484 -2.16942 15
v -4.39111 -2.39127 15
v -4.26645 -2.60718 15
v -4.13119 -2.8166 15
v -3.98566 -3.01902 15
v -3.83022 -3.21394 15
v -3.66526 -3.40086 15
v -3.49118 -3.57933 15
v -3.30843 -3.74891 15
v -3.11745 -3.90916 15
v -2.91872 -4.05969 15
v -2.71273 -4.20013 15
v -2.5 -4.33013 15
v -2.28105 -4.44936 15
v -2.05644 -4.55753 15
v -1.82671 -4.65437 15
v -1.59243 -4.73964 15
v -1.3542 -4.81312 15
v -1.1126 -4.87464 15
v -0.868241 -4.92404 15
v -0.621719 -4.9612 15
v -0.37365 -4.98602 15
v -0.124653 -4.99845 15
v 0.124653 -4.99845 15
v 0.37365 -4.98602 15
v 0.621719 -4.9612 15
v 0.868241 -4.92404 15
v 1.1126 -4.87464 15
v 1.3542 -4.81312 15
v 1.59243 -4.73964 15
v 1.82671 -4.65437 15
v 2.05644 -4.55753 15
v 2.28105 -4.44936 15
v 2.5 -4.33013 15
v 2.71273 -4.20013 15
v 2.91872 -4.05969 15
v 3.11745 -3.90916 15
v 3.30843 -3.74891 15
v 3.49118 -3.57933 15
v 3.66526 -3.40086 15
v 3.83022 -3.21394 15
v 3.98566 -3.01902 15
v 4.13119 -2.8166 15
v 4.26645 -2.60718 15
v 4.39111 -2.39127 15
v 4.50484 -2.16942 15
v 4.60738 -1.94217 15
v 4.69846 -1.7101 15
v 4.77786 -1.47378 15
v 4.84539 -1.23379 15
v 4.90086 -0.990731 15
v 4.94415 -0.745211 15
v 4.97515 -0.497839 15
v 4.99378 -0.249229 15
v 5 -1.22465e-15 15
v 5 -1.22465e-15 10
v 4.99378 0.249229 10
v 4.97515 0.497839 10
v 4.94415 0.745211 10
v 4.90086 0.990731 10
v 4.84539 1.23379 10
v 4.77786 1.47378 10
v 4.69846 1.7101 10
v 4.60738 1.94217 10
v 4.50484 2.16942 10
v 4.39111 2.39127 10
v 4.26645 2.60718 10
v 4.13119 2.8166 10
v 3.98566 3.01902 10
v 3.83022 3.21394 10
v 3.66526 3.40086 10
v 3.49118 3.57933 10
v 3.30843 3.74891 10
v 3.11745 3.90916 10
v 2.91872 4.05969 10
v 2.71273 4.20013 10
v 2.5 4.33013 10
v 2.28105 4.44936 10
v 2.05644 4.55753 10
v 1.82671 4.65437 10
v 1.59243 4.73964 10
v 1.3542 4.81312 10
v 1.1126 4.87464 10
v 0.868241 4.92404 10
v 0.621719 4.9612 10
v 0.37365 4.98602 10
v 0.124653 4.99845 10
v -0.124653 4.99845 10
v -0.37365 4.98602 10
v -0.621719 4.9612 10
v -0.868241 4.92404 10
v -1.1126 4.87464 10
v -1.3542 4.81312 10
v -1.59243 4.73964 10
v -1.82671 4.65437 10
v -2.05644 4.55753 10
v -2.28105 4.44936 10
v -2.5 4.33013 10
v -2.71273 4.20013 10
v -2.91872 4.05969 10
v -3.11745 3.90916 10
v -3.30843 3.74891 10
v -3.49118 3.57933 10
v -3.66526 3.40086 10
v -3.83022 3.21394 10
v -3.98566 3.01902 10
v -4.13119 2.8166 10
v -4.26645 2.60718 10
v -4.39111 2.39127 10
v -4.50484 2.16942 10
v -4.60738 1.94217 10
v -4.69846 1.7101 10
v -4.77786 1.47378 10
v -4.84539 1.23379 10
v -4.90086 0.990731 10
v -4.94415 0.745211 10
v -4.97515 0.497839 10
v -4.99378 0.249229 10
v -5 -1.71512e-14 10
v -4.99378 -0.249229 10
v -4.97515 -0.497839 10
v -4.94415 -0.745211 10
v -4.90086 -0.990731 10
v -4.84539 -1.23379 10
v -4.77786 -1.47378 10
v -4.69846 -1.7101 10
v -4.60738 -1.94217 10
v -4.50484 -2.16942 10
v -4.39111 -2.39127 10
v -4.26645 -2.60718 10
v -4.13119 -2.8166 10
v -3.98566 -3.01902 10
v -3.83022 -3.21394 10
v -3.66526 -3.40086 10
v -3.49118 -3.57933 10
v -3.30843 -3.74891 10
v -3.11745 -3.90916 10
v -2.91872 -4.05969 10
v -2.71273 -4.20013 10
v -2.5 -4.33013 10
v -2.28105 -4.44936 10
v -2.05644 -4.55753 10
v -1.82671 -4.65437 10
v -1.59243 -4.73964 10
v -1.3542 -4.81312 10
v -1.1126 -4.87464 10
v -0.868241 -4.92404 10
v -0.621719 -4.9612 10
v -0.37365 -4.98602 10
v -0.124653 -4.99845 10
v 0.124653 -4.99845 10
v 0.37365 -4.98602 10
v 0.621719 -4.9612 10
v 0.868241 -4.92404 10
v 1.1126 -4.87464 10
v 1.3542 -4.81312 10
v 1.59243 -4.73964 10
v 1.82671 -4.65437 10
v 2.05644 -4.55753 10
v 2.28105 -4.44936 10
v 2.5 -4.33013 10
v 2.71273 -4.20013 10
v 2.91872 -4.05969 10
v 3.11745 -3.90916 10
v 3.30843 -3.74891 10
v 3.49118 -3.57933 10
v 3.66526 -3.40086 10
v 3.83022 -3.21394 10
v 3.98566 -3.01902 10
v 4.13119 -2.8166 10
v 4.26645 -2.60718 10
v 4.39111 -2.39127 10
v 4.50484 -2.16942 10
v 4.60738 -1.94217 10
v 4.69846 -1.7101 10
v 4.77786 -1.47378 10
v 4.84539 -1.23379 10
v 4.90086 -0.990731 10
v 4.94415 -0.745211 10
v 4.97515 -0.497839 10
v 4.99378 -0.249229 10
v 5 -1.22465e-15 10
v 25 -1.22465e-15 15
v 24.9938 0.249229 15
v 24.9752 0.497839 15
v 24.9442 0.745211 15
v 24.9009 0.990731 15
v 24.8454 1.23379 15
v 24.7779 1.47378 15
v 24.6985 1.7101 15
v 24.6074 1.94217 15
v 24.5048 2.16942 15
v 24.3911 2.39127 15
v 24.2665 2.60718 15
v 24.1312 2.8166 15
v 23.9857 3.01902 15
v 23.8302 3.21394 15
v 23.6653 3.40086 15
v 23.4912 3.57933 15
v 23.3084 3.74891 15
v 23.1174 3.90916 15
v 22.9187 4.05969 15
v 22.7127 4.20013 15
v 22.5 4.33013 15
v 22.2811 4.44936 15
v 22.0564 4.55753 15
v 21.8267 4.65437 15
v 21.5924 4.73964 15
v 21.3542 4.81312 15
v 21.1126 4.87464 15
v 20.8682 4.92404 15
v 20.6217 4.9612 15
v 20.3737 4.98602 15
v 20.1247 4.99845 15
v 19.8753 4.99845 15
v 19.6263 4.98602 15
v 19.3783 4.9612 15
v 19.1318 4.92404 15
v 18.8874 4.87464 15
v 18.6458 4.81312 15
v 18.4076 4.73964 15
v 18.1733 4.65437 15
v 17.9436 4.55753 15
v 17.7189 4.44936 15
v 17.5 4.33013 15
v 17.2873 4.20013 15
v 17.0813 4.05969 15
v 16.8826 3.90916 15
v 16.6916 3.74891 15
v 16.5088 3.57933 15
v 16.3347 3.40086 15
v 16.1698 3.21394 15
v 16.0143 3.01902 15
v 15.8688 2.8166 15
v 15.7335 2.60718 15
v 15.6089 2.39127 15
v 15.4952 2.16942 15
v 15.3926 1.94217 15
v 15.3015 1.7101 15
v 15.2221 1.47378 15
v 15.1546 1.23379 15
v 15.0991 0.990731 15
v 15.0558 0.745211 15
v 15.0248 0.497839 15
v 15.0062 0.249229 15
v 15 -1.71512e-14 15
v 15.0062 -0.249229 15
v 15.0248 -0.497839 15
v 15.0558 -0.745211 15
v 15.0991 -0.990731 15
v 15.1546 -1.23379 15
v 15.2221 -1.47378 15
v 15.3015 -1.7101 15
v 15.3926 -1.94217 15
v 15.4952 -2.16942 15
v 15.6089 -2.39127 15
v 15.7335 -2.60718 15
v 15.8688 -2.8166 15
v 16.0143 -3.01902 15
v 16.1698 -3.21394 15
v 16.3347 -3.40086 15
v 16.5088 -3.57933 15
v 16.6916 -3.74891 15
v 16.8826 -3.90916 15
v 17.0813 -4.05969 15
v 17.2873 -4.20013 15
v 17.5 -4.33013 15
v 17.7189 -4.44936 15
v 17.9436 -4.55753 15
v 18.1733 -4.65437 15
v 18.4076 -4.73964 15
v 18.6458 -4.81312 15
v 18.8874 -4.87464 15
v 19.1318 -4.92404 15
v 19.3783 -4.9612 15
v 19.6263 -4.98602 15
v 19.8753 -4.99845 15
v 20.1247 -4.99845 15
v 20.3737 -4.98602 15
v 20.6217 -4.9612 15
v 20.8682 -4.92404 15
v 21.1126 -4.87464 15
v 21.3542 -4.81312 15
v 21.5924 -4.73964 15
v 21.8267 -4.65437 15
v 22.0564 -4.55753 15
v 22.2811 -4.44936 15
v 22.5 -4.33013 15
v 22.7127 -4.20013 15
v 22.9187 -4.05969 15
v 23.1174 -3.90916 15
v 23.3084 -3.74891 15
v 23.4912 -3.57933 15
v 23.6653 -3.40086 15
v 23.8302 -3.21394 15
v 23.9857 -3.01902 15
v 24.1312 -2.8166 15
v 24.2665 -2.60718 15
v 24.3911 -2.39127 15
v 24.5048 -2.16942 15
v 24.6074 -1.94217 15
v 24.6985 -1.7101 15
v 24.7779 -1.47378 15
v 24.8454 -1.23379 15
v 24.9009 -0.990731 15
v 24.9442 -0.745211 15
v 24.9752 -0.497839 15
v 24.9938 -0.249229 15
v 25 -1.22465e-15 15
v 25 -1.22465e-15 10
v 24.9938 0.249229 10
v 24.9752 0.497839 10
v 24.9442 0.745211 10
v 24.9009 0.990731 10
v 24.8454 1.23379 10
v 24.7779 1.47378 10
v 24.6985 1.7101 10
v 24.6074 1.94217 10
v 24.5048 2.16942 10
v 24.3911 2.39127 10
v 24.2665 2.60718 10
v 24.1312 2.8166 10
v 23.9857 3.01902 10
v 23.8302 3.21394 10
v 23.6653 3.40086 10
v 23.4912 3.57933 10
v 23.3084 3.74891 10
v 23.1174 3.90916 10
v 22.9187 4.05969 10
v 22.7127 4.20013 10
v 22.5 4.33013 10
v 22.2811 4.44936 10
v 22.0564 4.55753 10
v 21.8267 4.65437 10
v 21.5924 4.73964 10
v 21.3542 4.81312 10
v 21.1126 4.87464 10
v 20.8682 4.92404 10
v 20.6217 4.9612 10
v 20.3737 4.98602 10
v 20.1247 4.99845 10
v 19.8753 4.99845 10
v 19.6263 4.98602 10
v 19.3783 4.9612 10
v 19.1318 4.92404 10
v 18.8874 4.87464 10
v 18.6458 4.81312 10
v 18.4076 4.73964 10
v 18.1733 4.65437 10
v 17.9436 4.55753 10
v 17.7189 4.44936 10
v 17.5 4.33013 10
v 17.2873 4.20013 10
v 17.0813 4.05969 10
v 16.8826 3.90916 10
v 16.6916 3.74891 10
v 16.5088 3.57933 10
v 16.3347 3.40086 10
v 16.1698 3.21394 10
v 16.0143 3.01902 10
v 15.8688 2.8166 10
v 15.7335 2.60718 10
v 15.6089 2.39127 10
v 15.4952 2.16942 10
v 15.3926 1.94217 10
v 15.3015 1.7101 10
v 15.2221 1.47378 10
v 15.1546 1.23379 10
v 15.0991 0.990731 10
v 15.0558 0.745211 10
v 15.0248 0.497839 10
v 15.0062 0.249229 10
v 15 -1.71512e-14 10
v 15.0062 -0.249229 10
v 15.0248 -0.497839 10
v 15.0558 -0.745211 10
v 15.0991 -0.990731 10
v 15.1546 -1.23379 10
v 15.2221 -1.47378 10
v 15.3015 -1.7101 10
v 15.3926 -1.94217 10
v 15.4952 -2.16942 10
v 15.6089 -2.39127 10
v 15.7335 -2.60718 10
v 15.8688 -2.8166 10
v 16.0143 -3.01902 10
v 16.1698 -3.21394 10
v 16.3347 -3.40086 10
v 16.5088 -3.57933 10
v 16.6916 -3.74891 10
v 16.8826 -3.90916 10
v 17.0813 -4.05969 10
v 17.2873 -4.20013 10
v 17.5 -4.33013 10
v 17.7189 -4.44936 10
v 17.9436 -4.55753 10
v 18.1733 -4.65437 10
v 18.4076 -4.73964 10
v 18.6458 -4.81312 10
v 18.8874 -4.87464 10
v 19.1318 -4.92404 10
v 19.3783 -4.9612 10
v 19.6263 -4.98602 10
v 19.8753 -4.99845 10
v 20.1247 -4.99845 10
v 20.3737 -4.98602 10
v 20.6217 -4.9612 10
v 20.8682 -4.92404 10
v 21.1126 -4.87464 10
v 21.3542 -4.81312 10
v 21.5924 -4.73964 10
v 21.8267 -4.65437 10
v 22.0564 -4.55753 10
v 22.2811 -4.44936 10
v 22.5 -4.33013 10
v 22.7127 -4.20013 10
v 22.9187 -4.05969 10
v 23.1174 -3.90916 10
v 23.3084 -3.74891 10
v 23.4912 -3.57933 10
v 23.6653 -3.40086 10
v 23.8302 -3.21394 10
v 23.9857 -3.01902 10
v 24.1312 -2.8166 10
v 24.2665 -2.60718 10
v 24.3911 -2.39127 10
v 24.5048 -2.16942 10
v 24.6074 -1.94217 10
v 24.6985 -1.7101 10
v 24.7779 -1.47378 10
v 24.8454 -1.23379 10
v 24.9009 -0.990731 10
v 24.9442 -0.745211 10
v 24.9752 -0.497839 10
v 24.9938 -0.249229 10
v 25 -1.22465e-15 10
v -15 -1.22465e-15 10
v -15.0062 0.249229 10
v -15.0248 0.497839 10
v -15.0558 0.745211 10
v -15.0991 0.990731 10
v -15.1546 1.23379 10
v -15.2221 1.47378 10
v -15.3015 1.7101 10
v -15.3926 1.94217 10
v -15.4952 2.16942 10
v -15.6089 2.39127 10
v -15.7335 2.60718 10
v -15.8688 2.8166 10
v -16.0143 3.01902 10
v -16.1698 3.21394 10
v -16.3347 3.40086 10
v -16.5088 3.57933 10
v -16.6916 3.74891 10
v -16.8826 3.90916 10
v -17.0813 4.05969 10
v -17.2873 4.20013 10
v -17.5 4.33013 10
v -17.7189 4.44936 10
v -17.9436 4.55753 10
v -18.1733 4.65437 10
v -18.4076 4.73964 10
v -18.6458 4.81312 10
v -18.8874 4.87464 10
v -19.1318 4.92404 10
v -19.3783 4.9612 10
v -19.6263 4.98602 10
v -19.8753 4.99845 10
v -20.1247 4.99845 10
v -20.3737 4.98602 10
v -20.6217 4.9612 10
v -20.8682 4.92404 10
v -21.1126 4.87464 10
v -21.3542 4.81312 10
v -21.5924 4.73964 10
v -21.8267 4.65437 10
v -22.0564 4.55753 10
v -22.2811 4.44936 10
v -22.5 4.33013 10
v -22.7127 4.20013 10
v -22.9187 4.05969 10
v -23.1174 3.90916 10
v -23.3084 3.74891 10
v -23.4912 3.57933 10
v -23.6653 3.40086 10
v -23.8302 3.21394 10
v -23.9857 3.01902 10
v -24.1312 2.8166 10
v -24.2665 2.60718 10
v -24.3911 2.39127 10
v -24.5048 2.16942 10
v -24.6074 1.94217 10
v -24.6985 1.7101 10
v -24.7779 1.47378 10
v -24.8454 1.23379 10
v -24.9009 0.990731 10
v -24.9442 0.745211 10
v -24.9752 0.497839 10
v -24.9938 0.249229 10
v -25 -1.71512e-14 10
v -24.9938 -0.249229 10
v -24.9752 -0.497839 10
v -24.9442 -0.745211 10
v -24.9009 -0.990731 10
v -24.8454 -1.23379 10
v -24.7779 -1.47378 10
v -24.6985 -1.7101 10
v -24.6074 -1.94217 10
v -24.5048 -2.16942 10
v -24.3911 -2.39127 10
v -24.2665 -2.60718 10
v -24.1312 -2.8166 10
v -23.9857 -3.01902 10
v -23.8302 -3.21394 10
v -23.6653 -3.40086 10
v -23.4912 -3.57933 10
v -23.3084 -3.74891 10
v -23.1174 -3.90916 10
v -22.9187 -4.05969 10
v -22.7127 -4.20013 10
v -22.5 -4.33013 10
v -22.2811 -4.44936 10
v -22.0564 -4.55753 10
v -21.8267 -4.65437 10
v -21.5924 -4.73964 10
v -21.3542 -4.81312 10
v -21.1126 -4.87464 10
v -20.8682 -4.92404 10
v -20.6217 -4.9612 10
v -20.3737 -4.98602 10
v -20.1247 -4.99845 10
v -19.8753 -4.99845 10
v -19.6263 -4.98602 10
v -19.3783 -4.9612 10
v -19.1318 -4.92404 10
v -18.8874 -4.87464 10
v -18.6458 -4.81312 10
v -18.4076 -4.73964 10
v -18.1733 -4.65437 10
v -17.9436 -4.55753 10
v -17.7189 -4.44936 10
v -17.5 -4.33013 10
v -17.2873 -4.20013 10
v -17.0813 -4.05969 10
v -16.8826 -3.90916 10
v -16.6916 -3.74891 10
v -16.5088 -3.57933 10
v -16.3347 -3.40086 10
v -16.1698 -3.21394 10
v -16.0143 -3.01902 10
v -15.8688 -2.8166 10
v -15.7335 -2.60718 10
v -15.6089 -2.39127 10
v -15.4952 -2.16942 10
v -15.3926 -1.94217 10
v -15.3015 -1.7101 10
v -15.2221 -1.47378 10
v -15.1546 -1.23379 10
v -15.0991 -0.990731 10
v -15.0558 -0.745211 10
v -15.0248 -0.497839 10
v -15.0062 -0.249229 10
v -17 -7.34788e-16 10
v -17.0037 0.149538 10
v -17.0149 0.298704 10
v -17.0335 0.447127 10
v -17.0595 0.594438 10
v -17.0928 0.740272 10
v -17.1333 0.884266 10
v -17.1809 1.02606 10
v -17.2356 1.1653 10
v -17.2971 1.30165 10
v -17.3653 1.43476 10
v -17.4401 1.56431 10
v -17.5213 1.68996 10
v -17.6086 1.81141 10
v -17.7019 1.92836 10
v -17.8008 2.04052 10
v -17.9053 2.1476 10
v -18.0149 2.24934 10
v -18.1295 2.34549 10
v -18.2488 2.43581 10
v -18.3724 2.52008 10
v -18.5 2.59808 10
v -18.6314 2.66962 10
v -18.7661 2.73452 10
v -18.904 2.79262 10
v -19.0445 2.84378 10
v -19.1875 2.88787 10
v -19.3324 2.92478 10
v -19.4791 2.95442 10
v -19.627 2.97672 10
v -19.7758 2.99161 10
v -19.9252 2.99907 10
v -20.0748 2.99907 10
v -20.2242 2.99161 10
v -20.373 2.97672 10
v -20.5209 2.95442 10
v -20.6676 2.92478 10
v -20.8125 2.88787 10
v -20.9555 2.84378 10
v -21.096 2.79262 10
v -21.2339 2.73452 10
v -21.3686 2.66962 10
v -21.5 2.59808 10
v -21.6276 2.52008 10
v -21.7512 2.43581 10
v -21.8705 2.34549 10
v -21.9851 2.24934 10
v -22.0947 2.1476 10
v -22.1992 2.04052 10
v -22.2981 1.92836 10
v -22.3914 1.81141 10
v -22.4787 1.68996 10
v -22.5599 1.56431 10
v -22.6347 1.43476 10
v -22.7029 1.30165 10
v -22.7644 1.1653 10
v -22.8191 1.02606 10
v -22.8667 0.884266 10
v -22.9072 0.740272 10
v -22.9405 0.594438 10
v -22.9665 0.447127 10
v -22.9851 0.298704 10
v -22.9963 0.149538 10
v -23 -1.02907e-14 10
v -22.9963 -0.149538 10
v -22.9851 -0.298704 10
v -22.9665 -0.447127 10
v -22.9405 -0.594438 10
v -22.9072 -0.740272 10
v -22.8667 -0.884266 10
v -22.8191 -1.02606 10
v -22.7644 -1.1653 10
v -22.7029 -1.30165 10
v -22.6347 -1.43476 10
v -22.5599 -1.56431 10
v -22.4787 -1.68996 10
v -22.3914 -1.81141 10
v -22.2981 -1.92836 10
v -22.1992 -2.04052 10
v -22.0947 -2.1476 10
v -21.9851 -2.24934 10
v -21.8705 -2.34549 10
v -21.7512 -2.43581 10
v -21.6276 -2.52008 10
v -21.5 -2.59808 10
v -21.3686 -2.66962 10
v -21.2339 -2.73452 10
v -21.096 -2.79262 10
v -20.9555 -2.84378 10
v -20.8125 -2.88787 10
v -20.6676 -2.92478 10
v -20.5209 -2.95442 10
v -20.373 -2.97672 10
v -20.2242 -2.99161 10
v -20.0748 -2.99907 10
v -19.9252 -2.99907 10
v -19.7758 -2.99161 10
v -19.627 -2.97672 10
v -19.4791 -2.95442 10
v -19.3324 -2.92478 10
v -19.1875 -2.88787 10
v -19.0445 -2.84378 10
v -18.904 -2.79262 10
v -18.7661 -2.73452 10
v -18.6314 -2.66962 10
v -18.5 -2.59808 10
v -18.3724 -2.52008 10
v -18.2488 -2.43581 10
v -18.1295 -2.34549 10
v -18.0149 -2.24934 10
v -17.9053 -2.1476 10
v -17.8008 -2.04052 10
v -17.7019 -1.92836 10
v -17.6086 -1.81141 10
v -17.5213 -1.68996 10
v -17.4401 -1.56431 10
v -17.3653 -1.43476 10
v -17.2971 -1.30165 10
v -17.2356 -1.1653 10
v -17.1809 -1.02606 10
v -17.1333 -0.884266 10
v -17.0928 -0.740272 10
v -17.0595 -0.594438 10
v -17.0335 -0.447127 10
v -17.0149 -0.298704 10
v -17.0037 -0.149538 10
v 5 -1.22465e-15 10
v 4.99378 0.249229 10
v 4.97515 0.497839 10
v 4.94415 0.745211 10
v 4.90086 0.990731 10
v 4.84539 1.23379 10
v 4.77786 1.47378 10
v 4.69846 1.7101 10
v 4.60738 1.94217 10
v 4.50484 2.16942 10
v 4.39111 2.39127 10
v 4.26645 2.60718 10
v 4.13119 2.8166 10
v 3.98566 3.01902 10
v 3.83022 3.21394 10
v 3.66526 3.40086 10
v 3.49118 3.57933 10
v 3.30843 3.74891 10
v 3.11745 3.90916 10
v 2.91872 4.05969 10
v 2.71273 4.20013 10
v 2.5 4.33013 10
v 2.28105 4.44936 10
v 2.05644 4.55753 10
v 1.82671 4.65437 10
v 1.59243 4.73964 10
v 1.3542 4.81312 10
v 1.1126 4.87464 10
v 0.868241 4.92404 10
v 0.621719 4.9612 10
v 0.37365 4.98602 10
v 0.124653 4.99845 10
v -0.124653 4.99845 10
v -0.37365 4.98602 10
v -0.621719 4.9612 10
v -0.868241 4.92404 10
v -1.1126 4.87464 10
v -1.3542 4.81312 10
v -1.59243 4.73964 10
v -1.82671 4.65437 10
v -2.05644 4.55753 10
v -2.28105 4.44936 10
v -2.5 4.33013 10
v -2.71273 4.20013 10
v -2.91872 4.05969 10
v -3.11745 3.90916 10
v -3.30843 3.74891 10
v -3.49118 3.57933 10
v -3.66526 3.40086 10
v -3.83022 3.21394 10
v -3.98566 3.01902 10
v -4.13119 2.8166 10
v -4.26645 2.60718 10
v -4.39111 2.39127 10
v -4.50484 2.16942 10
v -4.60738 1.94217 10
v -4.69846 1.7101 10
v -4.77786 1.47378 10
v -4.84539 1.23379 10
v -4.90086 0.990731 10
v -4.94415 0.745211 10
v -4.97515 0.497839 10
v -4.99378 0.249229 10
v -5 -1.71512e-14 10
v -4.99378 -0.249229 10
v -4.97515 -0.497839 10
v -4.94415 -0.745211 10
v -4.90086 -0.990731 10
v -4.84539 -1.23379 10
v -4.77786 -1.47378 10
v -4.69846 -1.7101 10
v -4.60738 -1.94217 10
v -4.50484 -2.16942 10
v -4.39111 -2.39127 10
v -4.26645 -2.60718 10
v -4.13119 -2.8166 10
v -3.98566 -3.01902 10
v -3.83022 -3.21394 10
v -3.66526 -3.40086 10
v -3.49118 -3.57933 10
v -3.30843 -3.74891 10
v -3.11745 -3.90916 10
v -2.91872 -4.05969 10
v -2.71273 -4.20013 10
v -2.5 -4.33013 10
v -2.28105 -4.44936 10
v -2.05644 -4.55753 10
v -1.82671 -4.65437 10
v -1.59243 -4.73964 10
v -1.3542 -4.81312 10
v -1.1126 -4.87464 10
v -0.868241 -4.92404 10
v -0.621719 -4.9612 10
v -0.37365 -4.98602 10
v -0.124653 -4.99845 10
v 0.124653 -4.99845 10
v 0.37365 -4.98602 10
v 0.621719 -4.9612 10
v 0.868241 -4.92404 10
v 1.1126 -4.87464 10
v 1.3542 -4.81312 10
v 1.59243 -4.73964 10
v 1.82671 -4.65437 10
v 2.05644 -4.55753 10
v 2.28105 -4.44936 10
v 2.5 -4.33013 10
v 2.71273 -4.20013 10
v 2.91872 -4.05969 10
v 3.11745 -3.90916 10
v 3.30843 -3.74891 10
v 3.49118 -3.57933 10
v 3.66526 -3.40086 10
v 3.83022 -3.21394 10
v 3.98566 -3.01902 10
v 4.13119 -2.8166 10
v 4.26645 -2.60718 10
v 4.39111 -2.39127 10
v 4.50484 -2.16942 10
v 4.60738 -1.94217 10
v 4.69846 -1.7101 10
v 4.77786 -1.47378 10
v 4.84539 -1.23379 10
v 4.90086 -0.990731 10
v 4.94415 -0.745211 10
v 4.97515 -0.497839 10
v 4.99378 -0.249229 10
v 3 -7.34788e-16 10
v 2.99627 0.149538 10
v 2.98509 0.298704 10
v 2.96649 0.447127 10
v 2.94052 0.594438 10
v 2.90723 0.740272 10
v 2.86672 0.884266 10
v 2.81908 1.02606 10
v 2.76443 1.1653 10
v 2.70291 1.30165 10
v 2.63466 1.43476 10
v 2.55987 1.56431 10
v 2.47872 1.68996 10
v 2.3914 1.81141 10
v 2.29813 1.92836 10
v 2.19916 2.04052 10
v 2.09471 2.1476 10
v 1.98506 2.24934 10
v 1.87047 2.34549 10
v 1.75123 2.43581 10
v 1.62764 2.52008 10
v 1.5 2.59808 10
v 1.36863 2.66962 10
v 1.23386 2.73452 10
v 1.09602 2.79262 10
v 0.95546 2.84378 10
v 0.812521 2.88787 10
v 0.667563 2.92478 10
v 0.520945 2.95442 10
v 0.373031 2.97672 10
v 0.22419 2.99161 10
v 0.0747921 2.99907 10
v -0.0747921 2.99907 10
v -0.22419 2.99161 10
v -0.373031 2.97672 10
v -0.520945 2.95442 10
v -0.667563 2.92478 10
v -0.812521 2.88787 10
v -0.95546 2.84378 10
v -1.09602 2.79262 10
v -1.23386 2.73452 10
v -1.36863 2.66962 10
v -1.5 2.59808 10
v -1.62764 2.52008 10
v -1.75123 2.43581 10
v -1.87047 2.34549 10
v -1.98506 2.24934 10
v -2.09471 2.1476 10
v -2.19916 2.04052 10
v -2.29813 1.92836 10
v -2.3914 1.81141 10
v -2.47872 1.68996 10
v -2.55987 1.56431 10
v -2.63466 1.43476 10
v -2.70291 1.30165 10
v -2.76443 1.1653 10
v -2.81908 1.02606 10
v -2.86672 0.884266 10
v -2.90723 0.740272 10
v -2.94052 0.594438 10
v -2.96649 0.447127 10
v -2.98509 0.298704 10
v -2.99627 0.149538 10
v -3 -1.02907e-14 10
v -2.99627 -0.149538 10
v -2.98509 -0.298704 10
v -2.96649 -0.447127 10
v -2.94052 -0.594438 10
v -2.90723 -0.740272 10
v -2.86672 -0.884266 10
v -2.81908 -1.02606 10
v -2.76443 -1.1653 10
v -2.70291 -1.30165 10
v -2.63466 -1.43476 10
v -2.55987 -1.56431 10
v -2.47872 -1.68996 10
v -2.3914 -1.81141 10
v -2.29813 -1.92836 10
v -2.19916 -2.04052 10
v -2.09471 -2.1476 10
v -1.98506 -2.24934 10
v -1.87047 -2.34549 10
v -1.75123 -2.43581 10
v -1.62764 -2.52008 10
v -1.5 -2.59808 10
v -1.36863 -2.66962 10
v -1.23386 -2.73452 10
v -1.09602 -2.79262 10
v -0.95546 -2.84378 10
v -0.812521 -2.88787 10
v -0.667563 -2.92478 10
v -0.520945 -2.95442 10
v -0.373031 -2.97672 10
v -0.22419 -2.99161 10
v -0.0747921 -2.99907 10
v 0.0747921 -2.99907 10
v 0.22419 -2.99161 10
v 0.373031 -2.97672 10
v 0.520945 -2.95442 10
v 0.667563 -2.92478 10
v 0.812521 -2.88787 10
v 0.95546 -2.84378 10
v 1.09602 -2.79262 10
v 1.23386 -2.73452 10
v 1.36863 -2.66962 10
v 1.5 -2.59808 10
v 1.62764 -2.52008 10
v 1.75123 -2.43581 10
v 1.87047 -2.34549 10
v 1.98506 -2.24934 10
v 2.09471 -2.1476 10
v 2.19916 -2.04052 10
v 2.29813 -1.92836 10
v 2.3914 -1.81141 10
v 2.47872 -1.68996 10
v 2.55987 -1.56431 10
v 2.63466 -1.43476 10
v 2.70291 -1.30165 10
v 2.76443 -1.1653 10
v 2.81908 -1.02606 10
v 2.86672 -0.884266 10
v 2.90723 -0.740272 10
v 2.94052 -0.594438 10
v 2.96649 -0.447127 10
v 2.98509 -0.298704 10
v 2.99627 -0.149538 10
v 25 -1.22465e-15 10
v 24.9938 0.249229 10
v 24.9752 0.497839 10
v 24.9442 0.745211 10
v 24.9009 0.990731 10
v 24.8454 1.23379 10
v 24.7779 1.47378 10
v 24.6985 1.7101 10
v 24.6074 1.94217 10
v 24.5048 2.16942 10
v 24.3911 2.39127 10
v 24.2665 2.60718 10
v 24.1312 2.8166 10
v 23.9857 3.01902 10
v 23.8302 3.21394 10
v 23.6653 3.40086 10
v 23.4912 3.57933 10
v 23.3084 3.74891 10
v 23.1174 3.90916 10
v 22.9187 4.05969 10
v 22.7127 4.20013 10
v 22.5 4.33013 10
v 22.2811 4.44936 10
v 22.0564 4.55753 10
v 21.8267 4.65437 10
v 21.5924 4.73964 10
v 21.3542 4.81312 10
v 21.1126 4.87464 10
v 20.8682 4.92404 10
v 20.6217 4.9612 10
v 20.3737 4.98602 10
v 20.1247 4.99845 10
v 19.8753 4.99845 10
v 19.6263 4.98602 10
v 19.3783 4.9612 10
v 19.1318 4.92404 10
v 18.8874 4.87464 10
v 18.6458 4.81312 10
v 18.4076 4.73964 10
v 18.1733 4.65437 10
v 17.9436 4.55753 10
v 17.7189 4.44936 10
v 17.5 4.33013 10
v 17.2873 4.20013 10
v 17.0813 4.05969 10
v 16.8826 3.90916 10
v 16.6916 3.74891 10
v 16.5088 3.57933 10
v 16.3347 3.40086 10
v 16.1698 3.21394 10
v 16.0143 3.01902 10
v 15.8688 2.8166 10
v 15.7335 2.60718 10
v 15.6089 2.39127 10
v 15.4952 2.16942 10
v 15.3926 1.94217 10
v 15.3015 1.7101 10
v 15.2221 1.47378 10
v 15.1546 1.23379 10
v 15.0991 0.990731 10
v 15.0558 0.745211 10
v 15.0248 0.497839 10
v 15.0062 0.249229 10
v 15 -1.71512e-14 10
v 15.0062 -0.249229 10
v 15.0248 -0.497839 10
v 15.0558 -0.745211 10
v 15.0991 -0.990731 10
v 15.1546 -1.23379 10
v 15.2221 -1.47378 10
v 15.3015 -1.7101 10
v 15.3926 -1.94217 10
v 15.4952 -2.16942 10
v 15.6089 -2.39127 10
v 15.7335 -2.60718 10
v 15.8688 -2.8166 10
v 16.0143 -3.01902 10
v 16.1698 -3.21394 10
v 16.3347 -3.40086 10
v 16.5088 -3.57933 10
v 16.6916 -3.74891 10
v 16.8826 -3.90916 10
v 17.0813 -4.05969 10
v 17.2873 -4.20013 10
v 17.5 -4.33013 10
v 17.7189 -4.44936 10
v 17.9436 -4.55753 10
v 18.1733 -4.65437 10
v 18.4076 -4.73964 10
v 18.6458 -4.81312 10
v 18.8874 -4.87464 10
v 19.1318 -4.92404 10
v 19.3783 -4.9612 10
v 19.6263 -4.98602 10
v 19.8753 -4.99845 10
v 20.1247 -4.99845 10
v 20.3737 -4.98602 10
v 20.6217 -4.9612 10
v 20.8682 -4.92404 10
v 21.1126 -4.87464 10
v 21.3542 -4.81312 10
v 21.5924 -4.73964 10
v 21.8267 -4.65437 10
v 22.0564 -4.55753 10
v 22.2811 -4.44936 10
v 22.5 -4.33013 10
v 22.7127 -4.20013 10
v 22.9187 -4.05969 10
v 23.1174 -3.90916 10
v 23.3084 -3.74891 10
v 23.4912 -3.57933 10
v 23.6653 -3.40086 10
v 23.8302 -3.21394 10
v 23.9857 -3.01902 10
v 24.1312 -2.8166 10
v 24.2665 -2.60718 10
v 24.3911 -2.39127 10
v 24.5048 -2.16942 10
v 24.6074 -1.94217 10
v 24.6985 -1.7101 10
v 24.7779 -1.47378 10
v 24.8454 -1.23379 10
v 24.9009 -0.990731 10
v 24.9442 -0.745211 10
v 24.9752 -0.497839 10
v 24.9938 -0.249229 10
v 23 -7.34788e-16 10
v 22.9963 0.149538 10
v 22.9851 0.298704 10
v 22.9665 0.447127 10
v 22.9405 0.594438 10
v 22.9072 0.740272 10
v 22.8667 0.884266 10
v 22.8191 1.02606 10
v 22.7644 1.1653 10
v 22.7029 1.30165 10
v 22.6347 1.43476 10
v 22.5599 1.56431 10
v 22.4787 1.68996 10
v 22.3914 1.81141 10
v 22.2981 1.92836 10
v 22.1992 2.04052 10
v 22.0947 2.1476 10
v 21.9851 2.24934 10
v 21.8705 2.34549 10
v 21.7512 2.43581 10
v 21.6276 2.52008 10
v 21.5 2.59808 10
v 21.3686 2.66962 10
v 21.2339 2.73452 10
v 21.096 2.79262 10
v 20.9555 2.84378 10
v 20.8125 2.88787 10
v 20.6676 2.92478 10
v 20.5209 2.95442 10
v 20.373 2.97672 10
v 20.2242 2.99161 10
v 20.0748 2.99907 10
v 19.9252 2.99907 10
v 19.7758 2.99161 10
v 19.627 2.97672 10
v 19.4791 2.95442 10
v 19.3324 2.92478 10
v 19.1875 2.88787 10
v 19.0445 2.84378 10
v 18.904 2.79262 10
v 18.7661 2.73452 10
v 18.6314 2.66962 10
v 18.5 2.59808 10
v 18.3724 2.52008 10
v 18.2488 2.43581 10
v 18.1295 2.34549 10
v 18.0149 2.24934 10
v 17.9053 2.1476 10
v 17.8008 2.04052 10
v 17.7019 1.92836 10
v 17.6086 1.81141 10
v 17.5213 1.68996 10
v 17.4401 1.56431 10
v 17.3653 1.43476 10
v 17.2971 1.30165 10
v 17.2356 1.1653 10
v 17.1809 1.02606 10
v 17.1333 0.884266 10
v 17.0928 0.740272 10
v 17.0595 0.594438 10
v 17.0335 0.447127 10
v 17.0149 0.298704 10
v 17.0037 0.149538 10
v 17 -1.02907e-14 10
v 17.0037 -0.149538 10
v 17.0149 -0.298704 10
v 17.0335 -0.447127 10
v 17.0595 -0.594438 10
v 17.0928 -0.740272 10
v 17.1333 -0.884266 10
v 17.1809 -1.02606 10
v 17.2356 -1.1653 10
v 17.2971 -1.30165 10
v 17.3653 -1.43476 10
v 17.4401 -1.56431 10
v 17.5213 -1.68996 10
v 17.6086 -1.81141 10
v 17.7019 -1.92836 10
v 17.8008 -2.04052 10
v 17.9053 -2.1476 10
v 18.0149 -2.24934 10
v 18.1295 -2.34549 10
v 18.2488 -2.43581 10
v 18.3724 -2.52008 10
v 18.5 -2.59808 10
v 18.6314 -2.66962 10
v 18.7661 -2.73452 10
v 18.904 -2.79262 10
v 19.0445 -2.84378 10
v 19.1875 -2.88787 10
v 19.3324 -2.92478 10
v 19.4791 -2.95442 10
v 19.627 -2.97672 10
v 19.7758 -2.99161 10
v 19.9252 -2.99907 10
v 20.0748 -2.99907 10
v 20.2242 -2.99161 10
v 20.373 -2.97672 10
v 20.5209 -2.95442 10
v 20.6676 -2.92478 10
v 20.8125 -2.88787 10
v 20.9555 -2.84378 10
v 21.096 -2.79262 10
v 21.2339 -2.73452 10
v 21.3686 -2.66962 10
v 21.5 -2.59808 10
v 21.6276 -2.52008 10
v 21.7512 -2.43581 10
v 21.8705 -2.34549 10
v 21.9851 -2.24934 10
v 22.0947 -2.1476 10
v 22.1992 -2.04052 10
v 22.2981 -1.92836 10
v 22.3914 -1.81141 10
v 22.4787 -1.68996 10
v 22.5599 -1.56431 10
v 22.6347 -1.43476 10
v 22.7029 -1.30165 10
v 22.7644 -1.1653 10
v 22.8191 -1.02606 10
v 22.8667 -0.884266 10
v 22.9072 -0.740272 10
v 22.9405 -0.594438 10
v 22.9665 -0.447127 10
v 22.9851 -0.298704 10
v 22.9963 -0.149538 10
f 6 5 4
f 1 7 6
f 1 8 7
f 3 6 4
f 3 1 6
f 2 8 1
f 9 12 11
f 10 12 9
f 15 14 13
f 16 14 15
f 18 19 17
f 20 19 18
f 23 21 22
f 24 23 22
f 26 25 27
f 26 27 28
f 111 112 29
f 113 29 112
f 110 111 29
f 114 29 113
f 109 110 29
f 115 29 114
f 108 109 29
f 116 29 115
f 107 108 29
f 117 29 116
f 106 107 29
f 118 29 117
f 105 106 29
f 119 29 118
f 104 105 29
f 120 29 119
f 103 104 29
f 121 29 120
f 102 103 29
f 122 29 121
f 101 102 29
f 123 29 122
f 100 101 29
f 124 29 123
f 99 100 29
f 125 29 124
f 98 99 29
f 126 29 125
f 97 98 29
f 127 29 126
f 128 29 127
f 129 29 128
f 130 29 129
f 131 29 130
f 132 29 131
f 133 29 132
f 134 29 133
f 238 142 143
f 237 143 144
f 237 238 143
f 239 141 142
f 239 142 238
f 236 144 145
f 236 237 144
f 240 140 141
f 240 141 239
f 235 145 146
f 235 236 145
f 241 139 140
f 241 140 240
f 234 235 146
f 234 146 147
f 242 138 139
f 242 139 241
f 233 147 148
f 233 234 147
f 243 137 138
f 243 138 242
f 232 148 149
f 232 233 148
f 244 136 137
f 244 137 243
f 231 149 150
f 231 232 149
f 245 135 136
f 245 136 244
f 230 150 151
f 230 231 150
f 246 134 135
f 246 29 134
f 246 135 245
f 229 151 152
f 229 230 151
f 247 29 246
f 228 152 153
f 228 229 152
f 248 29 247
f 227 228 153
f 227 153 154
f 249 29 248
f 226 154 155
f 226 227 154
f 250 29 249
f 225 226 155
f 225 155 156
f 251 29 250
f 224 225 156
f 224 156 157
f 252 29 251
f 223 224 157
f 223 157 158
f 253 29 252
f 222 33 34
f 222 158 33
f 222 223 158
f 254 29 253
f 221 34 35
f 221 222 34
f 255 29 254
f 220 35 36
f 220 221 35
f 256 29 255
f 219 36 37
f 219 220 36
f 257 29 256
f 218 37 38
f 218 219 37
f 258 29 257
f 217 38 39
f 217 218 38
f 259 29 258
f 216 39 40
f 216 217 39
f 260 29 259
f 215 40 41
f 215 216 40
f 261 29 260
f 214 41 42
f 214 215 41
f 213 42 43
f 213 214 42
f 212 43 44
f 212 213 43
f 211 44 45
f 211 212 44
f 210 45 46
f 210 211 45
f 209 46 47
f 209 210 46
f 208 47 48
f 208 209 47
f 207 48 49
f 207 208 48
f 206 207 49
f 206 49 50
f 205 50 51
f 205 206 50
f 204 205 51
f 204 51 52
f 203 204 52
f 203 52 53
f 202 53 54
f 202 203 53
f 201 54 55
f 201 202 54
f 200 201 55
f 200 55 56
f 199 200 56
f 199 56 57
f 198 57 58
f 198 199 57
f 30 58 59
f 30 59 60
f 30 60 61
f 30 61 62
f 30 198 58
f 30 62 63
f 30 63 64
f 30 64 65
f 30 65 66
f 30 66 67
f 30 67 68
f 30 68 69
f 30 69 70
f 30 70 71
f 30 71 72
f 30 72 73
f 30 73 74
f 30 74 75
f 30 75 76
f 30 76 77
f 30 77 78
f 30 78 79
f 30 79 80
f 30 80 81
f 30 81 82
f 30 183 184
f 30 82 83
f 30 83 84
f 30 184 185
f 30 84 85
f 30 185 186
f 30 85 86
f 30 186 187
f 30 86 87
f 30 187 188
f 30 87 88
f 30 188 189
f 30 88 89
f 30 189 190
f 30 89 90
f 30 190 191
f 30 90 91
f 30 191 192
f 30 91 92
f 30 192 193
f 30 92 93
f 30 193 194
f 30 93 94
f 30 194 195
f 30 94 95
f 30 195 196
f 30 196 197
f 30 197 198
f 364 268 269
f 363 269 270
f 363 364 269
f 365 268 364
f 362 270 271
f 362 363 270
f 366 266 267
f 366 267 268
f 366 268 365
f 361 271 272
f 361 362 271
f 367 266 366
f 360 361 272
f 360 272 273
f 368 264 265
f 368 265 266
f 368 266 367
f 359 273 274
f 359 360 273
f 369 264 368
f 358 274 275
f 358 275 276
f 358 359 274
f 370 264 369
f 370 262 263
f 370 263 264
f 357 358 276
f 371 262 370
f 371 261 262
f 356 276 277
f 356 357 276
f 372 261 371
f 372 29 261
f 355 356 277
f 355 277 278
f 373 29 372
f 354 278 279
f 354 355 278
f 374 29 373
f 353 279 280
f 353 354 279
f 375 29 374
f 352 280 281
f 352 281 282
f 352 353 280
f 376 29 375
f 351 352 282
f 377 29 376
f 350 351 282
f 350 282 283
f 378 29 377
f 349 283 284
f 349 350 283
f 379 29 378
f 348 284 159
f 348 349 284
f 347 159 160
f 347 160 161
f 347 348 159
f 346 161 162
f 346 347 161
f 345 162 163
f 345 346 162
f 344 345 163
f 343 163 164
f 343 344 163
f 342 343 164
f 342 164 165
f 341 165 166
f 341 342 165
f 341 166 167
f 340 341 167
f 339 167 168
f 339 340 167
f 338 339 168
f 338 168 169
f 337 338 169
f 337 169 170
f 337 170 171
f 336 171 172
f 336 337 171
f 335 336 172
f 335 172 173
f 334 335 173
f 333 173 174
f 333 334 173
f 332 333 174
f 332 174 175
f 331 175 176
f 331 332 175
f 330 331 176
f 330 176 177
f 330 177 178
f 329 178 179
f 329 330 178
f 328 329 179
f 327 179 180
f 327 328 179
f 326 180 181
f 326 327 180
f 325 181 182
f 325 326 181
f 324 182 183
f 324 325 182
f 324 183 30
f 323 324 30
f 322 323 30
f 321 322 30
f 320 321 30
f 319 320 30
f 318 319 30
f 317 318 30
f 31 379 380
f 31 380 381
f 31 381 382
f 31 382 383
f 31 383 384
f 31 384 385
f 31 385 386
f 31 386 387
f 31 29 379
f 489 490 395
f 489 395 396
f 491 395 490
f 491 393 394
f 491 394 395
f 488 489 396
f 488 396 397
f 492 393 491
f 487 488 397
f 487 397 398
f 493 392 393
f 493 393 492
f 486 487 398
f 486 398 399
f 494 392 493
f 494 390 391
f 494 391 392
f 485 486 399
f 485 399 400
f 485 400 401
f 495 390 494
f 495 389 390
f 484 485 401
f 496 389 495
f 483 401 402
f 483 484 401
f 497 387 388
f 497 388 389
f 497 389 496
f 482 483 402
f 482 402 403
f 498 387 497
f 498 31 387
f 481 482 403
f 481 403 404
f 499 31 498
f 480 481 404
f 480 404 405
f 500 31 499
f 479 405 406
f 479 480 405
f 501 31 500
f 478 479 406
f 478 406 407
f 478 407 408
f 502 31 501
f 477 478 408
f 503 31 502
f 476 477 408
f 476 408 409
f 504 31 503
f 475 476 409
f 475 409 410
f 505 31 504
f 474 475 410
f 474 410 285
f 506 31 505
f 473 474 285
f 473 285 286
f 507 31 506
f 472 473 286
f 472 286 287
f 508 31 507
f 471 472 287
f 471 287 288
f 471 288 289
f 509 31 508
f 470 471 289
f 510 31 509
f 469 470 289
f 469 289 290
f 511 31 510
f 468 469 290
f 468 290 291
f 512 31 511
f 467 291 292
f 467 292 293
f 467 468 291
f 513 31 512
f 466 467 293
f 465 293 294
f 465 294 295
f 465 466 293
f 464 465 295
f 463 464 295
f 463 295 296
f 462 296 297
f 462 463 296
f 461 297 298
f 461 462 297
f 460 298 299
f 460 461 298
f 459 299 300
f 459 300 301
f 459 460 299
f 458 459 301
f 457 458 301
f 457 301 302
f 456 457 302
f 456 302 303
f 456 303 304
f 455 456 304
f 454 455 304
f 454 304 305
f 454 305 306
f 453 454 306
f 452 453 306
f 452 306 307
f 452 307 308
f 451 452 308
f 450 451 308
f 450 308 309
f 616 521 522
f 615 616 522
f 615 522 523
f 617 521 616
f 617 520 521
f 614 615 523
f 614 523 524
f 618 520 617
f 618 519 520
f 613 524 525
f 613 614 524
f 619 519 618
f 619 518 519
f 612 613 525
f 612 525 526
f 620 518 619
f 620 517 518
f 611 612 526
f 611 526 527
f 621 517 620
f 621 516 517
f 610 611 527
f 610 527 528
f 622 516 621
f 622 515 516
f 609 610 528
f 609 528 529
f 623 515 622
f 623 514 515
f 608 609 529
f 608 529 530
f 624 514 623
f 624 513 514
f 607 608 530
f 607 530 531
f 625 513 624
f 625 31 513
f 606 607 531
f 606 531 532
f 626 31 625
f 605 606 532
f 605 532 533
f 627 31 626
f 604 533 534
f 604 605 533
f 628 31 627
f 603 534 535
f 603 604 534
f 629 31 628
f 602 535 536
f 602 603 535
f 630 31 629
f 601 536 411
f 601 602 536
f 631 31 630
f 600 601 411
f 632 31 631
f 599 411 412
f 599 600 411
f 633 31 632
f 598 599 412
f 598 412 413
f 634 31 633
f 597 598 413
f 597 413 414
f 635 31 634
f 596 597 414
f 596 414 415
f 636 31 635
f 595 596 415
f 595 415 416
f 637 31 636
f 594 595 416
f 594 416 417
f 638 31 637
f 593 594 417
f 593 417 418
f 639 31 638
f 592 593 418
f 592 418 419
f 640 31 639
f 591 592 419
f 591 419 420
f 641 31 640
f 590 591 420
f 590 420 421
f 642 31 641
f 589 590 421
f 589 421 422
f 643 31 642
f 588 589 422
f 588 422 423
f 644 31 643
f 587 588 423
f 587 423 424
f 645 31 644
f 586 587 424
f 586 424 425
f 646 31 645
f 585 425 426
f 585 586 425
f 647 31 646
f 584 585 426
f 584 426 427
f 648 31 647
f 583 584 427
f 583 427 428
f 649 31 648
f 582 583 428
f 582 428 429
f 650 31 649
f 581 582 429
f 581 429 430
f 651 31 650
f 580 581 430
f 580 430 431
f 652 31 651
f 579 580 431
f 579 431 432
f 653 31 652
f 578 432 433
f 578 579 432
f 654 31 653
f 577 433 434
f 577 578 433
f 655 31 654
f 576 434 435
f 576 577 434
f 656 31 655
f 575 576 435
f 657 31 656
f 658 31 657
f 659 31 658
f 660 31 659
f 661 31 660
f 662 31 661
f 32 435 436
f 32 436 437
f 32 437 438
f 32 538 539
f 32 438 439
f 32 539 540
f 32 439 440
f 32 540 541
f 32 440 441
f 32 541 542
f 32 441 442
f 32 542 543
f 32 442 443
f 32 543 544
f 32 443 444
f 32 544 545
f 32 444 445
f 32 545 546
f 32 445 446
f 32 546 547
f 32 450 309
f 32 446 447
f 32 547 548
f 32 447 448
f 32 548 549
f 32 448 449
f 32 549 550
f 32 449 450
f 32 550 551
f 32 551 552
f 32 552 553
f 32 553 554
f 32 554 555
f 32 555 556
f 32 556 557
f 32 557 558
f 32 558 559
f 32 559 560
f 32 560 561
f 32 561 562
f 32 562 563
f 32 563 564
f 32 564 565
f 32 565 566
f 32 566 567
f 32 567 568
f 32 568 569
f 32 569 570
f 32 570 571
f 32 571 572
f 32 572 573
f 32 573 574
f 32 574 575
f 32 309 310
f 32 310 311
f 32 311 312
f 32 312 313
f 32 313 314
f 32 314 315
f 32 315 316
f 32 575 435
f 30 96 29
f 96 97 29
f 30 95 96
f 31 537 32
f 537 538 32
f 31 662 537
f 32 317 30
f 32 316 317
f 664 663 665
f 666 664 665
f 749 667 750
f 751 750 667
f 748 667 749
f 752 751 667
f 747 667 748
f 753 752 667
f 746 667 747
f 754 753 667
f 745 667 746
f 755 754 667
f 744 667 745
f 756 755 667
f 743 667 744
f 757 756 667
f 742 667 743
f 758 757 667
f 741 667 742
f 759 758 667
f 740 667 741
f 760 759 667
f 739 667 740
f 761 760 667
f 738 667 739
f 762 761 667
f 737 667 738
f 763 762 667
f 736 667 737
f 764 763 667
f 735 667 736
f 765 764 667
f 766 765 667
f 767 766 667
f 768 767 667
f 876 774 773
f 875 775 774
f 875 774 876
f 877 773 772
f 877 876 773
f 874 776 775
f 874 777 776
f 874 775 875
f 878 771 770
f 878 772 771
f 878 877 772
f 873 778 777
f 873 777 874
f 879 770 769
f 879 878 770
f 872 778 873
f 872 779 778
f 872 780 779
f 880 769 768
f 880 879 769
f 880 768 667
f 871 780 872
f 871 781 780
f 881 880 667
f 870 782 781
f 870 781 871
f 882 881 667
f 869 783 782
f 869 784 783
f 869 782 870
f 883 882 667
f 868 785 784
f 868 784 869
f 884 883 667
f 867 786 785
f 867 787 786
f 867 785 868
f 885 884 667
f 866 787 867
f 866 788 787
f 886 885 667
f 865 789 788
f 865 790 789
f 865 788 866
f 887 886 667
f 864 791 790
f 864 790 865
f 888 887 667
f 863 791 864
f 863 792 791
f 863 793 792
f 889 888 667
f 862 794 793
f 862 795 794
f 862 793 863
f 890 889 667
f 861 796 795
f 861 795 862
f 891 890 667
f 860 672 671
f 860 671 796
f 860 796 861
f 892 891 667
f 859 673 672
f 859 672 860
f 893 892 667
f 858 674 673
f 858 675 674
f 858 673 859
f 894 893 667
f 857 675 858
f 857 676 675
f 857 677 676
f 895 894 667
f 856 678 677
f 856 677 857
f 896 895 667
f 855 679 678
f 855 680 679
f 855 678 856
f 897 896 667
f 854 681 680
f 854 680 855
f 898 897 667
f 853 682 681
f 853 683 682
f 853 681 854
f 852 684 683
f 852 683 853
f 851 685 684
f 851 686 685
f 851 684 852
f 850 687 686
f 850 686 851
f 849 688 687
f 849 687 850
f 848 689 688
f 848 690 689
f 848 688 849
f 847 691 690
f 847 690 848
f 846 692 691
f 846 693 692
f 846 691 847
f 845 694 693
f 845 693 846
f 844 694 845
f 844 695 694
f 843 695 844
f 843 696 695
f 842 696 843
f 842 697 696
f 842 698 697
f 841 699 698
f 841 698 842
f 840 699 841
f 840 700 699
f 668 700 840
f 668 701 700
f 668 702 701
f 668 703 702
f 668 704 703
f 668 705 704
f 668 706 705
f 668 707 706
f 668 708 707
f 668 709 708
f 668 710 709
f 668 711 710
f 668 712 711
f 668 713 712
f 668 714 713
f 668 715 714
f 668 716 715
f 668 717 716
f 668 718 717
f 668 719 718
f 668 720 719
f 668 721 720
f 668 722 721
f 668 723 722
f 668 724 723
f 668 725 724
f 668 726 725
f 668 727 726
f 668 728 727
f 668 729 728
f 668 830 829
f 668 730 729
f 668 831 830
f 668 731 730
f 668 832 831
f 668 732 731
f 668 833 832
f 668 733 732
f 668 834 833
f 668 835 834
f 668 836 835
f 668 837 836
f 668 838 837
f 668 839 838
f 668 840 839
f 828 668 829
f 827 668 828
f 826 668 827
f 825 668 826
f 824 668 825
f 823 668 824
f 822 668 823
f 1002 907 906
f 1001 908 907
f 1001 907 1002
f 1003 1002 906
f 1000 909 908
f 1000 908 1001
f 1004 906 905
f 1004 1003 906
f 999 910 909
f 999 909 1000
f 1005 904 903
f 1005 905 904
f 1005 1004 905
f 998 910 999
f 998 911 910
f 1006 903 902
f 1006 1005 903
f 997 912 911
f 997 911 998
f 1007 1006 902
f 1007 902 901
f 996 913 912
f 996 912 997
f 1008 1007 901
f 1008 901 900
f 995 913 996
f 995 914 913
f 1009 1008 900
f 994 914 995
f 994 915 914
f 1010 899 898
f 1010 900 899
f 1010 1009 900
f 993 915 994
f 993 916 915
f 993 917 916
f 1011 898 667
f 1011 1010 898
f 992 917 993
f 1012 1011 667
f 991 917 992
f 991 918 917
f 1013 1012 667
f 990 919 918
f 990 918 991
f 1014 1013 667
f 989 920 919
f 989 919 990
f 1015 1014 667
f 988 921 920
f 988 920 989
f 1016 1015 667
f 987 921 988
f 987 922 921
f 1017 1016 667
f 986 797 922
f 986 922 987
f 985 798 797
f 985 799 798
f 985 797 986
f 984 799 985
f 983 799 984
f 983 800 799
f 982 801 800
f 982 802 801
f 982 800 983
f 981 802 982
f 980 803 802
f 980 802 981
f 979 803 980
f 979 804 803
f 978 804 979
f 978 805 804
f 978 806 805
f 977 806 978
f 976 806 977
f 976 807 806
f 975 808 807
f 975 807 976
f 974 808 975
f 974 809 808
f 973 809 974
f 973 810 809
f 972 810 973
f 972 811 810
f 971 812 811
f 971 811 972
f 970 813 812
f 970 812 971
f 969 814 813
f 969 813 970
f 968 815 814
f 968 814 969
f 967 816 815
f 967 817 816
f 967 815 968
f 966 818 817
f 966 817 967
f 965 819 818
f 965 818 966
f 964 820 819
f 964 819 965
f 963 820 964
f 962 821 820
f 962 820 963
f 961 822 821
f 961 821 962
f 961 668 822
f 960 668 961
f 959 668 960
f 958 668 959
f 957 668 958
f 956 668 957
f 1127 1033 1128
f 1127 1034 1033
f 1129 1128 1033
f 1129 1033 1032
f 1126 1034 1127
f 1126 1035 1034
f 1130 1032 1031
f 1130 1129 1032
f 1125 1036 1035
f 1125 1035 1126
f 1131 1030 1029
f 1131 1031 1030
f 1131 1130 1031
f 1124 1037 1036
f 1124 1036 1125
f 1132 1131 1029
f 1132 1029 1028
f 1123 1037 1124
f 1123 1038 1037
f 1133 1132 1028
f 1133 1028 1027
f 1122 1038 1123
f 1122 1039 1038
f 1134 1133 1027
f 1134 1027 1026
f 1121 1040 1039
f 1121 1039 1122
f 1135 1134 1026
f 1135 1026 1025
f 1120 1040 1121
f 1120 1041 1040
f 1136 1135 1025
f 1136 1025 1024
f 1119 1042 1041
f 1119 1041 1120
f 1137 1136 1024
f 1118 1043 1042
f 1118 1042 1119
f 1117 1043 1118
f 1117 1044 1043
f 1116 1045 1044
f 1116 1044 1117
f 1115 1045 1116
f 1115 1046 1045
f 1114 1046 1115
f 1114 1047 1046
f 1114 1048 1047
f 1113 1048 1114
f 1112 1048 1113
f 1112 924 923
f 1112 923 1048
f 669 1137 1024
f 669 1018 1017
f 669 1019 1018
f 669 1020 1019
f 669 1021 1020
f 669 1022 1021
f 669 1023 1022
f 669 1024 1023
f 669 1138 1137
f 669 1139 1138
f 669 1140 1139
f 669 1141 1140
f 669 1142 1141
f 669 1143 1142
f 669 1017 667
f 1144 1143 669
f 1111 924 1112
f 1145 1144 669
f 1110 924 1111
f 1110 925 924
f 1146 1145 669
f 1109 926 925
f 1109 925 1110
f 1147 1146 669
f 1108 926 1109
f 1108 927 926
f 1148 1147 669
f 1107 928 927
f 1107 927 1108
f 1149 1148 669
f 1106 929 928
f 1106 928 1107
f 1150 1149 669
f 1105 930 929
f 1105 929 1106
f 1151 1150 669
f 1104 930 1105
f 1104 931 930
f 1104 932 931
f 1152 1151 669
f 1103 933 932
f 1103 932 1104
f 1153 1152 669
f 1102 933 1103
f 1154 1153 669
f 1101 933 1102
f 1101 934 933
f 1155 1154 669
f 1100 934 1101
f 1100 935 934
f 1099 936 935
f 1099 937 936
f 1099 935 1100
f 1098 937 1099
f 1097 938 937
f 1097 937 1098
f 1096 938 1097
f 1096 939 938
f 1095 939 1096
f 1095 940 939
f 1094 941 940
f 1094 942 941
f 1094 940 1095
f 1093 942 1094
f 1092 942 1093
f 1092 943 942
f 1092 944 943
f 1091 945 944
f 1091 944 1092
f 1090 945 1091
f 1089 945 1090
f 1089 946 945
f 1089 947 946
f 1088 947 1089
f 1087 948 947
f 1087 947 1088
f 1254 1165 1164
f 1253 1165 1254
f 1253 1166 1165
f 1255 1254 1164
f 1255 1164 1163
f 1252 1166 1253
f 1256 1255 1163
f 1251 1166 1252
f 1251 1167 1166
f 1257 1256 1163
f 1257 1163 1162
f 1250 1167 1251
f 1250 1168 1167
f 1258 1257 1162
f 1258 1162 1161
f 1249 1168 1250
f 1259 1258 1161
f 1248 1168 1249
f 1248 1169 1168
f 1260 1161 1160
f 1260 1259 1161
f 1247 1169 1248
f 1247 1170 1169
f 1261 1260 1160
f 1261 1160 1159
f 1246 1170 1247
f 1262 1261 1159
f 1262 1159 1158
f 1245 1170 1246
f 1245 1171 1170
f 1263 1262 1158
f 1263 1158 1157
f 1244 1172 1171
f 1244 1171 1245
f 1264 1263 1157
f 1243 1172 1244
f 1265 1264 1157
f 1265 1157 1156
f 1242 1173 1172
f 1242 1172 1243
f 1266 1265 1156
f 1266 1156 1155
f 1241 1173 1242
f 1267 1266 1155
f 1267 1155 669
f 1240 1174 1173
f 1240 1173 1241
f 1268 1267 669
f 1239 1049 1174
f 1239 1174 1240
f 1269 1268 669
f 1238 1049 1239
f 1270 1269 669
f 1237 1049 1238
f 1237 1050 1049
f 1271 1270 669
f 1236 1051 1050
f 1236 1050 1237
f 1272 1271 669
f 1235 1051 1236
f 1273 1272 669
f 1234 1051 1235
f 1234 1052 1051
f 1274 1273 669
f 1233 1052 1234
f 1275 1274 669
f 1232 1052 1233
f 1232 1053 1052
f 1276 1275 669
f 1231 1054 1053
f 1231 1053 1232
f 1277 1276 669
f 1230 1054 1231
f 1278 1277 669
f 1229 1054 1230
f 1229 1055 1054
f 1279 1278 669
f 1228 1055 1229
f 1228 1056 1055
f 1280 1279 669
f 1227 1056 1228
f 1281 1280 669
f 1226 1056 1227
f 1226 1057 1056
f 1282 1281 669
f 1225 1057 1226
f 1225 1058 1057
f 1283 1282 669
f 1224 1058 1225
f 1284 1283 669
f 1223 1058 1224
f 1223 1059 1058
f 1285 1284 669
f 1222 1059 1223
f 1222 1060 1059
f 1286 1285 669
f 1221 1060 1222
f 1221 1061 1060
f 1287 1286 669
f 1220 1061 1221
f 1288 1287 669
f 1219 1061 1220
f 1219 1062 1061
f 1289 1288 669
f 1218 1062 1219
f 1218 1063 1062
f 1290 1289 669
f 1217 1063 1218
f 1291 1290 669
f 1216 1063 1217
f 1216 1064 1063
f 1292 1291 669
f 1215 1064 1216
f 1215 1065 1064
f 1293 1292 669
f 1214 1065 1215
f 1214 1066 1065
f 1294 1293 669
f 1213 1066 1214
f 1213 1067 1066
f 1295 1294 669
f 1212 1067 1213
f 1296 1295 669
f 1211 1067 1212
f 1211 1068 1067
f 1297 1296 669
f 1210 1068 1211
f 1210 1069 1068
f 1298 1297 669
f 1209 1069 1210
f 1299 1298 669
f 1300 1299 669
f 670 1071 1070
f 670 1072 1071
f 670 1073 1072
f 670 1074 1073
f 670 1075 1074
f 670 1076 1075
f 670 1177 1176
f 670 1077 1076
f 670 1178 1177
f 670 1078 1077
f 670 1179 1178
f 670 1079 1078
f 670 1180 1179
f 670 1080 1079
f 670 1181 1180
f 670 1081 1080
f 670 1182 1181
f 670 1082 1081
f 670 1183 1182
f 670 1083 1082
f 670 1184 1183
f 670 1084 1083
f 670 1185 1184
f 670 1085 1084
f 670 1186 1185
f 670 1086 1085
f 670 1069 1209
f 670 1187 1186
f 670 1087 1086
f 670 1188 1187
f 670 1189 1188
f 670 1190 1189
f 670 1191 1190
f 670 1192 1191
f 670 1193 1192
f 670 1194 1193
f 670 1195 1194
f 670 1196 1195
f 670 1197 1196
f 670 1198 1197
f 670 1199 1198
f 670 1200 1199
f 670 1201 1200
f 670 1202 1201
f 670 1203 1202
f 670 1204 1203
f 670 1205 1204
f 670 1206 1205
f 670 1207 1206
f 670 1208 1207
f 670 1209 1208
f 670 948 1087
f 670 949 948
f 670 950 949
f 670 951 950
f 670 952 951
f 670 953 952
f 670 1070 1069
f 668 667 734
f 734 667 735
f 668 734 733
f 669 670 1175
f 1175 670 1176
f 669 1175 1300
f 670 668 955
f 955 668 956
f 670 955 954
f 670 954 953
f 1306 1304 1305
f 1301 1306 1307
f 1301 1307 1308
f 1303 1304 1306
f 1303 1306 1301
f 1302 1301 1308
f 1309 1437 1436
f 1310 1438 1437
f 1310 1437 1309
f 1311 1438 1310
f 1312 1439 1438
f 1312 1440 1439
f 1312 1438 1311
f 1313 1440 1312
f 1314 1441 1440
f 1314 1440 1313
f 1315 1442 1441
f 1315 1443 1442
f 1315 1441 1314
f 1316 1444 1443
f 1316 1443 1315
f 1317 1444 1316
f 1318 1445 1444
f 1318 1444 1317
f 1319 1446 1445
f 1319 1445 1318
f 1320 1446 1319
f 1320 1447 1446
f 1321 1447 1320
f 1321 1448 1447
f 1321 1449 1448
f 1322 1449 1321
f 1323 1449 1322
f 1323 1450 1449
f 1324 1450 1323
f 1324 1451 1450
f 1325 1451 1324
f 1325 1452 1451
f 1326 1452 1325
f 1326 1453 1452
f 1327 1453 1326
f 1327 1454 1453
f 1328 1454 1327
f 1328 1455 1454
f 1329 1455 1328
f 1329 1456 1455
f 1330 1456 1329
f 1330 1457 1456
f 1330 1458 1457
f 1331 1458 1330
f 1331 1459 1458
f 1332 1459 1331
f 1333 1460 1459
f 1333 1461 1460
f 1333 1459 1332
f 1334 1461 1333
f 1335 1462 1461
f 1335 1461 1334
f 1336 1463 1462
f 1336 1462 1335
f 1337 1464 1463
f 1337 1465 1464
f 1337 1463 1336
f 1338 1465 1337
f 1339 1466 1465
f 1339 1465 1338
f 1340 1467 1466
f 1340 1468 1467
f 1340 1466 1339
f 1341 1468 1340
f 1342 1469 1468
f 1342 1468 1341
f 1343 1470 1469
f 1343 1471 1470
f 1343 1469 1342
f 1344 1472 1471
f 1344 1471 1343
f 1345 1472 1344
f 1346 1472 1345
f 1346 1473 1472
f 1347 1473 1346
f 1347 1474 1473
f 1348 1474 1347
f 1348 1475 1474
f 1348 1476 1475
f 1349 1476 1348
f 1350 1476 1349
f 1350 1477 1476
f 1351 1477 1350
f 1351 1478 1477
f 1352 1478 1351
f 1352 1479 1478
f 1353 1479 1352
f 1353 1480 1479
f 1354 1480 1353
f 1354 1481 1480
f 1355 1481 1354
f 1355 1482 1481
f 1356 1482 1355
f 1356 1483 1482
f 1356 1484 1483
f 1357 1484 1356
f 1358 1484 1357
f 1358 1485 1484
f 1359 1485 1358
f 1359 1486 1485
f 1359 1487 1486
f 1360 1487 1359
f 1361 1487 1360
f 1361 1488 1487
f 1362 1488 1361
f 1362 1489 1488
f 1363 1489 1362
f 1363 1490 1489
f 1363 1491 1490
f 1364 1491 1363
f 1364 1492 1491
f 1365 1492 1364
f 1366 1492 1365
f 1366 1493 1492
f 1366 1494 1493
f 1367 1494 1366
f 1368 1495 1494
f 1368 1494 1367
f 1369 1496 1495
f 1369 1495 1368
f 1370 1497 1496
f 1370 1498 1497
f 1370 1496 1369
f 1371 1498 1370
f 1372 1498 1371
f 1372 1499 1498
f 1372 1500 1499
f 1373 1500 1372
f 1373 1501 1500
f 1374 1501 1373
f 1375 1501 1374
f 1375 1502 1501
f 1375 1503 1502
f 1376 1503 1375
f 1377 1503 1376
f 1377 1504 1503
f 1377 1505 1504
f 1378 1505 1377
f 1379 1505 1378
f 1379 1506 1505
f 1380 1506 1379
f 1380 1507 1506
f 1380 1508 1507
f 1381 1508 1380
f 1382 1508 1381
f 1382 1509 1508
f 1383 1511 1510
f 1383 1509 1382
f 1383 1510 1509
f 1384 1512 1511
f 1384 1511 1383
f 1385 1513 1512
f 1385 1512 1384
f 1386 1514 1513
f 1386 1513 1385
f 1387 1514 1386
f 1388 1515 1514
f 1388 1516 1515
f 1388 1514 1387
f 1389 1516 1388
f 1390 1517 1516
f 1390 1516 1389
f 1391 1518 1517
f 1391 1519 1518
f 1391 1517 1390
f 1392 1519 1391
f 1393 1520 1519
f 1393 1519 1392
f 1394 1521 1520
f 1394 1522 1521
f 1394 1520 1393
f 1395 1522 1394
f 1396 1523 1522
f 1396 1522 1395
f 1397 1523 1396
f 1397 1524 1523
f 1397 1525 1524
f 1398 1525 1397
f 1399 1525 1398
f 1399 1526 1525
f 1400 1526 1399
f 1400 1527 1526
f 1400 1528 1527
f 1401 1528 1400
f 1402 1529 1528
f 1402 1528 1401
f 1403 1530 1529
f 1403 1529 1402
f 1404 1531 1530
f 1404 1530 1403
f 1405 1532 1531
f 1405 1531 1404
f 1406 1533 1532
f 1406 1534 1533
f 1406 1532 1405
f 1407 1534 1406
f 1408 1535 1534
f 1408 1534 1407
f 1409 1536 1535
f 1409 1537 1536
f 1409 1535 1408
f 1410 1538 1537
f 1410 1537 1409
f 1411 1538 1410
f 1412 1539 1538
f 1412 1538 1411
f 1413 1540 1539
f 1413 1539 1412
f 1414 1541 1540
f 1414 1540 1413
f 1415 1542 1541
f 1415 1541 1414
f 1416 1543 1542
f 1416 1542 1415
f 1417 1544 1543
f 1417 1545 1544
f 1417 1543 1416
f 1418 1545 1417
f 1419 1546 1545
f 1419 1545 1418
f 1420 1547 1546
f 1420 1548 1547
f 1420 1546 1419
f 1421 1549 1548
f 1421 1548 1420
f 1422 1549 1421
f 1423 1549 1422
f 1423 1550 1549
f 1423 1551 1550
f 1424 1551 1423
f 1425 1551 1424
f 1425 1552 1551
f 1426 1552 1425
f 1426 1553 1552
f 1426 1554 1553
f 1427 1554 1426
f 1428 1554 1427
f 1428 1555 1554
f 1429 1555 1428
f 1429 1556 1555
f 1430 1556 1429
f 1430 1557 1556
f 1431 1557 1430
f 1431 1558 1557
f 1432 1558 1431
f 1432 1559 1558
f 1433 1559 1432
f 1433 1560 1559
f 1434 1561 1560
f 1434 1560 1433
f 1435 1562 1561
f 1435 1561 1434
f 1563 1691 1690
f 1564 1691 1563
f 1565 1692 1691
f 1565 1693 1692
f 1565 1691 1564
f 1566 1693 1565
f 1567 1694 1693
f 1567 1695 1694
f 1567 1693 1566
f 1568 1695 1567
f 1569 1696 1695
f 1569 1695 1568
f 1570 1697 1696
f 1570 1698 1697
f 1570 1696 1569
f 1571 1698 1570
f 1572 1699 1698
f 1572 1700 1699
f 1572 1698 1571
f 1573 1700 1572
f 1574 1700 1573
f 1574 1701 1700
f 1574 1702 1701
f 1575 1702 1574
f 1576 1702 1575
f 1576 1703 1702
f 1577 1703 1576
f 1577 1704 1703
f 1577 1705 1704
f 1578 1705 1577
f 1578 1706 1705
f 1579 1706 1578
f 1580 1706 1579
f 1580 1707 1706
f 1581 1707 1580
f 1581 1708 1707
f 1582 1708 1581
f 1582 1709 1708
f 1583 1709 1582
f 1583 1710 1709
f 1584 1710 1583
f 1584 1711 1710
f 1585 1711 1584
f 1585 1712 1711
f 1586 1713 1712
f 1586 1712 1585
f 1587 1714 1713
f 1587 1713 1586
f 1588 1715 1714
f 1588 1714 1587
f 1589 1716 1715
f 1589 1717 1716
f 1589 1715 1588
f 1590 1717 1589
f 1591 1718 1717
f 1591 1719 1718
f 1591 1717 1590
f 1592 1719 1591
f 1593 1720 1719
f 1593 1719 1592
f 1594 1721 1720
f 1594 1722 1721
f 1594 1720 1593
f 1595 1722 1594
f 1596 1723 1722
f 1596 1722 1595
f 1597 1724 1723
f 1597 1723 1596
f 1598 1725 1724
f 1598 1724 1597
f 1599 1726 1725
f 1599 1725 1598
f 1600 1726 1599
f 1600 1727 1726
f 1600 1728 1727
f 1601 1728 1600
f 1601 1729 1728
f 1602 1729 1601
f 1603 1729 1602
f 1603 1730 1729
f 1604 1730 1603
f 1604 1731 1730
f 1605 1731 1604
f 1605 1732 1731
f 1606 1732 1605
f 1606 1733 1732
f 1607 1733 1606
f 1607 1734 1733
f 1608 1734 1607
f 1608 1735 1734
f 1608 1736 1735
f 1609 1736 1608
f 1610 1736 1609
f 1610 1737 1736
f 1611 1737 1610
f 1611 1738 1737
f 1612 1738 1611
f 1612 1739 1738
f 1613 1739 1612
f 1613 1740 1739
f 1613 1741 1740
f 1614 1741 1613
f 1615 1741 1614
f 1615 1742 1741
f 1615 1743 1742
f 1616 1743 1615
f 1617 1743 1616
f 1617 1744 1743
f 1618 1744 1617
f 1618 1745 1744
f 1619 1745 1618
f 1619 1746 1745
f 1620 1746 1619
f 1620 1747 1746
f 1620 1748 1747
f 1621 1748 1620
f 1622 1749 1748
f 1622 1748 1621
f 1623 1750 1749
f 1623 1751 1750
f 1623 1749 1622
f 1624 1752 1751
f 1624 1751 1623
f 1625 1752 1624
f 1625 1753 1752
f 1626 1753 1625
f 1626 1754 1753
f 1627 1754 1626
f 1628 1754 1627
f 1628 1755 1754
f 1628 1756 1755
f 1629 1756 1628
f 1629 1757 1756
f 1630 1757 1629
f 1631 1757 1630
f 1631 1758 1757
f 1632 1758 1631
f 1632 1759 1758
f 1632 1760 1759
f 1633 1760 1632
f 1634 1760 1633
f 1634 1761 1760
f 1635 1761 1634
f 1635 1762 1761
f 1636 1762 1635
f 1636 1763 1762
f 1637 1763 1636
f 1637 1764 1763
f 1638 1765 1764
f 1638 1764 1637
f 1639 1766 1765
f 1639 1765 1638
f 1640 1767 1766
f 1640 1766 1639
f 1641 1768 1767
f 1641 1767 1640
f 1642 1769 1768
f 1642 1768 1641
f 1643 1770 1769
f 1643 1769 1642
f 1644 1771 1770
f 1644 1770 1643
f 1645 1772 1771
f 1645 1771 1644
f 1646 1773 1772
f 1646 1774 1773
f 1646 1772 1645
f 1647 1774 1646
f 1648 1775 1774
f 1648 1774 1647
f 1649 1776 1775
f 1649 1777 1776
f 1649 1775 1648
f 1650 1777 1649
f 1651 1777 1650
f 1651 1778 1777
f 1652 1778 1651
f 1652 1779 1778
f 1653 1779 1652
f 1653 1780 1779
f 1653 1781 1780
f 1654 1781 1653
f 1654 1782 1781
f 1655 1782 1654
f 1656 1783 1782
f 1656 1784 1783
f 1656 1782 1655
f 1657 1784 1656
f 1658 1785 1784
f 1658 1784 1657
f 1659 1786 1785
f 1659 1785 1658
f 1660 1787 1786
f 1660 1786 1659
f 1661 1788 1787
f 1661 1787 1660
f 1662 1789 1788
f 1662 1788 1661
f 1663 1790 1789
f 1663 1789 1662
f 1664 1791 1790
f 1664 1790 1663
f 1665 1792 1791
f 1665 1793 1792
f 1665 1791 1664
f 1666 1794 1793
f 1666 1793 1665
f 1667 1795 1794
f 1667 1794 1666
f 1668 1795 1667
f 1669 1796 1795
f 1669 1795 1668
f 1670 1797 1796
f 1670 1796 1669
f 1671 1798 1797
f 1671 1797 1670
f 1672 1799 1798
f 1672 1798 1671
f 1673 1800 1799
f 1673 1799 1672
f 1674 1801 1800
f 1674 1802 1801
f 1674 1800 1673
f 1675 1802 1674
f 1676 1802 1675
f 1676 1803 1802
f 1676 1804 1803
f 1677 1804 1676
f 1678 1804 1677
f 1678 1805 1804
f 1679 1805 1678
f 1679 1806 1805
f 1679 1807 1806
f 1680 1807 1679
f 1681 1807 1680
f 1681 1808 1807
f 1682 1808 1681
f 1682 1809 1808
f 1682 1810 1809
f 1683 1810 1682
f 1684 1810 1683
f 1684 1811 1810
f 1685 1811 1684
f 1685 1812 1811
f 1686 1812 1685
f 1686 1813 1812
f 1687 1813 1686
f 1687 1814 1813
f 1688 1815 1814
f 1688 1814 1687
f 1689 1816 1815
f 1689 1815 1688
f 1817 1945 1944
f 1818 1945 1817
f 1819 1946 1945
f 1819 1947 1946
f 1819 1945 1818
f 1820 1947 1819
f 1821 1948 1947
f 1821 1949 1948
f 1821 1947 1820
f 1822 1949 1821
f 1823 1950 1949
f 1823 1949 1822
f 1824 1951 1950
f 1824 1952 1951
f 1824 1950 1823
f 1825 1952 1824
f 1826 1953 1952
f 1826 1954 1953
f 1826 1952 1825
f 1827 1954 1826
f 1828 1954 1827
f 1828 1955 1954
f 1828 1956 1955
f 1829 1956 1828
f 1830 1956 1829
f 1830 1957 1956
f 1831 1957 1830
f 1831 1958 1957
f 1831 1959 1958
f 1832 1959 1831
f 1832 1960 1959
f 1833 1960 1832
f 1834 1960 1833
f 1834 1961 1960
f 1835 1961 1834
f 1835 1962 1961
f 1836 1962 1835
f 1836 1963 1962
f 1837 1963 1836
f 1837 1964 1963
f 1838 1964 1837
f 1838 1965 1964
f 1839 1965 1838
f 1839 1966 1965
f 1840 1967 1966
f 1840 1966 1839
f 1841 1968 1967
f 1841 1967 1840
f 1842 1969 1968
f 1842 1968 1841
f 1843 1970 1969
f 1843 1971 1970
f 1843 1969 1842
f 1844 1971 1843
f 1845 1972 1971
f 1845 1973 1972
f 1845 1971 1844
f 1846 1973 1845
f 1847 1974 1973
f 1847 1973 1846
f 1848 1975 1974
f 1848 1976 1975
f 1848 1974 1847
f 1849 1976 1848
f 1850 1977 1976
f 1850 1976 1849
f 1851 1978 1977
f 1851 1977 1850
f 1852 1979 1978
f 1852 1978 1851
f 1853 1980 1979
f 1853 1979 1852
f 1854 1980 1853
f 1854 1981 1980
f 1854 1982 1981
f 1855 1982 1854
f 1855 1983 1982
f 1856 1983 1855
f 1857 1983 1856
f 1857 1984 1983
f 1858 1984 1857
f 1858 1985 1984
f 1859 1985 1858
f 1859 1986 1985
f 1860 1986 1859
f 1860 1987 1986
f 1861 1987 1860
f 1861 1988 1987
f 1862 1988 1861
f 1862 1989 1988
f 1862 1990 1989
f 1863 1990 1862
f 1864 1990 1863
f 1864 1991 1990
f 1865 1991 1864
f 1865 1992 1991
f 1866 1992 1865
f 1866 1993 1992
f 1867 1993 1866
f 1867 1994 1993
f 1867 1995 1994
f 1868 1995 1867
f 1869 1995 1868
f 1869 1996 1995
f 1869 1997 1996
f 1870 1997 1869
f 1871 1997 1870
f 1871 1998 1997
f 1872 1998 1871
f 1872 1999 1998
f 1873 1999 1872
f 1873 2000 1999
f 1874 2000 1873
f 1874 2001 2000
f 1874 2002 2001
f 1875 2002 1874
f 1876 2003 2002
f 1876 2002 1875
f 1877 2004 2003
f 1877 2005 2004
f 1877 2003 1876
f 1878 2006 2005
f 1878 2005 1877
f 1879 2006 1878
f 1879 2007 2006
f 1880 2007 1879
f 1880 2008 2007
f 1881 2008 1880
f 1882 2008 1881
f 1882 2009 2008
f 1882 2010 2009
f 1883 2010 1882
f 1883 2011 2010
f 1884 2011 1883
f 1885 2011 1884
f 1885 2012 2011
f 1886 2012 1885
f 1886 2013 2012
f 1886 2014 2013
f 1887 2014 1886
f 1888 2014 1887
f 1888 2015 2014
f 1889 2015 1888
f 1889 2016 2015
f 1890 2016 1889
f 1890 2017 2016
f 1891 2017 1890
f 1891 2018 2017
f 1892 2019 2018
f 1892 2018 1891
f 1893 2020 2019
f 1893 2019 1892
f 1894 2021 2020
f 1894 2020 1893
f 1895 2022 2021
f 1895 2021 1894
f 1896 2023 2022
f 1896 2022 1895
f 1897 2024 2023
f 1897 2023 1896
f 1898 2025 2024
f 1898 2024 1897
f 1899 2026 2025
f 1899 2025 1898
f 1900 2027 2026
f 1900 2028 2027
f 1900 2026 1899
f 1901 2028 1900
f 1902 2029 2028
f 1902 2028 1901
f 1903 2030 2029
f 1903 2031 2030
f 1903 2029 1902
f 1904 2031 1903
f 1905 2031 1904
f 1905 2032 2031
f 1906 2032 1905
f 1906 2033 2032
f 1907 2033 1906
f 1907 2034 2033
f 1907 2035 2034
f 1908 2035 1907
f 1908 2036 2035
f 1909 2036 1908
f 1910 2037 2036
f 1910 2038 2037
f 1910 2036 1909
f 1911 2038 1910
f 1912 2039 2038
f 1912 2038 1911
f 1913 2040 2039
f 1913 2039 1912
f 1914 2041 2040
f 1914 2040 1913
f 1915 2042 2041
f 1915 2041 1914
f 1916 2043 2042
f 1916 2042 1915
f 1917 2044 2043
f 1917 2043 1916
f 1918 2045 2044
f 1918 2044 1917
f 1919 2046 2045
f 1919 2047 2046
f 1919 2045 1918
f 1920 2048 2047
f 1920 2047 1919
f 1921 2049 2048
f 1921 2048 1920
f 1922 2049 1921
f 1923 2050 2049
f 1923 2049 1922
f 1924 2051 2050
f 1924 2050 1923
f 1925 2052 2051
f 1925 2051 1924
f 1926 2053 2052
f 1926 2052 1925
f 1927 2054 2053
f 1927 2053 1926
f 1928 2055 2054
f 1928 2056 2055
f 1928 2054 1927
f 1929 2056 1928
f 1930 2056 1929
f 1930 2057 2056
f 1930 2058 2057
f 1931 2058 1930
f 1932 2058 1931
f 1932 2059 2058
f 1933 2059 1932
f 1933 2060 2059
f 1933 2061 2060
f 1934 2061 1933
f 1935 2061 1934
f 1935 2062 2061
f 1936 2062 1935
f 1936 2063 2062
f 1936 2064 2063
f 1937 2064 1936
f 1938 2064 1937
f 1938 2065 2064
f 1939 2065 1938
f 1939 2066 2065
f 1940 2066 1939
f 1940 2067 2066
f 1941 2067 1940
f 1941 2068 2067
f 1942 2069 2068
f 1942 2068 1941
f 1943 2070 2069
f 1943 2069 1942
f 2071 2199 2198
f 2072 2199 2071
f 2073 2200 2199
f 2073 2201 2200
f 2073 2199 2072
f 2074 2201 2073
f 2075 2202 2201
f 2075 2203 2202
f 2075 2201 2074
f 2076 2203 2075
f 2077 2204 2203
f 2077 2203 2076
f 2078 2205 2204
f 2078 2206 2205
f 2078 2204 2077
f 2079 2206 2078
f 2080 2207 2206
f 2080 2208 2207
f 2080 2206 2079
f 2081 2208 2080
f 2082 2208 2081
f 2082 2209 2208
f 2082 2210 2209
f 2083 2210 2082
f 2084 2210 2083
f 2084 2211 2210
f 2085 2211 2084
f 2085 2212 2211
f 2085 2213 2212
f 2086 2213 2085
f 2086 2214 2213
f 2087 2214 2086
f 2088 2214 2087
f 2088 2215 2214
f 2089 2215 2088
f 2089 2216 2215
f 2090 2216 2089
f 2090 2217 2216
f 2091 2217 2090
f 2091 2218 2217
f 2092 2218 2091
f 2092 2219 2218
f 2093 2219 2092
f 2093 2220 2219
f 2094 2221 2220
f 2094 2220 2093
f 2095 2222 2221
f 2095 2221 2094
f 2096 2223 2222
f 2096 2222 2095
f 2097 2224 2223
f 2097 2225 2224
f 2097 2223 2096
f 2098 2225 2097
f 2099 2226 2225
f 2099 2227 2226
f 2099 2225 2098
f 2100 2227 2099
f 2101 2228 2227
f 2101 2227 2100
f 2102 2229 2228
f 2102 2230 2229
f 2102 2228 2101
f 2103 2230 2102
f 2104 2231 2230
f 2104 2230 2103
f 2105 2232 2231
f 2105 2231 2104
f 2106 2233 2232
f 2106 2232 2105
f 2107 2234 2233
f 2107 2233 2106
f 2108 2234 2107
f 2108 2235 2234
f 2108 2236 2235
f 2109 2236 2108
f 2109 2237 2236
f 2110 2237 2109
f 2111 2237 2110
f 2111 2238 2237
f 2112 2238 2111
f 2112 2239 2238
f 2113 2239 2112
f 2113 2240 2239
f 2114 2240 2113
f 2114 2241 2240
f 2115 2241 2114
f 2115 2242 2241
f 2116 2242 2115
f 2116 2243 2242
f 2116 2244 2243
f 2117 2244 2116
f 2118 2244 2117
f 2118 2245 2244
f 2119 2245 2118
f 2119 2246 2245
f 2120 2246 2119
f 2120 2247 2246
f 2121 2247 2120
f 2121 2248 2247
f 2121 2249 2248
f 2122 2249 2121
f 2123 2249 2122
f 2123 2250 2249
f 2123 2251 2250
f 2124 2251 2123
f 2125 2251 2124
f 2125 2252 2251
f 2126 2252 2125
f 2126 2253 2252
f 2127 2253 2126
f 2127 2254 2253
f 2128 2254 2127
f 2128 2255 2254
f 2128 2256 2255
f 2129 2256 2128
f 2130 2257 2256
f 2130 2256 2129
f 2131 2258 2257
f 2131 2259 2258
f 2131 2257 2130
f 2132 2260 2259
f 2132 2259 2131
f 2133 2260 2132
f 2133 2261 2260
f 2134 2261 2133
f 2134 2262 2261
f 2135 2262 2134
f 2136 2262 2135
f 2136 2263 2262
f 2136 2264 2263
f 2137 2264 2136
f 2137 2265 2264
f 2138 2265 2137
f 2139 2265 2138
f 2139 2266 2265
f 2140 2266 2139
f 2140 2267 2266
f 2140 2268 2267
f 2141 2268 2140
f 2142 2268 2141
f 2142 2269 2268
f 2143 2269 2142
f 2143 2270 2269
f 2144 2270 2143
f 2144 2271 2270
f 2145 2271 2144
f 2145 2272 2271
f 2146 2273 2272
f 2146 2272 2145
f 2147 2274 2273
f 2147 2273 2146
f 2148 2275 2274
f 2148 2274 2147
f 2149 2276 2275
f 2149 2275 2148
f 2150 2277 2276
f 2150 2276 2149
f 2151 2278 2277
f 2151 2277 2150
f 2152 2279 2278
f 2152 2278 2151
f 2153 2280 2279
f 2153 2279 2152
f 2154 2281 2280
f 2154 2282 2281
f 2154 2280 2153
f 2155 2282 2154
f 2156 2283 2282
f 2156 2282 2155
f 2157 2284 2283
f 2157 2285 2284
f 2157 2283 2156
f 2158 2285 2157
f 2159 2285 2158
f 2159 2286 2285
f 2160 2286 2159
f 2160 2287 2286
f 2161 2287 2160
f 2161 2288 2287
f 2161 2289 2288
f 2162 2289 2161
f 2162 2290 2289
f 2163 2290 2162
f 2164 2291 2290
f 2164 2292 2291
f 2164 2290 2163
f 2165 2292 2164
f 2166 2293 2292
f 2166 2292 2165
f 2167 2294 2293
f 2167 2293 2166
f 2168 2295 2294
f 2168 2294 2167
f 2169 2296 2295
f 2169 2295 2168
f 2170 2297 2296
f 2170 2296 2169
f 2171 2298 2297
f 2171 2297 2170
f 2172 2299 2298
f 2172 2298 2171
f 2173 2300 2299
f 2173 2301 2300
f 2173 2299 2172
f 2174 2302 2301
f 2174 2301 2173
f 2175 2303 2302
f 2175 2302 2174
f 2176 2303 2175
f 2177 2304 2303
f 2177 2303 2176
f 2178 2305 2304
f 2178 2304 2177
f 2179 2306 2305
f 2179 2305 2178
f 2180 2307 2306
f 2180 2306 2179
f 2181 2308 2307
f 2181 2307 2180
f 2182 2309 2308
f 2182 2310 2309
f 2182 2308 2181
f 2183 2310 2182
f 2184 2310 2183
f 2184 2311 2310
f 2184 2312 2311
f 2185 2312 2184
f 2186 2312 2185
f 2186 2313 2312
f 2187 2313 2186
f 2187 2314 2313
f 2187 2315 2314
f 2188 2315 2187
f 2189 2315 2188
f 2189 2316 2315
f 2190 2316 2189
f 2190 2317 2316
f 2190 2318 2317
f 2191 2318 2190
f 2192 2318 2191
f 2192 2319 2318
f 2193 2319 2192
f 2193 2320 2319
f 2194 2320 2193
f 2194 2321 2320
f 2195 2321 2194
f 2195 2322 2321
f 2196 2323 2322
f 2196 2322 2195
f 2197 2324 2323
f 2197 2323 2196
f 2325 2453 2452
f 2326 2454 2453
f 2326 2453 2325
f 2327 2454 2326
f 2328 2455 2454
f 2328 2456 2455
f 2328 2454 2327
f 2329 2456 2328
f 2330 2457 2456
f 2330 2456 2329
f 2331 2458 2457
f 2331 2459 2458
f 2331 2457 2330
f 2332 2460 2459
f 2332 2459 2331
f 2333 2460 2332
f 2334 2461 2460
f 2334 2460 2333
f 2335 2462 2461
f 2335 2461 2334
f 2336 2462 2335
f 2336 2463 2462
f 2337 2463 2336
f 2337 2464 2463
f 2337 2465 2464
f 2338 2465 2337
f 2339 2465 2338
f 2339 2466 2465
f 2340 2466 2339
f 2340 2467 2466
f 2341 2467 2340
f 2341 2468 2467
f 2342 2468 2341
f 2342 2469 2468
f 2343 2469 2342
f 2343 2470 2469
f 2344 2470 2343
f 2344 2471 2470
f 2345 2471 2344
f 2345 2472 2471
f 2346 2472 2345
f 2346 2473 2472
f 2346 2474 2473
f 2347 2474 2346
f 2347 2475 2474
f 2348 2475 2347
f 2349 2476 2475
f 2349 2477 2476
f 2349 2475 2348
f 2350 2477 2349
f 2351 2478 2477
f 2351 2477 2350
f 2352 2479 2478
f 2352 2478 2351
f 2353 2480 2479
f 2353 2481 2480
f 2353 2479 2352
f 2354 2481 2353
f 2355 2482 2481
f 2355 2481 2354
f 2356 2483 2482
f 2356 2484 2483
f 2356 2482 2355
f 2357 2484 2356
f 2358 2485 2484
f 2358 2484 2357
f 2359 2486 2485
f 2359 2487 2486
f 2359 2485 2358
f 2360 2488 2487
f 2360 2487 2359
f 2361 2488 2360
f 2362 2488 2361
f 2362 2489 2488
f 2363 2489 2362
f 2363 2490 2489
f 2364 2490 2363
f 2364 2491 2490
f 2364 2492 2491
f 2365 2492 2364
f 2366 2492 2365
f 2366 2493 2492
f 2367 2493 2366
f 2367 2494 2493
f 2368 2494 2367
f 2368 2495 2494
f 2369 2495 2368
f 2369 2496 2495
f 2370 2496 2369
f 2370 2497 2496
f 2371 2497 2370
f 2371 2498 2497
f 2372 2498 2371
f 2372 2499 2498
f 2372 2500 2499
f 2373 2500 2372
f 2374 2500 2373
f 2374 2501 2500
f 2375 2501 2374
f 2375 2502 2501
f 2375 2503 2502
f 2376 2503 2375
f 2377 2503 2376
f 2377 2504 2503
f 2378 2504 2377
f 2378 2505 2504
f 2379 2505 2378
f 2379 2506 2505
f 2379 2507 2506
f 2380 2507 2379
f 2380 2508 2507
f 2381 2508 2380
f 2382 2508 2381
f 2382 2509 2508
f 2382 2510 2509
f 2383 2510 2382
f 2384 2511 2510
f 2384 2510 2383
f 2385 2512 2511
f 2385 2511 2384
f 2386 2513 2512
f 2386 2514 2513
f 2386 2512 2385
f 2387 2514 2386
f 2388 2514 2387
f 2388 2515 2514
f 2388 2516 2515
f 2389 2516 2388
f 2389 2517 2516
f 2390 2517 2389
f 2391 2517 2390
f 2391 2518 2517
f 2391 2519 2518
f 2392 2519 2391
f 2393 2519 2392
f 2393 2520 2519
f 2393 2521 2520
f 2394 2521 2393
f 2395 2521 2394
f 2395 2522 2521
f 2396 2522 2395
f 2396 2523 2522
f 2396 2524 2523
f 2397 2524 2396
f 2398 2524 2397
f 2398 2525 2524
f 2399 2527 2526
f 2399 2525 2398
f 2399 2526 2525
f 2400 2528 2527
f 2400 2527 2399
f 2401 2529 2528
f 2401 2528 2400
f 2402 2530 2529
f 2402 2529 2401
f 2403 2530 2402
f 2404 2531 2530
f 2404 2532 2531
f 2404 2530 2403
f 2405 2532 2404
f 2406 2533 2532
f 2406 2532 2405
f 2407 2534 2533
f 2407 2535 2534
f 2407 2533 2406
f 2408 2535 2407
f 2409 2536 2535
f 2409 2535 2408
f 2410 2537 2536
f 2410 2538 2537
f 2410 2536 2409
f 2411 2538 2410
f 2412 2539 2538
f 2412 2538 2411
f 2413 2539 2412
f 2413 2540 2539
f 2413 2541 2540
f 2414 2541 2413
f 2415 2541 2414
f 2415 2542 2541
f 2416 2542 2415
f 2416 2543 2542
f 2416 2544 2543
f 2417 2544 2416
f 2418 2545 2544
f 2418 2544 2417
f 2419 2546 2545
f 2419 2545 2418
f 2420 2547 2546
f 2420 2546 2419
f 2421 2548 2547
f 2421 2547 2420
f 2422 2549 2548
f 2422 2550 2549
f 2422 2548 2421
f 2423 2550 2422
f 2424 2551 2550
f 2424 2550 2423
f 2425 2552 2551
f 2425 2553 2552
f 2425 2551 2424
f 2426 2554 2553
f 2426 2553 2425
f 2427 2554 2426
f 2428 2555 2554
f 2428 2554 2427
f 2429 2556 2555
f 2429 2555 2428
f 2430 2557 2556
f 2430 2556 2429
f 2431 2558 2557
f 2431 2557 2430
f 2432 2559 2558
f 2432 2558 2431
f 2433 2560 2559
f 2433 2561 2560
f 2433 2559 2432
f 2434 2561 2433
f 2435 2562 2561
f 2435 2561 2434
f 2436 2563 2562
f 2436 2564 2563
f 2436 2562 2435
f 2437 2565 2564
f 2437 2564 2436
f 2438 2565 2437
f 2439 2565 2438
f 2439 2566 2565
f 2439 2567 2566
f 2440 2567 2439
f 2441 2567 2440
f 2441 2568 2567
f 2442 2568 2441
f 2442 2569 2568
f 2442 2570 2569
f 2443 2570 2442
f 2444 2570 2443
f 2444 2571 2570
f 2445 2571 2444
f 2445 2572 2571
f 2446 2572 2445
f 2446 2573 2572
f 2447 2573 2446
f 2447 2574 2573
f 2448 2574 2447
f 2448 2575 2574
f 2449 2575 2448
f 2449 2576 2575
f 2450 2577 2576
f 2450 2576 2449
f 2451 2578 2577
f 2451 2577 2450
f 2580 2706 2579
f 2580 2707 2706
f 2581 2708 2707
f 2581 2709 2708
f 2581 2707 2580
f 2582 2709 2581
f 2583 2710 2709
f 2583 2711 2710
f 2583 2709 2582
f 2584 2711 2583
f 2585 2712 2711
f 2585 2711 2584
f 2586 2713 2712
f 2586 2714 2713
f 2586 2712 2585
f 2587 2714 2586
f 2588 2715 2714
f 2588 2716 2715
f 2588 2714 2587
f 2589 2716 2588
f 2590 2716 2589
f 2590 2717 2716
f 2590 2718 2717
f 2591 2718 2590
f 2592 2718 2591
f 2592 2719 2718
f 2593 2719 2592
f 2593 2720 2719
f 2593 2721 2720
f 2594 2721 2593
f 2594 2722 2721
f 2595 2722 2594
f 2596 2722 2595
f 2596 2723 2722
f 2597 2723 2596
f 2597 2724 2723
f 2598 2724 2597
f 2598 2725 2724
f 2599 2725 2598
f 2599 2726 2725
f 2600 2726 2599
f 2600 2727 2726
f 2601 2727 2600
f 2601 2728 2727
f 2602 2729 2728
f 2602 2728 2601
f 2603 2730 2729
f 2603 2729 2602
f 2604 2731 2730
f 2604 2730 2603
f 2605 2732 2731
f 2605 2733 2732
f 2605 2731 2604
f 2606 2733 2605
f 2607 2734 2733
f 2607 2735 2734
f 2607 2733 2606
f 2608 2735 2607
f 2609 2736 2735
f 2609 2735 2608
f 2610 2737 2736
f 2610 2738 2737
f 2610 2736 2609
f 2611 2738 2610
f 2612 2739 2738
f 2612 2738 2611
f 2613 2740 2739
f 2613 2739 2612
f 2614 2741 2740
f 2614 2740 2613
f 2615 2742 2741
f 2615 2741 2614
f 2616 2742 2615
f 2616 2743 2742
f 2617 2743 2616
f 2617 2744 2743
f 2617 2745 2744
f 2618 2745 2617
f 2619 2745 2618
f 2619 2746 2745
f 2620 2746 2619
f 2620 2747 2746
f 2621 2747 2620
f 2621 2748 2747
f 2622 2748 2621
f 2622 2749 2748
f 2623 2749 2622
f 2623 2750 2749
f 2624 2750 2623
f 2624 2751 2750
f 2624 2752 2751
f 2625 2752 2624
f 2626 2752 2625
f 2626 2753 2752
f 2627 2753 2626
f 2627 2754 2753
f 2628 2754 2627
f 2628 2755 2754
f 2629 2755 2628
f 2629 2756 2755
f 2629 2757 2756
f 2630 2757 2629
f 2631 2757 2630
f 2631 2758 2757
f 2631 2759 2758
f 2632 2759 2631
f 2633 2759 2632
f 2633 2760 2759
f 2634 2760 2633
f 2634 2761 2760
f 2635 2761 2634
f 2635 2762 2761
f 2636 2762 2635
f 2636 2763 2762
f 2636 2764 2763
f 2637 2764 2636
f 2638 2765 2764
f 2638 2764 2637
f 2639 2766 2765
f 2639 2767 2766
f 2639 2765 2638
f 2640 2768 2767
f 2640 2767 2639
f 2641 2768 2640
f 2641 2769 2768
f 2642 2769 2641
f 2642 2770 2769
f 2643 2770 2642
f 2644 2770 2643
f 2644 2771 2770
f 2644 2772 2771
f 2645 2772 2644
f 2645 2773 2772
f 2646 2773 2645
f 2647 2773 2646
f 2647 2774 2773
f 2648 2774 2647
f 2648 2775 2774
f 2648 2776 2775
f 2649 2776 2648
f 2650 2776 2649
f 2650 2777 2776
f 2651 2777 2650
f 2651 2778 2777
f 2652 2778 2651
f 2652 2779 2778
f 2653 2779 2652
f 2653 2780 2779
f 2654 2781 2780
f 2654 2780 2653
f 2655 2782 2781
f 2655 2781 2654
f 2656 2783 2782
f 2656 2782 2655
f 2657 2784 2783
f 2657 2783 2656
f 2658 2785 2784
f 2658 2784 2657
f 2659 2786 2785
f 2659 2785 2658
f 2660 2787 2786
f 2660 2786 2659
f 2661 2788 2787
f 2661 2787 2660
f 2662 2789 2788
f 2662 2790 2789
f 2662 2788 2661
f 2663 2790 2662
f 2664 2791 2790
f 2664 2790 2663
f 2665 2792 2791
f 2665 2793 2792
f 2665 2791 2664
f 2666 2793 2665
f 2667 2793 2666
f 2667 2794 2793
f 2668 2794 2667
f 2668 2795 2794
f 2669 2795 2668
f 2669 2796 2795
f 2669 2797 2796
f 2670 2797 2669
f 2670 2798 2797
f 2671 2798 2670
f 2672 2799 2798
f 2672 2800 2799
f 2672 2798 2671
f 2673 2800 2672
f 2674 2801 2800
f 2674 2800 2673
f 2675 2802 2801
f 2675 2801 2674
f 2676 2803 2802
f 2676 2802 2675
f 2677 2804 2803
f 2677 2803 2676
f 2678 2805 2804
f 2678 2804 2677
f 2679 2806 2805
f 2679 2805 2678
f 2680 2807 2806
f 2680 2806 2679
f 2681 2808 2807
f 2681 2809 2808
f 2681 2807 2680
f 2682 2810 2809
f 2682 2809 2681
f 2683 2811 2810
f 2683 2810 2682
f 2684 2811 2683
f 2685 2812 2811
f 2685 2811 2684
f 2686 2813 2812
f 2686 2812 2685
f 2687 2814 2813
f 2687 2813 2686
f 2688 2815 2814
f 2688 2814 2687
f 2689 2816 2815
f 2689 2815 2688
f 2690 2817 2816
f 2690 2818 2817
f 2690 2816 2689
f 2691 2818 2690
f 2692 2818 2691
f 2692 2819 2818
f 2692 2820 2819
f 2693 2820 2692
f 2694 2820 2693
f 2694 2821 2820
f 2695 2821 2694
f 2695 2822 2821
f 2695 2823 2822
f 2696 2823 2695
f 2697 2823 2696
f 2697 2824 2823
f 2698 2824 2697
f 2698 2825 2824
f 2698 2826 2825
f 2699 2826 2698
f 2700 2826 2699
f 2700 2827 2826
f 2701 2827 2700
f 2701 2828 2827
f 2702 2828 2701
f 2702 2829 2828
f 2703 2829 2702
f 2703 2830 2829
f 2704 2831 2830
f 2704 2830 2703
f 2705 2832 2831
f 2705 2831 2704
f 2834 2960 2833
f 2834 2961 2960
f 2835 2962 2961
f 2835 2963 2962
f 2835 2961 2834
f 2836 2963 2835
f 2837 2964 2963
f 2837 2965 2964
f 2837 2963 2836
f 2838 2965 2837
f 2839 2966 2965
f 2839 2965 2838
f 2840 2967 2966
f 2840 2968 2967
f 2840 2966 2839
f 2841 2968 2840
f 2842 2969 2968
f 2842 2970 2969
f 2842 2968 2841
f 2843 2970 2842
f 2844 2970 2843
f 2844 2971 2970
f 2844 2972 2971
f 2845 2972 2844
f 2846 2972 2845
f 2846 2973 2972
f 2847 2973 2846
f 2847 2974 2973
f 2847 2975 2974
f 2848 2975 2847
f 2848 2976 2975
f 2849 2976 2848
f 2850 2976 2849
f 2850 2977 2976
f 2851 2977 2850
f 2851 2978 2977
f 2852 2978 2851
f 2852 2979 2978
f 2853 2979 2852
f 2853 2980 2979
f 2854 2980 2853
f 2854 2981 2980
f 2855 2981 2854
f 2855 2982 2981
f 2856 2983 2982
f 2856 2982 2855
f 2857 2984 2983
f 2857 2983 2856
f 2858 2985 2984
f 2858 2984 2857
f 2859 2986 2985
f 2859 2987 2986
f 2859 2985 2858
f 2860 2987 2859
f 2861 2988 2987
f 2861 2989 2988
f 2861 2987 2860
f 2862 2989 2861
f 2863 2990 2989
f 2863 2989 2862
f 2864 2991 2990
f 2864 2992 2991
f 2864 2990 2863
f 2865 2992 2864
f 2866 2993 2992
f 2866 2992 2865
f 2867 2994 2993
f 2867 2993 2866
f 2868 2995 2994
f 2868 2994 2867
f 2869 2996 2995
f 2869 2995 2868
f 2870 2996 2869
f 2870 2997 2996
f 2871 2997 2870
f 2871 2998 2997
f 2871 2999 2998
f 2872 2999 2871
f 2873 2999 2872
f 2873 3000 2999
f 2874 3000 2873
f 2874 3001 3000
f 2875 3001 2874
f 2875 3002 3001
f 2876 3002 2875
f 2876 3003 3002
f 2877 3003 2876
f 2877 3004 3003
f 2878 3004 2877
f 2878 3005 3004
f 2878 3006 3005
f 2879 3006 2878
f 2880 3006 2879
f 2880 3007 3006
f 2881 3007 2880
f 2881 3008 3007
f 2882 3008 2881
f 2882 3009 3008
f 2883 3009 2882
f 2883 3010 3009
f 2883 3011 3010
f 2884 3011 2883
f 2885 3011 2884
f 2885 3012 3011
f 2885 3013 3012
f 2886 3013 2885
f 2887 3013 2886
f 2887 3014 3013
f 2888 3014 2887
f 2888 3015 3014
f 2889 3015 2888
f 2889 3016 3015
f 2890 3016 2889
f 2890 3017 3016
f 2890 3018 3017
f 2891 3018 2890
f 2892 3019 3018
f 2892 3018 2891
f 2893 3020 3019
f 2893 3021 3020
f 2893 3019 2892
f 2894 3022 3021
f 2894 3021 2893
f 2895 3022 2894
f 2895 3023 3022
f 2896 3023 2895
f 2896 3024 3023
f 2897 3024 2896
f 2898 3024 2897
f 2898 3025 3024
f 2898 3026 3025
f 2899 3026 2898
f 2899 3027 3026
f 2900 3027 2899
f 2901 3027 2900
f 2901 3028 3027
f 2902 3028 2901
f 2902 3029 3028
f 2902 3030 3029
f 2903 3030 2902
f 2904 3030 2903
f 2904 3031 3030
f 2905 3031 2904
f 2905 3032 3031
f 2906 3032 2905
f 2906 3033 3032
f 2907 3033 2906
f 2907 3034 3033
f 2908 3035 3034
f 2908 3034 2907
f 2909 3036 3035
f 2909 3035 2908
f 2910 3037 3036
f 2910 3036 2909
f 2911 3038 3037
f 2911 3037 2910
f 2912 3039 3038
f 2912 3038 2911
f 2913 3040 3039
f 2913 3039 2912
f 2914 3041 3040
f 2914 3040 2913
f 2915 3042 3041
f 2915 3041 2914
f 2916 3043 3042
f 2916 3044 3043
f 2916 3042 2915
f 2917 3044 2916
f 2918 3045 3044
f 2918 3044 2917
f 2919 3046 3045
f 2919 3047 3046
f 2919 3045 2918
f 2920 3047 2919
f 2921 3047 2920
f 2921 3048 3047
f 2922 3048 2921
f 2922 3049 3048
f 2923 3049 2922
f 2923 3050 3049
f 2923 3051 3050
f 2924 3051 2923
f 2924 3052 3051
f 2925 3052 2924
f 2926 3053 3052
f 2926 3054 3053
f 2926 3052 2925
f 2927 3054 2926
f 2928 3055 3054
f 2928 3054 2927
f 2929 3056 3055
f 2929 3055 2928
f 2930 3057 3056
f 2930 3056 2929
f 2931 3058 3057
f 2931 3057 2930
f 2932 3059 3058
f 2932 3058 2931
f 2933 3060 3059
f 2933 3059 2932
f 2934 3061 3060
f 2934 3060 2933
f 2935 3062 3061
f 2935 3063 3062
f 2935 3061 2934
f 2936 3064 3063
f 2936 3063 2935
f 2937 3065 3064
f 2937 3064 2936
f 2938 3065 2937
f 2939 3066 3065
f 2939 3065 2938
f 2940 3067 3066
f 2940 3066 2939
f 2941 3068 3067
f 2941 3067 2940
f 2942 3069 3068
f 2942 3068 2941
f 2943 3070 3069
f 2943 3069 2942
f 2944 3071 3070
f 2944 3072 3071
f 2944 3070 2943
f 2945 3072 2944
f 2946 3072 2945
f 2946 3073 3072
f 2946 3074 3073
f 2947 3074 2946
f 2948 3074 2947
f 2948 3075 3074
f 2949 3075 2948
f 2949 3076 3075
f 2949 3077 3076
f 2950 3077 2949
f 2951 3077 2950
f 2951 3078 3077
f 2952 3078 2951
f 2952 3079 3078
f 2952 3080 3079
f 2953 3080 2952
f 2954 3080 2953
f 2954 3081 3080
f 2955 3081 2954
f 2955 3082 3081
f 2956 3082 2955
f 2956 3083 3082
f 2957 3083 2956
f 2957 3084 3083
f 2958 3085 3084
f 2958 3084 2957
f 2959 3086 3085
f 2959 3085 2958
f 3088 3214 3087
f 3088 3215 3214
f 3089 3216 3215
f 3089 3217 3216
f 3089 3215 3088
f 3090 3217 3089
f 3091 3218 3217
f 3091 3219 3218
f 3091 3217 3090
f 3092 3219 3091
f 3093 3220 3219
f 3093 3219 3092
f 3094 3221 3220
f 3094 3222 3221
f 3094 3220 3093
f 3095 3222 3094
f 3096 3223 3222
f 3096 3224 3223
f 3096 3222 3095
f 3097 3224 3096
f 3098 3224 3097
f 3098 3225 3224
f 3098 3226 3225
f 3099 3226 3098
f 3100 3226 3099
f 3100 3227 3226
f 3101 3227 3100
f 3101 3228 3227
f 3101 3229 3228
f 3102 3229 3101
f 3102 3230 3229
f 3103 3230 3102
f 3104 3230 3103
f 3104 3231 3230
f 3105 3231 3104
f 3105 3232 3231
f 3106 3232 3105
f 3106 3233 3232
f 3107 3233 3106
f 3107 3234 3233
f 3108 3234 3107
f 3108 3235 3234
f 3109 3235 3108
f 3109 3236 3235
f 3110 3237 3236
f 3110 3236 3109
f 3111 3238 3237
f 3111 3237 3110
f 3112 3239 3238
f 3112 3238 3111
f 3113 3240 3239
f 3113 3241 3240
f 3113 3239 3112
f 3114 3241 3113
f 3115 3242 3241
f 3115 3243 3242
f 3115 3241 3114
f 3116 3243 3115
f 3117 3244 3243
f 3117 3243 3116
f 3118 3245 3244
f 3118 3246 3245
f 3118 3244 3117
f 3119 3246 3118
f 3120 3247 3246
f 3120 3246 3119
f 3121 3248 3247
f 3121 3247 3120
f 3122 3249 3248
f 3122 3248 3121
f 3123 3250 3249
f 3123 3249 3122
f 3124 3250 3123
f 3124 3251 3250
f 3125 3251 3124
f 3125 3252 3251
f 3125 3253 3252
f 3126 3253 3125
f 3127 3253 3126
f 3127 3254 3253
f 3128 3254 3127
f 3128 3255 3254
f 3129 3255 3128
f 3129 3256 3255
f 3130 3256 3129
f 3130 3257 3256
f 3131 3257 3130
f 3131 3258 3257
f 3132 3258 3131
f 3132 3259 3258
f 3132 3260 3259
f 3133 3260 3132
f 3134 3260 3133
f 3134 3261 3260
f 3135 3261 3134
f 3135 3262 3261
f 3136 3262 3135
f 3136 3263 3262
f 3137 3263 3136
f 3137 3264 3263
f 3137 3265 3264
f 3138 3265 3137
f 3139 3265 3138
f 3139 3266 3265
f 3139 3267 3266
f 3140 3267 3139
f 3141 3267 3140
f 3141 3268 3267
f 3142 3268 3141
f 3142 3269 3268
f 3143 3269 3142
f 3143 3270 3269
f 3144 3270 3143
f 3144 3271 3270
f 3144 3272 3271
f 3145 3272 3144
f 3146 3273 3272
f 3146 3272 3145
f 3147 3274 3273
f 3147 3275 3274
f 3147 3273 3146
f 3148 3276 3275
f 3148 3275 3147
f 3149 3276 3148
f 3149 3277 3276
f 3150 3277 3149
f 3150 3278 3277
f 3151 3278 3150
f 3152 3278 3151
f 3152 3279 3278
f 3152 3280 3279
f 3153 3280 3152
f 3153 3281 3280
f 3154 3281 3153
f 3155 3281 3154
f 3155 3282 3281
f 3156 3282 3155
f 3156 3283 3282
f 3156 3284 3283
f 3157 3284 3156
f 3158 3284 3157
f 3158 3285 3284
f 3159 3285 3158
f 3159 3286 3285
f 3160 3286 3159
f 3160 3287 3286
f 3161 3287 3160
f 3161 3288 3287
f 3162 3289 3288
f 3162 3288 3161
f 3163 3290 3289
f 3163 3289 3162
f 3164 3291 3290
f 3164 3290 3163
f 3165 3292 3291
f 3165 3291 3164
f 3166 3293 3292
f 3166 3292 3165
f 3167 3294 3293
f 3167 3293 3166
f 3168 3295 3294
f 3168 3294 3167
f 3169 3296 3295
f 3169 3295 3168
f 3170 3297 3296
f 3170 3298 3297
f 3170 3296 3169
f 3171 3298 3170
f 3172 3299 3298
f 3172 3298 3171
f 3173 3300 3299
f 3173 3301 3300
f 3173 3299 3172
f 3174 3301 3173
f 3175 3301 3174
f 3175 3302 3301
f 3176 3302 3175
f 3176 3303 3302
f 3177 3303 3176
f 3177 3304 3303
f 3177 3305 3304
f 3178 3305 3177
f 3178 3306 3305
f 3179 3306 3178
f 3180 3307 3306
f 3180 3308 3307
f 3180 3306 3179
f 3181 3308 3180
f 3182 3309 3308
f 3182 3308 3181
f 3183 3310 3309
f 3183 3309 3182
f 3184 3311 3310
f 3184 3310 3183
f 3185 3312 3311
f 3185 3311 3184
f 3186 3313 3312
f 3186 3312 3185
f 3187 3314 3313
f 3187 3313 3186
f 3188 3315 3314
f 3188 3314 3187
f 3189 3316 3315
f 3189 3317 3316
f 3189 3315 3188
f 3190 3318 3317
f 3190 3317 3189
f 3191 3319 3318
f 3191 3318 3190
f 3192 3319 3191
f 3193 3320 3319
f 3193 3319 3192
f 3194 3321 3320
f 3194 3320 3193
f 3195 3322 3321
f 3195 3321 3194
f 3196 3323 3322
f 3196 3322 3195
f 3197 3324 3323
f 3197 3323 3196
f 3198 3325 3324
f 3198 3326 3325
f 3198 3324 3197
f 3199 3326 3198
f 3200 3326 3199
f 3200 3327 3326
f 3200 3328 3327
f 3201 3328 3200
f 3202 3328 3201
f 3202 3329 3328
f 3203 3329 3202
f 3203 3330 3329
f 3203 3331 3330
f 3204 3331 3203
f 3205 3331 3204
f 3205 3332 3331
f 3206 3332 3205
f 3206 3333 3332
f 3206 3334 3333
f 3207 3334 3206
f 3208 3334 3207
f 3208 3335 3334
f 3209 3335 3208
f 3209 3336 3335
f 3210 3336 3209
f 3210 3337 3336
f 3211 3337 3210
f 3211 3338 3337
f 3212 3339 3338
f 3212 3338 3211
f 3213 3340 3339
f 3213 3339 3212
f 3545 3419 3420
f 3545 3420 3546
f 3547 3420 3421
f 3547 3546 3420
f 3544 3419 3545
f 3544 3418 3419
f 3548 3547 3421
f 3548 3421 3422
f 3543 3418 3544
f 3543 3417 3418
f 3549 3422 3423
f 3549 3548 3422
f 3542 3417 3543
f 3542 3416 3417
f 3550 3549 3423
f 3550 3423 3424
f 3541 3416 3542
f 3541 3415 3416
f 3551 3550 3424
f 3551 3424 3425
f 3551 3425 3426
f 3540 3415 3541
f 3540 3414 3415
f 3552 3551 3426
f 3539 3414 3540
f 3539 3413 3414
f 3553 3552 3426
f 3553 3426 3427
f 3538 3413 3539
f 3538 3412 3413
f 3554 3553 3427
f 3554 3427 3428
f 3537 3412 3538
f 3537 3411 3412
f 3555 3554 3428
f 3555 3428 3429
f 3536 3411 3537
f 3536 3410 3411
f 3556 3555 3429
f 3556 3429 3430
f 3535 3409 3410
f 3535 3410 3536
f 3557 3556 3430
f 3557 3430 3431
f 3534 3409 3535
f 3534 3408 3409
f 3558 3557 3431
f 3558 3431 3432
f 3533 3407 3408
f 3533 3408 3534
f 3559 3558 3432
f 3559 3432 3433
f 3559 3433 3434
f 3532 3407 3533
f 3532 3405 3406
f 3532 3406 3407
f 3560 3559 3434
f 3531 3405 3532
f 3561 3434 3435
f 3561 3435 3436
f 3561 3560 3434
f 3530 3404 3405
f 3530 3405 3531
f 3562 3561 3436
f 3529 3403 3404
f 3529 3404 3530
f 3563 3562 3436
f 3563 3436 3437
f 3528 3403 3529
f 3528 3402 3403
f 3564 3563 3437
f 3564 3437 3438
f 3527 3401 3402
f 3527 3402 3528
f 3565 3564 3438
f 3565 3438 3439
f 3526 3401 3527
f 3526 3400 3401
f 3566 3565 3439
f 3566 3439 3440
f 3525 3400 3526
f 3525 3398 3399
f 3525 3399 3400
f 3567 3566 3440
f 3567 3440 3441
f 3524 3398 3525
f 3568 3441 3442
f 3568 3567 3441
f 3523 3398 3524
f 3523 3397 3398
f 3569 3442 3443
f 3569 3443 3444
f 3569 3568 3442
f 3522 3397 3523
f 3522 3396 3397
f 3570 3569 3444
f 3521 3396 3522
f 3521 3395 3396
f 3571 3444 3445
f 3571 3570 3444
f 3520 3394 3395
f 3520 3395 3521
f 3572 3445 3446
f 3572 3571 3445
f 3519 3394 3520
f 3519 3393 3394
f 3573 3446 3447
f 3573 3572 3446
f 3518 3392 3393
f 3518 3393 3519
f 3574 3447 3448
f 3574 3573 3447
f 3517 3391 3392
f 3517 3392 3518
f 3575 3448 3449
f 3575 3574 3448
f 3516 3390 3391
f 3516 3391 3517
f 3576 3449 3450
f 3576 3575 3449
f 3515 3389 3390
f 3515 3390 3516
f 3577 3450 3451
f 3577 3576 3450
f 3388 3515 3514
f 3388 3389 3515
f 3452 3578 3577
f 3452 3577 3451
f 3579 3578 3452
f 3387 3388 3514
f 3387 3514 3513
f 3453 3579 3452
f 3386 3513 3512
f 3386 3387 3513
f 3454 3579 3453
f 3454 3580 3579
f 3454 3581 3580
f 3385 3386 3512
f 3385 3512 3511
f 3455 3581 3454
f 3384 3385 3511
f 3384 3510 3509
f 3384 3511 3510
f 3456 3582 3581
f 3456 3581 3455
f 3383 3384 3509
f 3457 3582 3456
f 3457 3583 3582
f 3457 3584 3583
f 3382 3383 3509
f 3382 3509 3508
f 3458 3584 3457
f 3458 3585 3584
f 3381 3507 3506
f 3381 3508 3507
f 3381 3382 3508
f 3459 3585 3458
f 3380 3381 3506
f 3460 3586 3585
f 3460 3585 3459
f 3379 3506 3505
f 3379 3380 3506
f 3461 3587 3586
f 3461 3586 3460
f 3378 3379 3505
f 3378 3505 3504
f 3462 3588 3587
f 3462 3587 3461
f 3377 3378 3504
f 3377 3503 3502
f 3377 3504 3503
f 3463 3588 3462
f 3463 3589 3588
f 3376 3377 3502
f 3464 3589 3463
f 3464 3590 3589
f 3375 3376 3502
f 3375 3501 3500
f 3375 3502 3501
f 3465 3590 3464
f 3465 3591 3590
f 3374 3375 3500
f 3466 3592 3591
f 3466 3467 3592
f 3466 3591 3465
f 3373 3500 3499
f 3373 3374 3500
f 3341 3467 3466
f 3372 3498 3497
f 3372 3499 3498
f 3372 3373 3499
f 3342 3468 3467
f 3342 3467 3341
f 3371 3372 3497
f 3343 3469 3468
f 3343 3468 3342
f 3370 3497 3496
f 3370 3371 3497
f 3344 3470 3469
f 3344 3469 3343
f 3369 3495 3494
f 3369 3496 3495
f 3369 3370 3496
f 3345 3471 3470
f 3345 3470 3344
f 3368 3369 3494
f 3346 3471 3345
f 3346 3472 3471
f 3367 3368 3494
f 3367 3494 3493
f 3347 3473 3472
f 3347 3472 3346
f 3366 3367 3493
f 3366 3493 3492
f 3348 3474 3473
f 3348 3475 3474
f 3348 3473 3347
f 3365 3366 3492
f 3365 3491 3490
f 3365 3492 3491
f 3349 3475 3348
f 3349 3476 3475
f 3364 3365 3490
f 3364 3490 3489
f 3350 3476 3349
f 3363 3364 3489
f 3351 3476 3350
f 3351 3477 3476
f 3362 3363 3489
f 3362 3489 3488
f 3352 3478 3477
f 3352 3477 3351
f 3361 3362 3488
f 3361 3488 3487
f 3353 3478 3352
f 3353 3479 3478
f 3353 3480 3479
f 3360 3361 3487
f 3360 3487 3486
f 3354 3480 3353
f 3359 3360 3486
f 3359 3485 3484
f 3359 3486 3485
f 3355 3480 3354
f 3355 3481 3480
f 3358 3359 3484
f 3356 3482 3481
f 3356 3481 3355
f 3357 3483 3482
f 3357 3484 3483
f 3357 3482 3356
f 3357 3358 3484
f 3797 3671 3672
f 3797 3672 3798
f 3799 3672 3673
f 3799 3798 3672
f 3796 3671 3797
f 3796 3670 3671
f 3800 3799 3673
f 3800 3673 3674
f 3795 3670 3796
f 3795 3669 3670
f 3801 3674 3675
f 3801 3800 3674
f 3794 3669 3795
f 3794 3668 3669
f 3802 3801 3675
f 3802 3675 3676
f 3793 3668 3794
f 3793 3667 3668
f 3803 3802 3676
f 3803 3676 3677
f 3803 3677 3678
f 3792 3667 3793
f 3792 3666 3667
f 3804 3803 3678
f 3791 3666 3792
f 3791 3665 3666
f 3805 3804 3678
f 3805 3678 3679
f 3790 3665 3791
f 3790 3664 3665
f 3806 3805 3679
f 3806 3679 3680
f 3789 3664 3790
f 3789 3663 3664
f 3807 3806 3680
f 3807 3680 3681
f 3788 3663 3789
f 3788 3662 3663
f 3808 3807 3681
f 3808 3681 3682
f 3787 3661 3662
f 3787 3662 3788
f 3809 3808 3682
f 3809 3682 3683
f 3786 3661 3787
f 3786 3660 3661
f 3810 3809 3683
f 3810 3683 3684
f 3785 3659 3660
f 3785 3660 3786
f 3811 3810 3684
f 3811 3684 3685
f 3811 3685 3686
f 3784 3659 3785
f 3784 3657 3658
f 3784 3658 3659
f 3812 3811 3686
f 3783 3657 3784
f 3813 3686 3687
f 3813 3687 3688
f 3813 3812 3686
f 3782 3656 3657
f 3782 3657 3783
f 3814 3813 3688
f 3781 3655 3656
f 3781 3656 3782
f 3815 3814 3688
f 3815 3688 3689
f 3780 3655 3781
f 3780 3654 3655
f 3816 3815 3689
f 3816 3689 3690
f 3779 3653 3654
f 3779 3654 3780
f 3817 3816 3690
f 3817 3690 3691
f 3778 3653 3779
f 3778 3652 3653
f 3818 3817 3691
f 3818 3691 3692
f 3777 3652 3778
f 3777 3650 3651
f 3777 3651 3652
f 3819 3818 3692
f 3819 3692 3693
f 3776 3650 3777
f 3820 3693 3694
f 3820 3819 3693
f 3775 3650 3776
f 3775 3649 3650
f 3821 3694 3695
f 3821 3695 3696
f 3821 3820 3694
f 3774 3649 3775
f 3774 3648 3649
f 3822 3821 3696
f 3773 3648 3774
f 3773 3647 3648
f 3823 3696 3697
f 3823 3822 3696
f 3772 3646 3647
f 3772 3647 3773
f 3824 3697 3698
f 3824 3823 3697
f 3771 3646 3772
f 3771 3645 3646
f 3825 3698 3699
f 3825 3824 3698
f 3770 3644 3645
f 3770 3645 3771
f 3826 3699 3700
f 3826 3825 3699
f 3769 3643 3644
f 3769 3644 3770
f 3827 3700 3701
f 3827 3826 3700
f 3768 3642 3643
f 3768 3643 3769
f 3828 3701 3702
f 3828 3827 3701
f 3767 3641 3642
f 3767 3642 3768
f 3829 3702 3703
f 3829 3828 3702
f 3640 3767 3766
f 3640 3641 3767
f 3704 3830 3829
f 3704 3829 3703
f 3831 3830 3704
f 3639 3640 3766
f 3639 3766 3765
f 3705 3831 3704
f 3638 3765 3764
f 3638 3639 3765
f 3706 3831 3705
f 3706 3832 3831
f 3706 3833 3832
f 3637 3638 3764
f 3637 3764 3763
f 3707 3833 3706
f 3636 3637 3763
f 3636 3762 3761
f 3636 3763 3762
f 3708 3834 3833
f 3708 3833 3707
f 3635 3636 3761
f 3709 3834 3708
f 3709 3835 3834
f 3709 3836 3835
f 3634 3635 3761
f 3634 3761 3760
f 3710 3836 3709
f 3710 3837 3836
f 3633 3759 3758
f 3633 3760 3759
f 3633 3634 3760
f 3711 3837 3710
f 3632 3633 3758
f 3712 3838 3837
f 3712 3837 3711
f 3631 3758 3757
f 3631 3632 3758
f 3713 3839 3838
f 3713 3838 3712
f 3630 3631 3757
f 3630 3757 3756
f 3714 3840 3839
f 3714 3839 3713
f 3629 3630 3756
f 3629 3755 3754
f 3629 3756 3755
f 3715 3840 3714
f 3715 3841 3840
f 3628 3629 3754
f 3716 3841 3715
f 3716 3842 3841
f 3627 3628 3754
f 3627 3753 3752
f 3627 3754 3753
f 3717 3842 3716
f 3717 3843 3842
f 3626 3627 3752
f 3718 3844 3843
f 3718 3719 3844
f 3718 3843 3717
f 3625 3752 3751
f 3625 3626 3752
f 3593 3719 3718
f 3624 3750 3749
f 3624 3751 3750
f 3624 3625 3751
f 3594 3720 3719
f 3594 3719 3593
f 3623 3624 3749
f 3595 3721 3720
f 3595 3720 3594
f 3622 3749 3748
f 3622 3623 3749
f 3596 3722 3721
f 3596 3721 3595
f 3621 3747 3746
f 3621 3748 3747
f 3621 3622 3748
f 3597 3723 3722
f 3597 3722 3596
f 3620 3621 3746
f 3598 3723 3597
f 3598 3724 3723
f 3619 3620 3746
f 3619 3746 3745
f 3599 3725 3724
f 3599 3724 3598
f 3618 3619 3745
f 3618 3745 3744
f 3600 3726 3725
f 3600 3727 3726
f 3600 3725 3599
f 3617 3618 3744
f 3617 3743 3742
f 3617 3744 3743
f 3601 3727 3600
f 3601 3728 3727
f 3616 3617 3742
f 3616 3742 3741
f 3602 3728 3601
f 3615 3616 3741
f 3603 3728 3602
f 3603 3729 3728
f 3614 3615 3741
f 3614 3741 3740
f 3604 3730 3729
f 3604 3729 3603
f 3613 3614 3740
f 3613 3740 3739
f 3605 3730 3604
f 3605 3731 3730
f 3605 3732 3731
f 3612 3613 3739
f 3612 3739 3738
f 3606 3732 3605
f 3611 3612 3738
f 3611 3737 3736
f 3611 3738 3737
f 3607 3732 3606
f 3607 3733 3732
f 3610 3611 3736
f 3608 3734 3733
f 3608 3733 3607
f 3609 3735 3734
f 3609 3736 3735
f 3609 3734 3608
f 3609 3610 3736
f 4049 3923 3924
f 4049 3924 4050
f 4051 3924 3925
f 4051 4050 3924
f 4048 3923 4049
f 4048 3922 3923
f 4052 4051 3925
f 4052 3925 3926
f 4047 3922 4048
f 4047 3921 3922
f 4053 3926 3927
f 4053 4052 3926
f 4046 3921 4047
f 4046 3920 3921
f 4054 4053 3927
f 4054 3927 3928
f 4045 3920 4046
f 4045 3919 3920
f 4055 4054 3928
f 4055 3928 3929
f 4055 3929 3930
f 4044 3919 4045
f 4044 3918 3919
f 4056 4055 3930
f 4043 3918 4044
f 4043 3917 3918
f 4057 4056 3930
f 4057 3930 3931
f 4042 3917 4043
f 4042 3916 3917
f 4058 4057 3931
f 4058 3931 3932
f 4041 3916 4042
f 4041 3915 3916
f 4059 4058 3932
f 4059 3932 3933
f 4040 3915 4041
f 4040 3914 3915
f 4060 4059 3933
f 4060 3933 3934
f 4039 3913 3914
f 4039 3914 4040
f 4061 4060 3934
f 4061 3934 3935
f 4038 3913 4039
f 4038 3912 3913
f 4062 4061 3935
f 4062 3935 3936
f 4037 3911 3912
f 4037 3912 4038
f 4063 4062 3936
f 4063 3936 3937
f 4063 3937 3938
f 4036 3911 4037
f 4036 3909 3910
f 4036 3910 3911
f 4064 4063 3938
f 4035 3909 4036
f 4065 3938 3939
f 4065 3939 3940
f 4065 4064 3938
f 4034 3908 3909
f 4034 3909 4035
f 4066 4065 3940
f 4033 3907 3908
f 4033 3908 4034
f 4067 4066 3940
f 4067 3940 3941
f 4032 3907 4033
f 4032 3906 3907
f 4068 4067 3941
f 4068 3941 3942
f 4031 3905 3906
f 4031 3906 4032
f 4069 4068 3942
f 4069 3942 3943
f 4030 3905 4031
f 4030 3904 3905
f 4070 4069 3943
f 4070 3943 3944
f 4029 3904 4030
f 4029 3902 3903
f 4029 3903 3904
f 4071 4070 3944
f 4071 3944 3945
f 4028 3902 4029
f 4072 3945 3946
f 4072 4071 3945
f 4027 3902 4028
f 4027 3901 3902
f 4073 3946 3947
f 4073 3947 3948
f 4073 4072 3946
f 4026 3901 4027
f 4026 3900 3901
f 4074 4073 3948
f 4025 3900 4026
f 4025 3899 3900
f 4075 3948 3949
f 4075 4074 3948
f 4024 3898 3899
f 4024 3899 4025
f 4076 3949 3950
f 4076 4075 3949
f 4023 3898 4024
f 4023 3897 3898
f 4077 3950 3951
f 4077 4076 3950
f 4022 3896 3897
f 4022 3897 4023
f 4078 3951 3952
f 4078 4077 3951
f 4021 3895 3896
f 4021 3896 4022
f 4079 3952 3953
f 4079 4078 3952
f 4020 3894 3895
f 4020 3895 4021
f 4080 3953 3954
f 4080 4079 3953
f 4019 3893 3894
f 4019 3894 4020
f 4081 3954 3955
f 4081 4080 3954
f 3892 4019 4018
f 3892 3893 4019
f 3956 4082 4081
f 3956 4081 3955
f 4083 4082 3956
f 3891 3892 4018
f 3891 4018 4017
f 3957 4083 3956
f 3890 4017 4016
f 3890 3891 4017
f 3958 4083 3957
f 3958 4084 4083
f 3958 4085 4084
f 3889 3890 4016
f 3889 4016 4015
f 3959 4085 3958
f 3888 3889 4015
f 3888 4014 4013
f 3888 4015 4014
f 3960 4086 4085
f 3960 4085 3959
f 3887 3888 4013
f 3961 4086 3960
f 3961 4087 4086
f 3961 4088 4087
f 3886 3887 4013
f 3886 4013 4012
f 3962 4088 3961
f 3962 4089 4088
f 3885 4011 4010
f 3885 4012 4011
f 3885 3886 4012
f 3963 4089 3962
f 3884 3885 4010
f 3964 4090 4089
f 3964 4089 3963
f 3883 4010 4009
f 3883 3884 4010
f 3965 4091 4090
f 3965 4090 3964
f 3882 3883 4009
f 3882 4009 4008
f 3966 4092 4091
f 3966 4091 3965
f 3881 3882 4008
f 3881 4007 4006
f 3881 4008 4007
f 3967 4092 3966
f 3967 4093 4092
f 3880 3881 4006
f 3968 4093 3967
f 3968 4094 4093
f 3879 3880 4006
f 3879 4005 4004
f 3879 4006 4005
f 3969 4094 3968
f 3969 4095 4094
f 3878 3879 4004
f 3970 4096 4095
f 3970 3971 4096
f 3970 4095 3969
f 3877 4004 4003
f 3877 3878 4004
f 3845 3971 3970
f 3876 4002 4001
f 3876 4003 4002
f 3876 3877 4003
f 3846 3972 3971
f 3846 3971 3845
f 3875 3876 4001
f 3847 3973 3972
f 3847 3972 3846
f 3874 4001 4000
f 3874 3875 4001
f 3848 3974 3973
f 3848 3973 3847
f 3873 3999 3998
f 3873 4000 3999
f 3873 3874 4000
f 3849 3975 3974
f 3849 3974 3848
f 3872 3873 3998
f 3850 3975 3849
f 3850 3976 3975
f 3871 3872 3998
f 3871 3998 3997
f 3851 3977 3976
f 3851 3976 3850
f 3870 3871 3997
f 3870 3997 3996
f 3852 3978 3977
f 3852 3979 3978
f 3852 3977 3851
f 3869 3870 3996
f 3869 3995 3994
f 3869 3996 3995
f 3853 3979 3852
f 3853 3980 3979
f 3868 3869 3994
f 3868 3994 3993
f 3854 3980 3853
f 3867 3868 3993
f 3855 3980 3854
f 3855 3981 3980
f 3866 3867 3993
f 3866 3993 3992
f 3856 3982 3981
f 3856 3981 3855
f 3865 3866 3992
f 3865 3992 3991
f 3857 3982 3856
f 3857 3983 3982
f 3857 3984 3983
f 3864 3865 3991
f 3864 3991 3990
f 3858 3984 3857
f 3863 3864 3990
f 3863 3989 3988
f 3863 3990 3989
f 3859 3984 3858
f 3859 3985 3984
f 3862 3863 3988
f 3860 3986 3985
f 3860 3985 3859
f 3861 3987 3986
f 3861 3988 3987
f 3861 3986 3860
f 3861 3862 3988
