# Cadless export: model
v 140 0 2
v 140 0 30
v 140 0 30
v 139.826 6.97842 30
v 139.304 13.9395 30
v 138.436 20.8659 30
v 137.224 27.7405 30
v 135.671 34.546 30
v 133.78 41.2657 30
v 131.557 47.8828 30
v 129.007 54.3809 30
v 126.136 60.7437 30
v 122.951 66.9556 30
v 119.461 73.0009 30
v 115.673 78.8648 30
v 111.599 84.5326 30
v 107.246 89.9903 30
v 102.627 95.2242 30
v 97.7532 100.221 30
v 92.636 104.969 30
v 87.2886 109.456 30
v 81.7241 113.671 30
v 75.9565 117.604 30
v 70 121.244 30
v 63.8695 124.582 30
v 57.5802 127.611 30
v 51.1477 130.322 30
v 44.5881 132.71 30
v 37.9177 134.767 30
v 31.1529 136.49 30
v 24.3107 137.873 30
v 17.4081 138.913 30
v 10.4622 139.609 30
v 3.4903 139.956 30
v -3.4903 139.956 30
v -10.4622 139.609 30
v -17.4081 138.913 30
v -24.3107 137.873 30
v -31.1529 136.49 30
v -37.9177 134.767 30
v -44.5881 132.71 30
v -51.1477 130.322 30
v -57.5802 127.611 30
v -63.8695 124.582 30
v -70 121.244 30
v -75.9565 117.604 30
v -81.7241 113.671 30
v -87.2886 109.456 30
v -92.636 104.969 30
v -97.7532 100.221 30
v -102.627 95.2242 30
v -107.246 89.9903 30
v -111.599 84.5326 30
v -115.673 78.8648 30
v -119.461 73.0009 30
v -122.951 66.9556 30
v -126.136 60.7437 30
v -129.007 54.3809 30
v -131.557 47.8828 30
v -133.78 41.2657 30
v -135.671 34.546 30
v -137.224 27.7405 30
v -138.436 20.8659 30
v -139.304 13.9395 30
v -139.826 6.97842 30
v -140 -4.80235e-13 30
v -139.826 -6.97842 30
v -139.304 -13.9395 30
v -138.436 -20.8659 30
v -137.224 -27.7405 30
v -135.671 -34.546 30
v -133.78 -41.2657 30
v -131.557 -47.8828 30
v -129.007 -54.3809 30
v -126.136 -60.7437 30
v -122.951 -66.9556 30
v -119.461 -73.0009 30
v -115.673 -78.8648 30
v -111.599 -84.5326 30
v -107.246 -89.9903 30
v -102.627 -95.2242 30
v -97.7532 -100.221 30
v -92.636 -104.969 30
v -87.2886 -109.456 30
v -81.7241 -113.671 30
v -75.9565 -117.604 30
v -70 -121.244 30
v -63.8695 -124.582 30
v -57.5802 -127.611 30
v -51.1477 -130.322 30
v -44.5881 -132.71 30
v -37.9177 -134.767 30
v -31.1529 -136.49 30
v -24.3107 -137.873 30
v -17.4081 -138.913 30
v -10.4622 -139.609 30
v -3.4903 -139.956 30
v 3.4903 -139.956 30
v 10.4622 -139.609 30
v 17.4081 -138.913 30
v 24.3107 -137.873 30
v 31.1529 -136.49 30
v 37.9177 -134.767 30
v 44.5881 -132.71 30
v 51.1477 -130.322 30
v 57.5802 -127.611 30
v 63.8695 -124.582 30
v 70 -121.244 30
v 75.9565 -117.604 30
v 81.7241 -113.671 30
v 87.2886 -109.456 30
v 92.636 -104.969 30
v 97.7532 -100.221 30
v 102.627 -95.2242 30
v 107.246 -89.9903 30
v 111.599 -84.5326 30
v 115.673 -78.8648 30
v 119.461 -73.0009 30
v 122.951 -66.9556 30
v 126.136 -60.7437 30
v 129.007 -54.3809 30
v 131.557 -47.8828 30
v 133.78 -41.2657 30
v 135.671 -34.546 30
v 137.224 -27.7405 30
v 138.436 -20.8659 30
v 139.304 -13.9395 30
v 139.826 -6.97842 30
v 140 0 2
v 139.826 6.97842 2
v 139.304 13.9395 2
v 138.436 20.8659 2
v 137.224 27.7405 2
v 135.671 34.546 2
v 133.78 41.2657 2
v 131.557 47.8828 2
v 129.007 54.3809 2
v 126.136 60.7437 2
v 122.951 66.9556 2
v 119.461 73.0009 2
v 115.673 78.8648 2
v 111.599 84.5326 2
v 107.246 89.9903 2
v 102.627 95.2242 2
v 97.7532 100.221 2
v 92.636 104.969 2
v 87.2886 109.456 2
v 81.7241 113.671 2
v 75.9565 117.604 2
v 70 121.244 2
v 63.8695 124.582 2
v 57.5802 127.611 2
v 51.1477 130.322 2
v 44.5881 132.71 2
v 37.9177 134.767 2
v 31.1529 136.49 2
v 24.3107 137.873 2
v 17.4081 138.913 2
v 10.4622 139.609 2
v 3.4903 139.956 2
v -3.4903 139.956 2
v -10.4622 139.609 2
v -17.4081 138.913 2
v -24.3107 137.873 2
v -31.1529 136.49 2
v -37.9177 134.767 2
v -44.5881 132.71 2
v -51.1477 130.322 2
v -57.5802 127.611 2
v -63.8695 124.582 2
v -70 121.244 2
v -75.9565 117.604 2
v -81.7241 113.671 2
v -87.2886 109.456 2
v -92.636 104.969 2
v -97.7532 100.221 2
v -102.627 95.2242 2
v -107.246 89.9903 2
v -111.599 84.5326 2
v -115.673 78.8648 2
v -119.461 73.0009 2
v -122.951 66.9556 2
v -126.136 60.7437 2
v -129.007 54.3809 2
v -131.557 47.8828 2
v -133.78 41.2657 2
v -135.671 34.546 2
v -137.224 27.7405 2
v -138.436 20.8659 2
v -139.304 13.9395 2
v -139.826 6.97842 2
v -140 -4.80235e-13 2
v -139.826 -6.97842 2
v -139.304 -13.9395 2
v -138.436 -20.8659 2
v -137.224 -27.7405 2
v -135.671 -34.546 2
v -133.78 -41.2657 2
v -131.557 -47.8828 2
v -129.007 -54.3809 2
v -126.136 -60.7437 2
v -122.951 -66.9556 2
v -119.461 -73.0009 2
v -115.673 -78.8648 2
v -111.599 -84.5326 2
v -107.246 -89.9903 2
v -102.627 -95.2242 2
v -97.7532 -100.221 2
v -92.636 -104.969 2
v -87.2886 -109.456 2
v -81.7241 -113.671 2
v -75.9565 -117.604 2
v -70 -121.244 2
v -63.8695 -124.582 2
v -57.5802 -127.611 2
v -51.1477 -130.322 2
v -44.5881 -132.71 2
v -37.9177 -134.767 2
v -31.1529 -136.49 2
v -24.3107 -137.873 2
v -17.4081 -138.913 2
v -10.4622 -139.609 2
v -3.4903 -139.956 2
v 3.4903 -139.956 2
v 10.4622 -139.609 2
v 17.4081 -138.913 2
v 24.3107 -137.873 2
v 31.1529 -136.49 2
v 37.9177 -134.767 2
v 44.5881 -132.71 2
v 51.1477 -130.322 2
v 57.5802 -127.611 2
v 63.8695 -124.582 2
v 70 -121.244 2
v 75.9565 -117.604 2
v 81.7241 -113.671 2
v 87.2886 -109.456 2
v 92.636 -104.969 2
v 97.7532 -100.221 2
v 102.627 -95.2242 2
v 107.246 -89.9903 2
v 111.599 -84.5326 2
v 115.673 -78.8648 2
v 119.461 -73.0009 2
v 122.951 -66.9556 2
v 126.136 -60.7437 2
v 129.007 -54.3809 2
v 131.557 -47.8828 2
v 133.78 -41.2657 2
v 135.671 -34.546 2
v 137.224 -27.7405 2
v 138.436 -20.8659 2
v 139.304 -13.9395 2
v 139.826 -6.97842 2
v 140 0 2
v 138 0 0
v 139.826 6.97842 2
v 139.304 13.9395 2
v 138.436 20.8659 2
v 137.224 27.7405 2
v 135.671 34.546 2
v 133.78 41.2657 2
v 131.557 47.8828 2
v 129.007 54.3809 2
v 126.136 60.7437 2
v 122.951 66.9556 2
v 119.461 73.0009 2
v 115.673 78.8648 2
v 111.599 84.5326 2
v 107.246 89.9903 2
v 102.627 95.2242 2
v 97.7532 100.221 2
v 92.636 104.969 2
v 87.2886 109.456 2
v 81.7241 113.671 2
v 75.9565 117.604 2
v 70 121.244 2
v 63.8695 124.582 2
v 57.5802 127.611 2
v 51.1477 130.322 2
v 44.5881 132.71 2
v 37.9177 134.767 2
v 31.1529 136.49 2
v 24.3107 137.873 2
v 17.4081 138.913 2
v 10.4622 139.609 2
v 3.4903 139.956 2
v -3.4903 139.956 2
v -10.4622 139.609 2
v -17.4081 138.913 2
v -24.3107 137.873 2
v -31.1529 136.49 2
v -37.9177 134.767 2
v -44.5881 132.71 2
v -51.1477 130.322 2
v -57.5802 127.611 2
v -63.8695 124.582 2
v -70 121.244 2
v -75.9565 117.604 2
v -81.7241 113.671 2
v -87.2886 109.456 2
v -92.636 104.969 2
v -97.7532 100.221 2
v -102.627 95.2242 2
v -107.246 89.9903 2
v -111.599 84.5326 2
v -115.673 78.8648 2
v -119.461 73.0009 2
v -122.951 66.9556 2
v -126.136 60.7437 2
v -129.007 54.3809 2
v -131.557 47.8828 2
v -133.78 41.2657 2
v -135.671 34.546 2
v -137.224 27.7405 2
v -138.436 20.8659 2
v -139.304 13.9395 2
v -139.826 6.97842 2
v -140 -4.80235e-13 2
v -139.826 -6.97842 2
v -139.304 -13.9395 2
v -138.436 -20.8659 2
v -137.224 -27.7405 2
v -135.671 -34.546 2
v -133.78 -41.2657 2
v -131.557 -47.8828 2
v -129.007 -54.3809 2
v -126.136 -60.7437 2
v -122.951 -66.9556 2
v -119.461 -73.0009 2
v -115.673 -78.8648 2
v -111.599 -84.5326 2
v -107.246 -89.9903 2
v -102.627 -95.2242 2
v -97.7532 -100.221 2
v -92.636 -104.969 2
v -87.2886 -109.456 2
v -81.7241 -113.671 2
v -75.9565 -117.604 2
v -70 -121.244 2
v -63.8695 -124.582 2
v -57.5802 -127.611 2
v -51.1477 -130.322 2
v -44.5881 -132.71 2
v -37.9177 -134.767 2
v -31.1529 -136.49 2
v -24.3107 -137.873 2
v -17.4081 -138.913 2
v -10.4622 -139.609 2
v -3.4903 -139.956 2
v 3.4903 -139.956 2
v 10.4622 -139.609 2
v 17.4081 -138.913 2
v 24.3107 -137.873 2
v 31.1529 -136.49 2
v 37.9177 -134.767 2
v 44.5881 -132.71 2
v 51.1477 -130.322 2
v 57.5802 -127.611 2
v 63.8695 -124.582 2
v 70 -121.244 2
v 75.9565 -117.604 2
v 81.7241 -113.671 2
v 87.2886 -109.456 2
v 92.636 -104.969 2
v 97.7532 -100.221 2
v 102.627 -95.2242 2
v 107.246 -89.9903 2
v 111.599 -84.5326 2
v 115.673 -78.8648 2
v 119.461 -73.0009 2
v 122.951 -66.9556 2
v 126.136 -60.7437 2
v 129.007 -54.3809 2
v 131.557 -47.8828 2
v 133.78 -41.2657 2
v 135.671 -34.546 2
v 137.224 -27.7405 2
v 138.436 -20.8659 2
v 139.304 -13.9395 2
v 139.826 -6.97842 2
v 140 0 2
v 138 0 0
v 137.828 6.87873 0
v 137.314 13.7404 0
v 136.459 20.5678 0
v 135.264 27.3442 0
v 133.733 34.0525 0
v 131.869 40.6762 0
v 129.678 47.1988 0
v 127.164 53.604 0
v 124.334 59.876 0
v 121.195 65.999 0
v 117.754 71.9581 0
v 114.021 77.7382 0
v 110.004 83.325 0
v 105.714 88.7047 0
v 101.161 93.8638 0
v 96.3567 98.7896 0
v 91.3126 103.47 0
v 86.0416 107.893 0
v 80.5566 112.047 0
v 74.8714 115.924 0
v 69 119.512 0
v 62.9571 122.802 0
v 56.7576 125.788 0
v 50.4171 128.461 0
v 43.9512 130.814 0
v 37.376 132.842 0
v 30.7079 134.54 0
v 23.9634 135.903 0
v 17.1594 136.929 0
v 10.3128 137.614 0
v 3.44044 137.957 0
v -3.44044 137.957 0
v -10.3128 137.614 0
v -17.1594 136.929 0
v -23.9634 135.903 0
v -30.7079 134.54 0
v -37.376 132.842 0
v -43.9512 130.814 0
v -50.4171 128.461 0
v -56.7576 125.788 0
v -62.9571 122.802 0
v -69 119.512 0
v -74.8714 115.924 0
v -80.5566 112.047 0
v -86.0416 107.893 0
v -91.3126 103.47 0
v -96.3567 98.7896 0
v -101.161 93.8638 0
v -105.714 88.7047 0
v -110.004 83.325 0
v -114.021 77.7382 0
v -117.754 71.9581 0
v -121.195 65.999 0
v -124.334 59.876 0
v -127.164 53.604 0
v -129.678 47.1988 0
v -131.869 40.6762 0
v -133.733 34.0525 0
v -135.264 27.3442 0
v -136.459 20.5678 0
v -137.314 13.7404 0
v -137.828 6.87873 0
v -138 -4.73374e-13 0
v -137.828 -6.87873 0
v -137.314 -13.7404 0
v -136.459 -20.5678 0
v -135.264 -27.3442 0
v -133.733 -34.0525 0
v -131.869 -40.6762 0
v -129.678 -47.1988 0
v -127.164 -53.604 0
v -124.334 -59.876 0
v -121.195 -65.999 0
v -117.754 -71.9581 0
v -114.021 -77.7382 0
v -110.004 -83.325 0
v -105.714 -88.7047 0
v -101.161 -93.8638 0
v -96.3567 -98.7896 0
v -91.3126 -103.47 0
v -86.0416 -107.893 0
v -80.5566 -112.047 0
v -74.8714 -115.924 0
v -69 -119.512 0
v -62.9571 -122.802 0
v -56.7576 -125.788 0
v -50.4171 -128.461 0
v -43.9512 -130.814 0
v -37.376 -132.842 0
v -30.7079 -134.54 0
v -23.9634 -135.903 0
v -17.1594 -136.929 0
v -10.3128 -137.614 0
v -3.44044 -137.957 0
v 3.44044 -137.957 0
v 10.3128 -137.614 0
v 17.1594 -136.929 0
v 23.9634 -135.903 0
v 30.7079 -134.54 0
v 37.376 -132.842 0
v 43.9512 -130.814 0
v 50.4171 -128.461 0
v 56.7576 -125.788 0
v 62.9571 -122.802 0
v 69 -119.512 0
v 74.8714 -115.924 0
v 80.5566 -112.047 0
v 86.0416 -107.893 0
v 91.3126 -103.47 0
v 96.3567 -98.7896 0
v 101.161 -93.8638 0
v 105.714 -88.7047 0
v 110.004 -83.325 0
v 114.021 -77.7382 0
v 117.754 -71.9581 0
v 121.195 -65.999 0
v 124.334 -59.876 0
v 127.164 -53.604 0
v 129.678 -47.1988 0
v 131.869 -40.6762 0
v 133.733 -34.0525 0
v 135.264 -27.3442 0
v 136.459 -20.5678 0
v 137.314 -13.7404 0
v 137.828 -6.87873 0
v 140 0 30
v 138 0 32
v 139.826 6.97842 30
v 139.304 13.9395 30
v 138.436 20.8659 30
v 137.224 27.7405 30
v 135.671 34.546 30
v 133.78 41.2657 30
v 131.557 47.8828 30
v 129.007 54.3809 30
v 126.136 60.7437 30
v 122.951 66.9556 30
v 119.461 73.0009 30
v 115.673 78.8648 30
v 111.599 84.5326 30
v 107.246 89.9903 30
v 102.627 95.2242 30
v 97.7532 100.221 30
v 92.636 104.969 30
v 87.2886 109.456 30
v 81.7241 113.671 30
v 75.9565 117.604 30
v 70 121.244 30
v 63.8695 124.582 30
v 57.5802 127.611 30
v 51.1477 130.322 30
v 44.5881 132.71 30
v 37.9177 134.767 30
v 31.1529 136.49 30
v 24.3107 137.873 30
v 17.4081 138.913 30
v 10.4622 139.609 30
v 3.4903 139.956 30
v -3.4903 139.956 30
v -10.4622 139.609 30
v -17.4081 138.913 30
v -24.3107 137.873 30
v -31.1529 136.49 30
v -37.9177 134.767 30
v -44.5881 132.71 30
v -51.1477 130.322 30
v -57.5802 127.611 30
v -63.8695 124.582 30
v -70 121.244 30
v -75.9565 117.604 30
v -81.7241 113.671 30
v -87.2886 109.456 30
v -92.636 104.969 30
v -97.7532 100.221 30
v -102.627 95.2242 30
v -107.246 89.9903 30
v -111.599 84.5326 30
v -115.673 78.8648 30
v -119.461 73.0009 30
v -122.951 66.9556 30
v -126.136 60.7437 30
v -129.007 54.3809 30
v -131.557 47.8828 30
v -133.78 41.2657 30
v -135.671 34.546 30
v -137.224 27.7405 30
v -138.436 20.8659 30
v -139.304 13.9395 30
v -139.826 6.97842 30
v -140 -4.80235e-13 30
v -139.826 -6.97842 30
v -139.304 -13.9395 30
v -138.436 -20.8659 30
v -137.224 -27.7405 30
v -135.671 -34.546 30
v -133.78 -41.2657 30
v -131.557 -47.8828 30
v -129.007 -54.3809 30
v -126.136 -60.7437 30
v -122.951 -66.9556 30
v -119.461 -73.0009 30
v -115.673 -78.8648 30
v -111.599 -84.5326 30
v -107.246 -89.9903 30
v -102.627 -95.2242 30
v -97.7532 -100.221 30
v -92.636 -104.969 30
v -87.2886 -109.456 30
v -81.7241 -113.671 30
v -75.9565 -117.604 30
v -70 -121.244 30
v -63.8695 -124.582 30
v -57.5802 -127.611 30
v -51.1477 -130.322 30
v -44.5881 -132.71 30
v -37.9177 -134.767 30
v -31.1529 -136.49 30
v -24.3107 -137.873 30
v -17.4081 -138.913 30
v -10.4622 -139.609 30
v -3.4903 -139.956 30
v 3.4903 -139.956 30
v 10.4622 -139.609 30
v 17.4081 -138.913 30
v 24.3107 -137.873 30
v 31.1529 -136.49 30
v 37.9177 -134.767 30
v 44.5881 -132.71 30
v 51.1477 -130.322 30
v 57.5802 -127.611 30
v 63.8695 -124.582 30
v 70 -121.244 30
v 75.9565 -117.604 30
v 81.7241 -113.671 30
v 87.2886 -109.456 30
v 92.636 -104.969 30
v 97.7532 -100.221 30
v 102.627 -95.2242 30
v 107.246 -89.9903 30
v 111.599 -84.5326 30
v 115.673 -78.8648 30
v 119.461 -73.0009 30
v 122.951 -66.9556 30
v 126.136 -60.7437 30
v 129.007 -54.3809 30
v 131.557 -47.8828 30
v 133.78 -41.2657 30
v 135.671 -34.546 30
v 137.224 -27.7405 30
v 138.436 -20.8659 30
v 139.304 -13.9395 30
v 139.826 -6.97842 30
v 140 0 30
v 138 0 32
v 137.828 6.87873 32
v 137.314 13.7404 32
v 136.459 20.5678 32
v 135.264 27.3442 32
v 133.733 34.0525 32
v 131.869 40.6762 32
v 129.678 47.1988 32
v 127.164 53.604 32
v 124.334 59.876 32
v 121.195 65.999 32
v 117.754 71.9581 32
v 114.021 77.7382 32
v 110.004 83.325 32
v 105.714 88.7047 32
v 101.161 93.8638 32
v 96.3567 98.7896 32
v 91.3126 103.47 32
v 86.0416 107.893 32
v 80.5566 112.047 32
v 74.8714 115.924 32
v 69 119.512 32
v 62.9571 122.802 32
v 56.7576 125.788 32
v 50.4171 128.461 32
v 43.9512 130.814 32
v 37.376 132.842 32
v 30.7079 134.54 32
v 23.9634 135.903 32
v 17.1594 136.929 32
v 10.3128 137.614 32
v 3.44044 137.957 32
v -3.44044 137.957 32
v -10.3128 137.614 32
v -17.1594 136.929 32
v -23.9634 135.903 32
v -30.7079 134.54 32
v -37.376 132.842 32
v -43.9512 130.814 32
v -50.4171 128.461 32
v -56.7576 125.788 32
v -62.9571 122.802 32
v -69 119.512 32
v -74.8714 115.924 32
v -80.5566 112.047 32
v -86.0416 107.893 32
v -91.3126 103.47 32
v -96.3567 98.7896 32
v -101.161 93.8638 32
v -105.714 88.7047 32
v -110.004 83.325 32
v -114.021 77.7382 32
v -117.754 71.9581 32
v -121.195 65.999 32
v -124.334 59.876 32
v -127.164 53.604 32
v -129.678 47.1988 32
v -131.869 40.6762 32
v -133.733 34.0525 32
v -135.264 27.3442 32
v -136.459 20.5678 32
v -137.314 13.7404 32
v -137.828 6.87873 32
v -138 -4.73374e-13 32
v -137.828 -6.87873 32
v -137.314 -13.7404 32
v -136.459 -20.5678 32
v -135.264 -27.3442 32
v -133.733 -34.0525 32
v -131.869 -40.6762 32
v -129.678 -47.1988 32
v -127.164 -53.604 32
v -124.334 -59.876 32
v -121.195 -65.999 32
v -117.754 -71.9581 32
v -114.021 -77.7382 32
v -110.004 -83.325 32
v -105.714 -88.7047 32
v -101.161 -93.8638 32
v -96.3567 -98.7896 32
v -91.3126 -103.47 32
v -86.0416 -107.893 32
v -80.5566 -112.047 32
v -74.8714 -115.924 32
v -69 -119.512 32
v -62.9571 -122.802 32
v -56.7576 -125.788 32
v -50.4171 -128.461 32
v -43.9512 -130.814 32
v -37.376 -132.842 32
v -30.7079 -134.54 32
v -23.9634 -135.903 32
v -17.1594 -136.929 32
v -10.3128 -137.614 32
v -3.44044 -137.957 32
v 3.44044 -137.957 32
v 10.3128 -137.614 32
v 17.1594 -136.929 32
v 23.9634 -135.903 32
v 30.7079 -134.54 32
v 37.376 -132.842 32
v 43.9512 -130.814 32
v 50.4171 -128.461 32
v 56.7576 -125.788 32
v 62.9571 -122.802 32
v 69 -119.512 32
v 74.8714 -115.924 32
v 80.5566 -112.047 32
v 86.0416 -107.893 32
v 91.3126 -103.47 32
v 96.3567 -98.7896 32
v 101.161 -93.8638 32
v 105.714 -88.7047 32
v 110.004 -83.325 32
v 114.021 -77.7382 32
v 117.754 -71.9581 32
v 121.195 -65.999 32
v 124.334 -59.876 32
v 127.164 -53.604 32
v 129.678 -47.1988 32
v 131.869 -40.6762 32
v 133.733 -34.0525 32
v 135.264 -27.3442 32
v 136.459 -20.5678 32
v 137.314 -13.7404 32
v 137.828 -6.87873 32
v 138 0 0
v 137.828 6.87873 0
v 137.314 13.7404 0
v 136.459 20.5678 0
v 135.264 27.3442 0
v 133.733 34.0525 0
v 131.869 40.6762 0
v 129.678 47.1988 0
v 127.164 53.604 0
v 124.334 59.876 0
v 121.195 65.999 0
v 117.754 71.9581 0
v 114.021 77.7382 0
v 110.004 83.325 0
v 105.714 88.7047 0
v 101.161 93.8638 0
v 96.3567 98.7896 0
v 91.3126 103.47 0
v 86.0416 107.893 0
v 80.5566 112.047 0
v 74.8714 115.924 0
v 69 119.512 0
v 62.9571 122.802 0
v 56.7576 125.788 0
v 50.4171 128.461 0
v 43.9512 130.814 0
v 37.376 132.842 0
v 30.7079 134.54 0
v 23.9634 135.903 0
v 17.1594 136.929 0
v 10.3128 137.614 0
v 3.44044 137.957 0
v -3.44044 137.957 0
v -10.3128 137.614 0
v -17.1594 136.929 0
v -23.9634 135.903 0
v -30.7079 134.54 0
v -37.376 132.842 0
v -43.9512 130.814 0
v -50.4171 128.461 0
v -56.7576 125.788 0
v -62.9571 122.802 0
v -69 119.512 0
v -74.8714 115.924 0
v -80.5566 112.047 0
v -86.0416 107.893 0
v -91.3126 103.47 0
v -96.3567 98.7896 0
v -101.161 93.8638 0
v -105.714 88.7047 0
v -110.004 83.325 0
v -114.021 77.7382 0
v -117.754 71.9581 0
v -121.195 65.999 0
v -124.334 59.876 0
v -127.164 53.604 0
v -129.678 47.1988 0
v -131.869 40.6762 0
v -133.733 34.0525 0
v -135.264 27.3442 0
v -136.459 20.5678 0
v -137.314 13.7404 0
v -137.828 6.87873 0
v -138 -4.73374e-13 0
v -137.828 -6.87873 0
v -137.314 -13.7404 0
v -136.459 -20.5678 0
v -135.264 -27.3442 0
v -133.733 -34.0525 0
v -131.869 -40.6762 0
v -129.678 -47.1988 0
v -127.164 -53.604 0
v -124.334 -59.876 0
v -121.195 -65.999 0
v -117.754 -71.9581 0
v -114.021 -77.7382 0
v -110.004 -83.325 0
v -105.714 -88.7047 0
v -101.161 -93.8638 0
v -96.3567 -98.7896 0
v -91.3126 -103.47 0
v -86.0416 -107.893 0
v -80.5566 -112.047 0
v -74.8714 -115.924 0
v -69 -119.512 0
v -62.9571 -122.802 0
v -56.7576 -125.788 0
v -50.4171 -128.461 0
v -43.9512 -130.814 0
v -37.376 -132.842 0
v -30.7079 -134.54 0
v -23.9634 -135.903 0
v -17.1594 -136.929 0
v -10.3128 -137.614 0
v -3.44044 -137.957 0
v 3.44044 -137.957 0
v 10.3128 -137.614 0
v 17.1594 -136.929 0
v 23.9634 -135.903 0
v 30.7079 -134.54 0
v 37.376 -132.842 0
v 43.9512 -130.814 0
v 50.4171 -128.461 0
v 56.7576 -125.788 0
v 62.9571 -122.802 0
v 69 -119.512 0
v 74.8714 -115.924 0
v 80.5566 -112.047 0
v 86.0416 -107.893 0
v 91.3126 -103.47 0
v 96.3567 -98.7896 0
v 101.161 -93.8638 0
v 105.714 -88.7047 0
v 110.004 -83.325 0
v 114.021 -77.7382 0
v 117.754 -71.9581 0
v 121.195 -65.999 0
v 124.334 -59.876 0
v 127.164 -53.604 0
v 129.678 -47.1988 0
v 131.869 -40.6762 0
v 133.733 -34.0525 0
v 135.264 -27.3442 0
v 136.459 -20.5678 0
v 137.314 -13.7404 0
v 137.828 -6.87873 0
v -18.25 -31.6099 0
v -18.0529 -31.7172 0
v -17.8508 -31.8146 0
v -17.644 -31.9017 0
v -17.4332 -31.9785 0
v -17.2188 -32.0446 0
v -17.0013 -32.1 0
v -16.7814 -32.1444 0
v -16.5595 -32.1779 0
v -16.3363 -32.2002 0
v -16.1122 -32.2114 0
v -15.8878 -32.2114 0
v -15.6637 -32.2002 0
v -15.4405 -32.1779 0
v -15.2186 -32.1444 0
v -14.9987 -32.1 0
v -14.7812 -32.0446 0
v -14.5668 -31.9785 0
v -14.356 -31.9017 0
v -14.1492 -31.8146 0
v -13.9471 -31.7172 0
v -13.75 -31.6099 0
v -13.5585 -31.4929 0
v -13.3732 -31.3665 0
v -13.1943 -31.2311 0
v -13.0224 -31.0868 0
v -12.8579 -30.9342 0
v -12.7013 -30.7736 0
v -12.5528 -30.6054 0
v -12.4129 -30.4299 0
v -12.2819 -30.2478 0
v -12.1602 -30.0593 0
v -12.048 -29.865 0
v -11.9456 -29.6653 0
v -11.8534 -29.4608 0
v -11.7714 -29.2519 0
v -11.6999 -29.0392 0
v -11.6392 -28.8232 0
v -11.5892 -28.6045 0
v -11.5503 -28.3835 0
v -11.5224 -28.1609 0
v -11.5056 -27.9371 0
v -11.5 -27.7128 0
v -11.5056 -27.4885 0
v -11.5224 -27.2648 0
v -11.5503 -27.0421 0
v -11.5892 -26.8212 0
v -11.6392 -26.6024 0
v -11.6999 -26.3864 0
v -11.7714 -26.1737 0
v -11.8534 -25.9649 0
v -11.9456 -25.7603 0
v -12.048 -25.5607 0
v -12.1602 -25.3664 0
v -12.2819 -25.1779 0
v -12.4129 -24.9957 0
v -12.5528 -24.8203 0
v -12.7013 -24.652 0
v -12.8579 -24.4914 0
v -13.0224 -24.3388 0
v -13.1943 -24.1946 0
v -13.3732 -24.0591 0
v -13.5585 -23.9327 0
v -13.75 -23.8157 0
v -13.9471 -23.7084 0
v -14.1492 -23.611 0
v -14.356 -23.5239 0
v -14.5668 -23.4471 0
v -14.7812 -23.381 0
v -14.9987 -23.3256 0
v -15.2186 -23.2812 0
v -15.4405 -23.2477 0
v -15.6637 -23.2254 0
v -15.8878 -23.2142 0
v -16.1122 -23.2142 0
v -16.3363 -23.2254 0
v -16.5595 -23.2477 0
v -16.7814 -23.2812 0
v -17.0013 -23.3256 0
v -17.2188 -23.381 0
v -17.4332 -23.4471 0
v -17.644 -23.5239 0
v -17.8508 -23.611 0
v -18.0529 -23.7084 0
v -18.25 -23.8157 0
v -18.4415 -23.9327 0
v -18.6268 -24.0591 0
v -18.8057 -24.1946 0
v -18.9776 -24.3388 0
v -19.1421 -24.4914 0
v -19.2987 -24.652 0
v -19.4472 -24.8203 0
v -19.5871 -24.9957 0
v -19.7181 -25.1779 0
v -19.8398 -25.3664 0
v -19.952 -25.5607 0
v -20.0544 -25.7603 0
v -20.1466 -25.9649 0
v -20.2286 -26.1737 0
v -20.3001 -26.3864 0
v -20.3608 -26.6024 0
v -20.4108 -26.8212 0
v -20.4497 -27.0421 0
v -20.4776 -27.2648 0
v -20.4944 -27.4885 0
v -20.5 -27.7128 0
v -20.4944 -27.9371 0
v -20.4776 -28.1609 0
v -20.4497 -28.3835 0
v -20.4108 -28.6045 0
v -20.3608 -28.8232 0
v -20.3001 -29.0392 0
v -20.2286 -29.2519 0
v -20.1466 -29.4608 0
v -20.0544 -29.6653 0
v -19.952 -29.865 0
v -19.8398 -30.0593 0
v -19.7181 -30.2478 0
v -19.5871 -30.4299 0
v -19.4472 -30.6054 0
v -19.2987 -30.7736 0
v -19.1421 -30.9342 0
v -18.9776 -31.0868 0
v -18.8057 -31.2311 0
v -18.6268 -31.3665 0
v -18.4415 -31.4929 0
v 18.25 -31.6099 0
v 18.4415 -31.4929 0
v 18.6268 -31.3665 0
v 18.8057 -31.2311 0
v 18.9776 -31.0868 0
v 19.1421 -30.9342 0
v 19.2987 -30.7736 0
v 19.4472 -30.6054 0
v 19.5871 -30.4299 0
v 19.7181 -30.2478 0
v 19.8398 -30.0593 0
v 19.952 -29.865 0
v 20.0544 -29.6653 0
v 20.1466 -29.4608 0
v 20.2286 -29.2519 0
v 20.3001 -29.0392 0
v 20.3608 -28.8232 0
v 20.4108 -28.6045 0
v 20.4497 -28.3835 0
v 20.4776 -28.1609 0
v 20.4944 -27.9371 0
v 20.5 -27.7128 0
v 20.4944 -27.4885 0
v 20.4776 -27.2648 0
v 20.4497 -27.0421 0
v 20.4108 -26.8212 0
v 20.3608 -26.6024 0
v 20.3001 -26.3864 0
v 20.2286 -26.1737 0
v 20.1466 -25.9649 0
v 20.0544 -25.7603 0
v 19.952 -25.5607 0
v 19.8398 -25.3664 0
v 19.7181 -25.1779 0
v 19.5871 -24.9957 0
v 19.4472 -24.8203 0
v 19.2987 -24.652 0
v 19.1421 -24.4914 0
v 18.9776 -24.3388 0
v 18.8057 -24.1946 0
v 18.6268 -24.0591 0
v 18.4415 -23.9327 0
v 18.25 -23.8157 0
v 18.0529 -23.7084 0
v 17.8508 -23.611 0
v 17.644 -23.5239 0
v 17.4332 -23.4471 0
v 17.2188 -23.381 0
v 17.0013 -23.3256 0
v 16.7814 -23.2812 0
v 16.5595 -23.2477 0
v 16.3363 -23.2254 0
v 16.1122 -23.2142 0
v 15.8878 -23.2142 0
v 15.6637 -23.2254 0
v 15.4405 -23.2477 0
v 15.2186 -23.2812 0
v 14.9987 -23.3256 0
v 14.7812 -23.381 0
v 14.5668 -23.4471 0
v 14.356 -23.5239 0
v 14.1492 -23.611 0
v 13.9471 -23.7084 0
v 13.75 -23.8157 0
v 13.5585 -23.9327 0
v 13.3732 -24.0591 0
v 13.1943 -24.1946 0
v 13.0224 -24.3388 0
v 12.8579 -24.4914 0
v 12.7013 -24.652 0
v 12.5528 -24.8203 0
v 12.4129 -24.9957 0
v 12.2819 -25.1779 0
v 12.1602 -25.3664 0
v 12.048 -25.5607 0
v 11.9456 -25.7603 0
v 11.8534 -25.9649 0
v 11.7714 -26.1737 0
v 11.6999 -26.3864 0
v 11.6392 -26.6024 0
v 11.5892 -26.8212 0
v 11.5503 -27.0421 0
v 11.5224 -27.2648 0
v 11.5056 -27.4885 0
v 11.5 -27.7128 0
v 11.5056 -27.9371 0
v 11.5224 -28.1609 0
v 11.5503 -28.3835 0
v 11.5892 -28.6045 0
v 11.6392 -28.8232 0
v 11.6999 -29.0392 0
v 11.7714 -29.2519 0
v 11.8534 -29.4608 0
v 11.9456 -29.6653 0
v 12.048 -29.865 0
v 12.1602 -30.0593 0
v 12.2819 -30.2478 0
v 12.4129 -30.4299 0
v 12.5528 -30.6054 0
v 12.7013 -30.7736 0
v 12.8579 -30.9342 0
v 13.0224 -31.0868 0
v 13.1943 -31.2311 0
v 13.3732 -31.3665 0
v 13.5585 -31.4929 0
v 13.75 -31.6099 0
v 13.9471 -31.7172 0
v 14.1492 -31.8146 0
v 14.356 -31.9017 0
v 14.5668 -31.9785 0
v 14.7812 -32.0446 0
v 14.9987 -32.1 0
v 15.2186 -32.1444 0
v 15.4405 -32.1779 0
v 15.6637 -32.2002 0
v 15.8878 -32.2114 0
v 16.1122 -32.2114 0
v 16.3363 -32.2002 0
v 16.5595 -32.1779 0
v 16.7814 -32.1444 0
v 17.0013 -32.1 0
v 17.2188 -32.0446 0
v 17.4332 -31.9785 0
v 17.644 -31.9017 0
v 17.8508 -31.8146 0
v 18.0529 -31.7172 0
v 15 -3.67394e-15 0
v 14.9814 0.747688 0
v 14.9255 1.49352 0
v 14.8325 2.23563 0
v 14.7026 2.97219 0
v 14.5362 3.70136 0
v 14.3336 4.42133 0
v 14.0954 5.1303 0
v 13.8221 5.82652 0
v 13.5145 6.50826 0
v 13.1733 7.17381 0
v 12.7994 7.82153 0
v 12.3936 8.4498 0
v 11.957 9.05707 0
v 11.4907 9.64181 0
v 10.9958 10.2026 0
v 10.4736 10.738 0
v 9.92529 11.2467 0
v 9.35235 11.7275 0
v 8.75616 12.1791 0
v 8.13819 12.6004 0
v 7.5 12.9904 0
v 6.84316 13.3481 0
v 6.16931 13.6726 0
v 5.48012 13.9631 0
v 4.7773 14.2189 0
v 4.06261 14.4394 0
v 3.33781 14.6239 0
v 2.60472 14.7721 0
v 1.86516 14.8836 0
v 1.12095 14.9581 0
v 0.37396 14.9953 0
v -0.37396 14.9953 0
v -1.12095 14.9581 0
v -1.86516 14.8836 0
v -2.60472 14.7721 0
v -3.33781 14.6239 0
v -4.06261 14.4394 0
v -4.7773 14.2189 0
v -5.48012 13.9631 0
v -6.16931 13.6726 0
v -6.84316 13.3481 0
v -7.5 12.9904 0
v -8.13819 12.6004 0
v -8.75616 12.1791 0
v -9.35235 11.7275 0
v -9.92529 11.2467 0
v -10.4736 10.738 0
v -10.9958 10.2026 0
v -11.4907 9.64181 0
v -11.957 9.05707 0
v -12.3936 8.4498 0
v -12.7994 7.82153 0
v -13.1733 7.17381 0
v -13.5145 6.50826 0
v -13.8221 5.82652 0
v -14.0954 5.1303 0
v -14.3336 4.42133 0
v -14.5362 3.70136 0
v -14.7026 2.97219 0
v -14.8325 2.23563 0
v -14.9255 1.49352 0
v -14.9814 0.747688 0
v -15 -5.14537e-14 0
v -14.9814 -0.747688 0
v -14.9255 -1.49352 0
v -14.8325 -2.23563 0
v -14.7026 -2.97219 0
v -14.5362 -3.70136 0
v -14.3336 -4.42133 0
v -14.0954 -5.1303 0
v -13.8221 -5.82652 0
v -13.5145 -6.50826 0
v -13.1733 -7.17381 0
v -12.7994 -7.82153 0
v -12.3936 -8.4498 0
v -11.957 -9.05707 0
v -11.4907 -9.64181 0
v -10.9958 -10.2026 0
v -10.4736 -10.738 0
v -9.92529 -11.2467 0
v -9.35235 -11.7275 0
v -8.75616 -12.1791 0
v -8.13819 -12.6004 0
v -7.5 -12.9904 0
v -6.84316 -13.3481 0
v -6.16931 -13.6726 0
v -5.48012 -13.9631 0
v -4.7773 -14.2189 0
v -4.06261 -14.4394 0
v -3.33781 -14.6239 0
v -2.60472 -14.7721 0
v -1.86516 -14.8836 0
v -1.12095 -14.9581 0
v -0.37396 -14.9953 0
v 0.37396 -14.9953 0
v 1.12095 -14.9581 0
v 1.86516 -14.8836 0
v 2.60472 -14.7721 0
v 3.33781 -14.6239 0
v 4.06261 -14.4394 0
v 4.7773 -14.2189 0
v 5.48012 -13.9631 0
v 6.16931 -13.6726 0
v 6.84316 -13.3481 0
v 7.5 -12.9904 0
v 8.13819 -12.6004 0
v 8.75616 -12.1791 0
v 9.35235 -11.7275 0
v 9.92529 -11.2467 0
v 10.4736 -10.738 0
v 10.9958 -10.2026 0
v 11.4907 -9.64181 0
v 11.957 -9.05707 0
v 12.3936 -8.4498 0
v 12.7994 -7.82153 0
v 13.1733 -7.17381 0
v 13.5145 -6.50826 0
v 13.8221 -5.82652 0
v 14.0954 -5.1303 0
v 14.3336 -4.42133 0
v 14.5362 -3.70136 0
v 14.7026 -2.97219 0
v 14.8325 -2.23563 0
v 14.9255 -1.49352 0
v 14.9814 -0.747688 0
v 36.5 -1.10218e-15 0
v 36.4944 0.224306 0
v 36.4776 0.448055 0
v 36.4497 0.67069 0
v 36.4108 0.891658 0
v 36.3608 1.11041 0
v 36.3001 1.3264 0
v 36.2286 1.53909 0
v 36.1466 1.74796 0
v 36.0544 1.95248 0
v 35.952 2.15214 0
v 35.8398 2.34646 0
v 35.7181 2.53494 0
v 35.5871 2.71712 0
v 35.4472 2.89254 0
v 35.2987 3.06078 0
v 35.1421 3.2214 0
v 34.9776 3.37402 0
v 34.8057 3.51824 0
v 34.6268 3.65372 0
v 34.4415 3.78012 0
v 34.25 3.89711 0
v 34.0529 4.00442 0
v 33.8508 4.10178 0
v 33.644 4.18893 0
v 33.4332 4.26567 0
v 33.2188 4.33181 0
v 33.0013 4.38718 0
v 32.7814 4.43163 0
v 32.5595 4.46508 0
v 32.3363 4.48742 0
v 32.1122 4.4986 0
v 31.8878 4.4986 0
v 31.6637 4.48742 0
v 31.4405 4.46508 0
v 31.2186 4.43163 0
v 30.9987 4.38718 0
v 30.7812 4.33181 0
v 30.5668 4.26567 0
v 30.356 4.18893 0
v 30.1492 4.10178 0
v 29.9471 4.00442 0
v 29.75 3.89711 0
v 29.5585 3.78012 0
v 29.3732 3.65372 0
v 29.1943 3.51824 0
v 29.0224 3.37402 0
v 28.8579 3.2214 0
v 28.7013 3.06078 0
v 28.5528 2.89254 0
v 28.4129 2.71712 0
v 28.2819 2.53494 0
v 28.1602 2.34646 0
v 28.048 2.15214 0
v 27.9456 1.95248 0
v 27.8534 1.74796 0
v 27.7714 1.53909 0
v 27.6999 1.3264 0
v 27.6392 1.11041 0
v 27.5892 0.891658 0
v 27.5503 0.67069 0
v 27.5224 0.448055 0
v 27.5056 0.224306 0
v 27.5 -1.54361e-14 0
v 27.5056 -0.224306 0
v 27.5224 -0.448055 0
v 27.5503 -0.67069 0
v 27.5892 -0.891658 0
v 27.6392 -1.11041 0
v 27.6999 -1.3264 0
v 27.7714 -1.53909 0
v 27.8534 -1.74796 0
v 27.9456 -1.95248 0
v 28.048 -2.15214 0
v 28.1602 -2.34646 0
v 28.2819 -2.53494 0
v 28.4129 -2.71712 0
v 28.5528 -2.89254 0
v 28.7013 -3.06078 0
v 28.8579 -3.2214 0
v 29.0224 -3.37402 0
v 29.1943 -3.51824 0
v 29.3732 -3.65372 0
v 29.5585 -3.78012 0
v 29.75 -3.89711 0
v 29.9471 -4.00442 0
v 30.1492 -4.10178 0
v 30.356 -4.18893 0
v 30.5668 -4.26567 0
v 30.7812 -4.33181 0
v 30.9987 -4.38718 0
v 31.2186 -4.43163 0
v 31.4405 -4.46508 0
v 31.6637 -4.48742 0
v 31.8878 -4.4986 0
v 32.1122 -4.4986 0
v 32.3363 -4.48742 0
v 32.5595 -4.46508 0
v 32.7814 -4.43163 0
v 33.0013 -4.38718 0
v 33.2188 -4.33181 0
v 33.4332 -4.26567 0
v 33.644 -4.18893 0
v 33.8508 -4.10178 0
v 34.0529 -4.00442 0
v 34.25 -3.89711 0
v 34.4415 -3.78012 0
v 34.6268 -3.65372 0
v 34.8057 -3.51824 0
v 34.9776 -3.37402 0
v 35.1421 -3.2214 0
v 35.2987 -3.06078 0
v 35.4472 -2.89254 0
v 35.5871 -2.71712 0
v 35.7181 -2.53494 0
v 35.8398 -2.34646 0
v 35.952 -2.15214 0
v 36.0544 -1.95248 0
v 36.1466 -1.74796 0
v 36.2286 -1.53909 0
v 36.3001 -1.3264 0
v 36.3608 -1.11041 0
v 36.4108 -0.891658 0
v 36.4497 -0.67069 0
v 36.4776 -0.448055 0
v 36.4944 -0.224306 0
v -36.5 5.57214e-15 0
v -36.4944 -0.224306 0
v -36.4776 -0.448055 0
v -36.4497 -0.67069 0
v -36.4108 -0.891658 0
v -36.3608 -1.11041 0
v -36.3001 -1.3264 0
v -36.2286 -1.53909 0
v -36.1466 -1.74796 0
v -36.0544 -1.95248 0
v -35.952 -2.15214 0
v -35.8398 -2.34646 0
v -35.7181 -2.53494 0
v -35.5871 -2.71712 0
v -35.4472 -2.89254 0
v -35.2987 -3.06078 0
v -35.1421 -3.2214 0
v -34.9776 -3.37402 0
v -34.8057 -3.51824 0
v -34.6268 -3.65372 0
v -34.4415 -3.78012 0
v -34.25 -3.89711 0
v -34.0529 -4.00442 0
v -33.8508 -4.10178 0
v -33.644 -4.18893 0
v -33.4332 -4.26567 0
v -33.2188 -4.33181 0
v -33.0013 -4.38718 0
v -32.7814 -4.43163 0
v -32.5595 -4.46508 0
v -32.3363 -4.48742 0
v -32.1122 -4.4986 0
v -31.8878 -4.4986 0
v -31.6637 -4.48742 0
v -31.4405 -4.46508 0
v -31.2186 -4.43163 0
v -30.9987 -4.38718 0
v -30.7812 -4.33181 0
v -30.5668 -4.26567 0
v -30.356 -4.18893 0
v -30.1492 -4.10178 0
v -29.9471 -4.00442 0
v -29.75 -3.89711 0
v -29.5585 -3.78012 0
v -29.3732 -3.65372 0
v -29.1943 -3.51824 0
v -29.0224 -3.37402 0
v -28.8579 -3.2214 0
v -28.7013 -3.06078 0
v -28.5528 -2.89254 0
v -28.4129 -2.71712 0
v -28.2819 -2.53494 0
v -28.1602 -2.34646 0
v -28.048 -2.15214 0
v -27.9456 -1.95248 0
v -27.8534 -1.74796 0
v -27.7714 -1.53909 0
v -27.6999 -1.3264 0
v -27.6392 -1.11041 0
v -27.5892 -0.891658 0
v -27.5503 -0.67069 0
v -27.5224 -0.448055 0
v -27.5056 -0.224306 0
v -27.5 1.88039e-14 0
v -27.5056 0.224306 0
v -27.5224 0.448055 0
v -27.5503 0.67069 0
v -27.5892 0.891658 0
v -27.6392 1.11041 0
v -27.6999 1.3264 0
v -27.7714 1.53909 0
v -27.8534 1.74796 0
v -27.9456 1.95248 0
v -28.048 2.15214 0
v -28.1602 2.34646 0
v -28.2819 2.53494 0
v -28.4129 2.71712 0
v -28.5528 2.89254 0
v -28.7013 3.06078 0
v -28.8579 3.2214 0
v -29.0224 3.37402 0
v -29.1943 3.51824 0
v -29.3732 3.65372 0
v -29.5585 3.78012 0
v -29.75 3.89711 0
v -29.9471 4.00442 0
v -30.1492 4.10178 0
v -30.356 4.18893 0
v -30.5668 4.26567 0
v -30.7812 4.33181 0
v -30.9987 4.38718 0
v -31.2186 4.43163 0
v -31.4405 4.46508 0
v -31.6637 4.48742 0
v -31.8878 4.4986 0
v -32.1122 4.4986 0
v -32.3363 4.48742 0
v -32.5595 4.46508 0
v -32.7814 4.43163 0
v -33.0013 4.38718 0
v -33.2188 4.33181 0
v -33.4332 4.26567 0
v -33.644 4.18893 0
v -33.8508 4.10178 0
v -34.0529 4.00442 0
v -34.25 3.89711 0
v -34.4415 3.78012 0
v -34.6268 3.65372 0
v -34.8057 3.51824 0
v -34.9776 3.37402 0
v -35.1421 3.2214 0
v -35.2987 3.06078 0
v -35.4472 2.89254 0
v -35.5871 2.71712 0
v -35.7181 2.53494 0
v -35.8398 2.34646 0
v -35.952 2.15214 0
v -36.0544 1.95248 0
v -36.1466 1.74796 0
v -36.2286 1.53909 0
v -36.3001 1.3264 0
v -36.3608 1.11041 0
v -36.4108 0.891658 0
v -36.4497 0.67069 0
v -36.4776 0.448055 0
v -36.4944 0.224306 0
v -18.25 31.6099 0
v -18.4415 31.4929 0
v -18.6268 31.3665 0
v -18.8057 31.2311 0
v -18.9776 31.0868 0
v -19.1421 30.9342 0
v -19.2987 30.7736 0
v -19.4472 30.6054 0
v -19.5871 30.4299 0
v -19.7181 30.2478 0
v -19.8398 30.0593 0
v -19.952 29.865 0
v -20.0544 29.6653 0
v -20.1466 29.4608 0
v -20.2286 29.2519 0
v -20.3001 29.0392 0
v -20.3608 28.8232 0
v -20.4108 28.6045 0
v -20.4497 28.3835 0
v -20.4776 28.1609 0
v -20.4944 27.9371 0
v -20.5 27.7128 0
v -20.4944 27.4885 0
v -20.4776 27.2648 0
v -20.4497 27.0421 0
v -20.4108 26.8212 0
v -20.3608 26.6024 0
v -20.3001 26.3864 0
v -20.2286 26.1737 0
v -20.1466 25.9649 0
v -20.0544 25.7603 0
v -19.952 25.5607 0
v -19.8398 25.3664 0
v -19.7181 25.1779 0
v -19.5871 24.9957 0
v -19.4472 24.8203 0
v -19.2987 24.652 0
v -19.1421 24.4914 0
v -18.9776 24.3388 0
v -18.8057 24.1946 0
v -18.6268 24.0591 0
v -18.4415 23.9327 0
v -18.25 23.8157 0
v -18.0529 23.7084 0
v -17.8508 23.611 0
v -17.644 23.5239 0
v -17.4332 23.4471 0
v -17.2188 23.381 0
v -17.0013 23.3256 0
v -16.7814 23.2812 0
v -16.5595 23.2477 0
v -16.3363 23.2254 0
v -16.1122 23.2142 0
v -15.8878 23.2142 0
v -15.6637 23.2254 0
v -15.4405 23.2477 0
v -15.2186 23.2812 0
v -14.9987 23.3256 0
v -14.7812 23.381 0
v -14.5668 23.4471 0
v -14.356 23.5239 0
v -14.1492 23.611 0
v -13.9471 23.7084 0
v -13.75 23.8157 0
v -13.5585 23.9327 0
v -13.3732 24.0591 0
v -13.1943 24.1946 0
v -13.0224 24.3388 0
v -12.8579 24.4914 0
v -12.7013 24.652 0
v -12.5528 24.8203 0
v -12.4129 24.9957 0
v -12.2819 25.1779 0
v -12.1602 25.3664 0
v -12.048 25.5607 0
v -11.9456 25.7603 0
v -11.8534 25.9649 0
v -11.7714 26.1737 0
v -11.6999 26.3864 0
v -11.6392 26.6024 0
v -11.5892 26.8212 0
v -11.5503 27.0421 0
v -11.5224 27.2648 0
v -11.5056 27.4885 0
v -11.5 27.7128 0
v -11.5056 27.9371 0
v -11.5224 28.1609 0
v -11.5503 28.3835 0
v -11.5892 28.6045 0
v -11.6392 28.8232 0
v -11.6999 29.0392 0
v -11.7714 29.2519 0
v -11.8534 29.4608 0
v -11.9456 29.6653 0
v -12.048 29.865 0
v -12.1602 30.0593 0
v -12.2819 30.2478 0
v -12.4129 30.4299 0
v -12.5528 30.6054 0
v -12.7013 30.7736 0
v -12.8579 30.9342 0
v -13.0224 31.0868 0
v -13.1943 31.2311 0
v -13.3732 31.3665 0
v -13.5585 31.4929 0
v -13.75 31.6099 0
v -13.9471 31.7172 0
v -14.1492 31.8146 0
v -14.356 31.9017 0
v -14.5668 31.9785 0
v -14.7812 32.0446 0
v -14.9987 32.1 0
v -15.2186 32.1444 0
v -15.4405 32.1779 0
v -15.6637 32.2002 0
v -15.8878 32.2114 0
v -16.1122 32.2114 0
v -16.3363 32.2002 0
v -16.5595 32.1779 0
v -16.7814 32.1444 0
v -17.0013 32.1 0
v -17.2188 32.0446 0
v -17.4332 31.9785 0
v -17.644 31.9017 0
v -17.8508 31.8146 0
v -18.0529 31.7172 0
v 18.25 31.6099 0
v 18.0529 31.7172 0
v 17.8508 31.8146 0
v 17.644 31.9017 0
v 17.4332 31.9785 0
v 17.2188 32.0446 0
v 17.0013 32.1 0
v 16.7814 32.1444 0
v 16.5595 32.1779 0
v 16.3363 32.2002 0
v 16.1122 32.2114 0
v 15.8878 32.2114 0
v 15.6637 32.2002 0
v 15.4405 32.1779 0
v 15.2186 32.1444 0
v 14.9987 32.1 0
v 14.7812 32.0446 0
v 14.5668 31.9785 0
v 14.356 31.9017 0
v 14.1492 31.8146 0
v 13.9471 31.7172 0
v 13.75 31.6099 0
v 13.5585 31.4929 0
v 13.3732 31.3665 0
v 13.1943 31.2311 0
v 13.0224 31.0868 0
v 12.8579 30.9342 0
v 12.7013 30.7736 0
v 12.5528 30.6054 0
v 12.4129 30.4299 0
v 12.2819 30.2478 0
v 12.1602 30.0593 0
v 12.048 29.865 0
v 11.9456 29.6653 0
v 11.8534 29.4608 0
v 11.7714 29.2519 0
v 11.6999 29.0392 0
v 11.6392 28.8232 0
v 11.5892 28.6045 0
v 11.5503 28.3835 0
v 11.5224 28.1609 0
v 11.5056 27.9371 0
v 11.5 27.7128 0
v 11.5056 27.4885 0
v 11.5224 27.2648 0
v 11.5503 27.0421 0
v 11.5892 26.8212 0
v 11.6392 26.6024 0
v 11.6999 26.3864 0
v 11.7714 26.1737 0
v 11.8534 25.9649 0
v 11.9456 25.7603 0
v 12.048 25.5607 0
v 12.1602 25.3664 0
v 12.2819 25.1779 0
v 12.4129 24.9957 0
v 12.5528 24.8203 0
v 12.7013 24.652 0
v 12.8579 24.4914 0
v 13.0224 24.3388 0
v 13.1943 24.1946 0
v 13.3732 24.0591 0
v 13.5585 23.9327 0
v 13.75 23.8157 0
v 13.9471 23.7084 0
v 14.1492 23.611 0
v 14.356 23.5239 0
v 14.5668 23.4471 0
v 14.7812 23.381 0
v 14.9987 23.3256 0
v 15.2186 23.2812 0
v 15.4405 23.2477 0
v 15.6637 23.2254 0
v 15.8878 23.2142 0
v 16.1122 23.2142 0
v 16.3363 23.2254 0
v 16.5595 23.2477 0
v 16.7814 23.2812 0
v 17.0013 23.3256 0
v 17.2188 23.381 0
v 17.4332 23.4471 0
v 17.644 23.5239 0
v 17.8508 23.611 0
v 18.0529 23.7084 0
v 18.25 23.8157 0
v 18.4415 23.9327 0
v 18.6268 24.0591 0
v 18.8057 24.1946 0
v 18.9776 24.3388 0
v 19.1421 24.4914 0
v 19.2987 24.652 0
v 19.4472 24.8203 0
v 19.5871 24.9957 0
v 19.7181 25.1779 0
v 19.8398 25.3664 0
v 19.952 25.5607 0
v 20.0544 25.7603 0
v 20.1466 25.9649 0
v 20.2286 26.1737 0
v 20.3001 26.3864 0
v 20.3608 26.6024 0
v 20.4108 26.8212 0
v 20.4497 27.0421 0
v 20.4776 27.2648 0
v 20.4944 27.4885 0
v 20.5 27.7128 0
v 20.4944 27.9371 0
v 20.4776 28.1609 0
v 20.4497 28.3835 0
v 20.4108 28.6045 0
v 20.3608 28.8232 0
v 20.3001 29.0392 0
v 20.2286 29.2519 0
v 20.1466 29.4608 0
v 20.0544 29.6653 0
v 19.952 29.865 0
v 19.8398 30.0593 0
v 19.7181 30.2478 0
v 19.5871 30.4299 0
v 19.4472 30.6054 0
v 19.2987 30.7736 0
v 19.1421 30.9342 0
v 18.9776 31.0868 0
v 18.8057 31.2311 0
v 18.6268 31.3665 0
v 18.4415 31.4929 0
v 138 0 32
v 137.828 6.87873 32
v 137.314 13.7404 32
v 136.459 20.5678 32
v 135.264 27.3442 32
v 133.733 34.0525 32
v 131.869 40.6762 32
v 129.678 47.1988 32
v 127.164 53.604 32
v 124.334 59.876 32
v 121.195 65.999 32
v 117.754 71.9581 32
v 114.021 77.7382 32
v 110.004 83.325 32
v 105.714 88.7047 32
v 101.161 93.8638 32
v 96.3567 98.7896 32
v 91.3126 103.47 32
v 86.0416 107.893 32
v 80.5566 112.047 32
v 74.8714 115.924 32
v 69 119.512 32
v 62.9571 122.802 32
v 56.7576 125.788 32
v 50.4171 128.461 32
v 43.9512 130.814 32
v 37.376 132.842 32
v 30.7079 134.54 32
v 23.9634 135.903 32
v 17.1594 136.929 32
v 10.3128 137.614 32
v 3.44044 137.957 32
v -3.44044 137.957 32
v -10.3128 137.614 32
v -17.1594 136.929 32
v -23.9634 135.903 32
v -30.7079 134.54 32
v -37.376 132.842 32
v -43.9512 130.814 32
v -50.4171 128.461 32
v -56.7576 125.788 32
v -62.9571 122.802 32
v -69 119.512 32
v -74.8714 115.924 32
v -80.5566 112.047 32
v -86.0416 107.893 32
v -91.3126 103.47 32
v -96.3567 98.7896 32
v -101.161 93.8638 32
v -105.714 88.7047 32
v -110.004 83.325 32
v -114.021 77.7382 32
v -117.754 71.9581 32
v -121.195 65.999 32
v -124.334 59.876 32
v -127.164 53.604 32
v -129.678 47.1988 32
v -131.869 40.6762 32
v -133.733 34.0525 32
v -135.264 27.3442 32
v -136.459 20.5678 32
v -137.314 13.7404 32
v -137.828 6.87873 32
v -138 -4.73374e-13 32
v -137.828 -6.87873 32
v -137.314 -13.7404 32
v -136.459 -20.5678 32
v -135.264 -27.3442 32
v -133.733 -34.0525 32
v -131.869 -40.6762 32
v -129.678 -47.1988 32
v -127.164 -53.604 32
v -124.334 -59.876 32
v -121.195 -65.999 32
v -117.754 -71.9581 32
v -114.021 -77.7382 32
v -110.004 -83.325 32
v -105.714 -88.7047 32
v -101.161 -93.8638 32
v -96.3567 -98.7896 32
v -91.3126 -103.47 32
v -86.0416 -107.893 32
v -80.5566 -112.047 32
v -74.8714 -115.924 32
v -69 -119.512 32
v -62.9571 -122.802 32
v -56.7576 -125.788 32
v -50.4171 -128.461 32
v -43.9512 -130.814 32
v -37.376 -132.842 32
v -30.7079 -134.54 32
v -23.9634 -135.903 32
v -17.1594 -136.929 32
v -10.3128 -137.614 32
v -3.44044 -137.957 32
v 3.44044 -137.957 32
v 10.3128 -137.614 32
v 17.1594 -136.929 32
v 23.9634 -135.903 32
v 30.7079 -134.54 32
v 37.376 -132.842 32
v 43.9512 -130.814 32
v 50.4171 -128.461 32
v 56.7576 -125.788 32
v 62.9571 -122.802 32
v 69 -119.512 32
v 74.8714 -115.924 32
v 80.5566 -112.047 32
v 86.0416 -107.893 32
v 91.3126 -103.47 32
v 96.3567 -98.7896 32
v 101.161 -93.8638 32
v 105.714 -88.7047 32
v 110.004 -83.325 32
v 114.021 -77.7382 32
v 117.754 -71.9581 32
v 121.195 -65.999 32
v 124.334 -59.876 32
v 127.164 -53.604 32
v 129.678 -47.1988 32
v 131.869 -40.6762 32
v 133.733 -34.0525 32
v 135.264 -27.3442 32
v 136.459 -20.5678 32
v 137.314 -13.7404 32
v 137.828 -6.87873 32
v 115 -2.81669e-14 32
v 114.857 5.73228 32
v 114.429 11.4503 32
v 113.716 17.1399 32
v 112.72 22.7868 32
v 111.444 28.3771 32
v 109.891 33.8968 32
v 108.065 39.3323 32
v 105.97 44.67 32
v 103.611 49.8966 32
v 100.995 54.9992 32
v 98.1285 59.965 32
v 95.0175 64.7818 32
v 91.6702 69.4375 32
v 88.0951 73.9206 32
v 84.301 78.2199 32
v 80.2972 82.3247 32
v 76.0939 86.2248 32
v 71.7013 89.9106 32
v 67.1305 93.3729 32
v 62.3928 96.603 32
v 57.5 99.5929 32
v 52.4642 102.335 32
v 47.298 104.823 32
v 42.0142 107.05 32
v 36.626 109.012 32
v 31.1467 110.702 32
v 25.5899 112.117 32
v 19.9695 113.253 32
v 14.2995 114.108 32
v 8.59396 114.678 32
v 2.86703 114.964 32
v -2.86703 114.964 32
v -8.59396 114.678 32
v -14.2995 114.108 32
v -19.9695 113.253 32
v -25.5899 112.117 32
v -31.1467 110.702 32
v -36.626 109.012 32
v -42.0142 107.05 32
v -47.298 104.823 32
v -52.4642 102.335 32
v -57.5 99.5929 32
v -62.3928 96.603 32
v -67.1305 93.3729 32
v -71.7013 89.9106 32
v -76.0939 86.2248 32
v -80.2972 82.3247 32
v -84.301 78.2199 32
v -88.0951 73.9206 32
v -91.6702 69.4375 32
v -95.0175 64.7818 32
v -98.1285 59.965 32
v -100.995 54.9992 32
v -103.611 49.8966 32
v -105.97 44.67 32
v -108.065 39.3323 32
v -109.891 33.8968 32
v -111.444 28.3771 32
v -112.72 22.7868 32
v -113.716 17.1399 32
v -114.429 11.4503 32
v -114.857 5.73228 32
v -115 -3.94479e-13 32
v -114.857 -5.73228 32
v -114.429 -11.4503 32
v -113.716 -17.1399 32
v -112.72 -22.7868 32
v -111.444 -28.3771 32
v -109.891 -33.8968 32
v -108.065 -39.3323 32
v -105.97 -44.67 32
v -103.611 -49.8966 32
v -100.995 -54.9992 32
v -98.1285 -59.965 32
v -95.0175 -64.7818 32
v -91.6702 -69.4375 32
v -88.0951 -73.9206 32
v -84.301 -78.2199 32
v -80.2972 -82.3247 32
v -76.0939 -86.2248 32
v -71.7013 -89.9106 32
v -67.1305 -93.3729 32
v -62.3928 -96.603 32
v -57.5 -99.5929 32
v -52.4642 -102.335 32
v -47.298 -104.823 32
v -42.0142 -107.05 32
v -36.626 -109.012 32
v -31.1467 -110.702 32
v -25.5899 -112.117 32
v -19.9695 -113.253 32
v -14.2995 -114.108 32
v -8.59396 -114.678 32
v -2.86703 -114.964 32
v 2.86703 -114.964 32
v 8.59396 -114.678 32
v 14.2995 -114.108 32
v 19.9695 -113.253 32
v 25.5899 -112.117 32
v 31.1467 -110.702 32
v 36.626 -109.012 32
v 42.0142 -107.05 32
v 47.298 -104.823 32
v 52.4642 -102.335 32
v 57.5 -99.5929 32
v 62.3928 -96.603 32
v 67.1305 -93.3729 32
v 71.7013 -89.9106 32
v 76.0939 -86.2248 32
v 80.2972 -82.3247 32
v 84.301 -78.2199 32
v 88.0951 -73.9206 32
v 91.6702 -69.4375 32
v 95.0175 -64.7818 32
v 98.1285 -59.965 32
v 100.995 -54.9992 32
v 103.611 -49.8966 32
v 105.97 -44.67 32
v 108.065 -39.3323 32
v 109.891 -33.8968 32
v 111.444 -28.3771 32
v 112.72 -22.7868 32
v 113.716 -17.1399 32
v 114.429 -11.4503 32
v 114.857 -5.73228 32
v -18.25 -31.6099 48
v -18.0529 -31.7172 48
v -17.8508 -31.8146 48
v -17.644 -31.9017 48
v -17.4332 -31.9785 48
v -17.2188 -32.0446 48
v -17.0013 -32.1 48
v -16.7814 -32.1444 48
v -16.5595 -32.1779 48
v -16.3363 -32.2002 48
v -16.1122 -32.2114 48
v -15.8878 -32.2114 48
v -15.6637 -32.2002 48
v -15.4405 -32.1779 48
v -15.2186 -32.1444 48
v -14.9987 -32.1 48
v -14.7812 -32.0446 48
v -14.5668 -31.9785 48
v -14.356 -31.9017 48
v -14.1492 -31.8146 48
v -13.9471 -31.7172 48
v -13.75 -31.6099 48
v -13.5585 -31.4929 48
v -13.3732 -31.3665 48
v -13.1943 -31.2311 48
v -13.0224 -31.0868 48
v -12.8579 -30.9342 48
v -12.7013 -30.7736 48
v -12.5528 -30.6054 48
v -12.4129 -30.4299 48
v -12.2819 -30.2478 48
v -12.1602 -30.0593 48
v -12.048 -29.865 48
v -11.9456 -29.6653 48
v -11.8534 -29.4608 48
v -11.7714 -29.2519 48
v -11.6999 -29.0392 48
v -11.6392 -28.8232 48
v -11.5892 -28.6045 48
v -11.5503 -28.3835 48
v -11.5224 -28.1609 48
v -11.5056 -27.9371 48
v -11.5 -27.7128 48
v -11.5056 -27.4885 48
v -11.5224 -27.2648 48
v -11.5503 -27.0421 48
v -11.5892 -26.8212 48
v -11.6392 -26.6024 48
v -11.6999 -26.3864 48
v -11.7714 -26.1737 48
v -11.8534 -25.9649 48
v -11.9456 -25.7603 48
v -12.048 -25.5607 48
v -12.1602 -25.3664 48
v -12.2819 -25.1779 48
v -12.4129 -24.9957 48
v -12.5528 -24.8203 48
v -12.7013 -24.652 48
v -12.8579 -24.4914 48
v -13.0224 -24.3388 48
v -13.1943 -24.1946 48
v -13.3732 -24.0591 48
v -13.5585 -23.9327 48
v -13.75 -23.8157 48
v -13.9471 -23.7084 48
v -14.1492 -23.611 48
v -14.356 -23.5239 48
v -14.5668 -23.4471 48
v -14.7812 -23.381 48
v -14.9987 -23.3256 48
v -15.2186 -23.2812 48
v -15.4405 -23.2477 48
v -15.6637 -23.2254 48
v -15.8878 -23.2142 48
v -16.1122 -23.2142 48
v -16.3363 -23.2254 48
v -16.5595 -23.2477 48
v -16.7814 -23.2812 48
v -17.0013 -23.3256 48
v -17.2188 -23.381 48
v -17.4332 -23.4471 48
v -17.644 -23.5239 48
v -17.8508 -23.611 48
v -18.0529 -23.7084 48
v -18.25 -23.8157 48
v -18.4415 -23.9327 48
v -18.6268 -24.0591 48
v -18.8057 -24.1946 48
v -18.9776 -24.3388 48
v -19.1421 -24.4914 48
v -19.2987 -24.652 48
v -19.4472 -24.8203 48
v -19.5871 -24.9957 48
v -19.7181 -25.1779 48
v -19.8398 -25.3664 48
v -19.952 -25.5607 48
v -20.0544 -25.7603 48
v -20.1466 -25.9649 48
v -20.2286 -26.1737 48
v -20.3001 -26.3864 48
v -20.3608 -26.6024 48
v -20.4108 -26.8212 48
v -20.4497 -27.0421 48
v -20.4776 -27.2648 48
v -20.4944 -27.4885 48
v -20.5 -27.7128 48
v -20.4944 -27.9371 48
v -20.4776 -28.1609 48
v -20.4497 -28.3835 48
v -20.4108 -28.6045 48
v -20.3608 -28.8232 48
v -20.3001 -29.0392 48
v -20.2286 -29.2519 48
v -20.1466 -29.4608 48
v -20.0544 -29.6653 48
v -19.952 -29.865 48
v -19.8398 -30.0593 48
v -19.7181 -30.2478 48
v -19.5871 -30.4299 48
v -19.4472 -30.6054 48
v -19.2987 -30.7736 48
v -19.1421 -30.9342 48
v -18.9776 -31.0868 48
v -18.8057 -31.2311 48
v -18.6268 -31.3665 48
v -18.4415 -31.4929 48
v -18.25 -31.6099 48
v -18.25 -31.6099 0
v -18.0529 -31.7172 0
v -17.8508 -31.8146 0
v -17.644 -31.9017 0
v -17.4332 -31.9785 0
v -17.2188 -32.0446 0
v -17.0013 -32.1 0
v -16.7814 -32.1444 0
v -16.5595 -32.1779 0
v -16.3363 -32.2002 0
v -16.1122 -32.2114 0
v -15.8878 -32.2114 0
v -15.6637 -32.2002 0
v -15.4405 -32.1779 0
v -15.2186 -32.1444 0
v -14.9987 -32.1 0
v -14.7812 -32.0446 0
v -14.5668 -31.9785 0
v -14.356 -31.9017 0
v -14.1492 -31.8146 0
v -13.9471 -31.7172 0
v -13.75 -31.6099 0
v -13.5585 -31.4929 0
v -13.3732 -31.3665 0
v -13.1943 -31.2311 0
v -13.0224 -31.0868 0
v -12.8579 -30.9342 0
v -12.7013 -30.7736 0
v -12.5528 -30.6054 0
v -12.4129 -30.4299 0
v -12.2819 -30.2478 0
v -12.1602 -30.0593 0
v -12.048 -29.865 0
v -11.9456 -29.6653 0
v -11.8534 -29.4608 0
v -11.7714 -29.2519 0
v -11.6999 -29.0392 0
v -11.6392 -28.8232 0
v -11.5892 -28.6045 0
v -11.5503 -28.3835 0
v -11.5224 -28.1609 0
v -11.5056 -27.9371 0
v -11.5 -27.7128 0
v -11.5056 -27.4885 0
v -11.5224 -27.2648 0
v -11.5503 -27.0421 0
v -11.5892 -26.8212 0
v -11.6392 -26.6024 0
v -11.6999 -26.3864 0
v -11.7714 -26.1737 0
v -11.8534 -25.9649 0
v -11.9456 -25.7603 0
v -12.048 -25.5607 0
v -12.1602 -25.3664 0
v -12.2819 -25.1779 0
v -12.4129 -24.9957 0
v -12.5528 -24.8203 0
v -12.7013 -24.652 0
v -12.8579 -24.4914 0
v -13.0224 -24.3388 0
v -13.1943 -24.1946 0
v -13.3732 -24.0591 0
v -13.5585 -23.9327 0
v -13.75 -23.8157 0
v -13.9471 -23.7084 0
v -14.1492 -23.611 0
v -14.356 -23.5239 0
v -14.5668 -23.4471 0
v -14.7812 -23.381 0
v -14.9987 -23.3256 0
v -15.2186 -23.2812 0
v -15.4405 -23.2477 0
v -15.6637 -23.2254 0
v -15.8878 -23.2142 0
v -16.1122 -23.2142 0
v -16.3363 -23.2254 0
v -16.5595 -23.2477 0
v -16.7814 -23.2812 0
v -17.0013 -23.3256 0
v -17.2188 -23.381 0
v -17.4332 -23.4471 0
v -17.644 -23.5239 0
v -17.8508 -23.611 0
v -18.0529 -23.7084 0
v -18.25 -23.8157 0
v -18.4415 -23.9327 0
v -18.6268 -24.0591 0
v -18.8057 -24.1946 0
v -18.9776 -24.3388 0
v -19.1421 -24.4914 0
v -19.2987 -24.652 0
v -19.4472 -24.8203 0
v -19.5871 -24.9957 0
v -19.7181 -25.1779 0
v -19.8398 -25.3664 0
v -19.952 -25.5607 0
v -20.0544 -25.7603 0
v -20.1466 -25.9649 0
v -20.2286 -26.1737 0
v -20.3001 -26.3864 0
v -20.3608 -26.6024 0
v -20.4108 -26.8212 0
v -20.4497 -27.0421 0
v -20.4776 -27.2648 0
v -20.4944 -27.4885 0
v -20.5 -27.7128 0
v -20.4944 -27.9371 0
v -20.4776 -28.1609 0
v -20.4497 -28.3835 0
v -20.4108 -28.6045 0
v -20.3608 -28.8232 0
v -20.3001 -29.0392 0
v -20.2286 -29.2519 0
v -20.1466 -29.4608 0
v -20.0544 -29.6653 0
v -19.952 -29.865 0
v -19.8398 -30.0593 0
v -19.7181 -30.2478 0
v -19.5871 -30.4299 0
v -19.4472 -30.6054 0
v -19.2987 -30.7736 0
v -19.1421 -30.9342 0
v -18.9776 -31.0868 0
v -18.8057 -31.2311 0
v -18.6268 -31.3665 0
v -18.4415 -31.4929 0
v -18.25 -31.6099 0
v 18.25 -31.6099 48
v 18.4415 -31.4929 48
v 18.6268 -31.3665 48
v 18.8057 -31.2311 48
v 18.9776 -31.0868 48
v 19.1421 -30.9342 48
v 19.2987 -30.7736 48
v 19.4472 -30.6054 48
v 19.5871 -30.4299 48
v 19.7181 -30.2478 48
v 19.8398 -30.0593 48
v 19.952 -29.865 48
v 20.0544 -29.6653 48
v 20.1466 -29.4608 48
v 20.2286 -29.2519 48
v 20.3001 -29.0392 48
v 20.3608 -28.8232 48
v 20.4108 -28.6045 48
v 20.4497 -28.3835 48
v 20.4776 -28.1609 48
v 20.4944 -27.9371 48
v 20.5 -27.7128 48
v 20.4944 -27.4885 48
v 20.4776 -27.2648 48
v 20.4497 -27.0421 48
v 20.4108 -26.8212 48
v 20.3608 -26.6024 48
v 20.3001 -26.3864 48
v 20.2286 -26.1737 48
v 20.1466 -25.9649 48
v 20.0544 -25.7603 48
v 19.952 -25.5607 48
v 19.8398 -25.3664 48
v 19.7181 -25.1779 48
v 19.5871 -24.9957 48
v 19.4472 -24.8203 48
v 19.2987 -24.652 48
v 19.1421 -24.4914 48
v 18.9776 -24.3388 48
v 18.8057 -24.1946 48
v 18.6268 -24.0591 48
v 18.4415 -23.9327 48
v 18.25 -23.8157 48
v 18.0529 -23.7084 48
v 17.8508 -23.611 48
v 17.644 -23.5239 48
v 17.4332 -23.4471 48
v 17.2188 -23.381 48
v 17.0013 -23.3256 48
v 16.7814 -23.2812 48
v 16.5595 -23.2477 48
v 16.3363 -23.2254 48
v 16.1122 -23.2142 48
v 15.8878 -23.2142 48
v 15.6637 -23.2254 48
v 15.4405 -23.2477 48
v 15.2186 -23.2812 48
v 14.9987 -23.3256 48
v 14.7812 -23.381 48
v 14.5668 -23.4471 48
v 14.356 -23.5239 48
v 14.1492 -23.611 48
v 13.9471 -23.7084 48
v 13.75 -23.8157 48
v 13.5585 -23.9327 48
v 13.3732 -24.0591 48
v 13.1943 -24.1946 48
v 13.0224 -24.3388 48
v 12.8579 -24.4914 48
v 12.7013 -24.652 48
v 12.5528 -24.8203 48
v 12.4129 -24.9957 48
v 12.2819 -25.1779 48
v 12.1602 -25.3664 48
v 12.048 -25.5607 48
v 11.9456 -25.7603 48
v 11.8534 -25.9649 48
v 11.7714 -26.1737 48
v 11.6999 -26.3864 48
v 11.6392 -26.6024 48
v 11.5892 -26.8212 48
v 11.5503 -27.0421 48
v 11.5224 -27.2648 48
v 11.5056 -27.4885 48
v 11.5 -27.7128 48
v 11.5056 -27.9371 48
v 11.5224 -28.1609 48
v 11.5503 -28.3835 48
v 11.5892 -28.6045 48
v 11.6392 -28.8232 48
v 11.6999 -29.0392 48
v 11.7714 -29.2519 48
v 11.8534 -29.4608 48
v 11.9456 -29.6653 48
v 12.048 -29.865 48
v 12.1602 -30.0593 48
v 12.2819 -30.2478 48
v 12.4129 -30.4299 48
v 12.5528 -30.6054 48
v 12.7013 -30.7736 48
v 12.8579 -30.9342 48
v 13.0224 -31.0868 48
v 13.1943 -31.2311 48
v 13.3732 -31.3665 48
v 13.5585 -31.4929 48
v 13.75 -31.6099 48
v 13.9471 -31.7172 48
v 14.1492 -31.8146 48
v 14.356 -31.9017 48
v 14.5668 -31.9785 48
v 14.7812 -32.0446 48
v 14.9987 -32.1 48
v 15.2186 -32.1444 48
v 15.4405 -32.1779 48
v 15.6637 -32.2002 48
v 15.8878 -32.2114 48
v 16.1122 -32.2114 48
v 16.3363 -32.2002 48
v 16.5595 -32.1779 48
v 16.7814 -32.1444 48
v 17.0013 -32.1 48
v 17.2188 -32.0446 48
v 17.4332 -31.9785 48
v 17.644 -31.9017 48
v 17.8508 -31.8146 48
v 18.0529 -31.7172 48
v 18.25 -31.6099 48
v 18.25 -31.6099 0
v 18.4415 -31.4929 0
v 18.6268 -31.3665 0
v 18.8057 -31.2311 0
v 18.9776 -31.0868 0
v 19.1421 -30.9342 0
v 19.2987 -30.7736 0
v 19.4472 -30.6054 0
v 19.5871 -30.4299 0
v 19.7181 -30.2478 0
v 19.8398 -30.0593 0
v 19.952 -29.865 0
v 20.0544 -29.6653 0
v 20.1466 -29.4608 0
v 20.2286 -29.2519 0
v 20.3001 -29.0392 0
v 20.3608 -28.8232 0
v 20.4108 -28.6045 0
v 20.4497 -28.3835 0
v 20.4776 -28.1609 0
v 20.4944 -27.9371 0
v 20.5 -27.7128 0
v 20.4944 -27.4885 0
v 20.4776 -27.2648 0
v 20.4497 -27.0421 0
v 20.4108 -26.8212 0
v 20.3608 -26.6024 0
v 20.3001 -26.3864 0
v 20.2286 -26.1737 0
v 20.1466 -25.9649 0
v 20.0544 -25.7603 0
v 19.952 -25.5607 0
v 19.8398 -25.3664 0
v 19.7181 -25.1779 0
v 19.5871 -24.9957 0
v 19.4472 -24.8203 0
v 19.2987 -24.652 0
v 19.1421 -24.4914 0
v 18.9776 -24.3388 0
v 18.8057 -24.1946 0
v 18.6268 -24.0591 0
v 18.4415 -23.9327 0
v 18.25 -23.8157 0
v 18.0529 -23.7084 0
v 17.8508 -23.611 0
v 17.644 -23.5239 0
v 17.4332 -23.4471 0
v 17.2188 -23.381 0
v 17.0013 -23.3256 0
v 16.7814 -23.2812 0
v 16.5595 -23.2477 0
v 16.3363 -23.2254 0
v 16.1122 -23.2142 0
v 15.8878 -23.2142 0
v 15.6637 -23.2254 0
v 15.4405 -23.2477 0
v 15.2186 -23.2812 0
v 14.9987 -23.3256 0
v 14.7812 -23.381 0
v 14.5668 -23.4471 0
v 14.356 -23.5239 0
v 14.1492 -23.611 0
v 13.9471 -23.7084 0
v 13.75 -23.8157 0
v 13.5585 -23.9327 0
v 13.3732 -24.0591 0
v 13.1943 -24.1946 0
v 13.0224 -24.3388 0
v 12.8579 -24.4914 0
v 12.7013 -24.652 0
v 12.5528 -24.8203 0
v 12.4129 -24.9957 0
v 12.2819 -25.1779 0
v 12.1602 -25.3664 0
v 12.048 -25.5607 0
v 11.9456 -25.7603 0
v 11.8534 -25.9649 0
v 11.7714 -26.1737 0
v 11.6999 -26.3864 0
v 11.6392 -26.6024 0
v 11.5892 -26.8212 0
v 11.5503 -27.0421 0
v 11.5224 -27.2648 0
v 11.5056 -27.4885 0
v 11.5 -27.7128 0
v 11.5056 -27.9371 0
v 11.5224 -28.1609 0
v 11.5503 -28.3835 0
v 11.5892 -28.6045 0
v 11.6392 -28.8232 0
v 11.6999 -29.0392 0
v 11.7714 -29.2519 0
v 11.8534 -29.4608 0
v 11.9456 -29.6653 0
v 12.048 -29.865 0
v 12.1602 -30.0593 0
v 12.2819 -30.2478 0
v 12.4129 -30.4299 0
v 12.5528 -30.6054 0
v 12.7013 -30.7736 0
v 12.8579 -30.9342 0
v 13.0224 -31.0868 0
v 13.1943 -31.2311 0
v 13.3732 -31.3665 0
v 13.5585 -31.4929 0
v 13.75 -31.6099 0
v 13.9471 -31.7172 0
v 14.1492 -31.8146 0
v 14.356 -31.9017 0
v 14.5668 -31.9785 0
v 14.7812 -32.0446 0
v 14.9987 -32.1 0
v 15.2186 -32.1444 0
v 15.4405 -32.1779 0
v 15.6637 -32.2002 0
v 15.8878 -32.2114 0
v 16.1122 -32.2114 0
v 16.3363 -32.2002 0
v 16.5595 -32.1779 0
v 16.7814 -32.1444 0
v 17.0013 -32.1 0
v 17.2188 -32.0446 0
v 17.4332 -31.9785 0
v 17.644 -31.9017 0
v 17.8508 -31.8146 0
v 18.0529 -31.7172 0
v 18.25 -31.6099 0
v 15 -3.67394e-15 48
v 14.9814 0.747688 48
v 14.9255 1.49352 48
v 14.8325 2.23563 48
v 14.7026 2.97219 48
v 14.5362 3.70136 48
v 14.3336 4.42133 48
v 14.0954 5.1303 48
v 13.8221 5.82652 48
v 13.5145 6.50826 48
v 13.1733 7.17381 48
v 12.7994 7.82153 48
v 12.3936 8.4498 48
v 11.957 9.05707 48
v 11.4907 9.64181 48
v 10.9958 10.2026 48
v 10.4736 10.738 48
v 9.92529 11.2467 48
v 9.35235 11.7275 48
v 8.75616 12.1791 48
v 8.13819 12.6004 48
v 7.5 12.9904 48
v 6.84316 13.3481 48
v 6.16931 13.6726 48
v 5.48012 13.9631 48
v 4.7773 14.2189 48
v 4.06261 14.4394 48
v 3.33781 14.6239 48
v 2.60472 14.7721 48
v 1.86516 14.8836 48
v 1.12095 14.9581 48
v 0.37396 14.9953 48
v -0.37396 14.9953 48
v -1.12095 14.9581 48
v -1.86516 14.8836 48
v -2.60472 14.7721 48
v -3.33781 14.6239 48
v -4.06261 14.4394 48
v -4.7773 14.2189 48
v -5.48012 13.9631 48
v -6.16931 13.6726 48
v -6.84316 13.3481 48
v -7.5 12.9904 48
v -8.13819 12.6004 48
v -8.75616 12.1791 48
v -9.35235 11.7275 48
v -9.92529 11.2467 48
v -10.4736 10.738 48
v -10.9958 10.2026 48
v -11.4907 9.64181 48
v -11.957 9.05707 48
v -12.3936 8.4498 48
v -12.7994 7.82153 48
v -13.1733 7.17381 48
v -13.5145 6.50826 48
v -13.8221 5.82652 48
v -14.0954 5.1303 48
v -14.3336 4.42133 48
v -14.5362 3.70136 48
v -14.7026 2.97219 48
v -14.8325 2.23563 48
v -14.9255 1.49352 48
v -14.9814 0.747688 48
v -15 -5.14537e-14 48
v -14.9814 -0.747688 48
v -14.9255 -1.49352 48
v -14.8325 -2.23563 48
v -14.7026 -2.97219 48
v -14.5362 -3.70136 48
v -14.3336 -4.42133 48
v -14.0954 -5.1303 48
v -13.8221 -5.82652 48
v -13.5145 -6.50826 48
v -13.1733 -7.17381 48
v -12.7994 -7.82153 48
v -12.3936 -8.4498 48
v -11.957 -9.05707 48
v -11.4907 -9.64181 48
v -10.9958 -10.2026 48
v -10.4736 -10.738 48
v -9.92529 -11.2467 48
v -9.35235 -11.7275 48
v -8.75616 -12.1791 48
v -8.13819 -12.6004 48
v -7.5 -12.9904 48
v -6.84316 -13.3481 48
v -6.16931 -13.6726 48
v -5.48012 -13.9631 48
v -4.7773 -14.2189 48
v -4.06261 -14.4394 48
v -3.33781 -14.6239 48
v -2.60472 -14.7721 48
v -1.86516 -14.8836 48
v -1.12095 -14.9581 48
v -0.37396 -14.9953 48
v 0.37396 -14.9953 48
v 1.12095 -14.9581 48
v 1.86516 -14.8836 48
v 2.60472 -14.7721 48
v 3.33781 -14.6239 48
v 4.06261 -14.4394 48
v 4.7773 -14.2189 48
v 5.48012 -13.9631 48
v 6.16931 -13.6726 48
v 6.84316 -13.3481 48
v 7.5 -12.9904 48
v 8.13819 -12.6004 48
v 8.75616 -12.1791 48
v 9.35235 -11.7275 48
v 9.92529 -11.2467 48
v 10.4736 -10.738 48
v 10.9958 -10.2026 48
v 11.4907 -9.64181 48
v 11.957 -9.05707 48
v 12.3936 -8.4498 48
v 12.7994 -7.82153 48
v 13.1733 -7.17381 48
v 13.5145 -6.50826 48
v 13.8221 -5.82652 48
v 14.0954 -5.1303 48
v 14.3336 -4.42133 48
v 14.5362 -3.70136 48
v 14.7026 -2.97219 48
v 14.8325 -2.23563 48
v 14.9255 -1.49352 48
v 14.9814 -0.747688 48
v 15 -3.67394e-15 48
v 15 -3.67394e-15 0
v 14.9814 0.747688 0
v 14.9255 1.49352 0
v 14.8325 2.23563 0
v 14.7026 2.97219 0
v 14.5362 3.70136 0
v 14.3336 4.42133 0
v 14.0954 5.1303 0
v 13.8221 5.82652 0
v 13.5145 6.50826 0
v 13.1733 7.17381 0
v 12.7994 7.82153 0
v 12.3936 8.4498 0
v 11.957 9.05707 0
v 11.4907 9.64181 0
v 10.9958 10.2026 0
v 10.4736 10.738 0
v 9.92529 11.2467 0
v 9.35235 11.7275 0
v 8.75616 12.1791 0
v 8.13819 12.6004 0
v 7.5 12.9904 0
v 6.84316 13.3481 0
v 6.16931 13.6726 0
v 5.48012 13.9631 0
v 4.7773 14.2189 0
v 4.06261 14.4394 0
v 3.33781 14.6239 0
v 2.60472 14.7721 0
v 1.86516 14.8836 0
v 1.12095 14.9581 0
v 0.37396 14.9953 0
v -0.37396 14.9953 0
v -1.12095 14.9581 0
v -1.86516 14.8836 0
v -2.60472 14.7721 0
v -3.33781 14.6239 0
v -4.06261 14.4394 0
v -4.7773 14.2189 0
v -5.48012 13.9631 0
v -6.16931 13.6726 0
v -6.84316 13.3481 0
v -7.5 12.9904 0
v -8.13819 12.6004 0
v -8.75616 12.1791 0
v -9.35235 11.7275 0
v -9.92529 11.2467 0
v -10.4736 10.738 0
v -10.9958 10.2026 0
v -11.4907 9.64181 0
v -11.957 9.05707 0
v -12.3936 8.4498 0
v -12.7994 7.82153 0
v -13.1733 7.17381 0
v -13.5145 6.50826 0
v -13.8221 5.82652 0
v -14.0954 5.1303 0
v -14.3336 4.42133 0
v -14.5362 3.70136 0
v -14.7026 2.97219 0
v -14.8325 2.23563 0
v -14.9255 1.49352 0
v -14.9814 0.747688 0
v -15 -5.14537e-14 0
v -14.9814 -0.747688 0
v -14.9255 -1.49352 0
v -14.8325 -2.23563 0
v -14.7026 -2.97219 0
v -14.5362 -3.70136 0
v -14.3336 -4.42133 0
v -14.0954 -5.1303 0
v -13.8221 -5.82652 0
v -13.5145 -6.50826 0
v -13.1733 -7.17381 0
v -12.7994 -7.82153 0
v -12.3936 -8.4498 0
v -11.957 -9.05707 0
v -11.4907 -9.64181 0
v -10.9958 -10.2026 0
v -10.4736 -10.738 0
v -9.92529 -11.2467 0
v -9.35235 -11.7275 0
v -8.75616 -12.1791 0
v -8.13819 -12.6004 0
v -7.5 -12.9904 0
v -6.84316 -13.3481 0
v -6.16931 -13.6726 0
v -5.48012 -13.9631 0
v -4.7773 -14.2189 0
v -4.06261 -14.4394 0
v -3.33781 -14.6239 0
v -2.60472 -14.7721 0
v -1.86516 -14.8836 0
v -1.12095 -14.9581 0
v -0.37396 -14.9953 0
v 0.37396 -14.9953 0
v 1.12095 -14.9581 0
v 1.86516 -14.8836 0
v 2.60472 -14.7721 0
v 3.33781 -14.6239 0
v 4.06261 -14.4394 0
v 4.7773 -14.2189 0
v 5.48012 -13.9631 0
v 6.16931 -13.6726 0
v 6.84316 -13.3481 0
v 7.5 -12.9904 0
v 8.13819 -12.6004 0
v 8.75616 -12.1791 0
v 9.35235 -11.7275 0
v 9.92529 -11.2467 0
v 10.4736 -10.738 0
v 10.9958 -10.2026 0
v 11.4907 -9.64181 0
v 11.957 -9.05707 0
v 12.3936 -8.4498 0
v 12.7994 -7.82153 0
v 13.1733 -7.17381 0
v 13.5145 -6.50826 0
v 13.8221 -5.82652 0
v 14.0954 -5.1303 0
v 14.3336 -4.42133 0
v 14.5362 -3.70136 0
v 14.7026 -2.97219 0
v 14.8325 -2.23563 0
v 14.9255 -1.49352 0
v 14.9814 -0.747688 0
v 15 -3.67394e-15 0
v 36.5 -1.10218e-15 48
v 36.4944 0.224306 48
v 36.4776 0.448055 48
v 36.4497 0.67069 48
v 36.4108 0.891658 48
v 36.3608 1.11041 48
v 36.3001 1.3264 48
v 36.2286 1.53909 48
v 36.1466 1.74796 48
v 36.0544 1.95248 48
v 35.952 2.15214 48
v 35.8398 2.34646 48
v 35.7181 2.53494 48
v 35.5871 2.71712 48
v 35.4472 2.89254 48
v 35.2987 3.06078 48
v 35.1421 3.2214 48
v 34.9776 3.37402 48
v 34.8057 3.51824 48
v 34.6268 3.65372 48
v 34.4415 3.78012 48
v 34.25 3.89711 48
v 34.0529 4.00442 48
v 33.8508 4.10178 48
v 33.644 4.18893 48
v 33.4332 4.26567 48
v 33.2188 4.33181 48
v 33.0013 4.38718 48
v 32.7814 4.43163 48
v 32.5595 4.46508 48
v 32.3363 4.48742 48
v 32.1122 4.4986 48
v 31.8878 4.4986 48
v 31.6637 4.48742 48
v 31.4405 4.46508 48
v 31.2186 4.43163 48
v 30.9987 4.38718 48
v 30.7812 4.33181 48
v 30.5668 4.26567 48
v 30.356 4.18893 48
v 30.1492 4.10178 48
v 29.9471 4.00442 48
v 29.75 3.89711 48
v 29.5585 3.78012 48
v 29.3732 3.65372 48
v 29.1943 3.51824 48
v 29.0224 3.37402 48
v 28.8579 3.2214 48
v 28.7013 3.06078 48
v 28.5528 2.89254 48
v 28.4129 2.71712 48
v 28.2819 2.53494 48
v 28.1602 2.34646 48
v 28.048 2.15214 48
v 27.9456 1.95248 48
v 27.8534 1.74796 48
v 27.7714 1.53909 48
v 27.6999 1.3264 48
v 27.6392 1.11041 48
v 27.5892 0.891658 48
v 27.5503 0.67069 48
v 27.5224 0.448055 48
v 27.5056 0.224306 48
v 27.5 -1.54361e-14 48
v 27.5056 -0.224306 48
v 27.5224 -0.448055 48
v 27.5503 -0.67069 48
v 27.5892 -0.891658 48
v 27.6392 -1.11041 48
v 27.6999 -1.3264 48
v 27.7714 -1.53909 48
v 27.8534 -1.74796 48
v 27.9456 -1.95248 48
v 28.048 -2.15214 48
v 28.1602 -2.34646 48
v 28.2819 -2.53494 48
v 28.4129 -2.71712 48
v 28.5528 -2.89254 48
v 28.7013 -3.06078 48
v 28.8579 -3.2214 48
v 29.0224 -3.37402 48
v 29.1943 -3.51824 48
v 29.3732 -3.65372 48
v 29.5585 -3.78012 48
v 29.75 -3.89711 48
v 29.9471 -4.00442 48
v 30.1492 -4.10178 48
v 30.356 -4.18893 48
v 30.5668 -4.26567 48
v 30.7812 -4.33181 48
v 30.9987 -4.38718 48
v 31.2186 -4.43163 48
v 31.4405 -4.46508 48
v 31.6637 -4.48742 48
v 31.8878 -4.4986 48
v 32.1122 -4.4986 48
v 32.3363 -4.48742 48
v 32.5595 -4.46508 48
v 32.7814 -4.43163 48
v 33.0013 -4.38718 48
v 33.2188 -4.33181 48
v 33.4332 -4.26567 48
v 33.644 -4.18893 48
v 33.8508 -4.10178 48
v 34.0529 -4.00442 48
v 34.25 -3.89711 48
v 34.4415 -3.78012 48
v 34.6268 -3.65372 48
v 34.8057 -3.51824 48
v 34.9776 -3.37402 48
v 35.1421 -3.2214 48
v 35.2987 -3.06078 48
v 35.4472 -2.89254 48
v 35.5871 -2.71712 48
v 35.7181 -2.53494 48
v 35.8398 -2.34646 48
v 35.952 -2.15214 48
v 36.0544 -1.95248 48
v 36.1466 -1.74796 48
v 36.2286 -1.53909 48
v 36.3001 -1.3264 48
v 36.3608 -1.11041 48
v 36.4108 -0.891658 48
v 36.4497 -0.67069 48
v 36.4776 -0.448055 48
v 36.4944 -0.224306 48
v 36.5 -1.10218e-15 48
v 36.5 -1.10218e-15 0
v 36.4944 0.224306 0
v 36.4776 0.448055 0
v 36.4497 0.67069 0
v 36.4108 0.891658 0
v 36.3608 1.11041 0
v 36.3001 1.3264 0
v 36.2286 1.53909 0
v 36.1466 1.74796 0
v 36.0544 1.95248 0
v 35.952 2.15214 0
v 35.8398 2.34646 0
v 35.7181 2.53494 0
v 35.5871 2.71712 0
v 35.4472 2.89254 0
v 35.2987 3.06078 0
v 35.1421 3.2214 0
v 34.9776 3.37402 0
v 34.8057 3.51824 0
v 34.6268 3.65372 0
v 34.4415 3.78012 0
v 34.25 3.89711 0
v 34.0529 4.00442 0
v 33.8508 4.10178 0
v 33.644 4.18893 0
v 33.4332 4.26567 0
v 33.2188 4.33181 0
v 33.0013 4.38718 0
v 32.7814 4.43163 0
v 32.5595 4.46508 0
v 32.3363 4.48742 0
v 32.1122 4.4986 0
v 31.8878 4.4986 0
v 31.6637 4.48742 0
v 31.4405 4.46508 0
v 31.2186 4.43163 0
v 30.9987 4.38718 0
v 30.7812 4.33181 0
v 30.5668 4.26567 0
v 30.356 4.18893 0
v 30.1492 4.10178 0
v 29.9471 4.00442 0
v 29.75 3.89711 0
v 29.5585 3.78012 0
v 29.3732 3.65372 0
v 29.1943 3.51824 0
v 29.0224 3.37402 0
v 28.8579 3.2214 0
v 28.7013 3.06078 0
v 28.5528 2.89254 0
v 28.4129 2.71712 0
v 28.2819 2.53494 0
v 28.1602 2.34646 0
v 28.048 2.15214 0
v 27.9456 1.95248 0
v 27.8534 1.74796 0
v 27.7714 1.53909 0
v 27.6999 1.3264 0
v 27.6392 1.11041 0
v 27.5892 0.891658 0
v 27.5503 0.67069 0
v 27.5224 0.448055 0
v 27.5056 0.224306 0
v 27.5 -1.54361e-14 0
v 27.5056 -0.224306 0
v 27.5224 -0.448055 0
v 27.5503 -0.67069 0
v 27.5892 -0.891658 0
v 27.6392 -1.11041 0
v 27.6999 -1.3264 0
v 27.7714 -1.53909 0
v 27.8534 -1.74796 0
v 27.9456 -1.95248 0
v 28.048 -2.15214 0
v 28.1602 -2.34646 0
v 28.2819 -2.53494 0
v 28.4129 -2.71712 0
v 28.5528 -2.89254 0
v 28.7013 -3.06078 0
v 28.8579 -3.2214 0
v 29.0224 -3.37402 0
v 29.1943 -3.51824 0
v 29.3732 -3.65372 0
v 29.5585 -3.78012 0
v 29.75 -3.89711 0
v 29.9471 -4.00442 0
v 30.1492 -4.10178 0
v 30.356 -4.18893 0
v 30.5668 -4.26567 0
v 30.7812 -4.33181 0
v 30.9987 -4.38718 0
v 31.2186 -4.43163 0
v 31.4405 -4.46508 0
v 31.6637 -4.48742 0
v 31.8878 -4.4986 0
v 32.1122 -4.4986 0
v 32.3363 -4.48742 0
v 32.5595 -4.46508 0
v 32.7814 -4.43163 0
v 33.0013 -4.38718 0
v 33.2188 -4.33181 0
v 33.4332 -4.26567 0
v 33.644 -4.18893 0
v 33.8508 -4.10178 0
v 34.0529 -4.00442 0
v 34.25 -3.89711 0
v 34.4415 -3.78012 0
v 34.6268 -3.65372 0
v 34.8057 -3.51824 0
v 34.9776 -3.37402 0
v 35.1421 -3.2214 0
v 35.2987 -3.06078 0
v 35.4472 -2.89254 0
v 35.5871 -2.71712 0
v 35.7181 -2.53494 0
v 35.8398 -2.34646 0
v 35.952 -2.15214 0
v 36.0544 -1.95248 0
v 36.1466 -1.74796 0
v 36.2286 -1.53909 0
v 36.3001 -1.3264 0
v 36.3608 -1.11041 0
v 36.4108 -0.891658 0
v 36.4497 -0.67069 0
v 36.4776 -0.448055 0
v 36.4944 -0.224306 0
v 36.5 -1.10218e-15 0
v -36.5 5.57214e-15 48
v -36.4944 -0.224306 48
v -36.4776 -0.448055 48
v -36.4497 -0.67069 48
v -36.4108 -0.891658 48
v -36.3608 -1.11041 48
v -36.3001 -1.3264 48
v -36.2286 -1.53909 48
v -36.1466 -1.74796 48
v -36.0544 -1.95248 48
v -35.952 -2.15214 48
v -35.8398 -2.34646 48
v -35.7181 -2.53494 48
v -35.5871 -2.71712 48
v -35.4472 -2.89254 48
v -35.2987 -3.06078 48
v -35.1421 -3.2214 48
v -34.9776 -3.37402 48
v -34.8057 -3.51824 48
v -34.6268 -3.65372 48
v -34.4415 -3.78012 48
v -34.25 -3.89711 48
v -34.0529 -4.00442 48
v -33.8508 -4.10178 48
v -33.644 -4.18893 48
v -33.4332 -4.26567 48
v -33.2188 -4.33181 48
v -33.0013 -4.38718 48
v -32.7814 -4.43163 48
v -32.5595 -4.46508 48
v -32.3363 -4.48742 48
v -32.1122 -4.4986 48
v -31.8878 -4.4986 48
v -31.6637 -4.48742 48
v -31.4405 -4.46508 48
v -31.2186 -4.43163 48
v -30.9987 -4.38718 48
v -30.7812 -4.33181 48
v -30.5668 -4.26567 48
v -30.356 -4.18893 48
v -30.1492 -4.10178 48
v -29.9471 -4.00442 48
v -29.75 -3.89711 48
v -29.5585 -3.78012 48
v -29.3732 -3.65372 48
v -29.1943 -3.51824 48
v -29.0224 -3.37402 48
v -28.8579 -3.2214 48
v -28.7013 -3.06078 48
v -28.5528 -2.89254 48
v -28.4129 -2.71712 48
v -28.2819 -2.53494 48
v -28.1602 -2.34646 48
v -28.048 -2.15214 48
v -27.9456 -1.95248 48
v -27.8534 -1.74796 48
v -27.7714 -1.53909 48
v -27.6999 -1.3264 48
v -27.6392 -1.11041 48
v -27.5892 -0.891658 48
v -27.5503 -0.67069 48
v -27.5224 -0.448055 48
v -27.5056 -0.224306 48
v -27.5 1.88039e-14 48
v -27.5056 0.224306 48
v -27.5224 0.448055 48
v -27.5503 0.67069 48
v -27.5892 0.891658 48
v -27.6392 1.11041 48
v -27.6999 1.3264 48
v -27.7714 1.53909 48
v -27.8534 1.74796 48
v -27.9456 1.95248 48
v -28.048 2.15214 48
v -28.1602 2.34646 48
v -28.2819 2.53494 48
v -28.4129 2.71712 48
v -28.5528 2.89254 48
v -28.7013 3.06078 48
v -28.8579 3.2214 48
v -29.0224 3.37402 48
v -29.1943 3.51824 48
v -29.3732 3.65372 48
v -29.5585 3.78012 48
v -29.75 3.89711 48
v -29.9471 4.00442 48
v -30.1492 4.10178 48
v -30.356 4.18893 48
v -30.5668 4.26567 48
v -30.7812 4.33181 48
v -30.9987 4.38718 48
v -31.2186 4.43163 48
v -31.4405 4.46508 48
v -31.6637 4.48742 48
v -31.8878 4.4986 48
v -32.1122 4.4986 48
v -32.3363 4.48742 48
v -32.5595 4.46508 48
v -32.7814 4.43163 48
v -33.0013 4.38718 48
v -33.2188 4.33181 48
v -33.4332 4.26567 48
v -33.644 4.18893 48
v -33.8508 4.10178 48
v -34.0529 4.00442 48
v -34.25 3.89711 48
v -34.4415 3.78012 48
v -34.6268 3.65372 48
v -34.8057 3.51824 48
v -34.9776 3.37402 48
v -35.1421 3.2214 48
v -35.2987 3.06078 48
v -35.4472 2.89254 48
v -35.5871 2.71712 48
v -35.7181 2.53494 48
v -35.8398 2.34646 48
v -35.952 2.15214 48
v -36.0544 1.95248 48
v -36.1466 1.74796 48
v -36.2286 1.53909 48
v -36.3001 1.3264 48
v -36.3608 1.11041 48
v -36.4108 0.891658 48
v -36.4497 0.67069 48
v -36.4776 0.448055 48
v -36.4944 0.224306 48
v -36.5 5.57214e-15 48
v -36.5 5.57214e-15 0
v -36.4944 -0.224306 0
v -36.4776 -0.448055 0
v -36.4497 -0.67069 0
v -36.4108 -0.891658 0
v -36.3608 -1.11041 0
v -36.3001 -1.3264 0
v -36.2286 -1.53909 0
v -36.1466 -1.74796 0
v -36.0544 -1.95248 0
v -35.952 -2.15214 0
v -35.8398 -2.34646 0
v -35.7181 -2.53494 0
v -35.5871 -2.71712 0
v -35.4472 -2.89254 0
v -35.2987 -3.06078 0
v -35.1421 -3.2214 0
v -34.9776 -3.37402 0
v -34.8057 -3.51824 0
v -34.6268 -3.65372 0
v -34.4415 -3.78012 0
v -34.25 -3.89711 0
v -34.0529 -4.00442 0
v -33.8508 -4.10178 0
v -33.644 -4.18893 0
v -33.4332 -4.26567 0
v -33.2188 -4.33181 0
v -33.0013 -4.38718 0
v -32.7814 -4.43163 0
v -32.5595 -4.46508 0
v -32.3363 -4.48742 0
v -32.1122 -4.4986 0
v -31.8878 -4.4986 0
v -31.6637 -4.48742 0
v -31.4405 -4.46508 0
v -31.2186 -4.43163 0
v -30.9987 -4.38718 0
v -30.7812 -4.33181 0
v -30.5668 -4.26567 0
v -30.356 -4.18893 0
v -30.1492 -4.10178 0
v -29.9471 -4.00442 0
v -29.75 -3.89711 0
v -29.5585 -3.78012 0
v -29.3732 -3.65372 0
v -29.1943 -3.51824 0
v -29.0224 -3.37402 0
v -28.8579 -3.2214 0
v -28.7013 -3.06078 0
v -28.5528 -2.89254 0
v -28.4129 -2.71712 0
v -28.2819 -2.53494 0
v -28.1602 -2.34646 0
v -28.048 -2.15214 0
v -27.9456 -1.95248 0
v -27.8534 -1.74796 0
v -27.7714 -1.53909 0
v -27.6999 -1.3264 0
v -27.6392 -1.11041 0
v -27.5892 -0.891658 0
v -27.5503 -0.67069 0
v -27.5224 -0.448055 0
v -27.5056 -0.224306 0
v -27.5 1.88039e-14 0
v -27.5056 0.224306 0
v -27.5224 0.448055 0
v -27.5503 0.67069 0
v -27.5892 0.891658 0
v -27.6392 1.11041 0
v -27.6999 1.3264 0
v -27.7714 1.53909 0
v -27.8534 1.74796 0
v -27.9456 1.95248 0
v -28.048 2.15214 0
v -28.1602 2.34646 0
v -28.2819 2.53494 0
v -28.4129 2.71712 0
v -28.5528 2.89254 0
v -28.7013 3.06078 0
v -28.8579 3.2214 0
v -29.0224 3.37402 0
v -29.1943 3.51824 0
v -29.3732 3.65372 0
v -29.5585 3.78012 0
v -29.75 3.89711 0
v -29.9471 4.00442 0
v -30.1492 4.10178 0
v -30.356 4.18893 0
v -30.5668 4.26567 0
v -30.7812 4.33181 0
v -30.9987 4.38718 0
v -31.2186 4.43163 0
v -31.4405 4.46508 0
v -31.6637 4.48742 0
v -31.8878 4.4986 0
v -32.1122 4.4986 0
v -32.3363 4.48742 0
v -32.5595 4.46508 0
v -32.7814 4.43163 0
v -33.0013 4.38718 0
v -33.2188 4.33181 0
v -33.4332 4.26567 0
v -33.644 4.18893 0
v -33.8508 4.10178 0
v -34.0529 4.00442 0
v -34.25 3.89711 0
v -34.4415 3.78012 0
v -34.6268 3.65372 0
v -34.8057 3.51824 0
v -34.9776 3.37402 0
v -35.1421 3.2214 0
v -35.2987 3.06078 0
v -35.4472 2.89254 0
v -35.5871 2.71712 0
v -35.7181 2.53494 0
v -35.8398 2.34646 0
v -35.952 2.15214 0
v -36.0544 1.95248 0
v -36.1466 1.74796 0
v -36.2286 1.53909 0
v -36.3001 1.3264 0
v -36.3608 1.11041 0
v -36.4108 0.891658 0
v -36.4497 0.67069 0
v -36.4776 0.448055 0
v -36.4944 0.224306 0
v -36.5 5.57214e-15 0
v -18.25 31.6099 48
v -18.4415 31.4929 48
v -18.6268 31.3665 48
v -18.8057 31.2311 48
v -18.9776 31.0868 48
v -19.1421 30.9342 48
v -19.2987 30.7736 48
v -19.4472 30.6054 48
v -19.5871 30.4299 48
v -19.7181 30.2478 48
v -19.8398 30.0593 48
v -19.952 29.865 48
v -20.0544 29.6653 48
v -20.1466 29.4608 48
v -20.2286 29.2519 48
v -20.3001 29.0392 48
v -20.3608 28.8232 48
v -20.4108 28.6045 48
v -20.4497 28.3835 48
v -20.4776 28.1609 48
v -20.4944 27.9371 48
v -20.5 27.7128 48
v -20.4944 27.4885 48
v -20.4776 27.2648 48
v -20.4497 27.0421 48
v -20.4108 26.8212 48
v -20.3608 26.6024 48
v -20.3001 26.3864 48
v -20.2286 26.1737 48
v -20.1466 25.9649 48
v -20.0544 25.7603 48
v -19.952 25.5607 48
v -19.8398 25.3664 48
v -19.7181 25.1779 48
v -19.5871 24.9957 48
v -19.4472 24.8203 48
v -19.2987 24.652 48
v -19.1421 24.4914 48
v -18.9776 24.3388 48
v -18.8057 24.1946 48
v -18.6268 24.0591 48
v -18.4415 23.9327 48
v -18.25 23.8157 48
v -18.0529 23.7084 48
v -17.8508 23.611 48
v -17.644 23.5239 48
v -17.4332 23.4471 48
v -17.2188 23.381 48
v -17.0013 23.3256 48
v -16.7814 23.2812 48
v -16.5595 23.2477 48
v -16.3363 23.2254 48
v -16.1122 23.2142 48
v -15.8878 23.2142 48
v -15.6637 23.2254 48
v -15.4405 23.2477 48
v -15.2186 23.2812 48
v -14.9987 23.3256 48
v -14.7812 23.381 48
v -14.5668 23.4471 48
v -14.356 23.5239 48
v -14.1492 23.611 48
v -13.9471 23.7084 48
v -13.75 23.8157 48
v -13.5585 23.9327 48
v -13.3732 24.0591 48
v -13.1943 24.1946 48
v -13.0224 24.3388 48
v -12.8579 24.4914 48
v -12.7013 24.652 48
v -12.5528 24.8203 48
v -12.4129 24.9957 48
v -12.2819 25.1779 48
v -12.1602 25.3664 48
v -12.048 25.5607 48
v -11.9456 25.7603 48
v -11.8534 25.9649 48
v -11.7714 26.1737 48
v -11.6999 26.3864 48
v -11.6392 26.6024 48
v -11.5892 26.8212 48
v -11.5503 27.0421 48
v -11.5224 27.2648 48
v -11.5056 27.4885 48
v -11.5 27.7128 48
v -11.5056 27.9371 48
v -11.5224 28.1609 48
v -11.5503 28.3835 48
v -11.5892 28.6045 48
v -11.6392 28.8232 48
v -11.6999 29.0392 48
v -11.7714 29.2519 48
v -11.8534 29.4608 48
v -11.9456 29.6653 48
v -12.048 29.865 48
v -12.1602 30.0593 48
v -12.2819 30.2478 48
v -12.4129 30.4299 48
v -12.5528 30.6054 48
v -12.7013 30.7736 48
v -12.8579 30.9342 48
v -13.0224 31.0868 48
v -13.1943 31.2311 48
v -13.3732 31.3665 48
v -13.5585 31.4929 48
v -13.75 31.6099 48
v -13.9471 31.7172 48
v -14.1492 31.8146 48
v -14.356 31.9017 48
v -14.5668 31.9785 48
v -14.7812 32.0446 48
v -14.9987 32.1 48
v -15.2186 32.1444 48
v -15.4405 32.1779 48
v -15.6637 32.2002 48
v -15.8878 32.2114 48
v -16.1122 32.2114 48
v -16.3363 32.2002 48
v -16.5595 32.1779 48
v -16.7814 32.1444 48
v -17.0013 32.1 48
v -17.2188 32.0446 48
v -17.4332 31.9785 48
v -17.644 31.9017 48
v -17.8508 31.8146 48
v -18.0529 31.7172 48
v -18.25 31.6099 48
v -18.25 31.6099 0
v -18.4415 31.4929 0
v -18.6268 31.3665 0
v -18.8057 31.2311 0
v -18.9776 31.0868 0
v -19.1421 30.9342 0
v -19.2987 30.7736 0
v -19.4472 30.6054 0
v -19.5871 30.4299 0
v -19.7181 30.2478 0
v -19.8398 30.0593 0
v -19.952 29.865 0
v -20.0544 29.6653 0
v -20.1466 29.4608 0
v -20.2286 29.2519 0
v -20.3001 29.0392 0
v -20.3608 28.8232 0
v -20.4108 28.6045 0
v -20.4497 28.3835 0
v -20.4776 28.1609 0
v -20.4944 27.9371 0
v -20.5 27.7128 0
v -20.4944 27.4885 0
v -20.4776 27.2648 0
v -20.4497 27.0421 0
v -20.4108 26.8212 0
v -20.3608 26.6024 0
v -20.3001 26.3864 0
v -20.2286 26.1737 0
v -20.1466 25.9649 0
v -20.0544 25.7603 0
v -19.952 25.5607 0
v -19.8398 25.3664 0
v -19.7181 25.1779 0
v -19.5871 24.9957 0
v -19.4472 24.8203 0
v -19.2987 24.652 0
v -19.1421 24.4914 0
v -18.9776 24.3388 0
v -18.8057 24.1946 0
v -18.6268 24.0591 0
v -18.4415 23.9327 0
v -18.25 23.8157 0
v -18.0529 23.7084 0
v -17.8508 23.611 0
v -17.644 23.5239 0
v -17.4332 23.4471 0
v -17.2188 23.381 0
v -17.0013 23.3256 0
v -16.7814 23.2812 0
v -16.5595 23.2477 0
v -16.3363 23.2254 0
v -16.1122 23.2142 0
v -15.8878 23.2142 0
v -15.6637 23.2254 0
v -15.4405 23.2477 0
v -15.2186 23.2812 0
v -14.9987 23.3256 0
v -14.7812 23.381 0
v -14.5668 23.4471 0
v -14.356 23.5239 0
v -14.1492 23.611 0
v -13.9471 23.7084 0
v -13.75 23.8157 0
v -13.5585 23.9327 0
v -13.3732 24.0591 0
v -13.1943 24.1946 0
v -13.0224 24.3388 0
v -12.8579 24.4914 0
v -12.7013 24.652 0
v -12.5528 24.8203 0
v -12.4129 24.9957 0
v -12.2819 25.1779 0
v -12.1602 25.3664 0
v -12.048 25.5607 0
v -11.9456 25.7603 0
v -11.8534 25.9649 0
v -11.7714 26.1737 0
v -11.6999 26.3864 0
v -11.6392 26.6024 0
v -11.5892 26.8212 0
v -11.5503 27.0421 0
v -11.5224 27.2648 0
v -11.5056 27.4885 0
v -11.5 27.7128 0
v -11.5056 27.9371 0
v -11.5224 28.1609 0
v -11.5503 28.3835 0
v -11.5892 28.6045 0
v -11.6392 28.8232 0
v -11.6999 29.0392 0
v -11.7714 29.2519 0
v -11.8534 29.4608 0
v -11.9456 29.6653 0
v -12.048 29.865 0
v -12.1602 30.0593 0
v -12.2819 30.2478 0
v -12.4129 30.4299 0
v -12.5528 30.6054 0
v -12.7013 30.7736 0
v -12.8579 30.9342 0
v -13.0224 31.0868 0
v -13.1943 31.2311 0
v -13.3732 31.3665 0
v -13.5585 31.4929 0
v -13.75 31.6099 0
v -13.9471 31.7172 0
v -14.1492 31.8146 0
v -14.356 31.9017 0
v -14.5668 31.9785 0
v -14.7812 32.0446 0
v -14.9987 32.1 0
v -15.2186 32.1444 0
v -15.4405 32.1779 0
v -15.6637 32.2002 0
v -15.8878 32.2114 0
v -16.1122 32.2114 0
v -16.3363 32.2002 0
v -16.5595 32.1779 0
v -16.7814 32.1444 0
v -17.0013 32.1 0
v -17.2188 32.0446 0
v -17.4332 31.9785 0
v -17.644 31.9017 0
v -17.8508 31.8146 0
v -18.0529 31.7172 0
v -18.25 31.6099 0
v 18.25 31.6099 48
v 18.0529 31.7172 48
v 17.8508 31.8146 48
v 17.644 31.9017 48
v 17.4332 31.9785 48
v 17.2188 32.0446 48
v 17.0013 32.1 48
v 16.7814 32.1444 48
v 16.5595 32.1779 48
v 16.3363 32.2002 48
v 16.1122 32.2114 48
v 15.8878 32.2114 48
v 15.6637 32.2002 48
v 15.4405 32.1779 48
v 15.2186 32.1444 48
v 14.9987 32.1 48
v 14.7812 32.0446 48
v 14.5668 31.9785 48
v 14.356 31.9017 48
v 14.1492 31.8146 48
v 13.9471 31.7172 48
v 13.75 31.6099 48
v 13.5585 31.4929 48
v 13.3732 31.3665 48
v 13.1943 31.2311 48
v 13.0224 31.0868 48
v 12.8579 30.9342 48
v 12.7013 30.7736 48
v 12.5528 30.6054 48
v 12.4129 30.4299 48
v 12.2819 30.2478 48
v 12.1602 30.0593 48
v 12.048 29.865 48
v 11.9456 29.6653 48
v 11.8534 29.4608 48
v 11.7714 29.2519 48
v 11.6999 29.0392 48
v 11.6392 28.8232 48
v 11.5892 28.6045 48
v 11.5503 28.3835 48
v 11.5224 28.1609 48
v 11.5056 27.9371 48
v 11.5 27.7128 48
v 11.5056 27.4885 48
v 11.5224 27.2648 48
v 11.5503 27.0421 48
v 11.5892 26.8212 48
v 11.6392 26.6024 48
v 11.6999 26.3864 48
v 11.7714 26.1737 48
v 11.8534 25.9649 48
v 11.9456 25.7603 48
v 12.048 25.5607 48
v 12.1602 25.3664 48
v 12.2819 25.1779 48
v 12.4129 24.9957 48
v 12.5528 24.8203 48
v 12.7013 24.652 48
v 12.8579 24.4914 48
v 13.0224 24.3388 48
v 13.1943 24.1946 48
v 13.3732 24.0591 48
v 13.5585 23.9327 48
v 13.75 23.8157 48
v 13.9471 23.7084 48
v 14.1492 23.611 48
v 14.356 23.5239 48
v 14.5668 23.4471 48
v 14.7812 23.381 48
v 14.9987 23.3256 48
v 15.2186 23.2812 48
v 15.4405 23.2477 48
v 15.6637 23.2254 48
v 15.8878 23.2142 48
v 16.1122 23.2142 48
v 16.3363 23.2254 48
v 16.5595 23.2477 48
v 16.7814 23.2812 48
v 17.0013 23.3256 48
v 17.2188 23.381 48
v 17.4332 23.4471 48
v 17.644 23.5239 48
v 17.8508 23.611 48
v 18.0529 23.7084 48
v 18.25 23.8157 48
v 18.4415 23.9327 48
v 18.6268 24.0591 48
v 18.8057 24.1946 48
v 18.9776 24.3388 48
v 19.1421 24.4914 48
v 19.2987 24.652 48
v 19.4472 24.8203 48
v 19.5871 24.9957 48
v 19.7181 25.1779 48
v 19.8398 25.3664 48
v 19.952 25.5607 48
v 20.0544 25.7603 48
v 20.1466 25.9649 48
v 20.2286 26.1737 48
v 20.3001 26.3864 48
v 20.3608 26.6024 48
v 20.4108 26.8212 48
v 20.4497 27.0421 48
v 20.4776 27.2648 48
v 20.4944 27.4885 48
v 20.5 27.7128 48
v 20.4944 27.9371 48
v 20.4776 28.1609 48
v 20.4497 28.3835 48
v 20.4108 28.6045 48
v 20.3608 28.8232 48
v 20.3001 29.0392 48
v 20.2286 29.2519 48
v 20.1466 29.4608 48
v 20.0544 29.6653 48
v 19.952 29.865 48
v 19.8398 30.0593 48
v 19.7181 30.2478 48
v 19.5871 30.4299 48
v 19.4472 30.6054 48
v 19.2987 30.7736 48
v 19.1421 30.9342 48
v 18.9776 31.0868 48
v 18.8057 31.2311 48
v 18.6268 31.3665 48
v 18.4415 31.4929 48
v 18.25 31.6099 48
v 18.25 31.6099 0
v 18.0529 31.7172 0
v 17.8508 31.8146 0
v 17.644 31.9017 0
v 17.4332 31.9785 0
v 17.2188 32.0446 0
v 17.0013 32.1 0
v 16.7814 32.1444 0
v 16.5595 32.1779 0
v 16.3363 32.2002 0
v 16.1122 32.2114 0
v 15.8878 32.2114 0
v 15.6637 32.2002 0
v 15.4405 32.1779 0
v 15.2186 32.1444 0
v 14.9987 32.1 0
v 14.7812 32.0446 0
v 14.5668 31.9785 0
v 14.356 31.9017 0
v 14.1492 31.8146 0
v 13.9471 31.7172 0
v 13.75 31.6099 0
v 13.5585 31.4929 0
v 13.3732 31.3665 0
v 13.1943 31.2311 0
v 13.0224 31.0868 0
v 12.8579 30.9342 0
v 12.7013 30.7736 0
v 12.5528 30.6054 0
v 12.4129 30.4299 0
v 12.2819 30.2478 0
v 12.1602 30.0593 0
v 12.048 29.865 0
v 11.9456 29.6653 0
v 11.8534 29.4608 0
v 11.7714 29.2519 0
v 11.6999 29.0392 0
v 11.6392 28.8232 0
v 11.5892 28.6045 0
v 11.5503 28.3835 0
v 11.5224 28.1609 0
v 11.5056 27.9371 0
v 11.5 27.7128 0
v 11.5056 27.4885 0
v 11.5224 27.2648 0
v 11.5503 27.0421 0
v 11.5892 26.8212 0
v 11.6392 26.6024 0
v 11.6999 26.3864 0
v 11.7714 26.1737 0
v 11.8534 25.9649 0
v 11.9456 25.7603 0
v 12.048 25.5607 0
v 12.1602 25.3664 0
v 12.2819 25.1779 0
v 12.4129 24.9957 0
v 12.5528 24.8203 0
v 12.7013 24.652 0
v 12.8579 24.4914 0
v 13.0224 24.3388 0
v 13.1943 24.1946 0
v 13.3732 24.0591 0
v 13.5585 23.9327 0
v 13.75 23.8157 0
v 13.9471 23.7084 0
v 14.1492 23.611 0
v 14.356 23.5239 0
v 14.5668 23.4471 0
v 14.7812 23.381 0
v 14.9987 23.3256 0
v 15.2186 23.2812 0
v 15.4405 23.2477 0
v 15.6637 23.2254 0
v 15.8878 23.2142 0
v 16.1122 23.2142 0
v 16.3363 23.2254 0
v 16.5595 23.2477 0
v 16.7814 23.2812 0
v 17.0013 23.3256 0
v 17.2188 23.381 0
v 17.4332 23.4471 0
v 17.644 23.5239 0
v 17.8508 23.611 0
v 18.0529 23.7084 0
v 18.25 23.8157 0
v 18.4415 23.9327 0
v 18.6268 24.0591 0
v 18.8057 24.1946 0
v 18.9776 24.3388 0
v 19.1421 24.4914 0
v 19.2987 24.652 0
v 19.4472 24.8203 0
v 19.5871 24.9957 0
v 19.7181 25.1779 0
v 19.8398 25.3664 0
v 19.952 25.5607 0
v 20.0544 25.7603 0
v 20.1466 25.9649 0
v 20.2286 26.1737 0
v 20.3001 26.3864 0
v 20.3608 26.6024 0
v 20.4108 26.8212 0
v 20.4497 27.0421 0
v 20.4776 27.2648 0
v 20.4944 27.4885 0
v 20.5 27.7128 0
v 20.4944 27.9371 0
v 20.4776 28.1609 0
v 20.4497 28.3835 0
v 20.4108 28.6045 0
v 20.3608 28.8232 0
v 20.3001 29.0392 0
v 20.2286 29.2519 0
v 20.1466 29.4608 0
v 20.0544 29.6653 0
v 19.952 29.865 0
v 19.8398 30.0593 0
v 19.7181 30.2478 0
v 19.5871 30.4299 0
v 19.4472 30.6054 0
v 19.2987 30.7736 0
v 19.1421 30.9342 0
v 18.9776 31.0868 0
v 18.8057 31.2311 0
v 18.6268 31.3665 0
v 18.4415 31.4929 0
v 18.25 31.6099 0
v 115 -2.81669e-14 32
v 114.857 5.73228 32
v 114.429 11.4503 32
v 113.716 17.1399 32
v 112.72 22.7868 32
v 111.444 28.3771 32
v 109.891 33.8968 32
v 108.065 39.3323 32
v 105.97 44.67 32
v 103.611 49.8966 32
v 100.995 54.9992 32
v 98.1285 59.965 32
v 95.0175 64.7818 32
v 91.6702 69.4375 32
v 88.0951 73.9206 32
v 84.301 78.2199 32
v 80.2972 82.3247 32
v 76.0939 86.2248 32
v 71.7013 89.9106 32
v 67.1305 93.3729 32
v 62.3928 96.603 32
v 57.5 99.5929 32
v 52.4642 102.335 32
v 47.298 104.823 32
v 42.0142 107.05 32
v 36.626 109.012 32
v 31.1467 110.702 32
v 25.5899 112.117 32
v 19.9695 113.253 32
v 14.2995 114.108 32
v 8.59396 114.678 32
v 2.86703 114.964 32
v -2.86703 114.964 32
v -8.59396 114.678 32
v -14.2995 114.108 32
v -19.9695 113.253 32
v -25.5899 112.117 32
v -31.1467 110.702 32
v -36.626 109.012 32
v -42.0142 107.05 32
v -47.298 104.823 32
v -52.4642 102.335 32
v -57.5 99.5929 32
v -62.3928 96.603 32
v -67.1305 93.3729 32
v -71.7013 89.9106 32
v -76.0939 86.2248 32
v -80.2972 82.3247 32
v -84.301 78.2199 32
v -88.0951 73.9206 32
v -91.6702 69.4375 32
v -95.0175 64.7818 32
v -98.1285 59.965 32
v -100.995 54.9992 32
v -103.611 49.8966 32
v -105.97 44.67 32
v -108.065 39.3323 32
v -109.891 33.8968 32
v -111.444 28.3771 32
v -112.72 22.7868 32
v -113.716 17.1399 32
v -114.429 11.4503 32
v -114.857 5.73228 32
v -115 -3.94479e-13 32
v -114.857 -5.73228 32
v -114.429 -11.4503 32
v -113.716 -17.1399 32
v -112.72 -22.7868 32
v -111.444 -28.3771 32
v -109.891 -33.8968 32
v -108.065 -39.3323 32
v -105.97 -44.67 32
v -103.611 -49.8966 32
v -100.995 -54.9992 32
v -98.1285 -59.965 32
v -95.0175 -64.7818 32
v -91.6702 -69.4375 32
v -88.0951 -73.9206 32
v -84.301 -78.2199 32
v -80.2972 -82.3247 32
v -76.0939 -86.2248 32
v -71.7013 -89.9106 32
v -67.1305 -93.3729 32
v -62.3928 -96.603 32
v -57.5 -99.5929 32
v -52.4642 -102.335 32
v -47.298 -104.823 32
v -42.0142 -107.05 32
v -36.626 -109.012 32
v -31.1467 -110.702 32
v -25.5899 -112.117 32
v -19.9695 -113.253 32
v -14.2995 -114.108 32
v -8.59396 -114.678 32
v -2.86703 -114.964 32
v 2.86703 -114.964 32
v 8.59396 -114.678 32
v 14.2995 -114.108 32
v 19.9695 -113.253 32
v 25.5899 -112.117 32
v 31.1467 -110.702 32
v 36.626 -109.012 32
v 42.0142 -107.05 32
v 47.298 -104.823 32
v 52.4642 -102.335 32
v 57.5 -99.5929 32
v 62.3928 -96.603 32
v 67.1305 -93.3729 32
v 71.7013 -89.9106 32
v 76.0939 -86.2248 32
v 80.2972 -82.3247 32
v 84.301 -78.2199 32
v 88.0951 -73.9206 32
v 91.6702 -69.4375 32
v 95.0175 -64.7818 32
v 98.1285 -59.965 32
v 100.995 -54.9992 32
v 103.611 -49.8966 32
v 105.97 -44.67 32
v 108.065 -39.3323 32
v 109.891 -33.8968 32
v 111.444 -28.3771 32
v 112.72 -22.7868 32
v 113.716 -17.1399 32
v 114.429 -11.4503 32
v 114.857 -5.73228 32
v 115 -2.81669e-14 32
v 115 -2.81669e-14 20
v 114.857 5.73228 20
v 114.429 11.4503 20
v 113.716 17.1399 20
v 112.72 22.7868 20
v 111.444 28.3771 20
v 109.891 33.8968 20
v 108.065 39.3323 20
v 105.97 44.67 20
v 103.611 49.8966 20
v 100.995 54.9992 20
v 98.1285 59.965 20
v 95.0175 64.7818 20
v 91.6702 69.4375 20
v 88.0951 73.9206 20
v 84.301 78.2199 20
v 80.2972 82.3247 20
v 76.0939 86.2248 20
v 71.7013 89.9106 20
v 67.1305 93.3729 20
v 62.3928 96.603 20
v 57.5 99.5929 20
v 52.4642 102.335 20
v 47.298 104.823 20
v 42.0142 107.05 20
v 36.626 109.012 20
v 31.1467 110.702 20
v 25.5899 112.117 20
v 19.9695 113.253 20
v 14.2995 114.108 20
v 8.59396 114.678 20
v 2.86703 114.964 20
v -2.86703 114.964 20
v -8.59396 114.678 20
v -14.2995 114.108 20
v -19.9695 113.253 20
v -25.5899 112.117 20
v -31.1467 110.702 20
v -36.626 109.012 20
v -42.0142 107.05 20
v -47.298 104.823 20
v -52.4642 102.335 20
v -57.5 99.5929 20
v -62.3928 96.603 20
v -67.1305 93.3729 20
v -71.7013 89.9106 20
v -76.0939 86.2248 20
v -80.2972 82.3247 20
v -84.301 78.2199 20
v -88.0951 73.9206 20
v -91.6702 69.4375 20
v -95.0175 64.7818 20
v -98.1285 59.965 20
v -100.995 54.9992 20
v -103.611 49.8966 20
v -105.97 44.67 20
v -108.065 39.3323 20
v -109.891 33.8968 20
v -111.444 28.3771 20
v -112.72 22.7868 20
v -113.716 17.1399 20
v -114.429 11.4503 20
v -114.857 5.73228 20
v -115 -3.94479e-13 20
v -114.857 -5.73228 20
v -114.429 -11.4503 20
v -113.716 -17.1399 20
v -112.72 -22.7868 20
v -111.444 -28.3771 20
v -109.891 -33.8968 20
v -108.065 -39.3323 20
v -105.97 -44.67 20
v -103.611 -49.8966 20
v -100.995 -54.9992 20
v -98.1285 -59.965 20
v -95.0175 -64.7818 20
v -91.6702 -69.4375 20
v -88.0951 -73.9206 20
v -84.301 -78.2199 20
v -80.2972 -82.3247 20
v -76.0939 -86.2248 20
v -71.7013 -89.9106 20
v -67.1305 -93.3729 20
v -62.3928 -96.603 20
v -57.5 -99.5929 20
v -52.4642 -102.335 20
v -47.298 -104.823 20
v -42.0142 -107.05 20
v -36.626 -109.012 20
v -31.1467 -110.702 20
v -25.5899 -112.117 20
v -19.9695 -113.253 20
v -14.2995 -114.108 20
v -8.59396 -114.678 20
v -2.86703 -114.964 20
v 2.86703 -114.964 20
v 8.59396 -114.678 20
v 14.2995 -114.108 20
v 19.9695 -113.253 20
v 25.5899 -112.117 20
v 31.1467 -110.702 20
v 36.626 -109.012 20
v 42.0142 -107.05 20
v 47.298 -104.823 20
v 52.4642 -102.335 20
v 57.5 -99.5929 20
v 62.3928 -96.603 20
v 67.1305 -93.3729 20
v 71.7013 -89.9106 20
v 76.0939 -86.2248 20
v 80.2972 -82.3247 20
v 84.301 -78.2199 20
v 88.0951 -73.9206 20
v 91.6702 -69.4375 20
v 95.0175 -64.7818 20
v 98.1285 -59.965 20
v 100.995 -54.9992 20
v 103.611 -49.8966 20
v 105.97 -44.67 20
v 108.065 -39.3323 20
v 109.891 -33.8968 20
v 111.444 -28.3771 20
v 112.72 -22.7868 20
v 113.716 -17.1399 20
v 114.429 -11.4503 20
v 114.857 -5.73228 20
v 115 -2.81669e-14 20
v 45 -1.10218e-14 48
v 44.9441 2.24306 48
v 44.7764 4.48055 48
v 44.4974 6.7069 48
v 44.1078 8.91658 48
v 43.6085 11.1041 48
v 43.0008 13.264 48
v 42.2862 15.3909 48
v 41.4664 17.4796 48
v 40.5436 19.5248 48
v 39.52 21.5214 48
v 38.3981 23.4646 48
v 37.1807 25.3494 48
v 35.871 27.1712 48
v 34.472 28.9254 48
v 32.9873 30.6078 48
v 31.4207 32.214 48
v 29.7759 33.7402 48
v 28.057 35.1824 48
v 26.2685 36.5372 48
v 24.4146 37.8012 48
v 22.5 38.9711 48
v 20.5295 40.0442 48
v 18.5079 41.0178 48
v 16.4403 41.8893 48
v 14.3319 42.6567 48
v 12.1878 43.3181 48
v 10.0134 43.8718 48
v 7.81417 44.3163 48
v 5.59547 44.6508 48
v 3.36285 44.8742 48
v 1.12188 44.986 48
v -1.12188 44.986 48
v -3.36285 44.8742 48
v -5.59547 44.6508 48
v -7.81417 44.3163 48
v -10.0134 43.8718 48
v -12.1878 43.3181 48
v -14.3319 42.6567 48
v -16.4403 41.8893 48
v -18.5079 41.0178 48
v -20.5295 40.0442 48
v -22.5 38.9711 48
v -24.4146 37.8012 48
v -26.2685 36.5372 48
v -28.057 35.1824 48
v -29.7759 33.7402 48
v -31.4207 32.214 48
v -32.9873 30.6078 48
v -34.472 28.9254 48
v -35.871 27.1712 48
v -37.1807 25.3494 48
v -38.3981 23.4646 48
v -39.52 21.5214 48
v -40.5436 19.5248 48
v -41.4664 17.4796 48
v -42.2862 15.3909 48
v -43.0008 13.264 48
v -43.6085 11.1041 48
v -44.1078 8.91658 48
v -44.4974 6.7069 48
v -44.7764 4.48055 48
v -44.9441 2.24306 48
v -45 -1.54361e-13 48
v -44.9441 -2.24306 48
v -44.7764 -4.48055 48
v -44.4974 -6.7069 48
v -44.1078 -8.91658 48
v -43.6085 -11.1041 48
v -43.0008 -13.264 48
v -42.2862 -15.3909 48
v -41.4664 -17.4796 48
v -40.5436 -19.5248 48
v -39.52 -21.5214 48
v -38.3981 -23.4646 48
v -37.1807 -25.3494 48
v -35.871 -27.1712 48
v -34.472 -28.9254 48
v -32.9873 -30.6078 48
v -31.4207 -32.214 48
v -29.7759 -33.7402 48
v -28.057 -35.1824 48
v -26.2685 -36.5372 48
v -24.4146 -37.8012 48
v -22.5 -38.9711 48
v -20.5295 -40.0442 48
v -18.5079 -41.0178 48
v -16.4403 -41.8893 48
v -14.3319 -42.6567 48
v -12.1878 -43.3181 48
v -10.0134 -43.8718 48
v -7.81417 -44.3163 48
v -5.59547 -44.6508 48
v -3.36285 -44.8742 48
v -1.12188 -44.986 48
v 1.12188 -44.986 48
v 3.36285 -44.8742 48
v 5.59547 -44.6508 48
v 7.81417 -44.3163 48
v 10.0134 -43.8718 48
v 12.1878 -43.3181 48
v 14.3319 -42.6567 48
v 16.4403 -41.8893 48
v 18.5079 -41.0178 48
v 20.5295 -40.0442 48
v 22.5 -38.9711 48
v 24.4146 -37.8012 48
v 26.2685 -36.5372 48
v 28.057 -35.1824 48
v 29.7759 -33.7402 48
v 31.4207 -32.214 48
v 32.9873 -30.6078 48
v 34.472 -28.9254 48
v 35.871 -27.1712 48
v 37.1807 -25.3494 48
v 38.3981 -23.4646 48
v 39.52 -21.5214 48
v 40.5436 -19.5248 48
v 41.4664 -17.4796 48
v 42.2862 -15.3909 48
v 43.0008 -13.264 48
v 43.6085 -11.1041 48
v 44.1078 -8.91658 48
v 44.4974 -6.7069 48
v 44.7764 -4.48055 48
v 44.9441 -2.24306 48
v -18.25 -31.6099 48
v -18.0529 -31.7172 48
v -17.8508 -31.8146 48
v -17.644 -31.9017 48
v -17.4332 -31.9785 48
v -17.2188 -32.0446 48
v -17.0013 -32.1 48
v -16.7814 -32.1444 48
v -16.5595 -32.1779 48
v -16.3363 -32.2002 48
v -16.1122 -32.2114 48
v -15.8878 -32.2114 48
v -15.6637 -32.2002 48
v -15.4405 -32.1779 48
v -15.2186 -32.1444 48
v -14.9987 -32.1 48
v -14.7812 -32.0446 48
v -14.5668 -31.9785 48
v -14.356 -31.9017 48
v -14.1492 -31.8146 48
v -13.9471 -31.7172 48
v -13.75 -31.6099 48
v -13.5585 -31.4929 48
v -13.3732 -31.3665 48
v -13.1943 -31.2311 48
v -13.0224 -31.0868 48
v -12.8579 -30.9342 48
v -12.7013 -30.7736 48
v -12.5528 -30.6054 48
v -12.4129 -30.4299 48
v -12.2819 -30.2478 48
v -12.1602 -30.0593 48
v -12.048 -29.865 48
v -11.9456 -29.6653 48
v -11.8534 -29.4608 48
v -11.7714 -29.2519 48
v -11.6999 -29.0392 48
v -11.6392 -28.8232 48
v -11.5892 -28.6045 48
v -11.5503 -28.3835 48
v -11.5224 -28.1609 48
v -11.5056 -27.9371 48
v -11.5 -27.7128 48
v -11.5056 -27.4885 48
v -11.5224 -27.2648 48
v -11.5503 -27.0421 48
v -11.5892 -26.8212 48
v -11.6392 -26.6024 48
v -11.6999 -26.3864 48
v -11.7714 -26.1737 48
v -11.8534 -25.9649 48
v -11.9456 -25.7603 48
v -12.048 -25.5607 48
v -12.1602 -25.3664 48
v -12.2819 -25.1779 48
v -12.4129 -24.9957 48
v -12.5528 -24.8203 48
v -12.7013 -24.652 48
v -12.8579 -24.4914 48
v -13.0224 -24.3388 48
v -13.1943 -24.1946 48
v -13.3732 -24.0591 48
v -13.5585 -23.9327 48
v -13.75 -23.8157 48
v -13.9471 -23.7084 48
v -14.1492 -23.611 48
v -14.356 -23.5239 48
v -14.5668 -23.4471 48
v -14.7812 -23.381 48
v -14.9987 -23.3256 48
v -15.2186 -23.2812 48
v -15.4405 -23.2477 48
v -15.6637 -23.2254 48
v -15.8878 -23.2142 48
v -16.1122 -23.2142 48
v -16.3363 -23.2254 48
v -16.5595 -23.2477 48
v -16.7814 -23.2812 48
v -17.0013 -23.3256 48
v -17.2188 -23.381 48
v -17.4332 -23.4471 48
v -17.644 -23.5239 48
v -17.8508 -23.611 48
v -18.0529 -23.7084 48
v -18.25 -23.8157 48
v -18.4415 -23.9327 48
v -18.6268 -24.0591 48
v -18.8057 -24.1946 48
v -18.9776 -24.3388 48
v -19.1421 -24.4914 48
v -19.2987 -24.652 48
v -19.4472 -24.8203 48
v -19.5871 -24.9957 48
v -19.7181 -25.1779 48
v -19.8398 -25.3664 48
v -19.952 -25.5607 48
v -20.0544 -25.7603 48
v -20.1466 -25.9649 48
v -20.2286 -26.1737 48
v -20.3001 -26.3864 48
v -20.3608 -26.6024 48
v -20.4108 -26.8212 48
v -20.4497 -27.0421 48
v -20.4776 -27.2648 48
v -20.4944 -27.4885 48
v -20.5 -27.7128 48
v -20.4944 -27.9371 48
v -20.4776 -28.1609 48
v -20.4497 -28.3835 48
v -20.4108 -28.6045 48
v -20.3608 -28.8232 48
v -20.3001 -29.0392 48
v -20.2286 -29.2519 48
v -20.1466 -29.4608 48
v -20.0544 -29.6653 48
v -19.952 -29.865 48
v -19.8398 -30.0593 48
v -19.7181 -30.2478 48
v -19.5871 -30.4299 48
v -19.4472 -30.6054 48
v -19.2987 -30.7736 48
v -19.1421 -30.9342 48
v -18.9776 -31.0868 48
v -18.8057 -31.2311 48
v -18.6268 -31.3665 48
v -18.4415 -31.4929 48
v 18.25 -31.6099 48
v 18.4415 -31.4929 48
v 18.6268 -31.3665 48
v 18.8057 -31.2311 48
v 18.9776 -31.0868 48
v 19.1421 -30.9342 48
v 19.2987 -30.7736 48
v 19.4472 -30.6054 48
v 19.5871 -30.4299 48
v 19.7181 -30.2478 48
v 19.8398 -30.0593 48
v 19.952 -29.865 48
v 20.0544 -29.6653 48
v 20.1466 -29.4608 48
v 20.2286 -29.2519 48
v 20.3001 -29.0392 48
v 20.3608 -28.8232 48
v 20.4108 -28.6045 48
v 20.4497 -28.3835 48
v 20.4776 -28.1609 48
v 20.4944 -27.9371 48
v 20.5 -27.7128 48
v 20.4944 -27.4885 48
v 20.4776 -27.2648 48
v 20.4497 -27.0421 48
v 20.4108 -26.8212 48
v 20.3608 -26.6024 48
v 20.3001 -26.3864 48
v 20.2286 -26.1737 48
v 20.1466 -25.9649 48
v 20.0544 -25.7603 48
v 19.952 -25.5607 48
v 19.8398 -25.3664 48
v 19.7181 -25.1779 48
v 19.5871 -24.9957 48
v 19.4472 -24.8203 48
v 19.2987 -24.652 48
v 19.1421 -24.4914 48
v 18.9776 -24.3388 48
v 18.8057 -24.1946 48
v 18.6268 -24.0591 48
v 18.4415 -23.9327 48
v 18.25 -23.8157 48
v 18.0529 -23.7084 48
v 17.8508 -23.611 48
v 17.644 -23.5239 48
v 17.4332 -23.4471 48
v 17.2188 -23.381 48
v 17.0013 -23.3256 48
v 16.7814 -23.2812 48
v 16.5595 -23.2477 48
v 16.3363 -23.2254 48
v 16.1122 -23.2142 48
v 15.8878 -23.2142 48
v 15.6637 -23.2254 48
v 15.4405 -23.2477 48
v 15.2186 -23.2812 48
v 14.9987 -23.3256 48
v 14.7812 -23.381 48
v 14.5668 -23.4471 48
v 14.356 -23.5239 48
v 14.1492 -23.611 48
v 13.9471 -23.7084 48
v 13.75 -23.8157 48
v 13.5585 -23.9327 48
v 13.3732 -24.0591 48
v 13.1943 -24.1946 48
v 13.0224 -24.3388 48
v 12.8579 -24.4914 48
v 12.7013 -24.652 48
v 12.5528 -24.8203 48
v 12.4129 -24.9957 48
v 12.2819 -25.1779 48
v 12.1602 -25.3664 48
v 12.048 -25.5607 48
v 11.9456 -25.7603 48
v 11.8534 -25.9649 48
v 11.7714 -26.1737 48
v 11.6999 -26.3864 48
v 11.6392 -26.6024 48
v 11.5892 -26.8212 48
v 11.5503 -27.0421 48
v 11.5224 -27.2648 48
v 11.5056 -27.4885 48
v 11.5 -27.7128 48
v 11.5056 -27.9371 48
v 11.5224 -28.1609 48
v 11.5503 -28.3835 48
v 11.5892 -28.6045 48
v 11.6392 -28.8232 48
v 11.6999 -29.0392 48
v 11.7714 -29.2519 48
v 11.8534 -29.4608 48
v 11.9456 -29.6653 48
v 12.048 -29.865 48
v 12.1602 -30.0593 48
v 12.2819 -30.2478 48
v 12.4129 -30.4299 48
v 12.5528 -30.6054 48
v 12.7013 -30.7736 48
v 12.8579 -30.9342 48
v 13.0224 -31.0868 48
v 13.1943 -31.2311 48
v 13.3732 -31.3665 48
v 13.5585 -31.4929 48
v 13.75 -31.6099 48
v 13.9471 -31.7172 48
v 14.1492 -31.8146 48
v 14.356 -31.9017 48
v 14.5668 -31.9785 48
v 14.7812 -32.0446 48
v 14.9987 -32.1 48
v 15.2186 -32.1444 48
v 15.4405 -32.1779 48
v 15.6637 -32.2002 48
v 15.8878 -32.2114 48
v 16.1122 -32.2114 48
v 16.3363 -32.2002 48
v 16.5595 -32.1779 48
v 16.7814 -32.1444 48
v 17.0013 -32.1 48
v 17.2188 -32.0446 48
v 17.4332 -31.9785 48
v 17.644 -31.9017 48
v 17.8508 -31.8146 48
v 18.0529 -31.7172 48
v 15 -3.67394e-15 48
v 14.9814 0.747688 48
v 14.9255 1.49352 48
v 14.8325 2.23563 48
v 14.7026 2.97219 48
v 14.5362 3.70136 48
v 14.3336 4.42133 48
v 14.0954 5.1303 48
v 13.8221 5.82652 48
v 13.5145 6.50826 48
v 13.1733 7.17381 48
v 12.7994 7.82153 48
v 12.3936 8.4498 48
v 11.957 9.05707 48
v 11.4907 9.64181 48
v 10.9958 10.2026 48
v 10.4736 10.738 48
v 9.92529 11.2467 48
v 9.35235 11.7275 48
v 8.75616 12.1791 48
v 8.13819 12.6004 48
v 7.5 12.9904 48
v 6.84316 13.3481 48
v 6.16931 13.6726 48
v 5.48012 13.9631 48
v 4.7773 14.2189 48
v 4.06261 14.4394 48
v 3.33781 14.6239 48
v 2.60472 14.7721 48
v 1.86516 14.8836 48
v 1.12095 14.9581 48
v 0.37396 14.9953 48
v -0.37396 14.9953 48
v -1.12095 14.9581 48
v -1.86516 14.8836 48
v -2.60472 14.7721 48
v -3.33781 14.6239 48
v -4.06261 14.4394 48
v -4.7773 14.2189 48
v -5.48012 13.9631 48
v -6.16931 13.6726 48
v -6.84316 13.3481 48
v -7.5 12.9904 48
v -8.13819 12.6004 48
v -8.75616 12.1791 48
v -9.35235 11.7275 48
v -9.92529 11.2467 48
v -10.4736 10.738 48
v -10.9958 10.2026 48
v -11.4907 9.64181 48
v -11.957 9.05707 48
v -12.3936 8.4498 48
v -12.7994 7.82153 48
v -13.1733 7.17381 48
v -13.5145 6.50826 48
v -13.8221 5.82652 48
v -14.0954 5.1303 48
v -14.3336 4.42133 48
v -14.5362 3.70136 48
v -14.7026 2.97219 48
v -14.8325 2.23563 48
v -14.9255 1.49352 48
v -14.9814 0.747688 48
v -15 -5.14537e-14 48
v -14.9814 -0.747688 48
v -14.9255 -1.49352 48
v -14.8325 -2.23563 48
v -14.7026 -2.97219 48
v -14.5362 -3.70136 48
v -14.3336 -4.42133 48
v -14.0954 -5.1303 48
v -13.8221 -5.82652 48
v -13.5145 -6.50826 48
v -13.1733 -7.17381 48
v -12.7994 -7.82153 48
v -12.3936 -8.4498 48
v -11.957 -9.05707 48
v -11.4907 -9.64181 48
v -10.9958 -10.2026 48
v -10.4736 -10.738 48
v -9.92529 -11.2467 48
v -9.35235 -11.7275 48
v -8.75616 -12.1791 48
v -8.13819 -12.6004 48
v -7.5 -12.9904 48
v -6.84316 -13.3481 48
v -6.16931 -13.6726 48
v -5.48012 -13.9631 48
v -4.7773 -14.2189 48
v -4.06261 -14.4394 48
v -3.33781 -14.6239 48
v -2.60472 -14.7721 48
v -1.86516 -14.8836 48
v -1.12095 -14.9581 48
v -0.37396 -14.9953 48
v 0.37396 -14.9953 48
v 1.12095 -14.9581 48
v 1.86516 -14.8836 48
v 2.60472 -14.7721 48
v 3.33781 -14.6239 48
v 4.06261 -14.4394 48
v 4.7773 -14.2189 48
v 5.48012 -13.9631 48
v 6.16931 -13.6726 48
v 6.84316 -13.3481 48
v 7.5 -12.9904 48
v 8.13819 -12.6004 48
v 8.75616 -12.1791 48
v 9.35235 -11.7275 48
v 9.92529 -11.2467 48
v 10.4736 -10.738 48
v 10.9958 -10.2026 48
v 11.4907 -9.64181 48
v 11.957 -9.05707 48
v 12.3936 -8.4498 48
v 12.7994 -7.82153 48
v 13.1733 -7.17381 48
v 13.5145 -6.50826 48
v 13.8221 -5.82652 48
v 14.0954 -5.1303 48
v 14.3336 -4.42133 48
v 14.5362 -3.70136 48
v 14.7026 -2.97219 48
v 14.8325 -2.23563 48
v 14.9255 -1.49352 48
v 14.9814 -0.747688 48
v 36.5 -1.10218e-15 48
v 36.4944 0.224306 48
v 36.4776 0.448055 48
v 36.4497 0.67069 48
v 36.4108 0.891658 48
v 36.3608 1.11041 48
v 36.3001 1.3264 48
v 36.2286 1.53909 48
v 36.1466 1.74796 48
v 36.0544 1.95248 48
v 35.952 2.15214 48
v 35.8398 2.34646 48
v 35.7181 2.53494 48
v 35.5871 2.71712 48
v 35.4472 2.89254 48
v 35.2987 3.06078 48
v 35.1421 3.2214 48
v 34.9776 3.37402 48
v 34.8057 3.51824 48
v 34.6268 3.65372 48
v 34.4415 3.78012 48
v 34.25 3.89711 48
v 34.0529 4.00442 48
v 33.8508 4.10178 48
v 33.644 4.18893 48
v 33.4332 4.26567 48
v 33.2188 4.33181 48
v 33.0013 4.38718 48
v 32.7814 4.43163 48
v 32.5595 4.46508 48
v 32.3363 4.48742 48
v 32.1122 4.4986 48
v 31.8878 4.4986 48
v 31.6637 4.48742 48
v 31.4405 4.46508 48
v 31.2186 4.43163 48
v 30.9987 4.38718 48
v 30.7812 4.33181 48
v 30.5668 4.26567 48
v 30.356 4.18893 48
v 30.1492 4.10178 48
v 29.9471 4.00442 48
v 29.75 3.89711 48
v 29.5585 3.78012 48
v 29.3732 3.65372 48
v 29.1943 3.51824 48
v 29.0224 3.37402 48
v 28.8579 3.2214 48
v 28.7013 3.06078 48
v 28.5528 2.89254 48
v 28.4129 2.71712 48
v 28.2819 2.53494 48
v 28.1602 2.34646 48
v 28.048 2.15214 48
v 27.9456 1.95248 48
v 27.8534 1.74796 48
v 27.7714 1.53909 48
v 27.6999 1.3264 48
v 27.6392 1.11041 48
v 27.5892 0.891658 48
v 27.5503 0.67069 48
v 27.5224 0.448055 48
v 27.5056 0.224306 48
v 27.5 -1.54361e-14 48
v 27.5056 -0.224306 48
v 27.5224 -0.448055 48
v 27.5503 -0.67069 48
v 27.5892 -0.891658 48
v 27.6392 -1.11041 48
v 27.6999 -1.3264 48
v 27.7714 -1.53909 48
v 27.8534 -1.74796 48
v 27.9456 -1.95248 48
v 28.048 -2.15214 48
v 28.1602 -2.34646 48
v 28.2819 -2.53494 48
v 28.4129 -2.71712 48
v 28.5528 -2.89254 48
v 28.7013 -3.06078 48
v 28.8579 -3.2214 48
v 29.0224 -3.37402 48
v 29.1943 -3.51824 48
v 29.3732 -3.65372 48
v 29.5585 -3.78012 48
v 29.75 -3.89711 48
v 29.9471 -4.00442 48
v 30.1492 -4.10178 48
v 30.356 -4.18893 48
v 30.5668 -4.26567 48
v 30.7812 -4.33181 48
v 30.9987 -4.38718 48
v 31.2186 -4.43163 48
v 31.4405 -4.46508 48
v 31.6637 -4.48742 48
v 31.8878 -4.4986 48
v 32.1122 -4.4986 48
v 32.3363 -4.48742 48
v 32.5595 -4.46508 48
v 32.7814 -4.43163 48
v 33.0013 -4.38718 48
v 33.2188 -4.33181 48
v 33.4332 -4.26567 48
v 33.644 -4.18893 48
v 33.8508 -4.10178 48
v 34.0529 -4.00442 48
v 34.25 -3.89711 48
v 34.4415 -3.78012 48
v 34.6268 -3.65372 48
v 34.8057 -3.51824 48
v 34.9776 -3.37402 48
v 35.1421 -3.2214 48
v 35.2987 -3.06078 48
v 35.4472 -2.89254 48
v 35.5871 -2.71712 48
v 35.7181 -2.53494 48
v 35.8398 -2.34646 48
v 35.952 -2.15214 48
v 36.0544 -1.95248 48
v 36.1466 -1.74796 48
v 36.2286 -1.53909 48
v 36.3001 -1.3264 48
v 36.3608 -1.11041 48
v 36.4108 -0.891658 48
v 36.4497 -0.67069 48
v 36.4776 -0.448055 48
v 36.4944 -0.224306 48
v -36.5 5.57214e-15 48
v -36.4944 -0.224306 48
v -36.4776 -0.448055 48
v -36.4497 -0.67069 48
v -36.4108 -0.891658 48
v -36.3608 -1.11041 48
v -36.3001 -1.3264 48
v -36.2286 -1.53909 48
v -36.1466 -1.74796 48
v -36.0544 -1.95248 48
v -35.952 -2.15214 48
v -35.8398 -2.34646 48
v -35.7181 -2.53494 48
v -35.5871 -2.71712 48
v -35.4472 -2.89254 48
v -35.2987 -3.06078 48
v -35.1421 -3.2214 48
v -34.9776 -3.37402 48
v -34.8057 -3.51824 48
v -34.6268 -3.65372 48
v -34.4415 -3.78012 48
v -34.25 -3.89711 48
v -34.0529 -4.00442 48
v -33.8508 -4.10178 48
v -33.644 -4.18893 48
v -33.4332 -4.26567 48
v -33.2188 -4.33181 48
v -33.0013 -4.38718 48
v -32.7814 -4.43163 48
v -32.5595 -4.46508 48
v -32.3363 -4.48742 48
v -32.1122 -4.4986 48
v -31.8878 -4.4986 48
v -31.6637 -4.48742 48
v -31.4405 -4.46508 48
v -31.2186 -4.43163 48
v -30.9987 -4.38718 48
v -30.7812 -4.33181 48
v -30.5668 -4.26567 48
v -30.356 -4.18893 48
v -30.1492 -4.10178 48
v -29.9471 -4.00442 48
v -29.75 -3.89711 48
v -29.5585 -3.78012 48
v -29.3732 -3.65372 48
v -29.1943 -3.51824 48
v -29.0224 -3.37402 48
v -28.8579 -3.2214 48
v -28.7013 -3.06078 48
v -28.5528 -2.89254 48
v -28.4129 -2.71712 48
v -28.2819 -2.53494 48
v -28.1602 -2.34646 48
v -28.048 -2.15214 48
v -27.9456 -1.95248 48
v -27.8534 -1.74796 48
v -27.7714 -1.53909 48
v -27.6999 -1.3264 48
v -27.6392 -1.11041 48
v -27.5892 -0.891658 48
v -27.5503 -0.67069 48
v -27.5224 -0.448055 48
v -27.5056 -0.224306 48
v -27.5 1.88039e-14 48
v -27.5056 0.224306 48
v -27.5224 0.448055 48
v -27.5503 0.67069 48
v -27.5892 0.891658 48
v -27.6392 1.11041 48
v -27.6999 1.3264 48
v -27.7714 1.53909 48
v -27.8534 1.74796 48
v -27.9456 1.95248 48
v -28.048 2.15214 48
v -28.1602 2.34646 48
v -28.2819 2.53494 48
v -28.4129 2.71712 48
v -28.5528 2.89254 48
v -28.7013 3.06078 48
v -28.8579 3.2214 48
v -29.0224 3.37402 48
v -29.1943 3.51824 48
v -29.3732 3.65372 48
v -29.5585 3.78012 48
v -29.75 3.89711 48
v -29.9471 4.00442 48
v -30.1492 4.10178 48
v -30.356 4.18893 48
v -30.5668 4.26567 48
v -30.7812 4.33181 48
v -30.9987 4.38718 48
v -31.2186 4.43163 48
v -31.4405 4.46508 48
v -31.6637 4.48742 48
v -31.8878 4.4986 48
v -32.1122 4.4986 48
v -32.3363 4.48742 48
v -32.5595 4.46508 48
v -32.7814 4.43163 48
v -33.0013 4.38718 48
v -33.2188 4.33181 48
v -33.4332 4.26567 48
v -33.644 4.18893 48
v -33.8508 4.10178 48
v -34.0529 4.00442 48
v -34.25 3.89711 48
v -34.4415 3.78012 48
v -34.6268 3.65372 48
v -34.8057 3.51824 48
v -34.9776 3.37402 48
v -35.1421 3.2214 48
v -35.2987 3.06078 48
v -35.4472 2.89254 48
v -35.5871 2.71712 48
v -35.7181 2.53494 48
v -35.8398 2.34646 48
v -35.952 2.15214 48
v -36.0544 1.95248 48
v -36.1466 1.74796 48
v -36.2286 1.53909 48
v -36.3001 1.3264 48
v -36.3608 1.11041 48
v -36.4108 0.891658 48
v -36.4497 0.67069 48
v -36.4776 0.448055 48
v -36.4944 0.224306 48
v -18.25 31.6099 48
v -18.4415 31.4929 48
v -18.6268 31.3665 48
v -18.8057 31.2311 48
v -18.9776 31.0868 48
v -19.1421 30.9342 48
v -19.2987 30.7736 48
v -19.4472 30.6054 48
v -19.5871 30.4299 48
v -19.7181 30.2478 48
v -19.8398 30.0593 48
v -19.952 29.865 48
v -20.0544 29.6653 48
v -20.1466 29.4608 48
v -20.2286 29.2519 48
v -20.3001 29.0392 48
v -20.3608 28.8232 48
v -20.4108 28.6045 48
v -20.4497 28.3835 48
v -20.4776 28.1609 48
v -20.4944 27.9371 48
v -20.5 27.7128 48
v -20.4944 27.4885 48
v -20.4776 27.2648 48
v -20.4497 27.0421 48
v -20.4108 26.8212 48
v -20.3608 26.6024 48
v -20.3001 26.3864 48
v -20.2286 26.1737 48
v -20.1466 25.9649 48
v -20.0544 25.7603 48
v -19.952 25.5607 48
v -19.8398 25.3664 48
v -19.7181 25.1779 48
v -19.5871 24.9957 48
v -19.4472 24.8203 48
v -19.2987 24.652 48
v -19.1421 24.4914 48
v -18.9776 24.3388 48
v -18.8057 24.1946 48
v -18.6268 24.0591 48
v -18.4415 23.9327 48
v -18.25 23.8157 48
v -18.0529 23.7084 48
v -17.8508 23.611 48
v -17.644 23.5239 48
v -17.4332 23.4471 48
v -17.2188 23.381 48
v -17.0013 23.3256 48
v -16.7814 23.2812 48
v -16.5595 23.2477 48
v -16.3363 23.2254 48
v -16.1122 23.2142 48
v -15.8878 23.2142 48
v -15.6637 23.2254 48
v -15.4405 23.2477 48
v -15.2186 23.2812 48
v -14.9987 23.3256 48
v -14.7812 23.381 48
v -14.5668 23.4471 48
v -14.356 23.5239 48
v -14.1492 23.611 48
v -13.9471 23.7084 48
v -13.75 23.8157 48
v -13.5585 23.9327 48
v -13.3732 24.0591 48
v -13.1943 24.1946 48
v -13.0224 24.3388 48
v -12.8579 24.4914 48
v -12.7013 24.652 48
v -12.5528 24.8203 48
v -12.4129 24.9957 48
v -12.2819 25.1779 48
v -12.1602 25.3664 48
v -12.048 25.5607 48
v -11.9456 25.7603 48
v -11.8534 25.9649 48
v -11.7714 26.1737 48
v -11.6999 26.3864 48
v -11.6392 26.6024 48
v -11.5892 26.8212 48
v -11.5503 27.0421 48
v -11.5224 27.2648 48
v -11.5056 27.4885 48
v -11.5 27.7128 48
v -11.5056 27.9371 48
v -11.5224 28.1609 48
v -11.5503 28.3835 48
v -11.5892 28.6045 48
v -11.6392 28.8232 48
v -11.6999 29.0392 48
v -11.7714 29.2519 48
v -11.8534 29.4608 48
v -11.9456 29.6653 48
v -12.048 29.865 48
v -12.1602 30.0593 48
v -12.2819 30.2478 48
v -12.4129 30.4299 48
v -12.5528 30.6054 48
v -12.7013 30.7736 48
v -12.8579 30.9342 48
v -13.0224 31.0868 48
v -13.1943 31.2311 48
v -13.3732 31.3665 48
v -13.5585 31.4929 48
v -13.75 31.6099 48
v -13.9471 31.7172 48
v -14.1492 31.8146 48
v -14.356 31.9017 48
v -14.5668 31.9785 48
v -14.7812 32.0446 48
v -14.9987 32.1 48
v -15.2186 32.1444 48
v -15.4405 32.1779 48
v -15.6637 32.2002 48
v -15.8878 32.2114 48
v -16.1122 32.2114 48
v -16.3363 32.2002 48
v -16.5595 32.1779 48
v -16.7814 32.1444 48
v -17.0013 32.1 48
v -17.2188 32.0446 48
v -17.4332 31.9785 48
v -17.644 31.9017 48
v -17.8508 31.8146 48
v -18.0529 31.7172 48
v 18.25 31.6099 48
v 18.0529 31.7172 48
v 17.8508 31.8146 48
v 17.644 31.9017 48
v 17.4332 31.9785 48
v 17.2188 32.0446 48
v 17.0013 32.1 48
v 16.7814 32.1444 48
v 16.5595 32.1779 48
v 16.3363 32.2002 48
v 16.1122 32.2114 48
v 15.8878 32.2114 48
v 15.6637 32.2002 48
v 15.4405 32.1779 48
v 15.2186 32.1444 48
v 14.9987 32.1 48
v 14.7812 32.0446 48
v 14.5668 31.9785 48
v 14.356 31.9017 48
v 14.1492 31.8146 48
v 13.9471 31.7172 48
v 13.75 31.6099 48
v 13.5585 31.4929 48
v 13.3732 31.3665 48
v 13.1943 31.2311 48
v 13.0224 31.0868 48
v 12.8579 30.9342 48
v 12.7013 30.7736 48
v 12.5528 30.6054 48
v 12.4129 30.4299 48
v 12.2819 30.2478 48
v 12.1602 30.0593 48
v 12.048 29.865 48
v 11.9456 29.6653 48
v 11.8534 29.4608 48
v 11.7714 29.2519 48
v 11.6999 29.0392 48
v 11.6392 28.8232 48
v 11.5892 28.6045 48
v 11.5503 28.3835 48
v 11.5224 28.1609 48
v 11.5056 27.9371 48
v 11.5 27.7128 48
v 11.5056 27.4885 48
v 11.5224 27.2648 48
v 11.5503 27.0421 48
v 11.5892 26.8212 48
v 11.6392 26.6024 48
v 11.6999 26.3864 48
v 11.7714 26.1737 48
v 11.8534 25.9649 48
v 11.9456 25.7603 48
v 12.048 25.5607 48
v 12.1602 25.3664 48
v 12.2819 25.1779 48
v 12.4129 24.9957 48
v 12.5528 24.8203 48
v 12.7013 24.652 48
v 12.8579 24.4914 48
v 13.0224 24.3388 48
v 13.1943 24.1946 48
v 13.3732 24.0591 48
v 13.5585 23.9327 48
v 13.75 23.8157 48
v 13.9471 23.7084 48
v 14.1492 23.611 48
v 14.356 23.5239 48
v 14.5668 23.4471 48
v 14.7812 23.381 48
v 14.9987 23.3256 48
v 15.2186 23.2812 48
v 15.4405 23.2477 48
v 15.6637 23.2254 48
v 15.8878 23.2142 48
v 16.1122 23.2142 48
v 16.3363 23.2254 48
v 16.5595 23.2477 48
v 16.7814 23.2812 48
v 17.0013 23.3256 48
v 17.2188 23.381 48
v 17.4332 23.4471 48
v 17.644 23.5239 48
v 17.8508 23.611 48
v 18.0529 23.7084 48
v 18.25 23.8157 48
v 18.4415 23.9327 48
v 18.6268 24.0591 48
v 18.8057 24.1946 48
v 18.9776 24.3388 48
v 19.1421 24.4914 48
v 19.2987 24.652 48
v 19.4472 24.8203 48
v 19.5871 24.9957 48
v 19.7181 25.1779 48
v 19.8398 25.3664 48
v 19.952 25.5607 48
v 20.0544 25.7603 48
v 20.1466 25.9649 48
v 20.2286 26.1737 48
v 20.3001 26.3864 48
v 20.3608 26.6024 48
v 20.4108 26.8212 48
v 20.4497 27.0421 48
v 20.4776 27.2648 48
v 20.4944 27.4885 48
v 20.5 27.7128 48
v 20.4944 27.9371 48
v 20.4776 28.1609 48
v 20.4497 28.3835 48
v 20.4108 28.6045 48
v 20.3608 28.8232 48
v 20.3001 29.0392 48
v 20.2286 29.2519 48
v 20.1466 29.4608 48
v 20.0544 29.6653 48
v 19.952 29.865 48
v 19.8398 30.0593 48
v 19.7181 30.2478 48
v 19.5871 30.4299 48
v 19.4472 30.6054 48
v 19.2987 30.7736 48
v 19.1421 30.9342 48
v 18.9776 31.0868 48
v 18.8057 31.2311 48
v 18.6268 31.3665 48
v 18.4415 31.4929 48
v 115 -2.81669e-14 20
v 114.857 5.73228 20
v 114.429 11.4503 20
v 113.716 17.1399 20
v 112.72 22.7868 20
v 111.444 28.3771 20
v 109.891 33.8968 20
v 108.065 39.3323 20
v 105.97 44.67 20
v 103.611 49.8966 20
v 100.995 54.9992 20
v 98.1285 59.965 20
v 95.0175 64.7818 20
v 91.6702 69.4375 20
v 88.0951 73.9206 20
v 84.301 78.2199 20
v 80.2972 82.3247 20
v 76.0939 86.2248 20
v 71.7013 89.9106 20
v 67.1305 93.3729 20
v 62.3928 96.603 20
v 57.5 99.5929 20
v 52.4642 102.335 20
v 47.298 104.823 20
v 42.0142 107.05 20
v 36.626 109.012 20
v 31.1467 110.702 20
v 25.5899 112.117 20
v 19.9695 113.253 20
v 14.2995 114.108 20
v 8.59396 114.678 20
v 2.86703 114.964 20
v -2.86703 114.964 20
v -8.59396 114.678 20
v -14.2995 114.108 20
v -19.9695 113.253 20
v -25.5899 112.117 20
v -31.1467 110.702 20
v -36.626 109.012 20
v -42.0142 107.05 20
v -47.298 104.823 20
v -52.4642 102.335 20
v -57.5 99.5929 20
v -62.3928 96.603 20
v -67.1305 93.3729 20
v -71.7013 89.9106 20
v -76.0939 86.2248 20
v -80.2972 82.3247 20
v -84.301 78.2199 20
v -88.0951 73.9206 20
v -91.6702 69.4375 20
v -95.0175 64.7818 20
v -98.1285 59.965 20
v -100.995 54.9992 20
v -103.611 49.8966 20
v -105.97 44.67 20
v -108.065 39.3323 20
v -109.891 33.8968 20
v -111.444 28.3771 20
v -112.72 22.7868 20
v -113.716 17.1399 20
v -114.429 11.4503 20
v -114.857 5.73228 20
v -115 -3.94479e-13 20
v -114.857 -5.73228 20
v -114.429 -11.4503 20
v -113.716 -17.1399 20
v -112.72 -22.7868 20
v -111.444 -28.3771 20
v -109.891 -33.8968 20
v -108.065 -39.3323 20
v -105.97 -44.67 20
v -103.611 -49.8966 20
v -100.995 -54.9992 20
v -98.1285 -59.965 20
v -95.0175 -64.7818 20
v -91.6702 -69.4375 20
v -88.0951 -73.9206 20
v -84.301 -78.2199 20
v -80.2972 -82.3247 20
v -76.0939 -86.2248 20
v -71.7013 -89.9106 20
v -67.1305 -93.3729 20
v -62.3928 -96.603 20
v -57.5 -99.5929 20
v -52.4642 -102.335 20
v -47.298 -104.823 20
v -42.0142 -107.05 20
v -36.626 -109.012 20
v -31.1467 -110.702 20
v -25.5899 -112.117 20
v -19.9695 -113.253 20
v -14.2995 -114.108 20
v -8.59396 -114.678 20
v -2.86703 -114.964 20
v 2.86703 -114.964 20
v 8.59396 -114.678 20
v 14.2995 -114.108 20
v 19.9695 -113.253 20
v 25.5899 -112.117 20
v 31.1467 -110.702 20
v 36.626 -109.012 20
v 42.0142 -107.05 20
v 47.298 -104.823 20
v 52.4642 -102.335 20
v 57.5 -99.5929 20
v 62.3928 -96.603 20
v 67.1305 -93.3729 20
v 71.7013 -89.9106 20
v 76.0939 -86.2248 20
v 80.2972 -82.3247 20
v 84.301 -78.2199 20
v 88.0951 -73.9206 20
v 91.6702 -69.4375 20
v 95.0175 -64.7818 20
v 98.1285 -59.965 20
v 100.995 -54.9992 20
v 103.611 -49.8966 20
v 105.97 -44.67 20
v 108.065 -39.3323 20
v 109.891 -33.8968 20
v 111.444 -28.3771 20
v 112.72 -22.7868 20
v 113.716 -17.1399 20
v 114.429 -11.4503 20
v 114.857 -5.73228 20
v 50 -1.22465e-14 20
v 49.9378 2.49229 20
v 49.7515 4.97839 20
v 49.4415 7.45211 20
v 49.0086 9.90731 20
v 48.4539 12.3379 20
v 47.7786 14.7378 20
v 46.9846 17.101 20
v 46.0738 19.4217 20
v 45.0484 21.6942 20
v 43.9111 23.9127 20
v 42.6645 26.0718 20
v 41.3119 28.166 20
v 39.8566 30.1902 20
v 38.3022 32.1394 20
v 36.6526 34.0086 20
v 34.9118 35.7933 20
v 33.0843 37.4891 20
v 31.1745 39.0916 20
v 29.1872 40.5969 20
v 27.1273 42.0013 20
v 25 43.3013 20
v 22.8105 44.4936 20
v 20.5644 45.5753 20
v 18.2671 46.5437 20
v 15.9243 47.3964 20
v 13.542 48.1312 20
v 11.126 48.7464 20
v 8.68241 49.2404 20
v 6.21719 49.612 20
v 3.7365 49.8602 20
v 1.24653 49.9845 20
v -1.24653 49.9845 20
v -3.7365 49.8602 20
v -6.21719 49.612 20
v -8.68241 49.2404 20
v -11.126 48.7464 20
v -13.542 48.1312 20
v -15.9243 47.3964 20
v -18.2671 46.5437 20
v -20.5644 45.5753 20
v -22.8105 44.4936 20
v -25 43.3013 20
v -27.1273 42.0013 20
v -29.1872 40.5969 20
v -31.1745 39.0916 20
v -33.0843 37.4891 20
v -34.9118 35.7933 20
v -36.6526 34.0086 20
v -38.3022 32.1394 20
v -39.8566 30.1902 20
v -41.3119 28.166 20
v -42.6645 26.0718 20
v -43.9111 23.9127 20
v -45.0484 21.6942 20
v -46.0738 19.4217 20
v -46.9846 17.101 20
v -47.7786 14.7378 20
v -48.4539 12.3379 20
v -49.0086 9.90731 20
v -49.4415 7.45211 20
v -49.7515 4.97839 20
v -49.9378 2.49229 20
v -50 -1.71512e-13 20
v -49.9378 -2.49229 20
v -49.7515 -4.97839 20
v -49.4415 -7.45211 20
v -49.0086 -9.90731 20
v -48.4539 -12.3379 20
v -47.7786 -14.7378 20
v -46.9846 -17.101 20
v -46.0738 -19.4217 20
v -45.0484 -21.6942 20
v -43.9111 -23.9127 20
v -42.6645 -26.0718 20
v -41.3119 -28.166 20
v -39.8566 -30.1902 20
v -38.3022 -32.1394 20
v -36.6526 -34.0086 20
v -34.9118 -35.7933 20
v -33.0843 -37.4891 20
v -31.1745 -39.0916 20
v -29.1872 -40.5969 20
v -27.1273 -42.0013 20
v -25 -43.3013 20
v -22.8105 -44.4936 20
v -20.5644 -45.5753 20
v -18.2671 -46.5437 20
v -15.9243 -47.3964 20
v -13.542 -48.1312 20
v -11.126 -48.7464 20
v -8.68241 -49.2404 20
v -6.21719 -49.612 20
v -3.7365 -49.8602 20
v -1.24653 -49.9845 20
v 1.24653 -49.9845 20
v 3.7365 -49.8602 20
v 6.21719 -49.612 20
v 8.68241 -49.2404 20
v 11.126 -48.7464 20
v 13.542 -48.1312 20
v 15.9243 -47.3964 20
v 18.2671 -46.5437 20
v 20.5644 -45.5753 20
v 22.8105 -44.4936 20
v 25 -43.3013 20
v 27.1273 -42.0013 20
v 29.1872 -40.5969 20
v 31.1745 -39.0916 20
v 33.0843 -37.4891 20
v 34.9118 -35.7933 20
v 36.6526 -34.0086 20
v 38.3022 -32.1394 20
v 39.8566 -30.1902 20
v 41.3119 -28.166 20
v 42.6645 -26.0718 20
v 43.9111 -23.9127 20
v 45.0484 -21.6942 20
v 46.0738 -19.4217 20
v 46.9846 -17.101 20
v 47.7786 -14.7378 20
v 48.4539 -12.3379 20
v 49.0086 -9.90731 20
v 49.4415 -7.45211 20
v 49.7515 -4.97839 20
v 49.9378 -2.49229 20
v 45 -1.10218e-14 32
v 45 -1.10218e-14 48
v 45 -1.10218e-14 48
v 44.9441 2.24306 48
v 44.7764 4.48055 48
v 44.4974 6.7069 48
v 44.1078 8.91658 48
v 43.6085 11.1041 48
v 43.0008 13.264 48
v 42.2862 15.3909 48
v 41.4664 17.4796 48
v 40.5436 19.5248 48
v 39.52 21.5214 48
v 38.3981 23.4646 48
v 37.1807 25.3494 48
v 35.871 27.1712 48
v 34.472 28.9254 48
v 32.9873 30.6078 48
v 31.4207 32.214 48
v 29.7759 33.7402 48
v 28.057 35.1824 48
v 26.2685 36.5372 48
v 24.4146 37.8012 48
v 22.5 38.9711 48
v 20.5295 40.0442 48
v 18.5079 41.0178 48
v 16.4403 41.8893 48
v 14.3319 42.6567 48
v 12.1878 43.3181 48
v 10.0134 43.8718 48
v 7.81417 44.3163 48
v 5.59547 44.6508 48
v 3.36285 44.8742 48
v 1.12188 44.986 48
v -1.12188 44.986 48
v -3.36285 44.8742 48
v -5.59547 44.6508 48
v -7.81417 44.3163 48
v -10.0134 43.8718 48
v -12.1878 43.3181 48
v -14.3319 42.6567 48
v -16.4403 41.8893 48
v -18.5079 41.0178 48
v -20.5295 40.0442 48
v -22.5 38.9711 48
v -24.4146 37.8012 48
v -26.2685 36.5372 48
v -28.057 35.1824 48
v -29.7759 33.7402 48
v -31.4207 32.214 48
v -32.9873 30.6078 48
v -34.472 28.9254 48
v -35.871 27.1712 48
v -37.1807 25.3494 48
v -38.3981 23.4646 48
v -39.52 21.5214 48
v -40.5436 19.5248 48
v -41.4664 17.4796 48
v -42.2862 15.3909 48
v -43.0008 13.264 48
v -43.6085 11.1041 48
v -44.1078 8.91658 48
v -44.4974 6.7069 48
v -44.7764 4.48055 48
v -44.9441 2.24306 48
v -45 -1.54361e-13 48
v -44.9441 -2.24306 48
v -44.7764 -4.48055 48
v -44.4974 -6.7069 48
v -44.1078 -8.91658 48
v -43.6085 -11.1041 48
v -43.0008 -13.264 48
v -42.2862 -15.3909 48
v -41.4664 -17.4796 48
v -40.5436 -19.5248 48
v -39.52 -21.5214 48
v -38.3981 -23.4646 48
v -37.1807 -25.3494 48
v -35.871 -27.1712 48
v -34.472 -28.9254 48
v -32.9873 -30.6078 48
v -31.4207 -32.214 48
v -29.7759 -33.7402 48
v -28.057 -35.1824 48
v -26.2685 -36.5372 48
v -24.4146 -37.8012 48
v -22.5 -38.9711 48
v -20.5295 -40.0442 48
v -18.5079 -41.0178 48
v -16.4403 -41.8893 48
v -14.3319 -42.6567 48
v -12.1878 -43.3181 48
v -10.0134 -43.8718 48
v -7.81417 -44.3163 48
v -5.59547 -44.6508 48
v -3.36285 -44.8742 48
v -1.12188 -44.986 48
v 1.12188 -44.986 48
v 3.36285 -44.8742 48
v 5.59547 -44.6508 48
v 7.81417 -44.3163 48
v 10.0134 -43.8718 48
v 12.1878 -43.3181 48
v 14.3319 -42.6567 48
v 16.4403 -41.8893 48
v 18.5079 -41.0178 48
v 20.5295 -40.0442 48
v 22.5 -38.9711 48
v 24.4146 -37.8012 48
v 26.2685 -36.5372 48
v 28.057 -35.1824 48
v 29.7759 -33.7402 48
v 31.4207 -32.214 48
v 32.9873 -30.6078 48
v 34.472 -28.9254 48
v 35.871 -27.1712 48
v 37.1807 -25.3494 48
v 38.3981 -23.4646 48
v 39.52 -21.5214 48
v 40.5436 -19.5248 48
v 41.4664 -17.4796 48
v 42.2862 -15.3909 48
v 43.0008 -13.264 48
v 43.6085 -11.1041 48
v 44.1078 -8.91658 48
v 44.4974 -6.7069 48
v 44.7764 -4.48055 48
v 44.9441 -2.24306 48
v 45 -1.10218e-14 32
v 44.9441 2.24306 32
v 44.7764 4.48055 32
v 44.4974 6.7069 32
v 44.1078 8.91658 32
v 43.6085 11.1041 32
v 43.0008 13.264 32
v 42.2862 15.3909 32
v 41.4664 17.4796 32
v 40.5436 19.5248 32
v 39.52 21.5214 32
v 38.3981 23.4646 32
v 37.1807 25.3494 32
v 35.871 27.1712 32
v 34.472 28.9254 32
v 32.9873 30.6078 32
v 31.4207 32.214 32
v 29.7759 33.7402 32
v 28.057 35.1824 32
v 26.2685 36.5372 32
v 24.4146 37.8012 32
v 22.5 38.9711 32
v 20.5295 40.0442 32
v 18.5079 41.0178 32
v 16.4403 41.8893 32
v 14.3319 42.6567 32
v 12.1878 43.3181 32
v 10.0134 43.8718 32
v 7.81417 44.3163 32
v 5.59547 44.6508 32
v 3.36285 44.8742 32
v 1.12188 44.986 32
v -1.12188 44.986 32
v -3.36285 44.8742 32
v -5.59547 44.6508 32
v -7.81417 44.3163 32
v -10.0134 43.8718 32
v -12.1878 43.3181 32
v -14.3319 42.6567 32
v -16.4403 41.8893 32
v -18.5079 41.0178 32
v -20.5295 40.0442 32
v -22.5 38.9711 32
v -24.4146 37.8012 32
v -26.2685 36.5372 32
v -28.057 35.1824 32
v -29.7759 33.7402 32
v -31.4207 32.214 32
v -32.9873 30.6078 32
v -34.472 28.9254 32
v -35.871 27.1712 32
v -37.1807 25.3494 32
v -38.3981 23.4646 32
v -39.52 21.5214 32
v -40.5436 19.5248 32
v -41.4664 17.4796 32
v -42.2862 15.3909 32
v -43.0008 13.264 32
v -43.6085 11.1041 32
v -44.1078 8.91658 32
v -44.4974 6.7069 32
v -44.7764 4.48055 32
v -44.9441 2.24306 32
v -45 -1.54361e-13 32
v -44.9441 -2.24306 32
v -44.7764 -4.48055 32
v -44.4974 -6.7069 32
v -44.1078 -8.91658 32
v -43.6085 -11.1041 32
v -43.0008 -13.264 32
v -42.2862 -15.3909 32
v -41.4664 -17.4796 32
v -40.5436 -19.5248 32
v -39.52 -21.5214 32
v -38.3981 -23.4646 32
v -37.1807 -25.3494 32
v -35.871 -27.1712 32
v -34.472 -28.9254 32
v -32.9873 -30.6078 32
v -31.4207 -32.214 32
v -29.7759 -33.7402 32
v -28.057 -35.1824 32
v -26.2685 -36.5372 32
v -24.4146 -37.8012 32
v -22.5 -38.9711 32
v -20.5295 -40.0442 32
v -18.5079 -41.0178 32
v -16.4403 -41.8893 32
v -14.3319 -42.6567 32
v -12.1878 -43.3181 32
v -10.0134 -43.8718 32
v -7.81417 -44.3163 32
v -5.59547 -44.6508 32
v -3.36285 -44.8742 32
v -1.12188 -44.986 32
v 1.12188 -44.986 32
v 3.36285 -44.8742 32
v 5.59547 -44.6508 32
v 7.81417 -44.3163 32
v 10.0134 -43.8718 32
v 12.1878 -43.3181 32
v 14.3319 -42.6567 32
v 16.4403 -41.8893 32
v 18.5079 -41.0178 32
v 20.5295 -40.0442 32
v 22.5 -38.9711 32
v 24.4146 -37.8012 32
v 26.2685 -36.5372 32
v 28.057 -35.1824 32
v 29.7759 -33.7402 32
v 31.4207 -32.214 32
v 32.9873 -30.6078 32
v 34.472 -28.9254 32
v 35.871 -27.1712 32
v 37.1807 -25.3494 32
v 38.3981 -23.4646 32
v 39.52 -21.5214 32
v 40.5436 -19.5248 32
v 41.4664 -17.4796 32
v 42.2862 -15.3909 32
v 43.0008 -13.264 32
v 43.6085 -11.1041 32
v 44.1078 -8.91658 32
v 44.4974 -6.7069 32
v 44.7764 -4.48055 32
v 44.9441 -2.24306 32
v 50 -1.22465e-14 32
v 49.9378 2.49229 32
v 49.7515 4.97839 32
v 49.4415 7.45211 32
v 49.0086 9.90731 32
v 48.4539 12.3379 32
v 47.7786 14.7378 32
v 46.9846 17.101 32
v 46.0738 19.4217 32
v 45.0484 21.6942 32
v 43.9111 23.9127 32
v 42.6645 26.0718 32
v 41.3119 28.166 32
v 39.8566 30.1902 32
v 38.3022 32.1394 32
v 36.6526 34.0086 32
v 34.9118 35.7933 32
v 33.0843 37.4891 32
v 31.1745 39.0916 32
v 29.1872 40.5969 32
v 27.1273 42.0013 32
v 25 43.3013 32
v 22.8105 44.4936 32
v 20.5644 45.5753 32
v 18.2671 46.5437 32
v 15.9243 47.3964 32
v 13.542 48.1312 32
v 11.126 48.7464 32
v 8.68241 49.2404 32
v 6.21719 49.612 32
v 3.7365 49.8602 32
v 1.24653 49.9845 32
v -1.24653 49.9845 32
v -3.7365 49.8602 32
v -6.21719 49.612 32
v -8.68241 49.2404 32
v -11.126 48.7464 32
v -13.542 48.1312 32
v -15.9243 47.3964 32
v -18.2671 46.5437 32
v -20.5644 45.5753 32
v -22.8105 44.4936 32
v -25 43.3013 32
v -27.1273 42.0013 32
v -29.1872 40.5969 32
v -31.1745 39.0916 32
v -33.0843 37.4891 32
v -34.9118 35.7933 32
v -36.6526 34.0086 32
v -38.3022 32.1394 32
v -39.8566 30.1902 32
v -41.3119 28.166 32
v -42.6645 26.0718 32
v -43.9111 23.9127 32
v -45.0484 21.6942 32
v -46.0738 19.4217 32
v -46.9846 17.101 32
v -47.7786 14.7378 32
v -48.4539 12.3379 32
v -49.0086 9.90731 32
v -49.4415 7.45211 32
v -49.7515 4.97839 32
v -49.9378 2.49229 32
v -50 -1.71512e-13 32
v -49.9378 -2.49229 32
v -49.7515 -4.97839 32
v -49.4415 -7.45211 32
v -49.0086 -9.90731 32
v -48.4539 -12.3379 32
v -47.7786 -14.7378 32
v -46.9846 -17.101 32
v -46.0738 -19.4217 32
v -45.0484 -21.6942 32
v -43.9111 -23.9127 32
v -42.6645 -26.0718 32
v -41.3119 -28.166 32
v -39.8566 -30.1902 32
v -38.3022 -32.1394 32
v -36.6526 -34.0086 32
v -34.9118 -35.7933 32
v -33.0843 -37.4891 32
v -31.1745 -39.0916 32
v -29.1872 -40.5969 32
v -27.1273 -42.0013 32
v -25 -43.3013 32
v -22.8105 -44.4936 32
v -20.5644 -45.5753 32
v -18.2671 -46.5437 32
v -15.9243 -47.3964 32
v -13.542 -48.1312 32
v -11.126 -48.7464 32
v -8.68241 -49.2404 32
v -6.21719 -49.612 32
v -3.7365 -49.8602 32
v -1.24653 -49.9845 32
v 1.24653 -49.9845 32
v 3.7365 -49.8602 32
v 6.21719 -49.612 32
v 8.68241 -49.2404 32
v 11.126 -48.7464 32
v 13.542 -48.1312 32
v 15.9243 -47.3964 32
v 18.2671 -46.5437 32
v 20.5644 -45.5753 32
v 22.8105 -44.4936 32
v 25 -43.3013 32
v 27.1273 -42.0013 32
v 29.1872 -40.5969 32
v 31.1745 -39.0916 32
v 33.0843 -37.4891 32
v 34.9118 -35.7933 32
v 36.6526 -34.0086 32
v 38.3022 -32.1394 32
v 39.8566 -30.1902 32
v 41.3119 -28.166 32
v 42.6645 -26.0718 32
v 43.9111 -23.9127 32
v 45.0484 -21.6942 32
v 46.0738 -19.4217 32
v 46.9846 -17.101 32
v 47.7786 -14.7378 32
v 48.4539 -12.3379 32
v 49.0086 -9.90731 32
v 49.4415 -7.45211 32
v 49.7515 -4.97839 32
v 49.9378 -2.49229 32
v 50 -1.22465e-14 32
v 50 -1.22465e-14 20
v 49.9378 2.49229 20
v 49.7515 4.97839 20
v 49.4415 7.45211 20
v 49.0086 9.90731 20
v 48.4539 12.3379 20
v 47.7786 14.7378 20
v 46.9846 17.101 20
v 46.0738 19.4217 20
v 45.0484 21.6942 20
v 43.9111 23.9127 20
v 42.6645 26.0718 20
v 41.3119 28.166 20
v 39.8566 30.1902 20
v 38.3022 32.1394 20
v 36.6526 34.0086 20
v 34.9118 35.7933 20
v 33.0843 37.4891 20
v 31.1745 39.0916 20
v 29.1872 40.5969 20
v 27.1273 42.0013 20
v 25 43.3013 20
v 22.8105 44.4936 20
v 20.5644 45.5753 20
v 18.2671 46.5437 20
v 15.9243 47.3964 20
v 13.542 48.1312 20
v 11.126 48.7464 20
v 8.68241 49.2404 20
v 6.21719 49.612 20
v 3.7365 49.8602 20
v 1.24653 49.9845 20
v -1.24653 49.9845 20
v -3.7365 49.8602 20
v -6.21719 49.612 20
v -8.68241 49.2404 20
v -11.126 48.7464 20
v -13.542 48.1312 20
v -15.9243 47.3964 20
v -18.2671 46.5437 20
v -20.5644 45.5753 20
v -22.8105 44.4936 20
v -25 43.3013 20
v -27.1273 42.0013 20
v -29.1872 40.5969 20
v -31.1745 39.0916 20
v -33.0843 37.4891 20
v -34.9118 35.7933 20
v -36.6526 34.0086 20
v -38.3022 32.1394 20
v -39.8566 30.1902 20
v -41.3119 28.166 20
v -42.6645 26.0718 20
v -43.9111 23.9127 20
v -45.0484 21.6942 20
v -46.0738 19.4217 20
v -46.9846 17.101 20
v -47.7786 14.7378 20
v -48.4539 12.3379 20
v -49.0086 9.90731 20
v -49.4415 7.45211 20
v -49.7515 4.97839 20
v -49.9378 2.49229 20
v -50 -1.71512e-13 20
v -49.9378 -2.49229 20
v -49.7515 -4.97839 20
v -49.4415 -7.45211 20
v -49.0086 -9.90731 20
v -48.4539 -12.3379 20
v -47.7786 -14.7378 20
v -46.9846 -17.101 20
v -46.0738 -19.4217 20
v -45.0484 -21.6942 20
v -43.9111 -23.9127 20
v -42.6645 -26.0718 20
v -41.3119 -28.166 20
v -39.8566 -30.1902 20
v -38.3022 -32.1394 20
v -36.6526 -34.0086 20
v -34.9118 -35.7933 20
v -33.0843 -37.4891 20
v -31.1745 -39.0916 20
v -29.1872 -40.5969 20
v -27.1273 -42.0013 20
v -25 -43.3013 20
v -22.8105 -44.4936 20
v -20.5644 -45.5753 20
v -18.2671 -46.5437 20
v -15.9243 -47.3964 20
v -13.542 -48.1312 20
v -11.126 -48.7464 20
v -8.68241 -49.2404 20
v -6.21719 -49.612 20
v -3.7365 -49.8602 20
v -1.24653 -49.9845 20
v 1.24653 -49.9845 20
v 3.7365 -49.8602 20
v 6.21719 -49.612 20
v 8.68241 -49.2404 20
v 11.126 -48.7464 20
v 13.542 -48.1312 20
v 15.9243 -47.3964 20
v 18.2671 -46.5437 20
v 20.5644 -45.5753 20
v 22.8105 -44.4936 20
v 25 -43.3013 20
v 27.1273 -42.0013 20
v 29.1872 -40.5969 20
v 31.1745 -39.0916 20
v 33.0843 -37.4891 20
v 34.9118 -35.7933 20
v 36.6526 -34.0086 20
v 38.3022 -32.1394 20
v 39.8566 -30.1902 20
v 41.3119 -28.166 20
v 42.6645 -26.0718 20
v 43.9111 -23.9127 20
v 45.0484 -21.6942 20
v 46.0738 -19.4217 20
v 46.9846 -17.101 20
v 47.7786 -14.7378 20
v 48.4539 -12.3379 20
v 49.0086 -9.90731 20
v 49.4415 -7.45211 20
v 49.7515 -4.97839 20
v 49.9378 -2.49229 20
v 50 -1.22465e-14 20
v 50 -1.22465e-14 32
v 49.9378 2.49229 32
v 49.7515 4.97839 32
v 49.4415 7.45211 32
v 49.0086 9.90731 32
v 48.4539 12.3379 32
v 47.7786 14.7378 32
v 46.9846 17.101 32
v 46.0738 19.4217 32
v 45.0484 21.6942 32
v 43.9111 23.9127 32
v 42.6645 26.0718 32
v 41.3119 28.166 32
v 39.8566 30.1902 32
v 38.3022 32.1394 32
v 36.6526 34.0086 32
v 34.9118 35.7933 32
v 33.0843 37.4891 32
v 31.1745 39.0916 32
v 29.1872 40.5969 32
v 27.1273 42.0013 32
v 25 43.3013 32
v 22.8105 44.4936 32
v 20.5644 45.5753 32
v 18.2671 46.5437 32
v 15.9243 47.3964 32
v 13.542 48.1312 32
v 11.126 48.7464 32
v 8.68241 49.2404 32
v 6.21719 49.612 32
v 3.7365 49.8602 32
v 1.24653 49.9845 32
v -1.24653 49.9845 32
v -3.7365 49.8602 32
v -6.21719 49.612 32
v -8.68241 49.2404 32
v -11.126 48.7464 32
v -13.542 48.1312 32
v -15.9243 47.3964 32
v -18.2671 46.5437 32
v -20.5644 45.5753 32
v -22.8105 44.4936 32
v -25 43.3013 32
v -27.1273 42.0013 32
v -29.1872 40.5969 32
v -31.1745 39.0916 32
v -33.0843 37.4891 32
v -34.9118 35.7933 32
v -36.6526 34.0086 32
v -38.3022 32.1394 32
v -39.8566 30.1902 32
v -41.3119 28.166 32
v -42.6645 26.0718 32
v -43.9111 23.9127 32
v -45.0484 21.6942 32
v -46.0738 19.4217 32
v -46.9846 17.101 32
v -47.7786 14.7378 32
v -48.4539 12.3379 32
v -49.0086 9.90731 32
v -49.4415 7.45211 32
v -49.7515 4.97839 32
v -49.9378 2.49229 32
v -50 -1.71512e-13 32
v -49.9378 -2.49229 32
v -49.7515 -4.97839 32
v -49.4415 -7.45211 32
v -49.0086 -9.90731 32
v -48.4539 -12.3379 32
v -47.7786 -14.7378 32
v -46.9846 -17.101 32
v -46.0738 -19.4217 32
v -45.0484 -21.6942 32
v -43.9111 -23.9127 32
v -42.6645 -26.0718 32
v -41.3119 -28.166 32
v -39.8566 -30.1902 32
v -38.3022 -32.1394 32
v -36.6526 -34.0086 32
v -34.9118 -35.7933 32
v -33.0843 -37.4891 32
v -31.1745 -39.0916 32
v -29.1872 -40.5969 32
v -27.1273 -42.0013 32
v -25 -43.3013 32
v -22.8105 -44.4936 32
v -20.5644 -45.5753 32
v -18.2671 -46.5437 32
v -15.9243 -47.3964 32
v -13.542 -48.1312 32
v -11.126 -48.7464 32
v -8.68241 -49.2404 32
v -6.21719 -49.612 32
v -3.7365 -49.8602 32
v -1.24653 -49.9845 32
v 1.24653 -49.9845 32
v 3.7365 -49.8602 32
v 6.21719 -49.612 32
v 8.68241 -49.2404 32
v 11.126 -48.7464 32
v 13.542 -48.1312 32
v 15.9243 -47.3964 32
v 18.2671 -46.5437 32
v 20.5644 -45.5753 32
v 22.8105 -44.4936 32
v 25 -43.3013 32
v 27.1273 -42.0013 32
v 29.1872 -40.5969 32
v 31.1745 -39.0916 32
v 33.0843 -37.4891 32
v 34.9118 -35.7933 32
v 36.6526 -34.0086 32
v 38.3022 -32.1394 32
v 39.8566 -30.1902 32
v 41.3119 -28.166 32
v 42.6645 -26.0718 32
v 43.9111 -23.9127 32
v 45.0484 -21.6942 32
v 46.0738 -19.4217 32
v 46.9846 -17.101 32
v 47.7786 -14.7378 32
v 48.4539 -12.3379 32
v 49.0086 -9.90731 32
v 49.4415 -7.45211 32
v 49.7515 -4.97839 32
v 49.9378 -2.49229 32
v 45 -1.10218e-14 32
v 44.9441 2.24306 32
v 44.7764 4.48055 32
v 44.4974 6.7069 32
v 44.1078 8.91658 32
v 43.6085 11.1041 32
v 43.0008 13.264 32
v 42.2862 15.3909 32
v 41.4664 17.4796 32
v 40.5436 19.5248 32
v 39.52 21.5214 32
v 38.3981 23.4646 32
v 37.1807 25.3494 32
v 35.871 27.1712 32
v 34.472 28.9254 32
v 32.9873 30.6078 32
v 31.4207 32.214 32
v 29.7759 33.7402 32
v 28.057 35.1824 32
v 26.2685 36.5372 32
v 24.4146 37.8012 32
v 22.5 38.9711 32
v 20.5295 40.0442 32
v 18.5079 41.0178 32
v 16.4403 41.8893 32
v 14.3319 42.6567 32
v 12.1878 43.3181 32
v 10.0134 43.8718 32
v 7.81417 44.3163 32
v 5.59547 44.6508 32
v 3.36285 44.8742 32
v 1.12188 44.986 32
v -1.12188 44.986 32
v -3.36285 44.8742 32
v -5.59547 44.6508 32
v -7.81417 44.3163 32
v -10.0134 43.8718 32
v -12.1878 43.3181 32
v -14.3319 42.6567 32
v -16.4403 41.8893 32
v -18.5079 41.0178 32
v -20.5295 40.0442 32
v -22.5 38.9711 32
v -24.4146 37.8012 32
v -26.2685 36.5372 32
v -28.057 35.1824 32
v -29.7759 33.7402 32
v -31.4207 32.214 32
v -32.9873 30.6078 32
v -34.472 28.9254 32
v -35.871 27.1712 32
v -37.1807 25.3494 32
v -38.3981 23.4646 32
v -39.52 21.5214 32
v -40.5436 19.5248 32
v -41.4664 17.4796 32
v -42.2862 15.3909 32
v -43.0008 13.264 32
v -43.6085 11.1041 32
v -44.1078 8.91658 32
v -44.4974 6.7069 32
v -44.7764 4.48055 32
v -44.9441 2.24306 32
v -45 -1.54361e-13 32
v -44.9441 -2.24306 32
v -44.7764 -4.48055 32
v -44.4974 -6.7069 32
v -44.1078 -8.91658 32
v -43.6085 -11.1041 32
v -43.0008 -13.264 32
v -42.2862 -15.3909 32
v -41.4664 -17.4796 32
v -40.5436 -19.5248 32
v -39.52 -21.5214 32
v -38.3981 -23.4646 32
v -37.1807 -25.3494 32
v -35.871 -27.1712 32
v -34.472 -28.9254 32
v -32.9873 -30.6078 32
v -31.4207 -32.214 32
v -29.7759 -33.7402 32
v -28.057 -35.1824 32
v -26.2685 -36.5372 32
v -24.4146 -37.8012 32
v -22.5 -38.9711 32
v -20.5295 -40.0442 32
v -18.5079 -41.0178 32
v -16.4403 -41.8893 32
v -14.3319 -42.6567 32
v -12.1878 -43.3181 32
v -10.0134 -43.8718 32
v -7.81417 -44.3163 32
v -5.59547 -44.6508 32
v -3.36285 -44.8742 32
v -1.12188 -44.986 32
v 1.12188 -44.986 32
v 3.36285 -44.8742 32
v 5.59547 -44.6508 32
v 7.81417 -44.3163 32
v 10.0134 -43.8718 32
v 12.1878 -43.3181 32
v 14.3319 -42.6567 32
v 16.4403 -41.8893 32
v 18.5079 -41.0178 32
v 20.5295 -40.0442 32
v 22.5 -38.9711 32
v 24.4146 -37.8012 32
v 26.2685 -36.5372 32
v 28.057 -35.1824 32
v 29.7759 -33.7402 32
v 31.4207 -32.214 32
v 32.9873 -30.6078 32
v 34.472 -28.9254 32
v 35.871 -27.1712 32
v 37.1807 -25.3494 32
v 38.3981 -23.4646 32
v 39.52 -21.5214 32
v 40.5436 -19.5248 32
v 41.4664 -17.4796 32
v 42.2862 -15.3909 32
v 43.0008 -13.264 32
v 43.6085 -11.1041 32
v 44.1078 -8.91658 32
v 44.4974 -6.7069 32
v 44.7764 -4.48055 32
v 44.9441 -2.24306 32
f 3 129 130
f 4 130 131
f 4 3 130
f 5 131 132
f 5 4 131
f 6 132 133
f 6 5 132
f 7 6 133
f 8 133 134
f 8 134 135
f 8 7 133
f 9 135 136
f 9 8 135
f 10 9 136
f 11 136 137
f 11 137 138
f 11 10 136
f 12 138 139
f 12 11 138
f 13 12 139
f 14 13 139
f 14 139 140
f 15 14 140
f 15 140 141
f 16 15 141
f 16 141 142
f 16 142 143
f 17 16 143
f 18 17 143
f 18 143 144
f 19 18 144
f 19 144 145
f 19 145 146
f 20 19 146
f 21 20 146
f 21 146 147
f 22 21 147
f 22 147 148
f 23 22 148
f 23 148 149
f 24 23 149
f 24 149 150
f 25 24 150
f 25 150 151
f 26 151 152
f 26 25 151
f 26 152 153
f 27 153 154
f 27 26 153
f 28 27 154
f 29 154 155
f 29 28 154
f 30 155 156
f 30 29 155
f 31 156 157
f 31 30 156
f 32 157 158
f 32 158 159
f 32 31 157
f 33 32 159
f 34 159 160
f 34 33 159
f 35 160 161
f 35 161 162
f 35 34 160
f 36 162 163
f 36 35 162
f 37 163 164
f 37 36 163
f 38 164 165
f 38 37 164
f 39 38 165
f 40 39 165
f 40 165 166
f 40 166 167
f 41 40 167
f 42 41 167
f 42 167 168
f 43 42 168
f 43 168 169
f 44 43 169
f 44 169 170
f 45 44 170
f 45 170 171
f 46 45 171
f 46 171 172
f 46 172 173
f 47 46 173
f 48 47 173
f 48 173 174
f 49 48 174
f 49 174 175
f 50 49 175
f 50 175 176
f 50 176 177
f 51 50 177
f 51 177 178
f 52 51 178
f 53 52 178
f 53 178 179
f 54 53 179
f 54 179 180
f 55 54 180
f 55 180 181
f 56 55 181
f 56 181 182
f 57 56 182
f 57 182 183
f 58 57 183
f 58 183 184
f 58 184 185
f 59 58 185
f 60 59 185
f 60 185 186
f 61 186 187
f 61 60 186
f 62 187 188
f 62 61 187
f 63 188 189
f 63 189 190
f 63 62 188
f 64 63 190
f 65 64 190
f 65 190 191
f 66 65 191
f 66 191 192
f 67 66 192
f 67 192 193
f 68 67 193
f 68 193 194
f 69 68 194
f 69 194 195
f 70 69 195
f 70 195 196
f 71 70 196
f 71 196 197
f 71 197 198
f 72 71 198
f 73 72 198
f 73 198 199
f 73 199 200
f 74 73 200
f 75 74 200
f 75 200 201
f 76 75 201
f 76 201 202
f 77 202 203
f 77 203 204
f 77 76 202
f 78 77 204
f 79 204 205
f 79 78 204
f 80 205 206
f 80 206 207
f 80 79 205
f 81 207 208
f 81 80 207
f 82 208 209
f 82 81 208
f 83 82 209
f 84 209 210
f 84 83 209
f 85 210 211
f 85 84 210
f 86 211 212
f 86 85 211
f 87 212 213
f 87 86 212
f 88 213 214
f 88 87 213
f 89 214 215
f 89 215 216
f 89 88 214
f 90 89 216
f 91 90 216
f 91 216 217
f 92 91 217
f 92 217 218
f 93 92 218
f 93 218 219
f 94 93 219
f 94 219 220
f 95 220 221
f 95 221 222
f 95 94 220
f 96 95 222
f 97 222 223
f 97 96 222
f 98 223 224
f 98 97 223
f 99 224 225
f 99 98 224
f 100 225 226
f 100 99 225
f 101 226 227
f 101 100 226
f 102 227 228
f 102 101 227
f 103 228 229
f 103 102 228
f 104 229 230
f 104 103 229
f 105 230 231
f 105 231 232
f 105 104 230
f 106 105 232
f 107 232 233
f 107 106 232
f 108 233 234
f 108 107 233
f 109 234 235
f 109 235 236
f 109 108 234
f 110 109 236
f 111 236 237
f 111 110 236
f 112 237 238
f 112 111 237
f 113 238 239
f 113 239 240
f 113 112 238
f 114 113 240
f 115 114 240
f 115 240 241
f 116 115 241
f 116 241 242
f 117 116 242
f 117 242 243
f 118 117 243
f 118 243 244
f 118 244 245
f 119 118 245
f 120 119 245
f 120 245 246
f 121 120 246
f 121 246 247
f 122 121 247
f 122 247 248
f 123 122 248
f 123 248 249
f 124 123 249
f 124 249 250
f 124 250 251
f 125 124 251
f 126 125 251
f 126 251 252
f 127 252 253
f 127 126 252
f 127 253 254
f 128 127 254
f 2 254 1
f 2 128 254
f 384 255 256
f 384 257 255
f 385 258 257
f 385 257 384
f 386 259 258
f 386 258 385
f 387 260 259
f 387 259 386
f 388 261 260
f 388 260 387
f 389 262 261
f 389 261 388
f 390 263 262
f 390 262 389
f 391 264 263
f 391 263 390
f 392 265 264
f 392 264 391
f 393 266 265
f 393 265 392
f 394 267 266
f 394 266 393
f 268 267 394
f 395 268 394
f 396 269 268
f 396 268 395
f 270 269 396
f 397 270 396
f 398 270 397
f 398 271 270
f 399 272 271
f 399 271 398
f 400 273 272
f 400 272 399
f 274 273 400
f 401 274 400
f 402 275 274
f 402 274 401
f 403 276 275
f 403 275 402
f 404 277 276
f 404 276 403
f 405 278 277
f 405 277 404
f 279 278 405
f 406 279 405
f 407 280 279
f 407 279 406
f 408 281 280
f 408 280 407
f 282 281 408
f 409 282 408
f 283 282 409
f 410 283 409
f 411 284 283
f 411 283 410
f 412 285 284
f 412 284 411
f 286 285 412
f 413 286 412
f 287 286 413
f 414 287 413
f 415 288 287
f 415 287 414
f 416 289 288
f 416 288 415
f 417 290 289
f 417 289 416
f 418 291 290
f 418 290 417
f 419 292 291
f 419 291 418
f 420 293 292
f 420 292 419
f 421 293 420
f 421 294 293
f 422 294 421
f 422 295 294
f 423 295 422
f 423 296 295
f 424 296 423
f 424 297 296
f 298 297 424
f 425 298 424
f 426 298 425
f 426 299 298
f 427 299 426
f 427 300 299
f 428 300 427
f 428 301 300
f 302 301 428
f 429 302 428
f 303 302 429
f 430 303 429
f 431 303 430
f 431 304 303
f 432 304 431
f 432 305 304
f 433 306 305
f 433 305 432
f 307 306 433
f 434 307 433
f 308 307 434
f 435 308 434
f 436 309 308
f 436 308 435
f 437 310 309
f 437 309 436
f 438 311 310
f 438 310 437
f 439 312 311
f 439 311 438
f 440 313 312
f 440 312 439
f 441 314 313
f 441 313 440
f 442 315 314
f 442 314 441
f 316 315 442
f 443 316 442
f 317 316 443
f 444 317 443
f 445 317 444
f 445 318 317
f 446 318 445
f 446 319 318
f 447 319 446
f 447 320 319
f 448 320 447
f 448 321 320
f 322 321 448
f 449 322 448
f 323 322 449
f 450 323 449
f 451 323 450
f 451 324 323
f 325 324 451
f 452 325 451
f 453 325 452
f 453 326 325
f 454 326 453
f 454 327 326
f 455 327 454
f 455 328 327
f 456 328 455
f 456 329 328
f 457 329 456
f 457 330 329
f 458 330 457
f 458 331 330
f 459 331 458
f 459 332 331
f 333 332 459
f 460 333 459
f 334 333 460
f 461 334 460
f 462 334 461
f 462 335 334
f 336 335 462
f 463 336 462
f 464 336 463
f 464 337 336
f 338 337 464
f 465 338 464
f 466 339 338
f 466 338 465
f 467 340 339
f 467 339 466
f 468 341 340
f 468 340 467
f 342 341 468
f 469 342 468
f 470 342 469
f 470 343 342
f 344 343 470
f 471 344 470
f 472 344 471
f 472 345 344
f 473 345 472
f 473 346 345
f 474 346 473
f 474 347 346
f 348 347 474
f 475 348 474
f 476 348 475
f 476 349 348
f 350 349 476
f 477 350 476
f 478 350 477
f 478 351 350
f 479 351 478
f 479 352 351
f 480 352 479
f 480 353 352
f 354 353 480
f 481 354 480
f 355 354 481
f 482 355 481
f 356 355 482
f 483 356 482
f 484 357 356
f 484 356 483
f 485 358 357
f 485 357 484
f 359 358 485
f 486 359 485
f 360 359 486
f 487 360 486
f 488 361 360
f 488 360 487
f 489 362 361
f 489 361 488
f 490 363 362
f 490 362 489
f 491 364 363
f 491 363 490
f 492 365 364
f 492 364 491
f 493 366 365
f 493 365 492
f 494 367 366
f 494 366 493
f 495 368 367
f 495 367 494
f 369 368 495
f 496 369 495
f 497 369 496
f 497 370 369
f 498 370 497
f 498 371 370
f 499 371 498
f 499 372 371
f 373 372 499
f 500 373 499
f 501 374 373
f 501 373 500
f 502 375 374
f 502 374 501
f 503 376 375
f 503 375 502
f 504 377 376
f 504 376 503
f 505 378 377
f 505 377 504
f 506 379 378
f 506 378 505
f 507 380 379
f 507 379 506
f 508 381 380
f 508 380 507
f 382 381 508
f 383 382 508
f 638 510 509
f 638 509 511
f 639 511 512
f 639 638 511
f 640 512 513
f 640 639 512
f 641 513 514
f 641 640 513
f 642 514 515
f 642 641 514
f 643 515 516
f 643 642 515
f 644 516 517
f 644 643 516
f 645 517 518
f 645 644 517
f 646 518 519
f 646 645 518
f 647 519 520
f 647 646 519
f 648 520 521
f 648 647 520
f 522 648 521
f 649 648 522
f 650 522 523
f 650 649 522
f 524 650 523
f 651 650 524
f 652 651 524
f 652 524 525
f 653 525 526
f 653 652 525
f 654 526 527
f 654 653 526
f 528 654 527
f 655 654 528
f 656 528 529
f 656 655 528
f 657 529 530
f 657 656 529
f 658 530 531
f 658 657 530
f 659 531 532
f 659 658 531
f 533 659 532
f 660 659 533
f 661 533 534
f 661 660 533
f 662 534 535
f 662 661 534
f 536 662 535
f 663 662 536
f 537 663 536
f 664 663 537
f 665 537 538
f 665 664 537
f 666 538 539
f 666 665 538
f 540 666 539
f 667 666 540
f 541 667 540
f 668 667 541
f 669 541 542
f 669 668 541
f 670 542 543
f 670 669 542
f 671 543 544
f 671 670 543
f 672 544 545
f 672 671 544
f 673 545 546
f 673 672 545
f 674 546 547
f 674 673 546
f 675 674 547
f 675 547 548
f 676 675 548
f 676 548 549
f 677 676 549
f 677 549 550
f 678 677 550
f 678 550 551
f 552 678 551
f 679 678 552
f 680 679 552
f 680 552 553
f 681 680 553
f 681 553 554
f 682 681 554
f 682 554 555
f 556 682 555
f 683 682 556
f 557 683 556
f 684 683 557
f 685 684 557
f 685 557 558
f 686 685 558
f 686 558 559
f 687 559 560
f 687 686 559
f 561 687 560
f 688 687 561
f 562 688 561
f 689 688 562
f 690 562 563
f 690 689 562
f 691 563 564
f 691 690 563
f 692 564 565
f 692 691 564
f 693 565 566
f 693 692 565
f 694 566 567
f 694 693 566
f 695 567 568
f 695 694 567
f 696 568 569
f 696 695 568
f 570 696 569
f 697 696 570
f 571 697 570
f 698 697 571
f 699 698 571
f 699 571 572
f 700 699 572
f 700 572 573
f 701 700 573
f 701 573 574
f 702 701 574
f 702 574 575
f 576 702 575
f 703 702 576
f 577 703 576
f 704 703 577
f 705 704 577
f 705 577 578
f 579 705 578
f 706 705 579
f 707 706 579
f 707 579 580
f 708 707 580
f 708 580 581
f 709 708 581
f 709 581 582
f 710 709 582
f 710 582 583
f 711 710 583
f 711 583 584
f 712 711 584
f 712 584 585
f 713 712 585
f 713 585 586
f 587 713 586
f 714 713 587
f 588 714 587
f 715 714 588
f 716 715 588
f 716 588 589
f 590 716 589
f 717 716 590
f 718 717 590
f 718 590 591
f 592 718 591
f 719 718 592
f 720 592 593
f 720 719 592
f 721 593 594
f 721 720 593
f 722 594 595
f 722 721 594
f 596 722 595
f 723 722 596
f 724 723 596
f 724 596 597
f 598 724 597
f 725 724 598
f 726 725 598
f 726 598 599
f 727 726 599
f 727 599 600
f 728 727 600
f 728 600 601
f 602 728 601
f 729 728 602
f 730 729 602
f 730 602 603
f 604 730 603
f 731 730 604
f 732 731 604
f 732 604 605
f 733 732 605
f 733 605 606
f 734 733 606
f 734 606 607
f 608 734 607
f 735 734 608
f 609 735 608
f 736 735 609
f 610 736 609
f 737 736 610
f 738 610 611
f 738 737 610
f 739 611 612
f 739 738 611
f 613 739 612
f 740 739 613
f 614 740 613
f 741 740 614
f 742 614 615
f 742 741 614
f 743 615 616
f 743 742 615
f 744 616 617
f 744 743 616
f 745 617 618
f 745 744 617
f 746 618 619
f 746 745 618
f 747 619 620
f 747 746 619
f 748 620 621
f 748 747 620
f 749 621 622
f 749 748 621
f 623 749 622
f 750 749 623
f 751 750 623
f 751 623 624
f 752 751 624
f 752 624 625
f 753 752 625
f 753 625 626
f 627 753 626
f 754 753 627
f 755 627 628
f 755 754 627
f 756 628 629
f 756 755 628
f 757 629 630
f 757 756 629
f 758 630 631
f 758 757 630
f 759 631 632
f 759 758 631
f 760 632 633
f 760 759 632
f 761 633 634
f 761 760 633
f 762 634 635
f 762 761 634
f 636 762 635
f 637 762 636
f 1009 1010 844
f 1009 844 843
f 1011 844 1010
f 1011 845 844
f 1008 1009 843
f 1008 843 842
f 1012 845 1011
f 1007 1008 842
f 1013 845 1012
f 1013 846 845
f 1006 842 841
f 1006 1007 842
f 1014 846 1013
f 1014 847 846
f 1005 1006 841
f 1005 841 840
f 889 847 1014
f 1004 1005 840
f 890 847 889
f 890 848 847
f 1003 1004 840
f 1003 840 839
f 891 848 890
f 891 849 848
f 1002 1003 839
f 1002 839 838
f 892 849 891
f 1001 1002 838
f 893 849 892
f 893 850 849
f 1000 1001 838
f 1000 838 837
f 894 850 893
f 999 1000 837
f 999 837 836
f 895 850 894
f 895 851 850
f 896 851 895
f 896 852 851
f 897 852 896
f 898 852 897
f 898 853 852
f 899 853 898
f 899 854 853
f 900 854 899
f 901 854 900
f 901 855 854
f 902 855 901
f 902 856 855
f 903 856 902
f 904 856 903
f 904 857 856
f 905 857 904
f 1409 999 836
f 1408 1409 836
f 1408 836 835
f 1410 999 1409
f 1410 998 999
f 1407 1408 835
f 1411 998 1410
f 1411 997 998
f 1406 835 834
f 1406 1407 835
f 1412 997 1411
f 1412 996 997
f 1405 1406 834
f 1405 834 833
f 1413 995 996
f 1413 996 1412
f 1404 1405 833
f 1414 994 995
f 1414 995 1413
f 1403 833 832
f 1403 1404 833
f 1415 993 994
f 1415 994 1414
f 1402 1403 832
f 1402 832 831
f 1416 991 992
f 1416 992 993
f 1416 993 1415
f 1401 1402 831
f 1417 991 1416
f 1400 831 830
f 1400 1401 831
f 1418 990 991
f 1418 991 1417
f 1399 830 829
f 1399 1400 830
f 1419 989 990
f 1419 990 1418
f 1398 1399 829
f 1420 988 989
f 1420 989 1419
f 1397 829 828
f 1397 1398 829
f 1421 988 1420
f 1421 987 988
f 1396 1397 828
f 1422 985 986
f 1422 986 987
f 1422 987 1421
f 1395 828 827
f 1395 1396 828
f 1423 985 1422
f 1394 1395 827
f 1394 827 826
f 1424 984 985
f 1424 985 1423
f 1393 1394 826
f 1425 982 983
f 1425 983 984
f 1425 984 1424
f 1518 826 825
f 1518 1393 826
f 1426 982 1425
f 1517 1518 825
f 1517 825 824
f 1427 981 982
f 1427 982 1426
f 1516 1517 824
f 1428 980 981
f 1428 981 1427
f 1515 1516 824
f 1515 824 823
f 1429 979 980
f 1429 980 1428
f 1514 1515 823
f 1430 978 979
f 1430 979 1429
f 1513 823 822
f 1513 1514 823
f 1431 977 978
f 1431 978 1430
f 1512 1513 822
f 1512 822 821
f 1432 976 977
f 1432 977 1431
f 1511 1512 821
f 1433 975 976
f 1433 976 1432
f 1510 1511 821
f 1510 821 820
f 1434 974 975
f 1434 975 1433
f 1509 820 819
f 1509 1510 820
f 1435 973 974
f 1435 974 1434
f 1508 1509 819
f 1436 972 973
f 1436 973 1435
f 1507 1508 819
f 1507 819 818
f 1506 818 817
f 1506 1507 818
f 1505 1506 817
f 1504 817 816
f 1504 1505 817
f 1503 1504 816
f 1503 816 815
f 1220 961 962
f 1220 962 963
f 1219 964 965
f 1219 1220 963
f 1219 963 964
f 1221 961 1220
f 1221 959 960
f 1221 960 961
f 1218 965 966
f 1218 1219 965
f 1222 957 958
f 1222 958 959
f 1222 959 1221
f 1217 966 967
f 1217 967 968
f 1217 1218 966
f 1223 957 1222
f 1223 955 956
f 1223 956 957
f 1216 968 969
f 1216 969 970
f 1216 1217 968
f 1224 955 1223
f 1224 953 954
f 1224 954 955
f 1215 970 971
f 1215 971 972
f 1215 1216 970
f 1225 953 1224
f 1225 951 952
f 1225 952 953
f 1214 1436 1437
f 1214 1437 1438
f 1214 972 1436
f 1214 1215 972
f 1226 951 1225
f 1226 949 950
f 1226 950 951
f 1213 1214 1438
f 1213 1438 1439
f 1213 1439 1440
f 1227 949 1226
f 1227 947 948
f 1227 948 949
f 1212 1213 1440
f 1212 1440 1441
f 1212 1441 1442
f 1228 947 1227
f 1228 945 946
f 1228 946 947
f 1211 1212 1442
f 1211 1442 1443
f 1229 945 1228
f 1229 943 944
f 1229 944 945
f 1210 1211 1443
f 1210 1443 1444
f 1210 1444 1445
f 1230 943 1229
f 1230 941 942
f 1230 942 943
f 1209 1445 1446
f 1209 1446 1447
f 1209 1210 1445
f 1115 914 915
f 1114 1115 915
f 1114 915 916
f 1116 914 1115
f 1113 1114 916
f 1113 916 917
f 1117 913 914
f 1117 914 1116
f 1112 917 918
f 1112 1113 917
f 1118 911 912
f 1118 912 913
f 1118 913 1117
f 1111 918 919
f 1111 1112 918
f 1231 941 1230
f 1231 939 940
f 1231 940 941
f 1119 911 1118
f 1110 919 920
f 1110 1111 919
f 1120 909 910
f 1120 910 911
f 1120 911 1119
f 1109 920 921
f 1109 921 922
f 1109 1110 920
f 1121 909 1120
f 1108 1109 922
f 1208 1209 1447
f 1208 1447 1448
f 1208 1448 1449
f 1122 908 909
f 1122 909 1121
f 1107 922 923
f 1107 1108 922
f 1123 907 908
f 1123 908 1122
f 1106 1107 923
f 1106 923 924
f 1124 905 906
f 1124 906 907
f 1124 907 1123
f 1232 938 939
f 1232 939 1231
f 1105 1106 924
f 1105 924 925
f 1125 905 1124
f 1125 857 905
f 1125 858 857
f 1104 925 926
f 1104 1105 925
f 1126 858 1125
f 1126 859 858
f 1207 1208 1449
f 1207 1449 1450
f 1207 1450 1451
f 1103 1104 926
f 1103 926 927
f 1103 927 928
f 1127 859 1126
f 1102 928 929
f 1102 1103 928
f 1233 938 1232
f 1233 936 937
f 1233 937 938
f 1128 859 1127
f 1128 860 859
f 1101 1102 929
f 1129 860 1128
f 1129 861 860
f 1100 1101 929
f 1100 929 930
f 1100 930 931
f 1206 1207 1451
f 1206 1451 1452
f 1206 1452 1453
f 1130 861 1129
f 1099 1100 931
f 1131 861 1130
f 1131 862 861
f 1234 936 1233
f 1234 934 935
f 1234 935 936
f 1098 1099 931
f 1098 931 932
f 1132 862 1131
f 1132 863 862
f 1205 1453 1454
f 1205 1454 1455
f 1205 1206 1453
f 1133 863 1132
f 1235 934 1234
f 1235 1098 932
f 1235 932 933
f 1235 933 934
f 1134 864 863
f 1134 863 1133
f 1135 865 864
f 1135 864 1134
f 1204 1205 1455
f 1204 1455 1456
f 1204 1456 1457
f 1136 865 1135
f 1236 1096 1097
f 1236 1097 1098
f 1236 1098 1235
f 1137 866 865
f 1137 865 1136
f 1138 866 1137
f 1203 1204 1457
f 1203 1457 1458
f 1203 1458 1459
f 1139 867 866
f 1139 866 1138
f 1237 1094 1095
f 1237 1095 1096
f 1237 1096 1236
f 1140 868 867
f 1140 867 1139
f 1202 1203 1459
f 1202 1459 1460
f 1202 1460 1461
f 1015 868 1140
f 1016 869 868
f 1016 868 1015
f 1238 1092 1093
f 1238 1093 1094
f 1238 1094 1237
f 1017 869 1016
f 1017 870 869
f 1201 1202 1461
f 1201 1461 1462
f 1201 1462 1463
f 1018 870 1017
f 1239 1091 1092
f 1239 1092 1238
f 1019 870 1018
f 1019 871 870
f 1020 871 1019
f 1200 1201 1463
f 1200 1463 1464
f 1200 1464 1465
f 1021 872 871
f 1021 871 1020
f 1240 1089 1090
f 1240 1090 1091
f 1240 1091 1239
f 1022 872 1021
f 1199 1200 1465
f 1199 1465 1466
f 1199 1466 1467
f 1241 1087 1088
f 1241 1088 1089
f 1241 1089 1240
f 1198 1199 1467
f 1198 1467 1468
f 1198 1468 1469
f 1242 1085 1086
f 1242 1086 1087
f 1242 1087 1241
f 1197 1469 1470
f 1197 1198 1469
f 1243 1083 1084
f 1243 1084 1085
f 1243 1085 1242
f 1196 1470 1471
f 1196 1471 1472
f 1196 1197 1470
f 1244 1081 1082
f 1244 1082 1083
f 1244 1083 1243
f 1195 1472 1473
f 1195 1473 1474
f 1195 1196 1472
f 1245 1079 1080
f 1245 1080 1081
f 1245 1081 1244
f 1194 1474 1475
f 1194 1475 1476
f 1194 1195 1474
f 1246 1077 1078
f 1246 1078 1079
f 1246 1079 1245
f 1247 1075 1076
f 1247 1076 1077
f 1247 1077 1246
f 1248 1073 1074
f 1248 1074 1075
f 1248 1075 1247
f 873 872 1022
f 873 1022 1023
f 873 1023 1024
f 1249 1071 1072
f 1249 1072 1073
f 1249 1073 1248
f 1250 1069 1070
f 1250 1070 1071
f 1250 1071 1249
f 1251 1069 1250
f 1251 1067 1068
f 1251 1068 1069
f 1252 1065 1066
f 1252 1066 1067
f 1252 1067 1251
f 1253 1065 1252
f 1253 1064 1065
f 1254 1064 1253
f 1254 1062 1063
f 1254 1063 1064
f 1255 1062 1254
f 1255 1060 1061
f 1255 1061 1062
f 1256 1060 1255
f 1256 1058 1059
f 1256 1059 1060
f 1556 1481 1482
f 1555 1482 1483
f 1555 1556 1482
f 1557 1481 1556
f 1554 1483 1484
f 1554 1555 1483
f 1558 1480 1481
f 1558 1481 1557
f 1553 1554 1484
f 1553 1484 1485
f 1559 1479 1480
f 1559 1480 1558
f 1552 1485 1486
f 1552 1553 1485
f 1560 1479 1559
f 1560 1478 1479
f 1551 1486 1487
f 1551 1487 1488
f 1551 1552 1486
f 1561 1477 1478
f 1561 1478 1560
f 1550 1488 1489
f 1550 1551 1488
f 1562 1476 1477
f 1562 1193 1194
f 1562 1477 1561
f 1562 1194 1476
f 1549 1550 1489
f 1563 1193 1562
f 1548 1489 1490
f 1548 1490 1491
f 1548 1549 1489
f 1564 1192 1193
f 1564 1193 1563
f 1547 1548 1491
f 1547 1491 1492
f 1257 1058 1256
f 1565 1192 1564
f 1546 1547 1492
f 1566 1191 1192
f 1566 1192 1565
f 1545 1492 1493
f 1545 1493 1494
f 1545 1546 1492
f 1567 1191 1566
f 1544 1494 1495
f 1544 1545 1494
f 1568 1191 1567
f 1568 1190 1191
f 1543 1544 1495
f 1543 1495 1496
f 1569 1189 1190
f 1569 1190 1568
f 1542 1543 1496
f 1542 1496 1497
f 1570 1189 1569
f 1541 1542 1497
f 1571 1188 1189
f 1571 1189 1570
f 1540 1497 1498
f 1540 1541 1497
f 874 873 1024
f 874 1024 1025
f 1572 1188 1571
f 1539 1540 1498
f 1539 1498 1499
f 1573 1187 1188
f 1573 1188 1572
f 1538 1499 1500
f 1538 1539 1499
f 1574 1187 1573
f 1537 1538 1500
f 1537 1500 1501
f 1575 1187 1574
f 1575 1186 1187
f 1536 1501 1502
f 1536 1537 1501
f 1576 1186 1575
f 1535 1536 1502
f 1535 1503 815
f 1535 1502 1503
f 1577 1185 1186
f 1577 1186 1576
f 1534 1535 815
f 1534 815 814
f 1578 1185 1577
f 1533 1534 814
f 1579 1185 1578
f 1579 1184 1185
f 1532 814 813
f 1532 1533 814
f 1580 1184 1579
f 1531 1532 813
f 1531 813 812
f 1581 1183 1184
f 1581 1184 1580
f 1530 1531 812
f 1582 1183 1581
f 1529 1530 812
f 1529 812 811
f 1583 1182 1183
f 1583 1183 1582
f 1528 811 810
f 1528 1529 811
f 1584 1182 1583
f 1527 1528 810
f 1585 1181 1182
f 1585 1182 1584
f 1526 1527 810
f 1586 1181 1585
f 1587 1180 1181
f 1587 1181 1586
f 1588 1180 1587
f 809 1525 1526
f 809 1526 810
f 1589 1179 1180
f 1589 1180 1588
f 1590 1179 1589
f 1591 1178 1179
f 1591 1179 1590
f 1592 1178 1591
f 1593 1177 1178
f 1593 1178 1592
f 1594 1177 1593
f 1595 1176 1177
f 1595 1177 1594
f 1596 1175 1176
f 1596 1176 1595
f 1597 1175 1596
f 1598 1174 1175
f 1598 1175 1597
f 1599 1174 1598
f 1600 1173 1174
f 1600 1174 1599
f 1601 1173 1600
f 1602 1173 1601
f 875 874 1025
f 875 1025 1026
f 875 1026 1027
f 808 1523 1524
f 808 1524 1525
f 808 1525 809
f 1346 1258 1259
f 1345 1346 1259
f 1347 1258 1346
f 1344 1345 1259
f 1344 1259 1260
f 1348 1258 1347
f 1348 1257 1258
f 1343 1344 1260
f 1343 1260 1261
f 1349 1257 1348
f 1342 1343 1261
f 1350 1257 1349
f 1350 1058 1257
f 1350 1057 1058
f 1341 1342 1261
f 1341 1261 1262
f 1351 1057 1350
f 1340 1341 1262
f 1352 1056 1057
f 1352 1057 1351
f 1339 1340 1262
f 1339 1262 1263
f 1353 1056 1352
f 1353 1055 1056
f 1338 1339 1263
f 1354 1055 1353
f 1354 1054 1055
f 1337 1338 1263
f 1337 1263 1264
f 1355 1054 1354
f 1355 1053 1054
f 1336 1337 1264
f 1356 1053 1355
f 1356 1052 1053
f 1335 1336 1264
f 1335 1264 1265
f 1357 1052 1356
f 1357 1051 1052
f 876 875 1027
f 876 1027 1028
f 1334 1335 1265
f 1358 1051 1357
f 1358 1050 1051
f 1333 1334 1265
f 1333 1265 1266
f 1359 1050 1358
f 1359 1049 1050
f 1332 1333 1266
f 1360 1049 1359
f 1360 1048 1049
f 1331 1332 1266
f 1331 1266 1141
f 1361 1048 1360
f 1361 1046 1047
f 1361 1047 1048
f 1330 1331 1141
f 1362 1046 1361
f 1362 1045 1046
f 1329 1330 1141
f 1329 1141 1142
f 1363 1045 1362
f 1328 1329 1142
f 1364 1044 1045
f 1364 1045 1363
f 1327 1328 1142
f 1327 1142 1143
f 1365 1044 1364
f 1365 1042 1043
f 1365 1043 1044
f 1326 1327 1143
f 1366 1042 1365
f 1325 1326 1143
f 1325 1143 1144
f 1367 1042 1366
f 1367 1040 1041
f 1367 1041 1042
f 1324 1325 1144
f 1368 1040 1367
f 1368 1039 1040
f 1323 1324 1144
f 1323 1144 1145
f 1369 1039 1368
f 1322 1323 1145
f 1370 1038 1039
f 1370 1039 1369
f 1321 1322 1145
f 1321 1145 1146
f 1371 1036 1037
f 1371 1037 1038
f 1371 1038 1370
f 1320 1321 1146
f 1372 1036 1371
f 1319 1146 1147
f 1319 1320 1146
f 1373 1036 1372
f 1373 1035 1036
f 1318 1319 1147
f 1374 1033 1034
f 1374 1034 1035
f 1374 1035 1373
f 1317 1147 1148
f 1317 1318 1147
f 1375 1033 1374
f 1375 1032 1033
f 1316 1148 1149
f 1316 1317 1148
f 807 1521 1522
f 807 1522 1523
f 807 1523 808
f 1376 1032 1375
f 1315 1316 1149
f 1377 1032 1376
f 1377 1031 1032
f 1314 1315 1149
f 1314 1149 1150
f 1313 1314 1150
f 1312 1313 1150
f 1312 1150 1151
f 1311 1312 1151
f 1310 1311 1151
f 877 876 1028
f 877 1028 1029
f 877 1029 1030
f 1703 1164 1165
f 1702 1703 1165
f 1704 1164 1703
f 1701 1702 1165
f 1701 1165 1166
f 1705 1164 1704
f 1705 1163 1164
f 1700 1701 1166
f 1706 1163 1705
f 1699 1166 1167
f 1699 1700 1166
f 1707 1163 1706
f 1707 1162 1163
f 1698 1699 1167
f 1708 1162 1707
f 1697 1167 1168
f 1697 1698 1167
f 1709 1162 1708
f 1709 1161 1162
f 1696 1697 1168
f 1710 1161 1709
f 1695 1168 1169
f 1695 1696 1168
f 1711 1161 1710
f 1711 1160 1161
f 1694 1169 1170
f 1694 1695 1169
f 1712 1160 1711
f 1693 1694 1170
f 1713 1160 1712
f 1713 1159 1160
f 1692 1170 1171
f 1692 1693 1170
f 1714 1159 1713
f 1691 1692 1171
f 1715 1159 1714
f 1715 1158 1159
f 1690 1171 1172
f 1690 1691 1171
f 1716 1158 1715
f 1689 1690 1172
f 1717 1157 1158
f 1717 1158 1716
f 1688 1172 1173
f 1688 1689 1172
f 1688 1173 1602
f 1718 1157 1717
f 1687 1602 1603
f 1687 1603 1604
f 1687 1688 1602
f 1719 1157 1718
f 1719 1156 1157
f 1686 1687 1604
f 1720 1156 1719
f 1685 1604 1605
f 1685 1686 1604
f 1721 1156 1720
f 1721 1155 1156
f 1684 1605 1606
f 1684 1606 1607
f 1684 1685 1605
f 1722 1155 1721
f 1722 1154 1155
f 1683 1684 1607
f 1723 1154 1722
f 1682 1683 1607
f 1682 1607 1608
f 1724 1154 1723
f 1724 1153 1154
f 1681 1682 1608
f 1681 1608 1609
f 1681 1609 1610
f 1725 1153 1724
f 1680 1681 1610
f 806 1521 807
f 806 1520 1521
f 1726 1152 1153
f 1726 1153 1725
f 1679 1680 1610
f 1679 1610 1611
f 1679 1611 1612
f 1727 1152 1726
f 1678 1679 1612
f 1728 1152 1727
f 1728 1310 1151
f 1728 1151 1152
f 1677 1678 1612
f 1677 1612 1613
f 1729 1310 1728
f 1729 1309 1310
f 1676 1613 1614
f 1676 1614 1615
f 1676 1677 1613
f 1730 1308 1309
f 1730 1309 1729
f 1675 1676 1615
f 1731 1308 1730
f 1731 1307 1308
f 1674 1615 1616
f 1674 1675 1615
f 1732 1306 1307
f 1732 1307 1731
f 1673 1616 1617
f 1673 1674 1616
f 1733 1306 1732
f 1733 1305 1306
f 1672 1617 1618
f 1672 1673 1617
f 1734 1304 1305
f 1734 1305 1733
f 1671 1618 1619
f 1671 1672 1618
f 1735 1303 1304
f 1735 1304 1734
f 1670 1671 1619
f 1670 1619 1620
f 1736 1302 1303
f 1736 1303 1735
f 1669 1620 1621
f 1669 1670 1620
f 1737 1301 1302
f 1737 1302 1736
f 1668 1621 1622
f 1668 1669 1621
f 1738 1301 1737
f 1738 1299 1300
f 1738 1300 1301
f 1667 1622 1623
f 1667 1668 1622
f 1739 1299 1738
f 1666 1623 1624
f 1666 1667 1623
f 1740 1299 1739
f 1740 1298 1299
f 1665 1624 1625
f 1665 1666 1624
f 878 1031 1377
f 878 1030 1031
f 878 877 1030
f 1741 1297 1298
f 1741 1298 1740
f 1664 1665 1625
f 1664 1625 1626
f 1742 1296 1297
f 1742 1297 1741
f 1663 1664 1626
f 1663 1626 1627
f 1743 1295 1296
f 1743 1296 1742
f 1662 1627 1628
f 1662 1628 1629
f 1662 1663 1627
f 1744 1293 1294
f 1744 1294 1295
f 1744 1295 1743
f 1661 1662 1629
f 1745 1293 1744
f 1746 1292 1293
f 1746 1293 1745
f 1747 1291 1292
f 1747 1292 1746
f 1748 1290 1291
f 1748 1291 1747
f 1749 1288 1289
f 1749 1289 1290
f 1749 1290 1748
f 1750 1288 1749
f 1750 1287 1288
f 1751 1286 1287
f 1751 1287 1750
f 1752 1286 1751
f 1753 1285 1286
f 1753 1286 1752
f 1754 1284 1285
f 1754 1285 1753
f 1755 1283 1284
f 1755 1284 1754
f 805 1519 1520
f 805 1644 1519
f 805 1520 806
f 879 1377 1378
f 879 878 1377
f 804 1644 805
f 804 1643 1644
f 880 1378 1379
f 880 1379 1380
f 880 879 1378
f 803 1643 804
f 803 1641 1642
f 803 1642 1643
f 881 1380 1381
f 881 880 1380
f 802 1639 1640
f 802 1640 1641
f 802 1641 803
f 882 1381 1382
f 882 1382 1383
f 882 881 1381
f 801 1639 802
f 801 1638 1639
f 883 1383 1384
f 883 882 1383
f 800 1638 801
f 800 1636 1637
f 800 1637 1638
f 884 1384 1385
f 884 1385 1386
f 884 883 1384
f 799 1635 1636
f 799 1636 800
f 885 1386 1387
f 885 884 1386
f 798 1633 1634
f 798 1634 1635
f 798 1635 799
f 886 1387 1388
f 886 1388 1389
f 886 885 1387
f 797 1633 798
f 797 1632 1633
f 887 1389 1390
f 887 1390 1391
f 887 886 1389
f 796 1632 797
f 796 1630 1631
f 796 1631 1632
f 888 1391 1392
f 888 887 1391
f 795 1630 796
f 795 1629 1630
f 763 1267 1268
f 763 888 1392
f 763 1392 1267
f 794 1629 795
f 794 1661 1629
f 794 1660 1661
f 764 1268 1269
f 764 763 1268
f 793 1660 794
f 793 1658 1659
f 793 1659 1660
f 765 1269 1270
f 765 1270 1271
f 765 764 1269
f 792 1657 1658
f 792 1658 793
f 766 1271 1272
f 766 1272 1273
f 766 765 1271
f 791 1657 792
f 791 1655 1656
f 791 1656 1657
f 767 1273 1274
f 767 766 1273
f 790 1655 791
f 790 1654 1655
f 768 1274 1275
f 768 1275 1276
f 768 767 1274
f 789 1654 790
f 789 1652 1653
f 789 1653 1654
f 769 1276 1277
f 769 768 1276
f 788 1652 789
f 788 1651 1652
f 770 1277 1278
f 770 1278 1279
f 770 769 1277
f 787 1651 788
f 787 1649 1650
f 787 1650 1651
f 771 1279 1280
f 771 770 1279
f 786 1649 787
f 786 1647 1648
f 786 1648 1649
f 772 1280 1281
f 772 1281 1282
f 772 771 1280
f 785 1647 786
f 785 1646 1647
f 773 1282 1283
f 773 772 1282
f 773 1283 1755
f 784 1646 785
f 784 1645 1646
f 784 1770 1645
f 774 773 1755
f 774 1755 1756
f 783 1770 784
f 783 1769 1770
f 775 774 1756
f 775 1756 1757
f 775 1757 1758
f 782 1769 783
f 782 1767 1768
f 782 1768 1769
f 776 775 1758
f 776 1758 1759
f 781 1767 782
f 781 1765 1766
f 781 1766 1767
f 777 776 1759
f 777 1759 1760
f 777 1760 1761
f 780 1765 781
f 780 1764 1765
f 778 1761 1762
f 778 777 1761
f 779 1762 1763
f 779 1763 1764
f 779 1764 780
f 779 778 1762
f 1975 1849 1850
f 1975 1850 1976
f 1977 1850 1851
f 1977 1851 1852
f 1977 1976 1850
f 1974 1849 1975
f 1974 1848 1849
f 1978 1977 1852
f 1973 1848 1974
f 1973 1847 1848
f 1979 1978 1852
f 1979 1852 1853
f 1979 1853 1854
f 1972 1847 1973
f 1972 1845 1846
f 1972 1846 1847
f 1980 1979 1854
f 1980 1854 1855
f 1971 1845 1972
f 1971 1844 1845
f 1981 1980 1855
f 1970 1844 1971
f 1970 1843 1844
f 1982 1855 1856
f 1982 1981 1855
f 1969 1843 1970
f 1983 1982 1856
f 1983 1856 1857
f 1983 1857 1858
f 1968 1842 1843
f 1968 1843 1969
f 1984 1983 1858
f 1967 1842 1968
f 1967 1840 1841
f 1967 1841 1842
f 1985 1984 1858
f 1985 1858 1859
f 1966 1840 1967
f 1986 1985 1859
f 1986 1859 1860
f 1965 1840 1966
f 1965 1839 1840
f 1987 1986 1860
f 1987 1860 1861
f 1964 1839 1965
f 1964 1838 1839
f 1988 1987 1861
f 1988 1861 1862
f 1963 1838 1964
f 1963 1837 1838
f 1989 1988 1862
f 1989 1862 1863
f 1962 1835 1836
f 1962 1836 1837
f 1962 1837 1963
f 1990 1989 1863
f 1990 1863 1864
f 1961 1835 1962
f 1991 1990 1864
f 1991 1864 1865
f 1960 1835 1961
f 1960 1834 1835
f 1992 1991 1865
f 1992 1865 1866
f 1959 1833 1834
f 1959 1834 1960
f 1993 1992 1866
f 1993 1866 1867
f 1958 1831 1832
f 1958 1832 1833
f 1958 1833 1959
f 1994 1993 1867
f 1994 1867 1868
f 1957 1830 1831
f 1957 1831 1958
f 1995 1994 1868
f 1995 1868 1869
f 1956 1830 1957
f 1996 1995 1869
f 1996 1869 1870
f 1955 1830 1956
f 1955 1829 1830
f 1997 1996 1870
f 1997 1870 1871
f 1954 1829 1955
f 1954 1828 1829
f 1998 1871 1872
f 1998 1872 1873
f 1998 1997 1871
f 1953 1828 1954
f 1953 1826 1827
f 1953 1827 1828
f 1999 1873 1874
f 1999 1998 1873
f 1952 1826 1953
f 2000 1999 1874
f 1951 1826 1952
f 1951 1825 1826
f 2001 1874 1875
f 2001 2000 1874
f 1950 1824 1825
f 1950 1825 1951
f 1823 1824 1950
f 2002 1875 1876
f 2002 2001 1875
f 1949 1823 1950
f 2003 2002 1876
f 2003 1876 1877
f 1948 1822 1823
f 1948 1823 1949
f 1821 1822 1948
f 2004 1877 1878
f 2004 2003 1877
f 1947 1821 1948
f 1879 2004 1878
f 2005 2004 1879
f 1820 1821 1947
f 1946 1820 1947
f 2006 1879 1880
f 2006 2005 1879
f 1819 1820 1946
f 1945 1819 1946
f 2007 1880 1881
f 2007 2006 1880
f 1818 1819 1945
f 1818 1945 1944
f 1882 2007 1881
f 1882 2008 2007
f 1817 1818 1944
f 1817 1944 1943
f 2009 2008 1882
f 1883 2009 1882
f 1942 1817 1943
f 1816 1817 1942
f 1884 2009 1883
f 1884 2010 2009
f 2011 2010 1884
f 1815 1816 1942
f 1815 1942 1941
f 1940 1815 1941
f 1885 2011 1884
f 1814 1815 1940
f 1886 2012 2011
f 1886 2011 1885
f 1813 1814 1940
f 1813 1940 1939
f 1887 2012 1886
f 1887 2013 2012
f 1887 2014 2013
f 1812 1813 1939
f 1812 1939 1938
f 1888 2014 1887
f 1811 1812 1938
f 1811 1938 1937
f 1889 2014 1888
f 1889 2015 2014
f 1889 2016 2015
f 1810 1937 1936
f 1810 1811 1937
f 1890 2016 1889
f 1809 1935 1934
f 1809 1936 1935
f 1809 1810 1936
f 1891 2017 2016
f 1891 2016 1890
f 1808 1809 1934
f 1892 2018 2017
f 1892 2017 1891
f 1807 1934 1933
f 1807 1808 1934
f 1893 2019 2018
f 1893 2018 1892
f 1806 1807 1933
f 1806 1933 1932
f 1894 2020 2019
f 1894 2019 1893
f 1805 1806 1932
f 1805 1932 1931
f 1895 2021 2020
f 1895 2020 1894
f 1804 1805 1931
f 1804 1931 1930
f 1896 2021 1895
f 1896 2022 2021
f 1803 1804 1930
f 1803 1929 1928
f 1803 1930 1929
f 1771 1898 1897
f 1771 2022 1896
f 1771 1897 2022
f 1802 1803 1928
f 1772 1898 1771
f 1801 1802 1928
f 1801 1927 1926
f 1801 1928 1927
f 1773 1899 1898
f 1773 1898 1772
f 1800 1801 1926
f 1774 1900 1899
f 1774 1899 1773
f 1799 1926 1925
f 1799 1800 1926
f 1775 1901 1900
f 1775 1900 1774
f 1798 1925 1924
f 1798 1799 1925
f 1776 1902 1901
f 1776 1901 1775
f 1797 1798 1924
f 1797 1923 1922
f 1797 1924 1923
f 1777 1903 1902
f 1777 1904 1903
f 1777 1902 1776
f 1796 1797 1922
f 1778 1905 1904
f 1778 1904 1777
f 1795 1922 1921
f 1795 1796 1922
f 1779 1905 1778
f 1794 1795 1921
f 1794 1921 1920
f 1780 1905 1779
f 1780 1906 1905
f 1780 1907 1906
f 1793 1794 1920
f 1793 1919 1918
f 1793 1920 1919
f 1781 1908 1907
f 1781 1907 1780
f 1792 1793 1918
f 1782 1908 1781
f 1782 1909 1908
f 1791 1792 1918
f 1791 1918 1917
f 1783 1909 1782
f 1790 1791 1917
f 1790 1917 1916
f 1784 1909 1783
f 1784 1910 1909
f 1784 1911 1910
f 1789 1790 1916
f 1789 1916 1915
f 1785 1911 1784
f 1788 1915 1914
f 1788 1789 1915
f 1786 1912 1911
f 1786 1911 1785
f 1787 1913 1912
f 1787 1914 1913
f 1787 1788 1914
f 1787 1912 1786
f 2024 2150 2023
f 2024 2151 2150
f 2025 2152 2151
f 2025 2153 2152
f 2025 2151 2024
f 2026 2154 2153
f 2026 2153 2025
f 2027 2155 2154
f 2027 2154 2026
f 2028 2156 2155
f 2028 2155 2027
f 2029 2157 2156
f 2029 2156 2028
f 2030 2157 2029
f 2031 2158 2157
f 2031 2159 2158
f 2031 2157 2030
f 2032 2159 2031
f 2033 2160 2159
f 2033 2159 2032
f 2034 2160 2033
f 2034 2161 2160
f 2035 2161 2034
f 2035 2162 2161
f 2035 2163 2162
f 2036 2163 2035
f 2037 2163 2036
f 2037 2164 2163
f 2038 2164 2037
f 2038 2165 2164
f 2039 2165 2038
f 2039 2166 2165
f 2040 2166 2039
f 2040 2167 2166
f 2041 2167 2040
f 2041 2168 2167
f 2042 2168 2041
f 2042 2169 2168
f 2043 2169 2042
f 2043 2170 2169
f 2044 2170 2043
f 2044 2171 2170
f 2045 2171 2044
f 2045 2172 2171
f 2045 2173 2172
f 2046 2173 2045
f 2047 2174 2173
f 2047 2175 2174
f 2047 2173 2046
f 2048 2175 2047
f 2049 2176 2175
f 2049 2175 2048
f 2050 2177 2176
f 2050 2178 2177
f 2050 2176 2049
f 2051 2178 2050
f 2052 2179 2178
f 2052 2178 2051
f 2053 2180 2179
f 2053 2181 2180
f 2053 2179 2052
f 2054 2181 2053
f 2055 2182 2181
f 2055 2183 2182
f 2055 2181 2054
f 2056 2183 2055
f 2057 2184 2183
f 2057 2185 2184
f 2057 2183 2056
f 2058 2185 2057
f 2059 2185 2058
f 2059 2186 2185
f 2060 2186 2059
f 2060 2187 2186
f 2061 2187 2060
f 2061 2188 2187
f 2062 2188 2061
f 2062 2189 2188
f 2063 2189 2062
f 2063 2190 2189
f 2064 2190 2063
f 2064 2191 2190
f 2065 2191 2064
f 2065 2192 2191
f 2065 2193 2192
f 2066 2193 2065
f 2067 2193 2066
f 2067 2194 2193
f 2067 2195 2194
f 2068 2195 2067
f 2068 2196 2195
f 2069 2196 2068
f 2069 2197 2196
f 2070 2197 2069
f 2071 2197 2070
f 2071 2198 2197
f 2072 2198 2071
f 2072 2199 2198
f 2073 2199 2072
f 2073 2200 2199
f 2074 2200 2073
f 2074 2201 2200
f 2075 2201 2074
f 2075 2202 2201
f 2076 2202 2075
f 2076 2203 2202
f 2077 2203 2076
f 2077 2204 2203
f 2078 2204 2077
f 2078 2205 2204
f 2079 2205 2078
f 2079 2206 2205
f 2079 2207 2206
f 2080 2208 2207
f 2080 2207 2079
f 2081 2208 2080
f 2082 2209 2208
f 2082 2210 2209
f 2082 2208 2081
f 2083 2211 2210
f 2083 2210 2082
f 2084 2211 2083
f 2085 2211 2084
f 2085 2212 2211
f 2086 2212 2085
f 2086 2213 2212
f 2087 2213 2086
f 2087 2214 2213
f 2088 2214 2087
f 2088 2215 2214
f 2089 2215 2088
f 2089 2216 2215
f 2090 2216 2089
f 2090 2217 2216
f 2091 2217 2090
f 2091 2218 2217
f 2092 2218 2091
f 2092 2219 2218
f 2093 2219 2092
f 2093 2220 2219
f 2094 2220 2093
f 2094 2221 2220
f 2095 2221 2094
f 2095 2222 2221
f 2096 2222 2095
f 2096 2223 2222
f 2097 2223 2096
f 2097 2224 2223
f 2098 2225 2224
f 2098 2224 2097
f 2099 2226 2225
f 2099 2225 2098
f 2100 2227 2226
f 2100 2226 2099
f 2101 2228 2227
f 2101 2227 2100
f 2102 2229 2228
f 2102 2228 2101
f 2103 2230 2229
f 2103 2229 2102
f 2104 2231 2230
f 2104 2232 2231
f 2104 2230 2103
f 2105 2232 2104
f 2106 2233 2232
f 2106 2232 2105
f 2107 2234 2233
f 2107 2235 2234
f 2107 2233 2106
f 2108 2236 2235
f 2108 2235 2107
f 2109 2236 2108
f 2110 2237 2236
f 2110 2236 2109
f 2111 2237 2110
f 2111 2238 2237
f 2112 2238 2111
f 2112 2239 2238
f 2113 2239 2112
f 2113 2240 2239
f 2114 2240 2113
f 2114 2241 2240
f 2115 2242 2241
f 2115 2243 2242
f 2115 2241 2114
f 2116 2244 2243
f 2116 2243 2115
f 2117 2244 2116
f 2118 2245 2244
f 2118 2244 2117
f 2119 2246 2245
f 2119 2245 2118
f 2120 2247 2246
f 2120 2246 2119
f 2121 2248 2247
f 2121 2249 2248
f 2121 2247 2120
f 2122 2249 2121
f 2123 2250 2249
f 2123 2249 2122
f 2124 2251 2250
f 2124 2250 2123
f 2125 2252 2251
f 2125 2251 2124
f 2126 2253 2252
f 2126 2252 2125
f 2127 2254 2253
f 2127 2253 2126
f 2128 2255 2254
f 2128 2254 2127
f 2129 2256 2255
f 2129 2255 2128
f 2130 2257 2256
f 2130 2258 2257
f 2130 2256 2129
f 2131 2258 2130
f 2132 2259 2258
f 2132 2260 2259
f 2132 2258 2131
f 2133 2260 2132
f 2134 2261 2260
f 2134 2260 2133
f 2135 2261 2134
f 2135 2262 2261
f 2136 2262 2135
f 2136 2263 2262
f 2137 2263 2136
f 2137 2264 2263
f 2138 2264 2137
f 2138 2265 2264
f 2139 2265 2138
f 2139 2266 2265
f 2140 2266 2139
f 2140 2267 2266
f 2141 2267 2140
f 2141 2268 2267
f 2142 2268 2141
f 2142 2269 2268
f 2143 2269 2142
f 2143 2270 2269
f 2144 2270 2143
f 2144 2271 2270
f 2145 2271 2144
f 2145 2272 2271
f 2146 2272 2145
f 2146 2273 2272
f 2147 2274 2273
f 2147 2273 2146
f 2148 2274 2147
f 2148 2275 2274
f 2149 2276 2275
f 2149 2275 2148
f 2278 2404 2277
f 2278 2405 2404
f 2279 2406 2405
f 2279 2407 2406
f 2279 2405 2278
f 2280 2407 2279
f 2281 2408 2407
f 2281 2409 2408
f 2281 2407 2280
f 2282 2409 2281
f 2283 2410 2409
f 2283 2411 2410
f 2283 2409 2282
f 2284 2411 2283
f 2285 2412 2411
f 2285 2413 2412
f 2285 2411 2284
f 2286 2413 2285
f 2287 2414 2413
f 2287 2413 2286
f 2288 2414 2287
f 2288 2415 2414
f 2289 2415 2288
f 2289 2416 2415
f 2289 2417 2416
f 2290 2417 2289
f 2291 2417 2290
f 2291 2418 2417
f 2292 2418 2291
f 2292 2419 2418
f 2293 2419 2292
f 2293 2420 2419
f 2294 2420 2293
f 2294 2421 2420
f 2295 2421 2294
f 2295 2422 2421
f 2296 2422 2295
f 2296 2423 2422
f 2297 2423 2296
f 2297 2424 2423
f 2298 2424 2297
f 2298 2425 2424
f 2299 2425 2298
f 2299 2426 2425
f 2299 2427 2426
f 2300 2427 2299
f 2301 2428 2427
f 2301 2429 2428
f 2301 2427 2300
f 2302 2429 2301
f 2303 2430 2429
f 2303 2429 2302
f 2304 2431 2430
f 2304 2432 2431
f 2304 2430 2303
f 2305 2432 2304
f 2306 2433 2432
f 2306 2432 2305
f 2307 2434 2433
f 2307 2435 2434
f 2307 2433 2306
f 2308 2435 2307
f 2309 2436 2435
f 2309 2437 2436
f 2309 2435 2308
f 2310 2437 2309
f 2311 2438 2437
f 2311 2439 2438
f 2311 2437 2310
f 2312 2439 2311
f 2313 2439 2312
f 2313 2440 2439
f 2314 2440 2313
f 2314 2441 2440
f 2315 2441 2314
f 2315 2442 2441
f 2316 2442 2315
f 2316 2443 2442
f 2317 2443 2316
f 2317 2444 2443
f 2318 2444 2317
f 2318 2445 2444
f 2319 2445 2318
f 2319 2446 2445
f 2319 2447 2446
f 2320 2447 2319
f 2321 2447 2320
f 2321 2448 2447
f 2321 2449 2448
f 2322 2449 2321
f 2322 2450 2449
f 2323 2450 2322
f 2323 2451 2450
f 2324 2451 2323
f 2325 2451 2324
f 2325 2452 2451
f 2326 2452 2325
f 2326 2453 2452
f 2327 2453 2326
f 2327 2454 2453
f 2328 2454 2327
f 2328 2455 2454
f 2329 2455 2328
f 2329 2456 2455
f 2330 2456 2329
f 2330 2457 2456
f 2331 2457 2330
f 2331 2458 2457
f 2332 2458 2331
f 2332 2459 2458
f 2333 2459 2332
f 2333 2460 2459
f 2333 2461 2460
f 2334 2462 2461
f 2334 2461 2333
f 2335 2462 2334
f 2336 2463 2462
f 2336 2464 2463
f 2336 2462 2335
f 2337 2465 2464
f 2337 2464 2336
f 2338 2465 2337
f 2339 2465 2338
f 2339 2466 2465
f 2340 2466 2339
f 2340 2467 2466
f 2341 2467 2340
f 2341 2468 2467
f 2342 2468 2341
f 2342 2469 2468
f 2343 2469 2342
f 2343 2470 2469
f 2344 2470 2343
f 2344 2471 2470
f 2345 2471 2344
f 2345 2472 2471
f 2346 2472 2345
f 2346 2473 2472
f 2347 2473 2346
f 2347 2474 2473
f 2348 2474 2347
f 2348 2475 2474
f 2349 2475 2348
f 2349 2476 2475
f 2350 2476 2349
f 2350 2477 2476
f 2351 2477 2350
f 2351 2478 2477
f 2352 2479 2478
f 2352 2478 2351
f 2353 2480 2479
f 2353 2479 2352
f 2354 2481 2480
f 2354 2480 2353
f 2355 2482 2481
f 2355 2481 2354
f 2356 2483 2482
f 2356 2482 2355
f 2357 2484 2483
f 2357 2483 2356
f 2358 2485 2484
f 2358 2486 2485
f 2358 2484 2357
f 2359 2486 2358
f 2360 2487 2486
f 2360 2486 2359
f 2361 2488 2487
f 2361 2489 2488
f 2361 2487 2360
f 2362 2490 2489
f 2362 2489 2361
f 2363 2490 2362
f 2364 2491 2490
f 2364 2490 2363
f 2365 2491 2364
f 2365 2492 2491
f 2366 2492 2365
f 2366 2493 2492
f 2367 2493 2366
f 2367 2494 2493
f 2368 2494 2367
f 2368 2495 2494
f 2369 2496 2495
f 2369 2497 2496
f 2369 2495 2368
f 2370 2498 2497
f 2370 2497 2369
f 2371 2498 2370
f 2372 2499 2498
f 2372 2498 2371
f 2373 2500 2499
f 2373 2499 2372
f 2374 2501 2500
f 2374 2500 2373
f 2375 2502 2501
f 2375 2503 2502
f 2375 2501 2374
f 2376 2503 2375
f 2377 2504 2503
f 2377 2503 2376
f 2378 2505 2504
f 2378 2504 2377
f 2379 2506 2505
f 2379 2505 2378
f 2380 2507 2506
f 2380 2506 2379
f 2381 2508 2507
f 2381 2507 2380
f 2382 2509 2508
f 2382 2508 2381
f 2383 2510 2509
f 2383 2509 2382
f 2384 2511 2510
f 2384 2512 2511
f 2384 2510 2383
f 2385 2512 2384
f 2386 2513 2512
f 2386 2514 2513
f 2386 2512 2385
f 2387 2514 2386
f 2388 2515 2514
f 2388 2514 2387
f 2389 2515 2388
f 2389 2516 2515
f 2390 2516 2389
f 2390 2517 2516
f 2391 2517 2390
f 2391 2518 2517
f 2392 2518 2391
f 2392 2519 2518
f 2393 2519 2392
f 2393 2520 2519
f 2394 2520 2393
f 2394 2521 2520
f 2395 2521 2394
f 2395 2522 2521
f 2396 2522 2395
f 2396 2523 2522
f 2397 2523 2396
f 2397 2524 2523
f 2398 2524 2397
f 2398 2525 2524
f 2399 2525 2398
f 2399 2526 2525
f 2400 2526 2399
f 2400 2527 2526
f 2401 2528 2527
f 2401 2527 2400
f 2402 2528 2401
f 2402 2529 2528
f 2403 2530 2529
f 2403 2529 2402
f 2532 2658 2531
f 2532 2659 2658
f 2533 2660 2659
f 2533 2661 2660
f 2533 2659 2532
f 2534 2662 2661
f 2534 2661 2533
f 2535 2663 2662
f 2535 2662 2534
f 2536 2664 2663
f 2536 2663 2535
f 2537 2665 2664
f 2537 2664 2536
f 2538 2665 2537
f 2539 2666 2665
f 2539 2667 2666
f 2539 2665 2538
f 2540 2667 2539
f 2541 2668 2667
f 2541 2667 2540
f 2542 2668 2541
f 2542 2669 2668
f 2543 2669 2542
f 2543 2670 2669
f 2543 2671 2670
f 2544 2671 2543
f 2545 2671 2544
f 2545 2672 2671
f 2546 2672 2545
f 2546 2673 2672
f 2547 2673 2546
f 2547 2674 2673
f 2548 2674 2547
f 2548 2675 2674
f 2549 2675 2548
f 2549 2676 2675
f 2550 2676 2549
f 2550 2677 2676
f 2551 2677 2550
f 2551 2678 2677
f 2552 2678 2551
f 2552 2679 2678
f 2553 2679 2552
f 2553 2680 2679
f 2553 2681 2680
f 2554 2681 2553
f 2555 2682 2681
f 2555 2683 2682
f 2555 2681 2554
f 2556 2683 2555
f 2557 2684 2683
f 2557 2683 2556
f 2558 2685 2684
f 2558 2686 2685
f 2558 2684 2557
f 2559 2686 2558
f 2560 2687 2686
f 2560 2686 2559
f 2561 2688 2687
f 2561 2689 2688
f 2561 2687 2560
f 2562 2689 2561
f 2563 2690 2689
f 2563 2691 2690
f 2563 2689 2562
f 2564 2691 2563
f 2565 2692 2691
f 2565 2693 2692
f 2565 2691 2564
f 2566 2693 2565
f 2567 2693 2566
f 2567 2694 2693
f 2568 2694 2567
f 2568 2695 2694
f 2569 2695 2568
f 2569 2696 2695
f 2570 2696 2569
f 2570 2697 2696
f 2571 2697 2570
f 2571 2698 2697
f 2572 2698 2571
f 2572 2699 2698
f 2573 2699 2572
f 2573 2700 2699
f 2573 2701 2700
f 2574 2701 2573
f 2575 2701 2574
f 2575 2702 2701
f 2575 2703 2702
f 2576 2703 2575
f 2576 2704 2703
f 2577 2704 2576
f 2577 2705 2704
f 2578 2705 2577
f 2579 2705 2578
f 2579 2706 2705
f 2580 2706 2579
f 2580 2707 2706
f 2581 2707 2580
f 2581 2708 2707
f 2582 2708 2581
f 2582 2709 2708
f 2583 2709 2582
f 2583 2710 2709
f 2584 2710 2583
f 2584 2711 2710
f 2585 2711 2584
f 2585 2712 2711
f 2586 2712 2585
f 2586 2713 2712
f 2587 2713 2586
f 2587 2714 2713
f 2587 2715 2714
f 2588 2716 2715
f 2588 2715 2587
f 2589 2716 2588
f 2590 2717 2716
f 2590 2718 2717
f 2590 2716 2589
f 2591 2719 2718
f 2591 2718 2590
f 2592 2719 2591
f 2593 2719 2592
f 2593 2720 2719
f 2594 2720 2593
f 2594 2721 2720
f 2595 2721 2594
f 2595 2722 2721
f 2596 2722 2595
f 2596 2723 2722
f 2597 2723 2596
f 2597 2724 2723
f 2598 2724 2597
f 2598 2725 2724
f 2599 2725 2598
f 2599 2726 2725
f 2600 2726 2599
f 2600 2727 2726
f 2601 2727 2600
f 2601 2728 2727
f 2602 2728 2601
f 2602 2729 2728
f 2603 2729 2602
f 2603 2730 2729
f 2604 2730 2603
f 2604 2731 2730
f 2605 2731 2604
f 2605 2732 2731
f 2606 2733 2732
f 2606 2732 2605
f 2607 2734 2733
f 2607 2733 2606
f 2608 2735 2734
f 2608 2734 2607
f 2609 2736 2735
f 2609 2735 2608
f 2610 2737 2736
f 2610 2736 2609
f 2611 2738 2737
f 2611 2737 2610
f 2612 2739 2738
f 2612 2740 2739
f 2612 2738 2611
f 2613 2740 2612
f 2614 2741 2740
f 2614 2740 2613
f 2615 2742 2741
f 2615 2743 2742
f 2615 2741 2614
f 2616 2744 2743
f 2616 2743 2615
f 2617 2744 2616
f 2618 2745 2744
f 2618 2744 2617
f 2619 2745 2618
f 2619 2746 2745
f 2620 2746 2619
f 2620 2747 2746
f 2621 2747 2620
f 2621 2748 2747
f 2622 2748 2621
f 2622 2749 2748
f 2623 2750 2749
f 2623 2751 2750
f 2623 2749 2622
f 2624 2752 2751
f 2624 2751 2623
f 2625 2752 2624
f 2626 2753 2752
f 2626 2752 2625
f 2627 2754 2753
f 2627 2753 2626
f 2628 2755 2754
f 2628 2754 2627
f 2629 2756 2755
f 2629 2757 2756
f 2629 2755 2628
f 2630 2757 2629
f 2631 2758 2757
f 2631 2757 2630
f 2632 2759 2758
f 2632 2758 2631
f 2633 2760 2759
f 2633 2759 2632
f 2634 2761 2760
f 2634 2760 2633
f 2635 2762 2761
f 2635 2761 2634
f 2636 2763 2762
f 2636 2762 2635
f 2637 2764 2763
f 2637 2763 2636
f 2638 2765 2764
f 2638 2766 2765
f 2638 2764 2637
f 2639 2766 2638
f 2640 2767 2766
f 2640 2768 2767
f 2640 2766 2639
f 2641 2768 2640
f 2642 2769 2768
f 2642 2768 2641
f 2643 2769 2642
f 2643 2770 2769
f 2644 2770 2643
f 2644 2771 2770
f 2645 2771 2644
f 2645 2772 2771
f 2646 2772 2645
f 2646 2773 2772
f 2647 2773 2646
f 2647 2774 2773
f 2648 2774 2647
f 2648 2775 2774
f 2649 2775 2648
f 2649 2776 2775
f 2650 2776 2649
f 2650 2777 2776
f 2651 2777 2650
f 2651 2778 2777
f 2652 2778 2651
f 2652 2779 2778
f 2653 2779 2652
f 2653 2780 2779
f 2654 2780 2653
f 2654 2781 2780
f 2655 2782 2781
f 2655 2781 2654
f 2656 2782 2655
f 2656 2783 2782
f 2657 2784 2783
f 2657 2783 2656
f 2786 2912 2785
f 2786 2913 2912
f 2787 2914 2913
f 2787 2915 2914
f 2787 2913 2786
f 2788 2916 2915
f 2788 2915 2787
f 2789 2917 2916
f 2789 2916 2788
f 2790 2918 2917
f 2790 2917 2789
f 2791 2919 2918
f 2791 2918 2790
f 2792 2919 2791
f 2793 2920 2919
f 2793 2921 2920
f 2793 2919 2792
f 2794 2921 2793
f 2795 2922 2921
f 2795 2921 2794
f 2796 2922 2795
f 2796 2923 2922
f 2797 2923 2796
f 2797 2924 2923
f 2797 2925 2924
f 2798 2925 2797
f 2799 2925 2798
f 2799 2926 2925
f 2800 2926 2799
f 2800 2927 2926
f 2801 2927 2800
f 2801 2928 2927
f 2802 2928 2801
f 2802 2929 2928
f 2803 2929 2802
f 2803 2930 2929
f 2804 2930 2803
f 2804 2931 2930
f 2805 2931 2804
f 2805 2932 2931
f 2806 2932 2805
f 2806 2933 2932
f 2807 2933 2806
f 2807 2934 2933
f 2807 2935 2934
f 2808 2935 2807
f 2809 2936 2935
f 2809 2937 2936
f 2809 2935 2808
f 2810 2937 2809
f 2811 2938 2937
f 2811 2937 2810
f 2812 2939 2938
f 2812 2940 2939
f 2812 2938 2811
f 2813 2940 2812
f 2814 2941 2940
f 2814 2940 2813
f 2815 2942 2941
f 2815 2943 2942
f 2815 2941 2814
f 2816 2943 2815
f 2817 2944 2943
f 2817 2945 2944
f 2817 2943 2816
f 2818 2945 2817
f 2819 2946 2945
f 2819 2947 2946
f 2819 2945 2818
f 2820 2947 2819
f 2821 2947 2820
f 2821 2948 2947
f 2822 2948 2821
f 2822 2949 2948
f 2823 2949 2822
f 2823 2950 2949
f 2824 2950 2823
f 2824 2951 2950
f 2825 2951 2824
f 2825 2952 2951
f 2826 2952 2825
f 2826 2953 2952
f 2827 2953 2826
f 2827 2954 2953
f 2827 2955 2954
f 2828 2955 2827
f 2829 2955 2828
f 2829 2956 2955
f 2829 2957 2956
f 2830 2957 2829
f 2830 2958 2957
f 2831 2958 2830
f 2831 2959 2958
f 2832 2959 2831
f 2833 2959 2832
f 2833 2960 2959
f 2834 2960 2833
f 2834 2961 2960
f 2835 2961 2834
f 2835 2962 2961
f 2836 2962 2835
f 2836 2963 2962
f 2837 2963 2836
f 2837 2964 2963
f 2838 2964 2837
f 2838 2965 2964
f 2839 2965 2838
f 2839 2966 2965
f 2840 2966 2839
f 2840 2967 2966
f 2841 2967 2840
f 2841 2968 2967
f 2841 2969 2968
f 2842 2970 2969
f 2842 2969 2841
f 2843 2970 2842
f 2844 2971 2970
f 2844 2972 2971
f 2844 2970 2843
f 2845 2973 2972
f 2845 2972 2844
f 2846 2973 2845
f 2847 2973 2846
f 2847 2974 2973
f 2848 2974 2847
f 2848 2975 2974
f 2849 2975 2848
f 2849 2976 2975
f 2850 2976 2849
f 2850 2977 2976
f 2851 2977 2850
f 2851 2978 2977
f 2852 2978 2851
f 2852 2979 2978
f 2853 2979 2852
f 2853 2980 2979
f 2854 2980 2853
f 2854 2981 2980
f 2855 2981 2854
f 2855 2982 2981
f 2856 2982 2855
f 2856 2983 2982
f 2857 2983 2856
f 2857 2984 2983
f 2858 2984 2857
f 2858 2985 2984
f 2859 2985 2858
f 2859 2986 2985
f 2860 2987 2986
f 2860 2986 2859
f 2861 2988 2987
f 2861 2987 2860
f 2862 2989 2988
f 2862 2988 2861
f 2863 2990 2989
f 2863 2989 2862
f 2864 2991 2990
f 2864 2990 2863
f 2865 2992 2991
f 2865 2991 2864
f 2866 2993 2992
f 2866 2994 2993
f 2866 2992 2865
f 2867 2994 2866
f 2868 2995 2994
f 2868 2994 2867
f 2869 2996 2995
f 2869 2997 2996
f 2869 2995 2868
f 2870 2998 2997
f 2870 2997 2869
f 2871 2998 2870
f 2872 2999 2998
f 2872 2998 2871
f 2873 2999 2872
f 2873 3000 2999
f 2874 3000 2873
f 2874 3001 3000
f 2875 3001 2874
f 2875 3002 3001
f 2876 3002 2875
f 2876 3003 3002
f 2877 3004 3003
f 2877 3005 3004
f 2877 3003 2876
f 2878 3006 3005
f 2878 3005 2877
f 2879 3006 2878
f 2880 3007 3006
f 2880 3006 2879
f 2881 3008 3007
f 2881 3007 2880
f 2882 3009 3008
f 2882 3008 2881
f 2883 3010 3009
f 2883 3011 3010
f 2883 3009 2882
f 2884 3011 2883
f 2885 3012 3011
f 2885 3011 2884
f 2886 3013 3012
f 2886 3012 2885
f 2887 3014 3013
f 2887 3013 2886
f 2888 3015 3014
f 2888 3014 2887
f 2889 3016 3015
f 2889 3015 2888
f 2890 3017 3016
f 2890 3016 2889
f 2891 3018 3017
f 2891 3017 2890
f 2892 3019 3018
f 2892 3020 3019
f 2892 3018 2891
f 2893 3020 2892
f 2894 3021 3020
f 2894 3022 3021
f 2894 3020 2893
f 2895 3022 2894
f 2896 3023 3022
f 2896 3022 2895
f 2897 3023 2896
f 2897 3024 3023
f 2898 3024 2897
f 2898 3025 3024
f 2899 3025 2898
f 2899 3026 3025
f 2900 3026 2899
f 2900 3027 3026
f 2901 3027 2900
f 2901 3028 3027
f 2902 3028 2901
f 2902 3029 3028
f 2903 3029 2902
f 2903 3030 3029
f 2904 3030 2903
f 2904 3031 3030
f 2905 3031 2904
f 2905 3032 3031
f 2906 3032 2905
f 2906 3033 3032
f 2907 3033 2906
f 2907 3034 3033
f 2908 3034 2907
f 2908 3035 3034
f 2909 3036 3035
f 2909 3035 2908
f 2910 3036 2909
f 2910 3037 3036
f 2911 3038 3037
f 2911 3037 2910
f 3040 3166 3039
f 3040 3167 3166
f 3041 3168 3167
f 3041 3169 3168
f 3041 3167 3040
f 3042 3170 3169
f 3042 3169 3041
f 3043 3171 3170
f 3043 3170 3042
f 3044 3172 3171
f 3044 3171 3043
f 3045 3173 3172
f 3045 3172 3044
f 3046 3173 3045
f 3047 3174 3173
f 3047 3175 3174
f 3047 3173 3046
f 3048 3175 3047
f 3049 3176 3175
f 3049 3175 3048
f 3050 3176 3049
f 3050 3177 3176
f 3051 3177 3050
f 3051 3178 3177
f 3051 3179 3178
f 3052 3179 3051
f 3053 3179 3052
f 3053 3180 3179
f 3054 3180 3053
f 3054 3181 3180
f 3055 3181 3054
f 3055 3182 3181
f 3056 3182 3055
f 3056 3183 3182
f 3057 3183 3056
f 3057 3184 3183
f 3058 3184 3057
f 3058 3185 3184
f 3059 3185 3058
f 3059 3186 3185
f 3060 3186 3059
f 3060 3187 3186
f 3061 3187 3060
f 3061 3188 3187
f 3061 3189 3188
f 3062 3189 3061
f 3063 3190 3189
f 3063 3191 3190
f 3063 3189 3062
f 3064 3191 3063
f 3065 3192 3191
f 3065 3191 3064
f 3066 3193 3192
f 3066 3194 3193
f 3066 3192 3065
f 3067 3194 3066
f 3068 3195 3194
f 3068 3194 3067
f 3069 3196 3195
f 3069 3197 3196
f 3069 3195 3068
f 3070 3197 3069
f 3071 3198 3197
f 3071 3199 3198
f 3071 3197 3070
f 3072 3199 3071
f 3073 3200 3199
f 3073 3201 3200
f 3073 3199 3072
f 3074 3201 3073
f 3075 3201 3074
f 3075 3202 3201
f 3076 3202 3075
f 3076 3203 3202
f 3077 3203 3076
f 3077 3204 3203
f 3078 3204 3077
f 3078 3205 3204
f 3079 3205 3078
f 3079 3206 3205
f 3080 3206 3079
f 3080 3207 3206
f 3081 3207 3080
f 3081 3208 3207
f 3081 3209 3208
f 3082 3209 3081
f 3083 3209 3082
f 3083 3210 3209
f 3083 3211 3210
f 3084 3211 3083
f 3084 3212 3211
f 3085 3212 3084
f 3085 3213 3212
f 3086 3213 3085
f 3087 3213 3086
f 3087 3214 3213
f 3088 3214 3087
f 3088 3215 3214
f 3089 3215 3088
f 3089 3216 3215
f 3090 3216 3089
f 3090 3217 3216
f 3091 3217 3090
f 3091 3218 3217
f 3092 3218 3091
f 3092 3219 3218
f 3093 3219 3092
f 3093 3220 3219
f 3094 3220 3093
f 3094 3221 3220
f 3095 3221 3094
f 3095 3222 3221
f 3095 3223 3222
f 3096 3224 3223
f 3096 3223 3095
f 3097 3224 3096
f 3098 3225 3224
f 3098 3226 3225
f 3098 3224 3097
f 3099 3227 3226
f 3099 3226 3098
f 3100 3227 3099
f 3101 3227 3100
f 3101 3228 3227
f 3102 3228 3101
f 3102 3229 3228
f 3103 3229 3102
f 3103 3230 3229
f 3104 3230 3103
f 3104 3231 3230
f 3105 3231 3104
f 3105 3232 3231
f 3106 3232 3105
f 3106 3233 3232
f 3107 3233 3106
f 3107 3234 3233
f 3108 3234 3107
f 3108 3235 3234
f 3109 3235 3108
f 3109 3236 3235
f 3110 3236 3109
f 3110 3237 3236
f 3111 3237 3110
f 3111 3238 3237
f 3112 3238 3111
f 3112 3239 3238
f 3113 3239 3112
f 3113 3240 3239
f 3114 3241 3240
f 3114 3240 3113
f 3115 3242 3241
f 3115 3241 3114
f 3116 3243 3242
f 3116 3242 3115
f 3117 3244 3243
f 3117 3243 3116
f 3118 3245 3244
f 3118 3244 3117
f 3119 3246 3245
f 3119 3245 3118
f 3120 3247 3246
f 3120 3248 3247
f 3120 3246 3119
f 3121 3248 3120
f 3122 3249 3248
f 3122 3248 3121
f 3123 3250 3249
f 3123 3251 3250
f 3123 3249 3122
f 3124 3252 3251
f 3124 3251 3123
f 3125 3252 3124
f 3126 3253 3252
f 3126 3252 3125
f 3127 3253 3126
f 3127 3254 3253
f 3128 3254 3127
f 3128 3255 3254
f 3129 3255 3128
f 3129 3256 3255
f 3130 3256 3129
f 3130 3257 3256
f 3131 3258 3257
f 3131 3259 3258
f 3131 3257 3130
f 3132 3260 3259
f 3132 3259 3131
f 3133 3260 3132
f 3134 3261 3260
f 3134 3260 3133
f 3135 3262 3261
f 3135 3261 3134
f 3136 3263 3262
f 3136 3262 3135
f 3137 3264 3263
f 3137 3265 3264
f 3137 3263 3136
f 3138 3265 3137
f 3139 3266 3265
f 3139 3265 3138
f 3140 3267 3266
f 3140 3266 3139
f 3141 3268 3267
f 3141 3267 3140
f 3142 3269 3268
f 3142 3268 3141
f 3143 3270 3269
f 3143 3269 3142
f 3144 3271 3270
f 3144 3270 3143
f 3145 3272 3271
f 3145 3271 3144
f 3146 3273 3272
f 3146 3274 3273
f 3146 3272 3145
f 3147 3274 3146
f 3148 3275 3274
f 3148 3276 3275
f 3148 3274 3147
f 3149 3276 3148
f 3150 3277 3276
f 3150 3276 3149
f 3151 3277 3150
f 3151 3278 3277
f 3152 3278 3151
f 3152 3279 3278
f 3153 3279 3152
f 3153 3280 3279
f 3154 3280 3153
f 3154 3281 3280
f 3155 3281 3154
f 3155 3282 3281
f 3156 3282 3155
f 3156 3283 3282
f 3157 3283 3156
f 3157 3284 3283
f 3158 3284 3157
f 3158 3285 3284
f 3159 3285 3158
f 3159 3286 3285
f 3160 3286 3159
f 3160 3287 3286
f 3161 3287 3160
f 3161 3288 3287
f 3162 3288 3161
f 3162 3289 3288
f 3163 3290 3289
f 3163 3289 3162
f 3164 3290 3163
f 3164 3291 3290
f 3165 3292 3291
f 3165 3291 3164
f 3294 3420 3293
f 3294 3421 3420
f 3295 3422 3421
f 3295 3423 3422
f 3295 3421 3294
f 3296 3424 3423
f 3296 3423 3295
f 3297 3425 3424
f 3297 3424 3296
f 3298 3426 3425
f 3298 3425 3297
f 3299 3427 3426
f 3299 3426 3298
f 3300 3427 3299
f 3301 3428 3427
f 3301 3429 3428
f 3301 3427 3300
f 3302 3429 3301
f 3303 3430 3429
f 3303 3429 3302
f 3304 3430 3303
f 3304 3431 3430
f 3305 3431 3304
f 3305 3432 3431
f 3305 3433 3432
f 3306 3433 3305
f 3307 3433 3306
f 3307 3434 3433
f 3308 3434 3307
f 3308 3435 3434
f 3309 3435 3308
f 3309 3436 3435
f 3310 3436 3309
f 3310 3437 3436
f 3311 3437 3310
f 3311 3438 3437
f 3312 3438 3311
f 3312 3439 3438
f 3313 3439 3312
f 3313 3440 3439
f 3314 3440 3313
f 3314 3441 3440
f 3315 3441 3314
f 3315 3442 3441
f 3315 3443 3442
f 3316 3443 3315
f 3317 3444 3443
f 3317 3445 3444
f 3317 3443 3316
f 3318 3445 3317
f 3319 3446 3445
f 3319 3445 3318
f 3320 3447 3446
f 3320 3448 3447
f 3320 3446 3319
f 3321 3448 3320
f 3322 3449 3448
f 3322 3448 3321
f 3323 3450 3449
f 3323 3451 3450
f 3323 3449 3322
f 3324 3451 3323
f 3325 3452 3451
f 3325 3453 3452
f 3325 3451 3324
f 3326 3453 3325
f 3327 3454 3453
f 3327 3455 3454
f 3327 3453 3326
f 3328 3455 3327
f 3329 3455 3328
f 3329 3456 3455
f 3330 3456 3329
f 3330 3457 3456
f 3331 3457 3330
f 3331 3458 3457
f 3332 3458 3331
f 3332 3459 3458
f 3333 3459 3332
f 3333 3460 3459
f 3334 3460 3333
f 3334 3461 3460
f 3335 3461 3334
f 3335 3462 3461
f 3335 3463 3462
f 3336 3463 3335
f 3337 3463 3336
f 3337 3464 3463
f 3337 3465 3464
f 3338 3465 3337
f 3338 3466 3465
f 3339 3466 3338
f 3339 3467 3466
f 3340 3467 3339
f 3341 3467 3340
f 3341 3468 3467
f 3342 3468 3341
f 3342 3469 3468
f 3343 3469 3342
f 3343 3470 3469
f 3344 3470 3343
f 3344 3471 3470
f 3345 3471 3344
f 3345 3472 3471
f 3346 3472 3345
f 3346 3473 3472
f 3347 3473 3346
f 3347 3474 3473
f 3348 3474 3347
f 3348 3475 3474
f 3349 3475 3348
f 3349 3476 3475
f 3349 3477 3476
f 3350 3478 3477
f 3350 3477 3349
f 3351 3478 3350
f 3352 3479 3478
f 3352 3480 3479
f 3352 3478 3351
f 3353 3481 3480
f 3353 3480 3352
f 3354 3481 3353
f 3355 3481 3354
f 3355 3482 3481
f 3356 3482 3355
f 3356 3483 3482
f 3357 3483 3356
f 3357 3484 3483
f 3358 3484 3357
f 3358 3485 3484
f 3359 3485 3358
f 3359 3486 3485
f 3360 3486 3359
f 3360 3487 3486
f 3361 3487 3360
f 3361 3488 3487
f 3362 3488 3361
f 3362 3489 3488
f 3363 3489 3362
f 3363 3490 3489
f 3364 3490 3363
f 3364 3491 3490
f 3365 3491 3364
f 3365 3492 3491
f 3366 3492 3365
f 3366 3493 3492
f 3367 3493 3366
f 3367 3494 3493
f 3368 3495 3494
f 3368 3494 3367
f 3369 3496 3495
f 3369 3495 3368
f 3370 3497 3496
f 3370 3496 3369
f 3371 3498 3497
f 3371 3497 3370
f 3372 3499 3498
f 3372 3498 3371
f 3373 3500 3499
f 3373 3499 3372
f 3374 3501 3500
f 3374 3502 3501
f 3374 3500 3373
f 3375 3502 3374
f 3376 3503 3502
f 3376 3502 3375
f 3377 3504 3503
f 3377 3505 3504
f 3377 3503 3376
f 3378 3506 3505
f 3378 3505 3377
f 3379 3506 3378
f 3380 3507 3506
f 3380 3506 3379
f 3381 3507 3380
f 3381 3508 3507
f 3382 3508 3381
f 3382 3509 3508
f 3383 3509 3382
f 3383 3510 3509
f 3384 3510 3383
f 3384 3511 3510
f 3385 3512 3511
f 3385 3513 3512
f 3385 3511 3384
f 3386 3514 3513
f 3386 3513 3385
f 3387 3514 3386
f 3388 3515 3514
f 3388 3514 3387
f 3389 3516 3515
f 3389 3515 3388
f 3390 3517 3516
f 3390 3516 3389
f 3391 3518 3517
f 3391 3519 3518
f 3391 3517 3390
f 3392 3519 3391
f 3393 3520 3519
f 3393 3519 3392
f 3394 3521 3520
f 3394 3520 3393
f 3395 3522 3521
f 3395 3521 3394
f 3396 3523 3522
f 3396 3522 3395
f 3397 3524 3523
f 3397 3523 3396
f 3398 3525 3524
f 3398 3524 3397
f 3399 3526 3525
f 3399 3525 3398
f 3400 3527 3526
f 3400 3528 3527
f 3400 3526 3399
f 3401 3528 3400
f 3402 3529 3528
f 3402 3530 3529
f 3402 3528 3401
f 3403 3530 3402
f 3404 3531 3530
f 3404 3530 3403
f 3405 3531 3404
f 3405 3532 3531
f 3406 3532 3405
f 3406 3533 3532
f 3407 3533 3406
f 3407 3534 3533
f 3408 3534 3407
f 3408 3535 3534
f 3409 3535 3408
f 3409 3536 3535
f 3410 3536 3409
f 3410 3537 3536
f 3411 3537 3410
f 3411 3538 3537
f 3412 3538 3411
f 3412 3539 3538
f 3413 3539 3412
f 3413 3540 3539
f 3414 3540 3413
f 3414 3541 3540
f 3415 3541 3414
f 3415 3542 3541
f 3416 3542 3415
f 3416 3543 3542
f 3417 3544 3543
f 3417 3543 3416
f 3418 3544 3417
f 3418 3545 3544
f 3419 3546 3545
f 3419 3545 3418
f 3548 3674 3547
f 3548 3675 3674
f 3549 3676 3675
f 3549 3677 3676
f 3549 3675 3548
f 3550 3678 3677
f 3550 3677 3549
f 3551 3679 3678
f 3551 3678 3550
f 3552 3680 3679
f 3552 3679 3551
f 3553 3681 3680
f 3553 3680 3552
f 3554 3681 3553
f 3555 3682 3681
f 3555 3683 3682
f 3555 3681 3554
f 3556 3683 3555
f 3557 3684 3683
f 3557 3683 3556
f 3558 3684 3557
f 3558 3685 3684
f 3559 3685 3558
f 3559 3686 3685
f 3559 3687 3686
f 3560 3687 3559
f 3561 3687 3560
f 3561 3688 3687
f 3562 3688 3561
f 3562 3689 3688
f 3563 3689 3562
f 3563 3690 3689
f 3564 3690 3563
f 3564 3691 3690
f 3565 3691 3564
f 3565 3692 3691
f 3566 3692 3565
f 3566 3693 3692
f 3567 3693 3566
f 3567 3694 3693
f 3568 3694 3567
f 3568 3695 3694
f 3569 3695 3568
f 3569 3696 3695
f 3569 3697 3696
f 3570 3697 3569
f 3571 3698 3697
f 3571 3699 3698
f 3571 3697 3570
f 3572 3699 3571
f 3573 3700 3699
f 3573 3699 3572
f 3574 3701 3700
f 3574 3702 3701
f 3574 3700 3573
f 3575 3702 3574
f 3576 3703 3702
f 3576 3702 3575
f 3577 3704 3703
f 3577 3705 3704
f 3577 3703 3576
f 3578 3705 3577
f 3579 3706 3705
f 3579 3707 3706
f 3579 3705 3578
f 3580 3707 3579
f 3581 3708 3707
f 3581 3709 3708
f 3581 3707 3580
f 3582 3709 3581
f 3583 3709 3582
f 3583 3710 3709
f 3584 3710 3583
f 3584 3711 3710
f 3585 3711 3584
f 3585 3712 3711
f 3586 3712 3585
f 3586 3713 3712
f 3587 3713 3586
f 3587 3714 3713
f 3588 3714 3587
f 3588 3715 3714
f 3589 3715 3588
f 3589 3716 3715
f 3589 3717 3716
f 3590 3717 3589
f 3591 3717 3590
f 3591 3718 3717
f 3591 3719 3718
f 3592 3719 3591
f 3592 3720 3719
f 3593 3720 3592
f 3593 3721 3720
f 3594 3721 3593
f 3595 3721 3594
f 3595 3722 3721
f 3596 3722 3595
f 3596 3723 3722
f 3597 3723 3596
f 3597 3724 3723
f 3598 3724 3597
f 3598 3725 3724
f 3599 3725 3598
f 3599 3726 3725
f 3600 3726 3599
f 3600 3727 3726
f 3601 3727 3600
f 3601 3728 3727
f 3602 3728 3601
f 3602 3729 3728
f 3603 3729 3602
f 3603 3730 3729
f 3603 3731 3730
f 3604 3732 3731
f 3604 3731 3603
f 3605 3732 3604
f 3606 3733 3732
f 3606 3734 3733
f 3606 3732 3605
f 3607 3735 3734
f 3607 3734 3606
f 3608 3735 3607
f 3609 3735 3608
f 3609 3736 3735
f 3610 3736 3609
f 3610 3737 3736
f 3611 3737 3610
f 3611 3738 3737
f 3612 3738 3611
f 3612 3739 3738
f 3613 3739 3612
f 3613 3740 3739
f 3614 3740 3613
f 3614 3741 3740
f 3615 3741 3614
f 3615 3742 3741
f 3616 3742 3615
f 3616 3743 3742
f 3617 3743 3616
f 3617 3744 3743
f 3618 3744 3617
f 3618 3745 3744
f 3619 3745 3618
f 3619 3746 3745
f 3620 3746 3619
f 3620 3747 3746
f 3621 3747 3620
f 3621 3748 3747
f 3622 3749 3748
f 3622 3748 3621
f 3623 3750 3749
f 3623 3749 3622
f 3624 3751 3750
f 3624 3750 3623
f 3625 3752 3751
f 3625 3751 3624
f 3626 3753 3752
f 3626 3752 3625
f 3627 3754 3753
f 3627 3753 3626
f 3628 3755 3754
f 3628 3756 3755
f 3628 3754 3627
f 3629 3756 3628
f 3630 3757 3756
f 3630 3756 3629
f 3631 3758 3757
f 3631 3759 3758
f 3631 3757 3630
f 3632 3760 3759
f 3632 3759 3631
f 3633 3760 3632
f 3634 3761 3760
f 3634 3760 3633
f 3635 3761 3634
f 3635 3762 3761
f 3636 3762 3635
f 3636 3763 3762
f 3637 3763 3636
f 3637 3764 3763
f 3638 3764 3637
f 3638 3765 3764
f 3639 3766 3765
f 3639 3767 3766
f 3639 3765 3638
f 3640 3768 3767
f 3640 3767 3639
f 3641 3768 3640
f 3642 3769 3768
f 3642 3768 3641
f 3643 3770 3769
f 3643 3769 3642
f 3644 3771 3770
f 3644 3770 3643
f 3645 3772 3771
f 3645 3773 3772
f 3645 3771 3644
f 3646 3773 3645
f 3647 3774 3773
f 3647 3773 3646
f 3648 3775 3774
f 3648 3774 3647
f 3649 3776 3775
f 3649 3775 3648
f 3650 3777 3776
f 3650 3776 3649
f 3651 3778 3777
f 3651 3777 3650
f 3652 3779 3778
f 3652 3778 3651
f 3653 3780 3779
f 3653 3779 3652
f 3654 3781 3780
f 3654 3782 3781
f 3654 3780 3653
f 3655 3782 3654
f 3656 3783 3782
f 3656 3784 3783
f 3656 3782 3655
f 3657 3784 3656
f 3658 3785 3784
f 3658 3784 3657
f 3659 3785 3658
f 3659 3786 3785
f 3660 3786 3659
f 3660 3787 3786
f 3661 3787 3660
f 3661 3788 3787
f 3662 3788 3661
f 3662 3789 3788
f 3663 3789 3662
f 3663 3790 3789
f 3664 3790 3663
f 3664 3791 3790
f 3665 3791 3664
f 3665 3792 3791
f 3666 3792 3665
f 3666 3793 3792
f 3667 3793 3666
f 3667 3794 3793
f 3668 3794 3667
f 3668 3795 3794
f 3669 3795 3668
f 3669 3796 3795
f 3670 3796 3669
f 3670 3797 3796
f 3671 3798 3797
f 3671 3797 3670
f 3672 3798 3671
f 3672 3799 3798
f 3673 3800 3799
f 3673 3799 3672
f 3802 3928 3801
f 3802 3929 3928
f 3803 3930 3929
f 3803 3931 3930
f 3803 3929 3802
f 3804 3932 3931
f 3804 3931 3803
f 3805 3933 3932
f 3805 3932 3804
f 3806 3934 3933
f 3806 3933 3805
f 3807 3935 3934
f 3807 3934 3806
f 3808 3935 3807
f 3809 3936 3935
f 3809 3937 3936
f 3809 3935 3808
f 3810 3937 3809
f 3811 3938 3937
f 3811 3937 3810
f 3812 3938 3811
f 3812 3939 3938
f 3813 3939 3812
f 3813 3940 3939
f 3813 3941 3940
f 3814 3941 3813
f 3815 3941 3814
f 3815 3942 3941
f 3816 3942 3815
f 3816 3943 3942
f 3817 3943 3816
f 3817 3944 3943
f 3818 3944 3817
f 3818 3945 3944
f 3819 3945 3818
f 3819 3946 3945
f 3820 3946 3819
f 3820 3947 3946
f 3821 3947 3820
f 3821 3948 3947
f 3822 3948 3821
f 3822 3949 3948
f 3823 3949 3822
f 3823 3950 3949
f 3823 3951 3950
f 3824 3951 3823
f 3825 3952 3951
f 3825 3953 3952
f 3825 3951 3824
f 3826 3953 3825
f 3827 3954 3953
f 3827 3953 3826
f 3828 3955 3954
f 3828 3956 3955
f 3828 3954 3827
f 3829 3956 3828
f 3830 3957 3956
f 3830 3956 3829
f 3831 3958 3957
f 3831 3959 3958
f 3831 3957 3830
f 3832 3959 3831
f 3833 3960 3959
f 3833 3961 3960
f 3833 3959 3832
f 3834 3961 3833
f 3835 3962 3961
f 3835 3963 3962
f 3835 3961 3834
f 3836 3963 3835
f 3837 3963 3836
f 3837 3964 3963
f 3838 3964 3837
f 3838 3965 3964
f 3839 3965 3838
f 3839 3966 3965
f 3840 3966 3839
f 3840 3967 3966
f 3841 3967 3840
f 3841 3968 3967
f 3842 3968 3841
f 3842 3969 3968
f 3843 3969 3842
f 3843 3970 3969
f 3843 3971 3970
f 3844 3971 3843
f 3845 3971 3844
f 3845 3972 3971
f 3845 3973 3972
f 3846 3973 3845
f 3846 3974 3973
f 3847 3974 3846
f 3847 3975 3974
f 3848 3975 3847
f 3849 3975 3848
f 3849 3976 3975
f 3850 3976 3849
f 3850 3977 3976
f 3851 3977 3850
f 3851 3978 3977
f 3852 3978 3851
f 3852 3979 3978
f 3853 3979 3852
f 3853 3980 3979
f 3854 3980 3853
f 3854 3981 3980
f 3855 3981 3854
f 3855 3982 3981
f 3856 3982 3855
f 3856 3983 3982
f 3857 3983 3856
f 3857 3984 3983
f 3857 3985 3984
f 3858 3986 3985
f 3858 3985 3857
f 3859 3986 3858
f 3860 3987 3986
f 3860 3988 3987
f 3860 3986 3859
f 3861 3989 3988
f 3861 3988 3860
f 3862 3989 3861
f 3863 3989 3862
f 3863 3990 3989
f 3864 3990 3863
f 3864 3991 3990
f 3865 3991 3864
f 3865 3992 3991
f 3866 3992 3865
f 3866 3993 3992
f 3867 3993 3866
f 3867 3994 3993
f 3868 3994 3867
f 3868 3995 3994
f 3869 3995 3868
f 3869 3996 3995
f 3870 3996 3869
f 3870 3997 3996
f 3871 3997 3870
f 3871 3998 3997
f 3872 3998 3871
f 3872 3999 3998
f 3873 3999 3872
f 3873 4000 3999
f 3874 4000 3873
f 3874 4001 4000
f 3875 4001 3874
f 3875 4002 4001
f 3876 4003 4002
f 3876 4002 3875
f 3877 4004 4003
f 3877 4003 3876
f 3878 4005 4004
f 3878 4004 3877
f 3879 4006 4005
f 3879 4005 3878
f 3880 4007 4006
f 3880 4006 3879
f 3881 4008 4007
f 3881 4007 3880
f 3882 4009 4008
f 3882 4010 4009
f 3882 4008 3881
f 3883 4010 3882
f 3884 4011 4010
f 3884 4010 3883
f 3885 4012 4011
f 3885 4013 4012
f 3885 4011 3884
f 3886 4014 4013
f 3886 4013 3885
f 3887 4014 3886
f 3888 4015 4014
f 3888 4014 3887
f 3889 4015 3888
f 3889 4016 4015
f 3890 4016 3889
f 3890 4017 4016
f 3891 4017 3890
f 3891 4018 4017
f 3892 4018 3891
f 3892 4019 4018
f 3893 4020 4019
f 3893 4021 4020
f 3893 4019 3892
f 3894 4022 4021
f 3894 4021 3893
f 3895 4022 3894
f 3896 4023 4022
f 3896 4022 3895
f 3897 4024 4023
f 3897 4023 3896
f 3898 4025 4024
f 3898 4024 3897
f 3899 4026 4025
f 3899 4027 4026
f 3899 4025 3898
f 3900 4027 3899
f 3901 4028 4027
f 3901 4027 3900
f 3902 4029 4028
f 3902 4028 3901
f 3903 4030 4029
f 3903 4029 3902
f 3904 4031 4030
f 3904 4030 3903
f 3905 4032 4031
f 3905 4031 3904
f 3906 4033 4032
f 3906 4032 3905
f 3907 4034 4033
f 3907 4033 3906
f 3908 4035 4034
f 3908 4036 4035
f 3908 4034 3907
f 3909 4036 3908
f 3910 4037 4036
f 3910 4038 4037
f 3910 4036 3909
f 3911 4038 3910
f 3912 4039 4038
f 3912 4038 3911
f 3913 4039 3912
f 3913 4040 4039
f 3914 4040 3913
f 3914 4041 4040
f 3915 4041 3914
f 3915 4042 4041
f 3916 4042 3915
f 3916 4043 4042
f 3917 4043 3916
f 3917 4044 4043
f 3918 4044 3917
f 3918 4045 4044
f 3919 4045 3918
f 3919 4046 4045
f 3920 4046 3919
f 3920 4047 4046
f 3921 4047 3920
f 3921 4048 4047
f 3922 4048 3921
f 3922 4049 4048
f 3923 4049 3922
f 3923 4050 4049
f 3924 4050 3923
f 3924 4051 4050
f 3925 4052 4051
f 3925 4051 3924
f 3926 4052 3925
f 3926 4053 4052
f 3927 4054 4053
f 3927 4053 3926
f 4301 4138 4302
f 4303 4302 4138
f 4300 4138 4301
f 4300 4137 4138
f 4304 4303 4138
f 4299 4137 4300
f 4305 4304 4138
f 4305 4138 4139
f 4298 4137 4299
f 4306 4305 4139
f 4297 4137 4298
f 4181 4306 4139
f 4296 4137 4297
f 4296 4136 4137
f 4182 4181 4139
f 4295 4136 4296
f 4183 4182 4139
f 4183 4139 4140
f 4294 4136 4295
f 4184 4183 4140
f 4293 4136 4294
f 4185 4184 4140
f 4292 4135 4136
f 4292 4136 4293
f 4186 4185 4140
f 4291 4135 4292
f 4187 4186 4140
f 4290 4135 4291
f 4188 4140 4141
f 4188 4187 4140
f 4289 4135 4290
f 4189 4188 4141
f 4288 4134 4135
f 4288 4135 4289
f 4190 4189 4141
f 4287 4134 4288
f 4191 4190 4141
f 4286 4134 4287
f 4192 4191 4141
f 4192 4141 4142
f 4285 4134 4286
f 4193 4192 4142
f 4284 4134 4285
f 4284 4133 4134
f 4194 4193 4142
f 4283 4133 4284
f 4195 4194 4142
f 4282 4133 4283
f 4196 4195 4142
f 4196 4142 4143
f 4281 4132 4133
f 4281 4133 4282
f 4197 4196 4143
f 4280 4132 4281
f 4198 4197 4143
f 4279 4132 4280
f 4199 4198 4143
f 4278 4132 4279
f 4278 4131 4132
f 4200 4199 4143
f 4200 4143 4144
f 4277 4131 4278
f 4201 4200 4144
f 4276 4131 4277
f 4276 4130 4131
f 4202 4201 4144
f 4275 4130 4276
f 4203 4202 4144
f 4274 4130 4275
f 4204 4203 4144
f 4204 4144 4145
f 4273 4130 4274
f 4273 4129 4130
f 4205 4204 4145
f 4272 4129 4273
f 4206 4205 4145
f 4271 4128 4129
f 4271 4129 4272
f 4207 4206 4145
f 4207 4145 4146
f 4208 4207 4146
f 4209 4208 4146
f 4210 4209 4146
f 4210 4146 4147
f 4211 4210 4147
f 4212 4211 4147
f 4212 4147 4148
f 4213 4212 4148
f 4214 4213 4148
f 4215 4214 4148
f 4215 4148 4149
f 4216 4215 4149
f 4217 4216 4149
f 4700 4121 4122
f 4700 4122 4701
f 4702 4701 4122
f 4699 4121 4700
f 4703 4702 4122
f 4698 4121 4699
f 4704 4703 4122
f 4704 4122 4123
f 4697 4121 4698
f 4705 4704 4123
f 4696 4120 4121
f 4696 4121 4697
f 4706 4705 4123
f 4695 4120 4696
f 4707 4706 4123
f 4694 4120 4695
f 4708 4707 4123
f 4708 4123 4124
f 4693 4120 4694
f 4709 4708 4124
f 4692 4120 4693
f 4692 4119 4120
f 4710 4709 4124
f 4691 4119 4692
f 4711 4710 4124
f 4711 4124 4125
f 4690 4119 4691
f 4712 4711 4125
f 4689 4119 4690
f 4713 4712 4125
f 4688 4119 4689
f 4714 4713 4125
f 4714 4125 4126
f 4687 4118 4119
f 4687 4119 4688
f 4715 4714 4126
f 4686 4118 4687
f 4716 4126 4127
f 4716 4715 4126
f 4685 4118 4686
f 4717 4716 4127
f 4810 4118 4685
f 4718 4717 4127
f 4809 4117 4118
f 4809 4118 4810
f 4719 4127 4128
f 4719 4718 4127
f 4808 4117 4809
f 4720 4719 4128
f 4807 4117 4808
f 4721 4720 4128
f 4721 4128 4271
f 4806 4117 4807
f 4722 4721 4271
f 4722 4271 4270
f 4805 4117 4806
f 4723 4270 4269
f 4723 4722 4270
f 4804 4117 4805
f 4804 4116 4117
f 4724 4268 4267
f 4724 4269 4268
f 4724 4723 4269
f 4803 4116 4804
f 4725 4724 4267
f 4725 4267 4266
f 4802 4116 4803
f 4726 4266 4265
f 4726 4725 4266
f 4801 4116 4802
f 4727 4726 4265
f 4800 4115 4116
f 4800 4116 4801
f 4728 4265 4264
f 4728 4727 4265
f 4799 4115 4800
f 4798 4115 4799
f 4797 4115 4798
f 4796 4115 4797
f 4796 4114 4115
f 4795 4114 4796
f 4794 4114 4795
f 4793 4114 4794
f 4792 4113 4114
f 4792 4114 4793
f 4791 4113 4792
f 4790 4113 4791
f 4789 4113 4790
f 4788 4113 4789
f 4112 4113 4788
f 4787 4112 4788
f 4786 4112 4787
f 4785 4112 4786
f 4111 4783 4782
f 4111 4784 4783
f 4111 4785 4784
f 4111 4112 4785
f 4110 4781 4780
f 4110 4782 4781
f 4110 4111 4782
f 4512 4254 4253
f 4512 4255 4254
f 4511 4255 4512
f 4511 4257 4256
f 4511 4256 4255
f 4513 4512 4253
f 4513 4252 4251
f 4513 4253 4252
f 4510 4258 4257
f 4510 4257 4511
f 4514 4513 4251
f 4514 4250 4249
f 4514 4251 4250
f 4109 4778 4777
f 4109 4779 4778
f 4109 4780 4779
f 4109 4110 4780
f 4509 4259 4258
f 4509 4260 4259
f 4509 4258 4510
f 4515 4514 4249
f 4515 4248 4247
f 4515 4249 4248
f 4508 4261 4260
f 4508 4262 4261
f 4508 4260 4509
f 4516 4515 4247
f 4516 4246 4245
f 4516 4247 4246
f 4507 4262 4508
f 4507 4263 4262
f 4507 4264 4263
f 4517 4516 4245
f 4517 4244 4243
f 4517 4245 4244
f 4506 4728 4264
f 4506 4264 4507
f 4506 4729 4728
f 4506 4730 4729
f 4518 4517 4243
f 4518 4242 4241
f 4518 4243 4242
f 4505 4730 4506
f 4505 4731 4730
f 4505 4732 4731
f 4519 4518 4241
f 4519 4240 4239
f 4519 4241 4240
f 4504 4733 4732
f 4504 4734 4733
f 4504 4732 4505
f 4520 4519 4239
f 4520 4238 4237
f 4520 4239 4238
f 4503 4735 4734
f 4503 4734 4504
f 4521 4236 4235
f 4521 4237 4236
f 4521 4520 4237
f 4502 4735 4503
f 4502 4736 4735
f 4502 4737 4736
f 4522 4234 4233
f 4522 4235 4234
f 4522 4521 4235
f 4501 4737 4502
f 4501 4738 4737
f 4501 4739 4738
f 4407 4153 4154
f 4406 4153 4407
f 4408 4407 4154
f 4405 4153 4406
f 4409 4408 4154
f 4404 4153 4405
f 4404 4152 4153
f 4108 4776 4775
f 4108 4777 4776
f 4108 4109 4777
f 4410 4409 4154
f 4410 4154 4155
f 4403 4152 4404
f 4523 4522 4233
f 4523 4232 4231
f 4523 4233 4232
f 4411 4410 4155
f 4402 4152 4403
f 4402 4151 4152
f 4412 4411 4155
f 4401 4151 4402
f 4413 4412 4155
f 4400 4151 4401
f 4500 4740 4739
f 4500 4741 4740
f 4500 4739 4501
f 4414 4155 4156
f 4414 4413 4155
f 4399 4151 4400
f 4399 4150 4151
f 4415 4414 4156
f 4398 4150 4399
f 4416 4415 4156
f 4524 4523 4231
f 4524 4231 4230
f 4397 4217 4149
f 4397 4150 4398
f 4397 4149 4150
f 4417 4416 4156
f 4396 4218 4217
f 4396 4219 4218
f 4396 4217 4397
f 4418 4156 4157
f 4418 4417 4156
f 4499 4741 4500
f 4499 4742 4741
f 4499 4743 4742
f 4395 4219 4396
f 4395 4220 4219
f 4419 4418 4157
f 4394 4220 4395
f 4525 4229 4228
f 4525 4230 4229
f 4525 4524 4230
f 4420 4419 4157
f 4393 4221 4220
f 4393 4220 4394
f 4421 4420 4157
f 4392 4221 4393
f 4392 4222 4221
f 4498 4743 4499
f 4498 4744 4743
f 4498 4745 4744
f 4422 4157 4158
f 4422 4421 4157
f 4391 4223 4222
f 4391 4224 4223
f 4391 4222 4392
f 4423 4422 4158
f 4526 4525 4228
f 4526 4227 4226
f 4526 4228 4227
f 4390 4224 4391
f 4424 4423 4158
f 4497 4746 4745
f 4497 4747 4746
f 4497 4745 4498
f 4425 4424 4158
f 4527 4526 4226
f 4527 4224 4390
f 4527 4225 4224
f 4527 4226 4225
f 4426 4158 4159
f 4426 4425 4158
f 4427 4426 4159
f 4496 4747 4497
f 4496 4748 4747
f 4496 4749 4748
f 4107 4108 4775
f 4428 4427 4159
f 4528 4527 4390
f 4528 4389 4388
f 4528 4390 4389
f 4429 4428 4159
f 4430 4429 4159
f 4495 4749 4496
f 4495 4750 4749
f 4495 4751 4750
f 4431 4159 4160
f 4431 4430 4159
f 4529 4387 4386
f 4529 4388 4387
f 4529 4528 4388
f 4432 4431 4160
f 4494 4751 4495
f 4494 4752 4751
f 4494 4753 4752
f 4307 4432 4160
f 4308 4307 4160
f 4530 4385 4384
f 4530 4386 4385
f 4530 4529 4386
f 4309 4160 4161
f 4309 4308 4160
f 4493 4753 4494
f 4493 4754 4753
f 4493 4755 4754
f 4310 4309 4161
f 4531 4384 4383
f 4531 4530 4384
f 4311 4310 4161
f 4312 4311 4161
f 4492 4755 4493
f 4492 4756 4755
f 4492 4757 4756
f 4313 4312 4161
f 4532 4382 4381
f 4532 4383 4382
f 4532 4531 4383
f 4314 4313 4161
f 4491 4757 4492
f 4491 4758 4757
f 4491 4759 4758
f 4533 4380 4379
f 4533 4381 4380
f 4533 4532 4381
f 4162 4314 4161
f 4162 4315 4314
f 4162 4316 4315
f 4317 4316 4162
f 4318 4317 4162
f 4490 4759 4491
f 4490 4760 4759
f 4490 4761 4760
f 4534 4378 4377
f 4534 4379 4378
f 4534 4533 4379
f 4489 4762 4761
f 4489 4761 4490
f 4535 4376 4375
f 4535 4377 4376
f 4535 4534 4377
f 4488 4763 4762
f 4488 4764 4763
f 4488 4762 4489
f 4536 4374 4373
f 4536 4375 4374
f 4536 4535 4375
f 4163 4318 4162
f 4163 4319 4318
f 4163 4320 4319
f 4163 4321 4320
f 4163 4322 4321
f 4487 4765 4764
f 4487 4766 4765
f 4487 4764 4488
f 4537 4536 4373
f 4537 4372 4371
f 4537 4373 4372
f 4486 4767 4766
f 4486 4768 4767
f 4486 4766 4487
f 4538 4370 4369
f 4538 4371 4370
f 4538 4537 4371
f 4485 4768 4486
f 4539 4368 4367
f 4539 4369 4368
f 4539 4538 4369
f 4164 4322 4163
f 4164 4323 4322
f 4164 4324 4323
f 4164 4325 4324
f 4164 4326 4325
f 4540 4366 4365
f 4540 4367 4366
f 4540 4539 4367
f 4541 4364 4363
f 4541 4365 4364
f 4541 4540 4365
f 4542 4362 4361
f 4542 4363 4362
f 4542 4541 4363
f 4165 4326 4164
f 4165 4327 4326
f 4165 4328 4327
f 4165 4329 4328
f 4165 4330 4329
f 4543 4360 4359
f 4543 4361 4360
f 4543 4542 4361
f 4544 4358 4357
f 4544 4359 4358
f 4544 4543 4359
f 4545 4544 4357
f 4545 4357 4356
f 4166 4330 4165
f 4166 4331 4330
f 4166 4332 4331
f 4166 4333 4332
f 4546 4545 4356
f 4546 4355 4354
f 4546 4356 4355
f 4547 4546 4354
f 4547 4353 4352
f 4547 4354 4353
f 4548 4547 4352
f 4548 4351 4350
f 4548 4352 4351
f 4847 4774 4848
f 4847 4775 4774
f 4847 4107 4775
f 4849 4848 4774
f 4849 4774 4773
f 4846 4107 4847
f 4850 4772 4771
f 4850 4773 4772
f 4850 4849 4773
f 4845 4106 4107
f 4845 4107 4846
f 4851 4850 4771
f 4844 4106 4845
f 4852 4851 4771
f 4852 4770 4769
f 4852 4771 4770
f 4843 4106 4844
f 4167 4333 4166
f 4167 4334 4333
f 4167 4335 4334
f 4167 4336 4335
f 4853 4852 4769
f 4842 4105 4106
f 4842 4106 4843
f 4854 4769 4768
f 4854 4768 4485
f 4854 4853 4769
f 4841 4105 4842
f 4855 4854 4485
f 4840 4105 4841
f 4840 4104 4105
f 4856 4855 4485
f 4856 4485 4484
f 4839 4104 4840
f 4857 4856 4484
f 4838 4104 4839
f 4858 4484 4483
f 4858 4857 4484
f 4837 4103 4104
f 4837 4104 4838
f 4859 4858 4483
f 4836 4103 4837
f 4860 4483 4482
f 4860 4859 4483
f 4835 4103 4836
f 4861 4482 4481
f 4861 4860 4482
f 4834 4102 4103
f 4834 4103 4835
f 4862 4861 4481
f 4833 4102 4834
f 4863 4862 4481
f 4863 4481 4480
f 4832 4102 4833
f 4864 4863 4480
f 4831 4102 4832
f 4865 4864 4480
f 4865 4480 4479
f 4830 4102 4831
f 4830 4101 4102
f 4866 4865 4479
f 4829 4101 4830
f 4867 4479 4478
f 4867 4866 4479
f 4828 4101 4829
f 4868 4867 4478
f 4827 4101 4828
f 4869 4478 4477
f 4869 4868 4478
f 4168 4337 4336
f 4168 4338 4337
f 4168 4336 4167
f 4826 4101 4827
f 4826 4100 4101
f 4870 4869 4477
f 4825 4100 4826
f 4871 4870 4477
f 4871 4477 4476
f 4824 4100 4825
f 4872 4871 4476
f 4823 4100 4824
f 4873 4476 4475
f 4873 4872 4476
f 4822 4100 4823
f 4874 4873 4475
f 4099 4100 4822
f 4099 4822 4821
f 4875 4475 4474
f 4875 4874 4475
f 4820 4099 4821
f 4876 4875 4474
f 4819 4099 4820
f 4877 4474 4473
f 4877 4876 4474
f 4818 4099 4819
f 4878 4877 4473
f 4879 4473 4472
f 4879 4878 4473
f 4169 4338 4168
f 4169 4339 4338
f 4169 4340 4339
f 4169 4341 4340
f 4880 4879 4472
f 4881 4472 4471
f 4881 4880 4472
f 4882 4881 4471
f 4883 4882 4471
f 4883 4471 4470
f 4884 4883 4470
f 4098 4814 4813
f 4098 4815 4814
f 4098 4816 4815
f 4098 4817 4816
f 4098 4818 4817
f 4098 4099 4818
f 4885 4470 4469
f 4885 4884 4470
f 4886 4885 4469
f 4887 4469 4468
f 4887 4886 4469
f 4888 4468 4467
f 4888 4887 4468
f 4889 4888 4467
f 4170 4341 4169
f 4170 4342 4341
f 4170 4343 4342
f 4890 4467 4466
f 4890 4889 4467
f 4891 4890 4466
f 4892 4466 4465
f 4892 4891 4466
f 4893 4892 4465
f 4894 4893 4465
f 4097 4812 4811
f 4097 4813 4812
f 4097 4936 4935
f 4097 4811 4936
f 4097 4098 4813
f 4096 4097 4935
f 4096 4931 4930
f 4096 4932 4931
f 4096 4933 4932
f 4096 4934 4933
f 4096 4935 4934
f 4095 4096 4930
f 4095 4927 4926
f 4095 4928 4927
f 4095 4929 4928
f 4095 4930 4929
f 4094 4095 4926
f 4094 4923 4922
f 4094 4924 4923
f 4094 4925 4924
f 4094 4926 4925
f 4638 4551 4550
f 4637 4551 4638
f 4639 4638 4550
f 4636 4551 4637
f 4636 4552 4551
f 4640 4639 4550
f 4640 4550 4549
f 4635 4553 4552
f 4635 4552 4636
f 4641 4640 4549
f 4634 4553 4635
f 4642 4548 4350
f 4642 4641 4549
f 4642 4549 4548
f 4633 4553 4634
f 4633 4554 4553
f 4643 4642 4350
f 4643 4350 4349
f 4632 4554 4633
f 4644 4643 4349
f 4644 4349 4348
f 4631 4554 4632
f 4631 4555 4554
f 4645 4644 4348
f 4645 4347 4346
f 4645 4348 4347
f 4630 4555 4631
f 4646 4645 4346
f 4629 4555 4630
f 4629 4556 4555
f 4647 4346 4345
f 4647 4646 4346
f 4628 4556 4629
f 4648 4647 4345
f 4648 4345 4344
f 4627 4556 4628
f 4627 4557 4556
f 4649 4170 4171
f 4649 4648 4344
f 4649 4344 4343
f 4649 4343 4170
f 4626 4557 4627
f 4650 4649 4171
f 4625 4557 4626
f 4625 4558 4557
f 4651 4171 4172
f 4651 4650 4171
f 4624 4558 4625
f 4652 4651 4172
f 4623 4558 4624
f 4623 4433 4558
f 4653 4652 4172
f 4622 4433 4623
f 4654 4172 4173
f 4654 4653 4172
f 4621 4433 4622
f 4621 4434 4433
f 4655 4654 4173
f 4620 4434 4621
f 4656 4173 4174
f 4656 4655 4173
f 4619 4435 4434
f 4619 4434 4620
f 4093 4094 4922
f 4093 4919 4918
f 4093 4920 4919
f 4093 4921 4920
f 4093 4922 4921
f 4657 4656 4174
f 4618 4435 4619
f 4658 4657 4174
f 4617 4436 4435
f 4617 4435 4618
f 4659 4658 4174
f 4616 4436 4617
f 4615 4436 4616
f 4615 4437 4436
f 4614 4437 4615
f 4175 4661 4660
f 4175 4659 4174
f 4175 4660 4659
f 4662 4661 4175
f 4613 4438 4437
f 4613 4437 4614
f 4612 4438 4613
f 4611 4439 4438
f 4611 4438 4612
f 4610 4439 4611
f 4609 4439 4610
f 4609 4440 4439
f 4092 4093 4918
f 4092 4915 4914
f 4092 4916 4915
f 4092 4917 4916
f 4092 4918 4917
f 4608 4440 4609
f 4608 4441 4440
f 4607 4441 4608
f 4606 4441 4607
f 4606 4442 4441
f 4605 4442 4606
f 4176 4663 4662
f 4176 4662 4175
f 4176 4664 4663
f 4176 4665 4664
f 4176 4666 4665
f 4604 4442 4605
f 4604 4443 4442
f 4603 4443 4604
f 4602 4443 4603
f 4602 4444 4443
f 4091 4092 4914
f 4091 4912 4911
f 4091 4913 4912
f 4091 4914 4913
f 4177 4667 4666
f 4177 4668 4667
f 4177 4669 4668
f 4177 4670 4669
f 4177 4666 4176
f 4090 4091 4911
f 4090 4909 4908
f 4090 4910 4909
f 4090 4911 4910
f 4995 4457 4456
f 4994 4457 4995
f 4996 4995 4456
f 4993 4457 4994
f 4993 4458 4457
f 4997 4996 4456
f 4997 4456 4455
f 4992 4458 4993
f 4998 4997 4455
f 4991 4459 4458
f 4991 4458 4992
f 4999 4455 4454
f 4999 4998 4455
f 4990 4459 4991
f 5000 4999 4454
f 4989 4460 4459
f 4989 4459 4990
f 5001 5000 4454
f 5001 4454 4453
f 4988 4460 4989
f 5002 5001 4453
f 4178 4671 4670
f 4178 4672 4671
f 4178 4673 4672
f 4178 4674 4673
f 4178 4670 4177
f 4987 4461 4460
f 4987 4460 4988
f 5003 5002 4453
f 5003 4453 4452
f 4986 4462 4461
f 4986 4461 4987
f 5004 5003 4452
f 4985 4462 4986
f 5005 5004 4452
f 5005 4452 4451
f 4984 4463 4462
f 4984 4462 4985
f 5006 5005 4451
f 4983 4463 4984
f 5007 5006 4451
f 5007 4451 4450
f 4982 4464 4463
f 4982 4463 4983
f 5008 5007 4450
f 4981 4464 4982
f 5009 5008 4450
f 5009 4450 4449
f 4980 4464 4981
f 4980 4465 4464
f 4980 4894 4465
f 4089 4907 4906
f 4089 4908 4907
f 4089 4090 4908
f 5010 5009 4449
f 4979 4895 4894
f 4979 4896 4895
f 4979 4894 4980
f 5011 5010 4449
f 5011 4449 4448
f 4978 4896 4979
f 5012 5011 4448
f 4977 4897 4896
f 4977 4896 4978
f 5013 5012 4448
f 5013 4448 4447
f 4976 4898 4897
f 4976 4897 4977
f 5014 5013 4447
f 5014 4447 4446
f 4975 4899 4898
f 4975 4898 4976
f 4179 4675 4674
f 4179 4676 4675
f 4179 4677 4676
f 4179 4678 4677
f 4179 4674 4178
f 5015 5014 4446
f 4974 4900 4899
f 4974 4901 4900
f 4974 4899 4975
f 5016 5015 4446
f 5016 4446 4445
f 4973 4901 4974
f 5017 5016 4445
f 5018 5017 4445
f 5018 4445 4444
f 5019 5018 4444
f 4088 4904 4903
f 4088 4905 4904
f 4088 4906 4905
f 4088 4089 4906
f 5020 5019 4444
f 5020 4444 4602
f 5021 4602 4601
f 5021 5020 4602
f 5022 4601 4600
f 5022 5021 4601
f 5023 4600 4599
f 5023 5022 4600
f 4180 4679 4678
f 4180 4680 4679
f 4180 4681 4680
f 4180 4682 4681
f 4180 4683 4682
f 4180 4678 4179
f 5024 4599 4598
f 5024 5023 4599
f 5025 5024 4598
f 5025 4598 4597
f 5026 5025 4597
f 5026 4597 4596
f 4087 4088 4903
f 4087 4902 4901
f 4087 4903 4902
f 5027 5026 4596
f 5027 4596 4595
f 4055 4560 4559
f 4055 4561 4560
f 4055 4684 4683
f 4055 4559 4684
f 4055 4683 4180
f 4086 4972 4971
f 4086 4973 4972
f 4086 4087 4901
f 4086 4901 4973
f 4056 4562 4561
f 4056 4563 4562
f 4056 4564 4563
f 4056 4565 4564
f 4056 4566 4565
f 4056 4561 4055
f 4085 4969 4968
f 4085 4970 4969
f 4085 4971 4970
f 4085 4086 4971
f 4057 4566 4056
f 4057 4567 4566
f 4057 4568 4567
f 4057 4569 4568
f 4057 4570 4569
f 4084 4967 4966
f 4084 4968 4967
f 4084 4085 4968
f 4058 4571 4570
f 4058 4572 4571
f 4058 4573 4572
f 4058 4574 4573
f 4058 4570 4057
f 4083 4964 4963
f 4083 4965 4964
f 4083 4966 4965
f 4083 4084 4966
f 4059 4574 4058
f 4059 4575 4574
f 4059 4576 4575
f 4059 4577 4576
f 4059 4578 4577
f 4082 4083 4963
f 4082 4961 4960
f 4082 4962 4961
f 4082 4963 4962
f 4060 4579 4578
f 4060 4580 4579
f 4060 4581 4580
f 4060 4582 4581
f 4060 4578 4059
f 4081 4082 4960
f 4081 4957 4956
f 4081 4958 4957
f 4081 4959 4958
f 4081 4960 4959
f 4061 4583 4582
f 4061 4584 4583
f 4061 4585 4584
f 4061 4582 4060
f 4080 4081 4956
f 4080 4953 4952
f 4080 4954 4953
f 4080 4955 4954
f 4080 4956 4955
f 4062 4586 4585
f 4062 4587 4586
f 4062 4588 4587
f 4062 4585 4061
f 4079 4080 4952
f 4079 4949 4948
f 4079 4950 4949
f 4079 4951 4950
f 4079 4952 4951
f 4063 4588 4062
f 4063 4589 4588
f 4063 4590 4589
f 4078 4079 4948
f 4078 4945 4944
f 4078 4946 4945
f 4078 4947 4946
f 4078 4948 4947
f 4064 4591 4590
f 4064 4592 4591
f 4064 4593 4592
f 4064 4590 4063
f 4077 4940 4939
f 4077 4941 4940
f 4077 4078 4944
f 4077 4942 4941
f 4077 4943 4942
f 4077 4944 4943
f 4065 4594 4593
f 4065 4595 4594
f 4065 4593 4064
f 4076 4938 4937
f 4076 4939 4938
f 4076 4077 4939
f 4076 5062 5061
f 4076 4937 5062
f 4066 5027 4595
f 4066 4595 4065
f 4066 5028 5027
f 4066 5029 5028
f 4075 4076 5061
f 4075 5057 5056
f 4075 5058 5057
f 4075 5059 5058
f 4075 5060 5059
f 4075 5061 5060
f 4067 5029 4066
f 4067 5030 5029
f 4067 5031 5030
f 4067 5032 5031
f 4074 4075 5056
f 4074 5053 5052
f 4074 5054 5053
f 4074 5055 5054
f 4074 5056 5055
f 4068 5032 4067
f 4068 5033 5032
f 4068 5034 5033
f 4073 4074 5052
f 4073 5049 5048
f 4073 5050 5049
f 4073 5051 5050
f 4073 5052 5051
f 4069 5034 4068
f 4069 5035 5034
f 4069 5036 5035
f 4069 5037 5036
f 4072 4073 5048
f 4072 5045 5044
f 4072 5046 5045
f 4072 5047 5046
f 4072 5048 5047
f 4070 5037 4069
f 4070 5038 5037
f 4070 5039 5038
f 4070 5040 5039
f 4071 4072 5044
f 4071 5041 5040
f 4071 5042 5041
f 4071 5043 5042
f 4071 5044 5043
f 4071 5040 4070
f 5267 5142 5268
f 5267 5140 5141
f 5267 5141 5142
f 5269 5268 5142
f 5269 5142 5143
f 5266 5140 5267
f 5270 5269 5143
f 5270 5143 5144
f 5265 5140 5266
f 5265 5139 5140
f 5271 5270 5144
f 5271 5144 5145
f 5271 5145 5146
f 5264 5139 5265
f 5264 5138 5139
f 5272 5271 5146
f 5272 5146 5147
f 5263 5138 5264
f 5263 5137 5138
f 5273 5272 5147
f 5262 5137 5263
f 5262 5136 5137
f 5274 5273 5147
f 5274 5147 5148
f 5274 5148 5149
f 5261 5136 5262
f 5261 5135 5136
f 5275 5149 5150
f 5275 5274 5149
f 5260 5134 5135
f 5260 5135 5261
f 5276 5275 5150
f 5276 5150 5151
f 5259 5132 5133
f 5259 5133 5134
f 5259 5134 5260
f 5277 5276 5151
f 5258 5132 5259
f 5278 5277 5151
f 5278 5151 5152
f 5257 5130 5131
f 5257 5131 5132
f 5257 5132 5258
f 5279 5278 5152
f 5279 5152 5153
f 5256 5130 5257
f 5280 5279 5153
f 5280 5153 5154
f 5255 5128 5129
f 5255 5129 5130
f 5255 5130 5256
f 5281 5154 5155
f 5281 5155 5156
f 5281 5280 5154
f 5254 5128 5255
f 5254 5127 5128
f 5282 5281 5156
f 5253 5127 5254
f 5283 5282 5156
f 5283 5156 5157
f 5252 5126 5127
f 5252 5127 5253
f 5284 5283 5157
f 5284 5157 5158
f 5284 5158 5159
f 5251 5126 5252
f 5251 5125 5126
f 5285 5284 5159
f 5285 5159 5160
f 5250 5125 5251
f 5250 5124 5125
f 5286 5285 5160
f 5249 5124 5250
f 5249 5123 5124
f 5287 5286 5160
f 5287 5160 5161
f 5248 5122 5123
f 5248 5123 5249
f 5288 5287 5161
f 5288 5161 5162
f 5247 5122 5248
f 5247 5121 5122
f 5289 5288 5162
f 5289 5162 5163
f 5246 5121 5247
f 5246 5120 5121
f 5290 5163 5164
f 5290 5289 5163
f 5245 5120 5246
f 5245 5118 5119
f 5245 5119 5120
f 5291 5164 5165
f 5291 5290 5164
f 5291 5165 5166
f 5244 5118 5245
f 5292 5291 5166
f 5243 5118 5244
f 5243 5117 5118
f 5293 5166 5167
f 5293 5292 5166
f 5242 5116 5117
f 5242 5117 5243
f 5294 5167 5168
f 5294 5293 5167
f 5241 5115 5116
f 5241 5116 5242
f 5295 5168 5169
f 5295 5294 5168
f 5240 5113 5114
f 5240 5114 5115
f 5240 5115 5241
f 5296 5169 5170
f 5296 5295 5169
f 5239 5113 5240
f 5297 5170 5171
f 5297 5171 5172
f 5297 5296 5170
f 5238 5113 5239
f 5238 5112 5113
f 5111 5112 5238
f 5298 5297 5172
f 5237 5111 5238
f 5173 5298 5172
f 5299 5298 5173
f 5110 5111 5237
f 5110 5237 5236
f 5235 5110 5236
f 5174 5300 5299
f 5174 5299 5173
f 5109 5110 5235
f 5175 5300 5174
f 5175 5301 5300
f 5108 5109 5235
f 5108 5235 5234
f 5176 5301 5175
f 5176 5302 5301
f 5107 5108 5234
f 5107 5234 5233
f 5177 5302 5176
f 5177 5303 5302
f 5106 5107 5233
f 5106 5232 5231
f 5106 5233 5232
f 5178 5303 5177
f 5178 5304 5303
f 5105 5106 5231
f 5179 5305 5304
f 5179 5304 5178
f 5104 5105 5231
f 5104 5230 5229
f 5104 5231 5230
f 5180 5306 5305
f 5180 5305 5179
f 5103 5104 5229
f 5181 5307 5306
f 5181 5306 5180
f 5102 5103 5229
f 5102 5228 5227
f 5102 5229 5228
f 5182 5308 5307
f 5182 5307 5181
f 5101 5102 5227
f 5183 5308 5182
f 5183 5309 5308
f 5100 5101 5227
f 5100 5227 5226
f 5184 5309 5183
f 5184 5310 5309
f 5099 5225 5224
f 5099 5226 5225
f 5099 5100 5226
f 5185 5310 5184
f 5185 5311 5310
f 5098 5099 5224
f 5186 5311 5185
f 5186 5312 5311
f 5097 5098 5224
f 5097 5224 5223
f 5187 5312 5186
f 5187 5313 5312
f 5096 5223 5222
f 5096 5097 5223
f 5188 5314 5313
f 5188 5313 5187
f 5095 5222 5221
f 5095 5096 5222
f 5063 5190 5189
f 5063 5189 5314
f 5063 5314 5188
f 5094 5221 5220
f 5094 5095 5221
f 5064 5190 5063
f 5093 5220 5219
f 5093 5094 5220
f 5065 5191 5190
f 5065 5190 5064
f 5092 5093 5219
f 5092 5219 5218
f 5066 5192 5191
f 5066 5191 5065
f 5091 5218 5217
f 5091 5092 5218
f 5067 5193 5192
f 5067 5194 5193
f 5067 5192 5066
f 5090 5216 5215
f 5090 5217 5216
f 5090 5091 5217
f 5068 5194 5067
f 5089 5090 5215
f 5089 5215 5214
f 5069 5194 5068
f 5069 5195 5194
f 5088 5089 5214
f 5088 5214 5213
f 5070 5196 5195
f 5070 5195 5069
f 5087 5088 5213
f 5071 5197 5196
f 5071 5196 5070
f 5086 5087 5213
f 5086 5212 5211
f 5086 5213 5212
f 5072 5198 5197
f 5072 5197 5071
f 5085 5086 5211
f 5073 5198 5072
f 5073 5199 5198
f 5073 5200 5199
f 5084 5085 5211
f 5084 5211 5210
f 5074 5200 5073
f 5083 5084 5210
f 5083 5210 5209
f 5075 5200 5074
f 5075 5201 5200
f 5082 5083 5209
f 5082 5209 5208
f 5076 5201 5075
f 5076 5202 5201
f 5081 5082 5208
f 5081 5208 5207
f 5077 5202 5076
f 5077 5203 5202
f 5077 5204 5203
f 5080 5207 5206
f 5080 5081 5207
f 5078 5204 5077
f 5079 5205 5204
f 5079 5206 5205
f 5079 5080 5206
f 5079 5204 5078
f 5317 5443 5444
f 5318 5444 5445
f 5318 5317 5444
f 5319 5445 5446
f 5319 5318 5445
f 5320 5446 5447
f 5320 5319 5446
f 5321 5447 5448
f 5321 5320 5447
f 5322 5448 5449
f 5322 5321 5448
f 5323 5322 5449
f 5324 5449 5450
f 5324 5323 5449
f 5325 5450 5451
f 5325 5324 5450
f 5326 5451 5452
f 5326 5452 5453
f 5326 5325 5451
f 5327 5326 5453
f 5328 5327 5453
f 5328 5453 5454
f 5329 5328 5454
f 5329 5454 5455
f 5330 5329 5455
f 5330 5455 5456
f 5330 5456 5457
f 5331 5330 5457
f 5332 5331 5457
f 5332 5457 5458
f 5333 5332 5458
f 5333 5458 5459
f 5334 5333 5459
f 5334 5459 5460
f 5334 5460 5461
f 5335 5334 5461
f 5336 5335 5461
f 5336 5461 5462
f 5336 5462 5463
f 5337 5336 5463
f 5338 5337 5463
f 5338 5463 5464
f 5338 5464 5465
f 5339 5338 5465
f 5340 5465 5466
f 5340 5339 5465
f 5341 5466 5467
f 5341 5340 5466
f 5342 5467 5468
f 5342 5341 5467
f 5343 5468 5469
f 5343 5342 5468
f 5344 5469 5470
f 5344 5343 5469
f 5345 5470 5471
f 5345 5344 5470
f 5346 5471 5472
f 5346 5345 5471
f 5347 5472 5473
f 5347 5346 5472
f 5348 5473 5474
f 5348 5347 5473
f 5349 5474 5475
f 5349 5475 5476
f 5349 5348 5474
f 5350 5349 5476
f 5351 5476 5477
f 5351 5350 5476
f 5352 5477 5478
f 5352 5478 5479
f 5352 5351 5477
f 5353 5352 5479
f 5354 5353 5479
f 5354 5479 5480
f 5355 5354 5480
f 5355 5480 5481
f 5355 5481 5482
f 5356 5355 5482
f 5357 5356 5482
f 5357 5482 5483
f 5358 5357 5483
f 5358 5483 5484
f 5359 5358 5484
f 5359 5484 5485
f 5359 5485 5486
f 5360 5359 5486
f 5361 5360 5486
f 5361 5486 5487
f 5361 5487 5488
f 5362 5361 5488
f 5362 5488 5489
f 5363 5362 5489
f 5364 5363 5489
f 5364 5489 5490
f 5365 5364 5490
f 5365 5490 5491
f 5365 5491 5492
f 5366 5365 5492
f 5367 5366 5492
f 5367 5492 5493
f 5368 5367 5493
f 5368 5493 5494
f 5368 5494 5495
f 5369 5368 5495
f 5369 5495 5496
f 5370 5369 5496
f 5371 5370 5496
f 5371 5496 5497
f 5372 5371 5497
f 5372 5497 5498
f 5373 5372 5498
f 5373 5498 5499
f 5374 5373 5499
f 5374 5499 5500
f 5375 5500 5501
f 5375 5374 5500
f 5375 5501 5502
f 5376 5375 5502
f 5377 5502 5503
f 5377 5503 5504
f 5377 5376 5502
f 5378 5504 5505
f 5378 5377 5504
f 5379 5378 5505
f 5380 5379 5505
f 5380 5505 5506
f 5381 5380 5506
f 5381 5506 5507
f 5382 5381 5507
f 5382 5507 5508
f 5382 5508 5509
f 5383 5382 5509
f 5383 5509 5510
f 5384 5383 5510
f 5385 5384 5510
f 5385 5510 5511
f 5386 5385 5511
f 5386 5511 5512
f 5387 5386 5512
f 5387 5512 5513
f 5388 5387 5513
f 5388 5513 5514
f 5388 5514 5515
f 5389 5388 5515
f 5390 5516 5517
f 5390 5389 5515
f 5390 5515 5516
f 5391 5517 5518
f 5391 5390 5517
f 5392 5391 5518
f 5393 5518 5519
f 5393 5519 5520
f 5393 5392 5518
f 5394 5393 5520
f 5395 5520 5521
f 5395 5394 5520
f 5396 5521 5522
f 5396 5395 5521
f 5397 5522 5523
f 5397 5396 5522
f 5398 5523 5524
f 5398 5397 5523
f 5399 5524 5525
f 5399 5525 5526
f 5399 5398 5524
f 5400 5399 5526
f 5401 5526 5527
f 5401 5527 5528
f 5401 5400 5526
f 5402 5401 5528
f 5403 5528 5529
f 5403 5529 5530
f 5403 5402 5528
f 5404 5403 5530
f 5405 5404 5530
f 5405 5530 5531
f 5406 5405 5531
f 5406 5531 5532
f 5407 5406 5532
f 5407 5532 5533
f 5407 5533 5534
f 5408 5407 5534
f 5409 5534 5535
f 5409 5408 5534
f 5410 5535 5536
f 5410 5409 5535
f 5411 5536 5537
f 5411 5537 5538
f 5411 5410 5536
f 5412 5411 5538
f 5413 5538 5539
f 5413 5539 5540
f 5413 5412 5538
f 5414 5413 5540
f 5415 5540 5541
f 5415 5414 5540
f 5416 5541 5542
f 5416 5415 5541
f 5417 5542 5543
f 5417 5416 5542
f 5418 5543 5544
f 5418 5544 5545
f 5418 5417 5543
f 5419 5418 5545
f 5420 5545 5546
f 5420 5546 5547
f 5420 5419 5545
f 5421 5420 5547
f 5422 5547 5548
f 5422 5548 5549
f 5422 5421 5547
f 5423 5422 5549
f 5424 5549 5550
f 5424 5423 5549
f 5425 5550 5551
f 5425 5551 5552
f 5425 5424 5550
f 5426 5425 5552
f 5427 5552 5553
f 5427 5426 5552
f 5428 5553 5554
f 5428 5554 5555
f 5428 5427 5553
f 5429 5428 5555
f 5430 5429 5555
f 5430 5555 5556
f 5431 5430 5556
f 5431 5556 5557
f 5432 5431 5557
f 5432 5557 5558
f 5433 5432 5558
f 5433 5558 5559
f 5434 5433 5559
f 5434 5559 5560
f 5434 5560 5561
f 5435 5434 5561
f 5436 5435 5561
f 5436 5561 5562
f 5437 5436 5562
f 5437 5562 5563
f 5438 5437 5563
f 5438 5563 5564
f 5438 5564 5565
f 5439 5438 5565
f 5440 5439 5565
f 5440 5565 5566
f 5441 5440 5566
f 5441 5566 5567
f 5442 5441 5567
f 5442 5567 5568
f 5316 5568 5315
f 5316 5442 5568
f 5570 5569 5696
f 5570 5696 5697
f 5571 5697 5698
f 5571 5698 5699
f 5571 5570 5697
f 5572 5699 5700
f 5572 5571 5699
f 5573 5700 5701
f 5573 5572 5700
f 5574 5701 5702
f 5574 5573 5701
f 5575 5702 5703
f 5575 5574 5702
f 5576 5575 5703
f 5577 5703 5704
f 5577 5704 5705
f 5577 5576 5703
f 5578 5577 5705
f 5579 5705 5706
f 5579 5578 5705
f 5580 5579 5706
f 5580 5706 5707
f 5581 5580 5707
f 5581 5707 5708
f 5581 5708 5709
f 5582 5581 5709
f 5583 5582 5709
f 5583 5709 5710
f 5584 5583 5710
f 5584 5710 5711
f 5585 5584 5711
f 5585 5711 5712
f 5586 5585 5712
f 5586 5712 5713
f 5587 5586 5713
f 5587 5713 5714
f 5588 5587 5714
f 5588 5714 5715
f 5589 5588 5715
f 5589 5715 5716
f 5590 5589 5716
f 5590 5716 5717
f 5591 5590 5717
f 5591 5717 5718
f 5591 5718 5719
f 5592 5591 5719
f 5593 5719 5720
f 5593 5720 5721
f 5593 5592 5719
f 5594 5593 5721
f 5595 5721 5722
f 5595 5594 5721
f 5596 5722 5723
f 5596 5723 5724
f 5596 5595 5722
f 5597 5596 5724
f 5598 5724 5725
f 5598 5597 5724
f 5599 5725 5726
f 5599 5726 5727
f 5599 5598 5725
f 5600 5599 5727
f 5601 5727 5728
f 5601 5728 5729
f 5601 5600 5727
f 5602 5601 5729
f 5603 5729 5730
f 5603 5730 5731
f 5603 5602 5729
f 5604 5603 5731
f 5605 5604 5731
f 5605 5731 5732
f 5606 5605 5732
f 5606 5732 5733
f 5607 5606 5733
f 5607 5733 5734
f 5608 5607 5734
f 5608 5734 5735
f 5609 5608 5735
f 5609 5735 5736
f 5610 5609 5736
f 5610 5736 5737
f 5611 5610 5737
f 5611 5737 5738
f 5611 5738 5739
f 5612 5611 5739
f 5613 5612 5739
f 5613 5739 5740
f 5613 5740 5741
f 5614 5613 5741
f 5614 5741 5742
f 5615 5614 5742
f 5615 5742 5743
f 5616 5615 5743
f 5617 5616 5743
f 5617 5743 5744
f 5618 5617 5744
f 5618 5744 5745
f 5619 5618 5745
f 5619 5745 5746
f 5620 5619 5746
f 5620 5746 5747
f 5621 5620 5747
f 5621 5747 5748
f 5622 5621 5748
f 5622 5748 5749
f 5623 5622 5749
f 5623 5749 5750
f 5624 5623 5750
f 5624 5750 5751
f 5625 5624 5751
f 5625 5751 5752
f 5625 5752 5753
f 5626 5753 5754
f 5626 5625 5753
f 5627 5626 5754
f 5628 5754 5755
f 5628 5755 5756
f 5628 5627 5754
f 5629 5756 5757
f 5629 5628 5756
f 5630 5629 5757
f 5631 5630 5757
f 5631 5757 5758
f 5632 5631 5758
f 5632 5758 5759
f 5633 5632 5759
f 5633 5759 5760
f 5634 5633 5760
f 5634 5760 5761
f 5635 5634 5761
f 5635 5761 5762
f 5636 5635 5762
f 5636 5762 5763
f 5637 5636 5763
f 5637 5763 5764
f 5638 5637 5764
f 5638 5764 5765
f 5639 5638 5765
f 5639 5765 5766
f 5640 5639 5766
f 5640 5766 5767
f 5641 5640 5767
f 5641 5767 5768
f 5642 5641 5768
f 5642 5768 5769
f 5643 5642 5769
f 5643 5769 5770
f 5644 5770 5771
f 5644 5643 5770
f 5645 5771 5772
f 5645 5644 5771
f 5646 5772 5773
f 5646 5645 5772
f 5647 5773 5774
f 5647 5646 5773
f 5648 5774 5775
f 5648 5647 5774
f 5649 5775 5776
f 5649 5648 5775
f 5650 5776 5777
f 5650 5777 5778
f 5650 5649 5776
f 5651 5650 5778
f 5652 5778 5779
f 5652 5651 5778
f 5653 5779 5780
f 5653 5780 5781
f 5653 5652 5779
f 5654 5781 5782
f 5654 5653 5781
f 5655 5654 5782
f 5656 5782 5783
f 5656 5655 5782
f 5657 5656 5783
f 5657 5783 5784
f 5658 5657 5784
f 5658 5784 5785
f 5659 5658 5785
f 5659 5785 5786
f 5660 5659 5786
f 5660 5786 5787
f 5661 5787 5788
f 5661 5788 5789
f 5661 5660 5787
f 5662 5789 5790
f 5662 5661 5789
f 5663 5662 5790
f 5664 5790 5791
f 5664 5663 5790
f 5665 5791 5792
f 5665 5664 5791
f 5666 5792 5793
f 5666 5665 5792
f 5667 5793 5794
f 5667 5794 5795
f 5667 5666 5793
f 5668 5667 5795
f 5669 5795 5796
f 5669 5668 5795
f 5670 5796 5797
f 5670 5669 5796
f 5671 5797 5798
f 5671 5670 5797
f 5672 5798 5799
f 5672 5671 5798
f 5673 5799 5800
f 5673 5672 5799
f 5674 5800 5801
f 5674 5673 5800
f 5675 5801 5802
f 5675 5674 5801
f 5676 5802 5803
f 5676 5803 5804
f 5676 5675 5802
f 5677 5676 5804
f 5678 5804 5805
f 5678 5805 5806
f 5678 5677 5804
f 5679 5678 5806
f 5680 5806 5807
f 5680 5679 5806
f 5681 5680 5807
f 5681 5807 5808
f 5682 5681 5808
f 5682 5808 5809
f 5683 5682 5809
f 5683 5809 5810
f 5684 5683 5810
f 5684 5810 5811
f 5685 5684 5811
f 5685 5811 5812
f 5686 5685 5812
f 5686 5812 5813
f 5687 5686 5813
f 5687 5813 5814
f 5688 5687 5814
f 5688 5814 5815
f 5689 5688 5815
f 5689 5815 5816
f 5690 5689 5816
f 5690 5816 5817
f 5691 5690 5817
f 5691 5817 5818
f 5692 5691 5818
f 5692 5818 5819
f 5693 5819 5820
f 5693 5692 5819
f 5694 5693 5820
f 5694 5820 5821
f 5695 5821 5822
f 5695 5694 5821
f 6027 5902 6028
f 6027 5901 5902
f 6029 6028 5902
f 6029 5902 5903
f 6029 5903 5904
f 6026 5900 5901
f 6026 5901 6027
f 6030 5904 5905
f 6030 6029 5904
f 6025 5899 5900
f 6025 5900 6026
f 6031 6030 5905
f 6024 5899 6025
f 6024 5897 5898
f 6024 5898 5899
f 6032 6031 5905
f 6032 5905 5906
f 6023 5897 6024
f 6033 6032 5906
f 6033 5906 5907
f 6022 5897 6023
f 6022 5895 5896
f 6022 5896 5897
f 6034 6033 5907
f 6034 5907 5908
f 6021 5895 6022
f 6035 6034 5908
f 6035 5908 5909
f 6035 5909 5910
f 6020 5895 6021
f 6020 5894 5895
f 6036 6035 5910
f 6019 5894 6020
f 6019 5892 5893
f 6019 5893 5894
f 6037 6036 5910
f 6037 5910 5911
f 6018 5892 6019
f 6018 5891 5892
f 6038 6037 5911
f 6038 5911 5912
f 6017 5891 6018
f 6039 6038 5912
f 6039 5912 5913
f 6039 5913 5914
f 6016 5891 6017
f 6016 5890 5891
f 6040 6039 5914
f 6015 5890 6016
f 6015 5888 5889
f 6015 5889 5890
f 6041 6040 5914
f 6041 5914 5915
f 6014 5888 6015
f 6042 6041 5915
f 6042 5915 5916
f 6013 5887 5888
f 6013 5888 6014
f 6043 6042 5916
f 6043 5916 5917
f 6012 5885 5886
f 6012 5886 5887
f 6012 5887 6013
f 6044 6043 5917
f 6044 5917 5918
f 6044 5918 5919
f 6011 5885 6012
f 6045 6044 5919
f 6010 5883 5884
f 6010 5884 5885
f 6010 5885 6011
f 6046 6045 5919
f 6046 5919 5920
f 6009 5882 5883
f 6009 5883 6010
f 6047 6046 5920
f 6047 5920 5921
f 6008 5882 6009
f 6048 6047 5921
f 6048 5921 5922
f 6007 5882 6008
f 6007 5880 5881
f 6007 5881 5882
f 6049 6048 5922
f 6049 5922 5923
f 6006 5880 6007
f 6050 5923 5924
f 6050 6049 5923
f 6005 5880 6006
f 6005 5879 5880
f 6051 5924 5925
f 6051 6050 5924
f 6004 5879 6005
f 6004 5878 5879
f 6052 5925 5926
f 6052 6051 5925
f 6003 5878 6004
f 6003 5877 5878
f 6053 5926 5927
f 6053 6052 5926
f 6002 5876 5877
f 6002 5877 6003
f 6054 5927 5928
f 6054 6053 5927
f 6001 5876 6002
f 6001 5875 5876
f 5929 6054 5928
f 6055 6054 5929
f 6000 5874 5875
f 6000 5875 6001
f 6056 5929 5930
f 6056 6055 5929
f 5999 5873 5874
f 5999 5874 6000
f 6057 5930 5931
f 6057 6056 5930
f 5998 5873 5999
f 5998 5872 5873
f 5932 6057 5931
f 6058 6057 5932
f 5997 5871 5872
f 5997 5872 5998
f 6059 5932 5933
f 6059 6058 5932
f 5996 5871 5997
f 5870 5871 5996
f 5934 6060 6059
f 5934 6059 5933
f 5995 5870 5996
f 5869 5870 5995
f 5935 6060 5934
f 5935 6061 6060
f 5994 5869 5995
f 5868 5869 5994
f 6062 6061 5935
f 5936 6062 5935
f 5993 5868 5994
f 5867 5868 5993
f 5937 6062 5936
f 5937 6063 6062
f 5866 5867 5993
f 5866 5993 5992
f 5938 6063 5937
f 5938 6064 6063
f 5865 5866 5992
f 5865 5992 5991
f 5990 5865 5991
f 5939 6065 6064
f 5939 6064 5938
f 5864 5865 5990
f 5940 6066 6065
f 5940 6065 5939
f 6067 6066 5940
f 5863 5864 5990
f 5863 5990 5989
f 5988 5863 5989
f 5941 6067 5940
f 5862 5863 5988
f 5942 6067 5941
f 5942 6068 6067
f 5861 5987 5986
f 5861 5988 5987
f 5861 5862 5988
f 5943 6069 6068
f 5943 6070 6069
f 5943 6068 5942
f 5860 5861 5986
f 5944 6070 5943
f 5859 5986 5985
f 5859 5860 5986
f 5945 6071 6070
f 5945 6072 6071
f 5945 6070 5944
f 5858 5984 5983
f 5858 5985 5984
f 5858 5859 5985
f 5946 6072 5945
f 5857 5858 5983
f 5947 6072 5946
f 5947 6073 6072
f 5947 6074 6073
f 5856 5857 5983
f 5856 5983 5982
f 5948 6074 5947
f 5855 5856 5982
f 5855 5981 5980
f 5855 5982 5981
f 5823 6074 5948
f 5823 5949 6074
f 5854 5855 5980
f 5824 5950 5949
f 5824 5951 5950
f 5824 5949 5823
f 5853 5854 5980
f 5853 5980 5979
f 5825 5951 5824
f 5852 5853 5979
f 5852 5979 5978
f 5826 5952 5951
f 5826 5951 5825
f 5851 5977 5976
f 5851 5978 5977
f 5851 5852 5978
f 5827 5953 5952
f 5827 5952 5826
f 5850 5851 5976
f 5828 5954 5953
f 5828 5953 5827
f 5849 5976 5975
f 5849 5850 5976
f 5829 5955 5954
f 5829 5954 5828
f 5848 5974 5973
f 5848 5975 5974
f 5848 5849 5975
f 5830 5956 5955
f 5830 5955 5829
f 5847 5848 5973
f 5831 5956 5830
f 5831 5957 5956
f 5846 5847 5973
f 5846 5973 5972
f 5832 5957 5831
f 5832 5958 5957
f 5832 5959 5958
f 5845 5846 5972
f 5845 5972 5971
f 5833 5959 5832
f 5833 5960 5959
f 5844 5845 5971
f 5844 5970 5969
f 5844 5971 5970
f 5834 5961 5960
f 5834 5960 5833
f 5843 5844 5969
f 5835 5961 5834
f 5835 5962 5961
f 5842 5843 5969
f 5842 5969 5968
f 5836 5962 5835
f 5841 5842 5968
f 5841 5967 5966
f 5841 5968 5967
f 5837 5963 5962
f 5837 5962 5836
f 5840 5841 5966
f 5838 5963 5837
f 5838 5964 5963
f 5839 5965 5964
f 5839 5966 5965
f 5839 5840 5966
f 5839 5964 5838
