# Cadless export: model
v 4.7697 1.5 0
v 4.68917 1.73543 0
v 4.59702 1.96657 0
v 4.49349 2.19283 0
v 4.37884 2.41367 0
v 4.25334 2.62852 0
v 4.1173 2.83687 0
v 3.97107 3.03819 0
v 3.815 3.23199 0
v 3.64949 3.41778 0
v 3.47494 3.59511 0
v 3.29178 3.76354 0
v 3.10047 3.92264 0
v 2.90148 4.07203 0
v 2.6953 4.21134 0
v 2.48245 4.34021 0
v 2.26345 4.45834 0
v 2.03885 4.56542 0
v 1.8092 4.6612 0
v 1.57506 4.74544 0
v 1.33703 4.81792 0
v 1.09569 4.87847 0
v 0.851627 4.92694 0
v 0.605459 4.96321 0
v 0.357791 4.98718 0
v 0.109238 4.99881 0
v -0.139586 4.99805 0
v -0.388065 4.98492 0
v -0.635582 4.95944 0
v -0.881525 4.92168 0
v -1.12529 4.87173 0
v -1.36626 4.80971 0
v -1.60385 4.73579 0
v -1.83747 4.65013 0
v -2.06653 4.55296 0
v -2.29048 4.44451 0
v -2.50876 4.32506 0
v -2.72082 4.19489 0
v -2.92615 4.05434 0
v -3.12423 3.90374 0
v -3.31457 3.74348 0
v -3.4967 3.57395 0
v -3.67017 3.39556 0
v -3.83456 3.20877 0
v -3.98944 3.01403 0
v -4.13445 2.81182 0
v -4.26922 2.60265 0
v -4.39341 2.38704 0
v -4.50672 2.16551 0
v -4.60888 1.93862 0
v -4.69962 1.70693 0
v -4.77872 1.47101 0
v -4.84598 1.23145 0
v -4.90124 0.988841 0
v -4.94437 0.743782 0
v -4.97525 0.49688 0
v -4.99381 0.248748 0
v -5 -1.49308e-14 0
v -4.99381 -0.248748 0
v -4.97525 -0.49688 0
v -4.94437 -0.743782 0
v -4.90124 -0.988841 0
v -4.84598 -1.23145 0
v -4.77872 -1.47101 0
v -4.69962 -1.70693 0
v -4.60888 -1.93862 0
v -4.50672 -2.16551 0
v -4.39341 -2.38704 0
v -4.26922 -2.60265 0
v -4.13445 -2.81182 0
v -3.98944 -3.01403 0
v -3.83456 -3.20877 0
v -3.67017 -3.39556 0
v -3.4967 -3.57395 0
v -3.31457 -3.74348 0
v -3.12423 -3.90374 0
v -2.92615 -4.05434 0
v -2.72082 -4.19489 0
v -2.50876 -4.32506 0
v -2.29048 -4.44451 0
v -2.06653 -4.55296 0
v -1.83747 -4.65013 0
v -1.60385 -4.73579 0
v -1.36626 -4.80971 0
v -1.12529 -4.87173 0
v -0.881525 -4.92168 0
v -0.635582 -4.95944 0
v -0.388065 -4.98492 0
v -0.139586 -4.99805 0
v 0.109238 -4.99881 0
v 0.357791 -4.98718 0
v 0.605459 -4.96321 0
v 0.851627 -4.92694 0
v 1.09569 -4.87847 0
v 1.33703 -4.81792 0
v 1.57506 -4.74544 0
v 1.8092 -4.6612 0
v 2.03885 -4.56542 0
v 2.26345 -4.45834 0
v 2.48245 -4.34021 0
v 2.6953 -4.21134 0
v 2.90148 -4.07203 0
v 3.10047 -3.92264 0
v 3.29178 -3.76354 0
v 3.47494 -3.59511 0
v 3.64949 -3.41778 0
v 3.815 -3.23199 0
v 3.97107 -3.03819 0
v 4.1173 -2.83687 0
v 4.25334 -2.62852 0
v 4.37884 -2.41367 0
v 4.49349 -2.19283 0
v 4.59702 -1.96657 0
v 4.68917 -1.73543 0
v 4.7697 -1.5 0
v 30 -1.5 0
v 30 1.5 0
v 2.5 -6.12323e-16 0
v 2.49689 0.124615 0
v 2.48758 0.24892 0
v 2.47208 0.372606 0
v 2.45043 0.495365 0
v 2.42269 0.616893 0
v 2.38893 0.736888 0
v 2.34923 0.85505 0
v 2.30369 0.971087 0
v 2.25242 1.08471 0
v 2.19555 1.19563 0
v 2.13323 1.30359 0
v 2.0656 1.4083 0
v 1.99283 1.50951 0
v 1.91511 1.60697 0
v 1.83263 1.70043 0
v 1.74559 1.78967 0
v 1.65421 1.87445 0
v 1.55872 1.95458 0
v 1.45936 2.02985 0
v 1.35637 2.10006 0
v 1.25 2.16506 0
v 1.14053 2.22468 0
v 1.02822 2.27876 0
v 0.913353 2.32718 0
v 0.796217 2.36982 0
v 0.677101 2.40656 0
v 0.556302 2.43732 0
v 0.43412 2.46202 0
v 0.310859 2.4806 0
v 0.186825 2.49301 0
v 0.0623267 2.49922 0
v -0.0623267 2.49922 0
v -0.186825 2.49301 0
v -0.310859 2.4806 0
v -0.43412 2.46202 0
v -0.556302 2.43732 0
v -0.677101 2.40656 0
v -0.796217 2.36982 0
v -0.913353 2.32718 0
v -1.02822 2.27876 0
v -1.14053 2.22468 0
v -1.25 2.16506 0
v -1.35637 2.10006 0
v -1.45936 2.02985 0
v -1.55872 1.95458 0
v -1.65421 1.87445 0
v -1.74559 1.78967 0
v -1.83263 1.70043 0
v -1.91511 1.60697 0
v -1.99283 1.50951 0
v -2.0656 1.4083 0
v -2.13323 1.30359 0
v -2.19555 1.19563 0
v -2.25242 1.08471 0
v -2.30369 0.971087 0
v -2.34923 0.85505 0
v -2.38893 0.736888 0
v -2.42269 0.616893 0
v -2.45043 0.495365 0
v -2.47208 0.372606 0
v -2.48758 0.24892 0
v -2.49689 0.124615 0
v -2.5 -8.57562e-15 0
v -2.49689 -0.124615 0
v -2.48758 -0.24892 0
v -2.47208 -0.372606 0
v -2.45043 -0.495365 0
v -2.42269 -0.616893 0
v -2.38893 -0.736888 0
v -2.34923 -0.85505 0
v -2.30369 -0.971087 0
v -2.25242 -1.08471 0
v -2.19555 -1.19563 0
v -2.13323 -1.30359 0
v -2.0656 -1.4083 0
v -1.99283 -1.50951 0
v -1.91511 -1.60697 0
v -1.83263 -1.70043 0
v -1.74559 -1.78967 0
v -1.65421 -1.87445 0
v -1.55872 -1.95458 0
v -1.45936 -2.02985 0
v -1.35637 -2.10006 0
v -1.25 -2.16506 0
v -1.14053 -2.22468 0
v -1.02822 -2.27876 0
v -0.913353 -2.32718 0
v -0.796217 -2.36982 0
v -0.677101 -2.40656 0
v -0.556302 -2.43732 0
v -0.43412 -2.46202 0
v -0.310859 -2.4806 0
v -0.186825 -2.49301 0
v -0.0623267 -2.49922 0
v 0.0623267 -2.49922 0
v 0.186825 -2.49301 0
v 0.310859 -2.4806 0
v 0.43412 -2.46202 0
v 0.556302 -2.43732 0
v 0.677101 -2.40656 0
v 0.796217 -2.36982 0
v 0.913353 -2.32718 0
v 1.02822 -2.27876 0
v 1.14053 -2.22468 0
v 1.25 -2.16506 0
v 1.35637 -2.10006 0
v 1.45936 -2.02985 0
v 1.55872 -1.95458 0
v 1.65421 -1.87445 0
v 1.74559 -1.78967 0
v 1.83263 -1.70043 0
v 1.91511 -1.60697 0
v 1.99283 -1.50951 0
v 2.0656 -1.4083 0
v 2.13323 -1.30359 0
v 2.19555 -1.19563 0
v 2.25242 -1.08471 0
v 2.30369 -0.971087 0
v 2.34923 -0.85505 0
v 2.38893 -0.736888 0
v 2.42269 -0.616893 0
v 2.45043 -0.495365 0
v 2.47208 -0.372606 0
v 2.48758 -0.24892 0
v 2.49689 -0.124615 0
v 4.7697 1.5 11.9
v 4.68917 1.73543 11.9
v 4.59702 1.96657 11.9
v 4.49349 2.19283 11.9
v 4.37884 2.41367 11.9
v 4.25334 2.62852 11.9
v 4.1173 2.83687 11.9
v 3.97107 3.03819 11.9
v 3.815 3.23199 11.9
v 3.64949 3.41778 11.9
v 3.47494 3.59511 11.9
v 3.29178 3.76354 11.9
v 3.10047 3.92264 11.9
v 2.90148 4.07203 11.9
v 2.6953 4.21134 11.9
v 2.48245 4.34021 11.9
v 2.26345 4.45834 11.9
v 2.03885 4.56542 11.9
v 1.8092 4.6612 11.9
v 1.57506 4.74544 11.9
v 1.33703 4.81792 11.9
v 1.09569 4.87847 11.9
v 0.851627 4.92694 11.9
v 0.605459 4.96321 11.9
v 0.357791 4.98718 11.9
v 0.109238 4.99881 11.9
v -0.139586 4.99805 11.9
v -0.388065 4.98492 11.9
v -0.635582 4.95944 11.9
v -0.881525 4.92168 11.9
v -1.12529 4.87173 11.9
v -1.36626 4.80971 11.9
v -1.60385 4.73579 11.9
v -1.83747 4.65013 11.9
v -2.06653 4.55296 11.9
v -2.29048 4.44451 11.9
v -2.50876 4.32506 11.9
v -2.72082 4.19489 11.9
v -2.92615 4.05434 11.9
v -3.12423 3.90374 11.9
v -3.31457 3.74348 11.9
v -3.4967 3.57395 11.9
v -3.67017 3.39556 11.9
v -3.83456 3.20877 11.9
v -3.98944 3.01403 11.9
v -4.13445 2.81182 11.9
v -4.26922 2.60265 11.9
v -4.39341 2.38704 11.9
v -4.50672 2.16551 11.9
v -4.60888 1.93862 11.9
v -4.69962 1.70693 11.9
v -4.77872 1.47101 11.9
v -4.84598 1.23145 11.9
v -4.90124 0.988841 11.9
v -4.94437 0.743782 11.9
v -4.97525 0.49688 11.9
v -4.99381 0.248748 11.9
v -5 9.49411e-15 11.9
v -4.99381 -0.248748 11.9
v -4.97525 -0.49688 11.9
v -4.94437 -0.743782 11.9
v -4.90124 -0.988841 11.9
v -4.84598 -1.23145 11.9
v -4.77872 -1.47101 11.9
v -4.69962 -1.70693 11.9
v -4.60888 -1.93862 11.9
v -4.50672 -2.16551 11.9
v -4.39341 -2.38704 11.9
v -4.26922 -2.60265 11.9
v -4.13445 -2.81182 11.9
v -3.98944 -3.01403 11.9
v -3.83456 -3.20877 11.9
v -3.67017 -3.39556 11.9
v -3.4967 -3.57395 11.9
v -3.31457 -3.74348 11.9
v -3.12423 -3.90374 11.9
v -2.92615 -4.05434 11.9
v -2.72082 -4.19489 11.9
v -2.50876 -4.32506 11.9
v -2.29048 -4.44451 11.9
v -2.06653 -4.55296 11.9
v -1.83747 -4.65013 11.9
v -1.60385 -4.73579 11.9
v -1.36626 -4.80971 11.9
v -1.12529 -4.87173 11.9
v -0.881525 -4.92168 11.9
v -0.635582 -4.95944 11.9
v -0.388065 -4.98492 11.9
v -0.139586 -4.99805 11.9
v 0.109238 -4.99881 11.9
v 0.357791 -4.98718 11.9
v 0.605459 -4.96321 11.9
v 0.851627 -4.92694 11.9
v 1.09569 -4.87847 11.9
v 1.33703 -4.81792 11.9
v 1.57506 -4.74544 11.9
v 1.8092 -4.6612 11.9
v 2.03885 -4.56542 11.9
v 2.26345 -4.45834 11.9
v 2.48245 -4.34021 11.9
v 2.6953 -4.21134 11.9
v 2.90148 -4.07203 11.9
v 3.10047 -3.92264 11.9
v 3.29178 -3.76354 11.9
v 3.47494 -3.59511 11.9
v 3.64949 -3.41778 11.9
v 3.815 -3.23199 11.9
v 3.97107 -3.03819 11.9
v 4.1173 -2.83687 11.9
v 4.25334 -2.62852 11.9
v 4.37884 -2.41367 11.9
v 4.49349 -2.19283 11.9
v 4.59702 -1.96657 11.9
v 4.68917 -1.73543 11.9
v 4.7697 -1.5 11.9
v 4.7697 1.5 0
v 4.68917 1.73543 0
v 4.59702 1.96657 0
v 4.49349 2.19283 0
v 4.37884 2.41367 0
v 4.25334 2.62852 0
v 4.1173 2.83687 0
v 3.97107 3.03819 0
v 3.815 3.23199 0
v 3.64949 3.41778 0
v 3.47494 3.59511 0
v 3.29178 3.76354 0
v 3.10047 3.92264 0
v 2.90148 4.07203 0
v 2.6953 4.21134 0
v 2.48245 4.34021 0
v 2.26345 4.45834 0
v 2.03885 4.56542 0
v 1.8092 4.6612 0
v 1.57506 4.74544 0
v 1.33703 4.81792 0
v 1.09569 4.87847 0
v 0.851627 4.92694 0
v 0.605459 4.96321 0
v 0.357791 4.98718 0
v 0.109238 4.99881 0
v -0.139586 4.99805 0
v -0.388065 4.98492 0
v -0.635582 4.95944 0
v -0.881525 4.92168 0
v -1.12529 4.87173 0
v -1.36626 4.80971 0
v -1.60385 4.73579 0
v -1.83747 4.65013 0
v -2.06653 4.55296 0
v -2.29048 4.44451 0
v -2.50876 4.32506 0
v -2.72082 4.19489 0
v -2.92615 4.05434 0
v -3.12423 3.90374 0
v -3.31457 3.74348 0
v -3.4967 3.57395 0
v -3.67017 3.39556 0
v -3.83456 3.20877 0
v -3.98944 3.01403 0
v -4.13445 2.81182 0
v -4.26922 2.60265 0
v -4.39341 2.38704 0
v -4.50672 2.16551 0
v -4.60888 1.93862 0
v -4.69962 1.70693 0
v -4.77872 1.47101 0
v -4.84598 1.23145 0
v -4.90124 0.988841 0
v -4.94437 0.743782 0
v -4.97525 0.49688 0
v -4.99381 0.248748 0
v -5 -1.49308e-14 0
v -4.99381 -0.248748 0
v -4.97525 -0.49688 0
v -4.94437 -0.743782 0
v -4.90124 -0.988841 0
v -4.84598 -1.23145 0
v -4.77872 -1.47101 0
v -4.69962 -1.70693 0
v -4.60888 -1.93862 0
v -4.50672 -2.16551 0
v -4.39341 -2.38704 0
v -4.26922 -2.60265 0
v -4.13445 -2.81182 0
v -3.98944 -3.01403 0
v -3.83456 -3.20877 0
v -3.67017 -3.39556 0
v -3.4967 -3.57395 0
v -3.31457 -3.74348 0
v -3.12423 -3.90374 0
v -2.92615 -4.05434 0
v -2.72082 -4.19489 0
v -2.50876 -4.32506 0
v -2.29048 -4.44451 0
v -2.06653 -4.55296 0
v -1.83747 -4.65013 0
v -1.60385 -4.73579 0
v -1.36626 -4.80971 0
v -1.12529 -4.87173 0
v -0.881525 -4.92168 0
v -0.635582 -4.95944 0
v -0.388065 -4.98492 0
v -0.139586 -4.99805 0
v 0.109238 -4.99881 0
v 0.357791 -4.98718 0
v 0.605459 -4.96321 0
v 0.851627 -4.92694 0
v 1.09569 -4.87847 0
v 1.33703 -4.81792 0
v 1.57506 -4.74544 0
v 1.8092 -4.6612 0
v 2.03885 -4.56542 0
v 2.26345 -4.45834 0
v 2.48245 -4.34021 0
v 2.6953 -4.21134 0
v 2.90148 -4.07203 0
v 3.10047 -3.92264 0
v 3.29178 -3.76354 0
v 3.47494 -3.59511 0
v 3.64949 -3.41778 0
v 3.815 -3.23199 0
v 3.97107 -3.03819 0
v 4.1173 -2.83687 0
v 4.25334 -2.62852 0
v 4.37884 -2.41367 0
v 4.49349 -2.19283 0
v 4.59702 -1.96657 0
v 4.68917 -1.73543 0
v 4.7697 -1.5 0
v 4.7697 1.5 0
v 30 1.5 0
v 4.7697 1.5 11.9
v 3 1.5 11.9
v 3 1.5 12
v 4.87442 1.5 12
v 4.87442 1.5 24
v 3 1.5 24
v 3 1.5 24.1
v 4.7697 1.5 24.1
v 4.7697 1.5 35.9
v 3 1.5 35.9
v 3 1.5 36
v 4.87442 1.5 36
v 4.87442 1.5 48
v 3 1.5 48
v 3 1.5 48.1
v 4.7697 1.5 48.1
v 4.7697 1.5 60
v 30 1.5 60
v 15.5 1.5 45
v 15.4969 1.5 45.1246
v 15.4876 1.5 45.2489
v 15.4721 1.5 45.3726
v 15.4504 1.5 45.4954
v 15.4227 1.5 45.6169
v 15.3889 1.5 45.7369
v 15.3492 1.5 45.8551
v 15.3037 1.5 45.9711
v 15.2524 1.5 46.0847
v 15.1956 1.5 46.1956
v 15.1332 1.5 46.3036
v 15.0656 1.5 46.4083
v 14.9928 1.5 46.5095
v 14.9151 1.5 46.607
v 14.8326 1.5 46.7004
v 14.7456 1.5 46.7897
v 14.6542 1.5 46.8745
v 14.5587 1.5 46.9546
v 14.4594 1.5 47.0298
v 14.3564 1.5 47.1001
v 14.25 1.5 47.1651
v 14.1405 1.5 47.2247
v 14.0282 1.5 47.2788
v 13.9134 1.5 47.3272
v 13.7962 1.5 47.3698
v 13.6771 1.5 47.4066
v 13.5563 1.5 47.4373
v 13.4341 1.5 47.462
v 13.3109 1.5 47.4806
v 13.1868 1.5 47.493
v 13.0623 1.5 47.4992
v 12.9377 1.5 47.4992
v 12.8132 1.5 47.493
v 12.6891 1.5 47.4806
v 12.5659 1.5 47.462
v 12.4437 1.5 47.4373
v 12.3229 1.5 47.4066
v 12.2038 1.5 47.3698
v 12.0866 1.5 47.3272
v 11.9718 1.5 47.2788
v 11.8595 1.5 47.2247
v 11.75 1.5 47.1651
v 11.6436 1.5 47.1001
v 11.5406 1.5 47.0298
v 11.4413 1.5 46.9546
v 11.3458 1.5 46.8745
v 11.2544 1.5 46.7897
v 11.1674 1.5 46.7004
v 11.0849 1.5 46.607
v 11.0072 1.5 46.5095
v 10.9344 1.5 46.4083
v 10.8668 1.5 46.3036
v 10.8044 1.5 46.1956
v 10.7476 1.5 46.0847
v 10.6963 1.5 45.9711
v 10.6508 1.5 45.8551
v 10.6111 1.5 45.7369
v 10.5773 1.5 45.6169
v 10.5496 1.5 45.4954
v 10.5279 1.5 45.3726
v 10.5124 1.5 45.2489
v 10.5031 1.5 45.1246
v 10.5 1.5 45
v 10.5031 1.5 44.8754
v 10.5124 1.5 44.7511
v 10.5279 1.5 44.6274
v 10.5496 1.5 44.5046
v 10.5773 1.5 44.3831
v 10.6111 1.5 44.2631
v 10.6508 1.5 44.1449
v 10.6963 1.5 44.0289
v 10.7476 1.5 43.9153
v 10.8044 1.5 43.8044
v 10.8668 1.5 43.6964
v 10.9344 1.5 43.5917
v 11.0072 1.5 43.4905
v 11.0849 1.5 43.393
v 11.1674 1.5 43.2996
v 11.2544 1.5 43.2103
v 11.3458 1.5 43.1255
v 11.4413 1.5 43.0454
v 11.5406 1.5 42.9702
v 11.6436 1.5 42.8999
v 11.75 1.5 42.8349
v 11.8595 1.5 42.7753
v 11.9718 1.5 42.7212
v 12.0866 1.5 42.6728
v 12.2038 1.5 42.6302
v 12.3229 1.5 42.5934
v 12.4437 1.5 42.5627
v 12.5659 1.5 42.538
v 12.6891 1.5 42.5194
v 12.8132 1.5 42.507
v 12.9377 1.5 42.5008
v 13.0623 1.5 42.5008
v 13.1868 1.5 42.507
v 13.3109 1.5 42.5194
v 13.4341 1.5 42.538
v 13.5563 1.5 42.5627
v 13.6771 1.5 42.5934
v 13.7962 1.5 42.6302
v 13.9134 1.5 42.6728
v 14.0282 1.5 42.7212
v 14.1405 1.5 42.7753
v 14.25 1.5 42.8349
v 14.3564 1.5 42.8999
v 14.4594 1.5 42.9702
v 14.5587 1.5 43.0454
v 14.6542 1.5 43.1255
v 14.7456 1.5 43.2103
v 14.8326 1.5 43.2996
v 14.9151 1.5 43.393
v 14.9928 1.5 43.4905
v 15.0656 1.5 43.5917
v 15.1332 1.5 43.6964
v 15.1956 1.5 43.8044
v 15.2524 1.5 43.9153
v 15.3037 1.5 44.0289
v 15.3492 1.5 44.1449
v 15.3889 1.5 44.2631
v 15.4227 1.5 44.3831
v 15.4504 1.5 44.5046
v 15.4721 1.5 44.6274
v 15.4876 1.5 44.7511
v 15.4969 1.5 44.8754
v 27.5 1.5 15
v 27.4969 1.5 15.1246
v 27.4876 1.5 15.2489
v 27.4721 1.5 15.3726
v 27.4504 1.5 15.4954
v 27.4227 1.5 15.6169
v 27.3889 1.5 15.7369
v 27.3492 1.5 15.8551
v 27.3037 1.5 15.9711
v 27.2524 1.5 16.0847
v 27.1956 1.5 16.1956
v 27.1332 1.5 16.3036
v 27.0656 1.5 16.4083
v 26.9928 1.5 16.5095
v 26.9151 1.5 16.607
v 26.8326 1.5 16.7004
v 26.7456 1.5 16.7897
v 26.6542 1.5 16.8745
v 26.5587 1.5 16.9546
v 26.4594 1.5 17.0298
v 26.3564 1.5 17.1001
v 26.25 1.5 17.1651
v 26.1405 1.5 17.2247
v 26.0282 1.5 17.2788
v 25.9134 1.5 17.3272
v 25.7962 1.5 17.3698
v 25.6771 1.5 17.4066
v 25.5563 1.5 17.4373
v 25.4341 1.5 17.462
v 25.3109 1.5 17.4806
v 25.1868 1.5 17.493
v 25.0623 1.5 17.4992
v 24.9377 1.5 17.4992
v 24.8132 1.5 17.493
v 24.6891 1.5 17.4806
v 24.5659 1.5 17.462
v 24.4437 1.5 17.4373
v 24.3229 1.5 17.4066
v 24.2038 1.5 17.3698
v 24.0866 1.5 17.3272
v 23.9718 1.5 17.2788
v 23.8595 1.5 17.2247
v 23.75 1.5 17.1651
v 23.6436 1.5 17.1001
v 23.5406 1.5 17.0298
v 23.4413 1.5 16.9546
v 23.3458 1.5 16.8745
v 23.2544 1.5 16.7897
v 23.1674 1.5 16.7004
v 23.0849 1.5 16.607
v 23.0072 1.5 16.5095
v 22.9344 1.5 16.4083
v 22.8668 1.5 16.3036
v 22.8044 1.5 16.1956
v 22.7476 1.5 16.0847
v 22.6963 1.5 15.9711
v 22.6508 1.5 15.8551
v 22.6111 1.5 15.7369
v 22.5773 1.5 15.6169
v 22.5496 1.5 15.4954
v 22.5279 1.5 15.3726
v 22.5124 1.5 15.2489
v 22.5031 1.5 15.1246
v 22.5 1.5 15
v 22.5031 1.5 14.8754
v 22.5124 1.5 14.7511
v 22.5279 1.5 14.6274
v 22.5496 1.5 14.5046
v 22.5773 1.5 14.3831
v 22.6111 1.5 14.2631
v 22.6508 1.5 14.1449
v 22.6963 1.5 14.0289
v 22.7476 1.5 13.9153
v 22.8044 1.5 13.8044
v 22.8668 1.5 13.6964
v 22.9344 1.5 13.5917
v 23.0072 1.5 13.4905
v 23.0849 1.5 13.393
v 23.1674 1.5 13.2996
v 23.2544 1.5 13.2103
v 23.3458 1.5 13.1255
v 23.4413 1.5 13.0454
v 23.5406 1.5 12.9702
v 23.6436 1.5 12.8999
v 23.75 1.5 12.8349
v 23.8595 1.5 12.7753
v 23.9718 1.5 12.7212
v 24.0866 1.5 12.6728
v 24.2038 1.5 12.6302
v 24.3229 1.5 12.5934
v 24.4437 1.5 12.5627
v 24.5659 1.5 12.538
v 24.6891 1.5 12.5194
v 24.8132 1.5 12.507
v 24.9377 1.5 12.5008
v 25.0623 1.5 12.5008
v 25.1868 1.5 12.507
v 25.3109 1.5 12.5194
v 25.4341 1.5 12.538
v 25.5563 1.5 12.5627
v 25.6771 1.5 12.5934
v 25.7962 1.5 12.6302
v 25.9134 1.5 12.6728
v 26.0282 1.5 12.7212
v 26.1405 1.5 12.7753
v 26.25 1.5 12.8349
v 26.3564 1.5 12.8999
v 26.4594 1.5 12.9702
v 26.5587 1.5 13.0454
v 26.6542 1.5 13.1255
v 26.7456 1.5 13.2103
v 26.8326 1.5 13.2996
v 26.9151 1.5 13.393
v 26.9928 1.5 13.4905
v 27.0656 1.5 13.5917
v 27.1332 1.5 13.6964
v 27.1956 1.5 13.8044
v 27.2524 1.5 13.9153
v 27.3037 1.5 14.0289
v 27.3492 1.5 14.1449
v 27.3889 1.5 14.2631
v 27.4227 1.5 14.3831
v 27.4504 1.5 14.5046
v 27.4721 1.5 14.6274
v 27.4876 1.5 14.7511
v 27.4969 1.5 14.8754
v 4.7697 -1.5 0
v 30 -1.5 0
v 4.7697 -1.5 11.9
v 3 -1.5 11.9
v 3 -1.5 12
v 4.87442 -1.5 12
v 4.87442 -1.5 24
v 3 -1.5 24
v 3 -1.5 24.1
v 4.7697 -1.5 24.1
v 4.7697 -1.5 35.9
v 3 -1.5 35.9
v 3 -1.5 36
v 4.87442 -1.5 36
v 4.87442 -1.5 48
v 3 -1.5 48
v 3 -1.5 48.1
v 4.7697 -1.5 48.1
v 4.7697 -1.5 60
v 30 -1.5 60
v 15.5 -1.5 45
v 15.4969 -1.5 45.1246
v 15.4876 -1.5 45.2489
v 15.4721 -1.5 45.3726
v 15.4504 -1.5 45.4954
v 15.4227 -1.5 45.6169
v 15.3889 -1.5 45.7369
v 15.3492 -1.5 45.8551
v 15.3037 -1.5 45.9711
v 15.2524 -1.5 46.0847
v 15.1956 -1.5 46.1956
v 15.1332 -1.5 46.3036
v 15.0656 -1.5 46.4083
v 14.9928 -1.5 46.5095
v 14.9151 -1.5 46.607
v 14.8326 -1.5 46.7004
v 14.7456 -1.5 46.7897
v 14.6542 -1.5 46.8745
v 14.5587 -1.5 46.9546
v 14.4594 -1.5 47.0298
v 14.3564 -1.5 47.1001
v 14.25 -1.5 47.1651
v 14.1405 -1.5 47.2247
v 14.0282 -1.5 47.2788
v 13.9134 -1.5 47.3272
v 13.7962 -1.5 47.3698
v 13.6771 -1.5 47.4066
v 13.5563 -1.5 47.4373
v 13.4341 -1.5 47.462
v 13.3109 -1.5 47.4806
v 13.1868 -1.5 47.493
v 13.0623 -1.5 47.4992
v 12.9377 -1.5 47.4992
v 12.8132 -1.5 47.493
v 12.6891 -1.5 47.4806
v 12.5659 -1.5 47.462
v 12.4437 -1.5 47.4373
v 12.3229 -1.5 47.4066
v 12.2038 -1.5 47.3698
v 12.0866 -1.5 47.3272
v 11.9718 -1.5 47.2788
v 11.8595 -1.5 47.2247
v 11.75 -1.5 47.1651
v 11.6436 -1.5 47.1001
v 11.5406 -1.5 47.0298
v 11.4413 -1.5 46.9546
v 11.3458 -1.5 46.8745
v 11.2544 -1.5 46.7897
v 11.1674 -1.5 46.7004
v 11.0849 -1.5 46.607
v 11.0072 -1.5 46.5095
v 10.9344 -1.5 46.4083
v 10.8668 -1.5 46.3036
v 10.8044 -1.5 46.1956
v 10.7476 -1.5 46.0847
v 10.6963 -1.5 45.9711
v 10.6508 -1.5 45.8551
v 10.6111 -1.5 45.7369
v 10.5773 -1.5 45.6169
v 10.5496 -1.5 45.4954
v 10.5279 -1.5 45.3726
v 10.5124 -1.5 45.2489
v 10.5031 -1.5 45.1246
v 10.5 -1.5 45
v 10.5031 -1.5 44.8754
v 10.5124 -1.5 44.7511
v 10.5279 -1.5 44.6274
v 10.5496 -1.5 44.5046
v 10.5773 -1.5 44.3831
v 10.6111 -1.5 44.2631
v 10.6508 -1.5 44.1449
v 10.6963 -1.5 44.0289
v 10.7476 -1.5 43.9153
v 10.8044 -1.5 43.8044
v 10.8668 -1.5 43.6964
v 10.9344 -1.5 43.5917
v 11.0072 -1.5 43.4905
v 11.0849 -1.5 43.393
v 11.1674 -1.5 43.2996
v 11.2544 -1.5 43.2103
v 11.3458 -1.5 43.1255
v 11.4413 -1.5 43.0454
v 11.5406 -1.5 42.9702
v 11.6436 -1.5 42.8999
v 11.75 -1.5 42.8349
v 11.8595 -1.5 42.7753
v 11.9718 -1.5 42.7212
v 12.0866 -1.5 42.6728
v 12.2038 -1.5 42.6302
v 12.3229 -1.5 42.5934
v 12.4437 -1.5 42.5627
v 12.5659 -1.5 42.538
v 12.6891 -1.5 42.5194
v 12.8132 -1.5 42.507
v 12.9377 -1.5 42.5008
v 13.0623 -1.5 42.5008
v 13.1868 -1.5 42.507
v 13.3109 -1.5 42.5194
v 13.4341 -1.5 42.538
v 13.5563 -1.5 42.5627
v 13.6771 -1.5 42.5934
v 13.7962 -1.5 42.6302
v 13.9134 -1.5 42.6728
v 14.0282 -1.5 42.7212
v 14.1405 -1.5 42.7753
v 14.25 -1.5 42.8349
v 14.3564 -1.5 42.8999
v 14.4594 -1.5 42.9702
v 14.5587 -1.5 43.0454
v 14.6542 -1.5 43.1255
v 14.7456 -1.5 43.2103
v 14.8326 -1.5 43.2996
v 14.9151 -1.5 43.393
v 14.9928 -1.5 43.4905
v 15.0656 -1.5 43.5917
v 15.1332 -1.5 43.6964
v 15.1956 -1.5 43.8044
v 15.2524 -1.5 43.9153
v 15.3037 -1.5 44.0289
v 15.3492 -1.5 44.1449
v 15.3889 -1.5 44.2631
v 15.4227 -1.5 44.3831
v 15.4504 -1.5 44.5046
v 15.4721 -1.5 44.6274
v 15.4876 -1.5 44.7511
v 15.4969 -1.5 44.8754
v 27.5 -1.5 15
v 27.4969 -1.5 15.1246
v 27.4876 -1.5 15.2489
v 27.4721 -1.5 15.3726
v 27.4504 -1.5 15.4954
v 27.4227 -1.5 15.6169
v 27.3889 -1.5 15.7369
v 27.3492 -1.5 15.8551
v 27.3037 -1.5 15.9711
v 27.2524 -1.5 16.0847
v 27.1956 -1.5 16.1956
v 27.1332 -1.5 16.3036
v 27.0656 -1.5 16.4083
v 26.9928 -1.5 16.5095
v 26.9151 -1.5 16.607
v 26.8326 -1.5 16.7004
v 26.7456 -1.5 16.7897
v 26.6542 -1.5 16.8745
v 26.5587 -1.5 16.9546
v 26.4594 -1.5 17.0298
v 26.3564 -1.5 17.1001
v 26.25 -1.5 17.1651
v 26.1405 -1.5 17.2247
v 26.0282 -1.5 17.2788
v 25.9134 -1.5 17.3272
v 25.7962 -1.5 17.3698
v 25.6771 -1.5 17.4066
v 25.5563 -1.5 17.4373
v 25.4341 -1.5 17.462
v 25.3109 -1.5 17.4806
v 25.1868 -1.5 17.493
v 25.0623 -1.5 17.4992
v 24.9377 -1.5 17.4992
v 24.8132 -1.5 17.493
v 24.6891 -1.5 17.4806
v 24.5659 -1.5 17.462
v 24.4437 -1.5 17.4373
v 24.3229 -1.5 17.4066
v 24.2038 -1.5 17.3698
v 24.0866 -1.5 17.3272
v 23.9718 -1.5 17.2788
v 23.8595 -1.5 17.2247
v 23.75 -1.5 17.1651
v 23.6436 -1.5 17.1001
v 23.5406 -1.5 17.0298
v 23.4413 -1.5 16.9546
v 23.3458 -1.5 16.8745
v 23.2544 -1.5 16.7897
v 23.1674 -1.5 16.7004
v 23.0849 -1.5 16.607
v 23.0072 -1.5 16.5095
v 22.9344 -1.5 16.4083
v 22.8668 -1.5 16.3036
v 22.8044 -1.5 16.1956
v 22.7476 -1.5 16.0847
v 22.6963 -1.5 15.9711
v 22.6508 -1.5 15.8551
v 22.6111 -1.5 15.7369
v 22.5773 -1.5 15.6169
v 22.5496 -1.5 15.4954
v 22.5279 -1.5 15.3726
v 22.5124 -1.5 15.2489
v 22.5031 -1.5 15.1246
v 22.5 -1.5 15
v 22.5031 -1.5 14.8754
v 22.5124 -1.5 14.7511
v 22.5279 -1.5 14.6274
v 22.5496 -1.5 14.5046
v 22.5773 -1.5 14.3831
v 22.6111 -1.5 14.2631
v 22.6508 -1.5 14.1449
v 22.6963 -1.5 14.0289
v 22.7476 -1.5 13.9153
v 22.8044 -1.5 13.8044
v 22.8668 -1.5 13.6964
v 22.9344 -1.5 13.5917
v 23.0072 -1.5 13.4905
v 23.0849 -1.5 13.393
v 23.1674 -1.5 13.2996
v 23.2544 -1.5 13.2103
v 23.3458 -1.5 13.1255
v 23.4413 -1.5 13.0454
v 23.5406 -1.5 12.9702
v 23.6436 -1.5 12.8999
v 23.75 -1.5 12.8349
v 23.8595 -1.5 12.7753
v 23.9718 -1.5 12.7212
v 24.0866 -1.5 12.6728
v 24.2038 -1.5 12.6302
v 24.3229 -1.5 12.5934
v 24.4437 -1.5 12.5627
v 24.5659 -1.5 12.538
v 24.6891 -1.5 12.5194
v 24.8132 -1.5 12.507
v 24.9377 -1.5 12.5008
v 25.0623 -1.5 12.5008
v 25.1868 -1.5 12.507
v 25.3109 -1.5 12.5194
v 25.4341 -1.5 12.538
v 25.5563 -1.5 12.5627
v 25.6771 -1.5 12.5934
v 25.7962 -1.5 12.6302
v 25.9134 -1.5 12.6728
v 26.0282 -1.5 12.7212
v 26.1405 -1.5 12.7753
v 26.25 -1.5 12.8349
v 26.3564 -1.5 12.8999
v 26.4594 -1.5 12.9702
v 26.5587 -1.5 13.0454
v 26.6542 -1.5 13.1255
v 26.7456 -1.5 13.2103
v 26.8326 -1.5 13.2996
v 26.9151 -1.5 13.393
v 26.9928 -1.5 13.4905
v 27.0656 -1.5 13.5917
v 27.1332 -1.5 13.6964
v 27.1956 -1.5 13.8044
v 27.2524 -1.5 13.9153
v 27.3037 -1.5 14.0289
v 27.3492 -1.5 14.1449
v 27.3889 -1.5 14.2631
v 27.4227 -1.5 14.3831
v 27.4504 -1.5 14.5046
v 27.4721 -1.5 14.6274
v 27.4876 -1.5 14.7511
v 27.4969 -1.5 14.8754
v 30 -1.5 0
v 30 -1.5 60
v 30 1.5 0
v 30 1.5 60
v 2.5 -6.12323e-16 11.9
v 2.49689 0.124615 11.9
v 2.48758 0.24892 11.9
v 2.47208 0.372606 11.9
v 2.45043 0.495365 11.9
v 2.42269 0.616893 11.9
v 2.38893 0.736888 11.9
v 2.34923 0.85505 11.9
v 2.30369 0.971087 11.9
v 2.25242 1.08471 11.9
v 2.19555 1.19563 11.9
v 2.13323 1.30359 11.9
v 2.0656 1.4083 11.9
v 1.99283 1.50951 11.9
v 1.91511 1.60697 11.9
v 1.83263 1.70043 11.9
v 1.74559 1.78967 11.9
v 1.65421 1.87445 11.9
v 1.55872 1.95458 11.9
v 1.45936 2.02985 11.9
v 1.35637 2.10006 11.9
v 1.25 2.16506 11.9
v 1.14053 2.22468 11.9
v 1.02822 2.27876 11.9
v 0.913353 2.32718 11.9
v 0.796217 2.36982 11.9
v 0.677101 2.40656 11.9
v 0.556302 2.43732 11.9
v 0.43412 2.46202 11.9
v 0.310859 2.4806 11.9
v 0.186825 2.49301 11.9
v 0.0623267 2.49922 11.9
v -0.0623267 2.49922 11.9
v -0.186825 2.49301 11.9
v -0.310859 2.4806 11.9
v -0.43412 2.46202 11.9
v -0.556302 2.43732 11.9
v -0.677101 2.40656 11.9
v -0.796217 2.36982 11.9
v -0.913353 2.32718 11.9
v -1.02822 2.27876 11.9
v -1.14053 2.22468 11.9
v -1.25 2.16506 11.9
v -1.35637 2.10006 11.9
v -1.45936 2.02985 11.9
v -1.55872 1.95458 11.9
v -1.65421 1.87445 11.9
v -1.74559 1.78967 11.9
v -1.83263 1.70043 11.9
v -1.91511 1.60697 11.9
v -1.99283 1.50951 11.9
v -2.0656 1.4083 11.9
v -2.13323 1.30359 11.9
v -2.19555 1.19563 11.9
v -2.25242 1.08471 11.9
v -2.30369 0.971087 11.9
v -2.34923 0.85505 11.9
v -2.38893 0.736888 11.9
v -2.42269 0.616893 11.9
v -2.45043 0.495365 11.9
v -2.47208 0.372606 11.9
v -2.48758 0.24892 11.9
v -2.49689 0.124615 11.9
v -2.5 -8.57562e-15 11.9
v -2.49689 -0.124615 11.9
v -2.48758 -0.24892 11.9
v -2.47208 -0.372606 11.9
v -2.45043 -0.495365 11.9
v -2.42269 -0.616893 11.9
v -2.38893 -0.736888 11.9
v -2.34923 -0.85505 11.9
v -2.30369 -0.971087 11.9
v -2.25242 -1.08471 11.9
v -2.19555 -1.19563 11.9
v -2.13323 -1.30359 11.9
v -2.0656 -1.4083 11.9
v -1.99283 -1.50951 11.9
v -1.91511 -1.60697 11.9
v -1.83263 -1.70043 11.9
v -1.74559 -1.78967 11.9
v -1.65421 -1.87445 11.9
v -1.55872 -1.95458 11.9
v -1.45936 -2.02985 11.9
v -1.35637 -2.10006 11.9
v -1.25 -2.16506 11.9
v -1.14053 -2.22468 11.9
v -1.02822 -2.27876 11.9
v -0.913353 -2.32718 11.9
v -0.796217 -2.36982 11.9
v -0.677101 -2.40656 11.9
v -0.556302 -2.43732 11.9
v -0.43412 -2.46202 11.9
v -0.310859 -2.4806 11.9
v -0.186825 -2.49301 11.9
v -0.0623267 -2.49922 11.9
v 0.0623267 -2.49922 11.9
v 0.186825 -2.49301 11.9
v 0.310859 -2.4806 11.9
v 0.43412 -2.46202 11.9
v 0.556302 -2.43732 11.9
v 0.677101 -2.40656 11.9
v 0.796217 -2.36982 11.9
v 0.913353 -2.32718 11.9
v 1.02822 -2.27876 11.9
v 1.14053 -2.22468 11.9
v 1.25 -2.16506 11.9
v 1.35637 -2.10006 11.9
v 1.45936 -2.02985 11.9
v 1.55872 -1.95458 11.9
v 1.65421 -1.87445 11.9
v 1.74559 -1.78967 11.9
v 1.83263 -1.70043 11.9
v 1.91511 -1.60697 11.9
v 1.99283 -1.50951 11.9
v 2.0656 -1.4083 11.9
v 2.13323 -1.30359 11.9
v 2.19555 -1.19563 11.9
v 2.25242 -1.08471 11.9
v 2.30369 -0.971087 11.9
v 2.34923 -0.85505 11.9
v 2.38893 -0.736888 11.9
v 2.42269 -0.616893 11.9
v 2.45043 -0.495365 11.9
v 2.47208 -0.372606 11.9
v 2.48758 -0.24892 11.9
v 2.49689 -0.124615 11.9
v 2.5 -6.12323e-16 11.9
v 2.5 -6.12323e-16 0
v 2.49689 0.124615 0
v 2.48758 0.24892 0
v 2.47208 0.372606 0
v 2.45043 0.495365 0
v 2.42269 0.616893 0
v 2.38893 0.736888 0
v 2.34923 0.85505 0
v 2.30369 0.971087 0
v 2.25242 1.08471 0
v 2.19555 1.19563 0
v 2.13323 1.30359 0
v 2.0656 1.4083 0
v 1.99283 1.50951 0
v 1.91511 1.60697 0
v 1.83263 1.70043 0
v 1.74559 1.78967 0
v 1.65421 1.87445 0
v 1.55872 1.95458 0
v 1.45936 2.02985 0
v 1.35637 2.10006 0
v 1.25 2.16506 0
v 1.14053 2.22468 0
v 1.02822 2.27876 0
v 0.913353 2.32718 0
v 0.796217 2.36982 0
v 0.677101 2.40656 0
v 0.556302 2.43732 0
v 0.43412 2.46202 0
v 0.310859 2.4806 0
v 0.186825 2.49301 0
v 0.0623267 2.49922 0
v -0.0623267 2.49922 0
v -0.186825 2.49301 0
v -0.310859 2.4806 0
v -0.43412 2.46202 0
v -0.556302 2.43732 0
v -0.677101 2.40656 0
v -0.796217 2.36982 0
v -0.913353 2.32718 0
v -1.02822 2.27876 0
v -1.14053 2.22468 0
v -1.25 2.16506 0
v -1.35637 2.10006 0
v -1.45936 2.02985 0
v -1.55872 1.95458 0
v -1.65421 1.87445 0
v -1.74559 1.78967 0
v -1.83263 1.70043 0
v -1.91511 1.60697 0
v -1.99283 1.50951 0
v -2.0656 1.4083 0
v -2.13323 1.30359 0
v -2.19555 1.19563 0
v -2.25242 1.08471 0
v -2.30369 0.971087 0
v -2.34923 0.85505 0
v -2.38893 0.736888 0
v -2.42269 0.616893 0
v -2.45043 0.495365 0
v -2.47208 0.372606 0
v -2.48758 0.24892 0
v -2.49689 0.124615 0
v -2.5 -8.57562e-15 0
v -2.49689 -0.124615 0
v -2.48758 -0.24892 0
v -2.47208 -0.372606 0
v -2.45043 -0.495365 0
v -2.42269 -0.616893 0
v -2.38893 -0.736888 0
v -2.34923 -0.85505 0
v -2.30369 -0.971087 0
v -2.25242 -1.08471 0
v -2.19555 -1.19563 0
v -2.13323 -1.30359 0
v -2.0656 -1.4083 0
v -1.99283 -1.50951 0
v -1.91511 -1.60697 0
v -1.83263 -1.70043 0
v -1.74559 -1.78967 0
v -1.65421 -1.87445 0
v -1.55872 -1.95458 0
v -1.45936 -2.02985 0
v -1.35637 -2.10006 0
v -1.25 -2.16506 0
v -1.14053 -2.22468 0
v -1.02822 -2.27876 0
v -0.913353 -2.32718 0
v -0.796217 -2.36982 0
v -0.677101 -2.40656 0
v -0.556302 -2.43732 0
v -0.43412 -2.46202 0
v -0.310859 -2.4806 0
v -0.186825 -2.49301 0
v -0.0623267 -2.49922 0
v 0.0623267 -2.49922 0
v 0.186825 -2.49301 0
v 0.310859 -2.4806 0
v 0.43412 -2.46202 0
v 0.556302 -2.43732 0
v 0.677101 -2.40656 0
v 0.796217 -2.36982 0
v 0.913353 -2.32718 0
v 1.02822 -2.27876 0
v 1.14053 -2.22468 0
v 1.25 -2.16506 0
v 1.35637 -2.10006 0
v 1.45936 -2.02985 0
v 1.55872 -1.95458 0
v 1.65421 -1.87445 0
v 1.74559 -1.78967 0
v 1.83263 -1.70043 0
v 1.91511 -1.60697 0
v 1.99283 -1.50951 0
v 2.0656 -1.4083 0
v 2.13323 -1.30359 0
v 2.19555 -1.19563 0
v 2.25242 -1.08471 0
v 2.30369 -0.971087 0
v 2.34923 -0.85505 0
v 2.38893 -0.736888 0
v 2.42269 -0.616893 0
v 2.45043 -0.495365 0
v 2.47208 -0.372606 0
v 2.48758 -0.24892 0
v 2.49689 -0.124615 0
v 2.5 -6.12323e-16 0
v 3 1.5 11.9
v 4.7697 1.5 11.9
v 4.68917 1.73543 11.9
v 4.59702 1.96657 11.9
v 4.49349 2.19283 11.9
v 4.37884 2.41367 11.9
v 4.25334 2.62852 11.9
v 4.1173 2.83687 11.9
v 3.97107 3.03819 11.9
v 3.815 3.23199 11.9
v 3.64949 3.41778 11.9
v 3.47494 3.59511 11.9
v 3.29178 3.76354 11.9
v 3.10047 3.92264 11.9
v 2.90148 4.07203 11.9
v 2.6953 4.21134 11.9
v 2.48245 4.34021 11.9
v 2.26345 4.45834 11.9
v 2.03885 4.56542 11.9
v 1.8092 4.6612 11.9
v 1.57506 4.74544 11.9
v 1.33703 4.81792 11.9
v 1.09569 4.87847 11.9
v 0.851627 4.92694 11.9
v 0.605459 4.96321 11.9
v 0.357791 4.98718 11.9
v 0.109238 4.99881 11.9
v -0.139586 4.99805 11.9
v -0.388065 4.98492 11.9
v -0.635582 4.95944 11.9
v -0.881525 4.92168 11.9
v -1.12529 4.87173 11.9
v -1.36626 4.80971 11.9
v -1.60385 4.73579 11.9
v -1.83747 4.65013 11.9
v -2.06653 4.55296 11.9
v -2.29048 4.44451 11.9
v -2.50876 4.32506 11.9
v -2.72082 4.19489 11.9
v -2.92615 4.05434 11.9
v -3.12423 3.90374 11.9
v -3.31457 3.74348 11.9
v -3.4967 3.57395 11.9
v -3.67017 3.39556 11.9
v -3.83456 3.20877 11.9
v -3.98944 3.01403 11.9
v -4.13445 2.81182 11.9
v -4.26922 2.60265 11.9
v -4.39341 2.38704 11.9
v -4.50672 2.16551 11.9
v -4.60888 1.93862 11.9
v -4.69962 1.70693 11.9
v -4.77872 1.47101 11.9
v -4.84598 1.23145 11.9
v -4.90124 0.988841 11.9
v -4.94437 0.743782 11.9
v -4.97525 0.49688 11.9
v -4.99381 0.248748 11.9
v -5 9.49411e-15 11.9
v -4.99381 -0.248748 11.9
v -4.97525 -0.49688 11.9
v -4.94437 -0.743782 11.9
v -4.90124 -0.988841 11.9
v -4.84598 -1.23145 11.9
v -4.77872 -1.47101 11.9
v -4.69962 -1.70693 11.9
v -4.60888 -1.93862 11.9
v -4.50672 -2.16551 11.9
v -4.39341 -2.38704 11.9
v -4.26922 -2.60265 11.9
v -4.13445 -2.81182 11.9
v -3.98944 -3.01403 11.9
v -3.83456 -3.20877 11.9
v -3.67017 -3.39556 11.9
v -3.4967 -3.57395 11.9
v -3.31457 -3.74348 11.9
v -3.12423 -3.90374 11.9
v -2.92615 -4.05434 11.9
v -2.72082 -4.19489 11.9
v -2.50876 -4.32506 11.9
v -2.29048 -4.44451 11.9
v -2.06653 -4.55296 11.9
v -1.83747 -4.65013 11.9
v -1.60385 -4.73579 11.9
v -1.36626 -4.80971 11.9
v -1.12529 -4.87173 11.9
v -0.881525 -4.92168 11.9
v -0.635582 -4.95944 11.9
v -0.388065 -4.98492 11.9
v -0.139586 -4.99805 11.9
v 0.109238 -4.99881 11.9
v 0.357791 -4.98718 11.9
v 0.605459 -4.96321 11.9
v 0.851627 -4.92694 11.9
v 1.09569 -4.87847 11.9
v 1.33703 -4.81792 11.9
v 1.57506 -4.74544 11.9
v 1.8092 -4.6612 11.9
v 2.03885 -4.56542 11.9
v 2.26345 -4.45834 11.9
v 2.48245 -4.34021 11.9
v 2.6953 -4.21134 11.9
v 2.90148 -4.07203 11.9
v 3.10047 -3.92264 11.9
v 3.29178 -3.76354 11.9
v 3.47494 -3.59511 11.9
v 3.64949 -3.41778 11.9
v 3.815 -3.23199 11.9
v 3.97107 -3.03819 11.9
v 4.1173 -2.83687 11.9
v 4.25334 -2.62852 11.9
v 4.37884 -2.41367 11.9
v 4.49349 -2.19283 11.9
v 4.59702 -1.96657 11.9
v 4.68917 -1.73543 11.9
v 4.7697 -1.5 11.9
v 3 -1.5 11.9
v 2.5 -6.12323e-16 11.9
v 2.49689 0.124615 11.9
v 2.48758 0.24892 11.9
v 2.47208 0.372606 11.9
v 2.45043 0.495365 11.9
v 2.42269 0.616893 11.9
v 2.38893 0.736888 11.9
v 2.34923 0.85505 11.9
v 2.30369 0.971087 11.9
v 2.25242 1.08471 11.9
v 2.19555 1.19563 11.9
v 2.13323 1.30359 11.9
v 2.0656 1.4083 11.9
v 1.99283 1.50951 11.9
v 1.91511 1.60697 11.9
v 1.83263 1.70043 11.9
v 1.74559 1.78967 11.9
v 1.65421 1.87445 11.9
v 1.55872 1.95458 11.9
v 1.45936 2.02985 11.9
v 1.35637 2.10006 11.9
v 1.25 2.16506 11.9
v 1.14053 2.22468 11.9
v 1.02822 2.27876 11.9
v 0.913353 2.32718 11.9
v 0.796217 2.36982 11.9
v 0.677101 2.40656 11.9
v 0.556302 2.43732 11.9
v 0.43412 2.46202 11.9
v 0.310859 2.4806 11.9
v 0.186825 2.49301 11.9
v 0.0623267 2.49922 11.9
v -0.0623267 2.49922 11.9
v -0.186825 2.49301 11.9
v -0.310859 2.4806 11.9
v -0.43412 2.46202 11.9
v -0.556302 2.43732 11.9
v -0.677101 2.40656 11.9
v -0.796217 2.36982 11.9
v -0.913353 2.32718 11.9
v -1.02822 2.27876 11.9
v -1.14053 2.22468 11.9
v -1.25 2.16506 11.9
v -1.35637 2.10006 11.9
v -1.45936 2.02985 11.9
v -1.55872 1.95458 11.9
v -1.65421 1.87445 11.9
v -1.74559 1.78967 11.9
v -1.83263 1.70043 11.9
v -1.91511 1.60697 11.9
v -1.99283 1.50951 11.9
v -2.0656 1.4083 11.9
v -2.13323 1.30359 11.9
v -2.19555 1.19563 11.9
v -2.25242 1.08471 11.9
v -2.30369 0.971087 11.9
v -2.34923 0.85505 11.9
v -2.38893 0.736888 11.9
v -2.42269 0.616893 11.9
v -2.45043 0.495365 11.9
v -2.47208 0.372606 11.9
v -2.48758 0.24892 11.9
v -2.49689 0.124615 11.9
v -2.5 -8.57562e-15 11.9
v -2.49689 -0.124615 11.9
v -2.48758 -0.24892 11.9
v -2.47208 -0.372606 11.9
v -2.45043 -0.495365 11.9
v -2.42269 -0.616893 11.9
v -2.38893 -0.736888 11.9
v -2.34923 -0.85505 11.9
v -2.30369 -0.971087 11.9
v -2.25242 -1.08471 11.9
v -2.19555 -1.19563 11.9
v -2.13323 -1.30359 11.9
v -2.0656 -1.4083 11.9
v -1.99283 -1.50951 11.9
v -1.91511 -1.60697 11.9
v -1.83263 -1.70043 11.9
v -1.74559 -1.78967 11.9
v -1.65421 -1.87445 11.9
v -1.55872 -1.95458 11.9
v -1.45936 -2.02985 11.9
v -1.35637 -2.10006 11.9
v -1.25 -2.16506 11.9
v -1.14053 -2.22468 11.9
v -1.02822 -2.27876 11.9
v -0.913353 -2.32718 11.9
v -0.796217 -2.36982 11.9
v -0.677101 -2.40656 11.9
v -0.556302 -2.43732 11.9
v -0.43412 -2.46202 11.9
v -0.310859 -2.4806 11.9
v -0.186825 -2.49301 11.9
v -0.0623267 -2.49922 11.9
v 0.0623267 -2.49922 11.9
v 0.186825 -2.49301 11.9
v 0.310859 -2.4806 11.9
v 0.43412 -2.46202 11.9
v 0.556302 -2.43732 11.9
v 0.677101 -2.40656 11.9
v 0.796217 -2.36982 11.9
v 0.913353 -2.32718 11.9
v 1.02822 -2.27876 11.9
v 1.14053 -2.22468 11.9
v 1.25 -2.16506 11.9
v 1.35637 -2.10006 11.9
v 1.45936 -2.02985 11.9
v 1.55872 -1.95458 11.9
v 1.65421 -1.87445 11.9
v 1.74559 -1.78967 11.9
v 1.83263 -1.70043 11.9
v 1.91511 -1.60697 11.9
v 1.99283 -1.50951 11.9
v 2.0656 -1.4083 11.9
v 2.13323 -1.30359 11.9
v 2.19555 -1.19563 11.9
v 2.25242 -1.08471 11.9
v 2.30369 -0.971087 11.9
v 2.34923 -0.85505 11.9
v 2.38893 -0.736888 11.9
v 2.42269 -0.616893 11.9
v 2.45043 -0.495365 11.9
v 2.47208 -0.372606 11.9
v 2.48758 -0.24892 11.9
v 2.49689 -0.124615 11.9
v 4.7697 1.5 60
v 30 1.5 60
v 4.68917 1.73543 60
v 4.59702 1.96657 60
v 4.49349 2.19283 60
v 4.37884 2.41367 60
v 4.25334 2.62852 60
v 4.1173 2.83687 60
v 3.97107 3.03819 60
v 3.815 3.23199 60
v 3.64949 3.41778 60
v 3.47494 3.59511 60
v 3.29178 3.76354 60
v 3.10047 3.92264 60
v 2.90148 4.07203 60
v 2.6953 4.21134 60
v 2.48245 4.34021 60
v 2.26345 4.45834 60
v 2.03885 4.56542 60
v 1.8092 4.6612 60
v 1.57506 4.74544 60
v 1.33703 4.81792 60
v 1.09569 4.87847 60
v 0.851627 4.92694 60
v 0.605459 4.96321 60
v 0.357791 4.98718 60
v 0.109238 4.99881 60
v -0.139586 4.99805 60
v -0.388065 4.98492 60
v -0.635582 4.95944 60
v -0.881525 4.92168 60
v -1.12529 4.87173 60
v -1.36626 4.80971 60
v -1.60385 4.73579 60
v -1.83747 4.65013 60
v -2.06653 4.55296 60
v -2.29048 4.44451 60
v -2.50876 4.32506 60
v -2.72082 4.19489 60
v -2.92615 4.05434 60
v -3.12423 3.90374 60
v -3.31457 3.74348 60
v -3.4967 3.57395 60
v -3.67017 3.39556 60
v -3.83456 3.20877 60
v -3.98944 3.01403 60
v -4.13445 2.81182 60
v -4.26922 2.60265 60
v -4.39341 2.38704 60
v -4.50672 2.16551 60
v -4.60888 1.93862 60
v -4.69962 1.70693 60
v -4.77872 1.47101 60
v -4.84598 1.23145 60
v -4.90124 0.988841 60
v -4.94437 0.743782 60
v -4.97525 0.49688 60
v -4.99381 0.248748 60
v -5 -1.49308e-14 60
v -4.99381 -0.248748 60
v -4.97525 -0.49688 60
v -4.94437 -0.743782 60
v -4.90124 -0.988841 60
v -4.84598 -1.23145 60
v -4.77872 -1.47101 60
v -4.69962 -1.70693 60
v -4.60888 -1.93862 60
v -4.50672 -2.16551 60
v -4.39341 -2.38704 60
v -4.26922 -2.60265 60
v -4.13445 -2.81182 60
v -3.98944 -3.01403 60
v -3.83456 -3.20877 60
v -3.67017 -3.39556 60
v -3.4967 -3.57395 60
v -3.31457 -3.74348 60
v -3.12423 -3.90374 60
v -2.92615 -4.05434 60
v -2.72082 -4.19489 60
v -2.50876 -4.32506 60
v -2.29048 -4.44451 60
v -2.06653 -4.55296 60
v -1.83747 -4.65013 60
v -1.60385 -4.73579 60
v -1.36626 -4.80971 60
v -1.12529 -4.87173 60
v -0.881525 -4.92168 60
v -0.635582 -4.95944 60
v -0.388065 -4.98492 60
v -0.139586 -4.99805 60
v 0.109238 -4.99881 60
v 0.357791 -4.98718 60
v 0.605459 -4.96321 60
v 0.851627 -4.92694 60
v 1.09569 -4.87847 60
v 1.33703 -4.81792 60
v 1.57506 -4.74544 60
v 1.8092 -4.6612 60
v 2.03885 -4.56542 60
v 2.26345 -4.45834 60
v 2.48245 -4.34021 60
v 2.6953 -4.21134 60
v 2.90148 -4.07203 60
v 3.10047 -3.92264 60
v 3.29178 -3.76354 60
v 3.47494 -3.59511 60
v 3.64949 -3.41778 60
v 3.815 -3.23199 60
v 3.97107 -3.03819 60
v 4.1173 -2.83687 60
v 4.25334 -2.62852 60
v 4.37884 -2.41367 60
v 4.49349 -2.19283 60
v 4.59702 -1.96657 60
v 4.68917 -1.73543 60
v 4.7697 -1.5 60
v 30 -1.5 60
v 2.5 -6.12323e-16 60
v 2.49689 0.124615 60
v 2.48758 0.24892 60
v 2.47208 0.372606 60
v 2.45043 0.495365 60
v 2.42269 0.616893 60
v 2.38893 0.736888 60
v 2.34923 0.85505 60
v 2.30369 0.971087 60
v 2.25242 1.08471 60
v 2.19555 1.19563 60
v 2.13323 1.30359 60
v 2.0656 1.4083 60
v 1.99283 1.50951 60
v 1.91511 1.60697 60
v 1.83263 1.70043 60
v 1.74559 1.78967 60
v 1.65421 1.87445 60
v 1.55872 1.95458 60
v 1.45936 2.02985 60
v 1.35637 2.10006 60
v 1.25 2.16506 60
v 1.14053 2.22468 60
v 1.02822 2.27876 60
v 0.913353 2.32718 60
v 0.796217 2.36982 60
v 0.677101 2.40656 60
v 0.556302 2.43732 60
v 0.43412 2.46202 60
v 0.310859 2.4806 60
v 0.186825 2.49301 60
v 0.0623267 2.49922 60
v -0.0623267 2.49922 60
v -0.186825 2.49301 60
v -0.310859 2.4806 60
v -0.43412 2.46202 60
v -0.556302 2.43732 60
v -0.677101 2.40656 60
v -0.796217 2.36982 60
v -0.913353 2.32718 60
v -1.02822 2.27876 60
v -1.14053 2.22468 60
v -1.25 2.16506 60
v -1.35637 2.10006 60
v -1.45936 2.02985 60
v -1.55872 1.95458 60
v -1.65421 1.87445 60
v -1.74559 1.78967 60
v -1.83263 1.70043 60
v -1.91511 1.60697 60
v -1.99283 1.50951 60
v -2.0656 1.4083 60
v -2.13323 1.30359 60
v -2.19555 1.19563 60
v -2.25242 1.08471 60
v -2.30369 0.971087 60
v -2.34923 0.85505 60
v -2.38893 0.736888 60
v -2.42269 0.616893 60
v -2.45043 0.495365 60
v -2.47208 0.372606 60
v -2.48758 0.24892 60
v -2.49689 0.124615 60
v -2.5 -8.57562e-15 60
v -2.49689 -0.124615 60
v -2.48758 -0.24892 60
v -2.47208 -0.372606 60
v -2.45043 -0.495365 60
v -2.42269 -0.616893 60
v -2.38893 -0.736888 60
v -2.34923 -0.85505 60
v -2.30369 -0.971087 60
v -2.25242 -1.08471 60
v -2.19555 -1.19563 60
v -2.13323 -1.30359 60
v -2.0656 -1.4083 60
v -1.99283 -1.50951 60
v -1.91511 -1.60697 60
v -1.83263 -1.70043 60
v -1.74559 -1.78967 60
v -1.65421 -1.87445 60
v -1.55872 -1.95458 60
v -1.45936 -2.02985 60
v -1.35637 -2.10006 60
v -1.25 -2.16506 60
v -1.14053 -2.22468 60
v -1.02822 -2.27876 60
v -0.913353 -2.32718 60
v -0.796217 -2.36982 60
v -0.677101 -2.40656 60
v -0.556302 -2.43732 60
v -0.43412 -2.46202 60
v -0.310859 -2.4806 60
v -0.186825 -2.49301 60
v -0.0623267 -2.49922 60
v 0.0623267 -2.49922 60
v 0.186825 -2.49301 60
v 0.310859 -2.4806 60
v 0.43412 -2.46202 60
v 0.556302 -2.43732 60
v 0.677101 -2.40656 60
v 0.796217 -2.36982 60
v 0.913353 -2.32718 60
v 1.02822 -2.27876 60
v 1.14053 -2.22468 60
v 1.25 -2.16506 60
v 1.35637 -2.10006 60
v 1.45936 -2.02985 60
v 1.55872 -1.95458 60
v 1.65421 -1.87445 60
v 1.74559 -1.78967 60
v 1.83263 -1.70043 60
v 1.91511 -1.60697 60
v 1.99283 -1.50951 60
v 2.0656 -1.4083 60
v 2.13323 -1.30359 60
v 2.19555 -1.19563 60
v 2.25242 -1.08471 60
v 2.30369 -0.971087 60
v 2.34923 -0.85505 60
v 2.38893 -0.736888 60
v 2.42269 -0.616893 60
v 2.45043 -0.495365 60
v 2.47208 -0.372606 60
v 2.48758 -0.24892 60
v 2.49689 -0.124615 60
v 3 -1.5 11.9
v 3 -1.5 12
v 3 1.5 11.9
v 3 1.5 12
v 4.7697 1.5 60
v 4.68917 1.73543 60
v 4.59702 1.96657 60
v 4.49349 2.19283 60
v 4.37884 2.41367 60
v 4.25334 2.62852 60
v 4.1173 2.83687 60
v 3.97107 3.03819 60
v 3.815 3.23199 60
v 3.64949 3.41778 60
v 3.47494 3.59511 60
v 3.29178 3.76354 60
v 3.10047 3.92264 60
v 2.90148 4.07203 60
v 2.6953 4.21134 60
v 2.48245 4.34021 60
v 2.26345 4.45834 60
v 2.03885 4.56542 60
v 1.8092 4.6612 60
v 1.57506 4.74544 60
v 1.33703 4.81792 60
v 1.09569 4.87847 60
v 0.851627 4.92694 60
v 0.605459 4.96321 60
v 0.357791 4.98718 60
v 0.109238 4.99881 60
v -0.139586 4.99805 60
v -0.388065 4.98492 60
v -0.635582 4.95944 60
v -0.881525 4.92168 60
v -1.12529 4.87173 60
v -1.36626 4.80971 60
v -1.60385 4.73579 60
v -1.83747 4.65013 60
v -2.06653 4.55296 60
v -2.29048 4.44451 60
v -2.50876 4.32506 60
v -2.72082 4.19489 60
v -2.92615 4.05434 60
v -3.12423 3.90374 60
v -3.31457 3.74348 60
v -3.4967 3.57395 60
v -3.67017 3.39556 60
v -3.83456 3.20877 60
v -3.98944 3.01403 60
v -4.13445 2.81182 60
v -4.26922 2.60265 60
v -4.39341 2.38704 60
v -4.50672 2.16551 60
v -4.60888 1.93862 60
v -4.69962 1.70693 60
v -4.77872 1.47101 60
v -4.84598 1.23145 60
v -4.90124 0.988841 60
v -4.94437 0.743782 60
v -4.97525 0.49688 60
v -4.99381 0.248748 60
v -5 -1.49308e-14 60
v -4.99381 -0.248748 60
v -4.97525 -0.49688 60
v -4.94437 -0.743782 60
v -4.90124 -0.988841 60
v -4.84598 -1.23145 60
v -4.77872 -1.47101 60
v -4.69962 -1.70693 60
v -4.60888 -1.93862 60
v -4.50672 -2.16551 60
v -4.39341 -2.38704 60
v -4.26922 -2.60265 60
v -4.13445 -2.81182 60
v -3.98944 -3.01403 60
v -3.83456 -3.20877 60
v -3.67017 -3.39556 60
v -3.4967 -3.57395 60
v -3.31457 -3.74348 60
v -3.12423 -3.90374 60
v -2.92615 -4.05434 60
v -2.72082 -4.19489 60
v -2.50876 -4.32506 60
v -2.29048 -4.44451 60
v -2.06653 -4.55296 60
v -1.83747 -4.65013 60
v -1.60385 -4.73579 60
v -1.36626 -4.80971 60
v -1.12529 -4.87173 60
v -0.881525 -4.92168 60
v -0.635582 -4.95944 60
v -0.388065 -4.98492 60
v -0.139586 -4.99805 60
v 0.109238 -4.99881 60
v 0.357791 -4.98718 60
v 0.605459 -4.96321 60
v 0.851627 -4.92694 60
v 1.09569 -4.87847 60
v 1.33703 -4.81792 60
v 1.57506 -4.74544 60
v 1.8092 -4.6612 60
v 2.03885 -4.56542 60
v 2.26345 -4.45834 60
v 2.48245 -4.34021 60
v 2.6953 -4.21134 60
v 2.90148 -4.07203 60
v 3.10047 -3.92264 60
v 3.29178 -3.76354 60
v 3.47494 -3.59511 60
v 3.64949 -3.41778 60
v 3.815 -3.23199 60
v 3.97107 -3.03819 60
v 4.1173 -2.83687 60
v 4.25334 -2.62852 60
v 4.37884 -2.41367 60
v 4.49349 -2.19283 60
v 4.59702 -1.96657 60
v 4.68917 -1.73543 60
v 4.7697 -1.5 60
v 4.7697 1.5 48.1
v 4.68917 1.73543 48.1
v 4.59702 1.96657 48.1
v 4.49349 2.19283 48.1
v 4.37884 2.41367 48.1
v 4.25334 2.62852 48.1
v 4.1173 2.83687 48.1
v 3.97107 3.03819 48.1
v 3.815 3.23199 48.1
v 3.64949 3.41778 48.1
v 3.47494 3.59511 48.1
v 3.29178 3.76354 48.1
v 3.10047 3.92264 48.1
v 2.90148 4.07203 48.1
v 2.6953 4.21134 48.1
v 2.48245 4.34021 48.1
v 2.26345 4.45834 48.1
v 2.03885 4.56542 48.1
v 1.8092 4.6612 48.1
v 1.57506 4.74544 48.1
v 1.33703 4.81792 48.1
v 1.09569 4.87847 48.1
v 0.851627 4.92694 48.1
v 0.605459 4.96321 48.1
v 0.357791 4.98718 48.1
v 0.109238 4.99881 48.1
v -0.139586 4.99805 48.1
v -0.388065 4.98492 48.1
v -0.635582 4.95944 48.1
v -0.881525 4.92168 48.1
v -1.12529 4.87173 48.1
v -1.36626 4.80971 48.1
v -1.60385 4.73579 48.1
v -1.83747 4.65013 48.1
v -2.06653 4.55296 48.1
v -2.29048 4.44451 48.1
v -2.50876 4.32506 48.1
v -2.72082 4.19489 48.1
v -2.92615 4.05434 48.1
v -3.12423 3.90374 48.1
v -3.31457 3.74348 48.1
v -3.4967 3.57395 48.1
v -3.67017 3.39556 48.1
v -3.83456 3.20877 48.1
v -3.98944 3.01403 48.1
v -4.13445 2.81182 48.1
v -4.26922 2.60265 48.1
v -4.39341 2.38704 48.1
v -4.50672 2.16551 48.1
v -4.60888 1.93862 48.1
v -4.69962 1.70693 48.1
v -4.77872 1.47101 48.1
v -4.84598 1.23145 48.1
v -4.90124 0.988841 48.1
v -4.94437 0.743782 48.1
v -4.97525 0.49688 48.1
v -4.99381 0.248748 48.1
v -5 9.49411e-15 48.1
v -4.99381 -0.248748 48.1
v -4.97525 -0.49688 48.1
v -4.94437 -0.743782 48.1
v -4.90124 -0.988841 48.1
v -4.84598 -1.23145 48.1
v -4.77872 -1.47101 48.1
v -4.69962 -1.70693 48.1
v -4.60888 -1.93862 48.1
v -4.50672 -2.16551 48.1
v -4.39341 -2.38704 48.1
v -4.26922 -2.60265 48.1
v -4.13445 -2.81182 48.1
v -3.98944 -3.01403 48.1
v -3.83456 -3.20877 48.1
v -3.67017 -3.39556 48.1
v -3.4967 -3.57395 48.1
v -3.31457 -3.74348 48.1
v -3.12423 -3.90374 48.1
v -2.92615 -4.05434 48.1
v -2.72082 -4.19489 48.1
v -2.50876 -4.32506 48.1
v -2.29048 -4.44451 48.1
v -2.06653 -4.55296 48.1
v -1.83747 -4.65013 48.1
v -1.60385 -4.73579 48.1
v -1.36626 -4.80971 48.1
v -1.12529 -4.87173 48.1
v -0.881525 -4.92168 48.1
v -0.635582 -4.95944 48.1
v -0.388065 -4.98492 48.1
v -0.139586 -4.99805 48.1
v 0.109238 -4.99881 48.1
v 0.357791 -4.98718 48.1
v 0.605459 -4.96321 48.1
v 0.851627 -4.92694 48.1
v 1.09569 -4.87847 48.1
v 1.33703 -4.81792 48.1
v 1.57506 -4.74544 48.1
v 1.8092 -4.6612 48.1
v 2.03885 -4.56542 48.1
v 2.26345 -4.45834 48.1
v 2.48245 -4.34021 48.1
v 2.6953 -4.21134 48.1
v 2.90148 -4.07203 48.1
v 3.10047 -3.92264 48.1
v 3.29178 -3.76354 48.1
v 3.47494 -3.59511 48.1
v 3.64949 -3.41778 48.1
v 3.815 -3.23199 48.1
v 3.97107 -3.03819 48.1
v 4.1173 -2.83687 48.1
v 4.25334 -2.62852 48.1
v 4.37884 -2.41367 48.1
v 4.49349 -2.19283 48.1
v 4.59702 -1.96657 48.1
v 4.68917 -1.73543 48.1
v 4.7697 -1.5 48.1
v 3 -1.5 12
v 4.87442 -1.5 12
v 4.87442 1.5 12
v 4.94299 1.25572 12
v 4.99933 1.00832 12
v 5.04329 0.758433 12
v 5.07477 0.506668 12
v 5.09369 0.253648 12
v 5.1 -1.29758e-15 12
v 5.09369 -0.253648 12
v 5.07477 -0.506668 12
v 5.04329 -0.758433 12
v 4.99933 -1.00832 12
v 4.94299 -1.25572 12
v 3 1.5 12
v 3 1.5 48.1
v 4.7697 1.5 48.1
v 4.68917 1.73543 48.1
v 4.59702 1.96657 48.1
v 4.49349 2.19283 48.1
v 4.37884 2.41367 48.1
v 4.25334 2.62852 48.1
v 4.1173 2.83687 48.1
v 3.97107 3.03819 48.1
v 3.815 3.23199 48.1
v 3.64949 3.41778 48.1
v 3.47494 3.59511 48.1
v 3.29178 3.76354 48.1
v 3.10047 3.92264 48.1
v 2.90148 4.07203 48.1
v 2.6953 4.21134 48.1
v 2.48245 4.34021 48.1
v 2.26345 4.45834 48.1
v 2.03885 4.56542 48.1
v 1.8092 4.6612 48.1
v 1.57506 4.74544 48.1
v 1.33703 4.81792 48.1
v 1.09569 4.87847 48.1
v 0.851627 4.92694 48.1
v 0.605459 4.96321 48.1
v 0.357791 4.98718 48.1
v 0.109238 4.99881 48.1
v -0.139586 4.99805 48.1
v -0.388065 4.98492 48.1
v -0.635582 4.95944 48.1
v -0.881525 4.92168 48.1
v -1.12529 4.87173 48.1
v -1.36626 4.80971 48.1
v -1.60385 4.73579 48.1
v -1.83747 4.65013 48.1
v -2.06653 4.55296 48.1
v -2.29048 4.44451 48.1
v -2.50876 4.32506 48.1
v -2.72082 4.19489 48.1
v -2.92615 4.05434 48.1
v -3.12423 3.90374 48.1
v -3.31457 3.74348 48.1
v -3.4967 3.57395 48.1
v -3.67017 3.39556 48.1
v -3.83456 3.20877 48.1
v -3.98944 3.01403 48.1
v -4.13445 2.81182 48.1
v -4.26922 2.60265 48.1
v -4.39341 2.38704 48.1
v -4.50672 2.16551 48.1
v -4.60888 1.93862 48.1
v -4.69962 1.70693 48.1
v -4.77872 1.47101 48.1
v -4.84598 1.23145 48.1
v -4.90124 0.988841 48.1
v -4.94437 0.743782 48.1
v -4.97525 0.49688 48.1
v -4.99381 0.248748 48.1
v -5 9.49411e-15 48.1
v -4.99381 -0.248748 48.1
v -4.97525 -0.49688 48.1
v -4.94437 -0.743782 48.1
v -4.90124 -0.988841 48.1
v -4.84598 -1.23145 48.1
v -4.77872 -1.47101 48.1
v -4.69962 -1.70693 48.1
v -4.60888 -1.93862 48.1
v -4.50672 -2.16551 48.1
v -4.39341 -2.38704 48.1
v -4.26922 -2.60265 48.1
v -4.13445 -2.81182 48.1
v -3.98944 -3.01403 48.1
v -3.83456 -3.20877 48.1
v -3.67017 -3.39556 48.1
v -3.4967 -3.57395 48.1
v -3.31457 -3.74348 48.1
v -3.12423 -3.90374 48.1
v -2.92615 -4.05434 48.1
v -2.72082 -4.19489 48.1
v -2.50876 -4.32506 48.1
v -2.29048 -4.44451 48.1
v -2.06653 -4.55296 48.1
v -1.83747 -4.65013 48.1
v -1.60385 -4.73579 48.1
v -1.36626 -4.80971 48.1
v -1.12529 -4.87173 48.1
v -0.881525 -4.92168 48.1
v -0.635582 -4.95944 48.1
v -0.388065 -4.98492 48.1
v -0.139586 -4.99805 48.1
v 0.109238 -4.99881 48.1
v 0.357791 -4.98718 48.1
v 0.605459 -4.96321 48.1
v 0.851627 -4.92694 48.1
v 1.09569 -4.87847 48.1
v 1.33703 -4.81792 48.1
v 1.57506 -4.74544 48.1
v 1.8092 -4.6612 48.1
v 2.03885 -4.56542 48.1
v 2.26345 -4.45834 48.1
v 2.48245 -4.34021 48.1
v 2.6953 -4.21134 48.1
v 2.90148 -4.07203 48.1
v 3.10047 -3.92264 48.1
v 3.29178 -3.76354 48.1
v 3.47494 -3.59511 48.1
v 3.64949 -3.41778 48.1
v 3.815 -3.23199 48.1
v 3.97107 -3.03819 48.1
v 4.1173 -2.83687 48.1
v 4.25334 -2.62852 48.1
v 4.37884 -2.41367 48.1
v 4.49349 -2.19283 48.1
v 4.59702 -1.96657 48.1
v 4.68917 -1.73543 48.1
v 4.7697 -1.5 48.1
v 3 -1.5 48.1
v 2.5 -6.12323e-16 48.1
v 2.49689 0.124615 48.1
v 2.48758 0.24892 48.1
v 2.47208 0.372606 48.1
v 2.45043 0.495365 48.1
v 2.42269 0.616893 48.1
v 2.38893 0.736888 48.1
v 2.34923 0.85505 48.1
v 2.30369 0.971087 48.1
v 2.25242 1.08471 48.1
v 2.19555 1.19563 48.1
v 2.13323 1.30359 48.1
v 2.0656 1.4083 48.1
v 1.99283 1.50951 48.1
v 1.91511 1.60697 48.1
v 1.83263 1.70043 48.1
v 1.74559 1.78967 48.1
v 1.65421 1.87445 48.1
v 1.55872 1.95458 48.1
v 1.45936 2.02985 48.1
v 1.35637 2.10006 48.1
v 1.25 2.16506 48.1
v 1.14053 2.22468 48.1
v 1.02822 2.27876 48.1
v 0.913353 2.32718 48.1
v 0.796217 2.36982 48.1
v 0.677101 2.40656 48.1
v 0.556302 2.43732 48.1
v 0.43412 2.46202 48.1
v 0.310859 2.4806 48.1
v 0.186825 2.49301 48.1
v 0.0623267 2.49922 48.1
v -0.0623267 2.49922 48.1
v -0.186825 2.49301 48.1
v -0.310859 2.4806 48.1
v -0.43412 2.46202 48.1
v -0.556302 2.43732 48.1
v -0.677101 2.40656 48.1
v -0.796217 2.36982 48.1
v -0.913353 2.32718 48.1
v -1.02822 2.27876 48.1
v -1.14053 2.22468 48.1
v -1.25 2.16506 48.1
v -1.35637 2.10006 48.1
v -1.45936 2.02985 48.1
v -1.55872 1.95458 48.1
v -1.65421 1.87445 48.1
v -1.74559 1.78967 48.1
v -1.83263 1.70043 48.1
v -1.91511 1.60697 48.1
v -1.99283 1.50951 48.1
v -2.0656 1.4083 48.1
v -2.13323 1.30359 48.1
v -2.19555 1.19563 48.1
v -2.25242 1.08471 48.1
v -2.30369 0.971087 48.1
v -2.34923 0.85505 48.1
v -2.38893 0.736888 48.1
v -2.42269 0.616893 48.1
v -2.45043 0.495365 48.1
v -2.47208 0.372606 48.1
v -2.48758 0.24892 48.1
v -2.49689 0.124615 48.1
v -2.5 -8.57562e-15 48.1
v -2.49689 -0.124615 48.1
v -2.48758 -0.24892 48.1
v -2.47208 -0.372606 48.1
v -2.45043 -0.495365 48.1
v -2.42269 -0.616893 48.1
v -2.38893 -0.736888 48.1
v -2.34923 -0.85505 48.1
v -2.30369 -0.971087 48.1
v -2.25242 -1.08471 48.1
v -2.19555 -1.19563 48.1
v -2.13323 -1.30359 48.1
v -2.0656 -1.4083 48.1
v -1.99283 -1.50951 48.1
v -1.91511 -1.60697 48.1
v -1.83263 -1.70043 48.1
v -1.74559 -1.78967 48.1
v -1.65421 -1.87445 48.1
v -1.55872 -1.95458 48.1
v -1.45936 -2.02985 48.1
v -1.35637 -2.10006 48.1
v -1.25 -2.16506 48.1
v -1.14053 -2.22468 48.1
v -1.02822 -2.27876 48.1
v -0.913353 -2.32718 48.1
v -0.796217 -2.36982 48.1
v -0.677101 -2.40656 48.1
v -0.556302 -2.43732 48.1
v -0.43412 -2.46202 48.1
v -0.310859 -2.4806 48.1
v -0.186825 -2.49301 48.1
v -0.0623267 -2.49922 48.1
v 0.0623267 -2.49922 48.1
v 0.186825 -2.49301 48.1
v 0.310859 -2.4806 48.1
v 0.43412 -2.46202 48.1
v 0.556302 -2.43732 48.1
v 0.677101 -2.40656 48.1
v 0.796217 -2.36982 48.1
v 0.913353 -2.32718 48.1
v 1.02822 -2.27876 48.1
v 1.14053 -2.22468 48.1
v 1.25 -2.16506 48.1
v 1.35637 -2.10006 48.1
v 1.45936 -2.02985 48.1
v 1.55872 -1.95458 48.1
v 1.65421 -1.87445 48.1
v 1.74559 -1.78967 48.1
v 1.83263 -1.70043 48.1
v 1.91511 -1.60697 48.1
v 1.99283 -1.50951 48.1
v 2.0656 -1.4083 48.1
v 2.13323 -1.30359 48.1
v 2.19555 -1.19563 48.1
v 2.25242 -1.08471 48.1
v 2.30369 -0.971087 48.1
v 2.34923 -0.85505 48.1
v 2.38893 -0.736888 48.1
v 2.42269 -0.616893 48.1
v 2.45043 -0.495365 48.1
v 2.47208 -0.372606 48.1
v 2.48758 -0.24892 48.1
v 2.49689 -0.124615 48.1
v 4.87442 1.5 12
v 4.94299 1.25572 12
v 4.99933 1.00832 12
v 5.04329 0.758433 12
v 5.07477 0.506668 12
v 5.09369 0.253648 12
v 5.1 -1.29758e-15 12
v 5.09369 -0.253648 12
v 5.07477 -0.506668 12
v 5.04329 -0.758433 12
v 4.99933 -1.00832 12
v 4.94299 -1.25572 12
v 4.87442 -1.5 12
v 4.87442 1.5 24
v 4.94299 1.25572 24
v 4.99933 1.00832 24
v 5.04329 0.758433 24
v 5.07477 0.506668 24
v 5.09369 0.253648 24
v 5.1 -1.29758e-15 24
v 5.09369 -0.253648 24
v 5.07477 -0.506668 24
v 5.04329 -0.758433 24
v 4.99933 -1.00832 24
v 4.94299 -1.25572 24
v 4.87442 -1.5 24
v 3 -1.5 48
v 3 -1.5 48.1
v 3 1.5 48
v 3 1.5 48.1
v 3 -1.5 24
v 4.87442 -1.5 24
v 4.87442 1.5 24
v 4.94299 1.25572 24
v 4.99933 1.00832 24
v 5.04329 0.758433 24
v 5.07477 0.506668 24
v 5.09369 0.253648 24
v 5.1 -1.29758e-15 24
v 5.09369 -0.253648 24
v 5.07477 -0.506668 24
v 5.04329 -0.758433 24
v 4.99933 -1.00832 24
v 4.94299 -1.25572 24
v 3 1.5 24
v 3 -1.5 48
v 4.87442 -1.5 48
v 4.87442 1.5 48
v 4.94299 1.25572 48
v 4.99933 1.00832 48
v 5.04329 0.758433 48
v 5.07477 0.506668 48
v 5.09369 0.253648 48
v 5.1 -1.29758e-15 48
v 5.09369 -0.253648 48
v 5.07477 -0.506668 48
v 5.04329 -0.758433 48
v 4.99933 -1.00832 48
v 4.94299 -1.25572 48
v 3 1.5 48
v 3 -1.5 24
v 3 -1.5 24.1
v 3 1.5 24
v 3 1.5 24.1
v 4.87442 1.5 36
v 4.94299 1.25572 36
v 4.99933 1.00832 36
v 5.04329 0.758433 36
v 5.07477 0.506668 36
v 5.09369 0.253648 36
v 5.1 -1.29758e-15 36
v 5.09369 -0.253648 36
v 5.07477 -0.506668 36
v 5.04329 -0.758433 36
v 4.99933 -1.00832 36
v 4.94299 -1.25572 36
v 4.87442 -1.5 36
v 4.87442 1.5 48
v 4.94299 1.25572 48
v 4.99933 1.00832 48
v 5.04329 0.758433 48
v 5.07477 0.506668 48
v 5.09369 0.253648 48
v 5.1 -1.29758e-15 48
v 5.09369 -0.253648 48
v 5.07477 -0.506668 48
v 5.04329 -0.758433 48
v 4.99933 -1.00832 48
v 4.94299 -1.25572 48
v 4.87442 -1.5 48
v 3 1.5 24.1
v 4.7697 1.5 24.1
v 4.68917 1.73543 24.1
v 4.59702 1.96657 24.1
v 4.49349 2.19283 24.1
v 4.37884 2.41367 24.1
v 4.25334 2.62852 24.1
v 4.1173 2.83687 24.1
v 3.97107 3.03819 24.1
v 3.815 3.23199 24.1
v 3.64949 3.41778 24.1
v 3.47494 3.59511 24.1
v 3.29178 3.76354 24.1
v 3.10047 3.92264 24.1
v 2.90148 4.07203 24.1
v 2.6953 4.21134 24.1
v 2.48245 4.34021 24.1
v 2.26345 4.45834 24.1
v 2.03885 4.56542 24.1
v 1.8092 4.6612 24.1
v 1.57506 4.74544 24.1
v 1.33703 4.81792 24.1
v 1.09569 4.87847 24.1
v 0.851627 4.92694 24.1
v 0.605459 4.96321 24.1
v 0.357791 4.98718 24.1
v 0.109238 4.99881 24.1
v -0.139586 4.99805 24.1
v -0.388065 4.98492 24.1
v -0.635582 4.95944 24.1
v -0.881525 4.92168 24.1
v -1.12529 4.87173 24.1
v -1.36626 4.80971 24.1
v -1.60385 4.73579 24.1
v -1.83747 4.65013 24.1
v -2.06653 4.55296 24.1
v -2.29048 4.44451 24.1
v -2.50876 4.32506 24.1
v -2.72082 4.19489 24.1
v -2.92615 4.05434 24.1
v -3.12423 3.90374 24.1
v -3.31457 3.74348 24.1
v -3.4967 3.57395 24.1
v -3.67017 3.39556 24.1
v -3.83456 3.20877 24.1
v -3.98944 3.01403 24.1
v -4.13445 2.81182 24.1
v -4.26922 2.60265 24.1
v -4.39341 2.38704 24.1
v -4.50672 2.16551 24.1
v -4.60888 1.93862 24.1
v -4.69962 1.70693 24.1
v -4.77872 1.47101 24.1
v -4.84598 1.23145 24.1
v -4.90124 0.988841 24.1
v -4.94437 0.743782 24.1
v -4.97525 0.49688 24.1
v -4.99381 0.248748 24.1
v -5 9.49411e-15 24.1
v -4.99381 -0.248748 24.1
v -4.97525 -0.49688 24.1
v -4.94437 -0.743782 24.1
v -4.90124 -0.988841 24.1
v -4.84598 -1.23145 24.1
v -4.77872 -1.47101 24.1
v -4.69962 -1.70693 24.1
v -4.60888 -1.93862 24.1
v -4.50672 -2.16551 24.1
v -4.39341 -2.38704 24.1
v -4.26922 -2.60265 24.1
v -4.13445 -2.81182 24.1
v -3.98944 -3.01403 24.1
v -3.83456 -3.20877 24.1
v -3.67017 -3.39556 24.1
v -3.4967 -3.57395 24.1
v -3.31457 -3.74348 24.1
v -3.12423 -3.90374 24.1
v -2.92615 -4.05434 24.1
v -2.72082 -4.19489 24.1
v -2.50876 -4.32506 24.1
v -2.29048 -4.44451 24.1
v -2.06653 -4.55296 24.1
v -1.83747 -4.65013 24.1
v -1.60385 -4.73579 24.1
v -1.36626 -4.80971 24.1
v -1.12529 -4.87173 24.1
v -0.881525 -4.92168 24.1
v -0.635582 -4.95944 24.1
v -0.388065 -4.98492 24.1
v -0.139586 -4.99805 24.1
v 0.109238 -4.99881 24.1
v 0.357791 -4.98718 24.1
v 0.605459 -4.96321 24.1
v 0.851627 -4.92694 24.1
v 1.09569 -4.87847 24.1
v 1.33703 -4.81792 24.1
v 1.57506 -4.74544 24.1
v 1.8092 -4.6612 24.1
v 2.03885 -4.56542 24.1
v 2.26345 -4.45834 24.1
v 2.48245 -4.34021 24.1
v 2.6953 -4.21134 24.1
v 2.90148 -4.07203 24.1
v 3.10047 -3.92264 24.1
v 3.29178 -3.76354 24.1
v 3.47494 -3.59511 24.1
v 3.64949 -3.41778 24.1
v 3.815 -3.23199 24.1
v 3.97107 -3.03819 24.1
v 4.1173 -2.83687 24.1
v 4.25334 -2.62852 24.1
v 4.37884 -2.41367 24.1
v 4.49349 -2.19283 24.1
v 4.59702 -1.96657 24.1
v 4.68917 -1.73543 24.1
v 4.7697 -1.5 24.1
v 3 -1.5 24.1
v 2.5 -6.12323e-16 24.1
v 2.49689 0.124615 24.1
v 2.48758 0.24892 24.1
v 2.47208 0.372606 24.1
v 2.45043 0.495365 24.1
v 2.42269 0.616893 24.1
v 2.38893 0.736888 24.1
v 2.34923 0.85505 24.1
v 2.30369 0.971087 24.1
v 2.25242 1.08471 24.1
v 2.19555 1.19563 24.1
v 2.13323 1.30359 24.1
v 2.0656 1.4083 24.1
v 1.99283 1.50951 24.1
v 1.91511 1.60697 24.1
v 1.83263 1.70043 24.1
v 1.74559 1.78967 24.1
v 1.65421 1.87445 24.1
v 1.55872 1.95458 24.1
v 1.45936 2.02985 24.1
v 1.35637 2.10006 24.1
v 1.25 2.16506 24.1
v 1.14053 2.22468 24.1
v 1.02822 2.27876 24.1
v 0.913353 2.32718 24.1
v 0.796217 2.36982 24.1
v 0.677101 2.40656 24.1
v 0.556302 2.43732 24.1
v 0.43412 2.46202 24.1
v 0.310859 2.4806 24.1
v 0.186825 2.49301 24.1
v 0.0623267 2.49922 24.1
v -0.0623267 2.49922 24.1
v -0.186825 2.49301 24.1
v -0.310859 2.4806 24.1
v -0.43412 2.46202 24.1
v -0.556302 2.43732 24.1
v -0.677101 2.40656 24.1
v -0.796217 2.36982 24.1
v -0.913353 2.32718 24.1
v -1.02822 2.27876 24.1
v -1.14053 2.22468 24.1
v -1.25 2.16506 24.1
v -1.35637 2.10006 24.1
v -1.45936 2.02985 24.1
v -1.55872 1.95458 24.1
v -1.65421 1.87445 24.1
v -1.74559 1.78967 24.1
v -1.83263 1.70043 24.1
v -1.91511 1.60697 24.1
v -1.99283 1.50951 24.1
v -2.0656 1.4083 24.1
v -2.13323 1.30359 24.1
v -2.19555 1.19563 24.1
v -2.25242 1.08471 24.1
v -2.30369 0.971087 24.1
v -2.34923 0.85505 24.1
v -2.38893 0.736888 24.1
v -2.42269 0.616893 24.1
v -2.45043 0.495365 24.1
v -2.47208 0.372606 24.1
v -2.48758 0.24892 24.1
v -2.49689 0.124615 24.1
v -2.5 -8.57562e-15 24.1
v -2.49689 -0.124615 24.1
v -2.48758 -0.24892 24.1
v -2.47208 -0.372606 24.1
v -2.45043 -0.495365 24.1
v -2.42269 -0.616893 24.1
v -2.38893 -0.736888 24.1
v -2.34923 -0.85505 24.1
v -2.30369 -0.971087 24.1
v -2.25242 -1.08471 24.1
v -2.19555 -1.19563 24.1
v -2.13323 -1.30359 24.1
v -2.0656 -1.4083 24.1
v -1.99283 -1.50951 24.1
v -1.91511 -1.60697 24.1
v -1.83263 -1.70043 24.1
v -1.74559 -1.78967 24.1
v -1.65421 -1.87445 24.1
v -1.55872 -1.95458 24.1
v -1.45936 -2.02985 24.1
v -1.35637 -2.10006 24.1
v -1.25 -2.16506 24.1
v -1.14053 -2.22468 24.1
v -1.02822 -2.27876 24.1
v -0.913353 -2.32718 24.1
v -0.796217 -2.36982 24.1
v -0.677101 -2.40656 24.1
v -0.556302 -2.43732 24.1
v -0.43412 -2.46202 24.1
v -0.310859 -2.4806 24.1
v -0.186825 -2.49301 24.1
v -0.0623267 -2.49922 24.1
v 0.0623267 -2.49922 24.1
v 0.186825 -2.49301 24.1
v 0.310859 -2.4806 24.1
v 0.43412 -2.46202 24.1
v 0.556302 -2.43732 24.1
v 0.677101 -2.40656 24.1
v 0.796217 -2.36982 24.1
v 0.913353 -2.32718 24.1
v 1.02822 -2.27876 24.1
v 1.14053 -2.22468 24.1
v 1.25 -2.16506 24.1
v 1.35637 -2.10006 24.1
v 1.45936 -2.02985 24.1
v 1.55872 -1.95458 24.1
v 1.65421 -1.87445 24.1
v 1.74559 -1.78967 24.1
v 1.83263 -1.70043 24.1
v 1.91511 -1.60697 24.1
v 1.99283 -1.50951 24.1
v 2.0656 -1.4083 24.1
v 2.13323 -1.30359 24.1
v 2.19555 -1.19563 24.1
v 2.25242 -1.08471 24.1
v 2.30369 -0.971087 24.1
v 2.34923 -0.85505 24.1
v 2.38893 -0.736888 24.1
v 2.42269 -0.616893 24.1
v 2.45043 -0.495365 24.1
v 2.47208 -0.372606 24.1
v 2.48758 -0.24892 24.1
v 2.49689 -0.124615 24.1
v 3 -1.5 36
v 4.87442 -1.5 36
v 4.87442 1.5 36
v 4.94299 1.25572 36
v 4.99933 1.00832 36
v 5.04329 0.758433 36
v 5.07477 0.506668 36
v 5.09369 0.253648 36
v 5.1 -1.29758e-15 36
v 5.09369 -0.253648 36
v 5.07477 -0.506668 36
v 5.04329 -0.758433 36
v 4.99933 -1.00832 36
v 4.94299 -1.25572 36
v 3 1.5 36
v 4.7697 1.5 35.9
v 4.68917 1.73543 35.9
v 4.59702 1.96657 35.9
v 4.49349 2.19283 35.9
v 4.37884 2.41367 35.9
v 4.25334 2.62852 35.9
v 4.1173 2.83687 35.9
v 3.97107 3.03819 35.9
v 3.815 3.23199 35.9
v 3.64949 3.41778 35.9
v 3.47494 3.59511 35.9
v 3.29178 3.76354 35.9
v 3.10047 3.92264 35.9
v 2.90148 4.07203 35.9
v 2.6953 4.21134 35.9
v 2.48245 4.34021 35.9
v 2.26345 4.45834 35.9
v 2.03885 4.56542 35.9
v 1.8092 4.6612 35.9
v 1.57506 4.74544 35.9
v 1.33703 4.81792 35.9
v 1.09569 4.87847 35.9
v 0.851627 4.92694 35.9
v 0.605459 4.96321 35.9
v 0.357791 4.98718 35.9
v 0.109238 4.99881 35.9
v -0.139586 4.99805 35.9
v -0.388065 4.98492 35.9
v -0.635582 4.95944 35.9
v -0.881525 4.92168 35.9
v -1.12529 4.87173 35.9
v -1.36626 4.80971 35.9
v -1.60385 4.73579 35.9
v -1.83747 4.65013 35.9
v -2.06653 4.55296 35.9
v -2.29048 4.44451 35.9
v -2.50876 4.32506 35.9
v -2.72082 4.19489 35.9
v -2.92615 4.05434 35.9
v -3.12423 3.90374 35.9
v -3.31457 3.74348 35.9
v -3.4967 3.57395 35.9
v -3.67017 3.39556 35.9
v -3.83456 3.20877 35.9
v -3.98944 3.01403 35.9
v -4.13445 2.81182 35.9
v -4.26922 2.60265 35.9
v -4.39341 2.38704 35.9
v -4.50672 2.16551 35.9
v -4.60888 1.93862 35.9
v -4.69962 1.70693 35.9
v -4.77872 1.47101 35.9
v -4.84598 1.23145 35.9
v -4.90124 0.988841 35.9
v -4.94437 0.743782 35.9
v -4.97525 0.49688 35.9
v -4.99381 0.248748 35.9
v -5 9.49411e-15 35.9
v -4.99381 -0.248748 35.9
v -4.97525 -0.49688 35.9
v -4.94437 -0.743782 35.9
v -4.90124 -0.988841 35.9
v -4.84598 -1.23145 35.9
v -4.77872 -1.47101 35.9
v -4.69962 -1.70693 35.9
v -4.60888 -1.93862 35.9
v -4.50672 -2.16551 35.9
v -4.39341 -2.38704 35.9
v -4.26922 -2.60265 35.9
v -4.13445 -2.81182 35.9
v -3.98944 -3.01403 35.9
v -3.83456 -3.20877 35.9
v -3.67017 -3.39556 35.9
v -3.4967 -3.57395 35.9
v -3.31457 -3.74348 35.9
v -3.12423 -3.90374 35.9
v -2.92615 -4.05434 35.9
v -2.72082 -4.19489 35.9
v -2.50876 -4.32506 35.9
v -2.29048 -4.44451 35.9
v -2.06653 -4.55296 35.9
v -1.83747 -4.65013 35.9
v -1.60385 -4.73579 35.9
v -1.36626 -4.80971 35.9
v -1.12529 -4.87173 35.9
v -0.881525 -4.92168 35.9
v -0.635582 -4.95944 35.9
v -0.388065 -4.98492 35.9
v -0.139586 -4.99805 35.9
v 0.109238 -4.99881 35.9
v 0.357791 -4.98718 35.9
v 0.605459 -4.96321 35.9
v 0.851627 -4.92694 35.9
v 1.09569 -4.87847 35.9
v 1.33703 -4.81792 35.9
v 1.57506 -4.74544 35.9
v 1.8092 -4.6612 35.9
v 2.03885 -4.56542 35.9
v 2.26345 -4.45834 35.9
v 2.48245 -4.34021 35.9
v 2.6953 -4.21134 35.9
v 2.90148 -4.07203 35.9
v 3.10047 -3.92264 35.9
v 3.29178 -3.76354 35.9
v 3.47494 -3.59511 35.9
v 3.64949 -3.41778 35.9
v 3.815 -3.23199 35.9
v 3.97107 -3.03819 35.9
v 4.1173 -2.83687 35.9
v 4.25334 -2.62852 35.9
v 4.37884 -2.41367 35.9
v 4.49349 -2.19283 35.9
v 4.59702 -1.96657 35.9
v 4.68917 -1.73543 35.9
v 4.7697 -1.5 35.9
v 4.7697 1.5 24.1
v 4.68917 1.73543 24.1
v 4.59702 1.96657 24.1
v 4.49349 2.19283 24.1
v 4.37884 2.41367 24.1
v 4.25334 2.62852 24.1
v 4.1173 2.83687 24.1
v 3.97107 3.03819 24.1
v 3.815 3.23199 24.1
v 3.64949 3.41778 24.1
v 3.47494 3.59511 24.1
v 3.29178 3.76354 24.1
v 3.10047 3.92264 24.1
v 2.90148 4.07203 24.1
v 2.6953 4.21134 24.1
v 2.48245 4.34021 24.1
v 2.26345 4.45834 24.1
v 2.03885 4.56542 24.1
v 1.8092 4.6612 24.1
v 1.57506 4.74544 24.1
v 1.33703 4.81792 24.1
v 1.09569 4.87847 24.1
v 0.851627 4.92694 24.1
v 0.605459 4.96321 24.1
v 0.357791 4.98718 24.1
v 0.109238 4.99881 24.1
v -0.139586 4.99805 24.1
v -0.388065 4.98492 24.1
v -0.635582 4.95944 24.1
v -0.881525 4.92168 24.1
v -1.12529 4.87173 24.1
v -1.36626 4.80971 24.1
v -1.60385 4.73579 24.1
v -1.83747 4.65013 24.1
v -2.06653 4.55296 24.1
v -2.29048 4.44451 24.1
v -2.50876 4.32506 24.1
v -2.72082 4.19489 24.1
v -2.92615 4.05434 24.1
v -3.12423 3.90374 24.1
v -3.31457 3.74348 24.1
v -3.4967 3.57395 24.1
v -3.67017 3.39556 24.1
v -3.83456 3.20877 24.1
v -3.98944 3.01403 24.1
v -4.13445 2.81182 24.1
v -4.26922 2.60265 24.1
v -4.39341 2.38704 24.1
v -4.50672 2.16551 24.1
v -4.60888 1.93862 24.1
v -4.69962 1.70693 24.1
v -4.77872 1.47101 24.1
v -4.84598 1.23145 24.1
v -4.90124 0.988841 24.1
v -4.94437 0.743782 24.1
v -4.97525 0.49688 24.1
v -4.99381 0.248748 24.1
v -5 9.49411e-15 24.1
v -4.99381 -0.248748 24.1
v -4.97525 -0.49688 24.1
v -4.94437 -0.743782 24.1
v -4.90124 -0.988841 24.1
v -4.84598 -1.23145 24.1
v -4.77872 -1.47101 24.1
v -4.69962 -1.70693 24.1
v -4.60888 -1.93862 24.1
v -4.50672 -2.16551 24.1
v -4.39341 -2.38704 24.1
v -4.26922 -2.60265 24.1
v -4.13445 -2.81182 24.1
v -3.98944 -3.01403 24.1
v -3.83456 -3.20877 24.1
v -3.67017 -3.39556 24.1
v -3.4967 -3.57395 24.1
v -3.31457 -3.74348 24.1
v -3.12423 -3.90374 24.1
v -2.92615 -4.05434 24.1
v -2.72082 -4.19489 24.1
v -2.50876 -4.32506 24.1
v -2.29048 -4.44451 24.1
v -2.06653 -4.55296 24.1
v -1.83747 -4.65013 24.1
v -1.60385 -4.73579 24.1
v -1.36626 -4.80971 24.1
v -1.12529 -4.87173 24.1
v -0.881525 -4.92168 24.1
v -0.635582 -4.95944 24.1
v -0.388065 -4.98492 24.1
v -0.139586 -4.99805 24.1
v 0.109238 -4.99881 24.1
v 0.357791 -4.98718 24.1
v 0.605459 -4.96321 24.1
v 0.851627 -4.92694 24.1
v 1.09569 -4.87847 24.1
v 1.33703 -4.81792 24.1
v 1.57506 -4.74544 24.1
v 1.8092 -4.6612 24.1
v 2.03885 -4.56542 24.1
v 2.26345 -4.45834 24.1
v 2.48245 -4.34021 24.1
v 2.6953 -4.21134 24.1
v 2.90148 -4.07203 24.1
v 3.10047 -3.92264 24.1
v 3.29178 -3.76354 24.1
v 3.47494 -3.59511 24.1
v 3.64949 -3.41778 24.1
v 3.815 -3.23199 24.1
v 3.97107 -3.03819 24.1
v 4.1173 -2.83687 24.1
v 4.25334 -2.62852 24.1
v 4.37884 -2.41367 24.1
v 4.49349 -2.19283 24.1
v 4.59702 -1.96657 24.1
v 4.68917 -1.73543 24.1
v 4.7697 -1.5 24.1
v 3 -1.5 35.9
v 3 -1.5 36
v 3 1.5 35.9
v 3 1.5 36
v 3 1.5 35.9
v 4.7697 1.5 35.9
v 4.68917 1.73543 35.9
v 4.59702 1.96657 35.9
v 4.49349 2.19283 35.9
v 4.37884 2.41367 35.9
v 4.25334 2.62852 35.9
v 4.1173 2.83687 35.9
v 3.97107 3.03819 35.9
v 3.815 3.23199 35.9
v 3.64949 3.41778 35.9
v 3.47494 3.59511 35.9
v 3.29178 3.76354 35.9
v 3.10047 3.92264 35.9
v 2.90148 4.07203 35.9
v 2.6953 4.21134 35.9
v 2.48245 4.34021 35.9
v 2.26345 4.45834 35.9
v 2.03885 4.56542 35.9
v 1.8092 4.6612 35.9
v 1.57506 4.74544 35.9
v 1.33703 4.81792 35.9
v 1.09569 4.87847 35.9
v 0.851627 4.92694 35.9
v 0.605459 4.96321 35.9
v 0.357791 4.98718 35.9
v 0.109238 4.99881 35.9
v -0.139586 4.99805 35.9
v -0.388065 4.98492 35.9
v -0.635582 4.95944 35.9
v -0.881525 4.92168 35.9
v -1.12529 4.87173 35.9
v -1.36626 4.80971 35.9
v -1.60385 4.73579 35.9
v -1.83747 4.65013 35.9
v -2.06653 4.55296 35.9
v -2.29048 4.44451 35.9
v -2.50876 4.32506 35.9
v -2.72082 4.19489 35.9
v -2.92615 4.05434 35.9
v -3.12423 3.90374 35.9
v -3.31457 3.74348 35.9
v -3.4967 3.57395 35.9
v -3.67017 3.39556 35.9
v -3.83456 3.20877 35.9
v -3.98944 3.01403 35.9
v -4.13445 2.81182 35.9
v -4.26922 2.60265 35.9
v -4.39341 2.38704 35.9
v -4.50672 2.16551 35.9
v -4.60888 1.93862 35.9
v -4.69962 1.70693 35.9
v -4.77872 1.47101 35.9
v -4.84598 1.23145 35.9
v -4.90124 0.988841 35.9
v -4.94437 0.743782 35.9
v -4.97525 0.49688 35.9
v -4.99381 0.248748 35.9
v -5 9.49411e-15 35.9
v -4.99381 -0.248748 35.9
v -4.97525 -0.49688 35.9
v -4.94437 -0.743782 35.9
v -4.90124 -0.988841 35.9
v -4.84598 -1.23145 35.9
v -4.77872 -1.47101 35.9
v -4.69962 -1.70693 35.9
v -4.60888 -1.93862 35.9
v -4.50672 -2.16551 35.9
v -4.39341 -2.38704 35.9
v -4.26922 -2.60265 35.9
v -4.13445 -2.81182 35.9
v -3.98944 -3.01403 35.9
v -3.83456 -3.20877 35.9
v -3.67017 -3.39556 35.9
v -3.4967 -3.57395 35.9
v -3.31457 -3.74348 35.9
v -3.12423 -3.90374 35.9
v -2.92615 -4.05434 35.9
v -2.72082 -4.19489 35.9
v -2.50876 -4.32506 35.9
v -2.29048 -4.44451 35.9
v -2.06653 -4.55296 35.9
v -1.83747 -4.65013 35.9
v -1.60385 -4.73579 35.9
v -1.36626 -4.80971 35.9
v -1.12529 -4.87173 35.9
v -0.881525 -4.92168 35.9
v -0.635582 -4.95944 35.9
v -0.388065 -4.98492 35.9
v -0.139586 -4.99805 35.9
v 0.109238 -4.99881 35.9
v 0.357791 -4.98718 35.9
v 0.605459 -4.96321 35.9
v 0.851627 -4.92694 35.9
v 1.09569 -4.87847 35.9
v 1.33703 -4.81792 35.9
v 1.57506 -4.74544 35.9
v 1.8092 -4.6612 35.9
v 2.03885 -4.56542 35.9
v 2.26345 -4.45834 35.9
v 2.48245 -4.34021 35.9
v 2.6953 -4.21134 35.9
v 2.90148 -4.07203 35.9
v 3.10047 -3.92264 35.9
v 3.29178 -3.76354 35.9
v 3.47494 -3.59511 35.9
v 3.64949 -3.41778 35.9
v 3.815 -3.23199 35.9
v 3.97107 -3.03819 35.9
v 4.1173 -2.83687 35.9
v 4.25334 -2.62852 35.9
v 4.37884 -2.41367 35.9
v 4.49349 -2.19283 35.9
v 4.59702 -1.96657 35.9
v 4.68917 -1.73543 35.9
v 4.7697 -1.5 35.9
v 3 -1.5 35.9
v 2.5 -6.12323e-16 35.9
v 2.49689 0.124615 35.9
v 2.48758 0.24892 35.9
v 2.47208 0.372606 35.9
v 2.45043 0.495365 35.9
v 2.42269 0.616893 35.9
v 2.38893 0.736888 35.9
v 2.34923 0.85505 35.9
v 2.30369 0.971087 35.9
v 2.25242 1.08471 35.9
v 2.19555 1.19563 35.9
v 2.13323 1.30359 35.9
v 2.0656 1.4083 35.9
v 1.99283 1.50951 35.9
v 1.91511 1.60697 35.9
v 1.83263 1.70043 35.9
v 1.74559 1.78967 35.9
v 1.65421 1.87445 35.9
v 1.55872 1.95458 35.9
v 1.45936 2.02985 35.9
v 1.35637 2.10006 35.9
v 1.25 2.16506 35.9
v 1.14053 2.22468 35.9
v 1.02822 2.27876 35.9
v 0.913353 2.32718 35.9
v 0.796217 2.36982 35.9
v 0.677101 2.40656 35.9
v 0.556302 2.43732 35.9
v 0.43412 2.46202 35.9
v 0.310859 2.4806 35.9
v 0.186825 2.49301 35.9
v 0.0623267 2.49922 35.9
v -0.0623267 2.49922 35.9
v -0.186825 2.49301 35.9
v -0.310859 2.4806 35.9
v -0.43412 2.46202 35.9
v -0.556302 2.43732 35.9
v -0.677101 2.40656 35.9
v -0.796217 2.36982 35.9
v -0.913353 2.32718 35.9
v -1.02822 2.27876 35.9
v -1.14053 2.22468 35.9
v -1.25 2.16506 35.9
v -1.35637 2.10006 35.9
v -1.45936 2.02985 35.9
v -1.55872 1.95458 35.9
v -1.65421 1.87445 35.9
v -1.74559 1.78967 35.9
v -1.83263 1.70043 35.9
v -1.91511 1.60697 35.9
v -1.99283 1.50951 35.9
v -2.0656 1.4083 35.9
v -2.13323 1.30359 35.9
v -2.19555 1.19563 35.9
v -2.25242 1.08471 35.9
v -2.30369 0.971087 35.9
v -2.34923 0.85505 35.9
v -2.38893 0.736888 35.9
v -2.42269 0.616893 35.9
v -2.45043 0.495365 35.9
v -2.47208 0.372606 35.9
v -2.48758 0.24892 35.9
v -2.49689 0.124615 35.9
v -2.5 -8.57562e-15 35.9
v -2.49689 -0.124615 35.9
v -2.48758 -0.24892 35.9
v -2.47208 -0.372606 35.9
v -2.45043 -0.495365 35.9
v -2.42269 -0.616893 35.9
v -2.38893 -0.736888 35.9
v -2.34923 -0.85505 35.9
v -2.30369 -0.971087 35.9
v -2.25242 -1.08471 35.9
v -2.19555 -1.19563 35.9
v -2.13323 -1.30359 35.9
v -2.0656 -1.4083 35.9
v -1.99283 -1.50951 35.9
v -1.91511 -1.60697 35.9
v -1.83263 -1.70043 35.9
v -1.74559 -1.78967 35.9
v -1.65421 -1.87445 35.9
v -1.55872 -1.95458 35.9
v -1.45936 -2.02985 35.9
v -1.35637 -2.10006 35.9
v -1.25 -2.16506 35.9
v -1.14053 -2.22468 35.9
v -1.02822 -2.27876 35.9
v -0.913353 -2.32718 35.9
v -0.796217 -2.36982 35.9
v -0.677101 -2.40656 35.9
v -0.556302 -2.43732 35.9
v -0.43412 -2.46202 35.9
v -0.310859 -2.4806 35.9
v -0.186825 -2.49301 35.9
v -0.0623267 -2.49922 35.9
v 0.0623267 -2.49922 35.9
v 0.186825 -2.49301 35.9
v 0.310859 -2.4806 35.9
v 0.43412 -2.46202 35.9
v 0.556302 -2.43732 35.9
v 0.677101 -2.40656 35.9
v 0.796217 -2.36982 35.9
v 0.913353 -2.32718 35.9
v 1.02822 -2.27876 35.9
v 1.14053 -2.22468 35.9
v 1.25 -2.16506 35.9
v 1.35637 -2.10006 35.9
v 1.45936 -2.02985 35.9
v 1.55872 -1.95458 35.9
v 1.65421 -1.87445 35.9
v 1.74559 -1.78967 35.9
v 1.83263 -1.70043 35.9
v 1.91511 -1.60697 35.9
v 1.99283 -1.50951 35.9
v 2.0656 -1.4083 35.9
v 2.13323 -1.30359 35.9
v 2.19555 -1.19563 35.9
v 2.25242 -1.08471 35.9
v 2.30369 -0.971087 35.9
v 2.34923 -0.85505 35.9
v 2.38893 -0.736888 35.9
v 2.42269 -0.616893 35.9
v 2.45043 -0.495365 35.9
v 2.47208 -0.372606 35.9
v 2.48758 -0.24892 35.9
v 2.49689 -0.124615 35.9
v 15.5 -1.5 45
v 15.4969 -1.5 45.1246
v 15.4876 -1.5 45.2489
v 15.4721 -1.5 45.3726
v 15.4504 -1.5 45.4954
v 15.4227 -1.5 45.6169
v 15.3889 -1.5 45.7369
v 15.3492 -1.5 45.8551
v 15.3037 -1.5 45.9711
v 15.2524 -1.5 46.0847
v 15.1956 -1.5 46.1956
v 15.1332 -1.5 46.3036
v 15.0656 -1.5 46.4083
v 14.9928 -1.5 46.5095
v 14.9151 -1.5 46.607
v 14.8326 -1.5 46.7004
v 14.7456 -1.5 46.7897
v 14.6542 -1.5 46.8745
v 14.5587 -1.5 46.9546
v 14.4594 -1.5 47.0298
v 14.3564 -1.5 47.1001
v 14.25 -1.5 47.1651
v 14.1405 -1.5 47.2247
v 14.0282 -1.5 47.2788
v 13.9134 -1.5 47.3272
v 13.7962 -1.5 47.3698
v 13.6771 -1.5 47.4066
v 13.5563 -1.5 47.4373
v 13.4341 -1.5 47.462
v 13.3109 -1.5 47.4806
v 13.1868 -1.5 47.493
v 13.0623 -1.5 47.4992
v 12.9377 -1.5 47.4992
v 12.8132 -1.5 47.493
v 12.6891 -1.5 47.4806
v 12.5659 -1.5 47.462
v 12.4437 -1.5 47.4373
v 12.3229 -1.5 47.4066
v 12.2038 -1.5 47.3698
v 12.0866 -1.5 47.3272
v 11.9718 -1.5 47.2788
v 11.8595 -1.5 47.2247
v 11.75 -1.5 47.1651
v 11.6436 -1.5 47.1001
v 11.5406 -1.5 47.0298
v 11.4413 -1.5 46.9546
v 11.3458 -1.5 46.8745
v 11.2544 -1.5 46.7897
v 11.1674 -1.5 46.7004
v 11.0849 -1.5 46.607
v 11.0072 -1.5 46.5095
v 10.9344 -1.5 46.4083
v 10.8668 -1.5 46.3036
v 10.8044 -1.5 46.1956
v 10.7476 -1.5 46.0847
v 10.6963 -1.5 45.9711
v 10.6508 -1.5 45.8551
v 10.6111 -1.5 45.7369
v 10.5773 -1.5 45.6169
v 10.5496 -1.5 45.4954
v 10.5279 -1.5 45.3726
v 10.5124 -1.5 45.2489
v 10.5031 -1.5 45.1246
v 10.5 -1.5 45
v 10.5031 -1.5 44.8754
v 10.5124 -1.5 44.7511
v 10.5279 -1.5 44.6274
v 10.5496 -1.5 44.5046
v 10.5773 -1.5 44.3831
v 10.6111 -1.5 44.2631
v 10.6508 -1.5 44.1449
v 10.6963 -1.5 44.0289
v 10.7476 -1.5 43.9153
v 10.8044 -1.5 43.8044
v 10.8668 -1.5 43.6964
v 10.9344 -1.5 43.5917
v 11.0072 -1.5 43.4905
v 11.0849 -1.5 43.393
v 11.1674 -1.5 43.2996
v 11.2544 -1.5 43.2103
v 11.3458 -1.5 43.1255
v 11.4413 -1.5 43.0454
v 11.5406 -1.5 42.9702
v 11.6436 -1.5 42.8999
v 11.75 -1.5 42.8349
v 11.8595 -1.5 42.7753
v 11.9718 -1.5 42.7212
v 12.0866 -1.5 42.6728
v 12.2038 -1.5 42.6302
v 12.3229 -1.5 42.5934
v 12.4437 -1.5 42.5627
v 12.5659 -1.5 42.538
v 12.6891 -1.5 42.5194
v 12.8132 -1.5 42.507
v 12.9377 -1.5 42.5008
v 13.0623 -1.5 42.5008
v 13.1868 -1.5 42.507
v 13.3109 -1.5 42.5194
v 13.4341 -1.5 42.538
v 13.5563 -1.5 42.5627
v 13.6771 -1.5 42.5934
v 13.7962 -1.5 42.6302
v 13.9134 -1.5 42.6728
v 14.0282 -1.5 42.7212
v 14.1405 -1.5 42.7753
v 14.25 -1.5 42.8349
v 14.3564 -1.5 42.8999
v 14.4594 -1.5 42.9702
v 14.5587 -1.5 43.0454
v 14.6542 -1.5 43.1255
v 14.7456 -1.5 43.2103
v 14.8326 -1.5 43.2996
v 14.9151 -1.5 43.393
v 14.9928 -1.5 43.4905
v 15.0656 -1.5 43.5917
v 15.1332 -1.5 43.6964
v 15.1956 -1.5 43.8044
v 15.2524 -1.5 43.9153
v 15.3037 -1.5 44.0289
v 15.3492 -1.5 44.1449
v 15.3889 -1.5 44.2631
v 15.4227 -1.5 44.3831
v 15.4504 -1.5 44.5046
v 15.4721 -1.5 44.6274
v 15.4876 -1.5 44.7511
v 15.4969 -1.5 44.8754
v 15.5 -1.5 45
v 15.5 1.5 45
v 15.4969 1.5 45.1246
v 15.4876 1.5 45.2489
v 15.4721 1.5 45.3726
v 15.4504 1.5 45.4954
v 15.4227 1.5 45.6169
v 15.3889 1.5 45.7369
v 15.3492 1.5 45.8551
v 15.3037 1.5 45.9711
v 15.2524 1.5 46.0847
v 15.1956 1.5 46.1956
v 15.1332 1.5 46.3036
v 15.0656 1.5 46.4083
v 14.9928 1.5 46.5095
v 14.9151 1.5 46.607
v 14.8326 1.5 46.7004
v 14.7456 1.5 46.7897
v 14.6542 1.5 46.8745
v 14.5587 1.5 46.9546
v 14.4594 1.5 47.0298
v 14.3564 1.5 47.1001
v 14.25 1.5 47.1651
v 14.1405 1.5 47.2247
v 14.0282 1.5 47.2788
v 13.9134 1.5 47.3272
v 13.7962 1.5 47.3698
v 13.6771 1.5 47.4066
v 13.5563 1.5 47.4373
v 13.4341 1.5 47.462
v 13.3109 1.5 47.4806
v 13.1868 1.5 47.493
v 13.0623 1.5 47.4992
v 12.9377 1.5 47.4992
v 12.8132 1.5 47.493
v 12.6891 1.5 47.4806
v 12.5659 1.5 47.462
v 12.4437 1.5 47.4373
v 12.3229 1.5 47.4066
v 12.2038 1.5 47.3698
v 12.0866 1.5 47.3272
v 11.9718 1.5 47.2788
v 11.8595 1.5 47.2247
v 11.75 1.5 47.1651
v 11.6436 1.5 47.1001
v 11.5406 1.5 47.0298
v 11.4413 1.5 46.9546
v 11.3458 1.5 46.8745
v 11.2544 1.5 46.7897
v 11.1674 1.5 46.7004
v 11.0849 1.5 46.607
v 11.0072 1.5 46.5095
v 10.9344 1.5 46.4083
v 10.8668 1.5 46.3036
v 10.8044 1.5 46.1956
v 10.7476 1.5 46.0847
v 10.6963 1.5 45.9711
v 10.6508 1.5 45.8551
v 10.6111 1.5 45.7369
v 10.5773 1.5 45.6169
v 10.5496 1.5 45.4954
v 10.5279 1.5 45.3726
v 10.5124 1.5 45.2489
v 10.5031 1.5 45.1246
v 10.5 1.5 45
v 10.5031 1.5 44.8754
v 10.5124 1.5 44.7511
v 10.5279 1.5 44.6274
v 10.5496 1.5 44.5046
v 10.5773 1.5 44.3831
v 10.6111 1.5 44.2631
v 10.6508 1.5 44.1449
v 10.6963 1.5 44.0289
v 10.7476 1.5 43.9153
v 10.8044 1.5 43.8044
v 10.8668 1.5 43.6964
v 10.9344 1.5 43.5917
v 11.0072 1.5 43.4905
v 11.0849 1.5 43.393
v 11.1674 1.5 43.2996
v 11.2544 1.5 43.2103
v 11.3458 1.5 43.1255
v 11.4413 1.5 43.0454
v 11.5406 1.5 42.9702
v 11.6436 1.5 42.8999
v 11.75 1.5 42.8349
v 11.8595 1.5 42.7753
v 11.9718 1.5 42.7212
v 12.0866 1.5 42.6728
v 12.2038 1.5 42.6302
v 12.3229 1.5 42.5934
v 12.4437 1.5 42.5627
v 12.5659 1.5 42.538
v 12.6891 1.5 42.5194
v 12.8132 1.5 42.507
v 12.9377 1.5 42.5008
v 13.0623 1.5 42.5008
v 13.1868 1.5 42.507
v 13.3109 1.5 42.5194
v 13.4341 1.5 42.538
v 13.5563 1.5 42.5627
v 13.6771 1.5 42.5934
v 13.7962 1.5 42.6302
v 13.9134 1.5 42.6728
v 14.0282 1.5 42.7212
v 14.1405 1.5 42.7753
v 14.25 1.5 42.8349
v 14.3564 1.5 42.8999
v 14.4594 1.5 42.9702
v 14.5587 1.5 43.0454
v 14.6542 1.5 43.1255
v 14.7456 1.5 43.2103
v 14.8326 1.5 43.2996
v 14.9151 1.5 43.393
v 14.9928 1.5 43.4905
v 15.0656 1.5 43.5917
v 15.1332 1.5 43.6964
v 15.1956 1.5 43.8044
v 15.2524 1.5 43.9153
v 15.3037 1.5 44.0289
v 15.3492 1.5 44.1449
v 15.3889 1.5 44.2631
v 15.4227 1.5 44.3831
v 15.4504 1.5 44.5046
v 15.4721 1.5 44.6274
v 15.4876 1.5 44.7511
v 15.4969 1.5 44.8754
v 15.5 1.5 45
v 27.5 -1.5 15
v 27.4969 -1.5 15.1246
v 27.4876 -1.5 15.2489
v 27.4721 -1.5 15.3726
v 27.4504 -1.5 15.4954
v 27.4227 -1.5 15.6169
v 27.3889 -1.5 15.7369
v 27.3492 -1.5 15.8551
v 27.3037 -1.5 15.9711
v 27.2524 -1.5 16.0847
v 27.1956 -1.5 16.1956
v 27.1332 -1.5 16.3036
v 27.0656 -1.5 16.4083
v 26.9928 -1.5 16.5095
v 26.9151 -1.5 16.607
v 26.8326 -1.5 16.7004
v 26.7456 -1.5 16.7897
v 26.6542 -1.5 16.8745
v 26.5587 -1.5 16.9546
v 26.4594 -1.5 17.0298
v 26.3564 -1.5 17.1001
v 26.25 -1.5 17.1651
v 26.1405 -1.5 17.2247
v 26.0282 -1.5 17.2788
v 25.9134 -1.5 17.3272
v 25.7962 -1.5 17.3698
v 25.6771 -1.5 17.4066
v 25.5563 -1.5 17.4373
v 25.4341 -1.5 17.462
v 25.3109 -1.5 17.4806
v 25.1868 -1.5 17.493
v 25.0623 -1.5 17.4992
v 24.9377 -1.5 17.4992
v 24.8132 -1.5 17.493
v 24.6891 -1.5 17.4806
v 24.5659 -1.5 17.462
v 24.4437 -1.5 17.4373
v 24.3229 -1.5 17.4066
v 24.2038 -1.5 17.3698
v 24.0866 -1.5 17.3272
v 23.9718 -1.5 17.2788
v 23.8595 -1.5 17.2247
v 23.75 -1.5 17.1651
v 23.6436 -1.5 17.1001
v 23.5406 -1.5 17.0298
v 23.4413 -1.5 16.9546
v 23.3458 -1.5 16.8745
v 23.2544 -1.5 16.7897
v 23.1674 -1.5 16.7004
v 23.0849 -1.5 16.607
v 23.0072 -1.5 16.5095
v 22.9344 -1.5 16.4083
v 22.8668 -1.5 16.3036
v 22.8044 -1.5 16.1956
v 22.7476 -1.5 16.0847
v 22.6963 -1.5 15.9711
v 22.6508 -1.5 15.8551
v 22.6111 -1.5 15.7369
v 22.5773 -1.5 15.6169
v 22.5496 -1.5 15.4954
v 22.5279 -1.5 15.3726
v 22.5124 -1.5 15.2489
v 22.5031 -1.5 15.1246
v 22.5 -1.5 15
v 22.5031 -1.5 14.8754
v 22.5124 -1.5 14.7511
v 22.5279 -1.5 14.6274
v 22.5496 -1.5 14.5046
v 22.5773 -1.5 14.3831
v 22.6111 -1.5 14.2631
v 22.6508 -1.5 14.1449
v 22.6963 -1.5 14.0289
v 22.7476 -1.5 13.9153
v 22.8044 -1.5 13.8044
v 22.8668 -1.5 13.6964
v 22.9344 -1.5 13.5917
v 23.0072 -1.5 13.4905
v 23.0849 -1.5 13.393
v 23.1674 -1.5 13.2996
v 23.2544 -1.5 13.2103
v 23.3458 -1.5 13.1255
v 23.4413 -1.5 13.0454
v 23.5406 -1.5 12.9702
v 23.6436 -1.5 12.8999
v 23.75 -1.5 12.8349
v 23.8595 -1.5 12.7753
v 23.9718 -1.5 12.7212
v 24.0866 -1.5 12.6728
v 24.2038 -1.5 12.6302
v 24.3229 -1.5 12.5934
v 24.4437 -1.5 12.5627
v 24.5659 -1.5 12.538
v 24.6891 -1.5 12.5194
v 24.8132 -1.5 12.507
v 24.9377 -1.5 12.5008
v 25.0623 -1.5 12.5008
v 25.1868 -1.5 12.507
v 25.3109 -1.5 12.5194
v 25.4341 -1.5 12.538
v 25.5563 -1.5 12.5627
v 25.6771 -1.5 12.5934
v 25.7962 -1.5 12.6302
v 25.9134 -1.5 12.6728
v 26.0282 -1.5 12.7212
v 26.1405 -1.5 12.7753
v 26.25 -1.5 12.8349
v 26.3564 -1.5 12.8999
v 26.4594 -1.5 12.9702
v 26.5587 -1.5 13.0454
v 26.6542 -1.5 13.1255
v 26.7456 -1.5 13.2103
v 26.8326 -1.5 13.2996
v 26.9151 -1.5 13.393
v 26.9928 -1.5 13.4905
v 27.0656 -1.5 13.5917
v 27.1332 -1.5 13.6964
v 27.1956 -1.5 13.8044
v 27.2524 -1.5 13.9153
v 27.3037 -1.5 14.0289
v 27.3492 -1.5 14.1449
v 27.3889 -1.5 14.2631
v 27.4227 -1.5 14.3831
v 27.4504 -1.5 14.5046
v 27.4721 -1.5 14.6274
v 27.4876 -1.5 14.7511
v 27.4969 -1.5 14.8754
v 27.5 -1.5 15
v 27.5 1.5 15
v 27.4969 1.5 15.1246
v 27.4876 1.5 15.2489
v 27.4721 1.5 15.3726
v 27.4504 1.5 15.4954
v 27.4227 1.5 15.6169
v 27.3889 1.5 15.7369
v 27.3492 1.5 15.8551
v 27.3037 1.5 15.9711
v 27.2524 1.5 16.0847
v 27.1956 1.5 16.1956
v 27.1332 1.5 16.3036
v 27.0656 1.5 16.4083
v 26.9928 1.5 16.5095
v 26.9151 1.5 16.607
v 26.8326 1.5 16.7004
v 26.7456 1.5 16.7897
v 26.6542 1.5 16.8745
v 26.5587 1.5 16.9546
v 26.4594 1.5 17.0298
v 26.3564 1.5 17.1001
v 26.25 1.5 17.1651
v 26.1405 1.5 17.2247
v 26.0282 1.5 17.2788
v 25.9134 1.5 17.3272
v 25.7962 1.5 17.3698
v 25.6771 1.5 17.4066
v 25.5563 1.5 17.4373
v 25.4341 1.5 17.462
v 25.3109 1.5 17.4806
v 25.1868 1.5 17.493
v 25.0623 1.5 17.4992
v 24.9377 1.5 17.4992
v 24.8132 1.5 17.493
v 24.6891 1.5 17.4806
v 24.5659 1.5 17.462
v 24.4437 1.5 17.4373
v 24.3229 1.5 17.4066
v 24.2038 1.5 17.3698
v 24.0866 1.5 17.3272
v 23.9718 1.5 17.2788
v 23.8595 1.5 17.2247
v 23.75 1.5 17.1651
v 23.6436 1.5 17.1001
v 23.5406 1.5 17.0298
v 23.4413 1.5 16.9546
v 23.3458 1.5 16.8745
v 23.2544 1.5 16.7897
v 23.1674 1.5 16.7004
v 23.0849 1.5 16.607
v 23.0072 1.5 16.5095
v 22.9344 1.5 16.4083
v 22.8668 1.5 16.3036
v 22.8044 1.5 16.1956
v 22.7476 1.5 16.0847
v 22.6963 1.5 15.9711
v 22.6508 1.5 15.8551
v 22.6111 1.5 15.7369
v 22.5773 1.5 15.6169
v 22.5496 1.5 15.4954
v 22.5279 1.5 15.3726
v 22.5124 1.5 15.2489
v 22.5031 1.5 15.1246
v 22.5 1.5 15
v 22.5031 1.5 14.8754
v 22.5124 1.5 14.7511
v 22.5279 1.5 14.6274
v 22.5496 1.5 14.5046
v 22.5773 1.5 14.3831
v 22.6111 1.5 14.2631
v 22.6508 1.5 14.1449
v 22.6963 1.5 14.0289
v 22.7476 1.5 13.9153
v 22.8044 1.5 13.8044
v 22.8668 1.5 13.6964
v 22.9344 1.5 13.5917
v 23.0072 1.5 13.4905
v 23.0849 1.5 13.393
v 23.1674 1.5 13.2996
v 23.2544 1.5 13.2103
v 23.3458 1.5 13.1255
v 23.4413 1.5 13.0454
v 23.5406 1.5 12.9702
v 23.6436 1.5 12.8999
v 23.75 1.5 12.8349
v 23.8595 1.5 12.7753
v 23.9718 1.5 12.7212
v 24.0866 1.5 12.6728
v 24.2038 1.5 12.6302
v 24.3229 1.5 12.5934
v 24.4437 1.5 12.5627
v 24.5659 1.5 12.538
v 24.6891 1.5 12.5194
v 24.8132 1.5 12.507
v 24.9377 1.5 12.5008
v 25.0623 1.5 12.5008
v 25.1868 1.5 12.507
v 25.3109 1.5 12.5194
v 25.4341 1.5 12.538
v 25.5563 1.5 12.5627
v 25.6771 1.5 12.5934
v 25.7962 1.5 12.6302
v 25.9134 1.5 12.6728
v 26.0282 1.5 12.7212
v 26.1405 1.5 12.7753
v 26.25 1.5 12.8349
v 26.3564 1.5 12.8999
v 26.4594 1.5 12.9702
v 26.5587 1.5 13.0454
v 26.6542 1.5 13.1255
v 26.7456 1.5 13.2103
v 26.8326 1.5 13.2996
v 26.9151 1.5 13.393
v 26.9928 1.5 13.4905
v 27.0656 1.5 13.5917
v 27.1332 1.5 13.6964
v 27.1956 1.5 13.8044
v 27.2524 1.5 13.9153
v 27.3037 1.5 14.0289
v 27.3492 1.5 14.1449
v 27.3889 1.5 14.2631
v 27.4227 1.5 14.3831
v 27.4504 1.5 14.5046
v 27.4721 1.5 14.6274
v 27.4876 1.5 14.7511
v 27.4969 1.5 14.8754
v 27.5 1.5 15
v 2.5 -6.12323e-16 60
v 2.49689 0.124615 60
v 2.48758 0.24892 60
v 2.47208 0.372606 60
v 2.45043 0.495365 60
v 2.42269 0.616893 60
v 2.38893 0.736888 60
v 2.34923 0.85505 60
v 2.30369 0.971087 60
v 2.25242 1.08471 60
v 2.19555 1.19563 60
v 2.13323 1.30359 60
v 2.0656 1.4083 60
v 1.99283 1.50951 60
v 1.91511 1.60697 60
v 1.83263 1.70043 60
v 1.74559 1.78967 60
v 1.65421 1.87445 60
v 1.55872 1.95458 60
v 1.45936 2.02985 60
v 1.35637 2.10006 60
v 1.25 2.16506 60
v 1.14053 2.22468 60
v 1.02822 2.27876 60
v 0.913353 2.32718 60
v 0.796217 2.36982 60
v 0.677101 2.40656 60
v 0.556302 2.43732 60
v 0.43412 2.46202 60
v 0.310859 2.4806 60
v 0.186825 2.49301 60
v 0.0623267 2.49922 60
v -0.0623267 2.49922 60
v -0.186825 2.49301 60
v -0.310859 2.4806 60
v -0.43412 2.46202 60
v -0.556302 2.43732 60
v -0.677101 2.40656 60
v -0.796217 2.36982 60
v -0.913353 2.32718 60
v -1.02822 2.27876 60
v -1.14053 2.22468 60
v -1.25 2.16506 60
v -1.35637 2.10006 60
v -1.45936 2.02985 60
v -1.55872 1.95458 60
v -1.65421 1.87445 60
v -1.74559 1.78967 60
v -1.83263 1.70043 60
v -1.91511 1.60697 60
v -1.99283 1.50951 60
v -2.0656 1.4083 60
v -2.13323 1.30359 60
v -2.19555 1.19563 60
v -2.25242 1.08471 60
v -2.30369 0.971087 60
v -2.34923 0.85505 60
v -2.38893 0.736888 60
v -2.42269 0.616893 60
v -2.45043 0.495365 60
v -2.47208 0.372606 60
v -2.48758 0.24892 60
v -2.49689 0.124615 60
v -2.5 -8.57562e-15 60
v -2.49689 -0.124615 60
v -2.48758 -0.24892 60
v -2.47208 -0.372606 60
v -2.45043 -0.495365 60
v -2.42269 -0.616893 60
v -2.38893 -0.736888 60
v -2.34923 -0.85505 60
v -2.30369 -0.971087 60
v -2.25242 -1.08471 60
v -2.19555 -1.19563 60
v -2.13323 -1.30359 60
v -2.0656 -1.4083 60
v -1.99283 -1.50951 60
v -1.91511 -1.60697 60
v -1.83263 -1.70043 60
v -1.74559 -1.78967 60
v -1.65421 -1.87445 60
v -1.55872 -1.95458 60
v -1.45936 -2.02985 60
v -1.35637 -2.10006 60
v -1.25 -2.16506 60
v -1.14053 -2.22468 60
v -1.02822 -2.27876 60
v -0.913353 -2.32718 60
v -0.796217 -2.36982 60
v -0.677101 -2.40656 60
v -0.556302 -2.43732 60
v -0.43412 -2.46202 60
v -0.310859 -2.4806 60
v -0.186825 -2.49301 60
v -0.0623267 -2.49922 60
v 0.0623267 -2.49922 60
v 0.186825 -2.49301 60
v 0.310859 -2.4806 60
v 0.43412 -2.46202 60
v 0.556302 -2.43732 60
v 0.677101 -2.40656 60
v 0.796217 -2.36982 60
v 0.913353 -2.32718 60
v 1.02822 -2.27876 60
v 1.14053 -2.22468 60
v 1.25 -2.16506 60
v 1.35637 -2.10006 60
v 1.45936 -2.02985 60
v 1.55872 -1.95458 60
v 1.65421 -1.87445 60
v 1.74559 -1.78967 60
v 1.83263 -1.70043 60
v 1.91511 -1.60697 60
v 1.99283 -1.50951 60
v 2.0656 -1.4083 60
v 2.13323 -1.30359 60
v 2.19555 -1.19563 60
v 2.25242 -1.08471 60
v 2.30369 -0.971087 60
v 2.34923 -0.85505 60
v 2.38893 -0.736888 60
v 2.42269 -0.616893 60
v 2.45043 -0.495365 60
v 2.47208 -0.372606 60
v 2.48758 -0.24892 60
v 2.49689 -0.124615 60
v 2.5 -6.12323e-16 60
v 2.5 -6.12323e-16 48.1
v 2.49689 0.124615 48.1
v 2.48758 0.24892 48.1
v 2.47208 0.372606 48.1
v 2.45043 0.495365 48.1
v 2.42269 0.616893 48.1
v 2.38893 0.736888 48.1
v 2.34923 0.85505 48.1
v 2.30369 0.971087 48.1
v 2.25242 1.08471 48.1
v 2.19555 1.19563 48.1
v 2.13323 1.30359 48.1
v 2.0656 1.4083 48.1
v 1.99283 1.50951 48.1
v 1.91511 1.60697 48.1
v 1.83263 1.70043 48.1
v 1.74559 1.78967 48.1
v 1.65421 1.87445 48.1
v 1.55872 1.95458 48.1
v 1.45936 2.02985 48.1
v 1.35637 2.10006 48.1
v 1.25 2.16506 48.1
v 1.14053 2.22468 48.1
v 1.02822 2.27876 48.1
v 0.913353 2.32718 48.1
v 0.796217 2.36982 48.1
v 0.677101 2.40656 48.1
v 0.556302 2.43732 48.1
v 0.43412 2.46202 48.1
v 0.310859 2.4806 48.1
v 0.186825 2.49301 48.1
v 0.0623267 2.49922 48.1
v -0.0623267 2.49922 48.1
v -0.186825 2.49301 48.1
v -0.310859 2.4806 48.1
v -0.43412 2.46202 48.1
v -0.556302 2.43732 48.1
v -0.677101 2.40656 48.1
v -0.796217 2.36982 48.1
v -0.913353 2.32718 48.1
v -1.02822 2.27876 48.1
v -1.14053 2.22468 48.1
v -1.25 2.16506 48.1
v -1.35637 2.10006 48.1
v -1.45936 2.02985 48.1
v -1.55872 1.95458 48.1
v -1.65421 1.87445 48.1
v -1.74559 1.78967 48.1
v -1.83263 1.70043 48.1
v -1.91511 1.60697 48.1
v -1.99283 1.50951 48.1
v -2.0656 1.4083 48.1
v -2.13323 1.30359 48.1
v -2.19555 1.19563 48.1
v -2.25242 1.08471 48.1
v -2.30369 0.971087 48.1
v -2.34923 0.85505 48.1
v -2.38893 0.736888 48.1
v -2.42269 0.616893 48.1
v -2.45043 0.495365 48.1
v -2.47208 0.372606 48.1
v -2.48758 0.24892 48.1
v -2.49689 0.124615 48.1
v -2.5 -8.57562e-15 48.1
v -2.49689 -0.124615 48.1
v -2.48758 -0.24892 48.1
v -2.47208 -0.372606 48.1
v -2.45043 -0.495365 48.1
v -2.42269 -0.616893 48.1
v -2.38893 -0.736888 48.1
v -2.34923 -0.85505 48.1
v -2.30369 -0.971087 48.1
v -2.25242 -1.08471 48.1
v -2.19555 -1.19563 48.1
v -2.13323 -1.30359 48.1
v -2.0656 -1.4083 48.1
v -1.99283 -1.50951 48.1
v -1.91511 -1.60697 48.1
v -1.83263 -1.70043 48.1
v -1.74559 -1.78967 48.1
v -1.65421 -1.87445 48.1
v -1.55872 -1.95458 48.1
v -1.45936 -2.02985 48.1
v -1.35637 -2.10006 48.1
v -1.25 -2.16506 48.1
v -1.14053 -2.22468 48.1
v -1.02822 -2.27876 48.1
v -0.913353 -2.32718 48.1
v -0.796217 -2.36982 48.1
v -0.677101 -2.40656 48.1
v -0.556302 -2.43732 48.1
v -0.43412 -2.46202 48.1
v -0.310859 -2.4806 48.1
v -0.186825 -2.49301 48.1
v -0.0623267 -2.49922 48.1
v 0.0623267 -2.49922 48.1
v 0.186825 -2.49301 48.1
v 0.310859 -2.4806 48.1
v 0.43412 -2.46202 48.1
v 0.556302 -2.43732 48.1
v 0.677101 -2.40656 48.1
v 0.796217 -2.36982 48.1
v 0.913353 -2.32718 48.1
v 1.02822 -2.27876 48.1
v 1.14053 -2.22468 48.1
v 1.25 -2.16506 48.1
v 1.35637 -2.10006 48.1
v 1.45936 -2.02985 48.1
v 1.55872 -1.95458 48.1
v 1.65421 -1.87445 48.1
v 1.74559 -1.78967 48.1
v 1.83263 -1.70043 48.1
v 1.91511 -1.60697 48.1
v 1.99283 -1.50951 48.1
v 2.0656 -1.4083 48.1
v 2.13323 -1.30359 48.1
v 2.19555 -1.19563 48.1
v 2.25242 -1.08471 48.1
v 2.30369 -0.971087 48.1
v 2.34923 -0.85505 48.1
v 2.38893 -0.736888 48.1
v 2.42269 -0.616893 48.1
v 2.45043 -0.495365 48.1
v 2.47208 -0.372606 48.1
v 2.48758 -0.24892 48.1
v 2.49689 -0.124615 48.1
v 2.5 -6.12323e-16 48.1
v 2.5 -6.12323e-16 35.9
v 2.49689 0.124615 35.9
v 2.48758 0.24892 35.9
v 2.47208 0.372606 35.9
v 2.45043 0.495365 35.9
v 2.42269 0.616893 35.9
v 2.38893 0.736888 35.9
v 2.34923 0.85505 35.9
v 2.30369 0.971087 35.9
v 2.25242 1.08471 35.9
v 2.19555 1.19563 35.9
v 2.13323 1.30359 35.9
v 2.0656 1.4083 35.9
v 1.99283 1.50951 35.9
v 1.91511 1.60697 35.9
v 1.83263 1.70043 35.9
v 1.74559 1.78967 35.9
v 1.65421 1.87445 35.9
v 1.55872 1.95458 35.9
v 1.45936 2.02985 35.9
v 1.35637 2.10006 35.9
v 1.25 2.16506 35.9
v 1.14053 2.22468 35.9
v 1.02822 2.27876 35.9
v 0.913353 2.32718 35.9
v 0.796217 2.36982 35.9
v 0.677101 2.40656 35.9
v 0.556302 2.43732 35.9
v 0.43412 2.46202 35.9
v 0.310859 2.4806 35.9
v 0.186825 2.49301 35.9
v 0.0623267 2.49922 35.9
v -0.0623267 2.49922 35.9
v -0.186825 2.49301 35.9
v -0.310859 2.4806 35.9
v -0.43412 2.46202 35.9
v -0.556302 2.43732 35.9
v -0.677101 2.40656 35.9
v -0.796217 2.36982 35.9
v -0.913353 2.32718 35.9
v -1.02822 2.27876 35.9
v -1.14053 2.22468 35.9
v -1.25 2.16506 35.9
v -1.35637 2.10006 35.9
v -1.45936 2.02985 35.9
v -1.55872 1.95458 35.9
v -1.65421 1.87445 35.9
v -1.74559 1.78967 35.9
v -1.83263 1.70043 35.9
v -1.91511 1.60697 35.9
v -1.99283 1.50951 35.9
v -2.0656 1.4083 35.9
v -2.13323 1.30359 35.9
v -2.19555 1.19563 35.9
v -2.25242 1.08471 35.9
v -2.30369 0.971087 35.9
v -2.34923 0.85505 35.9
v -2.38893 0.736888 35.9
v -2.42269 0.616893 35.9
v -2.45043 0.495365 35.9
v -2.47208 0.372606 35.9
v -2.48758 0.24892 35.9
v -2.49689 0.124615 35.9
v -2.5 -8.57562e-15 35.9
v -2.49689 -0.124615 35.9
v -2.48758 -0.24892 35.9
v -2.47208 -0.372606 35.9
v -2.45043 -0.495365 35.9
v -2.42269 -0.616893 35.9
v -2.38893 -0.736888 35.9
v -2.34923 -0.85505 35.9
v -2.30369 -0.971087 35.9
v -2.25242 -1.08471 35.9
v -2.19555 -1.19563 35.9
v -2.13323 -1.30359 35.9
v -2.0656 -1.4083 35.9
v -1.99283 -1.50951 35.9
v -1.91511 -1.60697 35.9
v -1.83263 -1.70043 35.9
v -1.74559 -1.78967 35.9
v -1.65421 -1.87445 35.9
v -1.55872 -1.95458 35.9
v -1.45936 -2.02985 35.9
v -1.35637 -2.10006 35.9
v -1.25 -2.16506 35.9
v -1.14053 -2.22468 35.9
v -1.02822 -2.27876 35.9
v -0.913353 -2.32718 35.9
v -0.796217 -2.36982 35.9
v -0.677101 -2.40656 35.9
v -0.556302 -2.43732 35.9
v -0.43412 -2.46202 35.9
v -0.310859 -2.4806 35.9
v -0.186825 -2.49301 35.9
v -0.0623267 -2.49922 35.9
v 0.0623267 -2.49922 35.9
v 0.186825 -2.49301 35.9
v 0.310859 -2.4806 35.9
v 0.43412 -2.46202 35.9
v 0.556302 -2.43732 35.9
v 0.677101 -2.40656 35.9
v 0.796217 -2.36982 35.9
v 0.913353 -2.32718 35.9
v 1.02822 -2.27876 35.9
v 1.14053 -2.22468 35.9
v 1.25 -2.16506 35.9
v 1.35637 -2.10006 35.9
v 1.45936 -2.02985 35.9
v 1.55872 -1.95458 35.9
v 1.65421 -1.87445 35.9
v 1.74559 -1.78967 35.9
v 1.83263 -1.70043 35.9
v 1.91511 -1.60697 35.9
v 1.99283 -1.50951 35.9
v 2.0656 -1.4083 35.9
v 2.13323 -1.30359 35.9
v 2.19555 -1.19563 35.9
v 2.25242 -1.08471 35.9
v 2.30369 -0.971087 35.9
v 2.34923 -0.85505 35.9
v 2.38893 -0.736888 35.9
v 2.42269 -0.616893 35.9
v 2.45043 -0.495365 35.9
v 2.47208 -0.372606 35.9
v 2.48758 -0.24892 35.9
v 2.49689 -0.124615 35.9
v 2.5 -6.12323e-16 35.9
v 2.5 -6.12323e-16 24.1
v 2.49689 0.124615 24.1
v 2.48758 0.24892 24.1
v 2.47208 0.372606 24.1
v 2.45043 0.495365 24.1
v 2.42269 0.616893 24.1
v 2.38893 0.736888 24.1
v 2.34923 0.85505 24.1
v 2.30369 0.971087 24.1
v 2.25242 1.08471 24.1
v 2.19555 1.19563 24.1
v 2.13323 1.30359 24.1
v 2.0656 1.4083 24.1
v 1.99283 1.50951 24.1
v 1.91511 1.60697 24.1
v 1.83263 1.70043 24.1
v 1.74559 1.78967 24.1
v 1.65421 1.87445 24.1
v 1.55872 1.95458 24.1
v 1.45936 2.02985 24.1
v 1.35637 2.10006 24.1
v 1.25 2.16506 24.1
v 1.14053 2.22468 24.1
v 1.02822 2.27876 24.1
v 0.913353 2.32718 24.1
v 0.796217 2.36982 24.1
v 0.677101 2.40656 24.1
v 0.556302 2.43732 24.1
v 0.43412 2.46202 24.1
v 0.310859 2.4806 24.1
v 0.186825 2.49301 24.1
v 0.0623267 2.49922 24.1
v -0.0623267 2.49922 24.1
v -0.186825 2.49301 24.1
v -0.310859 2.4806 24.1
v -0.43412 2.46202 24.1
v -0.556302 2.43732 24.1
v -0.677101 2.40656 24.1
v -0.796217 2.36982 24.1
v -0.913353 2.32718 24.1
v -1.02822 2.27876 24.1
v -1.14053 2.22468 24.1
v -1.25 2.16506 24.1
v -1.35637 2.10006 24.1
v -1.45936 2.02985 24.1
v -1.55872 1.95458 24.1
v -1.65421 1.87445 24.1
v -1.74559 1.78967 24.1
v -1.83263 1.70043 24.1
v -1.91511 1.60697 24.1
v -1.99283 1.50951 24.1
v -2.0656 1.4083 24.1
v -2.13323 1.30359 24.1
v -2.19555 1.19563 24.1
v -2.25242 1.08471 24.1
v -2.30369 0.971087 24.1
v -2.34923 0.85505 24.1
v -2.38893 0.736888 24.1
v -2.42269 0.616893 24.1
v -2.45043 0.495365 24.1
v -2.47208 0.372606 24.1
v -2.48758 0.24892 24.1
v -2.49689 0.124615 24.1
v -2.5 -8.57562e-15 24.1
v -2.49689 -0.124615 24.1
v -2.48758 -0.24892 24.1
v -2.47208 -0.372606 24.1
v -2.45043 -0.495365 24.1
v -2.42269 -0.616893 24.1
v -2.38893 -0.736888 24.1
v -2.34923 -0.85505 24.1
v -2.30369 -0.971087 24.1
v -2.25242 -1.08471 24.1
v -2.19555 -1.19563 24.1
v -2.13323 -1.30359 24.1
v -2.0656 -1.4083 24.1
v -1.99283 -1.50951 24.1
v -1.91511 -1.60697 24.1
v -1.83263 -1.70043 24.1
v -1.74559 -1.78967 24.1
v -1.65421 -1.87445 24.1
v -1.55872 -1.95458 24.1
v -1.45936 -2.02985 24.1
v -1.35637 -2.10006 24.1
v -1.25 -2.16506 24.1
v -1.14053 -2.22468 24.1
v -1.02822 -2.27876 24.1
v -0.913353 -2.32718 24.1
v -0.796217 -2.36982 24.1
v -0.677101 -2.40656 24.1
v -0.556302 -2.43732 24.1
v -0.43412 -2.46202 24.1
v -0.310859 -2.4806 24.1
v -0.186825 -2.49301 24.1
v -0.0623267 -2.49922 24.1
v 0.0623267 -2.49922 24.1
v 0.186825 -2.49301 24.1
v 0.310859 -2.4806 24.1
v 0.43412 -2.46202 24.1
v 0.556302 -2.43732 24.1
v 0.677101 -2.40656 24.1
v 0.796217 -2.36982 24.1
v 0.913353 -2.32718 24.1
v 1.02822 -2.27876 24.1
v 1.14053 -2.22468 24.1
v 1.25 -2.16506 24.1
v 1.35637 -2.10006 24.1
v 1.45936 -2.02985 24.1
v 1.55872 -1.95458 24.1
v 1.65421 -1.87445 24.1
v 1.74559 -1.78967 24.1
v 1.83263 -1.70043 24.1
v 1.91511 -1.60697 24.1
v 1.99283 -1.50951 24.1
v 2.0656 -1.4083 24.1
v 2.13323 -1.30359 24.1
v 2.19555 -1.19563 24.1
v 2.25242 -1.08471 24.1
v 2.30369 -0.971087 24.1
v 2.34923 -0.85505 24.1
v 2.38893 -0.736888 24.1
v 2.42269 -0.616893 24.1
v 2.45043 -0.495365 24.1
v 2.47208 -0.372606 24.1
v 2.48758 -0.24892 24.1
v 2.49689 -0.124615 24.1
v 2.5 -6.12323e-16 24.1
f 197 75 74
f 196 74 73
f 196 197 74
f 198 76 75
f 198 75 197
f 195 196 73
f 195 73 72
f 199 76 198
f 199 77 76
f 194 195 72
f 194 72 71
f 200 78 77
f 200 77 199
f 193 194 71
f 193 71 70
f 201 78 200
f 201 79 78
f 192 193 70
f 192 70 69
f 202 80 79
f 202 79 201
f 191 192 69
f 191 69 68
f 203 80 202
f 203 81 80
f 190 191 68
f 190 68 67
f 204 81 203
f 204 82 81
f 189 190 67
f 189 67 66
f 205 82 204
f 205 83 82
f 188 189 66
f 188 66 65
f 206 83 205
f 206 84 83
f 187 65 64
f 187 188 65
f 207 84 206
f 207 85 84
f 186 64 63
f 186 187 64
f 208 85 207
f 208 86 85
f 185 63 62
f 185 186 63
f 209 86 208
f 209 87 86
f 184 62 61
f 184 185 62
f 210 87 209
f 210 88 87
f 183 184 61
f 183 61 60
f 211 88 210
f 211 89 88
f 182 60 59
f 182 183 60
f 212 89 211
f 212 90 89
f 181 58 57
f 181 59 58
f 181 182 59
f 213 90 212
f 213 91 90
f 180 57 56
f 180 181 57
f 214 91 213
f 214 92 91
f 179 56 55
f 179 180 56
f 215 92 214
f 215 93 92
f 178 179 55
f 178 55 54
f 216 93 215
f 216 94 93
f 177 178 54
f 177 54 53
f 217 94 216
f 217 95 94
f 176 177 53
f 176 53 52
f 218 95 217
f 218 96 95
f 175 176 52
f 175 52 51
f 219 96 218
f 219 97 96
f 174 175 51
f 174 51 50
f 220 98 97
f 220 97 219
f 173 174 50
f 173 50 49
f 221 98 220
f 221 99 98
f 172 49 48
f 172 173 49
f 222 99 221
f 222 100 99
f 171 172 48
f 171 48 47
f 223 100 222
f 223 101 100
f 170 47 46
f 170 171 47
f 224 102 101
f 224 101 223
f 169 46 45
f 169 170 46
f 225 103 102
f 225 102 224
f 168 45 44
f 168 169 45
f 226 104 103
f 226 103 225
f 167 168 44
f 43 167 44
f 227 104 226
f 166 167 43
f 105 104 227
f 228 105 227
f 42 165 166
f 42 166 43
f 106 228 229
f 106 105 228
f 41 164 165
f 41 165 42
f 107 229 230
f 107 106 229
f 40 164 41
f 40 163 164
f 108 107 230
f 108 230 231
f 39 163 40
f 39 162 163
f 109 108 231
f 109 231 232
f 38 162 39
f 38 161 162
f 110 109 232
f 110 232 233
f 37 161 38
f 37 160 161
f 111 233 234
f 111 110 233
f 36 159 160
f 36 160 37
f 112 234 235
f 112 111 234
f 35 158 159
f 35 159 36
f 113 235 236
f 113 112 235
f 34 157 158
f 34 158 35
f 114 236 237
f 114 113 236
f 33 157 34
f 33 156 157
f 115 237 238
f 115 238 239
f 115 239 240
f 115 240 241
f 115 241 242
f 115 242 243
f 115 243 118
f 115 114 237
f 32 156 33
f 32 155 156
f 31 155 32
f 31 154 155
f 30 153 154
f 30 154 31
f 29 152 153
f 29 153 30
f 28 151 152
f 28 152 29
f 27 150 151
f 27 151 28
f 26 149 150
f 26 150 27
f 25 148 149
f 25 149 26
f 24 147 148
f 24 148 25
f 23 146 147
f 23 147 24
f 22 145 146
f 22 146 23
f 21 144 145
f 21 145 22
f 1 118 119
f 1 115 118
f 1 119 120
f 1 120 121
f 1 121 122
f 1 122 123
f 1 123 124
f 1 124 125
f 20 143 144
f 20 144 21
f 2 1 125
f 2 125 126
f 19 142 143
f 19 143 20
f 3 126 127
f 3 2 126
f 18 141 142
f 18 142 19
f 4 127 128
f 4 3 127
f 17 141 18
f 17 140 141
f 5 128 129
f 5 4 128
f 16 140 17
f 16 139 140
f 6 129 130
f 6 5 129
f 15 139 16
f 15 138 139
f 7 6 130
f 7 130 131
f 14 138 15
f 14 137 138
f 8 131 132
f 8 7 131
f 13 137 14
f 13 136 137
f 9 8 132
f 9 132 133
f 12 136 13
f 12 135 136
f 10 9 133
f 10 133 134
f 11 10 134
f 11 135 12
f 11 134 135
f 117 116 115
f 117 115 1
f 245 244 359
f 245 359 360
f 246 360 361
f 246 245 360
f 247 361 362
f 247 246 361
f 248 362 363
f 248 247 362
f 249 363 364
f 249 248 363
f 250 364 365
f 250 249 364
f 251 365 366
f 251 250 365
f 252 366 367
f 252 251 366
f 253 367 368
f 253 252 367
f 254 368 369
f 254 253 368
f 255 369 370
f 255 254 369
f 256 370 371
f 256 255 370
f 257 371 372
f 257 256 371
f 258 372 373
f 258 257 372
f 259 373 374
f 259 258 373
f 260 374 375
f 260 259 374
f 261 260 375
f 261 375 376
f 262 261 376
f 262 376 377
f 263 262 377
f 263 377 378
f 264 263 378
f 264 378 379
f 265 264 379
f 265 379 380
f 266 265 380
f 266 380 381
f 267 266 381
f 267 381 382
f 268 267 382
f 268 382 383
f 269 268 383
f 269 383 384
f 270 269 384
f 270 384 385
f 271 385 386
f 271 270 385
f 272 386 387
f 272 271 386
f 273 387 388
f 273 272 387
f 274 388 389
f 274 273 388
f 275 389 390
f 275 274 389
f 276 390 391
f 276 275 390
f 277 391 392
f 277 276 391
f 278 392 393
f 278 277 392
f 279 393 394
f 279 278 393
f 280 394 395
f 280 279 394
f 281 395 396
f 281 280 395
f 282 396 397
f 282 281 396
f 283 397 398
f 283 282 397
f 284 398 399
f 284 283 398
f 285 399 400
f 285 284 399
f 286 400 401
f 286 285 400
f 287 286 401
f 287 401 402
f 288 287 402
f 288 402 403
f 288 403 404
f 289 288 404
f 290 289 404
f 290 404 405
f 291 290 405
f 291 405 406
f 292 291 406
f 292 406 407
f 293 292 407
f 293 407 408
f 294 293 408
f 294 408 409
f 295 294 409
f 295 409 410
f 296 295 410
f 296 410 411
f 297 296 411
f 297 411 412
f 298 297 412
f 298 412 413
f 299 298 413
f 299 413 414
f 300 299 414
f 300 414 415
f 301 300 415
f 301 415 416
f 302 301 416
f 302 416 417
f 303 302 417
f 303 417 418
f 304 303 418
f 304 418 419
f 304 419 420
f 305 304 420
f 306 420 421
f 306 305 420
f 307 421 422
f 307 306 421
f 308 422 423
f 308 307 422
f 309 423 424
f 309 308 423
f 310 424 425
f 310 309 424
f 311 425 426
f 311 310 425
f 312 311 426
f 312 426 427
f 313 312 427
f 313 427 428
f 314 313 428
f 314 428 429
f 315 314 429
f 315 429 430
f 316 315 430
f 316 430 431
f 317 316 431
f 317 431 432
f 318 317 432
f 318 432 433
f 319 318 433
f 319 433 434
f 320 319 434
f 320 434 435
f 321 320 435
f 321 435 436
f 322 321 436
f 322 436 437
f 322 437 438
f 323 322 438
f 324 323 438
f 324 438 439
f 325 324 439
f 325 439 440
f 326 325 440
f 326 440 441
f 327 326 441
f 327 441 442
f 328 327 442
f 328 442 443
f 329 328 443
f 329 443 444
f 330 445 446
f 330 329 444
f 330 444 445
f 331 446 447
f 331 330 446
f 332 331 447
f 333 447 448
f 333 332 447
f 334 448 449
f 334 333 448
f 335 449 450
f 335 450 451
f 335 334 449
f 336 335 451
f 337 336 451
f 337 451 452
f 337 452 453
f 338 337 453
f 339 338 453
f 339 453 454
f 339 454 455
f 340 455 456
f 340 339 455
f 341 340 456
f 342 456 457
f 342 341 456
f 343 457 458
f 343 342 457
f 344 458 459
f 344 343 458
f 345 459 460
f 345 460 461
f 345 344 459
f 346 345 461
f 347 461 462
f 347 462 463
f 347 346 461
f 348 347 463
f 349 463 464
f 349 464 465
f 349 348 463
f 350 465 466
f 350 349 465
f 351 350 466
f 352 466 467
f 352 351 466
f 353 467 468
f 353 352 467
f 354 468 469
f 354 353 468
f 355 469 470
f 355 354 469
f 356 470 471
f 356 355 470
f 357 471 472
f 357 356 471
f 358 472 473
f 358 357 472
f 476 477 478
f 479 474 476
f 479 476 478
f 483 481 482
f 480 481 483
f 698 699 474
f 700 474 699
f 697 474 479
f 697 698 474
f 701 474 700
f 696 697 479
f 702 474 701
f 695 696 479
f 703 474 702
f 694 695 479
f 704 475 474
f 704 474 703
f 693 694 479
f 705 475 704
f 692 693 479
f 706 475 705
f 691 692 479
f 707 475 706
f 690 691 479
f 708 475 707
f 689 690 479
f 709 475 708
f 688 689 479
f 710 475 709
f 687 688 479
f 711 475 710
f 686 687 479
f 712 475 711
f 685 686 479
f 713 475 712
f 684 685 479
f 714 475 713
f 683 684 479
f 715 475 714
f 682 683 479
f 716 475 715
f 681 682 479
f 717 475 716
f 680 681 479
f 718 475 717
f 679 680 479
f 719 475 718
f 678 479 480
f 678 679 479
f 720 475 719
f 677 678 480
f 721 475 720
f 676 677 480
f 722 475 721
f 675 676 480
f 723 475 722
f 674 675 480
f 724 475 723
f 673 674 480
f 725 475 724
f 672 673 480
f 726 475 725
f 671 672 480
f 727 475 726
f 670 671 480
f 728 475 727
f 669 670 480
f 729 475 728
f 668 669 480
f 730 475 729
f 667 668 480
f 731 475 730
f 666 667 480
f 732 475 731
f 665 666 480
f 733 475 732
f 664 665 480
f 734 475 733
f 484 485 486
f 663 664 480
f 735 475 734
f 487 483 484
f 487 484 486
f 487 480 483
f 662 663 480
f 736 475 735
f 661 662 480
f 737 475 736
f 738 475 737
f 739 475 738
f 740 475 739
f 741 475 740
f 742 475 741
f 743 475 742
f 744 475 743
f 745 475 744
f 491 489 490
f 488 489 491
f 572 573 487
f 574 487 573
f 571 572 487
f 575 487 574
f 570 571 487
f 576 487 575
f 569 570 487
f 577 487 576
f 568 569 487
f 578 487 577
f 567 568 487
f 579 487 578
f 566 567 487
f 580 487 579
f 565 566 487
f 581 487 580
f 564 487 488
f 564 565 487
f 582 487 581
f 563 564 488
f 583 487 582
f 562 563 488
f 584 487 583
f 561 562 488
f 585 487 584
f 560 561 488
f 586 487 585
f 559 560 488
f 587 487 586
f 558 559 488
f 588 487 587
f 557 558 488
f 589 487 588
f 556 557 488
f 590 487 589
f 555 556 488
f 591 487 590
f 554 555 488
f 592 487 591
f 553 554 488
f 593 480 487
f 593 487 592
f 552 553 488
f 594 480 593
f 594 661 480
f 551 552 488
f 595 661 594
f 595 660 661
f 550 551 488
f 596 660 595
f 596 659 660
f 549 550 488
f 597 659 596
f 597 658 659
f 548 549 488
f 598 658 597
f 598 657 658
f 547 548 488
f 599 657 598
f 599 656 657
f 546 547 488
f 600 656 599
f 600 655 656
f 545 546 488
f 601 655 600
f 601 654 655
f 544 545 488
f 602 654 601
f 602 653 654
f 543 544 488
f 603 653 602
f 603 652 653
f 542 543 488
f 604 651 652
f 604 652 603
f 541 542 488
f 605 650 651
f 605 651 604
f 540 541 488
f 606 649 650
f 606 650 605
f 539 540 488
f 607 648 649
f 607 649 606
f 538 539 488
f 608 647 648
f 608 648 607
f 537 538 488
f 609 646 647
f 609 647 608
f 536 488 491
f 536 537 488
f 610 646 609
f 610 645 646
f 535 536 491
f 611 645 610
f 611 644 645
f 534 535 491
f 612 644 611
f 612 643 644
f 613 643 612
f 613 642 643
f 614 642 613
f 614 641 642
f 492 534 491
f 492 520 521
f 492 521 522
f 492 522 523
f 492 523 524
f 492 524 525
f 492 525 526
f 492 526 527
f 492 527 528
f 492 528 529
f 492 529 530
f 492 530 531
f 492 531 532
f 492 532 533
f 492 533 534
f 493 520 492
f 493 494 495
f 493 495 496
f 493 496 497
f 493 641 614
f 493 497 498
f 493 498 499
f 493 499 500
f 493 500 501
f 493 501 502
f 493 502 503
f 493 503 504
f 493 504 505
f 493 505 506
f 493 506 507
f 493 507 508
f 493 508 509
f 493 509 510
f 493 510 511
f 493 511 512
f 493 512 513
f 493 614 615
f 493 513 514
f 493 615 616
f 493 514 515
f 493 616 617
f 493 515 516
f 493 617 618
f 493 516 517
f 493 618 619
f 493 517 518
f 493 619 494
f 493 518 519
f 493 519 520
f 493 632 633
f 493 633 634
f 493 634 635
f 493 635 636
f 493 636 637
f 493 637 638
f 493 638 639
f 493 639 640
f 493 640 641
f 493 475 620
f 620 475 745
f 493 620 621
f 493 621 622
f 493 622 623
f 493 623 624
f 493 624 625
f 493 625 626
f 493 626 627
f 493 627 628
f 493 628 629
f 493 629 630
f 493 630 631
f 493 631 632
f 748 750 749
f 751 748 746
f 751 750 748
f 755 754 753
f 752 755 753
f 970 746 971
f 972 971 746
f 969 751 746
f 969 746 970
f 973 972 746
f 968 751 969
f 974 973 746
f 967 751 968
f 975 974 746
f 966 751 967
f 976 746 747
f 976 975 746
f 965 751 966
f 977 976 747
f 964 751 965
f 978 977 747
f 963 751 964
f 979 978 747
f 962 751 963
f 980 979 747
f 961 751 962
f 981 980 747
f 960 751 961
f 982 981 747
f 959 751 960
f 983 982 747
f 958 751 959
f 984 983 747
f 957 751 958
f 985 984 747
f 956 751 957
f 986 985 747
f 955 751 956
f 987 986 747
f 954 751 955
f 988 987 747
f 953 751 954
f 989 988 747
f 952 751 953
f 990 989 747
f 951 751 952
f 991 990 747
f 950 752 751
f 950 751 951
f 992 991 747
f 949 752 950
f 993 992 747
f 948 752 949
f 994 993 747
f 947 752 948
f 995 994 747
f 946 752 947
f 996 995 747
f 945 752 946
f 997 996 747
f 944 752 945
f 998 997 747
f 943 752 944
f 999 998 747
f 942 752 943
f 1000 999 747
f 941 752 942
f 1001 1000 747
f 940 752 941
f 1002 1001 747
f 939 752 940
f 1003 1002 747
f 938 752 939
f 1004 1003 747
f 937 752 938
f 1005 1004 747
f 936 752 937
f 1006 1005 747
f 756 758 757
f 935 752 936
f 1007 1006 747
f 759 756 755
f 759 758 756
f 759 755 752
f 934 752 935
f 1008 1007 747
f 933 752 934
f 1009 1008 747
f 1010 1009 747
f 1011 1010 747
f 1012 1011 747
f 1013 1012 747
f 1014 1013 747
f 1015 1014 747
f 1016 1015 747
f 1017 1016 747
f 763 762 761
f 760 763 761
f 844 759 845
f 846 845 759
f 843 759 844
f 847 846 759
f 842 759 843
f 848 847 759
f 841 759 842
f 849 848 759
f 840 759 841
f 850 849 759
f 839 759 840
f 851 850 759
f 838 759 839
f 852 851 759
f 837 759 838
f 853 852 759
f 836 760 759
f 836 759 837
f 854 853 759
f 835 760 836
f 855 854 759
f 834 760 835
f 856 855 759
f 833 760 834
f 857 856 759
f 832 760 833
f 858 857 759
f 831 760 832
f 859 858 759
f 830 760 831
f 860 859 759
f 829 760 830
f 861 860 759
f 828 760 829
f 862 861 759
f 827 760 828
f 863 862 759
f 826 760 827
f 864 863 759
f 825 760 826
f 865 759 752
f 865 864 759
f 824 760 825
f 866 865 752
f 866 752 933
f 823 760 824
f 867 866 933
f 867 933 932
f 822 760 823
f 868 867 932
f 868 932 931
f 821 760 822
f 869 868 931
f 869 931 930
f 820 760 821
f 870 869 930
f 870 930 929
f 819 760 820
f 871 870 929
f 871 929 928
f 818 760 819
f 872 871 928
f 872 928 927
f 817 760 818
f 873 872 927
f 873 927 926
f 816 760 817
f 874 873 926
f 874 926 925
f 815 760 816
f 875 874 925
f 875 925 924
f 814 760 815
f 876 924 923
f 876 875 924
f 813 760 814
f 877 923 922
f 877 876 923
f 812 760 813
f 878 922 921
f 878 877 922
f 811 760 812
f 879 921 920
f 879 878 921
f 810 760 811
f 880 920 919
f 880 879 920
f 809 760 810
f 881 919 918
f 881 880 919
f 808 763 760
f 808 760 809
f 882 881 918
f 882 918 917
f 807 763 808
f 883 882 917
f 883 917 916
f 806 763 807
f 884 883 916
f 884 916 915
f 885 884 915
f 885 915 914
f 886 885 914
f 886 914 913
f 764 763 806
f 764 793 792
f 764 794 793
f 764 795 794
f 764 796 795
f 764 797 796
f 764 798 797
f 764 799 798
f 764 800 799
f 764 801 800
f 764 802 801
f 764 803 802
f 764 804 803
f 764 805 804
f 764 806 805
f 765 764 792
f 765 767 766
f 765 768 767
f 765 769 768
f 765 886 913
f 765 770 769
f 765 771 770
f 765 772 771
f 765 773 772
f 765 774 773
f 765 775 774
f 765 776 775
f 765 777 776
f 765 778 777
f 765 779 778
f 765 780 779
f 765 781 780
f 765 782 781
f 765 783 782
f 765 784 783
f 765 785 784
f 765 887 886
f 765 786 785
f 765 888 887
f 765 787 786
f 765 889 888
f 765 788 787
f 765 890 889
f 765 789 788
f 765 891 890
f 765 790 789
f 765 766 891
f 765 791 790
f 765 792 791
f 765 905 904
f 765 906 905
f 765 907 906
f 765 908 907
f 765 909 908
f 765 910 909
f 765 911 910
f 765 912 911
f 765 913 912
f 765 892 747
f 892 1017 747
f 765 893 892
f 765 894 893
f 765 895 894
f 765 896 895
f 765 897 896
f 765 898 897
f 765 899 898
f 765 900 899
f 765 901 900
f 765 902 901
f 765 903 902
f 765 904 903
f 1019 1018 1020
f 1019 1020 1021
f 1022 1150 1149
f 1023 1150 1022
f 1024 1151 1150
f 1024 1150 1023
f 1025 1152 1151
f 1025 1153 1152
f 1025 1151 1024
f 1026 1153 1025
f 1027 1154 1153
f 1027 1153 1026
f 1028 1155 1154
f 1028 1154 1027
f 1029 1156 1155
f 1029 1155 1028
f 1030 1157 1156
f 1030 1156 1029
f 1031 1158 1157
f 1031 1157 1030
f 1032 1159 1158
f 1032 1160 1159
f 1032 1158 1031
f 1033 1160 1032
f 1034 1160 1033
f 1034 1161 1160
f 1035 1161 1034
f 1035 1162 1161
f 1036 1162 1035
f 1036 1163 1162
f 1037 1163 1036
f 1037 1164 1163
f 1037 1165 1164
f 1038 1165 1037
f 1039 1165 1038
f 1039 1166 1165
f 1040 1166 1039
f 1040 1167 1166
f 1041 1167 1040
f 1041 1168 1167
f 1042 1168 1041
f 1042 1169 1168
f 1043 1169 1042
f 1043 1170 1169
f 1044 1170 1043
f 1044 1171 1170
f 1045 1172 1171
f 1045 1171 1044
f 1046 1173 1172
f 1046 1172 1045
f 1047 1174 1173
f 1047 1173 1046
f 1048 1175 1174
f 1048 1174 1047
f 1049 1176 1175
f 1049 1175 1048
f 1050 1177 1176
f 1050 1176 1049
f 1051 1178 1177
f 1051 1177 1050
f 1052 1179 1178
f 1052 1178 1051
f 1053 1180 1179
f 1053 1179 1052
f 1054 1181 1180
f 1054 1182 1181
f 1054 1180 1053
f 1055 1183 1182
f 1055 1182 1054
f 1056 1183 1055
f 1057 1184 1183
f 1057 1183 1056
f 1058 1185 1184
f 1058 1184 1057
f 1059 1185 1058
f 1059 1186 1185
f 1060 1186 1059
f 1060 1187 1186
f 1061 1187 1060
f 1061 1188 1187
f 1062 1188 1061
f 1062 1189 1188
f 1063 1189 1062
f 1063 1190 1189
f 1064 1190 1063
f 1064 1191 1190
f 1065 1191 1064
f 1065 1192 1191
f 1066 1192 1065
f 1066 1193 1192
f 1067 1193 1066
f 1067 1194 1193
f 1067 1195 1194
f 1068 1195 1067
f 1069 1195 1068
f 1069 1196 1195
f 1070 1196 1069
f 1070 1197 1196
f 1071 1197 1070
f 1071 1198 1197
f 1072 1198 1071
f 1072 1199 1198
f 1073 1199 1072
f 1073 1200 1199
f 1074 1200 1073
f 1074 1201 1200
f 1075 1201 1074
f 1075 1202 1201
f 1076 1202 1075
f 1076 1203 1202
f 1076 1204 1203
f 1077 1204 1076
f 1078 1204 1077
f 1078 1205 1204
f 1079 1205 1078
f 1079 1206 1205
f 1080 1207 1206
f 1080 1206 1079
f 1081 1208 1207
f 1081 1207 1080
f 1082 1209 1208
f 1082 1210 1209
f 1082 1208 1081
f 1083 1211 1210
f 1083 1210 1082
f 1084 1211 1083
f 1085 1211 1084
f 1085 1212 1211
f 1085 1213 1212
f 1086 1213 1085
f 1087 1213 1086
f 1087 1214 1213
f 1088 1214 1087
f 1088 1215 1214
f 1088 1216 1215
f 1089 1216 1088
f 1090 1216 1089
f 1090 1217 1216
f 1090 1218 1217
f 1091 1218 1090
f 1092 1218 1091
f 1092 1219 1218
f 1093 1219 1092
f 1093 1220 1219
f 1094 1220 1093
f 1094 1221 1220
f 1094 1222 1221
f 1095 1222 1094
f 1096 1222 1095
f 1096 1223 1222
f 1097 1224 1223
f 1097 1225 1224
f 1097 1223 1096
f 1098 1225 1097
f 1099 1226 1225
f 1099 1225 1098
f 1100 1227 1226
f 1100 1226 1099
f 1101 1228 1227
f 1101 1229 1228
f 1101 1227 1100
f 1102 1230 1229
f 1102 1229 1101
f 1103 1231 1230
f 1103 1230 1102
f 1104 1231 1103
f 1105 1232 1231
f 1105 1231 1104
f 1106 1233 1232
f 1106 1232 1105
f 1107 1234 1233
f 1107 1233 1106
f 1108 1235 1234
f 1108 1236 1235
f 1108 1234 1107
f 1109 1236 1108
f 1110 1236 1109
f 1110 1237 1236
f 1111 1237 1110
f 1111 1238 1237
f 1111 1239 1238
f 1112 1240 1239
f 1112 1239 1111
f 1113 1240 1112
f 1114 1241 1240
f 1114 1242 1241
f 1114 1240 1113
f 1115 1243 1242
f 1115 1242 1114
f 1116 1243 1115
f 1117 1244 1243
f 1117 1243 1116
f 1118 1245 1244
f 1118 1246 1245
f 1118 1244 1117
f 1119 1246 1118
f 1120 1247 1246
f 1120 1246 1119
f 1121 1248 1247
f 1121 1247 1120
f 1122 1249 1248
f 1122 1250 1249
f 1122 1248 1121
f 1123 1250 1122
f 1124 1251 1250
f 1124 1250 1123
f 1125 1252 1251
f 1125 1253 1252
f 1125 1251 1124
f 1126 1254 1253
f 1126 1253 1125
f 1127 1255 1254
f 1127 1254 1126
f 1128 1256 1255
f 1128 1255 1127
f 1129 1256 1128
f 1130 1257 1256
f 1130 1256 1129
f 1131 1258 1257
f 1131 1257 1130
f 1132 1259 1258
f 1132 1258 1131
f 1133 1260 1259
f 1133 1259 1132
f 1134 1260 1133
f 1134 1261 1260
f 1135 1261 1134
f 1135 1262 1261
f 1136 1262 1135
f 1136 1263 1262
f 1137 1263 1136
f 1137 1264 1263
f 1138 1264 1137
f 1138 1265 1264
f 1139 1265 1138
f 1139 1266 1265
f 1140 1266 1139
f 1140 1267 1266
f 1141 1267 1140
f 1141 1268 1267
f 1142 1268 1141
f 1142 1269 1268
f 1143 1269 1142
f 1143 1270 1269
f 1144 1270 1143
f 1144 1271 1270
f 1145 1271 1144
f 1145 1272 1271
f 1145 1273 1272
f 1146 1273 1145
f 1147 1274 1273
f 1147 1273 1146
f 1148 1275 1274
f 1148 1274 1147
f 1472 1350 1351
f 1471 1349 1350
f 1471 1350 1472
f 1473 1351 1352
f 1473 1472 1351
f 1470 1349 1471
f 1470 1348 1349
f 1474 1473 1352
f 1474 1352 1353
f 1469 1348 1470
f 1469 1347 1348
f 1475 1474 1353
f 1475 1353 1354
f 1468 1347 1469
f 1468 1346 1347
f 1476 1475 1354
f 1476 1354 1355
f 1467 1345 1346
f 1467 1346 1468
f 1477 1476 1355
f 1477 1355 1356
f 1466 1344 1345
f 1466 1345 1467
f 1478 1477 1356
f 1478 1356 1357
f 1465 1343 1344
f 1465 1344 1466
f 1479 1478 1357
f 1479 1357 1358
f 1464 1343 1465
f 1464 1342 1343
f 1480 1479 1358
f 1480 1358 1359
f 1463 1342 1464
f 1463 1341 1342
f 1481 1480 1359
f 1481 1359 1360
f 1462 1340 1341
f 1462 1341 1463
f 1482 1481 1360
f 1482 1360 1361
f 1461 1340 1462
f 1461 1339 1340
f 1483 1482 1361
f 1483 1361 1362
f 1460 1338 1339
f 1460 1339 1461
f 1484 1483 1362
f 1484 1362 1363
f 1459 1338 1460
f 1459 1337 1338
f 1485 1484 1363
f 1485 1363 1364
f 1458 1336 1337
f 1458 1337 1459
f 1486 1485 1364
f 1486 1364 1365
f 1457 1336 1458
f 1457 1335 1336
f 1487 1486 1365
f 1487 1365 1366
f 1456 1333 1334
f 1456 1334 1335
f 1456 1335 1457
f 1488 1366 1367
f 1488 1487 1366
f 1455 1333 1456
f 1455 1332 1333
f 1489 1488 1367
f 1489 1367 1368
f 1454 1332 1455
f 1454 1331 1332
f 1490 1489 1368
f 1490 1368 1369
f 1453 1331 1454
f 1453 1330 1331
f 1491 1490 1369
f 1491 1369 1370
f 1452 1329 1330
f 1452 1330 1453
f 1492 1491 1370
f 1492 1370 1371
f 1451 1329 1452
f 1451 1328 1329
f 1493 1492 1371
f 1493 1371 1372
f 1450 1328 1451
f 1450 1327 1328
f 1494 1493 1372
f 1494 1372 1373
f 1449 1327 1450
f 1449 1326 1327
f 1495 1494 1373
f 1495 1373 1374
f 1448 1326 1449
f 1448 1325 1326
f 1496 1495 1374
f 1496 1374 1375
f 1447 1325 1448
f 1447 1324 1325
f 1497 1496 1375
f 1497 1375 1376
f 1446 1323 1324
f 1446 1324 1447
f 1498 1376 1377
f 1498 1497 1376
f 1445 1323 1446
f 1445 1322 1323
f 1499 1377 1378
f 1499 1498 1377
f 1444 1322 1445
f 1444 1321 1322
f 1500 1378 1379
f 1500 1499 1378
f 1443 1320 1321
f 1443 1321 1444
f 1501 1379 1380
f 1501 1500 1379
f 1442 1320 1443
f 1319 1320 1442
f 1502 1501 1380
f 1441 1319 1442
f 1381 1502 1380
f 1503 1502 1381
f 1318 1441 1440
f 1318 1319 1441
f 1317 1440 1439
f 1317 1318 1440
f 1316 1317 1439
f 1316 1439 1438
f 1315 1316 1438
f 1315 1438 1437
f 1314 1315 1437
f 1314 1437 1436
f 1392 1381 1382
f 1392 1382 1383
f 1392 1383 1384
f 1392 1384 1385
f 1392 1504 1503
f 1392 1505 1504
f 1392 1506 1505
f 1392 1507 1506
f 1392 1508 1507
f 1392 1509 1508
f 1392 1510 1509
f 1392 1511 1510
f 1392 1512 1511
f 1392 1503 1381
f 1386 1392 1385
f 1513 1512 1392
f 1514 1513 1392
f 1313 1314 1436
f 1313 1436 1435
f 1515 1514 1392
f 1387 1392 1386
f 1516 1515 1392
f 1312 1435 1434
f 1312 1313 1435
f 1517 1516 1392
f 1388 1392 1387
f 1311 1434 1433
f 1311 1312 1434
f 1389 1392 1388
f 1310 1433 1432
f 1310 1311 1433
f 1390 1392 1389
f 1309 1310 1432
f 1309 1432 1431
f 1391 1392 1390
f 1308 1309 1431
f 1308 1431 1430
f 1307 1308 1430
f 1307 1430 1429
f 1306 1429 1428
f 1306 1307 1429
f 1305 1428 1427
f 1305 1306 1428
f 1276 1396 1395
f 1276 1397 1396
f 1276 1398 1397
f 1276 1399 1398
f 1276 1400 1399
f 1276 1401 1400
f 1276 1402 1401
f 1276 1403 1402
f 1276 1404 1403
f 1276 1405 1404
f 1276 1406 1405
f 1276 1407 1406
f 1276 1408 1407
f 1276 1409 1408
f 1304 1427 1426
f 1304 1305 1427
f 1303 1426 1425
f 1303 1304 1426
f 1302 1425 1424
f 1302 1303 1425
f 1301 1424 1423
f 1301 1302 1424
f 1300 1423 1422
f 1300 1301 1423
f 1299 1422 1421
f 1299 1300 1422
f 1298 1421 1420
f 1298 1299 1421
f 1297 1420 1419
f 1297 1298 1420
f 1296 1419 1418
f 1296 1297 1419
f 1278 1276 1277
f 1295 1418 1417
f 1295 1296 1418
f 1279 1276 1278
f 1294 1417 1416
f 1294 1295 1417
f 1280 1276 1279
f 1293 1416 1415
f 1293 1294 1416
f 1281 1276 1280
f 1292 1293 1415
f 1292 1415 1414
f 1282 1276 1281
f 1291 1292 1414
f 1291 1414 1413
f 1283 1276 1282
f 1290 1291 1413
f 1290 1413 1412
f 1284 1276 1283
f 1289 1290 1412
f 1289 1412 1411
f 1285 1276 1284
f 1288 1289 1411
f 1288 1411 1410
f 1286 1276 1285
f 1287 1276 1286
f 1287 1288 1410
f 1287 1410 1409
f 1287 1409 1276
f 1392 1276 1393
f 1393 1276 1394
f 1394 1276 1395
f 1392 1393 1518
f 1392 1518 1517
f 1715 1593 1594
f 1714 1592 1593
f 1714 1593 1715
f 1716 1594 1595
f 1716 1715 1594
f 1713 1592 1714
f 1713 1591 1592
f 1717 1716 1595
f 1717 1595 1596
f 1712 1591 1713
f 1712 1590 1591
f 1718 1596 1597
f 1718 1717 1596
f 1711 1590 1712
f 1711 1589 1590
f 1719 1718 1597
f 1719 1597 1598
f 1710 1589 1711
f 1710 1588 1589
f 1720 1598 1599
f 1720 1719 1598
f 1709 1588 1710
f 1709 1587 1588
f 1721 1720 1599
f 1721 1599 1600
f 1708 1587 1709
f 1708 1586 1587
f 1722 1721 1600
f 1722 1600 1601
f 1707 1586 1708
f 1707 1585 1586
f 1723 1722 1601
f 1723 1601 1602
f 1706 1585 1707
f 1706 1584 1585
f 1724 1723 1602
f 1724 1602 1603
f 1705 1583 1584
f 1705 1584 1706
f 1725 1724 1603
f 1725 1603 1604
f 1704 1582 1583
f 1704 1583 1705
f 1726 1725 1604
f 1726 1604 1605
f 1703 1581 1582
f 1703 1582 1704
f 1727 1726 1605
f 1727 1605 1606
f 1702 1580 1581
f 1702 1581 1703
f 1728 1727 1606
f 1728 1606 1607
f 1701 1579 1580
f 1701 1580 1702
f 1729 1728 1607
f 1729 1607 1608
f 1700 1579 1701
f 1700 1578 1579
f 1730 1729 1608
f 1730 1608 1609
f 1699 1578 1700
f 1699 1576 1577
f 1699 1577 1578
f 1731 1730 1609
f 1731 1609 1610
f 1698 1575 1576
f 1698 1576 1699
f 1732 1731 1610
f 1732 1610 1611
f 1697 1574 1575
f 1697 1575 1698
f 1733 1732 1611
f 1733 1611 1612
f 1696 1573 1574
f 1696 1574 1697
f 1734 1733 1612
f 1734 1612 1613
f 1695 1573 1696
f 1695 1572 1573
f 1735 1734 1613
f 1735 1613 1614
f 1694 1572 1695
f 1694 1571 1572
f 1736 1735 1614
f 1736 1614 1615
f 1693 1570 1571
f 1693 1571 1694
f 1737 1736 1615
f 1737 1615 1616
f 1692 1570 1693
f 1692 1569 1570
f 1738 1737 1616
f 1738 1616 1617
f 1691 1569 1692
f 1691 1568 1569
f 1739 1738 1617
f 1739 1617 1618
f 1690 1568 1691
f 1690 1567 1568
f 1740 1739 1618
f 1740 1618 1619
f 1689 1566 1567
f 1689 1567 1690
f 1741 1619 1620
f 1741 1740 1619
f 1688 1565 1566
f 1688 1566 1689
f 1742 1620 1621
f 1742 1741 1620
f 1687 1565 1688
f 1687 1564 1565
f 1743 1621 1622
f 1743 1742 1621
f 1686 1563 1564
f 1686 1564 1687
f 1744 1622 1623
f 1744 1743 1622
f 1685 1563 1686
f 1562 1563 1685
f 1745 1744 1623
f 1684 1562 1685
f 1624 1745 1623
f 1746 1745 1624
f 1561 1684 1683
f 1561 1562 1684
f 1625 1747 1746
f 1625 1746 1624
f 1560 1683 1682
f 1560 1561 1683
f 1626 1748 1747
f 1626 1747 1625
f 1559 1560 1682
f 1559 1682 1681
f 1627 1748 1626
f 1627 1749 1748
f 1558 1559 1681
f 1558 1681 1680
f 1628 1749 1627
f 1628 1750 1749
f 1557 1558 1680
f 1557 1680 1679
f 1629 1751 1750
f 1629 1750 1628
f 1556 1557 1679
f 1556 1679 1678
f 1630 1752 1751
f 1630 1751 1629
f 1555 1678 1677
f 1555 1556 1678
f 1631 1753 1752
f 1631 1752 1630
f 1554 1677 1676
f 1554 1555 1677
f 1632 1753 1631
f 1632 1754 1753
f 1553 1676 1675
f 1553 1554 1676
f 1633 1755 1754
f 1633 1754 1632
f 1552 1553 1675
f 1552 1675 1674
f 1634 1755 1633
f 1634 1756 1755
f 1634 1757 1756
f 1634 1758 1757
f 1634 1759 1758
f 1634 1760 1759
f 1634 1761 1760
f 1634 1636 1761
f 1551 1552 1674
f 1551 1674 1673
f 1550 1551 1673
f 1550 1673 1672
f 1549 1672 1671
f 1549 1550 1672
f 1548 1671 1670
f 1548 1549 1671
f 1547 1670 1669
f 1547 1548 1670
f 1546 1669 1668
f 1546 1547 1669
f 1545 1668 1667
f 1545 1546 1668
f 1544 1667 1666
f 1544 1545 1667
f 1543 1666 1665
f 1543 1544 1666
f 1542 1665 1664
f 1542 1543 1665
f 1541 1664 1663
f 1541 1542 1664
f 1540 1663 1662
f 1540 1541 1663
f 1519 1636 1634
f 1519 1637 1636
f 1519 1638 1637
f 1519 1639 1638
f 1519 1640 1639
f 1519 1641 1640
f 1519 1642 1641
f 1519 1643 1642
f 1539 1662 1661
f 1539 1540 1662
f 1521 1643 1519
f 1521 1644 1643
f 1538 1539 1661
f 1538 1661 1660
f 1522 1645 1644
f 1522 1644 1521
f 1537 1660 1659
f 1537 1538 1660
f 1523 1646 1645
f 1523 1645 1522
f 1536 1659 1658
f 1536 1537 1659
f 1524 1647 1646
f 1524 1646 1523
f 1535 1658 1657
f 1535 1536 1658
f 1525 1648 1647
f 1525 1647 1524
f 1534 1535 1657
f 1534 1657 1656
f 1526 1649 1648
f 1526 1648 1525
f 1533 1534 1656
f 1533 1656 1655
f 1527 1649 1526
f 1527 1650 1649
f 1532 1533 1655
f 1532 1655 1654
f 1528 1651 1650
f 1528 1650 1527
f 1531 1532 1654
f 1531 1654 1653
f 1529 1651 1528
f 1529 1652 1651
f 1530 1531 1653
f 1530 1652 1529
f 1530 1653 1652
f 1635 1519 1634
f 1520 1519 1635
f 1763 1764 1762
f 1763 1765 1764
f 1766 1881 1882
f 1767 1882 1883
f 1767 1766 1882
f 1768 1883 1884
f 1768 1767 1883
f 1769 1884 1885
f 1769 1768 1884
f 1770 1885 1886
f 1770 1769 1885
f 1771 1886 1887
f 1771 1770 1886
f 1772 1887 1888
f 1772 1771 1887
f 1773 1888 1889
f 1773 1772 1888
f 1774 1889 1890
f 1774 1773 1889
f 1775 1890 1891
f 1775 1774 1890
f 1776 1891 1892
f 1776 1775 1891
f 1777 1892 1893
f 1777 1776 1892
f 1778 1893 1894
f 1778 1777 1893
f 1779 1894 1895
f 1779 1778 1894
f 1780 1895 1896
f 1780 1779 1895
f 1781 1896 1897
f 1781 1780 1896
f 1782 1897 1898
f 1782 1781 1897
f 1783 1782 1898
f 1783 1898 1899
f 1784 1783 1899
f 1784 1899 1900
f 1785 1784 1900
f 1785 1900 1901
f 1786 1785 1901
f 1786 1901 1902
f 1787 1786 1902
f 1787 1902 1903
f 1788 1787 1903
f 1788 1903 1904
f 1789 1788 1904
f 1789 1904 1905
f 1790 1789 1905
f 1790 1905 1906
f 1791 1790 1906
f 1791 1906 1907
f 1792 1791 1907
f 1792 1907 1908
f 1793 1908 1909
f 1793 1792 1908
f 1794 1909 1910
f 1794 1793 1909
f 1795 1910 1911
f 1795 1794 1910
f 1796 1795 1911
f 1797 1911 1912
f 1797 1912 1913
f 1797 1796 1911
f 1798 1797 1913
f 1799 1913 1914
f 1799 1914 1915
f 1799 1798 1913
f 1800 1915 1916
f 1800 1799 1915
f 1801 1800 1916
f 1802 1916 1917
f 1802 1801 1916
f 1803 1917 1918
f 1803 1918 1919
f 1803 1802 1917
f 1804 1919 1920
f 1804 1803 1919
f 1805 1804 1920
f 1806 1920 1921
f 1806 1921 1922
f 1806 1805 1920
f 1807 1806 1922
f 1808 1807 1922
f 1808 1922 1923
f 1808 1923 1924
f 1809 1808 1924
f 1809 1924 1925
f 1810 1809 1925
f 1811 1810 1925
f 1811 1925 1926
f 1811 1926 1927
f 1812 1811 1927
f 1812 1927 1928
f 1813 1812 1928
f 1814 1813 1928
f 1814 1928 1929
f 1814 1929 1930
f 1815 1814 1930
f 1815 1930 1931
f 1816 1815 1931
f 1817 1816 1931
f 1817 1931 1932
f 1817 1932 1933
f 1818 1817 1933
f 1818 1933 1934
f 1819 1818 1934
f 1819 1934 1935
f 1820 1819 1935
f 1820 1935 1936
f 1821 1820 1936
f 1822 1821 1936
f 1822 1936 1937
f 1822 1937 1938
f 1823 1822 1938
f 1823 1938 1939
f 1824 1823 1939
f 1824 1939 1940
f 1825 1824 1940
f 1825 1940 1941
f 1826 1825 1941
f 1827 1826 1941
f 1827 1941 1942
f 1827 1942 1943
f 1828 1943 1944
f 1828 1827 1943
f 1829 1944 1945
f 1829 1828 1944
f 1830 1829 1945
f 1831 1945 1946
f 1831 1830 1945
f 1832 1946 1947
f 1832 1831 1946
f 1833 1947 1948
f 1833 1832 1947
f 1834 1833 1948
f 1834 1948 1949
f 1835 1834 1949
f 1835 1949 1950
f 1835 1950 1951
f 1836 1835 1951
f 1837 1836 1951
f 1837 1951 1952
f 1838 1837 1952
f 1838 1952 1953
f 1839 1838 1953
f 1839 1953 1954
f 1840 1839 1954
f 1840 1954 1955
f 1840 1955 1956
f 1841 1840 1956
f 1841 1956 1957
f 1842 1841 1957
f 1842 1957 1958
f 1843 1842 1958
f 1843 1958 1959
f 1844 1843 1959
f 1845 1844 1959
f 1845 1959 1960
f 1845 1960 1961
f 1846 1845 1961
f 1846 1961 1962
f 1847 1846 1962
f 1847 1962 1963
f 1848 1847 1963
f 1849 1848 1963
f 1849 1963 1964
f 1850 1849 1964
f 1850 1964 1965
f 1850 1965 1966
f 1851 1850 1966
f 1852 1967 1968
f 1852 1851 1966
f 1852 1966 1967
f 1853 1852 1968
f 1854 1968 1969
f 1854 1853 1968
f 1855 1969 1970
f 1855 1970 1971
f 1855 1854 1969
f 1856 1855 1971
f 1857 1971 1972
f 1857 1856 1971
f 1858 1972 1973
f 1858 1973 1974
f 1858 1857 1972
f 1859 1858 1974
f 1860 1974 1975
f 1860 1975 1976
f 1860 1859 1974
f 1861 1860 1976
f 1862 1976 1977
f 1862 1977 1978
f 1862 1861 1976
f 1863 1862 1978
f 1864 1978 1979
f 1864 1979 1980
f 1864 1863 1978
f 1865 1864 1980
f 1866 1980 1981
f 1866 1865 1980
f 1867 1981 1982
f 1867 1982 1983
f 1867 1866 1981
f 1868 1867 1983
f 1869 1983 1984
f 1869 1984 1985
f 1869 1868 1983
f 1870 1869 1985
f 1871 1985 1986
f 1871 1986 1987
f 1871 1870 1985
f 1872 1987 1988
f 1872 1871 1987
f 1873 1872 1988
f 1874 1988 1989
f 1874 1873 1988
f 1875 1989 1990
f 1875 1874 1989
f 1876 1990 1991
f 1876 1875 1990
f 1877 1991 1992
f 1877 1992 1993
f 1877 1876 1991
f 1878 1993 1994
f 1878 1877 1993
f 1879 1878 1994
f 1880 1994 1995
f 1880 1879 1994
f 2009 1996 1997
f 2008 1996 2009
f 2007 1996 2008
f 2006 1996 2007
f 2005 1996 2006
f 2004 2010 1996
f 2004 1996 2005
f 2003 2010 2004
f 2002 2010 2003
f 2001 2010 2002
f 2000 2010 2001
f 1999 2010 2000
f 1998 2010 1999
f 2207 2086 2085
f 2206 2085 2084
f 2206 2207 2085
f 2208 2087 2086
f 2208 2086 2207
f 2205 2206 2084
f 2205 2084 2083
f 2209 2087 2208
f 2209 2088 2087
f 2204 2205 2083
f 2204 2083 2082
f 2210 2088 2209
f 2210 2089 2088
f 2203 2204 2082
f 2203 2082 2081
f 2211 2089 2210
f 2211 2090 2089
f 2202 2081 2080
f 2202 2203 2081
f 2212 2090 2211
f 2212 2091 2090
f 2201 2080 2079
f 2201 2202 2080
f 2213 2091 2212
f 2213 2092 2091
f 2200 2079 2078
f 2200 2201 2079
f 2214 2092 2213
f 2214 2093 2092
f 2199 2200 2078
f 2199 2078 2077
f 2215 2093 2214
f 2215 2094 2093
f 2198 2199 2077
f 2198 2077 2076
f 2216 2094 2215
f 2216 2095 2094
f 2197 2076 2075
f 2197 2198 2076
f 2217 2095 2216
f 2217 2096 2095
f 2196 2197 2075
f 2196 2075 2074
f 2218 2096 2217
f 2218 2097 2096
f 2195 2074 2073
f 2195 2196 2074
f 2219 2097 2218
f 2219 2098 2097
f 2194 2195 2073
f 2194 2073 2072
f 2220 2098 2219
f 2220 2099 2098
f 2193 2072 2071
f 2193 2194 2072
f 2221 2099 2220
f 2221 2100 2099
f 2192 2193 2071
f 2192 2071 2070
f 2222 2100 2221
f 2222 2101 2100
f 2191 2069 2068
f 2191 2070 2069
f 2191 2192 2070
f 2223 2102 2101
f 2223 2101 2222
f 2190 2191 2068
f 2190 2068 2067
f 2224 2102 2223
f 2224 2103 2102
f 2189 2190 2067
f 2189 2067 2066
f 2225 2103 2224
f 2225 2104 2103
f 2188 2189 2066
f 2188 2066 2065
f 2226 2104 2225
f 2226 2105 2104
f 2187 2065 2064
f 2187 2188 2065
f 2227 2105 2226
f 2227 2106 2105
f 2186 2187 2064
f 2186 2064 2063
f 2228 2106 2227
f 2228 2107 2106
f 2185 2186 2063
f 2185 2063 2062
f 2229 2107 2228
f 2229 2108 2107
f 2184 2185 2062
f 2184 2062 2061
f 2230 2108 2229
f 2230 2109 2108
f 2183 2184 2061
f 2183 2061 2060
f 2231 2109 2230
f 2231 2110 2109
f 2182 2183 2060
f 2182 2060 2059
f 2232 2110 2231
f 2232 2111 2110
f 2181 2059 2058
f 2181 2182 2059
f 2233 2112 2111
f 2233 2111 2232
f 2180 2181 2058
f 2180 2058 2057
f 2234 2113 2112
f 2234 2112 2233
f 2179 2180 2057
f 2179 2057 2056
f 2235 2114 2113
f 2235 2113 2234
f 2178 2056 2055
f 2178 2179 2056
f 2236 2115 2114
f 2236 2114 2235
f 2177 2178 2055
f 2054 2177 2055
f 2237 2115 2236
f 2176 2177 2054
f 2116 2115 2237
f 2238 2116 2237
f 2053 2175 2176
f 2053 2176 2054
f 2052 2174 2175
f 2052 2175 2053
f 2051 2174 2052
f 2051 2173 2174
f 2050 2173 2051
f 2050 2172 2173
f 2049 2172 2050
f 2049 2171 2172
f 2127 2117 2116
f 2127 2118 2117
f 2127 2119 2118
f 2127 2120 2119
f 2127 2238 2239
f 2127 2239 2240
f 2127 2240 2241
f 2127 2241 2242
f 2127 2242 2243
f 2127 2243 2244
f 2127 2244 2245
f 2127 2245 2246
f 2127 2246 2247
f 2127 2116 2238
f 2121 2120 2127
f 2248 2127 2247
f 2249 2127 2248
f 2048 2171 2049
f 2048 2170 2171
f 2250 2127 2249
f 2122 2121 2127
f 2251 2127 2250
f 2047 2169 2170
f 2047 2170 2048
f 2252 2127 2251
f 2123 2122 2127
f 2046 2168 2169
f 2046 2169 2047
f 2124 2123 2127
f 2045 2167 2168
f 2045 2168 2046
f 2125 2124 2127
f 2044 2167 2045
f 2044 2166 2167
f 2126 2125 2127
f 2043 2166 2044
f 2043 2165 2166
f 2042 2165 2043
f 2042 2164 2165
f 2041 2163 2164
f 2041 2164 2042
f 2040 2162 2163
f 2040 2163 2041
f 2011 2130 2131
f 2011 2131 2132
f 2011 2132 2133
f 2011 2133 2134
f 2011 2134 2135
f 2011 2135 2136
f 2011 2136 2137
f 2011 2137 2138
f 2011 2138 2139
f 2011 2139 2140
f 2011 2140 2141
f 2011 2141 2142
f 2011 2142 2143
f 2011 2143 2144
f 2039 2161 2162
f 2039 2162 2040
f 2038 2160 2161
f 2038 2161 2039
f 2037 2159 2160
f 2037 2160 2038
f 2036 2158 2159
f 2036 2159 2037
f 2035 2157 2158
f 2035 2158 2036
f 2034 2156 2157
f 2034 2157 2035
f 2033 2155 2156
f 2033 2156 2034
f 2032 2154 2155
f 2032 2155 2033
f 2031 2153 2154
f 2031 2154 2032
f 2013 2012 2011
f 2030 2152 2153
f 2030 2153 2031
f 2014 2013 2011
f 2029 2151 2152
f 2029 2152 2030
f 2015 2014 2011
f 2028 2150 2151
f 2028 2151 2029
f 2016 2015 2011
f 2027 2150 2028
f 2027 2149 2150
f 2017 2016 2011
f 2026 2149 2027
f 2026 2148 2149
f 2018 2017 2011
f 2025 2148 2026
f 2025 2147 2148
f 2019 2018 2011
f 2024 2147 2025
f 2024 2146 2147
f 2020 2019 2011
f 2023 2146 2024
f 2023 2145 2146
f 2021 2020 2011
f 2022 2021 2011
f 2022 2145 2023
f 2022 2144 2145
f 2022 2011 2144
f 2127 2128 2011
f 2128 2129 2011
f 2129 2130 2011
f 2127 2253 2128
f 2127 2252 2253
f 2278 2265 2266
f 2278 2266 2279
f 2277 2263 2264
f 2277 2264 2265
f 2277 2265 2278
f 2276 2263 2277
f 2275 2262 2263
f 2275 2263 2276
f 2274 2261 2262
f 2274 2262 2275
f 2273 2260 2261
f 2273 2261 2274
f 2272 2259 2260
f 2272 2260 2273
f 2271 2257 2258
f 2271 2258 2259
f 2271 2259 2272
f 2270 2257 2271
f 2269 2256 2257
f 2269 2257 2270
f 2268 2255 2256
f 2268 2256 2269
f 2267 2254 2255
f 2267 2255 2268
f 2281 2282 2280
f 2281 2283 2282
f 2297 2285 2284
f 2296 2297 2284
f 2295 2296 2284
f 2294 2295 2284
f 2293 2294 2284
f 2292 2284 2298
f 2292 2293 2284
f 2291 2292 2298
f 2290 2291 2298
f 2289 2290 2298
f 2288 2289 2298
f 2287 2288 2298
f 2286 2287 2298
f 2312 2300 2299
f 2311 2312 2299
f 2310 2311 2299
f 2309 2310 2299
f 2308 2309 2299
f 2307 2299 2313
f 2307 2308 2299
f 2306 2307 2313
f 2305 2306 2313
f 2304 2305 2313
f 2303 2304 2313
f 2302 2303 2313
f 2301 2302 2313
f 2315 2316 2314
f 2315 2317 2316
f 2342 2329 2330
f 2342 2330 2343
f 2341 2327 2328
f 2341 2328 2329
f 2341 2329 2342
f 2340 2327 2341
f 2339 2326 2327
f 2339 2327 2340
f 2338 2325 2326
f 2338 2326 2339
f 2337 2324 2325
f 2337 2325 2338
f 2336 2323 2324
f 2336 2324 2337
f 2335 2321 2322
f 2335 2322 2323
f 2335 2323 2336
f 2334 2321 2335
f 2333 2320 2321
f 2333 2321 2334
f 2332 2319 2320
f 2332 2320 2333
f 2331 2318 2319
f 2331 2319 2332
f 2540 2419 2418
f 2539 2418 2417
f 2539 2540 2418
f 2541 2420 2419
f 2541 2419 2540
f 2538 2539 2417
f 2538 2417 2416
f 2542 2420 2541
f 2542 2421 2420
f 2537 2538 2416
f 2537 2416 2415
f 2543 2421 2542
f 2543 2422 2421
f 2536 2537 2415
f 2536 2415 2414
f 2544 2422 2543
f 2544 2423 2422
f 2535 2414 2413
f 2535 2536 2414
f 2545 2423 2544
f 2545 2424 2423
f 2534 2413 2412
f 2534 2535 2413
f 2546 2424 2545
f 2546 2425 2424
f 2533 2412 2411
f 2533 2534 2412
f 2547 2425 2546
f 2547 2426 2425
f 2532 2533 2411
f 2532 2411 2410
f 2548 2426 2547
f 2548 2427 2426
f 2531 2532 2410
f 2531 2410 2409
f 2549 2427 2548
f 2549 2428 2427
f 2530 2409 2408
f 2530 2531 2409
f 2550 2428 2549
f 2550 2429 2428
f 2529 2530 2408
f 2529 2408 2407
f 2551 2429 2550
f 2551 2430 2429
f 2528 2407 2406
f 2528 2529 2407
f 2552 2430 2551
f 2552 2431 2430
f 2527 2528 2406
f 2527 2406 2405
f 2553 2431 2552
f 2553 2432 2431
f 2526 2405 2404
f 2526 2527 2405
f 2554 2432 2553
f 2554 2433 2432
f 2525 2526 2404
f 2525 2404 2403
f 2555 2433 2554
f 2555 2434 2433
f 2524 2402 2401
f 2524 2403 2402
f 2524 2525 2403
f 2556 2435 2434
f 2556 2434 2555
f 2523 2524 2401
f 2523 2401 2400
f 2557 2435 2556
f 2557 2436 2435
f 2522 2523 2400
f 2522 2400 2399
f 2558 2436 2557
f 2558 2437 2436
f 2521 2522 2399
f 2521 2399 2398
f 2559 2437 2558
f 2559 2438 2437
f 2520 2398 2397
f 2520 2521 2398
f 2560 2438 2559
f 2560 2439 2438
f 2519 2520 2397
f 2519 2397 2396
f 2561 2439 2560
f 2561 2440 2439
f 2518 2519 2396
f 2518 2396 2395
f 2562 2440 2561
f 2562 2441 2440
f 2517 2518 2395
f 2517 2395 2394
f 2563 2441 2562
f 2563 2442 2441
f 2516 2517 2394
f 2516 2394 2393
f 2564 2442 2563
f 2564 2443 2442
f 2515 2516 2393
f 2515 2393 2392
f 2565 2443 2564
f 2565 2444 2443
f 2514 2392 2391
f 2514 2515 2392
f 2566 2445 2444
f 2566 2444 2565
f 2513 2514 2391
f 2513 2391 2390
f 2567 2446 2445
f 2567 2445 2566
f 2512 2513 2390
f 2512 2390 2389
f 2568 2447 2446
f 2568 2446 2567
f 2511 2389 2388
f 2511 2512 2389
f 2569 2448 2447
f 2569 2447 2568
f 2510 2511 2388
f 2387 2510 2388
f 2570 2448 2569
f 2509 2510 2387
f 2449 2448 2570
f 2571 2449 2570
f 2386 2508 2509
f 2386 2509 2387
f 2385 2507 2508
f 2385 2508 2386
f 2384 2507 2385
f 2384 2506 2507
f 2383 2506 2384
f 2383 2505 2506
f 2382 2505 2383
f 2382 2504 2505
f 2460 2450 2449
f 2460 2451 2450
f 2460 2452 2451
f 2460 2453 2452
f 2460 2571 2572
f 2460 2572 2573
f 2460 2573 2574
f 2460 2574 2575
f 2460 2575 2576
f 2460 2576 2577
f 2460 2577 2578
f 2460 2578 2579
f 2460 2579 2580
f 2460 2449 2571
f 2454 2453 2460
f 2581 2460 2580
f 2582 2460 2581
f 2381 2504 2382
f 2381 2503 2504
f 2583 2460 2582
f 2455 2454 2460
f 2584 2460 2583
f 2380 2502 2503
f 2380 2503 2381
f 2585 2460 2584
f 2456 2455 2460
f 2379 2501 2502
f 2379 2502 2380
f 2457 2456 2460
f 2378 2500 2501
f 2378 2501 2379
f 2458 2457 2460
f 2377 2500 2378
f 2377 2499 2500
f 2459 2458 2460
f 2376 2499 2377
f 2376 2498 2499
f 2375 2498 2376
f 2375 2497 2498
f 2374 2496 2497
f 2374 2497 2375
f 2373 2495 2496
f 2373 2496 2374
f 2344 2463 2464
f 2344 2464 2465
f 2344 2465 2466
f 2344 2466 2467
f 2344 2467 2468
f 2344 2468 2469
f 2344 2469 2470
f 2344 2470 2471
f 2344 2471 2472
f 2344 2472 2473
f 2344 2473 2474
f 2344 2474 2475
f 2344 2475 2476
f 2344 2476 2477
f 2372 2494 2495
f 2372 2495 2373
f 2371 2493 2494
f 2371 2494 2372
f 2370 2492 2493
f 2370 2493 2371
f 2369 2491 2492
f 2369 2492 2370
f 2368 2490 2491
f 2368 2491 2369
f 2367 2489 2490
f 2367 2490 2368
f 2366 2488 2489
f 2366 2489 2367
f 2365 2487 2488
f 2365 2488 2366
f 2364 2486 2487
f 2364 2487 2365
f 2346 2345 2344
f 2363 2485 2486
f 2363 2486 2364
f 2347 2346 2344
f 2362 2484 2485
f 2362 2485 2363
f 2348 2347 2344
f 2361 2483 2484
f 2361 2484 2362
f 2349 2348 2344
f 2360 2483 2361
f 2360 2482 2483
f 2350 2349 2344
f 2359 2482 2360
f 2359 2481 2482
f 2351 2350 2344
f 2358 2481 2359
f 2358 2480 2481
f 2352 2351 2344
f 2357 2480 2358
f 2357 2479 2480
f 2353 2352 2344
f 2356 2479 2357
f 2356 2478 2479
f 2354 2353 2344
f 2355 2354 2344
f 2355 2478 2356
f 2355 2477 2478
f 2355 2344 2477
f 2460 2461 2344
f 2461 2462 2344
f 2462 2463 2344
f 2460 2586 2461
f 2460 2585 2586
f 2600 2587 2588
f 2599 2587 2600
f 2598 2587 2599
f 2597 2587 2598
f 2596 2587 2597
f 2595 2601 2587
f 2595 2587 2596
f 2594 2601 2595
f 2593 2601 2594
f 2592 2601 2593
f 2591 2601 2592
f 2590 2601 2591
f 2589 2601 2590
f 2602 2717 2718
f 2603 2718 2719
f 2603 2602 2718
f 2604 2603 2719
f 2605 2719 2720
f 2605 2720 2721
f 2605 2604 2719
f 2606 2605 2721
f 2607 2721 2722
f 2607 2606 2721
f 2608 2722 2723
f 2608 2607 2722
f 2609 2723 2724
f 2609 2608 2723
f 2610 2724 2725
f 2610 2609 2724
f 2611 2725 2726
f 2611 2726 2727
f 2611 2610 2725
f 2612 2611 2727
f 2613 2727 2728
f 2613 2612 2727
f 2614 2728 2729
f 2614 2613 2728
f 2615 2729 2730
f 2615 2614 2729
f 2616 2730 2731
f 2616 2615 2730
f 2617 2731 2732
f 2617 2616 2731
f 2618 2732 2733
f 2618 2617 2732
f 2619 2618 2733
f 2619 2733 2734
f 2620 2619 2734
f 2620 2734 2735
f 2621 2620 2735
f 2621 2735 2736
f 2622 2621 2736
f 2622 2736 2737
f 2623 2622 2737
f 2623 2737 2738
f 2623 2738 2739
f 2624 2623 2739
f 2625 2624 2739
f 2625 2739 2740
f 2626 2625 2740
f 2626 2740 2741
f 2627 2626 2741
f 2627 2741 2742
f 2627 2742 2743
f 2628 2627 2743
f 2628 2743 2744
f 2629 2628 2744
f 2630 2629 2744
f 2630 2744 2745
f 2630 2745 2746
f 2631 2746 2747
f 2631 2630 2746
f 2632 2631 2747
f 2633 2747 2748
f 2633 2632 2747
f 2634 2748 2749
f 2634 2633 2748
f 2635 2749 2750
f 2635 2750 2751
f 2635 2634 2749
f 2636 2635 2751
f 2637 2751 2752
f 2637 2752 2753
f 2637 2636 2751
f 2638 2637 2753
f 2639 2753 2754
f 2639 2638 2753
f 2640 2754 2755
f 2640 2755 2756
f 2640 2639 2754
f 2641 2640 2756
f 2642 2756 2757
f 2642 2641 2756
f 2643 2757 2758
f 2643 2642 2757
f 2644 2758 2759
f 2644 2643 2758
f 2645 2644 2759
f 2645 2759 2760
f 2646 2645 2760
f 2646 2760 2761
f 2647 2646 2761
f 2647 2761 2762
f 2647 2762 2763
f 2648 2647 2763
f 2649 2648 2763
f 2649 2763 2764
f 2649 2764 2765
f 2650 2649 2765
f 2651 2650 2765
f 2651 2765 2766
f 2652 2651 2766
f 2652 2766 2767
f 2652 2767 2768
f 2653 2652 2768
f 2654 2653 2768
f 2654 2768 2769
f 2654 2769 2770
f 2655 2654 2770
f 2655 2770 2771
f 2656 2655 2771
f 2657 2656 2771
f 2657 2771 2772
f 2658 2657 2772
f 2658 2772 2773
f 2658 2773 2774
f 2659 2658 2774
f 2660 2659 2774
f 2660 2774 2775
f 2661 2660 2775
f 2661 2775 2776
f 2662 2661 2776
f 2662 2776 2777
f 2662 2777 2778
f 2663 2778 2779
f 2663 2662 2778
f 2664 2663 2779
f 2665 2779 2780
f 2665 2664 2779
f 2666 2780 2781
f 2666 2665 2780
f 2667 2781 2782
f 2667 2666 2781
f 2668 2782 2783
f 2668 2783 2784
f 2668 2667 2782
f 2669 2784 2785
f 2669 2668 2784
f 2670 2669 2785
f 2671 2670 2785
f 2671 2785 2786
f 2672 2671 2786
f 2672 2786 2787
f 2672 2787 2788
f 2673 2672 2788
f 2673 2788 2789
f 2674 2673 2789
f 2674 2789 2790
f 2675 2674 2790
f 2676 2675 2790
f 2676 2790 2791
f 2677 2676 2791
f 2677 2791 2792
f 2678 2677 2792
f 2678 2792 2793
f 2679 2678 2793
f 2679 2793 2794
f 2679 2794 2795
f 2680 2679 2795
f 2681 2680 2795
f 2681 2795 2796
f 2681 2796 2797
f 2682 2681 2797
f 2683 2682 2797
f 2683 2797 2798
f 2684 2683 2798
f 2684 2798 2799
f 2685 2684 2799
f 2685 2799 2800
f 2686 2685 2800
f 2686 2800 2801
f 2687 2686 2801
f 2687 2801 2802
f 2687 2802 2803
f 2688 2687 2803
f 2689 2803 2804
f 2689 2688 2803
f 2690 2804 2805
f 2690 2689 2804
f 2691 2805 2806
f 2691 2806 2807
f 2691 2690 2805
f 2692 2807 2808
f 2692 2691 2807
f 2693 2692 2808
f 2694 2808 2809
f 2694 2693 2808
f 2695 2694 2809
f 2695 2809 2810
f 2696 2810 2811
f 2696 2811 2812
f 2696 2695 2810
f 2697 2696 2812
f 2698 2812 2813
f 2698 2697 2812
f 2699 2813 2814
f 2699 2698 2813
f 2700 2814 2815
f 2700 2699 2814
f 2701 2815 2816
f 2701 2700 2815
f 2702 2816 2817
f 2702 2817 2818
f 2702 2701 2816
f 2703 2818 2819
f 2703 2702 2818
f 2704 2703 2819
f 2705 2819 2820
f 2705 2820 2821
f 2705 2704 2819
f 2706 2705 2821
f 2706 2821 2822
f 2707 2706 2822
f 2708 2822 2823
f 2708 2707 2822
f 2709 2823 2824
f 2709 2824 2825
f 2709 2708 2823
f 2710 2709 2825
f 2711 2825 2826
f 2711 2826 2827
f 2711 2710 2825
f 2712 2711 2827
f 2713 2827 2828
f 2713 2712 2827
f 2714 2828 2829
f 2714 2829 2830
f 2714 2713 2828
f 2715 2714 2830
f 2716 2830 2831
f 2716 2715 2830
f 2833 2834 2832
f 2833 2835 2834
f 3032 2910 2911
f 3031 2909 2910
f 3031 2910 3032
f 3033 2911 2912
f 3033 3032 2911
f 3030 2909 3031
f 3030 2908 2909
f 3034 3033 2912
f 3034 2912 2913
f 3029 2908 3030
f 3029 2907 2908
f 3035 3034 2913
f 3035 2913 2914
f 3028 2907 3029
f 3028 2906 2907
f 3036 3035 2914
f 3036 2914 2915
f 3027 2905 2906
f 3027 2906 3028
f 3037 3036 2915
f 3037 2915 2916
f 3026 2904 2905
f 3026 2905 3027
f 3038 3037 2916
f 3038 2916 2917
f 3025 2903 2904
f 3025 2904 3026
f 3039 3038 2917
f 3039 2917 2918
f 3024 2903 3025
f 3024 2902 2903
f 3040 3039 2918
f 3040 2918 2919
f 3023 2902 3024
f 3023 2901 2902
f 3041 3040 2919
f 3041 2919 2920
f 3022 2900 2901
f 3022 2901 3023
f 3042 3041 2920
f 3042 2920 2921
f 3021 2900 3022
f 3021 2899 2900
f 3043 3042 2921
f 3043 2921 2922
f 3020 2898 2899
f 3020 2899 3021
f 3044 3043 2922
f 3044 2922 2923
f 3019 2898 3020
f 3019 2897 2898
f 3045 3044 2923
f 3045 2923 2924
f 3018 2896 2897
f 3018 2897 3019
f 3046 3045 2924
f 3046 2924 2925
f 3017 2896 3018
f 3017 2895 2896
f 3047 3046 2925
f 3047 2925 2926
f 3016 2893 2894
f 3016 2894 2895
f 3016 2895 3017
f 3048 2926 2927
f 3048 3047 2926
f 3015 2893 3016
f 3015 2892 2893
f 3049 3048 2927
f 3049 2927 2928
f 3014 2892 3015
f 3014 2891 2892
f 3050 3049 2928
f 3050 2928 2929
f 3013 2891 3014
f 3013 2890 2891
f 3051 3050 2929
f 3051 2929 2930
f 3012 2889 2890
f 3012 2890 3013
f 3052 3051 2930
f 3052 2930 2931
f 3011 2889 3012
f 3011 2888 2889
f 3053 3052 2931
f 3053 2931 2932
f 3010 2888 3011
f 3010 2887 2888
f 3054 3053 2932
f 3054 2932 2933
f 3009 2887 3010
f 3009 2886 2887
f 3055 3054 2933
f 3055 2933 2934
f 3008 2886 3009
f 3008 2885 2886
f 3056 3055 2934
f 3056 2934 2935
f 3007 2885 3008
f 3007 2884 2885
f 3057 3056 2935
f 3057 2935 2936
f 3006 2883 2884
f 3006 2884 3007
f 3058 2936 2937
f 3058 3057 2936
f 3005 2883 3006
f 3005 2882 2883
f 3059 2937 2938
f 3059 3058 2937
f 3004 2882 3005
f 3004 2881 2882
f 3060 2938 2939
f 3060 3059 2938
f 3003 2880 2881
f 3003 2881 3004
f 3061 2939 2940
f 3061 3060 2939
f 3002 2880 3003
f 2879 2880 3002
f 3062 3061 2940
f 3001 2879 3002
f 2941 3062 2940
f 3063 3062 2941
f 2878 3001 3000
f 2878 2879 3001
f 2877 3000 2999
f 2877 2878 3000
f 2876 2877 2999
f 2876 2999 2998
f 2875 2876 2998
f 2875 2998 2997
f 2874 2875 2997
f 2874 2997 2996
f 2952 2941 2942
f 2952 2942 2943
f 2952 2943 2944
f 2952 2944 2945
f 2952 3064 3063
f 2952 3065 3064
f 2952 3066 3065
f 2952 3067 3066
f 2952 3068 3067
f 2952 3069 3068
f 2952 3070 3069
f 2952 3071 3070
f 2952 3072 3071
f 2952 3063 2941
f 2946 2952 2945
f 3073 3072 2952
f 3074 3073 2952
f 2873 2874 2996
f 2873 2996 2995
f 3075 3074 2952
f 2947 2952 2946
f 3076 3075 2952
f 2872 2995 2994
f 2872 2873 2995
f 3077 3076 2952
f 2948 2952 2947
f 2871 2994 2993
f 2871 2872 2994
f 2949 2952 2948
f 2870 2993 2992
f 2870 2871 2993
f 2950 2952 2949
f 2869 2870 2992
f 2869 2992 2991
f 2951 2952 2950
f 2868 2869 2991
f 2868 2991 2990
f 2867 2868 2990
f 2867 2990 2989
f 2866 2989 2988
f 2866 2867 2989
f 2865 2988 2987
f 2865 2866 2988
f 2836 2956 2955
f 2836 2957 2956
f 2836 2958 2957
f 2836 2959 2958
f 2836 2960 2959
f 2836 2961 2960
f 2836 2962 2961
f 2836 2963 2962
f 2836 2964 2963
f 2836 2965 2964
f 2836 2966 2965
f 2836 2967 2966
f 2836 2968 2967
f 2836 2969 2968
f 2864 2987 2986
f 2864 2865 2987
f 2863 2986 2985
f 2863 2864 2986
f 2862 2985 2984
f 2862 2863 2985
f 2861 2984 2983
f 2861 2862 2984
f 2860 2983 2982
f 2860 2861 2983
f 2859 2982 2981
f 2859 2860 2982
f 2858 2981 2980
f 2858 2859 2981
f 2857 2980 2979
f 2857 2858 2980
f 2856 2979 2978
f 2856 2857 2979
f 2838 2836 2837
f 2855 2978 2977
f 2855 2856 2978
f 2839 2836 2838
f 2854 2977 2976
f 2854 2855 2977
f 2840 2836 2839
f 2853 2976 2975
f 2853 2854 2976
f 2841 2836 2840
f 2852 2853 2975
f 2852 2975 2974
f 2842 2836 2841
f 2851 2852 2974
f 2851 2974 2973
f 2843 2836 2842
f 2850 2851 2973
f 2850 2973 2972
f 2844 2836 2843
f 2849 2850 2972
f 2849 2972 2971
f 2845 2836 2844
f 2848 2849 2971
f 2848 2971 2970
f 2846 2836 2845
f 2847 2836 2846
f 2847 2848 2970
f 2847 2970 2969
f 2847 2969 2836
f 2952 2836 2953
f 2953 2836 2954
f 2954 2836 2955
f 2952 2953 3078
f 2952 3078 3077
f 3080 3206 3079
f 3080 3207 3206
f 3081 3208 3207
f 3081 3209 3208
f 3081 3207 3080
f 3082 3209 3081
f 3083 3210 3209
f 3083 3211 3210
f 3083 3209 3082
f 3084 3212 3211
f 3084 3211 3083
f 3085 3212 3084
f 3086 3213 3212
f 3086 3212 3085
f 3087 3214 3213
f 3087 3215 3214
f 3087 3213 3086
f 3088 3215 3087
f 3089 3216 3215
f 3089 3215 3088
f 3090 3216 3089
f 3090 3217 3216
f 3091 3217 3090
f 3091 3218 3217
f 3092 3218 3091
f 3092 3219 3218
f 3093 3219 3092
f 3093 3220 3219
f 3094 3220 3093
f 3094 3221 3220
f 3095 3221 3094
f 3095 3222 3221
f 3096 3222 3095
f 3096 3223 3222
f 3097 3223 3096
f 3097 3224 3223
f 3098 3224 3097
f 3098 3225 3224
f 3099 3225 3098
f 3099 3226 3225
f 3100 3226 3099
f 3100 3227 3226
f 3101 3227 3100
f 3101 3228 3227
f 3101 3229 3228
f 3102 3229 3101
f 3103 3230 3229
f 3103 3231 3230
f 3103 3229 3102
f 3104 3231 3103
f 3105 3232 3231
f 3105 3231 3104
f 3106 3233 3232
f 3106 3234 3233
f 3106 3232 3105
f 3107 3234 3106
f 3108 3235 3234
f 3108 3234 3107
f 3109 3236 3235
f 3109 3237 3236
f 3109 3235 3108
f 3110 3237 3109
f 3111 3238 3237
f 3111 3239 3238
f 3111 3237 3110
f 3112 3239 3111
f 3113 3240 3239
f 3113 3241 3240
f 3113 3239 3112
f 3114 3241 3113
f 3115 3241 3114
f 3115 3242 3241
f 3116 3242 3115
f 3116 3243 3242
f 3117 3243 3116
f 3117 3244 3243
f 3118 3244 3117
f 3118 3245 3244
f 3119 3245 3118
f 3119 3246 3245
f 3120 3246 3119
f 3120 3247 3246
f 3121 3247 3120
f 3121 3248 3247
f 3121 3249 3248
f 3122 3249 3121
f 3123 3249 3122
f 3123 3250 3249
f 3123 3251 3250
f 3124 3251 3123
f 3124 3252 3251
f 3125 3252 3124
f 3125 3253 3252
f 3126 3253 3125
f 3127 3253 3126
f 3127 3254 3253
f 3128 3254 3127
f 3128 3255 3254
f 3129 3255 3128
f 3129 3256 3255
f 3130 3256 3129
f 3130 3257 3256
f 3131 3257 3130
f 3131 3258 3257
f 3132 3258 3131
f 3132 3259 3258
f 3133 3259 3132
f 3133 3260 3259
f 3134 3260 3133
f 3134 3261 3260
f 3135 3261 3134
f 3135 3262 3261
f 3135 3263 3262
f 3136 3264 3263
f 3136 3263 3135
f 3137 3264 3136
f 3138 3265 3264
f 3138 3266 3265
f 3138 3264 3137
f 3139 3267 3266
f 3139 3266 3138
f 3140 3267 3139
f 3141 3267 3140
f 3141 3268 3267
f 3142 3268 3141
f 3142 3269 3268
f 3143 3269 3142
f 3143 3270 3269
f 3144 3270 3143
f 3144 3271 3270
f 3145 3271 3144
f 3145 3272 3271
f 3146 3272 3145
f 3146 3273 3272
f 3147 3273 3146
f 3147 3274 3273
f 3148 3274 3147
f 3148 3275 3274
f 3149 3275 3148
f 3149 3276 3275
f 3150 3276 3149
f 3150 3277 3276
f 3151 3277 3150
f 3151 3278 3277
f 3152 3278 3151
f 3152 3279 3278
f 3153 3279 3152
f 3153 3280 3279
f 3154 3281 3280
f 3154 3280 3153
f 3155 3282 3281
f 3155 3281 3154
f 3156 3283 3282
f 3156 3282 3155
f 3157 3284 3283
f 3157 3283 3156
f 3158 3285 3284
f 3158 3284 3157
f 3159 3286 3285
f 3159 3285 3158
f 3160 3287 3286
f 3160 3288 3287
f 3160 3286 3159
f 3161 3288 3160
f 3162 3289 3288
f 3162 3288 3161
f 3163 3290 3289
f 3163 3291 3290
f 3163 3289 3162
f 3164 3292 3291
f 3164 3291 3163
f 3165 3292 3164
f 3166 3293 3292
f 3166 3292 3165
f 3167 3293 3166
f 3167 3294 3293
f 3168 3294 3167
f 3168 3295 3294
f 3169 3295 3168
f 3169 3296 3295
f 3170 3296 3169
f 3170 3297 3296
f 3171 3298 3297
f 3171 3299 3298
f 3171 3297 3170
f 3172 3300 3299
f 3172 3299 3171
f 3173 3300 3172
f 3174 3301 3300
f 3174 3300 3173
f 3175 3302 3301
f 3175 3301 3174
f 3176 3303 3302
f 3176 3302 3175
f 3177 3304 3303
f 3177 3305 3304
f 3177 3303 3176
f 3178 3305 3177
f 3179 3306 3305
f 3179 3305 3178
f 3180 3307 3306
f 3180 3306 3179
f 3181 3308 3307
f 3181 3307 3180
f 3182 3309 3308
f 3182 3308 3181
f 3183 3310 3309
f 3183 3309 3182
f 3184 3311 3310
f 3184 3310 3183
f 3185 3312 3311
f 3185 3311 3184
f 3186 3313 3312
f 3186 3314 3313
f 3186 3312 3185
f 3187 3314 3186
f 3188 3315 3314
f 3188 3316 3315
f 3188 3314 3187
f 3189 3316 3188
f 3190 3317 3316
f 3190 3316 3189
f 3191 3317 3190
f 3191 3318 3317
f 3192 3318 3191
f 3192 3319 3318
f 3193 3319 3192
f 3193 3320 3319
f 3194 3320 3193
f 3194 3321 3320
f 3195 3321 3194
f 3195 3322 3321
f 3196 3322 3195
f 3196 3323 3322
f 3197 3323 3196
f 3197 3324 3323
f 3198 3324 3197
f 3198 3325 3324
f 3199 3325 3198
f 3199 3326 3325
f 3200 3326 3199
f 3200 3327 3326
f 3201 3327 3200
f 3201 3328 3327
f 3202 3328 3201
f 3202 3329 3328
f 3203 3330 3329
f 3203 3329 3202
f 3204 3330 3203
f 3204 3331 3330
f 3205 3332 3331
f 3205 3331 3204
f 3334 3460 3333
f 3334 3461 3460
f 3335 3462 3461
f 3335 3463 3462
f 3335 3461 3334
f 3336 3463 3335
f 3337 3464 3463
f 3337 3465 3464
f 3337 3463 3336
f 3338 3466 3465
f 3338 3465 3337
f 3339 3466 3338
f 3340 3467 3466
f 3340 3466 3339
f 3341 3468 3467
f 3341 3469 3468
f 3341 3467 3340
f 3342 3469 3341
f 3343 3470 3469
f 3343 3469 3342
f 3344 3470 3343
f 3344 3471 3470
f 3345 3471 3344
f 3345 3472 3471
f 3346 3472 3345
f 3346 3473 3472
f 3347 3473 3346
f 3347 3474 3473
f 3348 3474 3347
f 3348 3475 3474
f 3349 3475 3348
f 3349 3476 3475
f 3350 3476 3349
f 3350 3477 3476
f 3351 3477 3350
f 3351 3478 3477
f 3352 3478 3351
f 3352 3479 3478
f 3353 3479 3352
f 3353 3480 3479
f 3354 3480 3353
f 3354 3481 3480
f 3355 3481 3354
f 3355 3482 3481
f 3355 3483 3482
f 3356 3483 3355
f 3357 3484 3483
f 3357 3485 3484
f 3357 3483 3356
f 3358 3485 3357
f 3359 3486 3485
f 3359 3485 3358
f 3360 3487 3486
f 3360 3488 3487
f 3360 3486 3359
f 3361 3488 3360
f 3362 3489 3488
f 3362 3488 3361
f 3363 3490 3489
f 3363 3491 3490
f 3363 3489 3362
f 3364 3491 3363
f 3365 3492 3491
f 3365 3493 3492
f 3365 3491 3364
f 3366 3493 3365
f 3367 3494 3493
f 3367 3495 3494
f 3367 3493 3366
f 3368 3495 3367
f 3369 3495 3368
f 3369 3496 3495
f 3370 3496 3369
f 3370 3497 3496
f 3371 3497 3370
f 3371 3498 3497
f 3372 3498 3371
f 3372 3499 3498
f 3373 3499 3372
f 3373 3500 3499
f 3374 3500 3373
f 3374 3501 3500
f 3375 3501 3374
f 3375 3502 3501
f 3375 3503 3502
f 3376 3503 3375
f 3377 3503 3376
f 3377 3504 3503
f 3377 3505 3504
f 3378 3505 3377
f 3378 3506 3505
f 3379 3506 3378
f 3379 3507 3506
f 3380 3507 3379
f 3381 3507 3380
f 3381 3508 3507
f 3382 3508 3381
f 3382 3509 3508
f 3383 3509 3382
f 3383 3510 3509
f 3384 3510 3383
f 3384 3511 3510
f 3385 3511 3384
f 3385 3512 3511
f 3386 3512 3385
f 3386 3513 3512
f 3387 3513 3386
f 3387 3514 3513
f 3388 3514 3387
f 3388 3515 3514
f 3389 3515 3388
f 3389 3516 3515
f 3389 3517 3516
f 3390 3518 3517
f 3390 3517 3389
f 3391 3518 3390
f 3392 3519 3518
f 3392 3520 3519
f 3392 3518 3391
f 3393 3521 3520
f 3393 3520 3392
f 3394 3521 3393
f 3395 3521 3394
f 3395 3522 3521
f 3396 3522 3395
f 3396 3523 3522
f 3397 3523 3396
f 3397 3524 3523
f 3398 3524 3397
f 3398 3525 3524
f 3399 3525 3398
f 3399 3526 3525
f 3400 3526 3399
f 3400 3527 3526
f 3401 3527 3400
f 3401 3528 3527
f 3402 3528 3401
f 3402 3529 3528
f 3403 3529 3402
f 3403 3530 3529
f 3404 3530 3403
f 3404 3531 3530
f 3405 3531 3404
f 3405 3532 3531
f 3406 3532 3405
f 3406 3533 3532
f 3407 3533 3406
f 3407 3534 3533
f 3408 3535 3534
f 3408 3534 3407
f 3409 3536 3535
f 3409 3535 3408
f 3410 3537 3536
f 3410 3536 3409
f 3411 3538 3537
f 3411 3537 3410
f 3412 3539 3538
f 3412 3538 3411
f 3413 3540 3539
f 3413 3539 3412
f 3414 3541 3540
f 3414 3542 3541
f 3414 3540 3413
f 3415 3542 3414
f 3416 3543 3542
f 3416 3542 3415
f 3417 3544 3543
f 3417 3545 3544
f 3417 3543 3416
f 3418 3546 3545
f 3418 3545 3417
f 3419 3546 3418
f 3420 3547 3546
f 3420 3546 3419
f 3421 3547 3420
f 3421 3548 3547
f 3422 3548 3421
f 3422 3549 3548
f 3423 3549 3422
f 3423 3550 3549
f 3424 3550 3423
f 3424 3551 3550
f 3425 3552 3551
f 3425 3553 3552
f 3425 3551 3424
f 3426 3554 3553
f 3426 3553 3425
f 3427 3554 3426
f 3428 3555 3554
f 3428 3554 3427
f 3429 3556 3555
f 3429 3555 3428
f 3430 3557 3556
f 3430 3556 3429
f 3431 3558 3557
f 3431 3559 3558
f 3431 3557 3430
f 3432 3559 3431
f 3433 3560 3559
f 3433 3559 3432
f 3434 3561 3560
f 3434 3560 3433
f 3435 3562 3561
f 3435 3561 3434
f 3436 3563 3562
f 3436 3562 3435
f 3437 3564 3563
f 3437 3563 3436
f 3438 3565 3564
f 3438 3564 3437
f 3439 3566 3565
f 3439 3565 3438
f 3440 3567 3566
f 3440 3568 3567
f 3440 3566 3439
f 3441 3568 3440
f 3442 3569 3568
f 3442 3570 3569
f 3442 3568 3441
f 3443 3570 3442
f 3444 3571 3570
f 3444 3570 3443
f 3445 3571 3444
f 3445 3572 3571
f 3446 3572 3445
f 3446 3573 3572
f 3447 3573 3446
f 3447 3574 3573
f 3448 3574 3447
f 3448 3575 3574
f 3449 3575 3448
f 3449 3576 3575
f 3450 3576 3449
f 3450 3577 3576
f 3451 3577 3450
f 3451 3578 3577
f 3452 3578 3451
f 3452 3579 3578
f 3453 3579 3452
f 3453 3580 3579
f 3454 3580 3453
f 3454 3581 3580
f 3455 3581 3454
f 3455 3582 3581
f 3456 3582 3455
f 3456 3583 3582
f 3457 3584 3583
f 3457 3583 3456
f 3458 3584 3457
f 3458 3585 3584
f 3459 3586 3585
f 3459 3585 3458
f 3588 3714 3587
f 3588 3715 3714
f 3589 3716 3715
f 3589 3715 3588
f 3590 3717 3716
f 3590 3716 3589
f 3591 3718 3717
f 3591 3717 3590
f 3592 3719 3718
f 3592 3720 3719
f 3592 3718 3591
f 3593 3720 3592
f 3594 3721 3720
f 3594 3720 3593
f 3595 3722 3721
f 3595 3721 3594
f 3596 3723 3722
f 3596 3722 3595
f 3597 3724 3723
f 3597 3725 3724
f 3597 3723 3596
f 3598 3725 3597
f 3599 3725 3598
f 3599 3726 3725
f 3600 3726 3599
f 3600 3727 3726
f 3601 3727 3600
f 3601 3728 3727
f 3602 3728 3601
f 3602 3729 3728
f 3603 3729 3602
f 3603 3730 3729
f 3603 3731 3730
f 3604 3731 3603
f 3605 3731 3604
f 3605 3732 3731
f 3606 3732 3605
f 3606 3733 3732
f 3607 3733 3606
f 3607 3734 3733
f 3608 3734 3607
f 3608 3735 3734
f 3609 3735 3608
f 3609 3736 3735
f 3609 3737 3736
f 3610 3737 3609
f 3611 3738 3737
f 3611 3739 3738
f 3611 3737 3610
f 3612 3739 3611
f 3613 3740 3739
f 3613 3741 3740
f 3613 3739 3612
f 3614 3742 3741
f 3614 3741 3613
f 3615 3742 3614
f 3616 3743 3742
f 3616 3742 3615
f 3617 3744 3743
f 3617 3745 3744
f 3617 3743 3616
f 3618 3746 3745
f 3618 3745 3617
f 3619 3747 3746
f 3619 3746 3618
f 3620 3748 3747
f 3620 3747 3619
f 3621 3749 3748
f 3621 3748 3620
f 3622 3750 3749
f 3622 3749 3621
f 3623 3750 3622
f 3624 3750 3623
f 3624 3751 3750
f 3625 3751 3624
f 3625 3752 3751
f 3625 3753 3752
f 3626 3753 3625
f 3627 3753 3626
f 3627 3754 3753
f 3628 3754 3627
f 3628 3755 3754
f 3629 3755 3628
f 3629 3756 3755
f 3629 3757 3756
f 3630 3757 3629
f 3631 3757 3630
f 3631 3758 3757
f 3632 3758 3631
f 3632 3759 3758
f 3633 3759 3632
f 3633 3760 3759
f 3633 3761 3760
f 3634 3761 3633
f 3635 3761 3634
f 3635 3762 3761
f 3635 3763 3762
f 3636 3763 3635
f 3636 3764 3763
f 3637 3764 3636
f 3638 3764 3637
f 3638 3765 3764
f 3639 3765 3638
f 3639 3766 3765
f 3639 3767 3766
f 3640 3767 3639
f 3641 3767 3640
f 3641 3768 3767
f 3641 3769 3768
f 3642 3769 3641
f 3643 3769 3642
f 3643 3770 3769
f 3644 3770 3643
f 3644 3771 3770
f 3645 3772 3771
f 3645 3771 3644
f 3645 3773 3772
f 3646 3774 3773
f 3646 3773 3645
f 3647 3775 3774
f 3647 3774 3646
f 3648 3775 3647
f 3649 3775 3648
f 3649 3776 3775
f 3650 3776 3649
f 3650 3777 3776
f 3651 3777 3650
f 3651 3778 3777
f 3652 3778 3651
f 3652 3779 3778
f 3653 3779 3652
f 3653 3780 3779
f 3654 3780 3653
f 3654 3781 3780
f 3655 3781 3654
f 3655 3782 3781
f 3655 3783 3782
f 3656 3783 3655
f 3657 3783 3656
f 3657 3784 3783
f 3658 3784 3657
f 3658 3785 3784
f 3659 3785 3658
f 3659 3786 3785
f 3660 3786 3659
f 3660 3787 3786
f 3660 3788 3787
f 3661 3788 3660
f 3662 3789 3788
f 3662 3790 3789
f 3662 3788 3661
f 3663 3790 3662
f 3664 3791 3790
f 3664 3790 3663
f 3665 3792 3791
f 3665 3791 3664
f 3666 3793 3792
f 3666 3792 3665
f 3667 3794 3793
f 3667 3795 3794
f 3667 3793 3666
f 3668 3795 3667
f 3669 3796 3795
f 3669 3797 3796
f 3669 3795 3668
f 3670 3797 3669
f 3671 3798 3797
f 3671 3797 3670
f 3672 3799 3798
f 3672 3798 3671
f 3673 3800 3799
f 3673 3799 3672
f 3674 3801 3800
f 3674 3802 3801
f 3674 3800 3673
f 3675 3802 3674
f 3676 3802 3675
f 3676 3803 3802
f 3677 3803 3676
f 3677 3804 3803
f 3678 3804 3677
f 3678 3805 3804
f 3679 3806 3805
f 3679 3807 3806
f 3679 3805 3678
f 3680 3807 3679
f 3681 3808 3807
f 3681 3807 3680
f 3682 3809 3808
f 3682 3810 3809
f 3682 3808 3681
f 3683 3811 3810
f 3683 3810 3682
f 3684 3812 3811
f 3684 3811 3683
f 3685 3813 3812
f 3685 3812 3684
f 3686 3813 3685
f 3687 3814 3813
f 3687 3815 3814
f 3687 3813 3686
f 3688 3815 3687
f 3689 3816 3815
f 3689 3815 3688
f 3690 3817 3816
f 3690 3816 3689
f 3691 3818 3817
f 3691 3817 3690
f 3692 3819 3818
f 3692 3818 3691
f 3693 3820 3819
f 3693 3819 3692
f 3694 3821 3820
f 3694 3820 3693
f 3695 3822 3821
f 3695 3821 3694
f 3696 3823 3822
f 3696 3822 3695
f 3697 3824 3823
f 3697 3823 3696
f 3698 3825 3824
f 3698 3824 3697
f 3699 3825 3698
f 3699 3826 3825
f 3699 3827 3826
f 3700 3827 3699
f 3701 3827 3700
f 3701 3828 3827
f 3702 3828 3701
f 3702 3829 3828
f 3702 3830 3829
f 3703 3830 3702
f 3704 3830 3703
f 3704 3831 3830
f 3705 3831 3704
f 3705 3832 3831
f 3706 3832 3705
f 3706 3833 3832
f 3707 3833 3706
f 3707 3834 3833
f 3708 3834 3707
f 3708 3835 3834
f 3708 3836 3835
f 3709 3836 3708
f 3710 3836 3709
f 3710 3837 3836
f 3710 3838 3837
f 3711 3838 3710
f 3712 3839 3838
f 3712 3840 3839
f 3712 3838 3711
f 3713 3840 3712
f 3842 3968 3841
f 3842 3969 3968
f 3843 3970 3969
f 3843 3969 3842
f 3844 3971 3970
f 3844 3970 3843
f 3845 3972 3971
f 3845 3971 3844
f 3846 3973 3972
f 3846 3974 3973
f 3846 3972 3845
f 3847 3974 3846
f 3848 3975 3974
f 3848 3976 3975
f 3848 3974 3847
f 3849 3976 3848
f 3850 3977 3976
f 3850 3976 3849
f 3851 3978 3977
f 3851 3977 3850
f 3852 3978 3851
f 3852 3979 3978
f 3853 3979 3852
f 3853 3980 3979
f 3853 3981 3980
f 3854 3981 3853
f 3855 3981 3854
f 3855 3982 3981
f 3855 3983 3982
f 3856 3983 3855
f 3856 3984 3983
f 3857 3984 3856
f 3858 3984 3857
f 3858 3985 3984
f 3859 3985 3858
f 3859 3986 3985
f 3860 3986 3859
f 3860 3987 3986
f 3860 3988 3987
f 3861 3988 3860
f 3862 3988 3861
f 3862 3989 3988
f 3863 3989 3862
f 3863 3990 3989
f 3864 3991 3990
f 3864 3990 3863
f 3865 3992 3991
f 3865 3991 3864
f 3865 3993 3992
f 3866 3994 3993
f 3866 3993 3865
f 3867 3995 3994
f 3867 3994 3866
f 3868 3996 3995
f 3868 3995 3867
f 3869 3997 3996
f 3869 3996 3868
f 3870 3997 3869
f 3871 3998 3997
f 3871 3997 3870
f 3872 3999 3998
f 3872 3998 3871
f 3873 4000 3999
f 3873 3999 3872
f 3874 4001 4000
f 3874 4000 3873
f 3875 4002 4001
f 3875 4003 4002
f 3875 4001 3874
f 3876 4003 3875
f 3877 4003 3876
f 3877 4004 4003
f 3878 4004 3877
f 3878 4005 4004
f 3878 4006 4005
f 3879 4006 3878
f 3879 4007 4006
f 3880 4007 3879
f 3881 4007 3880
f 3881 4008 4007
f 3882 4008 3881
f 3882 4009 4008
f 3882 4010 4009
f 3883 4010 3882
f 3883 4011 4010
f 3884 4011 3883
f 3884 4012 4011
f 3885 4012 3884
f 3886 4012 3885
f 3886 4013 4012
f 3887 4013 3886
f 3887 4014 4013
f 3888 4014 3887
f 3888 4015 4014
f 3889 4015 3888
f 3889 4016 4015
f 3890 4016 3889
f 3890 4017 4016
f 3891 4017 3890
f 3891 4018 4017
f 3892 4018 3891
f 3892 4019 4018
f 3892 4020 4019
f 3893 4020 3892
f 3894 4020 3893
f 3894 4021 4020
f 3895 4021 3894
f 3895 4022 4021
f 3895 4023 4022
f 3896 4023 3895
f 3897 4023 3896
f 3897 4024 4023
f 3898 4024 3897
f 3898 4025 4024
f 3899 4026 4025
f 3899 4025 3898
f 3899 4027 4026
f 3900 4027 3899
f 3901 4028 4027
f 3901 4027 3900
f 3902 4029 4028
f 3902 4030 4029
f 3902 4028 3901
f 3903 4030 3902
f 3904 4030 3903
f 3904 4031 4030
f 3905 4031 3904
f 3905 4032 4031
f 3905 4033 4032
f 3906 4033 3905
f 3907 4033 3906
f 3907 4034 4033
f 3908 4034 3907
f 3908 4035 4034
f 3908 4036 4035
f 3909 4036 3908
f 3910 4036 3909
f 3910 4037 4036
f 3911 4037 3910
f 3911 4038 4037
f 3912 4038 3911
f 3912 4039 4038
f 3913 4039 3912
f 3913 4040 4039
f 3913 4041 4040
f 3914 4041 3913
f 3915 4043 4042
f 3915 4041 3914
f 3915 4042 4041
f 3916 4043 3915
f 3917 4044 4043
f 3917 4045 4044
f 3917 4043 3916
f 3918 4045 3917
f 3919 4046 4045
f 3919 4045 3918
f 3920 4047 4046
f 3920 4046 3919
f 3921 4048 4047
f 3921 4047 3920
f 3922 4049 4048
f 3922 4050 4049
f 3922 4048 3921
f 3923 4050 3922
f 3924 4051 4050
f 3924 4052 4051
f 3924 4050 3923
f 3925 4052 3924
f 3926 4053 4052
f 3926 4052 3925
f 3927 4054 4053
f 3927 4055 4054
f 3927 4053 3926
f 3928 4055 3927
f 3928 4056 4055
f 3929 4056 3928
f 3930 4056 3929
f 3930 4057 4056
f 3931 4057 3930
f 3931 4058 4057
f 3931 4059 4058
f 3932 4059 3931
f 3933 4060 4059
f 3933 4061 4060
f 3933 4059 3932
f 3934 4061 3933
f 3935 4062 4061
f 3935 4061 3934
f 3936 4063 4062
f 3936 4064 4063
f 3936 4062 3935
f 3937 4064 3936
f 3938 4065 4064
f 3938 4066 4065
f 3938 4064 3937
f 3939 4066 3938
f 3940 4067 4066
f 3940 4066 3939
f 3941 4068 4067
f 3941 4067 3940
f 3942 4069 4068
f 3942 4068 3941
f 3943 4070 4069
f 3943 4069 3942
f 3944 4071 4070
f 3944 4070 3943
f 3945 4072 4071
f 3945 4073 4072
f 3945 4071 3944
f 3946 4073 3945
f 3947 4074 4073
f 3947 4073 3946
f 3948 4075 4074
f 3948 4074 3947
f 3949 4076 4075
f 3949 4077 4076
f 3949 4075 3948
f 3950 4077 3949
f 3951 4078 4077
f 3951 4077 3950
f 3952 4079 4078
f 3952 4078 3951
f 3953 4079 3952
f 3953 4080 4079
f 3954 4080 3953
f 3954 4081 4080
f 3955 4081 3954
f 3955 4082 4081
f 3956 4082 3955
f 3956 4083 4082
f 3957 4083 3956
f 3957 4084 4083
f 3957 4085 4084
f 3958 4085 3957
f 3959 4085 3958
f 3959 4086 4085
f 3960 4086 3959
f 3960 4087 4086
f 3961 4087 3960
f 3961 4088 4087
f 3962 4088 3961
f 3962 4089 4088
f 3963 4089 3962
f 3963 4090 4089
f 3964 4090 3963
f 3964 4091 4090
f 3965 4092 4091
f 3965 4091 3964
f 3966 4092 3965
f 3966 4093 4092
f 3966 4094 4093
f 3967 4094 3966
